video_id,label,num_frames,positive_frames,baseline_classifier_mean,baseline_classifier_max,baseline_classifier_positive_mean,baseline_classifier_negative_mean,baseline_classifier_auc,baseline_classifier_ap,baseline_alignment_mean,baseline_alignment_max,baseline_alignment_positive_mean,baseline_alignment_negative_mean,baseline_alignment_auc,baseline_alignment_ap,manual_classifier_mean,delta_classifier_mean,manual_classifier_max,delta_classifier_max,manual_classifier_positive_mean,delta_classifier_positive_mean,manual_classifier_negative_mean,delta_classifier_negative_mean,manual_classifier_auc,delta_classifier_auc,manual_classifier_ap,delta_classifier_ap,manual_alignment_mean,delta_alignment_mean,manual_alignment_max,delta_alignment_max,manual_alignment_positive_mean,delta_alignment_positive_mean,manual_alignment_negative_mean,delta_alignment_negative_mean,manual_alignment_auc,delta_alignment_auc,manual_alignment_ap,delta_alignment_ap
Abuse028_x264,Abuse,1408,75,0.8617116808891296,0.9985138773918152,0.9662609100341797,0.8558292984962463,51.73643410852713,6.367688064496575,0.9958226680755615,0.9996578693389893,0.9981895089149475,0.9956895112991333,49.59189797449362,6.150696596618814,0.9235696196556091,0.06185793876647949,0.9999598264694214,0.0014459490776062012,0.9913815259933472,0.02512061595916748,0.9197542667388916,0.06392496824264526,45.91097774443611,-5.825456364091018,5.691424380959265,-0.6762636835373108,0.9781705737113953,-0.01765209436416626,0.999001145362854,-0.0006567239761352539,0.9951888918876648,-0.003000617027282715,0.9772128462791443,-0.018476665019989014,41.8139534883721,-7.77794448612152,5.314258513317206,-0.8364380833016076
Abuse030_x264,Abuse,1536,85,0.9929139614105225,0.9998125433921814,0.999457597732544,0.9925305843353271,69.11541735922488,9.577626597772973,0.9960942268371582,0.9987035393714905,0.9976728558540344,0.9960017800331116,49.40973770624721,6.223381187835201,0.9503787159919739,-0.042535245418548584,0.9989774227142334,-0.000835120677947998,0.9957908987998962,-0.003666698932647705,0.9477183818817139,-0.04481220245361328,57.0507155308712,-12.064701828353677,7.24302573730593,-2.3346008604670425,0.9927113056182861,-0.0033829212188720703,0.9983451962471008,-0.00035834312438964844,0.9975743889808655,-9.846687316894531e-05,0.9924263954162598,-0.0035753846168518066,54.43021040256212,5.020472696314904,6.889787959392149,0.6664067715569484
Arrest001_x264,Arrest,2368,300,0.4518764019012451,0.9980471134185791,0.9698720574378967,0.3767319321632385,98.38426821405545,90.03403346653347,0.6530710458755493,0.9905329346656799,0.9810068607330322,0.6054981350898743,99.59896840747905,97.37133478437828,0.3014443814754486,-0.1504320204257965,0.9990610480308533,0.00101393461227417,0.9943709373474121,0.02449887990951538,0.2009231150150299,-0.17580881714820862,99.9084461637653,1.524177949709852,99.34593622536734,9.311902758833867,0.6679930686950684,0.014922022819519043,0.9898295402526855,-0.0007033944129943848,0.9814253449440002,0.0004184842109680176,0.6225241422653198,0.017026007175445557,99.55770470664088,-0.04126370083817221,97.20142737697086,-0.16990740740742183
Arrest007_x264,Arrest,3136,630,0.7880198955535889,0.9999284744262695,0.9957724809646606,0.7357915639877319,99.70622886025919,99.15736607142858,0.9165781736373901,0.9999218583106995,0.9993320107460022,0.895774245262146,99.90891701186993,99.6533658140801,0.7480507493019104,-0.03996914625167847,0.9993738532066345,-0.0005546212196350098,0.9929652810096741,-0.0028071999549865723,0.6864800453186035,-0.04931151866912842,99.31098696461825,-0.39524189564093604,97.9613937690422,-1.1959723023863802,0.8978279829025269,-0.01875019073486328,0.99759441614151,-0.002327442169189453,0.9913537502288818,-0.007978260517120361,0.8743159174919128,-0.021458327770233154,93.81205741141895,-6.096859600450983,79.25753246302656,-20.39583335105354
Arrest024_x264,Arrest,3616,2100,0.9995573163032532,0.9999921321868896,0.9998852610588074,0.9991028904914856,51.493152406081165,55.06442484182102,0.9997256398200989,0.9999205470085144,0.9997170567512512,0.9997373223304749,39.684633747958294,48.4604455660679,0.9995715618133545,1.424551010131836e-05,0.9999932050704956,1.0728836059570312e-06,0.9998778104782104,-7.450580596923828e-06,0.9991471767425537,4.4286251068115234e-05,47.13330820454831,-4.359844201532859,58.13849242673709,3.0740675849160652,0.9995346069335938,-0.00019103288650512695,0.9997642636299133,-0.00015628337860107422,0.999580979347229,-0.0001360774040222168,0.9994704723358154,-0.00026684999465942383,62.164342254052016,22.479708506093722,59.82166549143935,11.36121992537145
Arrest030_x264,Arrest,8640,1665,0.9869815111160278,0.9999940395355225,0.9999823570251465,0.9838781356811523,94.27715457392877,78.17053623625138,0.9984167218208313,0.9999738335609436,0.9999187588691711,0.9980581998825073,80.21709020848806,34.57953957658516,0.9761146903038025,-0.010866820812225342,0.9999978542327881,3.814697265625e-06,0.9999781250953674,-4.231929779052734e-06,0.9704183340072632,-0.01345980167388916,77.05576974824287,-17.221384825685902,32.28265837330299,-45.887877862948386,0.9949710369110107,-0.0034456849098205566,0.9996309280395508,-0.00034290552139282227,0.9992793202400208,-0.0006394386291503906,0.9939426779747009,-0.0041155219078063965,74.6143089325885,-5.602781275899559,28.813115747884865,-5.766423828700297
Arrest039_x264,Arrest,15824,3120,0.31562724709510803,0.9983789920806885,0.42451947927474976,0.28888413310050964,59.54397565071369,23.391684099129716,0.3831726312637329,0.9992027878761292,0.4598191976547241,0.364348828792572,60.59185881289155,22.01382464863371,0.22896473109722137,-0.08666251599788666,0.9858659505844116,-0.012513041496276855,0.31909358501434326,-0.1054258942604065,0.20682983100414276,-0.08205430209636688,65.13930601304656,5.595330362332874,25.48335664298792,2.0916725438582056,0.3267498016357422,-0.05642282962799072,0.9855181574821472,-0.013684630393981934,0.3456953465938568,-0.11412385106086731,0.32209694385528564,-0.04225188493728638,58.59664632177227,-1.9952124911192826,21.51671704906115,-0.497107599572562
Arson007_x264,Arson,6240,3450,0.957899808883667,0.9958055019378662,0.947363555431366,0.9709285497665405,40.183242428964725,47.75016439106431,0.9967396259307861,0.9988159537315369,0.9957154393196106,0.9980061054229736,20.153114123941616,44.81253779436939,0.9800450801849365,0.02214527130126953,0.999579131603241,0.003773629665374756,0.9714367985725403,0.024073243141174316,0.9906899333000183,0.019761383533477783,39.01368240610877,-1.1695600228559542,52.52225999461964,4.772095603555329,0.9941961765289307,-0.0025434494018554688,0.9992831349372864,0.0004671812057495117,0.9913478493690491,-0.0043675899505615234,0.9977182149887085,-0.0002878904342651367,40.35245961248767,20.199345488546054,58.82869644161326,14.01615864724387
Arson009_x264,Arson,736,95,0.9960964918136597,0.9998841285705566,0.9980766177177429,0.9958029389381409,36.82322029723294,11.619719789387476,0.9986822605133057,0.9999508857727051,0.9986799359321594,0.9986826777458191,34.32712045323918,11.23853200278029,0.9981649518013,0.002068459987640381,0.9999582767486572,7.414817810058594e-05,0.9994625449180603,0.0013859272003173828,0.9979726076126099,0.002169668674468994,45.62525658921094,8.802036291977998,13.067762075199147,1.4480422858116704,0.9993095397949219,0.0006272792816162109,0.9996731281280518,-0.0002777576446533203,0.9994217753410339,0.0007418394088745117,0.9992930293083191,0.0006103515625,46.04565235240989,11.718531899170706,13.1633086339036,1.9247766311233097
Arson010_x264,Arson,3152,345,0.7839153409004211,0.9961961507797241,0.9833076596260071,0.7594085931777954,80.42662494901462,25.722674832918095,0.9570447206497192,0.9945799112319946,0.9928075671195984,0.9526492357254028,82.84542267519606,25.613980936556967,0.8194921016693115,0.03557676076889038,0.9996090531349182,0.003412902355194092,0.9946064352989197,0.011298775672912598,0.7979693412780762,0.03856074810028076,80.76036616533202,0.3337412163173923,23.433036442510712,-2.289638390407383,0.9741809964179993,0.01713627576828003,0.9987202286720276,0.004140317440032959,0.9972513914108276,0.004443824291229248,0.9713454246520996,0.018696188926696777,86.10518217912777,3.259759503931704,28.612926949174255,2.9989460126172887
Arson011_x264,Arson,1264,854,0.9950112700462341,0.9997077584266663,0.9945997595787048,0.9958685040473938,62.822299651567945,84.5060374622714,0.9993823170661926,0.9997981786727905,0.9996566772460938,0.9988109469413757,98.08133889301422,99.00797730551056,0.9909850358963013,-0.004026234149932861,0.9984201192855835,-0.0012876391410827637,0.9905588030815125,-0.004040956497192383,0.9918727874755859,-0.003995716571807861,53.07077169132346,-9.751527960244488,78.75446571935564,-5.751571742915758,0.9958974123001099,-0.0034849047660827637,0.9986371994018555,-0.0011609792709350586,0.9955098628997803,-0.0041468143463134766,0.9967045187950134,-0.0021064281463623047,45.39384246301479,-52.68749642999943,69.45471501510224,-29.553262290408327
Arson016_x264,Arson,1792,792,0.785133957862854,0.9999029636383057,0.9992296695709229,0.615570068359375,99.99595959595959,99.98989898989899,0.9622316360473633,0.9996755719184875,0.9994420409202576,0.9327608346939087,99.99595959595959,99.98989898989899,0.7843389511108398,-0.0007950067520141602,0.9996432065963745,-0.00025975704193115234,0.9963094592094421,-0.002920210361480713,0.6164583563804626,0.0008882880210876465,99.99595959595959,0.0,99.98989898989899,0.0,0.9333561658859253,-0.02887547016143799,0.9979365468025208,-0.0017390251159667969,0.996344804763794,-0.003097236156463623,0.8834691047668457,-0.04929172992706299,99.99595959595959,0.0,99.98989898989899,0.0
Arson018_x264,Arson,832,330,0.9982958436012268,0.9998984336853027,0.9993827939033508,0.9975813627243042,60.67246166847761,42.24004651313983,0.9996012449264526,0.9998027682304382,0.999603271484375,0.9995996356010437,49.816491609320295,38.86924183618679,0.998653769493103,0.0003579258918762207,0.9998376369476318,-6.079673767089844e-05,0.9995030164718628,0.00012022256851196289,0.9980954527854919,0.0005140900611877441,70.1569479657129,9.484486297235293,48.513802860567054,6.2737563474272235,0.9991798400878906,-0.0004214048385620117,0.9995730519294739,-0.00022971630096435547,0.9992491006851196,-0.0003541707992553711,0.999134361743927,-0.0004652738571166992,64.32331280936859,14.506821200048293,59.38465899480406,20.515417158617275
Arson022_x264,Arson,8640,500,0.17088857293128967,0.9978341460227966,0.20723113417625427,0.16865621507167816,75.24855036855037,10.451115560881139,0.19434614479541779,0.9996037483215332,0.1678755283355713,0.19597209990024567,73.00147420147421,9.68167696248114,0.17104965448379517,0.00016108155250549316,0.9989905953407288,0.001156449317932129,0.13624678552150726,-0.07098434865474701,0.17318743467330933,0.0045312196016311646,73.72953316953317,-1.519017199017199,10.275049819678655,-0.17606574120248375,0.3379919230937958,0.143645778298378,0.9969562292098999,-0.0026475191116333008,0.45508912205696106,0.28721359372138977,0.3307992219924927,0.134827122092247,76.15901719901719,3.1575429975429756,10.765358950883956,1.083681988402816
Arson035_x264,Arson,1424,300,0.7763559818267822,0.9992513060569763,0.9986855983734131,0.717015266418457,88.60498220640571,70.8615977989792,0.9473569989204407,0.9996225833892822,0.9994032979011536,0.9334656000137329,99.67022538552787,98.72760270774977,0.8025593161582947,0.02620333433151245,0.9995922446250916,0.0003409385681152344,0.9992711544036865,0.0005855560302734375,0.7500561475753784,0.03304088115692139,82.3606168446026,-6.244365361803105,40.13267702139161,-30.728920777587597,0.9614986181259155,0.014141619205474854,0.9988628029823303,-0.0007597804069519043,0.9987385272979736,-0.0006647706031799316,0.9515591263771057,0.018093526363372803,99.34756820877817,-0.3226571767497006,97.52876421823791,-1.1988384895118571
Arson041_x264,Arson,3744,1485,0.9899712204933167,0.9999760389328003,0.9986900091171265,0.9842398166656494,87.8709330280822,86.85469927528348,0.9993581771850586,0.9999215006828308,0.9996099472045898,0.9991926550865173,73.5513166190457,73.44281433032872,0.9987530708312988,0.008781850337982178,0.9999934434890747,1.7404556274414062e-05,0.9996480345726013,0.0009580254554748535,0.9981648921966553,0.01392507553100586,83.27547274426425,-4.595460283817957,82.38103802153485,-4.473661253748631,0.9987139105796814,-0.0006442666053771973,0.9996967315673828,-0.00022476911544799805,0.9992133378982544,-0.0003966093063354492,0.9983856081962585,-0.0008070468902587891,82.11599542719506,8.564678808149353,81.0894351277509,7.646620797422187
Assault006_x264,Assault,8096,6911,0.9767820239067078,0.9999532699584961,0.9811534881591797,0.9512874484062195,73.03534938186355,94.0607107569676,0.9967076778411865,0.9996147155761719,0.9974859356880188,0.9921685457229614,87.21578819798681,97.46402989205164,0.9377462863922119,-0.03903573751449585,0.9999397993087769,-1.3470649719238281e-05,0.953330934047699,-0.027822554111480713,0.8468555212020874,-0.10443192720413208,84.78790920363609,11.752559821772536,97.17619257242012,3.115481815452526,0.9878377318382263,-0.008869946002960205,0.9992552995681763,-0.00035941600799560547,0.9881950616836548,-0.009290874004364014,0.9857532978057861,-0.006415247917175293,64.00118565950325,-23.21460253848356,91.89801789242264,-5.566011999628998
Assault010_x264,Assault,16176,1020,0.8710532188415527,0.9990785121917725,0.9871956706047058,0.8632367849349976,93.37136913356,69.34718317514547,0.9958997964859009,0.9995843172073364,0.9991496801376343,0.9956810474395752,95.35978762051138,49.42276837812105,0.8756403923034668,0.0045871734619140625,0.9987810254096985,-0.0002974867820739746,0.9854638576507568,-0.0017318129539489746,0.8682492971420288,0.00501251220703125,93.09192243801718,-0.2794466955428163,50.588166430403426,-18.75901674474205,0.9672516584396362,-0.02864813804626465,0.9957699775695801,-0.0038143396377563477,0.9908432960510254,-0.008306384086608887,0.9656639695167542,-0.030017077922821045,97.26602807921796,1.906240458706577,59.536530521078134,10.113762142957086
Assault011_x264,Assault,2288,585,0.18547077476978302,0.5335298180580139,0.31966912746429443,0.1393720805644989,80.01801747544555,58.97961147964191,0.036148592829704285,0.08189702033996582,0.05701175332069397,0.028981857001781464,82.69042564403692,50.84262171518127,0.5223242044448853,0.33685342967510223,0.949263334274292,0.4157335162162781,0.7693430185317993,0.4496738910675049,0.43747034668922424,0.29809826612472534,71.10463686505965,-8.9133806103859,36.48386928354007,-22.495742196101837,0.772235095500946,0.7360865026712418,0.9486872553825378,0.866790235042572,0.9254547953605652,0.8684430420398712,0.7196024060249329,0.6906205490231514,86.23811172842294,3.547686084386015,63.32850136461309,12.485879649431823
Burglary005_x264,Burglary,7728,330,0.9756871461868286,0.9999713897705078,0.9997075796127319,0.9746156930923462,75.0223238057788,8.006216790864459,0.992919921875,0.9983745813369751,0.9978688359260559,0.9926992058753967,93.25755527702,27.219298278077485,0.8825899958610535,-0.09309715032577515,0.9998902082443237,-8.118152618408203e-05,0.9996134638786316,-9.41157341003418e-05,0.8773698806762695,-0.09724581241607666,91.87470815208042,16.85238434630162,20.46704296311533,12.46082617225087,0.9869269728660583,-0.00599294900894165,0.9987139105796814,0.00033932924270629883,0.9980921745300293,0.00022333860397338867,0.98642897605896,-0.006270229816436768,89.6477344409218,-3.6098208360982085,16.830943760564512,-10.388354517512973
Burglary017_x264,Burglary,2112,450,0.7980459332466125,0.991346538066864,0.8951343894004822,0.771758496761322,73.40205909881,31.78731746598257,0.9940235018730164,0.9982763528823853,0.9960899353027344,0.993463933467865,85.80157775103623,52.07764934905914,0.8784754276275635,0.08042949438095093,0.9993836879730225,0.008037149906158447,0.920086681842804,0.024952292442321777,0.8672089576721191,0.09545046091079712,64.02326514239871,-9.378793956411286,26.596008391290038,-5.191309074692533,0.9739730358123779,-0.020050466060638428,0.9994910955429077,0.001214742660522461,0.977161705493927,-0.018928229808807373,0.9731097221374512,-0.02035421133041382,53.13410883807996,-32.667468912956274,20.973057949352096,-31.104591399707047
Burglary018_x264,Burglary,1120,330,0.9775689244270325,0.9986891150474548,0.99517822265625,0.9702132940292358,57.86191024165708,31.479371430385296,0.9956235885620117,0.9968234896659851,0.9961881041526794,0.9953876733779907,48.680475642500966,27.689003435399574,0.9928438663482666,0.01527494192123413,0.9997400641441345,0.0010509490966796875,0.9991719722747803,0.0039937496185302734,0.990200400352478,0.019987106323242188,44.99808208668968,-12.8638281549674,26.166310154160687,-5.313061276224609,0.9981444478034973,0.0025208592414855957,0.9990026354789734,0.0021791458129882812,0.9986951351165771,0.002507030963897705,0.9979143738746643,0.002526700496673584,55.06329113924051,6.382815496739546,30.15624465746793,2.467241222068356
Burglary021_x264,Burglary,1536,640,0.9900563359260559,0.9975433945655823,0.9905263781547546,0.9897207021713257,23.69419642857143,29.291380330247502,0.9954221844673157,0.9986902475357056,0.9941042065620422,0.9963637590408325,23.482142857142858,29.84153722856754,0.9757049679756165,-0.014351367950439453,0.9977523684501648,0.00020897388458251953,0.9687298536300659,-0.02179652452468872,0.9806872606277466,-0.009033441543579102,45.223214285714285,21.529017857142854,38.232351344069,8.9409710138215,0.9978229999542236,0.002400815486907959,0.9990352988243103,0.00034505128860473633,0.9980438351631165,0.003939628601074219,0.9976654052734375,0.0013016462326049805,56.104910714285715,32.62276785714286,47.01948899089354,17.177951762326003
Burglary024_x264,Burglary,3600,1170,0.8551924228668213,0.9362043142318726,0.8117175102233887,0.8761248588562012,22.45147901938025,22.387743444992562,0.9900637865066528,0.9948983192443848,0.985953688621521,0.9920427203178406,2.444022369948295,18.8487199808797,0.2897312045097351,-0.5654612183570862,0.7536394000053406,-0.18256491422653198,0.5097968578338623,-0.30192065238952637,0.18377362191677094,-0.6923512369394302,97.18680313742041,74.73532411804015,87.92011293884559,65.53236949385303,0.8693521022796631,-0.12071168422698975,0.9221819639205933,-0.0727163553237915,0.9047042727470398,-0.0812494158744812,0.8523306846618652,-0.13971203565597534,96.88065843621399,94.43663606626569,89.73127960253126,70.88255962165155
Burglary032_x264,Burglary,15792,2400,0.9388415217399597,0.9983882904052734,0.9795198440551758,0.9315515160560608,76.31700517722024,30.64313891182166,0.9984009861946106,0.9996887445449829,0.9989928007125854,0.9982949495315552,75.47361608920748,27.929841785555613,0.9928615689277649,0.054020047187805176,0.999954342842102,0.0015660524368286133,0.9974564909934998,0.017936646938323975,0.9920380711555481,0.060486555099487305,80.32118677817603,4.004181600955789,34.59192826970139,3.9487893578797326,0.9955858588218689,-0.0028151273727416992,0.9996397495269775,-4.8995018005371094e-05,0.9969486594200134,-0.0020441412925720215,0.9953416585922241,-0.0029532909393310547,78.06979291119077,2.596176821983292,29.56982627410846,1.639984488552848
Burglary033_x264,Burglary,1248,270,0.9137561321258545,0.9999761581420898,0.9999242424964905,0.8899674415588379,99.93410588502613,99.70315904139431,0.9904362559318542,0.9995739459991455,0.9992727637290955,0.9879968166351318,93.86275846398546,64.75922455024622,0.9784346222877502,0.06467849016189575,0.9999138116836548,-6.23464584350586e-05,0.9997496604919434,-0.00017458200454711914,0.972550094127655,0.08258265256881714,99.715973642354,-0.2181322426721266,98.85364145658264,-0.8495175848116787,0.990117609500885,-0.0003186464309692383,0.9991413950920105,-0.00043255090713500977,0.9988083243370056,-0.00046443939208984375,0.9877183437347412,-0.000278472900390625,93.88699537983791,0.024236915852455354,64.26098821867656,-0.4982363315696574
Burglary035_x264,Burglary,4048,1739,0.9998481273651123,0.9999809265136719,0.9998738169670105,0.9998289346694946,93.71782192889239,94.96973452237404,0.9994125962257385,0.999835729598999,0.9994889497756958,0.9993550181388855,72.2290903086679,52.261643240017804,0.9998759031295776,2.777576446533203e-05,0.9999713897705078,-9.5367431640625e-06,0.9998694062232971,-4.410743713378906e-06,0.9998809695243835,5.2034854888916016e-05,85.22322207946455,-8.494599849427843,74.22180476721313,-20.74792975516091,0.9992093443870544,-0.00020325183868408203,0.9996352195739746,-0.00020051002502441406,0.9992901086807251,-0.00019884109497070312,0.999148428440094,-0.0002065896987915039,70.85795239320298,-1.371137915464928,51.042832632266865,-1.2188106077509389
Burglary037_x264,Burglary,1920,1410,0.9947213530540466,0.9998849630355835,0.9990273118019104,0.982816755771637,96.40244750382423,98.65586217621929,0.9992823004722595,0.9997537136077881,0.9993818402290344,0.9990074038505554,84.55652899457655,93.67289336119022,0.9985210299491882,0.0037996768951416016,0.9999430179595947,5.805492401123047e-05,0.9997395873069763,0.000712275505065918,0.9951521158218384,0.012335360050201416,83.7688777638715,-12.633569739952733,93.58339857428209,-5.072463601937201,0.9989680051803589,-0.00031429529190063477,0.9995191693305969,-0.0002345442771911621,0.999178946018219,-0.0002028942108154297,0.9983848929405212,-0.0006225109100341797,73.20011125017383,-11.35641774440272,88.49955431721199,-5.173339043978231
Burglary061_x264,Burglary,8976,1500,0.8679232001304626,0.9945023059844971,0.9382994771003723,0.8538027405738831,87.18380595683968,80.5390952942049,0.9933741688728333,0.9973965883255005,0.995332658290863,0.9929812550544739,91.79461387551274,76.61520342424704,0.958478569984436,0.09055536985397339,0.997948944568634,0.003446638584136963,0.984828770160675,0.046529293060302734,0.9531916975975037,0.0993889570236206,97.97545924736934,10.791653290529666,93.06660554222775,12.52751024802285,0.9841866493225098,-0.009187519550323486,0.9969139695167542,-0.0004826188087463379,0.9928429126739502,-0.002489745616912842,0.9824498295783997,-0.010531425476074219,92.62842874977706,0.8338148742643199,84.41427107216636,7.7990676479193155
Burglary076_x264,Burglary,12912,2710,0.6242148876190186,0.9609841108322144,0.6466238498687744,0.6182623505592346,49.871525082629766,18.930912727458452,0.9780318737030029,0.997644305229187,0.9904029965400696,0.9747456908226013,50.715292783196396,19.107860101957638,0.4885459542274475,-0.13566893339157104,0.9038514494895935,-0.05713266134262085,0.6069471836090088,-0.039676666259765625,0.45709460973739624,-0.16116774082183838,75.90447860957731,26.032953526947544,35.20399209796643,16.273079370507975,0.6906124949455261,-0.2874193787574768,0.9339105486869812,-0.06373375654220581,0.796992838382721,-0.19341015815734863,0.6623542308807373,-0.312391459941864,58.90389048960084,8.188597706404444,22.08378508301691,2.975924981059272
Burglary079_x264,Burglary,14848,2960,0.639452338218689,0.9997780919075012,0.9967595338821411,0.5504862070083618,99.85313375286458,99.32603461570008,0.9383410811424255,0.9984244108200073,0.9970770478248596,0.9237163066864014,99.47137244916519,96.71061772012675,0.5378856062889099,-0.10156673192977905,0.9984908103942871,-0.0012872815132141113,0.9829810857772827,-0.013778448104858398,0.4270610213279724,-0.1234251856803894,99.70435778982211,-0.14877596304246765,98.522818743177,-0.8032158725230829,0.94246906042099,0.004127979278564453,0.999251127243042,0.000826716423034668,0.9980580806732178,0.0009810328483581543,0.9286279082298279,0.004911601543426514,99.6557964424721,0.18442399330690762,98.11297228764637,1.4023545675196232
Burglary092_x264,Burglary,624,180,0.9702184796333313,0.9935245513916016,0.9690423607826233,0.9706951379776001,43.593593593593596,26.12467102141015,0.9919595718383789,0.9981125593185425,0.9892746806144714,0.9930481910705566,16.046046046046044,19.345980227337723,0.9717541933059692,0.0015357136726379395,0.9971880316734314,0.003663480281829834,0.9685094356536865,-0.0005329251289367676,0.9730696678161621,0.0023745298385620117,36.786786786786784,-6.8068068068068115,23.851748184323597,-2.272922837086554,0.9955968856811523,0.0036373138427734375,0.9984050989151001,0.0002925395965576172,0.99456787109375,0.0052931904792785645,0.9960139989852905,0.0029658079147338867,23.813813813813812,7.767767767767769,20.913401410011918,1.5674211826741953
Explosion002_x264,Explosion,4000,600,0.8620659112930298,0.9966289401054382,0.9303942918777466,0.8500080704689026,55.681568627450986,48.19821437488159,0.9225325584411621,0.9951122403144836,0.9870256781578064,0.9111514687538147,59.160784313725486,48.51015656525753,0.5965420007705688,-0.26552391052246094,0.989639401435852,-0.006989538669586182,0.6407069563865662,-0.2896873354911804,0.5887482762336731,-0.2612597942352295,56.63529411764705,0.9537254901960637,32.55140691394401,-15.64680746093758,0.8979401588439941,-0.02459239959716797,0.9919832348823547,-0.0031290054321289062,0.9781087040901184,-0.008916974067687988,0.8837928175926208,-0.027358651161193848,70.06588235294117,10.905098039215687,65.13548768861945,16.625331123361917
Explosion004_x264,Explosion,1888,150,0.9966143369674683,0.9999854564666748,0.9922956228256226,0.9969871640205383,16.29996164173379,5.266242163998933,0.9990835785865784,0.999813437461853,0.9995081424713135,0.9990469217300415,74.8500191791331,15.208272820624794,0.9984914660453796,0.001877129077911377,0.999988317489624,2.86102294921875e-06,0.9950881004333496,0.0027924776077270508,0.9987851977348328,0.0017980337142944336,10.101265822784809,-6.198695818948982,4.791716713878281,-0.4745254501206517,0.9992530345916748,0.00016945600509643555,0.9996715188026428,-0.00014191865921020508,0.9988869428634644,-0.0006211996078491211,0.999284565448761,0.00023764371871948242,20.872266973532795,-53.977752205600304,5.347767480082298,-9.860505340542495
Explosion007_x264,Explosion,16288,690,0.9774187207221985,0.9999226331710815,0.9927476048469543,0.9767406582832336,56.64983061745188,4.525786014732006,0.9960662126541138,0.9999722242355347,0.9994826912879944,0.9959150552749634,64.3820742532952,5.737626892805835,0.9890034794807434,0.011584758758544922,0.9999632835388184,4.0650367736816406e-05,0.9703948497772217,-0.022352755069732666,0.9898266792297363,0.013086020946502686,33.78372552408243,-22.866105093369455,3.072743476010653,-1.4530425387213528,0.9984613060951233,0.0023950934410095215,0.999733567237854,-0.00023865699768066406,0.9922792911529541,-0.007203400135040283,0.9987347722053528,0.0028197169303894043,11.595522279890956,-52.786551973404244,2.3107340876388025,-3.4268928051670327
Explosion008_x264,Explosion,1744,240,0.8950331211090088,0.9999692440032959,0.9955767393112183,0.8789888620376587,82.26507092198581,33.006703491357186,0.9899248480796814,0.9998602271080017,0.9992057681083679,0.988443911075592,69.3395390070922,20.15136958110005,0.6363476514816284,-0.25868546962738037,0.9996802806854248,-0.00028896331787109375,0.9847024083137512,-0.010874330997467041,0.5807591676712036,-0.2982296943664551,86.19680851063829,3.9317375886524815,43.18558551016982,10.178882018812637,0.9338060021400452,-0.05611884593963623,0.9968046545982361,-0.003055572509765625,0.9945991635322571,-0.00460660457611084,0.9241048693656921,-0.0643390417098999,89.97783687943262,20.638297872340416,73.01066350791146,52.85929392681141
Explosion010_x264,Explosion,2496,795,0.7032913565635681,0.9755982160568237,0.7785751819610596,0.6681057214736938,47.02135998432295,28.147962241911983,0.9427421689033508,0.9989928007125854,0.9923860430717468,0.9195398092269897,42.80926129283921,26.93747686989986,0.6293176412582397,-0.07397371530532837,0.9695064425468445,-0.006091773509979248,0.6201855540275574,-0.1583896279335022,0.6335857510566711,-0.034519970417022705,40.37665598112838,-6.644704003194569,26.01120524175623,-2.136757000155754,0.8286256194114685,-0.11411654949188232,0.9770296812057495,-0.021963119506835938,0.8890916109085083,-0.10329443216323853,0.8003654479980469,-0.11917436122894287,43.16184708218251,0.3525857893433013,27.01662108543553,0.07914421553567053
Explosion011_x264,Explosion,1568,150,0.12501445412635803,0.6799665689468384,0.08717291057109833,0.1290174424648285,66.5867418899859,13.802216723420882,0.1502983570098877,0.6938276290893555,0.12983325123786926,0.15246321260929108,69.77621062529384,14.940343851821854,0.10469875484704971,-0.02031569927930832,0.548659086227417,-0.1313074827194214,0.08037500083446503,-0.006797909736633301,0.10727179795503616,-0.021745644509792328,70.94969440526565,4.362952515279744,15.519872189716011,1.7176554662951293,0.2794210910797119,0.12912273406982422,0.8338179588317871,0.13999032974243164,0.31813734769821167,0.1883040964603424,0.27532559633255005,0.12286238372325897,68.38457921955806,-1.3916314057357795,14.45590713598111,-0.48443671584074366
Explosion013_x264,Explosion,3312,450,0.47090575098991394,0.9997779726982117,0.9469028115272522,0.3960634768009186,95.08673033620623,83.76465185475391,0.7144436836242676,0.9997950196266174,0.9878283739089966,0.6714587211608887,97.57139529466573,90.72079450320761,0.4945102334022522,0.023604482412338257,0.9999226331710815,0.00014466047286987305,0.874722421169281,-0.07218039035797119,0.4347284734249115,0.03866499662399292,89.0017858529389,-6.084944483267336,45.5497613451976,-38.214890509556305,0.9495400786399841,0.23509639501571655,0.9981096982955933,-0.00168532133102417,0.9868645668029785,-0.0009638071060180664,0.9436714053153992,0.2722126841545105,89.07881046665113,-8.4925848280146,49.45778983865392,-41.26300466455369
Explosion016_x264,Explosion,960,270,0.5266688466072083,0.9549422264099121,0.42185279726982117,0.5676839351654053,39.03274288781535,23.32750355269849,0.6205200552940369,0.9301756024360657,0.5782278776168823,0.6370692849159241,36.12989801395599,22.628724976016677,0.3040958344936371,-0.22257301211357117,0.5987475514411926,-0.3561946749687195,0.19475719332695007,-0.2270956039428711,0.3468805253505707,-0.2208034098148346,36.198604401502955,-2.8341384863123977,22.567591729152216,-0.7599118235462754,0.5862391591072083,-0.03428089618682861,0.8254159092903137,-0.10475969314575195,0.5813683867454529,0.0031405091285705566,0.5881451368331909,-0.048924148082733154,38.448738593666135,2.318840579710148,22.994073018181766,0.3653480421650883
Explosion017_x264,Explosion,1632,450,0.7852763533592224,0.9998602867126465,0.9979177117347717,0.7043216228485107,98.14438804286519,96.37931830099852,0.9634385108947754,0.9992538690567017,0.9978712201118469,0.9503295421600342,97.71122391426961,95.56106981023541,0.9798152446746826,0.1945388913154602,0.9999500513076782,8.976459503173828e-05,0.9997988939285278,0.0018811821937561035,0.9722071886062622,0.26788556575775146,98.721940214326,0.577552171460809,97.422549566452,1.0432312654534854,0.9953610301017761,0.03192251920700073,0.9993053674697876,5.14984130859375e-05,0.9989960193634033,0.0011247992515563965,0.9939772486686707,0.043647706508636475,87.74844895657078,-9.962774957698826,56.18079124748617,-39.38027856274924
Explosion020_x264,Explosion,1280,210,0.9505796432495117,0.9994738698005676,0.9955364465713501,0.9417563676834106,72.66488651535381,25.874869389516803,0.9978550672531128,0.9996650218963623,0.9992405772209167,0.9975832104682922,76.25367156208279,28.167871045690596,0.9952338337898254,0.04465419054031372,0.9998430013656616,0.00036913156509399414,0.9988169074058533,0.003280460834503174,0.9945305585861206,0.05277419090270996,77.1793502447708,4.514463729416988,57.423294084932294,31.54842469541549,0.9982597231864929,0.00040465593338012695,0.9993860721588135,-0.0002789497375488281,0.9992267489433289,-1.3828277587890625e-05,0.9980700612068176,0.0004868507385253906,85.52469959946596,9.271028037383175,42.19268949755023,14.02481845185963
Explosion021_x264,Explosion,768,135,0.9552720189094543,0.9999903440475464,0.9990637898445129,0.9459325671195984,31.73541630097712,14.06620191260714,0.993546724319458,0.9998800754547119,0.9995329976081848,0.9922700524330139,42.52003978702241,15.993608788761652,0.9140233993530273,-0.041248619556427,0.9999423027038574,-4.8041343688964844e-05,0.9948183298110962,-0.004245460033416748,0.8967921733856201,-0.04914039373397827,33.96348955590661,2.228073254929491,14.46140562424735,0.3952037116402103,0.988178014755249,-0.005368709564208984,0.9990083575248718,-0.0008717179298400879,0.998275637626648,-0.0012573599815368652,0.9860244989395142,-0.006245553493499756,61.07483470832602,18.55479492130361,22.153774694846533,6.160165906084881
Explosion022_x264,Explosion,3584,190,0.11346597969532013,0.99854576587677,0.9924660921096802,0.06425854563713074,99.98790435133206,99.65334008097166,0.24750439822673798,0.9951902031898499,0.9841138124465942,0.20626814663410187,99.9184319077009,98.53127136021872,0.09182053059339523,-0.021645449101924896,0.9940484762191772,-0.0044972896575927734,0.9772873520851135,-0.01517874002456665,0.042251087725162506,-0.02200745791196823,99.95316812951648,-0.034736221815578006,99.11881977671452,-0.5345203042571427,0.33903518319129944,0.09153078496456146,0.9947597980499268,-0.0004304051399230957,0.9898532032966614,0.005739390850067139,0.3026016354560852,0.09633348882198334,99.97797971652761,0.05954780882670718,99.51597744360903,0.9847060833903072
Explosion025_x264,Explosion,496,160,0.001150451134890318,0.009439682587981224,0.0009470013901591301,0.0012473318492993712,66.30952380952381,40.297428266178265,0.014958448708057404,0.025424182415008545,0.02144240215420723,0.011870852671563625,99.52380952380952,98.96474358974359,0.002604179782792926,0.001453728647902608,0.017822878435254097,0.008383195847272873,0.002138376235961914,0.001191374845802784,0.0028259907849133015,0.0015786589356139302,68.21428571428571,1.904761904761898,41.46955069139667,1.1721224252184044,0.09639818221330643,0.08143973350524902,0.1799938678741455,0.15456968545913696,0.15064454078674316,0.12920213863253593,0.07056659460067749,0.058695741929113865,99.64285714285714,0.1190476190476204,99.12500000000001,0.160256410256423
Explosion027_x264,Explosion,768,75,0.9326238632202148,0.9891167283058167,0.9210697412490845,0.933874249458313,23.87974987974988,7.411341815320241,0.9858519434928894,0.9917867183685303,0.9837878346443176,0.9860753417015076,26.003848003848002,7.831110418835752,0.961787223815918,0.029163360595703125,0.9960018992424011,0.006885170936584473,0.9848339557647705,0.06376421451568604,0.959293007850647,0.025418758392333984,60.204906204906194,36.325156325156314,13.1910702043055,5.7797283889852595,0.9835858941078186,-0.0022660493850708008,0.9951189756393433,0.0033322572708129883,0.9880042672157288,0.004216432571411133,0.9831076264381409,-0.0029677152633666992,30.590668590668592,4.58682058682059,8.152756550913878,0.32164613207812653
Explosion028_x264,Explosion,1696,420,0.8404602408409119,0.9988874793052673,0.9396986365318298,0.807795524597168,34.899238692342145,19.29539620200448,0.9424685835838318,0.9986956119537354,0.9776875972747803,0.9308761358261108,22.873563218390807,17.145166134662936,0.8580633997917175,0.017603158950805664,0.999164342880249,0.00027686357498168945,0.8468447923660278,-0.092853844165802,0.8617559671401978,0.053960442543029785,22.610837438423648,-12.288401253918497,17.159267873389105,-2.1361283286153743,0.9672724604606628,0.024803876876831055,0.9965696930885315,-0.0021259188652038574,0.9645739793777466,-0.013113617897033691,0.9681608080863953,0.037284672260284424,21.942080907598154,-0.9314823107926529,17.112525062166924,-0.03264107249601267
Explosion029_x264,Explosion,2400,190,0.9535583257675171,0.9955360889434814,0.9707807898521423,0.9520777463912964,64.87211240771612,10.871317032070875,0.9952470064163208,0.9981523752212524,0.9980370998382568,0.9950070381164551,99.34889259347464,91.865447418079,0.9657012820243835,0.012142956256866455,0.9988486766815186,0.0033125877380371094,0.9817511439323425,0.010970354080200195,0.9643214344978333,0.012243688106536865,35.40985949035485,-29.46225291736127,6.418101802547138,-4.453215229523737,0.9962568879127502,0.0010098814964294434,0.998754620552063,0.0006022453308105469,0.9974581003189087,-0.0005789995193481445,0.9961536526679993,0.0011466145515441895,63.736603953322216,-35.61228864015243,10.397033595052866,-81.46841382302614
Explosion033_x264,Explosion,3152,1982,0.7355179190635681,0.9996402263641357,0.98082435131073,0.31996458768844604,98.44420295479833,99.09836102261956,0.9019203782081604,0.9998772144317627,0.9932818412780762,0.7471523284912109,93.9842341759597,93.73873989008435,0.6393623352050781,-0.09615558385848999,0.997965931892395,-0.0016742944717407227,0.8891473412513733,-0.09167701005935669,0.21622221171855927,-0.10374237596988678,97.10704028564776,-1.3371626691505725,98.39394861931504,-0.7044124033045165,0.9110932350158691,0.00917285680770874,0.9977242350578308,-0.0021529793739318848,0.9429107308387756,-0.05037111043930054,0.8571937680244446,0.11004143953323364,85.37892312867086,-8.605311047288836,88.77385208782482,-4.9648878022595255
Explosion035_x264,Explosion,2864,100,0.8181776404380798,0.99608314037323,0.7730225920677185,0.8198113441467285,24.784370477568736,2.6044357353967054,0.9882277250289917,0.9996622800827026,0.9875171184539795,0.9882535338401794,18.67149059334298,2.434556554624819,0.9198130965232849,0.10163545608520508,0.999975323677063,0.003892183303833008,0.9357717633247375,0.16274917125701904,0.9192357659339905,0.09942442178726196,12.720694645441387,-12.063675832127348,2.2729835207239324,-0.33145221467277297,0.9885464310646057,0.00031870603561401367,0.9996309280395508,-3.135204315185547e-05,0.9912675619125366,0.003750443458557129,0.9884480237960815,0.0001944899559020996,20.952243125904484,2.280752532561504,2.515146255960153,0.08058970133533405
Explosion036_x264,Explosion,5312,120,0.9990744590759277,0.9999945163726807,0.9997060298919678,0.9990599155426025,23.045711350796097,1.6229619927456127,0.999206006526947,0.9999295473098755,0.9997339844703674,0.9991938471794128,76.93888032871084,5.118190056697529,0.9997110962867737,0.0006366372108459473,0.9999964237213135,1.9073486328125e-06,0.9995647072792053,-0.00014132261276245117,0.9997144937515259,0.0006545782089233398,9.167950693374422,-13.877760657421675,1.3903789237833728,-0.2325830689622399,0.9990651607513428,-0.00014084577560424805,0.9996520280838013,-0.00027751922607421875,0.9991731643676758,-0.0005608201026916504,0.9990626573562622,-0.00013118982315063477,60.60092449922958,-16.33795582948126,3.4876267314209173,-1.6305633252766114
Explosion039_x264,Explosion,992,90,0.9581896066665649,0.9994409680366516,0.957200288772583,0.9582883715629578,35.59251047055925,7.850786268663898,0.9925411343574524,0.999336838722229,0.9944822788238525,0.9923473000526428,39.219019462921906,8.262708142396663,0.9771724343299866,0.01898282766342163,0.9999232292175293,0.00048226118087768555,0.9793570637702942,0.02215677499771118,0.9769544005393982,0.01866602897644043,25.02833210150283,-10.564178369056417,6.7147306317054625,-1.1360556369584351,0.993750810623169,0.0012096762657165527,0.9991351366043091,-0.00020170211791992188,0.9926564693450928,-0.0018258094787597656,0.9938600659370422,0.001512765884399414,16.789849716678983,-22.429169746242923,6.1259769716957635,-2.1367311707009
Explosion043_x264,Explosion,7632,140,0.5442110300064087,0.9998316764831543,0.977740466594696,0.5361098647117615,68.01235603691556,2.8915917867783416,0.5109182000160217,0.9995599985122681,0.9887679815292358,0.5019888877868652,59.59194569445504,2.479055930086418,0.7524980306625366,0.20828700065612793,0.9999493360519409,0.0001176595687866211,0.9951769113540649,0.017436444759368896,0.7479631900787354,0.21185332536697388,60.873312485699024,-7.139043551216538,2.50873324469696,-0.3828585420813817,0.96885746717453,0.4579392671585083,0.9992657899856567,-0.0002942085266113281,0.9954870939254761,0.006719112396240234,0.9683598279953003,0.46637094020843506,64.2536801159332,4.661734421478151,2.678051877002032,0.19899594691561395
Fighting003_x264,Fighting,3088,1268,0.9872317910194397,0.9998700618743896,0.9958733916282654,0.9812111854553223,62.84292994072174,63.62918269825446,0.9992665648460388,0.9998982548713684,0.9994403719902039,0.9991454482078552,66.46757028460499,64.33597124574729,0.9953336715698242,0.008101880550384521,0.9999414682388306,7.140636444091797e-05,0.9966607689857483,0.0007873773574829102,0.9944090843200684,0.013197898864746094,59.88941657711373,-2.9535133636080104,63.14572405332646,-0.4834586449279996,0.9930517673492432,-0.006214797496795654,0.9989132881164551,-0.00098496675491333,0.992680013179779,-0.006760358810424805,0.9933108687400818,-0.0058345794677734375,51.0150102263667,-15.45256005823829,59.32520226552831,-5.010768980218977
Fighting018_x264,Fighting,1376,340,0.9669985175132751,0.9999903440475464,0.9979129433631897,0.9568527936935425,69.93186463774698,54.54344239512856,0.9951386451721191,0.999989926815033,0.9999691843986511,0.9935533404350281,88.89166477401773,83.35119740652506,0.9371236562728882,-0.029874861240386963,0.9999896287918091,-7.152557373046875e-07,0.9992269277572632,0.0013139843940734863,0.9167422652244568,-0.04011052846908569,74.44696797637974,4.5151033386327555,62.86666774516356,8.323225350035003,0.9917958974838257,-0.003342747688293457,0.9997115135192871,-0.0002784132957458496,0.9991359710693359,-0.0008332133293151855,0.9893869757652283,-0.004166364669799805,71.2854871678401,-17.606177606177624,53.481681069685926,-29.869516336839133
Fighting033_x264,Fighting,1104,270,0.9892849922180176,0.9999953508377075,0.9999523162841797,0.985831618309021,88.92352784439116,78.21823642919273,0.9987578392028809,0.9999605417251587,0.9999231696128845,0.9983805418014526,82.61390887290169,49.059542326737024,0.9978707432746887,0.008585751056671143,0.999997615814209,2.2649765014648438e-06,0.9999886751174927,3.635883331298828e-05,0.9971850514411926,0.01135343313217163,93.03756994404478,4.1140420996536164,87.63095762411382,9.41272119492109,0.9953584671020508,-0.003399372100830078,0.9993003606796265,-0.0006601810455322266,0.998522937297821,-0.0014002323150634766,0.994333803653717,-0.004046738147735596,79.77173816502355,-2.8421707078781395,42.87722095939653,-6.182321367340492
Fighting042_x264,Fighting,2224,910,0.9744382500648499,0.9998427629470825,0.99827641248703,0.9579294323921204,99.26823556960542,99.05989028381748,0.9965881705284119,0.9992939233779907,0.9985870122909546,0.995203971862793,96.25754762741063,94.5787647798097,0.8826557397842407,-0.09178251028060913,0.9998273849487305,-1.537799835205078e-05,0.9942721128463745,-0.004004299640655518,0.8053565621376038,-0.1525728702545166,98.24861591984879,-1.0196196497566348,97.56878992239638,-1.491100361421104,0.9901094436645508,-0.006478726863861084,0.9989630579948425,-0.00033086538314819336,0.9973772168159485,-0.0012097954750061035,0.9850763082504272,-0.010127663612365723,97.17814909595731,0.9206014685466783,95.47031921203329,0.891554432223586
Fighting047_x264,Fighting,4448,1630,0.7970758080482483,0.9998224377632141,0.7414877414703369,0.8292292356491089,59.583614537569616,63.49653837011955,0.9417999982833862,0.9993445873260498,0.8897968530654907,0.9718798398971558,61.29182686237029,66.35695540417888,0.6638602018356323,-0.13321560621261597,0.9979894161224365,-0.0018330216407775879,0.6272093057632446,-0.11427843570709229,0.6850599050521851,-0.14416933059692383,56.1734598353268,-3.4101547022428136,61.52805603308874,-1.9684823370308138,0.926558792591095,-0.01524120569229126,0.9973990321159363,-0.0019455552101135254,0.8795458078384399,-0.010251045227050781,0.953752338886261,-0.018127501010894775,56.656245781936455,-4.6355810804338375,63.73808856374976,-2.6188668404291136
RoadAccidents001_x264,RoadAccidents,1360,90,0.9955945014953613,0.9999200105667114,0.9956112504005432,0.9955931901931763,16.544181977252848,4.672321795406358,0.9988023042678833,0.9998025298118591,0.9982947707176208,0.9988382458686829,16.65616797900263,4.616834779704153,0.9955412149429321,-5.328655242919922e-05,0.9999570846557617,3.707408905029297e-05,0.9963410496711731,0.0007297992706298828,0.9954845309257507,-0.00010865926742553711,16.544181977252848,0.0,4.672321795406358,0.0,0.9992289543151855,0.0004266500473022461,0.9997839331626892,-1.8596649169921875e-05,0.9989445805549622,0.0006498098373413086,0.9992491006851196,0.0004108548164367676,16.544181977252848,-0.11198600174978068,4.672321795406358,0.055487015702205156
RoadAccidents002_x264,RoadAccidents,336,60,0.3034098744392395,0.9980212450027466,0.8929956555366516,0.17523904144763947,87.10144927536231,48.00000000000001,0.4440094530582428,0.9995854496955872,0.9641193151473999,0.3309420645236969,87.10144927536231,48.00000000000001,0.3978241980075836,0.09441432356834412,0.9979524612426758,-6.878376007080078e-05,0.9585275650024414,0.0655319094657898,0.27593210339546204,0.10069306194782257,87.10144927536231,0.0,48.00000000000001,0.0,0.5866351127624512,0.14262565970420837,0.9967401623725891,-0.002845287322998047,0.9762724041938782,0.012153089046478271,0.501931369304657,0.17098930478096008,87.10144927536231,0.0,48.00000000000001,0.0
RoadAccidents004_x264,RoadAccidents,384,49,0.19503384828567505,0.7156179547309875,0.06792813539505005,0.21362543106079102,34.64818763326226,12.203251601392436,0.13545723259449005,0.5910197496414185,0.0597001388669014,0.1465381383895874,41.76363082546452,13.570517492711371,0.11140932887792587,-0.08362451940774918,0.7287192940711975,0.013101339340209961,0.011721566319465637,-0.05620656907558441,0.12599050998687744,-0.08763492107391357,26.363082546451416,-8.285105086810844,10.942455929740317,-1.2607956716521187,0.45759525895118713,0.3221380263566971,0.7861834764480591,0.19516372680664062,0.3736637532711029,0.3139636144042015,0.4698718190193176,0.3233336806297302,41.76363082546452,0.0,13.570517492711371,0.0
RoadAccidents009_x264,RoadAccidents,912,30,0.37581169605255127,0.5244616270065308,0.2331099659204483,0.38066551089286804,21.21693121693122,3.1020122051789545,0.7066810727119446,0.8081365823745728,0.6505087018013,0.7085916996002197,29.198790627362055,3.4674796747967482,0.18586158752441406,-0.1899501085281372,0.282431960105896,-0.24202966690063477,0.133884459733963,-0.09922550618648529,0.18762952089309692,-0.19303598999977112,16.500377928949355,-4.7165532879818635,2.957668439716312,-0.14434376546264227,0.685547411441803,-0.0211336612701416,0.7768176198005676,-0.03131896257400513,0.6938604116439819,0.043351709842681885,0.6852645874023438,-0.023327112197875977,34.640967498110356,5.442176870748302,3.74407302038881,0.2765933455920617
RoadAccidents010_x264,RoadAccidents,528,40,0.7588064074516296,0.9797652363777161,0.8798812627792358,0.7488822937011719,47.049180327868854,9.257610939112487,0.9483808279037476,0.9899402260780334,0.954055666923523,0.9479156732559204,50.32786885245901,9.798049428104576,0.8287245631217957,0.06991815567016602,0.9867870807647705,0.007021844387054443,0.9761532545089722,0.09627199172973633,0.8166401386260986,0.06775784492492676,48.19672131147541,1.1475409836065538,9.370202850877194,0.11259191176470651,0.980689525604248,0.03230869770050049,0.9954972267150879,0.005557000637054443,0.994430661201477,0.0403749942779541,0.979563295841217,0.03164762258529663,83.27868852459017,32.95081967213115,26.130952380952383,16.332902952847807
RoadAccidents011_x264,RoadAccidents,2144,40,0.25385889410972595,0.8780470490455627,0.19609491527080536,0.25495702028274536,45.057034220532316,2.198153409090909,0.20975500345230103,0.7893293499946594,0.28218793869018555,0.20837794244289398,79.73384030418251,5.697595588899937,0.47094064950942993,0.21708175539970398,0.9974930286407471,0.11944597959518433,0.27314046025276184,0.07704554498195648,0.4747011065483093,0.21974408626556396,22.699619771863116,-22.3574144486692,1.605624092888244,-0.5925293162026652,0.9775980710983276,0.7678430676460266,0.9973008632659912,0.2079715132713318,0.9736553430557251,0.6914674043655396,0.9776731133460999,0.7692951709032059,30.07604562737643,-49.65779467680608,1.7627959622768543,-3.9347996266230822
RoadAccidents012_x264,RoadAccidents,464,140,0.2515156865119934,0.6008828282356262,0.28886398673057556,0.23537757992744446,75.96119929453262,45.95262723387724,0.14482852816581726,0.19423264265060425,0.16919776797294617,0.134298637509346,91.26984126984127,73.32522239665097,0.08505882322788239,-0.16645686328411102,0.469856858253479,-0.13102596998214722,0.05331631377339363,-0.23554767295718193,0.09877470135688782,-0.13660287857055664,57.971781305114646,-17.989417989417973,33.3252653472136,-12.627361886663635,0.41651397943496704,0.2716854512691498,0.5184924006462097,0.32425975799560547,0.4839480221271515,0.3147502541542053,0.3873758316040039,0.2530771940946579,86.4021164021164,-4.86772486772486,60.45745028780743,-12.867772108843539
RoadAccidents016_x264,RoadAccidents,2192,190,0.19329096376895905,0.8276540040969849,0.4597426950931549,0.16800332069396973,79.34328829065672,42.60026931875713,0.010253619402647018,0.048538804054260254,0.02547089196741581,0.008809422142803669,83.88611388611389,46.062039675631404,0.1231481060385704,-0.07014285773038864,0.7713930606842041,-0.05626094341278076,0.44304990768432617,-0.016692787408828735,0.09278778731822968,-0.07521553337574005,86.83053788316946,7.48724959251274,54.602073603830334,12.001804285073206,0.19265560805797577,0.18240198865532875,0.7616602182388306,0.7131214141845703,0.547511875629425,0.5220409836620092,0.1589779406785965,0.15016851853579283,92.81192491718807,8.925811031074176,66.00262154486532,19.940581869233917
RoadAccidents017_x264,RoadAccidents,240,70,0.12218689918518066,0.1779962033033371,0.08856066316366196,0.13603298366069794,11.008403361344534,20.544574473145904,0.33798232674598694,0.4539145231246948,0.41584059596061707,0.30592310428619385,64.78991596638654,38.78684807256236,0.6706019639968872,0.5484150648117065,0.9234681129455566,0.7454719096422195,0.5722662210464478,0.4837055578827858,0.7110931277275085,0.5750601440668106,34.67226890756302,23.66386554621849,26.299494156637017,5.754919683491114,0.9644883275032043,0.6265060007572174,0.9849971532821655,0.5310826301574707,0.9633917808532715,0.5475511848926544,0.9649398922920227,0.6590167880058289,37.89915966386555,-26.890756302520998,26.939342403628117,-11.84750566893424
RoadAccidents019_x264,RoadAccidents,1312,150,0.6096227169036865,0.9985917210578918,0.9034808278083801,0.5716891884803772,64.42111302352266,15.991720855020827,0.9439534544944763,0.9988415837287903,0.984790563583374,0.9386818408966064,65.54102122776821,16.192529017521785,0.7086862921714783,0.09906357526779175,0.9999535083770752,0.0013617873191833496,0.9725056886672974,0.06902486085891724,0.6746304035186768,0.10294121503829956,64.54962707974757,0.1285140562249012,16.070848878297785,0.079128023276958,0.972794234752655,0.02884078025817871,0.9993743300437927,0.0005327463150024414,0.9966533184051514,0.011862754821777344,0.9697144031524658,0.031032562255859375,66.97303499713139,1.4320137693631807,16.528567978560744,0.3360389610389589
RoadAccidents020_x264,RoadAccidents,1760,120,0.8899043798446655,0.9997559189796448,0.9867387413978577,0.8828189969062805,65.3821138211382,10.098970213723577,0.9746208786964417,0.9963893890380859,0.9889376759529114,0.9735732674598694,76.14634146341463,13.787758099180515,0.9608452320098877,0.07094085216522217,0.9999229907989502,0.00016707181930541992,0.9960578680038452,0.009319126605987549,0.9582687020301819,0.07544970512390137,74.92682926829268,9.544715447154474,13.22637884794619,3.127408634222613,0.9892788529396057,0.014657974243164062,0.9978784322738647,0.0014890432357788086,0.9955781102180481,0.006640434265136719,0.9888178110122681,0.015244543552398682,79.96747967479675,3.82113821138212,16.074610962560985,2.286852863380471
RoadAccidents021_x264,RoadAccidents,144,60,0.6819291710853577,0.7395853400230408,0.7276223301887512,0.6492911577224731,98.88888888888889,97.60416666666667,0.881031334400177,0.9436544179916382,0.9148710370063782,0.8568602800369263,63.96825396825396,51.45833333333334,0.8175190687179565,0.13558989763259888,0.9299753308296204,0.1903899908065796,0.7950720191001892,0.06744968891143799,0.8335527777671814,0.18426162004470825,36.031746031746025,-62.85714285714286,38.30952380952381,-59.29464285714286,0.9891707301139832,0.10813939571380615,0.9899334907531738,0.046279072761535645,0.9892933964729309,0.07442235946655273,0.9890828728675842,0.13222259283065796,44.920634920634924,-19.047619047619037,42.21924603174603,-9.239087301587311
RoadAccidents022_x264,RoadAccidents,704,100,0.17696410417556763,0.8547824025154114,0.07636935263872147,0.19361886382102966,39.88079470198676,12.748840361116576,0.4720703363418579,0.9548161029815674,0.43790191411972046,0.47772738337516785,47.29801324503312,14.289413021944783,0.1671217530965805,-0.009842351078987122,0.9218437075614929,0.06706130504608154,0.0482245497405529,-0.028144802898168564,0.18680672347545624,-0.006812140345573425,41.57615894039735,1.6953642384105905,13.098910389127779,0.3500700280112028,0.7603397965431213,0.2882694602012634,0.9854570031166077,0.030640900135040283,0.792891263961792,0.35498934984207153,0.7549505233764648,0.277223140001297,48.03973509933775,0.7417218543046289,14.504305203767236,0.21489218182245295
RoadAccidents121_x264,RoadAccidents,1824,60,0.9882077574729919,0.9999569654464722,0.9968435764312744,0.9879140257835388,19.463340891912324,2.5131596573506028,0.9920257925987244,0.9996816515922546,0.9958040714263916,0.9918972849845886,20.521541950113377,2.519827492541676,0.9929017424583435,0.0046939849853515625,0.9999862909317017,2.9325485229492188e-05,0.9989701509475708,0.0021265745162963867,0.9926952719688416,0.004781246185302734,19.040060468631896,-0.4232804232804277,2.504626141666168,-0.008533515684434612,0.9982414841651917,0.006215691566467285,0.9996429681777954,-3.8683414459228516e-05,0.9991967678070068,0.0033926963806152344,0.9982089400291443,0.006311655044555664,34.94331065759637,14.421768707482993,2.984256183553259,0.4644286910115829
RoadAccidents122_x264,RoadAccidents,640,60,0.3345372974872589,0.5556278824806213,0.3832860589027405,0.32949429750442505,51.74712643678161,11.389774942406522,0.4449911117553711,0.623375415802002,0.4629538953304291,0.4431329071521759,51.74712643678161,11.389774942406522,0.7689812779426575,0.43444398045539856,0.9555748105049133,0.399946928024292,0.9175843596458435,0.534298300743103,0.7536085247993469,0.4241142272949219,51.74712643678161,0.0,11.389774942406522,0.0,0.9799998998641968,0.5350087881088257,0.9949790239334106,0.3716036081314087,0.9907704591751099,0.5278165638446808,0.9788858294487,0.535752922296524,51.74712643678161,0.0,11.389774942406522,0.0
RoadAccidents123_x264,RoadAccidents,992,80,0.6784880757331848,0.9150828123092651,0.5762304067611694,0.6874580979347229,29.60526315789474,6.691837688351937,0.9717664122581482,0.9927240610122681,0.9736019372940063,0.9716054201126099,30.13157894736842,6.813079867554084,0.6204357743263245,-0.05805230140686035,0.8344900012016296,-0.0805928111076355,0.6006081104278564,0.02437770366668701,0.6221750974655151,-0.06528300046920776,37.76315789473684,8.157894736842103,7.470472966643224,0.7786352782912873,0.9307873845100403,-0.04097902774810791,0.9627642631530762,-0.029959797859191895,0.9551289677619934,-0.01847296953201294,0.9286521673202515,-0.0429532527923584,57.14912280701754,27.01754385964912,10.368095777947481,3.555015910393397
RoadAccidents124_x264,RoadAccidents,1488,170,0.9427472352981567,0.9999669790267944,0.899517297744751,0.948323130607605,18.651254128358477,7.773926946136717,0.9941414594650269,0.9993900060653687,0.9883479475975037,0.9948887228965759,18.922610015174506,7.811578586194351,0.992438018321991,0.04969078302383423,0.9999914169311523,2.4437904357910156e-05,0.99393230676651,0.09441500902175903,0.9922453761100769,0.043922245502471924,18.96545568151388,0.314201553155403,7.817664272659785,0.043737326523068276,0.9989258050918579,0.004784345626831055,0.9996143579483032,0.0002243518829345703,0.9984850883483887,0.01013714075088501,0.9989826083183289,0.00409388542175293,18.96545568151388,0.04284566633937459,7.817664272659785,0.006085686465434392
RoadAccidents125_x264,RoadAccidents,1760,110,0.859211802482605,0.995455265045166,0.9882308840751648,0.8506106734275818,93.36308539944905,58.02207792207792,0.9921458959579468,0.9973435997962952,0.9964838027954102,0.9918566346168518,94.80881542699724,62.46517296517297,0.6116303205490112,-0.24758148193359375,0.9549580216407776,-0.04049724340438843,0.9206121563911438,-0.067618727684021,0.591031551361084,-0.2595791220664978,95.74325068870525,2.3801652892561975,76.45158102766798,18.429503105590065,0.9607259631156921,-0.03141993284225464,0.9833614826202393,-0.013982117176055908,0.978805422782898,-0.017678380012512207,0.9595207571983337,-0.032335877418518066,93.20440771349863,-1.6044077134986168,67.62686387686388,5.161690911690911
RoadAccidents127_x264,RoadAccidents,2576,140,0.04902702942490578,0.4704607129096985,0.14968861639499664,0.04324187710881233,85.56181093126906,20.765222953476513,0.05918541178107262,0.39956390857696533,0.06790756434202194,0.05868413671851158,81.1705371803894,14.115404739350563,0.04276107996702194,-0.006265949457883835,0.367843896150589,-0.1026168167591095,0.030636340379714966,-0.11905227601528168,0.04345790669322014,0.0002160295844078064,61.24091015716632,-24.320900774102746,8.032073415685856,-12.733149537790657,0.2772786021232605,0.21809319034218788,0.5427440404891968,0.14318013191223145,0.3703914284706116,0.30248386412858963,0.2719272971153259,0.21324316039681435,78.11165845648604,-3.058878723903362,13.703491251878349,-0.4119134874722139
RoadAccidents128_x264,RoadAccidents,560,110,0.9743351340293884,0.9977400302886963,0.9835569858551025,0.9720808863639832,20.262626262626256,14.278540947036245,0.9966121315956116,0.9985485076904297,0.9960199594497681,0.9967568516731262,21.038383838383833,14.304639250646511,0.9828554391860962,0.008520305156707764,0.999488353729248,0.0017483234405517578,0.9888653755187988,0.005308389663696289,0.9813863635063171,0.009305477142333984,20.0040404040404,-0.2585858585858567,14.271354457636315,-0.0071864893999293855,0.9976847767829895,0.0010726451873779297,0.9989019632339478,0.0003534555435180664,0.9974374771118164,0.0014175176620483398,0.9977452158927917,0.0009883642196655273,25.36969696969697,4.331313131313138,15.017307804891283,0.7126685542447717
RoadAccidents131_x264,RoadAccidents,1520,60,0.7509441375732422,0.9472881555557251,0.8707655668258667,0.7460200190544128,57.01369863013698,5.54958426271529,0.9875722527503967,0.9971773028373718,0.9931020140647888,0.9873450994491577,49.78082191780822,4.747937036266555,0.86570143699646,0.11475729942321777,0.9425172209739685,-0.004770934581756592,0.9040583372116089,0.03329277038574219,0.8641251921653748,0.11810517311096191,57.45205479452055,0.4383561643835705,5.500000000000001,-0.04958426271528893,0.9821235537528992,-0.005448698997497559,0.9881232976913452,-0.009054005146026611,0.9831980466842651,-0.009903967380523682,0.9820793271064758,-0.005265772342681885,38.31050228310502,-11.470319634703195,3.889028199898512,-0.8589088363680433
RoadAccidents132_x264,RoadAccidents,1856,100,0.12562952935695648,0.497145414352417,0.19069918990135193,0.12192394584417343,85.80865603644646,17.553621783161425,0.05336591973900795,0.31883853673934937,0.06220332160592079,0.05286264792084694,88.25056947608202,20.443380830593107,0.1000097468495369,-0.025619782507419586,0.59170001745224,0.094554603099823,0.20322604477405548,0.012526854872703552,0.09413181990385056,-0.027792125940322876,89.27107061503418,3.462414578587712,21.953339058602218,4.399717275440793,0.6501263976097107,0.5967604778707027,0.8469647765159607,0.5281262397766113,0.7774462699890137,0.7152429483830929,0.6428757905960083,0.5900131426751614,90.4738041002278,2.2232346241457748,24.071358543417364,3.627977712824258
RoadAccidents133_x264,RoadAccidents,672,180,0.8995576500892639,0.9999926090240479,0.9998279213905334,0.8628734350204468,82.61065943992773,62.87763337179813,0.966171145439148,0.9997375011444092,0.9994440674781799,0.9539982080459595,80.96657633242998,67.61227871099152,0.9501282572746277,0.05057060718536377,0.9999837875366211,-8.821487426757812e-06,0.9998851418495178,5.7220458984375e-05,0.93192458152771,0.06905114650726318,81.86991869918698,-0.7407407407407476,65.06896066896067,2.1913272971625375,0.9960899353027344,0.029918789863586426,0.9995015859603882,-0.0002359151840209961,0.9993464350700378,-9.763240814208984e-05,0.9948984980583191,0.04090029001235962,65.14001806684733,-15.826558265582648,33.84889772063685,-33.76338099035467
Robbery048_x264,Robbery,1408,480,0.948886513710022,0.9997454285621643,0.998911440372467,0.9230114221572876,97.35632183908046,94.86360457170268,0.9887657165527344,0.9979891180992126,0.9971846342086792,0.9844111204147339,95.45977011494251,90.48800856790666,0.9555582404136658,0.006671726703643799,0.9997500777244568,4.649162292480469e-06,0.9987033605575562,-0.00020807981491088867,0.9332417249679565,0.010230302810668945,95.97701149425288,-1.3793103448275872,92.12802762114327,-2.7355769505594054,0.993544340133667,0.004778623580932617,0.998682975769043,0.0006938576698303223,0.9982073307037354,0.0010226964950561523,0.9911322593688965,0.006721138954162598,99.5905172413793,4.130747126436788,99.29970414658263,8.811695578675966
Robbery050_x264,Robbery,1696,915,0.03775212913751602,0.1826968789100647,0.06292809545993805,0.00825660489499569,84.35808092469371,88.90832060042261,0.010178390890359879,0.01830953359603882,0.012926989234983921,0.006958199664950371,85.38800612917444,90.78960700872818,0.08811084181070328,0.050358712673187256,0.32431477308273315,0.14161789417266846,0.1476399004459381,0.08471180498600006,0.018368074670433998,0.010111469775438309,85.68131091566788,1.3232299909741698,90.39257967353348,1.484259073110863,0.10550567507743835,0.09532728418707848,0.18010514974594116,0.16179561614990234,0.13330288231372833,0.12037589307874441,0.07293915748596191,0.06598095782101154,83.42890927282524,-1.9590968563492055,89.91596908127352,-0.8736379274546664
Robbery102_x264,Robbery,1824,480,0.9774832725524902,0.9999916553497314,0.9999755620956421,0.9694501161575317,99.92063492063492,99.76419366074538,0.9949145317077637,0.9995980262756348,0.9993635416030884,0.9933257102966309,99.5436507936508,98.58204991691777,0.9834796786308289,0.005996406078338623,0.9999959468841553,4.291534423828125e-06,0.9999855160713196,9.953975677490234e-06,0.977584719657898,0.008134603500366211,99.7420634920635,-0.1785714285714306,99.32113623923969,-0.44305742150568506,0.9911105632781982,-0.0038039684295654297,0.9991055130958557,-0.0004925131797790527,0.998813271522522,-0.0005502700805664062,0.9883595705032349,-0.004966139793395996,97.16269841269842,-2.3809523809523796,92.13450646919856,-6.447543447719212
Robbery106_x264,Robbery,1184,120,0.5343584418296814,0.9666337370872498,0.9536124467849731,0.48707419633865356,96.06516290726816,59.830687830687836,0.8468530774116516,0.971706748008728,0.9698381423950195,0.83298259973526,97.86967418546367,86.16849816849816,0.7248404026031494,0.19048196077346802,0.9960883855819702,0.02945464849472046,0.9956603646278381,0.04204791784286499,0.6942968368530273,0.20722264051437378,99.57393483709274,3.508771929824576,96.26984126984127,36.43915343915343,0.9156457185745239,0.06879264116287231,0.986009418964386,0.014302670955657959,0.9855268597602844,0.015688717365264893,0.9077644348144531,0.07478183507919312,99.87468671679197,2.0050125313283047,98.69047619047619,12.521978021978029
Robbery137_x264,Robbery,2192,1815,0.9521539807319641,0.9999629259109497,0.9934781789779663,0.7532063722610474,98.0335547420187,99.59512687255557,0.9777076840400696,0.9958757758140564,0.9887369871139526,0.9246096611022949,91.77156177156178,98.14970279826196,0.9300156831741333,-0.02213829755783081,0.99997878074646,1.5854835510253906e-05,0.9895230531692505,-0.00395512580871582,0.6435282826423645,-0.10967808961868286,98.43340567478499,0.3998509327662987,99.68537857491228,0.09025170235670998,0.9887804388999939,0.011072754859924316,0.9979543089866638,0.002078533172607422,0.9948338270187378,0.006096839904785156,0.9596379399299622,0.035028278827667236,97.66410183338084,5.892540061819062,99.52508799826283,1.3753852000008777
Shooting002_x264,Shooting,1200,80,0.9941193461418152,0.9986022114753723,0.9984310269355774,0.9938113689422607,96.78571428571429,85.00986842105263,0.999533474445343,0.999927282333374,0.999664306640625,0.9995242357254028,11.785714285714286,4.443996901585737,0.9996762275695801,0.005556881427764893,0.999925971031189,0.0013237595558166504,0.9999238848686218,0.0014928579330444336,0.9996584057807922,0.005847036838531494,99.78571428571428,2.999999999999986,96.75,11.74013157894737,0.9992714524269104,-0.0002620220184326172,0.9995865821838379,-0.0003407001495361328,0.9995460510253906,-0.000118255615234375,0.9992519021034241,-0.00027233362197875977,91.78571428571428,79.99999999999999,32.06463675213675,27.62063985055101
Shooting004_x264,Shooting,1792,160,0.7481067776679993,0.9660001397132874,0.9629374742507935,0.727044939994812,99.92647058823529,99.13068181818183,0.8690720796585083,0.9983130097389221,0.9982013702392578,0.856412410736084,98.89705882352942,84.68371212121212,0.824059784412384,0.07595300674438477,0.9987346529960632,0.03273451328277588,0.9986180067062378,0.035680532455444336,0.8069462776184082,0.07990133762359619,99.28921568627452,-0.6372549019607732,92.60689310689311,-6.5237887112887165,0.9091477394104004,0.04007565975189209,0.9989732503890991,0.000660240650177002,0.9989136457443237,0.000712275505065918,0.9003471732139587,0.043934762477874756,99.77941176470588,0.8823529411764639,97.79166666666667,13.107954545454547
Shooting007_x264,Shooting,1424,120,0.9888675808906555,0.9997623562812805,0.9726460576057434,0.9903603792190552,8.640081799591002,5.175190031595873,0.9952447414398193,0.9993986487388611,0.9910239577293396,0.9956331849098206,18.261758691206545,5.734221373031297,0.9987393617630005,0.00987178087234497,0.999970555305481,0.00020819902420043945,0.9979461431503296,0.02530008554458618,0.9988123178482056,0.00845193862915039,10.74642126789366,2.106339468302659,5.217279160307727,0.04208912871185344,0.9991137981414795,0.0038690567016601562,0.999627411365509,0.00022876262664794922,0.998391330242157,0.007367372512817383,0.999180257320404,0.003547072410583496,9.683026584867076,-8.57873210633947,5.218736943409369,-0.5154844296219281
Shooting008_x264,Shooting,1616,240,0.302552729845047,0.9945724606513977,0.9911523461341858,0.18244817852973938,99.92732558139534,99.51370652427639,0.3087828755378723,0.9726930856704712,0.9644907712936401,0.19441519677639008,99.94670542635659,99.61805555555556,0.24947553873062134,-0.05307719111442566,0.9896658658981323,-0.004906594753265381,0.9833576083183289,-0.007794737815856934,0.12147284299135208,-0.0609753355383873,99.92732558139534,0.0,99.51370652427639,0.0,0.31428447365760803,0.005501598119735718,0.9791758060455322,0.006482720375061035,0.9692162871360779,0.004725515842437744,0.2000522017478943,0.005637004971504211,98.82267441860465,-1.1240310077519382,94.15759450710108,-5.460461048454476
Shooting010_x264,Shooting,2640,165,0.5634546875953674,0.7922945618629456,0.4638664424419403,0.5700939297676086,26.139577594123047,4.591441836606893,0.9139925837516785,0.9572708010673523,0.8952533006668091,0.9152418971061707,17.33198653198653,3.998386819886017,0.9388526678085327,0.3753979802131653,0.996878981590271,0.20458441972732544,0.9101272225379944,0.4462607800960541,0.9407676458358765,0.3706737160682678,14.3386593204775,-11.800918273645546,4.009397532430345,-0.5820443041765477,0.9876903295516968,0.07369774580001831,0.9965370893478394,0.03926628828048706,0.9848310947418213,0.08957779407501221,0.9878809452056885,0.07263904809951782,33.113559840832565,15.781573308846035,5.063137968913702,1.0647511490276855
Shooting011_x264,Shooting,4000,270,0.9915577173233032,0.9999852180480957,0.9942877888679504,0.9913601279258728,11.04934961771423,4.056081153984936,0.9994109869003296,0.999954342842102,0.9984918832778931,0.9994776248931885,7.557342865653857,3.841779209565663,0.9987662434577942,0.007208526134490967,0.999987006187439,1.7881393432617188e-06,0.9979652762413025,0.0036774873733520508,0.9988241791725159,0.007464051246643066,13.121040611657236,2.0716909939430064,4.097375853952277,0.041294699967341586,0.9989900588989258,-0.0004209280014038086,0.9996066093444824,-0.0003477334976196289,0.9990485310554504,0.000556647777557373,0.9989858269691467,-0.000491797924041748,43.70390229371463,36.14655942806077,5.978620203660415,2.136840994094752
Shooting013_x264,Shooting,1072,85,0.9998451471328735,0.9999973773956299,0.9999611973762512,0.9998351335525513,21.92681327850289,6.066139962352963,0.9994640946388245,0.9998502731323242,0.9996339082717896,0.9994494318962097,75.72739734191548,18.33545539427892,0.9998840689659119,3.892183303833008e-05,0.9999951124191284,-2.2649765014648438e-06,0.9999598860740662,-1.3113021850585938e-06,0.9998775124549866,4.2378902435302734e-05,22.937600572143747,1.0107872936408562,5.957623082412528,-0.10851687994043502,0.9995898604393005,0.00012576580047607422,0.9997321963310242,-0.00011807680130004883,0.9996482133865356,1.430511474609375e-05,0.9995846748352051,0.00013524293899536133,76.4711842183682,0.7437868764527167,19.729228177757584,1.3937727834786635
Shooting015_x264,Shooting,1712,857,0.8537434935569763,0.9997720122337341,0.9053929448127747,0.8019733428955078,56.06822384627457,49.63909448542789,0.9960247874259949,0.99979168176651,0.9983808398246765,0.9936631917953491,62.62775764771712,56.40667573488627,0.9442772269248962,0.09053373336791992,0.9993382096290588,-0.00043380260467529297,0.9716547727584839,0.06626182794570923,0.9168357253074646,0.11486238241195679,64.75240025384348,8.684176407568906,59.08286127710832,9.443766791680432,0.9909298419952393,-0.005094945430755615,0.9973212480545044,-0.0024704337120056152,0.9941168427467346,-0.0042639970779418945,0.9877355694770813,-0.005927622318267822,80.6380888042744,18.010331156557285,84.87301442664976,28.46633869176349
Shooting018_x264,Shooting,1792,165,0.9693892598152161,0.9999649524688721,0.9988784193992615,0.9663986563682556,20.810750405095828,6.425606522839668,0.9983372092247009,0.999924898147583,0.9994291067123413,0.9982264637947083,19.63662438769999,6.341430756493378,0.9974789023399353,0.02808964252471924,0.999984622001648,1.9669532775878906e-05,0.9999473094940186,0.00106889009475708,0.9972286224365234,0.030829966068267822,49.794378946192104,28.983628541096277,9.385901137924899,2.960294615085231,0.9962809681892395,-0.0020562410354614258,0.9982634782791138,-0.0016614198684692383,0.9973729848861694,-0.002056121826171875,0.9961702227592468,-0.0020562410354614258,47.76200853029372,28.12538414259373,9.016909022706265,2.6754782662128873
Shooting019_x264,Shooting,2752,435,0.9825859665870667,0.9998725652694702,0.9967925548553467,0.9799187183380127,85.8156355572753,68.64836598944989,0.9975740909576416,0.9998441338539124,0.9993293285369873,0.9972445964813232,83.47253434137484,72.59746334012553,0.9983108639717102,0.015724897384643555,0.9999911785125732,0.00011861324310302734,0.9998105764389038,0.003018021583557129,0.9980294108390808,0.018110692501068115,87.96982820631118,2.1541926490358776,73.57777492903283,4.929408939582942,0.9977316856384277,0.0001575946807861328,0.9993837475776672,-0.0004603862762451172,0.9989225268363953,-0.000406801700592041,0.9975081086158752,0.00026351213455200195,89.56047008865009,6.087935747275253,77.96223184917366,5.364768509048133
Shooting021_x264,Shooting,1264,150,0.9583021998405457,0.9979092478752136,0.9971775412559509,0.9530676007270813,98.25852782764811,92.55065789473684,0.9929836392402649,0.9979361891746521,0.9977205395698547,0.9923457503318787,98.62238180730102,92.26406926406926,0.9677960276603699,0.009493827819824219,0.9994441866874695,0.0015349388122558594,0.9989906549453735,0.0018131136894226074,0.9635956287384033,0.010528028011322021,97.33931777378815,-0.9192100538599561,91.28750000000001,-1.2631578947368354,0.9963036775588989,0.003320038318634033,0.9994964599609375,0.0015602707862854004,0.9993587136268616,0.001638174057006836,0.995892345905304,0.003546595573425293,99.88629563135846,1.2639138240574397,99.05555555555556,6.791486291486294
Shooting022_x264,Shooting,4544,450,0.2864677906036377,0.9394246339797974,0.8881983757019043,0.22032739222049713,92.79780708896487,40.87537853753729,0.2862392067909241,0.8200026750564575,0.7321662306785583,0.2372242957353592,90.3678011181675,42.08104369780561,0.38769081234931946,0.10122302174568176,0.9970334768295288,0.057608842849731445,0.9781367778778076,0.08993840217590332,0.3227907717227936,0.10246337950229645,98.52108777072137,5.723280681756492,86.83116271605336,45.95578417851607,0.6251888275146484,0.33894962072372437,0.9899753928184509,0.1699727177619934,0.9826996922492981,0.25053346157073975,0.5858924388885498,0.3486681431531906,99.84638766758943,9.47858654942192,98.54556267059216,56.46451897278655
Shooting024_x264,Shooting,2000,585,0.8713719248771667,0.9932379722595215,0.9836461544036865,0.8249546885490417,77.55338105161427,44.29184737213973,0.9386434555053711,0.9959802031517029,0.9922563433647156,0.9164783954620361,86.5413306756063,56.737489451652515,0.8964719176292419,0.025099992752075195,0.9975371360778809,0.004299163818359375,0.9922328591346741,0.008586704730987549,0.8568816781044006,0.03192698955535889,62.70296880190873,-14.850412249705535,33.549760415267905,-10.742086956871823,0.9716811776161194,0.03303772211074829,0.997937798500061,0.0019575953483581543,0.9974125027656555,0.005156159400939941,0.9610430002212524,0.04456460475921631,83.15103741958866,-3.3902932560176424,50.634216207274974,-6.10327324437754
Shooting026_x264,Shooting,1392,405,0.992069661617279,0.9995100498199463,0.9985238313674927,0.9894211292266846,67.35149536567975,55.02251015141692,0.9988416433334351,0.9996306896209717,0.9992469549179077,0.9986752271652222,39.7852327166748,30.159971830815486,0.9981921911239624,0.00612252950668335,0.9998719692230225,0.0003619194030761719,0.9997972249984741,0.0012733936309814453,0.9975336194038391,0.008112490177154541,75.3608015310143,8.00930616533455,42.524578446980435,-12.497931704436482,0.999228835105896,0.0003871917724609375,0.9998350739479065,0.00020438432693481445,0.9996654391288757,0.0004184842109680176,0.9990496635437012,0.0003744363784790039,77.83844296846661,38.05321025179181,44.945162526138894,14.785190695323408
Shooting028_x264,Shooting,1888,270,0.7892069220542908,0.9996213912963867,0.82718425989151,0.7828695178031921,30.229821910909678,10.531688834807333,0.9554376602172852,0.999311089515686,0.9696899652481079,0.9530593752861023,27.4389964748432,10.045477130283963,0.6969189047813416,-0.09228801727294922,0.9971268773078918,-0.002494513988494873,0.3933959901332855,-0.4337882697582245,0.7475684881210327,-0.035301029682159424,25.278121137206426,-4.9517007737032515,9.752727521292258,-0.7789613135150759,0.9038330316543579,-0.051604628562927246,0.9978213906288147,-0.0014896988868713379,0.9286972880363464,-0.040992677211761475,0.8996838331222534,-0.05337554216384888,34.64679760106213,7.207801126218932,11.120025358130297,1.0745482278463339
Shooting032_x264,Shooting,21696,210,0.42490753531455994,0.9991525411605835,0.8228208422660828,0.42101842164993286,70.39653728008936,1.6291317020727973,0.45601069927215576,0.9994556307792664,0.7677744626998901,0.45296356081962585,63.94165857723523,1.3440027121270302,0.42246946692466736,-0.002438068389892578,0.9990394711494446,-0.00011307001113891602,0.8808493614196777,0.05802851915359497,0.4179893434047699,-0.003029078245162964,77.93367109479927,7.537133814709904,2.1962608818140583,0.567129179741261,0.6826968789100647,0.22668617963790894,0.9989699721336365,-0.0004856586456298828,0.9595193266868591,0.191744863986969,0.6799911856651306,0.22702762484550476,73.5025243458642,9.560865768628972,1.7995555698302987,0.4555528577032686
Shooting033_x264,Shooting,3616,320,0.9894141554832458,0.9998610019683838,0.9995702505111694,0.9884282350540161,91.2135922330097,57.35069613941487,0.9987508058547974,0.9995734095573425,0.9994325637817383,0.9986847043037415,93.93203883495146,41.595938419509714,0.9987244606018066,0.009310305118560791,0.9999568462371826,9.584426879882812e-05,0.9999192357063293,0.0003489851951599121,0.9986084699630737,0.010180234909057617,94.51456310679612,3.3009708737864116,76.48281372487608,19.13211758546121,0.999180257320404,0.00042945146560668945,0.9996529221534729,7.95125961303711e-05,0.9995533227920532,0.0001207590103149414,0.9991441965103149,0.00045949220657348633,86.6504854368932,-7.28155339805825,28.852549357289675,-12.74338906222004
Shooting034_x264,Shooting,1408,90,0.4355591833591461,0.9770957231521606,0.9563177227973938,0.3999989926815033,93.90490642387455,37.08680825347492,0.9198688268661499,0.9973093867301941,0.9963746666908264,0.914644718170166,95.46956668352723,48.96296296296297,0.8309714794158936,0.39541229605674744,0.9985517859458923,0.02145606279373169,0.9973459839820862,0.04102826118469238,0.8196105360984802,0.41961154341697693,92.12443095599393,-1.7804754678806205,31.14021164021164,-5.9465966132632815,0.9404420852661133,0.02057325839996338,0.9951632022857666,-0.0021461844444274902,0.9929879307746887,-0.0033867359161376953,0.9368538856506348,0.02220916748046875,91.12628561793964,-4.34328106558759,28.902948902948904,-20.060014060014066
Shooting037_x264,Shooting,304,120,0.9558072090148926,0.9827467203140259,0.9742078185081482,0.9438069462776184,73.18840579710144,57.88467088467088,0.9965755343437195,0.9977178573608398,0.9969529509544373,0.9963292479515076,24.492753623188403,30.550882940588824,0.9854268431663513,0.02961963415145874,0.9986763596534729,0.01592963933944702,0.9971056580543518,0.022897839546203613,0.9778099656105042,0.03400301933288574,76.08695652173914,2.898550724637701,55.71055796055795,-2.174112924112933,0.9966462850570679,7.075071334838867e-05,0.998775064945221,0.0010572075843811035,0.9973126649856567,0.0003597140312194824,0.9962118268013,-0.00011742115020751953,76.08695652173914,51.59420289855073,55.71055796055795,25.159675019969125
Shooting043_x264,Shooting,1872,285,0.9986116886138916,0.9999167919158936,0.9996646046638489,0.9984226226806641,69.8171547330835,21.99531914113265,0.998885989189148,0.9993917346000671,0.999144434928894,0.9988394379615784,53.75330260117843,15.943919673932545,0.9979716539382935,-0.0006400346755981445,0.9999774694442749,6.0677528381347656e-05,0.9997627139091492,9.810924530029297e-05,0.9976499080657959,-0.0007727146148681641,76.49951911915895,6.682364386075449,26.306428321522063,4.311109180389412,0.9986177682876587,-0.0002682209014892578,0.9996581673622131,0.0002664327621459961,0.9991607069969177,1.627206802368164e-05,0.9985202550888062,-0.0003191828727722168,67.55668313821731,13.803380537038876,21.010164567512323,5.066244893579778
Shooting046_x264,Shooting,5088,553,0.9515215754508972,0.9994412064552307,0.9893534779548645,0.9469083547592163,39.68265709141876,8.773508743741921,0.9822192192077637,0.9994860291481018,0.9984588623046875,0.9802389740943909,73.0038818033738,55.31788276804984,0.8957709670066833,-0.05575060844421387,0.9982957243919373,-0.001145482063293457,0.9378740191459656,-0.051479458808898926,0.8906368017196655,-0.05627155303955078,43.34028482507961,3.6576277336608456,9.7866986012397,1.0131898574977782,0.9715349674224854,-0.01068425178527832,0.9964504241943359,-0.003035604953765869,0.9922298789024353,-0.006228983402252197,0.9690115451812744,-0.011227428913116455,71.12945126412812,-1.8744305392456795,26.615842468363443,-28.7020402996864
Shooting047_x264,Shooting,8272,3480,0.8839629888534546,0.9998915195465088,0.9734777808189392,0.8189564943313599,62.99215167040854,50.606029376310815,0.9428699016571045,0.9988834857940674,0.9940117001533508,0.905730128288269,61.20373035518968,57.50809422368596,0.8305863738059998,-0.053376615047454834,0.9998225569725037,-6.896257400512695e-05,0.895850658416748,-0.07762712240219116,0.7831906676292419,-0.03576582670211792,69.16297277070981,6.170821100301275,71.24439195541193,20.638362579101113,0.9560226202011108,0.013152718544006348,0.9994796514511108,0.000596165657043457,0.9965729713439941,0.0025612711906433105,0.9265745282173157,0.02084439992904663,65.08069003895382,3.8769596837641416,65.4614543187949,7.953360095108948
Shooting048_x264,Shooting,2736,320,0.033469270914793015,0.26033300161361694,0.1536930650472641,0.017545592039823532,98.9362582781457,91.75589203377035,0.02521713450551033,0.08907365798950195,0.06763158738613129,0.019599327817559242,99.50745033112582,96.11329205413517,0.004340865649282932,-0.029128405265510082,0.027995295822620392,-0.23233770579099655,0.005307673942297697,-0.1483853911049664,0.004212812054902315,-0.013332779984921217,54.07284768211921,-44.86341059602649,16.96087266914453,-74.79501936462583,0.17161892354488373,0.1464017890393734,0.3179926872253418,0.22891902923583984,0.23533573746681213,0.16770415008068085,0.16317960619926453,0.14358027838170528,80.66639072847683,-18.841059602648997,47.275905544557176,-48.837386509577996
Shoplifting001_x264,Shoplifting,4336,450,0.9554311633110046,0.9987484216690063,0.9919727444648743,0.9511997699737549,76.86887402070109,18.71742987444724,0.9625085592269897,0.9921022653579712,0.976574718952179,0.9608796238899231,62.077543317893294,12.547738021023868,0.671508252620697,-0.2839229106903076,0.9954363703727722,-0.003312051296234131,0.9851089119911194,-0.006863832473754883,0.6351931095123291,-0.3160066604614258,88.71401612626524,11.84514210556415,32.81441412649161,14.096984252044372,0.9412989616394043,-0.02120959758758545,0.9938469529151917,0.001744687557220459,0.9905121326446533,0.013937413692474365,0.9356001019477844,-0.025279521942138672,83.81712129010123,21.739577972207933,24.911988008018028,12.36424998699416
Shoplifting004_x264,Shoplifting,6672,2700,0.9827414155006409,0.9997145533561707,0.9968745708465576,0.9731342196464539,80.6268322703368,78.37602000062208,0.9948650002479553,0.9993399381637573,0.9975231289863586,0.9930580854415894,70.23587333557121,51.58151334827957,0.9880140423774719,0.005272626876831055,0.9999591112136841,0.00024455785751342773,0.9995858669281006,0.0027112960815429688,0.9801480174064636,0.007013797760009766,93.75517511469174,13.128342844354933,92.95266169159177,14.576641690969694,0.9961795210838318,0.0013145208358764648,0.9986902475357056,-0.0006496906280517578,0.9975961446762085,7.301568984985352e-05,0.995216429233551,0.00215834379196167,73.82783186005743,3.591958524486216,61.54631417872003,9.96480083044046
Shoplifting005_x264,Shoplifting,1952,210,0.4413074851036072,0.890461266040802,0.3374907672405243,0.45382267236709595,35.623530698157566,8.505354025058294,0.6531397104263306,0.8470761775970459,0.5944858193397522,0.6602104902267456,35.45732874091084,8.635724971474627,0.07411317527294159,-0.3671943098306656,0.2702139914035797,-0.6202472746372223,0.18807126581668854,-0.14941950142383575,0.0603753961622715,-0.39344727620482445,94.74769012082444,59.12415942266688,84.70805634819631,76.20270232313801,0.19461506605148315,-0.4585246443748474,0.3033367991447449,-0.543739378452301,0.2668526768684387,-0.3276331424713135,0.1859067678451538,-0.4743037223815918,96.16478049313871,60.70745175222787,81.04320586820586,72.40748089673123
Shoplifting007_x264,Shoplifting,5120,500,0.8175856471061707,0.9984691739082336,0.9585680365562439,0.8023278117179871,56.78787878787879,10.680395345482527,0.986862301826477,0.9978458285331726,0.9944190382957458,0.9860443472862244,72.25316017316018,15.18431255378682,0.7201763391494751,-0.09740930795669556,0.9848858714103699,-0.01358330249786377,0.8557407855987549,-0.10282725095748901,0.7055047750473022,-0.09682303667068481,58.709264069264066,1.9213852813852768,10.834499983467863,0.1541046379853359,0.9140174984931946,-0.07284480333328247,0.9666486978530884,-0.03119713068008423,0.9326097369194031,-0.06180930137634277,0.9120053648948669,-0.07403898239135742,61.97298701298701,-10.28017316017317,16.615898263332298,1.4315857095454785
Shoplifting010_x264,Shoplifting,2736,590,0.03173794597387314,0.20464679598808289,0.021288270130753517,0.03461087867617607,40.23425529562291,17.364137826576943,0.02512356825172901,0.07951897382736206,0.020998597145080566,0.026257645338773727,43.466757230637995,18.594998599043986,0.01751682162284851,-0.014221124351024628,0.14040698111057281,-0.06423981487751007,0.010971744544804096,-0.010316525585949421,0.019316259771585464,-0.015294618904590607,34.00429652329126,-6.229958772331649,15.8887280910211,-1.4754097355558429,0.2815200686454773,0.2563965003937483,0.48960381746292114,0.4100848436355591,0.24064667522907257,0.219648078083992,0.2927573621273041,0.26649971678853035,30.3219233260145,-13.144833904623496,15.285358568789654,-3.3096400302543323
Shoplifting015_x264,Shoplifting,2256,150,0.38923993706703186,0.7292248010635376,0.3935851454734802,0.38893043994903564,50.94207027540361,6.971339858897885,0.4481220841407776,0.7914173603057861,0.3613814413547516,0.4543001651763916,33.86324786324786,5.298227987710118,0.11230823397636414,-0.2769317030906677,0.7423131465911865,0.013088345527648926,0.04034046083688736,-0.35324468463659286,0.11743413656949997,-0.2714963033795357,42.69642291864514,-8.245647356758468,6.026082570932599,-0.9452572879652861,0.45248645544052124,0.004364371299743652,0.9313600659370422,0.1399427056312561,0.42887482047080994,0.06749337911605835,0.4541682004928589,-0.00013196468353271484,47.44729344729345,13.58404558404559,6.688445624569626,1.390217636859508
Shoplifting016_x264,Shoplifting,1472,90,0.6580471992492676,0.9368927478790283,0.7727301716804504,0.6505787372589111,66.19552982794661,9.548695525779708,0.9567623734474182,0.9797725081443787,0.9736714959144592,0.9556612968444824,73.83662968322882,11.928780284043441,0.19263653457164764,-0.46541066467761993,0.9534435272216797,0.016550779342651367,0.332689106464386,-0.44004106521606445,0.18351587653160095,-0.4670628607273102,85.28541566168194,19.089885833735323,20.169138114033313,10.620442588253605,0.8744010925292969,-0.08236128091812134,0.9443477392196655,-0.035424768924713135,0.927973747253418,-0.04569774866104126,0.8709123134613037,-0.08474898338317871,92.18041485769416,18.34378517446534,31.051169962934672,19.12238967889123
Shoplifting017_x264,Shoplifting,448,60,0.9147397875785828,0.9852215647697449,0.9819477200508118,0.9043468832969666,97.14776632302404,86.23611111111111,0.9795833230018616,0.9899181127548218,0.9851066470146179,0.9787291884422302,71.58075601374571,26.846153846153847,0.9247632026672363,0.010023415088653564,0.9536633491516113,-0.031558215618133545,0.9486461877822876,-0.03330153226852417,0.9210700392723083,0.016723155975341797,79.00343642611683,-18.14432989690721,29.416666666666668,-56.81944444444444,0.9867158532142639,0.007132530212402344,0.9936550855636597,0.0037369728088378906,0.9819108247756958,-0.003195822238922119,0.9874590039253235,0.008729815483093262,7.250859106529206,-64.32989690721651,9.138857921466617,-17.70729592468723
Shoplifting020_x264,Shoplifting,5760,120,0.8307396769523621,0.9980071187019348,0.996722936630249,0.8272079825401306,99.54137115839244,82.42327117327117,0.987302303314209,0.9984267950057983,0.9970354437828064,0.9870951771736145,90.89834515366431,10.91379381812736,0.9463090896606445,0.11556941270828247,0.9990324974060059,0.001025378704071045,0.996433675289154,-0.0002892613410949707,0.9452425241470337,0.11803454160690308,89.47044917257682,-10.070921985815616,9.649468102956474,-72.7738030703147,0.9822574257850647,-0.005044877529144287,0.9968111515045166,-0.0016156435012817383,0.9964809417724609,-0.000554502010345459,0.98195481300354,-0.005140364170074463,98.35933806146572,7.460992907801412,72.9911858974359,62.07739207930854
Shoplifting021_x264,Shoplifting,3536,150,0.7163552045822144,0.9834097623825073,0.825904369354248,0.711502194404602,60.91238432762355,5.74909405130106,0.9873394966125488,0.996908962726593,0.9942527413368225,0.9870332479476929,75.81925575900767,8.739698016610777,0.8137633800506592,0.09740817546844482,0.9906504154205322,0.007240653038024902,0.9886353611946106,0.16273099184036255,0.8060165643692017,0.09451436996459961,97.97794841504233,37.065564087418785,68.62443297443296,62.875338923131906,0.9924429655075073,0.005103468894958496,0.9977129697799683,0.0008040070533752441,0.9963634014129639,0.0021106600761413574,0.9922692775726318,0.005236029624938965,90.98444575703878,15.16518999803111,20.056047804063315,11.316349787452538
Shoplifting022_x264,Shoplifting,2176,270,0.17045094072818756,0.5252758264541626,0.28090700507164,0.15480394661426544,83.1522288290389,40.566476684125945,0.053487543016672134,0.2989630103111267,0.0786178782582283,0.04992762953042984,91.52189965411371,49.699701054735954,0.311918705701828,0.14146776497364044,0.790574312210083,0.2652984857559204,0.5467137694358826,0.26580676436424255,0.2786581218242645,0.12385417520999908,89.26470016711359,6.112471338074684,53.99282664776681,13.426349963640867,0.7425693273544312,0.689081784337759,0.9318830370903015,0.6329200267791748,0.8592417240142822,0.7806238457560539,0.7260416746139526,0.6761140450835228,94.74913528428743,3.2272356301737233,57.80054974754088,8.100848692804924
Shoplifting027_x264,Shoplifting,1872,320,7.86676537245512e-05,0.0022599687799811363,7.315556285902858e-05,7.98041801317595e-05,73.96907216494846,26.642091007822817,0.005712881684303284,0.017051637172698975,0.005616579204797745,0.005732737947255373,57.4548969072165,19.720383878113505,0.0001094668114092201,3.07991576846689e-05,0.0028789460193365812,0.0006189772393554449,0.00014988670591264963,7.673114305362105e-05,0.00010113279859069735,2.1328618458937854e-05,82.09407216494846,8.125,34.4237826867906,7.7816916789677855,0.02680121548473835,0.021088333800435066,0.04805237054824829,0.031000733375549316,0.032301269471645355,0.02668469026684761,0.025667184963822365,0.019934447016566992,70.79896907216495,13.34407216494845,34.93329829613822,15.212914418024713
Shoplifting028_x264,Shoplifting,1344,270,0.6381649971008301,0.9945629239082336,0.9830966591835022,0.551450252532959,82.74708600593144,40.83894156957807,0.7497797608375549,0.9981792569160461,0.9966717958450317,0.6877118349075317,83.01193185736948,43.009469416321686,0.6685230135917664,0.03035801649093628,0.9994329810142517,0.004870057106018066,0.9979586005210876,0.01486194133758545,0.5857040286064148,0.03425377607345581,88.13228498517138,5.385198979239945,59.53010892916798,18.69116735958991,0.7841760516166687,0.03439629077911377,0.9965404868125916,-0.0016387701034545898,0.9960309267044067,-0.000640869140625,0.7309165596961975,0.04320472478866577,98.45023794744465,15.438306090075173,93.69021360094632,50.680744184624636
Shoplifting029_x264,Shoplifting,2176,450,0.46686244010925293,0.9634280204772949,0.9133870005607605,0.3504452705383301,92.3020471224411,68.87088141286424,0.6113755702972412,0.9245925545692444,0.8933303356170654,0.5378646850585938,94.71636410454487,73.06455371973519,0.3980545997619629,-0.06880784034729004,0.9794915914535522,0.016063570976257324,0.9316847324371338,0.01829773187637329,0.2589274048805237,-0.0915178656578064,96.06360242049698,3.7615552980558817,82.76821340843429,13.897331995570056,0.43717435002326965,-0.17420122027397156,0.8543335795402527,-0.0702589750289917,0.7792064547538757,-0.1141238808631897,0.34800031781196594,-0.1898643672466278,95.74224282219646,1.0258787176515938,81.79608877921764,8.731535059482454
Shoplifting031_x264,Shoplifting,432,210,0.0866309106349945,0.32525399327278137,0.032562676817178726,0.13777655363082886,1.1282711282711269,31.430509885255763,0.21931485831737518,0.33362650871276855,0.18491999804973602,0.25185054540634155,15.954525954525952,34.59466892544696,0.5500426888465881,0.46341177821159363,0.9419875144958496,0.6167335212230682,0.422145813703537,0.38958313688635826,0.6710261702537537,0.5332496166229248,1.1282711282711269,0.0,31.430509885255763,0.0,0.8615981340408325,0.6422832757234573,0.9363518357276917,0.6027253270149231,0.8664838075637817,0.6815638095140457,0.8569766879081726,0.605126142501831,45.95023595023594,29.99570999570999,44.363856326483486,9.769187401036525
Shoplifting033_x264,Shoplifting,896,120,0.05196865275502205,0.13128596544265747,0.06602303683757782,0.04979528859257698,69.89690721649484,20.959064737005917,0.03948822617530823,0.07545799016952515,0.042382676154375076,0.03904062882065773,61.786941580756015,17.61267515114769,0.0031306904274970293,-0.04883796232752502,0.020029515027999878,-0.11125645041465759,0.003865951206535101,-0.06215708563104272,0.0030169901438057423,-0.04677829844877124,74.70790378006873,4.8109965635738945,24.229693073810722,3.270628336804805,0.06035812944173813,0.0208699032664299,0.10200566053390503,0.026547670364379883,0.08334814757108688,0.04096547141671181,0.05680296942591667,0.01776234060525894,77.21649484536083,15.429553264604813,25.92172962729229,8.309054476144599
Shoplifting034_x264,Shoplifting,11936,120,0.8247857093811035,0.9955762624740601,0.9696729183197021,0.8233143091201782,70.16249153689913,1.8592260292344738,0.9837526082992554,0.9979693293571472,0.995245099067688,0.9836359620094299,81.36989392913563,2.8977823853403026,0.6958689093589783,-0.12891680002212524,0.9987607002258301,0.0031844377517700195,0.9835622310638428,0.013889312744140625,0.692947268486023,-0.13036704063415527,83.1911532385466,13.02866170164748,3.1909559387083055,1.3317299094738317,0.8909491300582886,-0.0928034782409668,0.9934388399124146,-0.004530489444732666,0.9865551590919495,-0.008689939975738525,0.8899782299995422,-0.0936577320098877,86.5673662830061,5.197472353870467,4.004051708434759,1.1062693230944567
Shoplifting037_x264,Shoplifting,1376,60,0.09621285647153854,0.40337324142456055,0.25721070170402527,0.0888725221157074,88.78419452887539,19.538961038961038,0.10849485546350479,0.4226663112640381,0.15018931031227112,0.10659391433000565,86.59574468085106,17.03907203907204,0.11980905383825302,0.023596197366714478,0.7851349711418152,0.38176172971725464,0.23746554553508759,-0.019745156168937683,0.1144447922706604,0.025572270154953003,86.59574468085106,-2.1884498480243337,17.03907203907204,-2.4998889998889986,0.7951346039772034,0.6866397485136986,0.9560701847076416,0.5334038734436035,0.9455994963645935,0.7954101860523224,0.7882745265960693,0.6816806122660637,94.53900709219857,7.9432624113475185,32.55555555555556,15.516483516483518
Shoplifting039_x264,Shoplifting,2800,150,0.00825576763600111,0.21473658084869385,0.00029435649048537016,0.008706414140760899,70.76981132075471,9.168850626642653,0.008829070255160332,0.04685467481613159,0.007994096726179123,0.008876333013176918,70.72955974842768,9.133600977510978,0.0015154869761317968,-0.006740280659869313,0.08505743741989136,-0.1296791434288025,6.495510751847178e-05,-0.00022940138296689838,0.001597592723555863,-0.007108821417205036,73.33786163522014,2.568050314465424,9.941485306108325,0.7726346794656713,0.01210805308073759,0.003278982825577259,0.08064526319503784,0.03379058837890625,0.009783045388758183,0.0017889486625790596,0.012239659205079079,0.0033633261919021606,83.80327044025158,13.073710691823905,15.300064538156889,6.16646356064591
Shoplifting044_x264,Shoplifting,14544,180,0.7833876609802246,0.9949668049812317,0.8699579834938049,0.782302737236023,41.206411089452025,1.135231150804418,0.9796584248542786,0.997698187828064,0.981095552444458,0.9796404838562012,32.916550635848886,0.9915009577866267,0.6813567280769348,-0.1020309329032898,0.998101532459259,0.0031347274780273438,0.6492191553115845,-0.22073882818222046,0.6817594766616821,-0.10054326057434082,35.649308456326004,-5.557102633126021,1.036386668065375,-0.0988444827390429,0.9081537127494812,-0.07150471210479736,0.9975625276565552,-0.00013566017150878906,0.9866696000099182,0.005574047565460205,0.9071698188781738,-0.07247066497802734,40.17915158266035,7.262600946811467,1.1018169386449526,0.11031598085832584
Shoplifting049_x264,Shoplifting,2144,330,0.960145890712738,0.9964122176170349,0.9277225136756897,0.9660441875457764,16.81166683371755,9.440550969254765,0.9970570802688599,0.9988831281661987,0.9943914413452148,0.9975419044494629,3.3941398549998323,8.61009780742541,0.7515574097633362,-0.20858848094940186,0.9745234251022339,-0.021888792514801025,0.41283878684043884,-0.5148837268352509,0.8131766319274902,-0.15286755561828613,0.12796097691356784,-16.683705856803982,8.489309927545674,-0.9512410417090909,0.9786527156829834,-0.018404364585876465,0.9940834641456604,-0.00479966402053833,0.9579474925994873,-0.03644394874572754,0.9824193120002747,-0.015122592449188232,3.7255688082589957,0.33142895325916344,8.602017159238546,-0.008080648186863826
Stealing019_x264,Stealing,4896,240,0.7818924188613892,0.9881167411804199,0.9599151611328125,0.7727159857749939,80.2548682703322,15.627935996765085,0.9398738741874695,0.996086835861206,0.9886444211006165,0.9373598694801331,52.59163802978236,14.788176165773073,0.7459287047386169,-0.03596371412277222,0.993230938911438,0.005114197731018066,0.9676485657691956,0.007733404636383057,0.7344998121261597,-0.03821617364883423,90.51260022909509,10.25773195876289,25.27281877984931,9.644882783084224,0.9565721154212952,0.016698241233825684,0.996769905090332,0.0006830692291259766,0.9934600591659546,0.004815638065338135,0.9546706080436707,0.017310738563537598,84.26689576174111,31.67525773195875,18.652811973634805,3.864635807861731
Stealing036_x264,Stealing,2496,330,0.48478513956069946,0.9306153655052185,0.8370294570922852,0.43111908435821533,96.26654355186211,64.04410792253287,0.7403317093849182,0.8860145211219788,0.866243302822113,0.7211484909057617,98.49156383782423,81.6850798007631,0.8812936544418335,0.39650851488113403,0.9892426133155823,0.05862724781036377,0.9641512632369995,0.12712180614471436,0.8686699271202087,0.4375508427619934,77.87990710428383,-18.386636447578283,24.820419539029146,-39.22368838350373,0.9707617163658142,0.230430006980896,0.991615355014801,0.10560083389282227,0.990092396736145,0.12384909391403198,0.9678165912628174,0.24666810035705566,98.19608830689164,-0.2954755309325918,88.36141558875237,6.6763357879892595
Stealing058_x264,Stealing,4976,3090,0.9445491433143616,0.9999969005584717,0.9999619722366333,0.8537614941596985,98.8477523019215,99.2969326993603,0.9789743423461914,0.9996278285980225,0.9993952512741089,0.9455171823501587,98.29975256274301,98.95576548727017,0.9458324909210205,0.0012833476066589355,0.9999990463256836,2.1457672119140625e-06,0.9999857544898987,2.378225326538086e-05,0.8571083545684814,0.003346860408782959,98.31402910905427,-0.5337231928672281,99.06178657348723,-0.23514612587307226,0.9759346842765808,-0.0030396580696105957,0.9997479915618896,0.0001201629638671875,0.9996476173400879,0.0002523660659790039,0.9370835423469543,-0.008433640003204346,98.27174856805554,-0.028003994687466616,98.84108836741942,-0.11467711985075368
Stealing062_x264,Stealing,1552,690,0.9768028855323792,0.9971867203712463,0.995166540145874,0.9621034860610962,99.94922492350112,99.92613189529267,0.99637770652771,0.9994243383407593,0.9963402152061462,0.9964078664779663,19.887353307105148,31.37931310218749,0.9888784885406494,0.012075603008270264,0.9990323781967163,0.0018456578254699707,0.9975703358650208,0.0024037957191467285,0.9819210171699524,0.0198175311088562,87.91923063990046,-12.029994283600658,74.65977183867835,-25.266360056614317,0.9980981349945068,0.001720428466796875,0.9994140863418579,-1.0251998901367188e-05,0.9992460608482361,0.0029058456420898438,0.9971794486045837,0.0007715821266174316,85.26144120515148,65.37408789804634,72.29287511514192,40.913562012954436
Stealing079_x264,Stealing,5840,1650,0.8969659805297852,0.9994423985481262,0.9903517365455627,0.8601910471916199,80.53550300137414,52.99064017985469,0.9892528057098389,0.9973735213279724,0.9949586391448975,0.9870060086250305,88.1898604180227,82.18056016275732,0.7179732918739319,-0.17899268865585327,0.9986414313316345,-0.0008009672164916992,0.9668999910354614,-0.02345174551010132,0.6199471950531006,-0.2402438521385193,84.00002892890721,3.4645259275330744,56.34593795855931,3.3552977787046245,0.9943447709083557,0.005091965198516846,0.9995052218437195,0.0021317005157470703,0.9986821413040161,0.0037235021591186523,0.9926368594169617,0.005630850791931152,84.36476459101758,-3.8250958270051285,65.64428909744613,-16.536271065311183
Vandalism007_x264,Vandalism,1136,510,0.9358597993850708,0.9959834814071655,0.9418294429779053,0.9309963583946228,63.71170832550273,68.24150890661662,0.9924126267433167,0.9968969225883484,0.9946610331535339,0.9905809164047241,60.754870638351186,46.961837222905054,0.9792466759681702,0.043386876583099365,0.9997859597206116,0.003802478313446045,0.9971738457679749,0.05534440279006958,0.9646413326263428,0.03364497423171997,85.89300256843951,22.181294242936787,83.31255144901436,15.071042542397748,0.9955618381500244,0.0031492114067077637,0.9989044666290283,0.0020075440406799316,0.9978987574577332,0.0032377243041992188,0.9936578273773193,0.003076910972595215,57.15654952076677,-3.598321117584419,45.23655148448273,-1.725285738422322
Vandalism015_x264,Vandalism,2976,690,0.9840109348297119,0.9993346333503723,0.9983965158462524,0.9796688556671143,99.28702752735619,97.9011774720896,0.9960429072380066,0.9982289671897888,0.9973437190055847,0.9956501126289368,94.01435327830397,68.72910316963315,0.9563620090484619,-0.02764892578125,0.9987549781799316,-0.0005796551704406738,0.9957965612411499,-0.002599954605102539,0.9444591999053955,-0.03520965576171875,97.71070282881307,-1.576324698543118,85.25270868133057,-12.648468790759026,0.9823177456855774,-0.0137251615524292,0.9992473721504211,0.0010184049606323242,0.993352472782135,-0.003991246223449707,0.9789870381355286,-0.016663074493408203,93.30023964395755,-0.7141136343464183,67.73450700978648,-0.9945961598466653
Vandalism017_x264,Vandalism,1008,120,0.9990658164024353,0.9999685287475586,0.9999582767486572,0.9989452362060547,85.64564564564564,50.3084505541347,0.998262345790863,0.998886227607727,0.9987480044364929,0.9981967210769653,94.83483483483484,73.72751322751321,0.9974927306175232,-0.0015730857849121094,0.9999204874038696,-4.8041343688964844e-05,0.9998406767845154,-0.0001175999641418457,0.997175395488739,-0.0017698407173156738,80.0,-5.645645645645644,28.140029844853213,-22.168420709281488,0.9979320168495178,-0.00033032894134521484,0.9989427924156189,5.65648078918457e-05,0.9987030625343323,-4.494190216064453e-05,0.9978278875350952,-0.0003688335418701172,81.0810810810811,-13.753753753753742,27.882327877732287,-45.84518534978093
Vandalism028_x264,Vandalism,4480,420,0.8682906031608582,0.9913813471794128,0.9556661248207092,0.8592516779899597,87.81749941355852,55.70923985579302,0.9788314700126648,0.9938700199127197,0.9876819252967834,0.9779158234596252,64.38986629134413,38.21983698069512,0.939254641532898,0.0709640383720398,0.99349445104599,0.0021131038665771484,0.983506441116333,0.02784031629562378,0.9346768856048584,0.07542520761489868,94.82852451325358,7.011025099695061,67.64987490887157,11.940635053078545,0.990296483039856,0.011465013027191162,0.9971567392349243,0.00328671932220459,0.9935874342918396,0.005905508995056152,0.9899560809135437,0.012040257453918457,63.45906638517476,-0.9307999061693764,28.555695752741357,-9.664141227953763
Vandalism036_x264,Vandalism,1440,330,0.9980108737945557,0.9998557567596436,0.999666154384613,0.99751877784729,82.5984165984166,57.258205950105335,0.995774507522583,0.9982473850250244,0.9971073865890503,0.9953780174255371,84.86104286104286,68.83652951411278,0.9520329833030701,-0.045977890491485596,0.9917129278182983,-0.008142828941345215,0.9665860533714294,-0.033080101013183594,0.9477065205574036,-0.049812257289886475,63.27436527436527,-19.324051324051332,43.32524013318331,-13.932965816922028,0.9900351762771606,-0.005739331245422363,0.9956081509590149,-0.0026392340660095215,0.9932835698127747,-0.0038238167762756348,0.989069402217865,-0.006308615207672119,75.43488943488944,-9.42615342615342,63.803082317528336,-5.033447196584447
Normal_Videos_003_x264,Normal,2816,0,0.0008227672078646719,0.0545252226293087,nan,0.0008227672078646719,nan,nan,0.007244844920933247,0.03374248743057251,nan,0.007244844920933247,nan,nan,0.026228690519928932,0.02540592331206426,0.9837433695793152,0.9292181469500065,nan,nan,0.026228690519928932,0.02540592331206426,nan,nan,nan,nan,0.11768978089094162,0.11044493597000837,0.9469563364982605,0.913213849067688,nan,nan,0.11768978089094162,0.11044493597000837,nan,nan,nan,nan
Normal_Videos_006_x264,Normal,448,0,0.0031427890062332153,0.030095933005213737,nan,0.0031427890062332153,nan,nan,0.004665791988372803,0.012701213359832764,nan,0.004665791988372803,nan,nan,0.056709177792072296,0.05356638878583908,0.6413211822509766,0.6112252492457628,nan,nan,0.056709177792072296,0.05356638878583908,nan,nan,nan,nan,0.08290423452854156,0.07823844254016876,0.31580275297164917,0.3031015396118164,nan,nan,0.08290423452854156,0.07823844254016876,nan,nan,nan,nan
Normal_Videos_010_x264,Normal,1040,0,0.0016126155387610197,0.0320335328578949,nan,0.0016126155387610197,nan,nan,0.028579095378518105,0.05839627981185913,nan,0.028579095378518105,nan,nan,0.03596697747707367,0.03435436193831265,0.2410096824169159,0.208976149559021,nan,nan,0.03596697747707367,0.03435436193831265,nan,nan,nan,nan,0.34882718324661255,0.32024808786809444,0.5124709010124207,0.4540746212005615,nan,nan,0.34882718324661255,0.32024808786809444,nan,nan,nan,nan
Normal_Videos_014_x264,Normal,1488,0,0.0008576693362556398,0.01663801819086075,nan,0.0008576693362556398,nan,nan,0.010986573062837124,0.013474464416503906,nan,0.010986573062837124,nan,nan,0.0008294649887830019,-2.8204347472637892e-05,0.026643751189112663,0.010005732998251915,nan,nan,0.0008294649887830019,-2.8204347472637892e-05,nan,nan,nan,nan,0.053887806832790375,0.04290123376995325,0.06666684150695801,0.0531923770904541,nan,nan,0.053887806832790375,0.04290123376995325,nan,nan,nan,nan
Normal_Videos_015_x264,Normal,480,0,6.340054096654058e-05,0.0011411982122808695,nan,6.340054096654058e-05,nan,nan,0.001954855630174279,0.003213047981262207,nan,0.001954855630174279,nan,nan,0.00022311785141937435,0.00015971731045283377,0.00428096204996109,0.0031397638376802206,nan,nan,0.00022311785141937435,0.00015971731045283377,nan,nan,nan,nan,0.008341552689671516,0.006386697059497237,0.011105835437774658,0.007892787456512451,nan,nan,0.008341552689671516,0.006386697059497237,nan,nan,nan,nan
Normal_Videos_018_x264,Normal,1168,0,1.8872960936278105e-05,0.0007922699442133307,nan,1.8872960936278105e-05,nan,nan,0.0012804432772099972,0.004840552806854248,nan,0.0012804432772099972,nan,nan,2.5870976969599724e-05,6.998016033321619e-06,0.0008920161635614932,9.974621934816241e-05,nan,nan,2.5870976969599724e-05,6.998016033321619e-06,nan,nan,nan,nan,0.0018939048750326037,0.0006134615978226066,0.006674528121948242,0.0018339753150939941,nan,nan,0.0018939048750326037,0.0006134615978226066,nan,nan,nan,nan
Normal_Videos_019_x264,Normal,2832,0,0.13978716731071472,0.5425789952278137,nan,0.13978716731071472,nan,nan,0.04385831207036972,0.10375535488128662,nan,0.04385831207036972,nan,nan,0.022770047187805176,-0.11701712012290955,0.9882022738456726,0.4456232786178589,nan,nan,0.022770047187805176,-0.11701712012290955,nan,nan,nan,nan,0.2478342056274414,0.20397589355707169,0.9262053966522217,0.8224500417709351,nan,nan,0.2478342056274414,0.20397589355707169,nan,nan,nan,nan
Normal_Videos_024_x264,Normal,1072,0,7.917640687082894e-06,0.0003207725239917636,nan,7.917640687082894e-06,nan,nan,0.0007015261799097061,0.0008820891380310059,nan,0.0007015261799097061,nan,nan,1.9812860045931302e-05,1.1895219358848408e-05,0.0009685091208666563,0.0006477365968748927,nan,nan,1.9812860045931302e-05,1.1895219358848408e-05,nan,nan,nan,nan,0.0034085316583514214,0.0027070054784417152,0.0046825408935546875,0.0038004517555236816,nan,nan,0.0034085316583514214,0.0027070054784417152,nan,nan,nan,nan
Normal_Videos_025_x264,Normal,592,0,4.2766087062773295e-06,0.0001301886368310079,nan,4.2766087062773295e-06,nan,nan,0.0007216092781163752,0.0009114742279052734,nan,0.0007216092781163752,nan,nan,3.859818207274657e-06,-4.1679049900267273e-07,0.00010944750829366967,-2.0741128537338227e-05,nan,nan,3.859818207274657e-06,-4.1679049900267273e-07,nan,nan,nan,nan,0.002381065394729376,0.0016594561166130006,0.0030286312103271484,0.002117156982421875,nan,nan,0.002381065394729376,0.0016594561166130006,nan,nan,nan,nan
Normal_Videos_027_x264,Normal,4912,0,0.00010861898044822738,0.008046969771385193,nan,0.00010861898044822738,nan,nan,0.0024305868428200483,0.00537484884262085,nan,0.0024305868428200483,nan,nan,2.1592055418295786e-05,-8.702692502993159e-05,0.0019272244535386562,-0.006119745317846537,nan,nan,2.1592055418295786e-05,-8.702692502993159e-05,nan,nan,nan,nan,0.015588909387588501,0.013158322544768453,0.04284858703613281,0.03747373819351196,nan,nan,0.015588909387588501,0.013158322544768453,nan,nan,nan,nan
Normal_Videos_033_x264,Normal,1680,0,2.6575626179692335e-05,0.001325747580267489,nan,2.6575626179692335e-05,nan,nan,0.0007720799767412245,0.0027332305908203125,nan,0.0007720799767412245,nan,nan,8.537852409062907e-05,5.8802897910936736e-05,0.0024998257867991924,0.0011740782065317035,nan,nan,8.537852409062907e-05,5.8802897910936736e-05,nan,nan,nan,nan,0.006350718438625336,0.005578638461884111,0.018792688846588135,0.016059458255767822,nan,nan,0.006350718438625336,0.005578638461884111,nan,nan,nan,nan
Normal_Videos_034_x264,Normal,1312,0,4.199070190225029e-06,0.0001654961524764076,nan,4.199070190225029e-06,nan,nan,0.0005685549112968147,0.00177842378616333,nan,0.0005685549112968147,nan,nan,5.150585639057681e-05,4.730678620035178e-05,0.0029000011272728443,0.0027345049747964367,nan,nan,5.150585639057681e-05,4.730678620035178e-05,nan,nan,nan,nan,0.002226593904197216,0.0016580389929004014,0.020045459270477295,0.018267035484313965,nan,nan,0.002226593904197216,0.0016580389929004014,nan,nan,nan,nan
Normal_Videos_041_x264,Normal,1264,0,0.001500184298492968,0.02227400243282318,nan,0.001500184298492968,nan,nan,0.009444309398531914,0.03424942493438721,nan,0.009444309398531914,nan,nan,0.0046418774873018265,0.0031416931888088584,0.07779063284397125,0.05551663041114807,nan,nan,0.0046418774873018265,0.0031416931888088584,nan,nan,nan,nan,0.04791302606463432,0.03846871666610241,0.2462676763534546,0.21201825141906738,nan,nan,0.04791302606463432,0.03846871666610241,nan,nan,nan,nan
Normal_Videos_042_x264,Normal,3152,0,4.71359953735373e-06,0.00038136442890390754,nan,4.71359953735373e-06,nan,nan,0.001556607079692185,0.002502620220184326,nan,0.001556607079692185,nan,nan,2.534472878323868e-05,2.063112924588495e-05,0.0027539164293557405,0.002372552000451833,nan,nan,2.534472878323868e-05,2.063112924588495e-05,nan,nan,nan,nan,0.001872848137281835,0.00031624105758965015,0.0034319162368774414,0.0009292960166931152,nan,nan,0.001872848137281835,0.00031624105758965015,nan,nan,nan,nan
Normal_Videos_048_x264,Normal,1648,0,6.90404194756411e-05,0.002958604833111167,nan,6.90404194756411e-05,nan,nan,0.0014581425348296762,0.002237558364868164,nan,0.0014581425348296762,nan,nan,6.601693894481286e-05,-3.0234805308282375e-06,0.0035000473726540804,0.0005414425395429134,nan,nan,6.601693894481286e-05,-3.0234805308282375e-06,nan,nan,nan,nan,0.006319511216133833,0.004861368681304157,0.008861839771270752,0.006624281406402588,nan,nan,0.006319511216133833,0.004861368681304157,nan,nan,nan,nan
Normal_Videos_050_x264,Normal,4192,0,0.0047172363847494125,0.32213911414146423,nan,0.0047172363847494125,nan,nan,0.014867848716676235,0.5140637159347534,nan,0.014867848716676235,nan,nan,0.02093862183392048,0.016221385449171066,0.9774207472801208,0.6552816331386566,nan,nan,0.02093862183392048,0.016221385449171066,nan,nan,nan,nan,0.0790097564458847,0.06414190772920847,0.9921290874481201,0.4780653715133667,nan,nan,0.0790097564458847,0.06414190772920847,nan,nan,nan,nan
Normal_Videos_051_x264,Normal,2352,0,0.0669846385717392,0.3988797068595886,nan,0.0669846385717392,nan,nan,0.0510995127260685,0.20504474639892578,nan,0.0510995127260685,nan,nan,0.19766102731227875,0.13067638874053955,0.85163414478302,0.4527544379234314,nan,nan,0.19766102731227875,0.13067638874053955,nan,nan,nan,nan,0.49568647146224976,0.44458695873618126,0.9278636574745178,0.722818911075592,nan,nan,0.49568647146224976,0.44458695873618126,nan,nan,nan,nan
Normal_Videos_056_x264,Normal,1568,0,0.09549008309841156,0.22800810635089874,nan,0.09549008309841156,nan,nan,0.029613198712468147,0.049156129360198975,nan,0.029613198712468147,nan,nan,0.031636450439691544,-0.06385363265872002,0.12384844571352005,-0.10415966063737869,nan,nan,0.031636450439691544,-0.06385363265872002,nan,nan,nan,nan,0.5247982740402222,0.495185075327754,0.7474366426467896,0.6982805132865906,nan,nan,0.5247982740402222,0.495185075327754,nan,nan,nan,nan
Normal_Videos_059_x264,Normal,1824,0,0.12458581477403641,0.5700345635414124,nan,0.12458581477403641,nan,nan,0.09133341163396835,0.40262484550476074,nan,0.09133341163396835,nan,nan,0.09496093541383743,-0.029624879360198975,0.37709948420524597,-0.19293507933616638,nan,nan,0.09496093541383743,-0.029624879360198975,nan,nan,nan,nan,0.6251349449157715,0.5338015332818031,0.9000463485717773,0.4974215030670166,nan,nan,0.6251349449157715,0.5338015332818031,nan,nan,nan,nan
Normal_Videos_063_x264,Normal,352,0,0.026301639154553413,0.10914211720228195,nan,0.026301639154553413,nan,nan,0.01693110354244709,0.04231029748916626,nan,0.01693110354244709,nan,nan,0.03150472044944763,0.0052030812948942184,0.20583653450012207,0.09669441729784012,nan,nan,0.03150472044944763,0.0052030812948942184,nan,nan,nan,nan,0.12314238399267197,0.10621128045022488,0.2878102660179138,0.24549996852874756,nan,nan,0.12314238399267197,0.10621128045022488,nan,nan,nan,nan
Normal_Videos_067_x264,Normal,1056,0,8.739832992432639e-06,0.00036204117350280285,nan,8.739832992432639e-06,nan,nan,0.0010678578400984406,0.0019645094871520996,nan,0.0010678578400984406,nan,nan,1.848149076977279e-05,9.741657777340151e-06,0.0008649823139421642,0.0005029411404393613,nan,nan,1.848149076977279e-05,9.741657777340151e-06,nan,nan,nan,nan,0.0022275708615779877,0.001159713021479547,0.003700554370880127,0.0017360448837280273,nan,nan,0.0022275708615779877,0.001159713021479547,nan,nan,nan,nan
Normal_Videos_070_x264,Normal,992,0,1.8137188817490824e-05,0.0008418344659730792,nan,1.8137188817490824e-05,nan,nan,0.0016058539040386677,0.001973092555999756,nan,0.0016058539040386677,nan,nan,2.3808777768863365e-05,5.6715889513725415e-06,0.001127034891396761,0.00028520042542368174,nan,nan,2.3808777768863365e-05,5.6715889513725415e-06,nan,nan,nan,nan,0.002087922766804695,0.00048206886276602745,0.002299487590789795,0.00032639503479003906,nan,nan,0.002087922766804695,0.00048206886276602745,nan,nan,nan,nan
Normal_Videos_100_x264,Normal,624,0,0.0006836723769083619,0.011517981998622417,nan,0.0006836723769083619,nan,nan,0.004263593815267086,0.00713115930557251,nan,0.004263593815267086,nan,nan,0.0001382095506414771,-0.0005454628262668848,0.0034614144824445248,-0.008056567516177893,nan,nan,0.0001382095506414771,-0.0005454628262668848,nan,nan,nan,nan,0.017003348097205162,0.012739754281938076,0.030134499073028564,0.023003339767456055,nan,nan,0.017003348097205162,0.012739754281938076,nan,nan,nan,nan
Normal_Videos_129_x264,Normal,464,0,0.09642569720745087,0.18074554204940796,nan,0.09642569720745087,nan,nan,0.1155468299984932,0.17163395881652832,nan,0.1155468299984932,nan,nan,0.48918798565864563,0.39276228845119476,0.7001996636390686,0.5194541215896606,nan,nan,0.48918798565864563,0.39276228845119476,nan,nan,nan,nan,0.7242703437805176,0.6087235137820244,0.8460704684257507,0.6744365096092224,nan,nan,0.7242703437805176,0.6087235137820244,nan,nan,nan,nan
Normal_Videos_150_x264,Normal,864,0,4.644996806746349e-05,0.00094470230396837,nan,4.644996806746349e-05,nan,nan,0.0034872060641646385,0.015116214752197266,nan,0.0034872060641646385,nan,nan,5.884357597096823e-05,1.2393607903504744e-05,0.0011569401249289513,0.0002122378209605813,nan,nan,5.884357597096823e-05,1.2393607903504744e-05,nan,nan,nan,nan,0.0027532565873116255,-0.000733949476853013,0.007727265357971191,-0.007388949394226074,nan,nan,0.0027532565873116255,-0.000733949476853013,nan,nan,nan,nan
Normal_Videos_168_x264,Normal,1728,0,7.25186982890591e-05,0.002296507591381669,nan,7.25186982890591e-05,nan,nan,0.00143653922714293,0.0023345947265625,nan,0.00143653922714293,nan,nan,7.179837120929733e-05,-7.203270797617733e-07,0.0031791466753929853,0.0008826390840113163,nan,nan,7.179837120929733e-05,-7.203270797617733e-07,nan,nan,nan,nan,0.014898001216351986,0.013461461989209056,0.02526414394378662,0.02292954921722412,nan,nan,0.014898001216351986,0.013461461989209056,nan,nan,nan,nan
Normal_Videos_175_x264,Normal,8832,0,0.014474384486675262,0.27772611379623413,nan,0.014474384486675262,nan,nan,0.07962337136268616,0.5892958641052246,nan,0.07962337136268616,nan,nan,0.0011335283052176237,-0.013340856181457639,0.08349118381738663,-0.1942349299788475,nan,nan,0.0011335283052176237,-0.013340856181457639,nan,nan,nan,nan,0.07471949607133865,-0.004903875291347504,0.38560181856155396,-0.20369404554367065,nan,nan,0.07471949607133865,-0.004903875291347504,nan,nan,nan,nan
Normal_Videos_182_x264,Normal,4080,0,0.15216097235679626,0.798118531703949,nan,0.15216097235679626,nan,nan,0.04329606890678406,0.2630738615989685,nan,0.04329606890678406,nan,nan,0.12227839231491089,-0.029882580041885376,0.8006282448768616,0.0025097131729125977,nan,nan,0.12227839231491089,-0.029882580041885376,nan,nan,nan,nan,0.24984505772590637,0.20654898881912231,0.8910734057426453,0.6279995441436768,nan,nan,0.24984505772590637,0.20654898881912231,nan,nan,nan,nan
Normal_Videos_189_x264,Normal,736,0,0.15108278393745422,0.5715938210487366,nan,0.15108278393745422,nan,nan,0.1393737643957138,0.33047664165496826,nan,0.1393737643957138,nan,nan,0.565397322177887,0.41431453824043274,0.8641738295555115,0.2925800085067749,nan,nan,0.565397322177887,0.41431453824043274,nan,nan,nan,nan,0.9326034784317017,0.7932297140359879,0.9790504574775696,0.6485738158226013,nan,nan,0.9326034784317017,0.7932297140359879,nan,nan,nan,nan
Normal_Videos_196_x264,Normal,2000,0,4.201382398605347e-05,0.0026198269333690405,nan,4.201382398605347e-05,nan,nan,0.003061791881918907,0.007041811943054199,nan,0.003061791881918907,nan,nan,0.00046383828157559037,0.0004218244575895369,0.02120111882686615,0.01858129189349711,nan,nan,0.00046383828157559037,0.0004218244575895369,nan,nan,nan,nan,0.011643272824585438,0.00858148094266653,0.02782571315765381,0.02078390121459961,nan,nan,0.011643272824585438,0.00858148094266653,nan,nan,nan,nan
Normal_Videos_203_x264,Normal,2560,0,0.00017030540038831532,0.005864334758371115,nan,0.00017030540038831532,nan,nan,0.002587325870990753,0.00593644380569458,nan,0.002587325870990753,nan,nan,0.000172443687915802,2.138287527486682e-06,0.00926567055284977,0.003401335794478655,nan,nan,0.000172443687915802,2.138287527486682e-06,nan,nan,nan,nan,0.020162153989076614,0.01757482811808586,0.06348621845245361,0.05754977464675903,nan,nan,0.020162153989076614,0.01757482811808586,nan,nan,nan,nan
Normal_Videos_210_x264,Normal,5408,0,0.00020913839398417622,0.02981461212038994,nan,0.00020913839398417622,nan,nan,0.0017981467535719275,0.034833431243896484,nan,0.0017981467535719275,nan,nan,0.01126751210540533,0.011058373711421154,0.9484125971794128,0.9185979850590229,nan,nan,0.01126751210540533,0.011058373711421154,nan,nan,nan,nan,0.040243346244096756,0.03844519949052483,0.95186847448349,0.9170350432395935,nan,nan,0.040243346244096756,0.03844519949052483,nan,nan,nan,nan
Normal_Videos_217_x264,Normal,1808,0,0.08769474178552628,0.41414675116539,nan,0.08769474178552628,nan,nan,0.0259158406406641,0.06133919954299927,nan,0.0259158406406641,nan,nan,0.01727275550365448,-0.0704219862818718,0.16379323601722717,-0.25035351514816284,nan,nan,0.01727275550365448,-0.0704219862818718,nan,nan,nan,nan,0.31241267919540405,0.28649683855473995,0.4717881679534912,0.41044896841049194,nan,nan,0.31241267919540405,0.28649683855473995,nan,nan,nan,nan
Normal_Videos_224_x264,Normal,6944,0,0.03586305305361748,0.3754129409790039,nan,0.03586305305361748,nan,nan,0.04447637125849724,0.17381501197814941,nan,0.04447637125849724,nan,nan,0.04608536139130592,0.010222308337688446,0.9937299489974976,0.6183170080184937,nan,nan,0.04608536139130592,0.010222308337688446,nan,nan,nan,nan,0.16645820438861847,0.12198183313012123,0.9682445526123047,0.7944295406341553,nan,nan,0.16645820438861847,0.12198183313012123,nan,nan,nan,nan
Normal_Videos_246_x264,Normal,4992,0,0.005995288956910372,0.14562258124351501,nan,0.005995288956910372,nan,nan,0.017702803015708923,0.14186692237854004,nan,0.017702803015708923,nan,nan,0.06548481434583664,0.05948952538892627,0.6700552701950073,0.5244326889514923,nan,nan,0.06548481434583664,0.05948952538892627,nan,nan,nan,nan,0.12035945802927017,0.10265665501356125,0.6863950490951538,0.5445281267166138,nan,nan,0.12035945802927017,0.10265665501356125,nan,nan,nan,nan
Normal_Videos_247_x264,Normal,8208,0,0.00025322791771031916,0.010258507914841175,nan,0.00025322791771031916,nan,nan,0.004067564848810434,0.013307034969329834,nan,0.004067564848810434,nan,nan,0.0007521708030253649,0.0004989428853150457,0.10018988698720932,0.08993137907236814,nan,nan,0.0007521708030253649,0.0004989428853150457,nan,nan,nan,nan,0.015601533465087414,0.01153396861627698,0.150204598903656,0.13689756393432617,nan,nan,0.015601533465087414,0.01153396861627698,nan,nan,nan,nan
Normal_Videos_248_x264,Normal,1136,0,2.384282197454013e-05,0.0008483074489049613,nan,2.384282197454013e-05,nan,nan,0.0008731207344681025,0.002255678176879883,nan,0.0008731207344681025,nan,nan,5.771794167230837e-05,3.387511969776824e-05,0.001603291486389935,0.0007549840374849737,nan,nan,5.771794167230837e-05,3.387511969776824e-05,nan,nan,nan,nan,0.004037088714540005,0.0031639679800719023,0.009794294834136963,0.00753861665725708,nan,nan,0.004037088714540005,0.0031639679800719023,nan,nan,nan,nan
Normal_Videos_251_x264,Normal,400,0,0.009248110465705395,0.11976222693920135,nan,0.009248110465705395,nan,nan,0.021086368709802628,0.0735282301902771,nan,0.021086368709802628,nan,nan,0.016003478318452835,0.00675536785274744,0.2232753187417984,0.10351309180259705,nan,nan,0.016003478318452835,0.00675536785274744,nan,nan,nan,nan,0.08262395113706589,0.06153758242726326,0.1267378330230713,0.05320960283279419,nan,nan,0.08262395113706589,0.06153758242726326,nan,nan,nan,nan
Normal_Videos_289_x264,Normal,848,0,1.610072831681464e-05,0.0006559820030815899,nan,1.610072831681464e-05,nan,nan,0.0008159628487192094,0.0013535618782043457,nan,0.0008159628487192094,nan,nan,5.411458187154494e-05,3.8013853554730304e-05,0.0019919436890631914,0.0013359616859816015,nan,nan,5.411458187154494e-05,3.8013853554730304e-05,nan,nan,nan,nan,0.0027228358667343855,0.001906873018015176,0.003949582576751709,0.0025960206985473633,nan,nan,0.0027228358667343855,0.001906873018015176,nan,nan,nan,nan
Normal_Videos_310_x264,Normal,2512,0,0.0006699658115394413,0.04362505301833153,nan,0.0006699658115394413,nan,nan,0.004840111825615168,0.02535414695739746,nan,0.004840111825615168,nan,nan,0.0008472581976093352,0.00017729238606989384,0.01791107840836048,-0.025713974609971046,nan,nan,0.0008472581976093352,0.00017729238606989384,nan,nan,nan,nan,0.039919186383485794,0.035079074557870626,0.09524261951446533,0.06988847255706787,nan,nan,0.039919186383485794,0.035079074557870626,nan,nan,nan,nan
Normal_Videos_312_x264,Normal,1248,0,8.081351552391425e-06,0.0002636861754581332,nan,8.081351552391425e-06,nan,nan,0.0013360946904867887,0.00177079439163208,nan,0.0013360946904867887,nan,nan,6.0603877500398085e-05,5.252252594800666e-05,0.0016899622278288007,0.0014262760523706675,nan,nan,6.0603877500398085e-05,5.252252594800666e-05,nan,nan,nan,nan,0.0029031718149781227,0.001567077124491334,0.009267985820770264,0.007497191429138184,nan,nan,0.0029031718149781227,0.001567077124491334,nan,nan,nan,nan
Normal_Videos_317_x264,Normal,928,0,0.0001649399782763794,0.005671242251992226,nan,0.0001649399782763794,nan,nan,0.005792111158370972,0.007253706455230713,nan,0.005792111158370972,nan,nan,0.00020336653687991202,3.842655860353261e-05,0.006222117692232132,0.0005508754402399063,nan,nan,0.00020336653687991202,3.842655860353261e-05,nan,nan,nan,nan,0.012035030871629715,0.006242919713258743,0.018571019172668457,0.011317312717437744,nan,nan,0.012035030871629715,0.006242919713258743,nan,nan,nan,nan
Normal_Videos_345_x264,Normal,208,0,0.003056246554479003,0.015581555664539337,nan,0.003056246554479003,nan,nan,0.014728812500834465,0.020372629165649414,nan,0.014728812500834465,nan,nan,0.01579652912914753,0.012740282574668527,0.05031825602054596,0.03473670035600662,nan,nan,0.01579652912914753,0.012740282574668527,nan,nan,nan,nan,0.07809312641620636,0.0633643139153719,0.10040462017059326,0.08003199100494385,nan,nan,0.07809312641620636,0.0633643139153719,nan,nan,nan,nan
Normal_Videos_352_x264,Normal,5392,0,1.5214178347378038e-05,0.00256680091843009,nan,1.5214178347378038e-05,nan,nan,0.0012349857715889812,0.005112588405609131,nan,0.0012349857715889812,nan,nan,0.0003713209880515933,0.00035610680970421527,0.09704306721687317,0.09447626629844308,nan,nan,0.0003713209880515933,0.00035610680970421527,nan,nan,nan,nan,0.012033762410283089,0.010798776638694108,0.4934788942337036,0.4883663058280945,nan,nan,0.012033762410283089,0.010798776638694108,nan,nan,nan,nan
Normal_Videos_360_x264,Normal,976,0,0.0019195699132978916,0.034296758472919464,nan,0.0019195699132978916,nan,nan,0.007996720261871815,0.010367989540100098,nan,0.007996720261871815,nan,nan,0.005340387113392353,0.0034208172000944614,0.08848202228546143,0.05418526381254196,nan,nan,0.005340387113392353,0.0034208172000944614,nan,nan,nan,nan,0.08227415382862091,0.0742774335667491,0.2628483176231384,0.25248032808303833,nan,nan,0.08227415382862091,0.0742774335667491,nan,nan,nan,nan
Normal_Videos_365_x264,Normal,6624,0,5.919096292927861e-05,0.010716411285102367,nan,5.919096292927861e-05,nan,nan,0.0038625842425972223,0.0114707350730896,nan,0.0038625842425972223,nan,nan,0.00010095236211782321,4.17613991885446e-05,0.005703394301235676,-0.005013016983866692,nan,nan,0.00010095236211782321,4.17613991885446e-05,nan,nan,nan,nan,0.016947420313954353,0.013084836071357131,0.04166477918624878,0.03019404411315918,nan,nan,0.016947420313954353,0.013084836071357131,nan,nan,nan,nan
Normal_Videos_401_x264,Normal,1616,0,0.001960793975740671,0.007067174185067415,nan,0.001960793975740671,nan,nan,0.004425663035362959,0.0074201226234436035,nan,0.004425663035362959,nan,nan,4.244393858243711e-05,-0.001918350037158234,0.0005545105668716133,-0.006512663618195802,nan,nan,4.244393858243711e-05,-0.001918350037158234,nan,nan,nan,nan,0.018402906134724617,0.013977243099361658,0.026741445064544678,0.019321322441101074,nan,nan,0.018402906134724617,0.013977243099361658,nan,nan,nan,nan
Normal_Videos_417_x264,Normal,1072,0,0.003214385360479355,0.020030539482831955,nan,0.003214385360479355,nan,nan,0.01003086008131504,0.03640580177307129,nan,0.01003086008131504,nan,nan,0.010815977118909359,0.007601591758430004,0.073747418820858,0.05371687933802605,nan,nan,0.010815977118909359,0.007601591758430004,nan,nan,nan,nan,0.06088823452591896,0.05085737444460392,0.2298784852027893,0.19347268342971802,nan,nan,0.06088823452591896,0.05085737444460392,nan,nan,nan,nan
Normal_Videos_439_x264,Normal,4224,0,0.005088503938168287,0.09151182323694229,nan,0.005088503938168287,nan,nan,0.012524263001978397,0.18816614151000977,nan,0.012524263001978397,nan,nan,0.0038595113437622786,-0.0012289925944060087,0.23035356402397156,0.13884174078702927,nan,nan,0.0038595113437622786,-0.0012289925944060087,nan,nan,nan,nan,0.06300205737352371,0.050477794371545315,0.5050308108329773,0.31686466932296753,nan,nan,0.06300205737352371,0.050477794371545315,nan,nan,nan,nan
Normal_Videos_452_x264,Normal,432,0,2.1964768166071735e-05,0.0002844620612449944,nan,2.1964768166071735e-05,nan,nan,0.00043880718294531107,0.0009233951568603516,nan,0.00043880718294531107,nan,nan,4.131069727009162e-05,1.9345929104019888e-05,0.0004483387165237218,0.0001638766552787274,nan,nan,4.131069727009162e-05,1.9345929104019888e-05,nan,nan,nan,nan,0.002198660746216774,0.001759853563271463,0.005818188190460205,0.0048947930335998535,nan,nan,0.002198660746216774,0.001759853563271463,nan,nan,nan,nan
Normal_Videos_453_x264,Normal,5312,0,0.0009279710939154029,0.028418945148587227,nan,0.0009279710939154029,nan,nan,0.002841380424797535,0.00535738468170166,nan,0.002841380424797535,nan,nan,4.388745583128184e-05,-0.000884083638084121,0.003986896947026253,-0.024432048201560974,nan,nan,4.388745583128184e-05,-0.000884083638084121,nan,nan,nan,nan,0.015828387811779976,0.012987007386982441,0.08356410264968872,0.07820671796798706,nan,nan,0.015828387811779976,0.012987007386982441,nan,nan,nan,nan
Normal_Videos_478_x264,Normal,4496,0,0.022037625312805176,0.5917888283729553,nan,0.022037625312805176,nan,nan,0.03918022662401199,0.42395561933517456,nan,0.03918022662401199,nan,nan,0.014157107099890709,-0.007880518212914467,0.4318183958530426,-0.15997043251991272,nan,nan,0.014157107099890709,-0.007880518212914467,nan,nan,nan,nan,0.3524360656738281,0.31325583904981613,0.6027182340621948,0.17876261472702026,nan,nan,0.3524360656738281,0.31325583904981613,nan,nan,nan,nan
Normal_Videos_576_x264,Normal,11264,0,0.013481208123266697,0.40814027190208435,nan,0.013481208123266697,nan,nan,0.025099987164139748,0.3396672010421753,nan,0.025099987164139748,nan,nan,0.009699210524559021,-0.003781997598707676,0.36430442333221436,-0.043835848569869995,nan,nan,0.009699210524559021,-0.003781997598707676,nan,nan,nan,nan,0.11087267845869064,0.0857726912945509,0.49117082357406616,0.15150362253189087,nan,nan,0.11087267845869064,0.0857726912945509,nan,nan,nan,nan
Normal_Videos_597_x264,Normal,2224,0,0.0038596594240516424,0.03691171854734421,nan,0.0038596594240516424,nan,nan,0.020252782851457596,0.08438622951507568,nan,0.020252782851457596,nan,nan,0.11304010450839996,0.10918044508434832,0.7415645718574524,0.7046528533101082,nan,nan,0.11304010450839996,0.10918044508434832,nan,nan,nan,nan,0.22642956674098969,0.2061767838895321,0.824002206325531,0.7396159768104553,nan,nan,0.22642956674098969,0.2061767838895321,nan,nan,nan,nan
Normal_Videos_603_x264,Normal,3264,0,6.127721462689806e-06,0.0005472027696669102,nan,6.127721462689806e-06,nan,nan,0.0008189321961253881,0.0015445947647094727,nan,0.0008189321961253881,nan,nan,0.0003514977579470724,0.0003453700364843826,0.03490959107875824,0.03436238830909133,nan,nan,0.0003514977579470724,0.0003453700364843826,nan,nan,nan,nan,0.016326701268553734,0.015507769072428346,0.1849750280380249,0.18343043327331543,nan,nan,0.016326701268553734,0.015507769072428346,nan,nan,nan,nan
Normal_Videos_606_x264,Normal,1232,0,1.2747350410791114e-05,0.0005720565095543861,nan,1.2747350410791114e-05,nan,nan,0.0012356205843389034,0.0018254518508911133,nan,0.0012356205843389034,nan,nan,0.0039927056059241295,0.003979958255513338,0.17482689023017883,0.17425483372062445,nan,nan,0.0039927056059241295,0.003979958255513338,nan,nan,nan,nan,0.007156355772167444,0.005920735187828541,0.12868690490722656,0.12686145305633545,nan,nan,0.007156355772167444,0.005920735187828541,nan,nan,nan,nan
Normal_Videos_621_x264,Normal,4800,0,0.00010787885548779741,0.0067179249599576,nan,0.00010787885548779741,nan,nan,0.002550888806581497,0.007481575012207031,nan,0.002550888806581497,nan,nan,3.6786812415812165e-05,-7.109204307198524e-05,0.004342074505984783,-0.0023758504539728165,nan,nan,3.6786812415812165e-05,-7.109204307198524e-05,nan,nan,nan,nan,0.006692828144878149,0.004141939338296652,0.0167618989944458,0.00928032398223877,nan,nan,0.006692828144878149,0.004141939338296652,nan,nan,nan,nan
Normal_Videos_634_x264,Normal,13456,0,4.812425231648376e-06,0.0008059972897171974,nan,4.812425231648376e-06,nan,nan,0.0009183610673062503,0.001233816146850586,nan,0.0009183610673062503,nan,nan,1.78123518708162e-05,1.2999926639167825e-05,0.0031340238638222218,0.0023280265741050243,nan,nan,1.78123518708162e-05,1.2999926639167825e-05,nan,nan,nan,nan,0.001974355196580291,0.0010559941292740405,0.013796687126159668,0.012562870979309082,nan,nan,0.001974355196580291,0.0010559941292740405,nan,nan,nan,nan
Normal_Videos_641_x264,Normal,3600,0,0.002636960009112954,0.05329899117350578,nan,0.002636960009112954,nan,nan,0.024200525134801865,0.07161462306976318,nan,0.024200525134801865,nan,nan,0.005675837863236666,0.0030388778541237116,0.09571943432092667,0.04242044314742088,nan,nan,0.005675837863236666,0.0030388778541237116,nan,nan,nan,nan,0.05578164383769035,0.03158111870288849,0.27189260721206665,0.20027798414230347,nan,nan,0.05578164383769035,0.03158111870288849,nan,nan,nan,nan
Normal_Videos_656_x264,Normal,1808,0,0.00013096090697217733,0.00280230725184083,nan,0.00013096090697217733,nan,nan,0.001035293098539114,0.0023345947265625,nan,0.001035293098539114,nan,nan,0.0002754130109678954,0.00014445210399571806,0.004925760440528393,0.002123453188687563,nan,nan,0.0002754130109678954,0.00014445210399571806,nan,nan,nan,nan,0.00948389619588852,0.008448603097349405,0.03203022480010986,0.029695630073547363,nan,nan,0.00948389619588852,0.008448603097349405,nan,nan,nan,nan
Normal_Videos_686_x264,Normal,2400,0,0.004493632819503546,0.26480305194854736,nan,0.004493632819503546,nan,nan,0.0036817300133407116,0.06296032667160034,nan,0.0036817300133407116,nan,nan,0.004271714016795158,-0.00022191880270838737,0.2594885230064392,-0.005314528942108154,nan,nan,0.004271714016795158,-0.00022191880270838737,nan,nan,nan,nan,0.011688164435327053,0.008006434421986341,0.31978923082351685,0.2568289041519165,nan,nan,0.011688164435327053,0.008006434421986341,nan,nan,nan,nan
Normal_Videos_696_x264,Normal,3616,0,0.007230503484606743,0.5262178778648376,nan,0.007230503484606743,nan,nan,0.011087107472121716,0.08976525068283081,nan,0.011087107472121716,nan,nan,0.014043914154171944,0.006813410669565201,0.6090266108512878,0.0828087329864502,nan,nan,0.014043914154171944,0.006813410669565201,nan,nan,nan,nan,0.16663840413093567,0.15555129665881395,0.34021294116973877,0.25044769048690796,nan,nan,0.16663840413093567,0.15555129665881395,nan,nan,nan,nan
Normal_Videos_702_x264,Normal,2512,0,0.0001821199693949893,0.00587425334379077,nan,0.0001821199693949893,nan,nan,0.00339135923422873,0.00966501235961914,nan,0.00339135923422873,nan,nan,8.784531382843852e-05,-9.427465556655079e-05,0.006053045392036438,0.0001787920482456684,nan,nan,8.784531382843852e-05,-9.427465556655079e-05,nan,nan,nan,nan,0.0049789901822805405,0.0015876309480518103,0.010729193687438965,0.0010641813278198242,nan,nan,0.0049789901822805405,0.0015876309480518103,nan,nan,nan,nan
Normal_Videos_704_x264,Normal,1680,0,0.26096558570861816,0.9208404421806335,nan,0.26096558570861816,nan,nan,0.2965297996997833,0.748517632484436,nan,0.2965297996997833,nan,nan,0.10347504168748856,-0.1574905440211296,0.7662739157676697,-0.15456652641296387,nan,nan,0.10347504168748856,-0.1574905440211296,nan,nan,nan,nan,0.32843512296676636,0.03190532326698303,0.7723106741905212,0.023793041706085205,nan,nan,0.32843512296676636,0.03190532326698303,nan,nan,nan,nan
Normal_Videos_710_x264,Normal,1792,0,0.0007043105433695018,0.018116028979420662,nan,0.0007043105433695018,nan,nan,0.006397281773388386,0.012527763843536377,nan,0.006397281773388386,nan,nan,0.001495220116339624,0.0007909095729701221,0.013307090848684311,-0.004808938130736351,nan,nan,0.001495220116339624,0.0007909095729701221,nan,nan,nan,nan,0.11838020384311676,0.11198292206972837,0.31684279441833496,0.3043150305747986,nan,nan,0.11838020384311676,0.11198292206972837,nan,nan,nan,nan
Normal_Videos_717_x264,Normal,1248,0,0.00010928873234661296,0.0029473418835550547,nan,0.00010928873234661296,nan,nan,0.004030338488519192,0.011980593204498291,nan,0.004030338488519192,nan,nan,0.0016362806782126427,0.0015269919458660297,0.0842222049832344,0.08127486309967935,nan,nan,0.0016362806782126427,0.0015269919458660297,nan,nan,nan,nan,0.021946586668491364,0.017916248179972172,0.183219313621521,0.1712387204170227,nan,nan,0.021946586668491364,0.017916248179972172,nan,nan,nan,nan
Normal_Videos_722_x264,Normal,8720,0,3.511613977025263e-05,0.0025420249439775944,nan,3.511613977025263e-05,nan,nan,0.0014530529733747244,0.014939963817596436,nan,0.0014530529733747244,nan,nan,3.552247289917432e-05,4.063331289216876e-07,0.003272535977885127,0.0007305110339075327,nan,nan,3.552247289917432e-05,4.063331289216876e-07,nan,nan,nan,nan,0.004907029215246439,0.0034539762418717146,0.0556376576423645,0.040697693824768066,nan,nan,0.004907029215246439,0.0034539762418717146,nan,nan,nan,nan
Normal_Videos_725_x264,Normal,912,0,0.23889006674289703,0.5181824564933777,nan,0.23889006674289703,nan,nan,0.2559581995010376,0.46418190002441406,nan,0.2559581995010376,nan,nan,0.17196549475193024,-0.0669245719909668,0.5690512657165527,0.05086880922317505,nan,nan,0.17196549475193024,-0.0669245719909668,nan,nan,nan,nan,0.864473819732666,0.6085156202316284,0.9667254090309143,0.5025435090065002,nan,nan,0.864473819732666,0.6085156202316284,nan,nan,nan,nan
Normal_Videos_745_x264,Normal,304,0,0.0002032025222433731,0.002379386452957988,nan,0.0002032025222433731,nan,nan,0.008338946849107742,0.009091734886169434,nan,0.008338946849107742,nan,nan,0.000524022791069001,0.00032082026882562786,0.004775104112923145,0.0023957176599651575,nan,nan,0.000524022791069001,0.00032082026882562786,nan,nan,nan,nan,0.03734045848250389,0.02900151163339615,0.04300045967102051,0.033908724784851074,nan,nan,0.03734045848250389,0.02900151163339615,nan,nan,nan,nan
Normal_Videos_758_x264,Normal,1584,0,3.575673690647818e-05,0.0016398020088672638,nan,3.575673690647818e-05,nan,nan,0.001318307826295495,0.0020759105682373047,nan,0.001318307826295495,nan,nan,6.494159606518224e-05,2.9184859158704057e-05,0.0033077283296734095,0.0016679263208061457,nan,nan,6.494159606518224e-05,2.9184859158704057e-05,nan,nan,nan,nan,0.0071263001300394535,0.0058079923037439585,0.009966433048248291,0.007890522480010986,nan,nan,0.0071263001300394535,0.0058079923037439585,nan,nan,nan,nan
Normal_Videos_778_x264,Normal,1248,0,3.5133347410010174e-05,0.001045769895426929,nan,3.5133347410010174e-05,nan,nan,0.0022766506299376488,0.005279541015625,nan,0.0022766506299376488,nan,nan,0.00043879309669137,0.00040365974928135984,0.014925189316272736,0.013879419420845807,nan,nan,0.00043879309669137,0.00040365974928135984,nan,nan,nan,nan,0.011469334363937378,0.00919268373399973,0.03950697183609009,0.03422743082046509,nan,nan,0.011469334363937378,0.00919268373399973,nan,nan,nan,nan
Normal_Videos_780_x264,Normal,2016,0,1.499470727139851e-06,9.008294000523165e-05,nan,1.499470727139851e-06,nan,nan,0.0005401401431299746,0.0008724331855773926,nan,0.0005401401431299746,nan,nan,6.921746717125643e-06,5.422275989985792e-06,0.00047444889787584543,0.0003843659578706138,nan,nan,6.921746717125643e-06,5.422275989985792e-06,nan,nan,nan,nan,0.0016895475564524531,0.0011494074133224785,0.005949079990386963,0.00507664680480957,nan,nan,0.0016895475564524531,0.0011494074133224785,nan,nan,nan,nan
Normal_Videos_781_x264,Normal,3968,0,9.090674097933515e-07,0.00012911886733490974,nan,9.090674097933515e-07,nan,nan,0.0004322391760069877,0.000637352466583252,nan,0.0004322391760069877,nan,nan,0.000230353805818595,0.00022944473840880164,0.05475335195660591,0.054624233089271,nan,nan,0.000230353805818595,0.00022944473840880164,nan,nan,nan,nan,0.001326896483078599,0.0008946573070716113,0.014159917831420898,0.013522565364837646,nan,nan,0.001326896483078599,0.0008946573070716113,nan,nan,nan,nan
Normal_Videos_782_x264,Normal,5536,0,8.607162271800917e-06,0.0011921210680156946,nan,8.607162271800917e-06,nan,nan,0.0012164122890681028,0.002883434295654297,nan,0.0012164122890681028,nan,nan,2.0499452148214914e-05,1.1892289876413997e-05,0.00271862605586648,0.0015265049878507853,nan,nan,2.0499452148214914e-05,1.1892289876413997e-05,nan,nan,nan,nan,0.0035356199368834496,0.0023192076478153467,0.008224964141845703,0.005341529846191406,nan,nan,0.0035356199368834496,0.0023192076478153467,nan,nan,nan,nan
Normal_Videos_783_x264,Normal,9584,0,3.066486169700511e-05,0.004807329270988703,nan,3.066486169700511e-05,nan,nan,0.0017960831755772233,0.004671692848205566,nan,0.0017960831755772233,nan,nan,5.767444599769078e-05,2.7009584300685674e-05,0.00829359795898199,0.003486268687993288,nan,nan,5.767444599769078e-05,2.7009584300685674e-05,nan,nan,nan,nan,0.0026215300895273685,0.0008254469139501452,0.00811612606048584,0.0034444332122802734,nan,nan,0.0026215300895273685,0.0008254469139501452,nan,nan,nan,nan
Normal_Videos_798_x264,Normal,6000,0,0.0003472869284451008,0.014384904876351357,nan,0.0003472869284451008,nan,nan,0.0057068271562457085,0.0077582597732543945,nan,0.0057068271562457085,nan,nan,0.00012611244164872915,-0.00022117448679637164,0.008592533878982067,-0.005792370997369289,nan,nan,0.00012611244164872915,-0.00022117448679637164,nan,nan,nan,nan,0.009943965822458267,0.004237138666212559,0.015431046485900879,0.007672786712646484,nan,nan,0.009943965822458267,0.004237138666212559,nan,nan,nan,nan
Normal_Videos_801_x264,Normal,2736,0,0.0002676003787200898,0.014319621957838535,nan,0.0002676003787200898,nan,nan,0.0035314043052494526,0.009694337844848633,nan,0.0035314043052494526,nan,nan,0.0007752050878480077,0.0005076047091279179,0.029970496892929077,0.015650874935090542,nan,nan,0.0007752050878480077,0.0005076047091279179,nan,nan,nan,nan,0.031561337411403656,0.028029933106154203,0.08863681554794312,0.07894247770309448,nan,nan,0.031561337411403656,0.028029933106154203,nan,nan,nan,nan
Normal_Videos_828_x264,Normal,928,0,0.00014790242130402476,0.0031357300467789173,nan,0.00014790242130402476,nan,nan,0.0027492581866681576,0.004190206527709961,nan,0.0027492581866681576,nan,nan,4.019061816507019e-05,-0.00010771180313895456,0.0017259455053135753,-0.001409784541465342,nan,nan,4.019061816507019e-05,-0.00010771180313895456,nan,nan,nan,nan,0.004976051859557629,0.002226793672889471,0.009663224220275879,0.005473017692565918,nan,nan,0.004976051859557629,0.002226793672889471,nan,nan,nan,nan
Normal_Videos_831_x264,Normal,448,0,0.0029770084656774998,0.026413388550281525,nan,0.0029770084656774998,nan,nan,0.010038440115749836,0.018274366855621338,nan,0.010038440115749836,nan,nan,0.019099554046988487,0.016122545581310987,0.19354650378227234,0.16713311523199081,nan,nan,0.019099554046988487,0.016122545581310987,nan,nan,nan,nan,0.05192740634083748,0.04188896622508764,0.07958924770355225,0.06131488084793091,nan,nan,0.05192740634083748,0.04188896622508764,nan,nan,nan,nan
Normal_Videos_866_x264,Normal,1184,0,0.000328676775097847,0.0032186927273869514,nan,0.000328676775097847,nan,nan,0.01099712960422039,0.029395341873168945,nan,0.01099712960422039,nan,nan,0.0016936903120949864,0.0013650135369971395,0.03920947387814522,0.035990781150758266,nan,nan,0.0016936903120949864,0.0013650135369971395,nan,nan,nan,nan,0.04006195440888405,0.029064824804663658,0.11394459009170532,0.08454924821853638,nan,nan,0.04006195440888405,0.029064824804663658,nan,nan,nan,nan
Normal_Videos_867_x264,Normal,624,0,2.2108155462774448e-05,0.0005739644402638078,nan,2.2108155462774448e-05,nan,nan,0.001782874227501452,0.00194549560546875,nan,0.001782874227501452,nan,nan,0.0008891173056326807,0.0008670091501699062,0.010001392103731632,0.009427427663467824,nan,nan,0.0008891173056326807,0.0008670091501699062,nan,nan,nan,nan,0.023962417617440224,0.02217954338993877,0.06669050455093384,0.06474500894546509,nan,nan,0.023962417617440224,0.02217954338993877,nan,nan,nan,nan
Normal_Videos_868_x264,Normal,2400,0,0.013261071406304836,0.47486189007759094,nan,0.013261071406304836,nan,nan,0.04135939106345177,0.3092508912086487,nan,0.04135939106345177,nan,nan,0.018651315942406654,0.005390244536101818,0.3759746551513672,-0.09888723492622375,nan,nan,0.018651315942406654,0.005390244536101818,nan,nan,nan,nan,0.3830707371234894,0.3417113460600376,0.8367972373962402,0.5275463461875916,nan,nan,0.3830707371234894,0.3417113460600376,nan,nan,nan,nan
Normal_Videos_869_x264,Normal,2400,0,0.0024660304188728333,0.2216765582561493,nan,0.0024660304188728333,nan,nan,0.01080603338778019,0.15315324068069458,nan,0.01080603338778019,nan,nan,0.00261593796312809,0.00014990754425525665,0.18434752523899078,-0.03732903301715851,nan,nan,0.00261593796312809,0.00014990754425525665,nan,nan,nan,nan,0.03751610592007637,0.02671007253229618,0.5769354701042175,0.42378222942352295,nan,nan,0.03751610592007637,0.02671007253229618,nan,nan,nan,nan
Normal_Videos_870_x264,Normal,592,0,5.6474686971341725e-06,0.00016953598242253065,nan,5.6474686971341725e-06,nan,nan,0.002963974606245756,0.00549548864364624,nan,0.002963974606245756,nan,nan,9.566554217599332e-05,9.001807347885915e-05,0.001858810894191265,0.0016892749117687345,nan,nan,9.566554217599332e-05,9.001807347885915e-05,nan,nan,nan,nan,0.011485042981803417,0.008521068375557661,0.014713525772094727,0.009218037128448486,nan,nan,0.011485042981803417,0.008521068375557661,nan,nan,nan,nan
Normal_Videos_871_x264,Normal,4352,0,0.00011485263530630618,0.008037842810153961,nan,0.00011485263530630618,nan,nan,0.006104535423219204,0.020898103713989258,nan,0.006104535423219204,nan,nan,0.00021961958555039018,0.000104766950244084,0.008977665565907955,0.000939822755753994,nan,nan,0.00021961958555039018,0.000104766950244084,nan,nan,nan,nan,0.02468022331595421,0.018575687892735004,0.07868337631225586,0.0577852725982666,nan,nan,0.02468022331595421,0.018575687892735004,nan,nan,nan,nan
Normal_Videos_872_x264,Normal,528,0,0.024034734815359116,0.09791620075702667,nan,0.024034734815359116,nan,nan,0.020688258111476898,0.0492132306098938,nan,0.020688258111476898,nan,nan,0.04780368506908417,0.023768950253725052,0.19223929941654205,0.09432309865951538,nan,nan,0.04780368506908417,0.023768950253725052,nan,nan,nan,nan,0.25366106629371643,0.23297280818223953,0.4171370267868042,0.3679237961769104,nan,nan,0.25366106629371643,0.23297280818223953,nan,nan,nan,nan
Normal_Videos_873_x264,Normal,1792,0,4.966580036125379e-06,0.00021759212540928274,nan,4.966580036125379e-06,nan,nan,0.0010430131806060672,0.0016766190528869629,nan,0.0010430131806060672,nan,nan,8.835668995743617e-05,8.33901099213108e-05,0.005078971851617098,0.004861379726207815,nan,nan,8.835668995743617e-05,8.33901099213108e-05,nan,nan,nan,nan,0.00994801614433527,0.008905002963729203,0.023741424083709717,0.022064805030822754,nan,nan,0.00994801614433527,0.008905002963729203,nan,nan,nan,nan
Normal_Videos_874_x264,Normal,4224,0,0.032112762331962585,0.32412952184677124,nan,0.032112762331962585,nan,nan,0.032514650374650955,0.4827668070793152,nan,0.032514650374650955,nan,nan,0.006391636561602354,-0.02572112577036023,0.4179016351699829,0.09377211332321167,nan,nan,0.006391636561602354,-0.02572112577036023,nan,nan,nan,nan,0.14098471403121948,0.10847006365656853,0.696334719657898,0.21356791257858276,nan,nan,0.14098471403121948,0.10847006365656853,nan,nan,nan,nan
Normal_Videos_875_x264,Normal,2560,0,7.0074629547889344e-06,0.0006132646230980754,nan,7.0074629547889344e-06,nan,nan,0.0010115473996847868,0.0017998218536376953,nan,0.0010115473996847868,nan,nan,6.7775654315482825e-06,-2.2989752324065194e-07,0.0008244440541602671,0.00021117943106219172,nan,nan,6.7775654315482825e-06,-2.2989752324065194e-07,nan,nan,nan,nan,0.0036413290072232485,0.0026297816075384617,0.0069005489349365234,0.005100727081298828,nan,nan,0.0036413290072232485,0.0026297816075384617,nan,nan,nan,nan
Normal_Videos_876_x264,Normal,336,0,0.003220392856746912,0.011115789413452148,nan,0.003220392856746912,nan,nan,0.007664178032428026,0.011535465717315674,nan,0.007664178032428026,nan,nan,0.010871928185224533,0.007651535328477621,0.06140381470322609,0.05028802528977394,nan,nan,0.010871928185224533,0.007651535328477621,nan,nan,nan,nan,0.06454029679298401,0.05687611876055598,0.12064105272293091,0.10910558700561523,nan,nan,0.06454029679298401,0.05687611876055598,nan,nan,nan,nan
Normal_Videos_877_x264,Normal,10016,0,0.026906693354249,0.21477007865905762,nan,0.026906693354249,nan,nan,0.03718496859073639,0.20312219858169556,nan,0.03718496859073639,nan,nan,0.12237514555454254,0.09546845220029354,0.6148727536201477,0.4001026749610901,nan,nan,0.12237514555454254,0.09546845220029354,nan,nan,nan,nan,0.1572398543357849,0.12005488574504852,0.7150728702545166,0.511950671672821,nan,nan,0.1572398543357849,0.12005488574504852,nan,nan,nan,nan
Normal_Videos_878_x264,Normal,256,0,0.6025195717811584,0.7044395208358765,nan,0.6025195717811584,nan,nan,0.7662554979324341,0.8407465219497681,nan,0.7662554979324341,nan,nan,0.9331134557723999,0.33059388399124146,0.9878315329551697,0.2833920121192932,nan,nan,0.9331134557723999,0.33059388399124146,nan,nan,nan,nan,0.9888240098953247,0.22256851196289062,0.9925306439399719,0.15178412199020386,nan,nan,0.9888240098953247,0.22256851196289062,nan,nan,nan,nan
Normal_Videos_879_x264,Normal,1136,0,0.0002916188968811184,0.008130778558552265,nan,0.0002916188968811184,nan,nan,0.006505649536848068,0.028195679187774658,nan,0.006505649536848068,nan,nan,0.001649354468099773,0.0013577355712186545,0.049960244446992874,0.04182946588844061,nan,nan,0.001649354468099773,0.0013577355712186545,nan,nan,nan,nan,0.11180827766656876,0.10530262812972069,0.23323208093643188,0.20503640174865723,nan,nan,0.11180827766656876,0.10530262812972069,nan,nan,nan,nan
Normal_Videos_880_x264,Normal,18048,0,0.026754874736070633,0.2821395993232727,nan,0.026754874736070633,nan,nan,0.019612452015280724,0.05803626775741577,nan,0.019612452015280724,nan,nan,0.002269769785925746,-0.024485104950144887,0.12076253443956375,-0.16137706488370895,nan,nan,0.002269769785925746,-0.024485104950144887,nan,nan,nan,nan,0.03657865151762962,0.0169661995023489,0.06836515665054321,0.010328888893127441,nan,nan,0.03657865151762962,0.0169661995023489,nan,nan,nan,nan
Normal_Videos_881_x264,Normal,224,0,4.448673644219525e-05,0.0004776734858751297,nan,4.448673644219525e-05,nan,nan,0.0009313566260971129,0.0012041330337524414,nan,0.0009313566260971129,nan,nan,4.878663457930088e-05,4.299898137105629e-06,0.0004977075732313097,2.0034087356179953e-05,nan,nan,4.878663457930088e-05,4.299898137105629e-06,nan,nan,nan,nan,0.0036770787555724382,0.0027457221294753253,0.005701720714569092,0.00449758768081665,nan,nan,0.0036770787555724382,0.0027457221294753253,nan,nan,nan,nan
Normal_Videos_882_x264,Normal,1648,0,1.4491895854007453e-05,0.00031118374317884445,nan,1.4491895854007453e-05,nan,nan,0.002377580152824521,0.008579850196838379,nan,0.002377580152824521,nan,nan,1.507769320596708e-05,5.857973519596271e-07,0.000801802787464112,0.0004906190442852676,nan,nan,1.507769320596708e-05,5.857973519596271e-07,nan,nan,nan,nan,0.004757520277053118,0.0023799401242285967,0.014970719814300537,0.006390869617462158,nan,nan,0.004757520277053118,0.0023799401242285967,nan,nan,nan,nan
Normal_Videos_883_x264,Normal,320,0,0.012434695847332478,0.049651164561510086,nan,0.012434695847332478,nan,nan,0.013698282651603222,0.01812875270843506,nan,0.013698282651603222,nan,nan,0.29184967279434204,0.27941497694700956,0.8395219445228577,0.7898707799613476,nan,nan,0.29184967279434204,0.27941497694700956,nan,nan,nan,nan,0.6872696876525879,0.6735714050009847,0.9047431349754333,0.8866143822669983,nan,nan,0.6872696876525879,0.6735714050009847,nan,nan,nan,nan
Normal_Videos_884_x264,Normal,9024,0,0.4347715973854065,0.9047473073005676,nan,0.4347715973854065,nan,nan,0.3765639066696167,0.8404020071029663,nan,0.3765639066696167,nan,nan,0.2942459285259247,-0.1405256688594818,0.874687910079956,-0.030059397220611572,nan,nan,0.2942459285259247,-0.1405256688594818,nan,nan,nan,nan,0.7254601120948792,0.34889620542526245,0.9451388716697693,0.10473686456680298,nan,nan,0.7254601120948792,0.34889620542526245,nan,nan,nan,nan
Normal_Videos_885_x264,Normal,464,0,1.613773019926157e-05,0.00033237822935916483,nan,1.613773019926157e-05,nan,nan,0.0009487826027907431,0.0010874271392822266,nan,0.0009487826027907431,nan,nan,3.937706060241908e-05,2.323933040315751e-05,0.0008369961869902909,0.000504617957631126,nan,nan,3.937706060241908e-05,2.323933040315751e-05,nan,nan,nan,nan,0.0038387507665902376,0.0028899681637994945,0.004463076591491699,0.0033756494522094727,nan,nan,0.0038387507665902376,0.0028899681637994945,nan,nan,nan,nan
Normal_Videos_886_x264,Normal,2736,0,5.229126600170275e-06,0.0006305498536676168,nan,5.229126600170275e-06,nan,nan,0.0011561264982447028,0.0015260577201843262,nan,0.0011561264982447028,nan,nan,1.5415535017382354e-05,1.0186408417212078e-05,0.0014095937367528677,0.0007790438830852509,nan,nan,1.5415535017382354e-05,1.0186408417212078e-05,nan,nan,nan,nan,0.005150504410266876,0.003994377912022173,0.007106482982635498,0.005580425262451172,nan,nan,0.005150504410266876,0.003994377912022173,nan,nan,nan,nan
Normal_Videos_887_x264,Normal,7616,0,0.4483366310596466,0.9901512861251831,nan,0.4483366310596466,nan,nan,0.6404661536216736,0.999484121799469,nan,0.6404661536216736,nan,nan,0.7747724056243896,0.32643577456474304,0.9980034232139587,0.007852137088775635,nan,nan,0.7747724056243896,0.32643577456474304,nan,nan,nan,nan,0.9651962518692017,0.3247300982475281,0.9979669451713562,-0.001517176628112793,nan,nan,0.9651962518692017,0.3247300982475281,nan,nan,nan,nan
Normal_Videos_888_x264,Normal,560,0,0.00045496958773583174,0.006093725562095642,nan,0.00045496958773583174,nan,nan,0.005655745044350624,0.011228501796722412,nan,0.005655745044350624,nan,nan,0.0018775769276544452,0.0014226073399186134,0.02155282348394394,0.015459097921848297,nan,nan,0.0018775769276544452,0.0014226073399186134,nan,nan,nan,nan,0.07315168529748917,0.06749594025313854,0.13984841108322144,0.12861990928649902,nan,nan,0.07315168529748917,0.06749594025313854,nan,nan,nan,nan
Normal_Videos_889_x264,Normal,304,0,0.00019506782700773329,0.002358029130846262,nan,0.00019506782700773329,nan,nan,0.001222641789354384,0.0014230012893676758,nan,0.001222641789354384,nan,nan,0.001049306709319353,0.0008542388823116198,0.0056142485700547695,0.0032562194392085075,nan,nan,0.001049306709319353,0.0008542388823116198,nan,nan,nan,nan,0.04592937231063843,0.044706730521284044,0.05058330297470093,0.04916030168533325,nan,nan,0.04592937231063843,0.044706730521284044,nan,nan,nan,nan
Normal_Videos_890_x264,Normal,3568,0,0.0007100653019733727,0.057231612503528595,nan,0.0007100653019733727,nan,nan,0.004153952933847904,0.008500516414642334,nan,0.004153952933847904,nan,nan,0.0005630001542158425,-0.0001470651477575302,0.07731696963310242,0.020085357129573822,nan,nan,0.0005630001542158425,-0.0001470651477575302,nan,nan,nan,nan,0.010339228436350822,0.006185275502502918,0.04391133785247803,0.03541082143783569,nan,nan,0.010339228436350822,0.006185275502502918,nan,nan,nan,nan
Normal_Videos_891_x264,Normal,1792,0,9.516153113509063e-06,0.0006332494085654616,nan,9.516153113509063e-06,nan,nan,0.0014809152344241738,0.0020951032638549805,nan,0.0014809152344241738,nan,nan,7.634470421180595e-06,-1.881682692328468e-06,0.0005730625125579536,-6.018689600750804e-05,nan,nan,7.634470421180595e-06,-1.881682692328468e-06,nan,nan,nan,nan,0.00374021427705884,0.002259299042634666,0.005035996437072754,0.0029408931732177734,nan,nan,0.00374021427705884,0.002259299042634666,nan,nan,nan,nan
Normal_Videos_892_x264,Normal,1760,0,0.011420669965445995,0.07652538269758224,nan,0.011420669965445995,nan,nan,0.011091005057096481,0.02315610647201538,nan,0.011091005057096481,nan,nan,0.16860081255435944,0.15718014258891344,0.5652137994766235,0.4886884167790413,nan,nan,0.16860081255435944,0.15718014258891344,nan,nan,nan,nan,0.41611331701278687,0.4050223119556904,0.783307671546936,0.7601515650749207,nan,nan,0.41611331701278687,0.4050223119556904,nan,nan,nan,nan
Normal_Videos_893_x264,Normal,6368,0,2.3634534954908304e-05,0.001817918149754405,nan,2.3634534954908304e-05,nan,nan,0.0026959870010614395,0.004862964153289795,nan,0.0026959870010614395,nan,nan,0.00031701737316325307,0.00029338283820834477,0.005000983830541372,0.0031830656807869673,nan,nan,0.00031701737316325307,0.00029338283820834477,nan,nan,nan,nan,0.011859052814543247,0.009163065813481808,0.0342901349067688,0.029427170753479004,nan,nan,0.011859052814543247,0.009163065813481808,nan,nan,nan,nan
Normal_Videos_894_x264,Normal,2560,0,0.022676467895507812,0.4687609374523163,nan,0.022676467895507812,nan,nan,0.01734262704849243,0.1723628044128418,nan,0.01734262704849243,nan,nan,0.014395341277122498,-0.008281126618385315,0.06676405668258667,-0.4019968807697296,nan,nan,0.014395341277122498,-0.008281126618385315,nan,nan,nan,nan,0.2072308510541916,0.18988822400569916,0.4078686833381653,0.2355058789253235,nan,nan,0.2072308510541916,0.18988822400569916,nan,nan,nan,nan
Normal_Videos_895_x264,Normal,3024,0,0.22918866574764252,0.7900612950325012,nan,0.22918866574764252,nan,nan,0.07741758227348328,0.22611117362976074,nan,0.07741758227348328,nan,nan,0.5889366269111633,0.3597479611635208,0.9729711413383484,0.18290984630584717,nan,nan,0.5889366269111633,0.3597479611635208,nan,nan,nan,nan,0.8751798868179321,0.7977623045444489,0.9890465140342712,0.7629353404045105,nan,nan,0.8751798868179321,0.7977623045444489,nan,nan,nan,nan
Normal_Videos_896_x264,Normal,2288,0,0.18884247541427612,0.5528483390808105,nan,0.18884247541427612,nan,nan,0.12856709957122803,0.2369077205657959,nan,0.12856709957122803,nan,nan,0.4038178622722626,0.21497538685798645,0.7677326202392578,0.21488428115844727,nan,nan,0.4038178622722626,0.21497538685798645,nan,nan,nan,nan,0.9071459174156189,0.7785788178443909,0.963016152381897,0.7261084318161011,nan,nan,0.9071459174156189,0.7785788178443909,nan,nan,nan,nan
Normal_Videos_897_x264,Normal,864,0,0.0010926180984824896,0.01735341176390648,nan,0.0010926180984824896,nan,nan,0.009040902368724346,0.01071774959564209,nan,0.009040902368724346,nan,nan,0.0011106730671599507,1.8054968677461147e-05,0.01902586780488491,0.0016724560409784317,nan,nan,0.0011106730671599507,1.8054968677461147e-05,nan,nan,nan,nan,0.04176599159836769,0.032725089229643345,0.050835371017456055,0.040117621421813965,nan,nan,0.04176599159836769,0.032725089229643345,nan,nan,nan,nan
Normal_Videos_898_x264,Normal,992,0,0.0009407304460182786,0.0074223000556230545,nan,0.0009407304460182786,nan,nan,0.012880460359156132,0.048770010471343994,nan,0.012880460359156132,nan,nan,0.0028876615688204765,0.001946931122802198,0.013347459957003593,0.005925159901380539,nan,nan,0.0028876615688204765,0.001946931122802198,nan,nan,nan,nan,0.05874694138765335,0.04586648102849722,0.2407422661781311,0.1919722557067871,nan,nan,0.05874694138765335,0.04586648102849722,nan,nan,nan,nan
Normal_Videos_899_x264,Normal,1376,0,0.0009014176903292537,0.013337095268070698,nan,0.0009014176903292537,nan,nan,0.003040152136236429,0.00811004638671875,nan,0.003040152136236429,nan,nan,0.003183681285008788,0.0022822635946795344,0.06456199288368225,0.05122489761561155,nan,nan,0.003183681285008788,0.0022822635946795344,nan,nan,nan,nan,0.018236415460705757,0.015196263324469328,0.0455092191696167,0.03739917278289795,nan,nan,0.018236415460705757,0.015196263324469328,nan,nan,nan,nan
Normal_Videos_900_x264,Normal,1440,0,0.025783276185393333,0.07387738674879074,nan,0.025783276185393333,nan,nan,0.019424693658947945,0.03084707260131836,nan,0.019424693658947945,nan,nan,0.029719727113842964,0.003936450928449631,0.5547138452529907,0.4808364585042,nan,nan,0.029719727113842964,0.003936450928449631,nan,nan,nan,nan,0.1497965008020401,0.13037180714309216,0.556867778301239,0.5260207056999207,nan,nan,0.1497965008020401,0.13037180714309216,nan,nan,nan,nan
Normal_Videos_901_x264,Normal,1168,0,0.3664814233779907,0.69297856092453,nan,0.3664814233779907,nan,nan,0.49900490045547485,0.7888944149017334,nan,0.49900490045547485,nan,nan,0.19979241490364075,-0.16668900847434998,0.6121957898139954,-0.08078277111053467,nan,nan,0.19979241490364075,-0.16668900847434998,nan,nan,nan,nan,0.7209416031837463,0.22193670272827148,0.9382202625274658,0.14932584762573242,nan,nan,0.7209416031837463,0.22193670272827148,nan,nan,nan,nan
Normal_Videos_902_x264,Normal,1376,0,0.04586288705468178,0.2894172966480255,nan,0.04586288705468178,nan,nan,0.053485698997974396,0.1856907606124878,nan,0.053485698997974396,nan,nan,0.11195201426744461,0.06608912721276283,0.9763256907463074,0.6869083940982819,nan,nan,0.11195201426744461,0.06608912721276283,nan,nan,nan,nan,0.37002789974212646,0.31654220074415207,0.9918181896209717,0.8061274290084839,nan,nan,0.37002789974212646,0.31654220074415207,nan,nan,nan,nan
Normal_Videos_903_x264,Normal,784,0,0.0015444706659764051,0.01308841910213232,nan,0.0015444706659764051,nan,nan,0.003355886321514845,0.00579911470413208,nan,0.003355886321514845,nan,nan,0.0014053097693249583,-0.00013916089665144682,0.024344297125935555,0.011255878023803234,nan,nan,0.0014053097693249583,-0.00013916089665144682,nan,nan,nan,nan,0.036891501396894455,0.03353561507537961,0.0703287124633789,0.06452959775924683,nan,nan,0.036891501396894455,0.03353561507537961,nan,nan,nan,nan
Normal_Videos_904_x264,Normal,896,0,0.002126543316990137,0.01858336851000786,nan,0.002126543316990137,nan,nan,0.005372452083975077,0.012870490550994873,nan,0.005372452083975077,nan,nan,0.004232090897858143,0.0021055475808680058,0.041798241436481476,0.023214872926473618,nan,nan,0.004232090897858143,0.0021055475808680058,nan,nan,nan,nan,0.06654316931962967,0.06117071723565459,0.1787542700767517,0.16588377952575684,nan,nan,0.06654316931962967,0.06117071723565459,nan,nan,nan,nan
Normal_Videos_905_x264,Normal,1184,0,0.002609559567645192,0.03835184872150421,nan,0.002609559567645192,nan,nan,0.005427798721939325,0.015184164047241211,nan,0.005427798721939325,nan,nan,0.010299759916961193,0.007690200349316001,0.30467313528060913,0.2663212865591049,nan,nan,0.010299759916961193,0.007690200349316001,nan,nan,nan,nan,0.07207024842500687,0.06664244970306754,0.7206324338912964,0.7054482698440552,nan,nan,0.07207024842500687,0.06664244970306754,nan,nan,nan,nan
Normal_Videos_906_x264,Normal,672,0,0.008129562251269817,0.059759825468063354,nan,0.008129562251269817,nan,nan,0.0066153863444924355,0.009984850883483887,nan,0.0066153863444924355,nan,nan,0.008756841532886028,0.0006272792816162109,0.180969700217247,0.12120987474918365,nan,nan,0.008756841532886028,0.0006272792816162109,nan,nan,nan,nan,0.09071334451436996,0.08409795816987753,0.5754497051239014,0.5654648542404175,nan,nan,0.09071334451436996,0.08409795816987753,nan,nan,nan,nan
Normal_Videos_907_x264,Normal,592,0,0.003966355696320534,0.03978654369711876,nan,0.003966355696320534,nan,nan,0.009767276234924793,0.020911753177642822,nan,0.009767276234924793,nan,nan,0.015356078743934631,0.011389723047614098,0.18611055612564087,0.1463240124285221,nan,nan,0.015356078743934631,0.011389723047614098,nan,nan,nan,nan,0.09310433268547058,0.08333705645054579,0.3147326707839966,0.29382091760635376,nan,nan,0.09310433268547058,0.08333705645054579,nan,nan,nan,nan
Normal_Videos_908_x264,Normal,880,0,0.0039623635821044445,0.04899071529507637,nan,0.0039623635821044445,nan,nan,0.007118477486073971,0.009492874145507812,nan,0.007118477486073971,nan,nan,0.000736161891836673,-0.0032262016902677715,0.01560615748167038,-0.03338455781340599,nan,nan,0.000736161891836673,-0.0032262016902677715,nan,nan,nan,nan,0.022524982690811157,0.015406505204737186,0.029826641082763672,0.02033376693725586,nan,nan,0.022524982690811157,0.015406505204737186,nan,nan,nan,nan
Normal_Videos_909_x264,Normal,864,0,0.013981020078063011,0.06540265679359436,nan,0.013981020078063011,nan,nan,0.051471028476953506,0.14671725034713745,nan,0.051471028476953506,nan,nan,0.022550221532583237,0.008569201454520226,0.1646212637424469,0.09921860694885254,nan,nan,0.022550221532583237,0.008569201454520226,nan,nan,nan,nan,0.1553405076265335,0.10386947914958,0.35410791635513306,0.2073906660079956,nan,nan,0.1553405076265335,0.10386947914958,nan,nan,nan,nan
Normal_Videos_910_x264,Normal,560,0,0.003650077385827899,0.021135538816452026,nan,0.003650077385827899,nan,nan,0.01946062408387661,0.02354598045349121,nan,0.01946062408387661,nan,nan,0.010382001288235188,0.0067319239024072886,0.10302551090717316,0.08188997209072113,nan,nan,0.010382001288235188,0.0067319239024072886,nan,nan,nan,nan,0.13143709301948547,0.11197646893560886,0.20691579580307007,0.18336981534957886,nan,nan,0.13143709301948547,0.11197646893560886,nan,nan,nan,nan
Normal_Videos_911_x264,Normal,768,0,0.03831930831074715,0.11317591369152069,nan,0.03831930831074715,nan,nan,0.032515425235033035,0.04041069746017456,nan,0.032515425235033035,nan,nan,0.010393899865448475,-0.02792540844529867,0.08165152370929718,-0.03152438998222351,nan,nan,0.010393899865448475,-0.02792540844529867,nan,nan,nan,nan,0.07591667026281357,0.04340124502778053,0.09866118431091309,0.058250486850738525,nan,nan,0.07591667026281357,0.04340124502778053,nan,nan,nan,nan
Normal_Videos_912_x264,Normal,736,0,0.07081525772809982,0.18373775482177734,nan,0.07081525772809982,nan,nan,0.06835736334323883,0.1313035488128662,nan,0.06835736334323883,nan,nan,0.04496318846940994,-0.02585206925868988,0.24062657356262207,0.05688881874084473,nan,nan,0.04496318846940994,-0.02585206925868988,nan,nan,nan,nan,0.16003963351249695,0.09168227016925812,0.2696596384048462,0.13835608959197998,nan,nan,0.16003963351249695,0.09168227016925812,nan,nan,nan,nan
Normal_Videos_913_x264,Normal,608,0,0.07501725107431412,0.2342967987060547,nan,0.07501725107431412,nan,nan,0.10305168479681015,0.1770254373550415,nan,0.10305168479681015,nan,nan,0.11159108579158783,0.03657383471727371,0.5244718790054321,0.29017508029937744,nan,nan,0.11159108579158783,0.03657383471727371,nan,nan,nan,nan,0.5875532031059265,0.48450151830911636,0.6800086498260498,0.5029832124710083,nan,nan,0.5875532031059265,0.48450151830911636,nan,nan,nan,nan
Normal_Videos_914_x264,Normal,880,0,0.00010377976286690682,0.002437066286802292,nan,0.00010377976286690682,nan,nan,0.0014739144826307893,0.0018079876899719238,nan,0.0014739144826307893,nan,nan,0.00017487745208200067,7.109768921509385e-05,0.004517542198300362,0.0020804759114980698,nan,nan,0.00017487745208200067,7.109768921509385e-05,nan,nan,nan,nan,0.010688486509025097,0.009214572026394308,0.013352274894714355,0.011544287204742432,nan,nan,0.010688486509025097,0.009214572026394308,nan,nan,nan,nan
Normal_Videos_915_x264,Normal,1232,0,0.003580918535590172,0.03779055178165436,nan,0.003580918535590172,nan,nan,0.007011587731540203,0.021011829376220703,nan,0.007011587731540203,nan,nan,0.031139003112912178,0.027558084577322006,0.8583128452301025,0.8205222934484482,nan,nan,0.031139003112912178,0.027558084577322006,nan,nan,nan,nan,0.08432777225971222,0.07731618452817202,0.9076428413391113,0.8866310119628906,nan,nan,0.08432777225971222,0.07731618452817202,nan,nan,nan,nan
Normal_Videos_923_x264,Normal,18224,0,0.0008616088889539242,0.04439001530408859,nan,0.0008616088889539242,nan,nan,0.006855856627225876,0.01762557029724121,nan,0.006855856627225876,nan,nan,9.303726255893707e-05,-0.0007685716263949871,0.007972713559865952,-0.03641730174422264,nan,nan,9.303726255893707e-05,-0.0007685716263949871,nan,nan,nan,nan,0.029043758288025856,0.02218790166079998,0.07250112295150757,0.05487555265426636,nan,nan,0.029043758288025856,0.02218790166079998,nan,nan,nan,nan
Normal_Videos_924_x264,Normal,108000,0,0.02689782716333866,0.9449535608291626,nan,0.02689782716333866,nan,nan,0.08853640407323837,0.9046536684036255,nan,0.08853640407323837,nan,nan,0.14138881862163544,0.11449099145829678,0.9974111914634705,0.05245763063430786,nan,nan,0.14138881862163544,0.11449099145829678,nan,nan,nan,nan,0.332349568605423,0.2438131645321846,0.9950268268585205,0.09037315845489502,nan,nan,0.332349568605423,0.2438131645321846,nan,nan,nan,nan
Normal_Videos_925_x264,Normal,7712,0,0.9477088451385498,0.9957723021507263,nan,0.9477088451385498,nan,nan,0.9973363876342773,0.9995518922805786,nan,0.9973363876342773,nan,nan,0.9816787242889404,0.033969879150390625,0.9961101412773132,0.00033783912658691406,nan,nan,0.9816787242889404,0.033969879150390625,nan,nan,nan,nan,0.9938538074493408,-0.0034825801849365234,0.9973875284194946,-0.0021643638610839844,nan,nan,0.9938538074493408,-0.0034825801849365234,nan,nan,nan,nan
Normal_Videos_926_x264,Normal,1792,0,0.003132776590064168,0.05621180310845375,nan,0.003132776590064168,nan,nan,0.021712463349103928,0.053980886936187744,nan,0.021712463349103928,nan,nan,0.0013492476427927613,-0.0017835289472714067,0.058397892862558365,0.0021860897541046143,nan,nan,0.0013492476427927613,-0.0017835289472714067,nan,nan,nan,nan,0.028797565028071404,0.007085101678967476,0.07781171798706055,0.023830831050872803,nan,nan,0.028797565028071404,0.007085101678967476,nan,nan,nan,nan
Normal_Videos_927_x264,Normal,1632,0,0.2240167111158371,0.5919232368469238,nan,0.2240167111158371,nan,nan,0.2233702391386032,0.47738051414489746,nan,0.2233702391386032,nan,nan,0.10212378203868866,-0.12189292907714844,0.35133567452430725,-0.24058756232261658,nan,nan,0.10212378203868866,-0.12189292907714844,nan,nan,nan,nan,0.35515451431274414,0.13178427517414093,0.6928229928016663,0.2154424786567688,nan,nan,0.35515451431274414,0.13178427517414093,nan,nan,nan,nan
Normal_Videos_928_x264,Normal,912,0,4.021802669740282e-05,0.0015722248936071992,nan,4.021802669740282e-05,nan,nan,0.0016638531815260649,0.0022412538528442383,nan,0.0016638531815260649,nan,nan,1.9683824575622566e-05,-2.0534202121780254e-05,0.0008710306719876826,-0.0007011942216195166,nan,nan,1.9683824575622566e-05,-2.0534202121780254e-05,nan,nan,nan,nan,0.004034515004605055,0.00237066182307899,0.005554318428039551,0.0033130645751953125,nan,nan,0.004034515004605055,0.00237066182307899,nan,nan,nan,nan
Normal_Videos_929_x264,Normal,912,0,0.00036125825135968626,0.010347466915845871,nan,0.00036125825135968626,nan,nan,0.005328928120434284,0.007696092128753662,nan,0.005328928120434284,nan,nan,0.00024125821073539555,-0.0001200000406242907,0.007630324922502041,-0.00271714199334383,nan,nan,0.00024125821073539555,-0.0001200000406242907,nan,nan,nan,nan,0.01630389131605625,0.010974963195621967,0.024598360061645508,0.016902267932891846,nan,nan,0.01630389131605625,0.010974963195621967,nan,nan,nan,nan
Normal_Videos_930_x264,Normal,3184,0,1.3004671018279623e-05,0.000965199782513082,nan,1.3004671018279623e-05,nan,nan,0.0017287281807512045,0.003026723861694336,nan,0.0017287281807512045,nan,nan,3.173647928633727e-05,1.8731808268057648e-05,0.004182601347565651,0.003217401565052569,nan,nan,3.173647928633727e-05,1.8731808268057648e-05,nan,nan,nan,nan,0.006881625857204199,0.005152897676452994,0.014510035514831543,0.011483311653137207,nan,nan,0.006881625857204199,0.005152897676452994,nan,nan,nan,nan
Normal_Videos_931_x264,Normal,1760,0,0.006838301662355661,0.121428482234478,nan,0.006838301662355661,nan,nan,0.013733631931245327,0.026140809059143066,nan,0.013733631931245327,nan,nan,0.015775850042700768,0.008937548380345106,0.2405591458082199,0.11913066357374191,nan,nan,0.015775850042700768,0.008937548380345106,nan,nan,nan,nan,0.3548336923122406,0.3411000603809953,0.5191562175750732,0.4930154085159302,nan,nan,0.3548336923122406,0.3411000603809953,nan,nan,nan,nan
Normal_Videos_932_x264,Normal,1776,0,0.7616239786148071,0.9502394199371338,nan,0.7616239786148071,nan,nan,0.9443206787109375,0.9770009517669678,nan,0.9443206787109375,nan,nan,0.10013783723115921,-0.6614861413836479,0.3746207058429718,-0.575618714094162,nan,nan,0.10013783723115921,-0.6614861413836479,nan,nan,nan,nan,0.44592615962028503,-0.49839451909065247,0.6190479397773743,-0.3579530119895935,nan,nan,0.44592615962028503,-0.49839451909065247,nan,nan,nan,nan
Normal_Videos_933_x264,Normal,1760,0,5.455192422232358e-06,0.00033311801962554455,nan,5.455192422232358e-06,nan,nan,0.0013783806934952736,0.0019683241844177246,nan,0.0013783806934952736,nan,nan,0.00010170105088036507,9.624585845813272e-05,0.005348499398678541,0.005015381379052997,nan,nan,0.00010170105088036507,9.624585845813272e-05,nan,nan,nan,nan,0.00498806731775403,0.0036096866242587566,0.006701529026031494,0.0047332048416137695,nan,nan,0.00498806731775403,0.0036096866242587566,nan,nan,nan,nan
Normal_Videos_934_x264,Normal,1760,0,1.7372181901009753e-05,0.0003395586973056197,nan,1.7372181901009753e-05,nan,nan,0.0023107111919671297,0.009029626846313477,nan,0.0023107111919671297,nan,nan,0.00017949086031876504,0.0001621186784177553,0.0030471496284008026,0.002707590931095183,nan,nan,0.00017949086031876504,0.0001621186784177553,nan,nan,nan,nan,0.007766752503812313,0.005456041311845183,0.025420844554901123,0.016391217708587646,nan,nan,0.007766752503812313,0.005456041311845183,nan,nan,nan,nan
Normal_Videos_935_x264,Normal,108000,0,2.2356398403644562e-05,0.009299111552536488,nan,2.2356398403644562e-05,nan,nan,0.004052387084811926,0.0379982590675354,nan,0.004052387084811926,nan,nan,6.183532968861982e-05,3.947893128497526e-05,0.01622205227613449,0.006922940723598003,nan,nan,6.183532968861982e-05,3.947893128497526e-05,nan,nan,nan,nan,0.0044695110991597176,0.00041712401434779167,0.037682414054870605,-0.0003158450126647949,nan,nan,0.0044695110991597176,0.00041712401434779167,nan,nan,nan,nan
Normal_Videos_936_x264,Normal,1136,0,0.007948976941406727,0.03349481150507927,nan,0.007948976941406727,nan,nan,0.011490442790091038,0.016828477382659912,nan,0.011490442790091038,nan,nan,0.024296987801790237,0.01634801086038351,0.2973196804523468,0.26382486894726753,nan,nan,0.024296987801790237,0.01634801086038351,nan,nan,nan,nan,0.18693304061889648,0.17544259782880545,0.4277492165565491,0.41092073917388916,nan,nan,0.18693304061889648,0.17544259782880545,nan,nan,nan,nan
Normal_Videos_937_x264,Normal,1136,0,0.007948976941406727,0.03349481150507927,nan,0.007948976941406727,nan,nan,0.011490442790091038,0.016828477382659912,nan,0.011490442790091038,nan,nan,0.024296987801790237,0.01634801086038351,0.2973196804523468,0.26382486894726753,nan,nan,0.024296987801790237,0.01634801086038351,nan,nan,nan,nan,0.18693304061889648,0.17544259782880545,0.4277492165565491,0.41092073917388916,nan,nan,0.18693304061889648,0.17544259782880545,nan,nan,nan,nan
Normal_Videos_938_x264,Normal,4816,0,0.00038351473631337285,0.022087804973125458,nan,0.00038351473631337285,nan,nan,0.0031445196364074945,0.014409542083740234,nan,0.0031445196364074945,nan,nan,4.777395588462241e-05,-0.00033574078042875044,0.00335690681822598,-0.018730898154899478,nan,nan,4.777395588462241e-05,-0.00033574078042875044,nan,nan,nan,nan,0.020542258396744728,0.017397738760337234,0.03288674354553223,0.018477201461791992,nan,nan,0.020542258396744728,0.017397738760337234,nan,nan,nan,nan
Normal_Videos_939_x264,Normal,800,0,9.22592735150829e-05,0.003071823623031378,nan,9.22592735150829e-05,nan,nan,0.0023338389582931995,0.004945158958435059,nan,0.0023338389582931995,nan,nan,0.0006811807397753,0.0005889214662602171,0.01719614304602146,0.014124319422990084,nan,nan,0.0006811807397753,0.0005889214662602171,nan,nan,nan,nan,0.02443273551762104,0.02209889655932784,0.06101715564727783,0.05607199668884277,nan,nan,0.02443273551762104,0.02209889655932784,nan,nan,nan,nan
Normal_Videos_940_x264,Normal,36032,0,0.04074007272720337,0.7465588450431824,nan,0.04074007272720337,nan,nan,0.020793410018086433,0.13191312551498413,nan,0.020793410018086433,nan,nan,0.024536704644560814,-0.016203368082642555,0.6686743497848511,-0.0778844952583313,nan,nan,0.024536704644560814,-0.016203368082642555,nan,nan,nan,nan,0.04378640651702881,0.022992996498942375,0.4859238266944885,0.3540107011795044,nan,nan,0.04378640651702881,0.022992996498942375,nan,nan,nan,nan
Normal_Videos_941_x264,Normal,2016,0,0.0016549174906685948,0.10244613140821457,nan,0.0016549174906685948,nan,nan,0.006633405108004808,0.03721821308135986,nan,0.006633405108004808,nan,nan,0.005708915181457996,0.0040539976907894015,0.36966949701309204,0.26722336560487747,nan,nan,0.005708915181457996,0.0040539976907894015,nan,nan,nan,nan,0.04677342250943184,0.04014001740142703,0.38818466663360596,0.3509664535522461,nan,nan,0.04677342250943184,0.04014001740142703,nan,nan,nan,nan
Normal_Videos_943_x264,Normal,1008,0,0.3679324984550476,0.8288537263870239,nan,0.3679324984550476,nan,nan,0.51324063539505,0.8073126673698425,nan,0.51324063539505,nan,nan,0.05785263329744339,-0.3100798651576042,0.25116631388664246,-0.5776874125003815,nan,nan,0.05785263329744339,-0.3100798651576042,nan,nan,nan,nan,0.40270864963531494,-0.11053198575973511,0.7521388530731201,-0.05517381429672241,nan,nan,0.40270864963531494,-0.11053198575973511,nan,nan,nan,nan
Normal_Videos_944_x264,Normal,7168,0,0.00031470012618228793,0.1020960584282875,nan,0.00031470012618228793,nan,nan,0.0012185551458969712,0.02651667594909668,nan,0.0012185551458969712,nan,nan,0.0002219164016423747,-9.278372453991324e-05,0.06588222086429596,-0.03621383756399155,nan,nan,0.0002219164016423747,-9.278372453991324e-05,nan,nan,nan,nan,0.004631725139915943,0.003413169994018972,0.05714946985244751,0.03063279390335083,nan,nan,0.004631725139915943,0.003413169994018972,nan,nan,nan,nan
