eval_video_label,prompt_class_name,prompt_class_index,prompt_index,prompt_text,auc,ap,positive_mean,negative_mean,margin
Abuse,Normal,0,0,pedestrians walking calmly along an ordinary street,42.57902298850574,5.059662684369175,0.5424503087997437,0.5882917642593384,-0.04584145545959473
Abuse,Normal,0,1,people waiting and talking in a public area,47.00431034482759,5.721681983973264,0.5060451626777649,0.5337424278259277,-0.027697265148162842
Abuse,Normal,0,2,vehicles moving steadily through regular traffic,43.42672413793103,4.913698875945207,0.6154527068138123,0.6565377116203308,-0.041085004806518555
Abuse,Normal,0,3,customers standing calmly near store counters,31.350574712643674,4.1064227381190515,0.4810217320919037,0.5668307542800903,-0.08580902218818665
Abuse,Normal,0,4,people entering and exiting buildings at normal pace,37.931034482758626,4.650594983239417,0.5637764930725098,0.6153614521026611,-0.05158495903015137
Abuse,Abuse,1,0,a vulnerable victim enduring repeated close range mistreatment,56.02011494252874,6.238511831788708,0.9771198034286499,0.935034453868866,0.042085349559783936
Abuse,Abuse,1,1,a stronger aggressor controlling a weaker victim indoors,48.83979885057471,5.494165010713078,0.9729933738708496,0.9301026463508606,0.042890727519989014
Abuse,Abuse,1,2,a helpless person recoiling from sustained physical abuse,58.408764367816076,6.552280297555585,0.7079355120658875,0.6171033382415771,0.0908321738243103
Abuse,Abuse,1,3,a defenseless victim shielding from repeated aggressive contact,49.29597701149425,5.463810137833016,0.9840244054794312,0.951174795627594,0.03284960985183716
Abuse,Abuse,1,4,an aggressor dragging or overpowering a vulnerable person,53.32255747126437,5.882383892463154,0.9525928497314453,0.8897370100021362,0.06285583972930908
Abuse,Arrest,2,0,uniformed police placing handcuffs on a detained suspect,58.915229885057464,7.39453983911385,0.9332053065299988,0.8732113838195801,0.0599939227104187
Abuse,Arrest,2,1,officers escorting a handcuffed person toward a patrol car,62.14080459770115,7.151602518417823,0.730549156665802,0.6314682960510254,0.09908086061477661
Abuse,Arrest,2,2,a handcuffed suspect standing between multiple police officers,57.0294540229885,6.465857441698159,0.9442241787910461,0.877167284488678,0.06705689430236816
Abuse,Arrest,2,3,law enforcement securing a suspect during formal custody,59.615660919540225,6.83600273373133,0.7419697046279907,0.6437962055206299,0.09817349910736084
Abuse,Arrest,2,4,a detained person kneeling while officers apply restraints,56.37212643678161,6.411790837648204,0.9427483677864075,0.876823365688324,0.0659250020980835
Abuse,Arson,3,0,a person lighting material before flames spread,66.6558908045977,8.133687593087869,0.7928217053413391,0.7291972041130066,0.06362450122833252
Abuse,Arson,3,1,a person pouring accelerant before fire grows,63.26508620689656,7.450922295837353,0.6255852580070496,0.5394812226295471,0.08610403537750244
Abuse,Arson,3,2,a lighter touching a surface before ignition starts,62.99209770114942,7.240549943588857,0.9155542254447937,0.8557025194168091,0.05985170602798462
Abuse,Arson,3,3,small flames expanding after deliberate human ignition,61.37212643678161,7.009524813890565,0.6956511735916138,0.6161320209503174,0.07951915264129639
Abuse,Arson,3,4,a person retreating as planted fire begins spreading,55.70402298850574,6.325397006324715,0.9937785863876343,0.9858835339546204,0.007895052433013916
Abuse,Assault,4,0,a single attacker lunging with a direct strike,52.25574712643678,5.796965597356989,0.8587759137153625,0.7773824334144592,0.08139348030090332
Abuse,Assault,4,1,a one-sided attack with punches and defensive movement,53.304597701149426,6.140073483600606,0.9717320203781128,0.9371621012687683,0.03456991910934448
Abuse,Assault,4,2,an aggressor kicking a fallen victim on pavement,50.99137931034483,5.647340446031581,0.9485484957695007,0.8831716179847717,0.065376877784729
Abuse,Assault,4,3,a victim stumbling backward after a sudden hit,50.72557471264367,5.6271215299465736,0.9041227102279663,0.814822256565094,0.08930045366287231
Abuse,Assault,4,4,an attacker chasing one target while striking repeatedly,51.59482758620689,5.688946999162399,0.913665771484375,0.8452115058898926,0.06845426559448242
Abuse,Burglary,5,0,an intruder manipulating a lock at a doorway,64.04094827586206,7.461958665600725,0.907529354095459,0.8244984149932861,0.08303093910217285
Abuse,Burglary,5,1,a person prying open access to a restricted room,52.582614942528735,5.798829490382454,0.931180477142334,0.8927124738693237,0.038468003273010254
Abuse,Burglary,5,2,a masked intruder entering a closed building interior,52.7801724137931,5.938824674987255,0.983742892742157,0.9790807366371155,0.004662156105041504
Abuse,Burglary,5,3,a person climbing through a window into private space,51.885775862068975,5.90837967124111,0.9894231557846069,0.9874671101570129,0.001956045627593994
Abuse,Burglary,5,4,an intruder searching inside rooms after unauthorized entry,53.929597701149426,6.003372406756662,0.9856662750244141,0.9740867018699646,0.011579573154449463
Abuse,Explosion,6,0,a blast center expanding into a radial debris cloud,59.956896551724135,6.913940127747929,0.9510816335678101,0.9173599481582642,0.0337216854095459
Abuse,Explosion,6,1,a sudden shock front spreading from one point,57.56106321839081,6.533950809082212,0.8475894927978516,0.7952002882957458,0.05238920450210571
Abuse,Explosion,6,2,an object rupturing outward in a single instant,56.17816091954023,6.241316364117792,0.77557772397995,0.6652358770370483,0.11034184694290161
Abuse,Explosion,6,3,a compact detonation producing outward airborne fragments,64.71264367816093,7.590281692369685,0.9287002682685852,0.872285008430481,0.05641525983810425
Abuse,Explosion,6,4,a pressure blast expanding faster than surrounding motion,62.43175287356322,7.276604939174735,0.6849151849746704,0.6038437485694885,0.08107143640518188
Abuse,Fighting,7,0,two groups mutually exchanging punches in a brawl,56.61997126436782,6.32669622562115,0.8873580694198608,0.8005162477493286,0.08684182167053223
Abuse,Fighting,7,1,multiple participants striking each other during mutual combat,47.64008620689655,5.423392159882149,0.9694517254829407,0.9506639242172241,0.018787801265716553
Abuse,Fighting,7,2,opponents separating and reengaging in group fighting,54.45043103448276,6.028300017782895,0.748801589012146,0.6614223718643188,0.08737921714782715
Abuse,Fighting,7,3,several combatants grappling and swinging simultaneously,56.48347701149425,6.313694219632316,0.9532705545425415,0.9130063056945801,0.040264248847961426
Abuse,Fighting,7,4,two sides clashing back and forth in public,50.07183908045977,5.561370729764834,0.9368715286254883,0.873401939868927,0.06346958875656128
Abuse,RoadAccidents,8,0,vehicles colliding at an intersection on the roadway,71.92528735632185,11.109842082553149,0.9808934926986694,0.9722217917442322,0.008671700954437256
Abuse,RoadAccidents,8,1,a car striking a pedestrian or cyclist on road,65.94468390804597,11.253689331353877,0.7930415868759155,0.7208839058876038,0.07215768098831177
Abuse,RoadAccidents,8,2,a motorbike sliding across a lane after collision,63.609913793103445,9.132062202566305,0.8613462448120117,0.803021252155304,0.058324992656707764
Abuse,RoadAccidents,8,3,vehicles swerving before colliding in traffic,65.15445402298849,10.89190528444318,0.9479371905326843,0.9218091368675232,0.026128053665161133
Abuse,RoadAccidents,8,4,a crashed vehicle blocking lanes after roadway impact,61.60560344827586,9.233941617932985,0.9486147165298462,0.9248226881027222,0.023792028427124023
Abuse,Robbery,9,0,a threatening person demanding valuables from a victim,54.31393678160919,5.97523915583235,0.9064633250236511,0.8815595507621765,0.02490377426147461
Abuse,Robbery,9,1,a victim handing belongings during close intimidation,39.36422413793104,4.555927263298746,0.9857404828071594,0.9850588440895081,0.0006816387176513672
Abuse,Robbery,9,2,a robber confronting someone and taking personal items,55.237068965517246,6.0913018264915015,0.8568207621574402,0.8143600821495056,0.04246068000793457
Abuse,Robbery,9,3,a weapon used to force a property handover,61.839080459770116,7.0695864357686045,0.8275783658027649,0.7441097497940063,0.08346861600875854
Abuse,Robbery,9,4,a victim backing away while valuables are taken,51.081178160919535,5.697505218010569,0.9496353268623352,0.8700578212738037,0.0795775055885315
Abuse,Shooting,10,0,an armed person aiming and firing a firearm,57.877155172413794,6.556028711942206,0.7459971308708191,0.6466641426086426,0.09933298826217651
Abuse,Shooting,10,1,a visible muzzle flash from a discharged gun,60.94827586206897,7.05268545367439,0.8205612301826477,0.7052271366119385,0.11533409357070923
Abuse,Shooting,10,2,a shooter raising a gun before firing,64.30675287356323,7.559094274895747,0.9330164194107056,0.9008873105049133,0.032129108905792236
Abuse,Shooting,10,3,a person firing a handgun in surveillance footage,56.088362068965516,6.240427510153873,0.8696991205215454,0.7585244178771973,0.11117470264434814
Abuse,Shooting,10,4,an armed shooter discharging a weapon toward people,62.82686781609195,7.215208839514914,0.9063571095466614,0.7912195324897766,0.11513757705688477
Abuse,Shoplifting,11,0,a shopper concealing merchandise inside clothing or bag,56.61997126436782,6.464501585890103,0.7398909330368042,0.7305949330329895,0.009296000003814697
Abuse,Shoplifting,11,1,a person hiding a retail item while browsing shelves,55.804597701149426,6.134911420296467,0.5441638231277466,0.5510062575340271,-0.006842434406280518
Abuse,Shoplifting,11,2,store goods disappearing beneath a jacket while shopping,58.10344827586207,6.51985988102365,0.5129687190055847,0.503270149230957,0.009698569774627686
Abuse,Shoplifting,11,3,a shopper slipping merchandise into a bag in aisle,41.85344827586207,5.275038087947313,0.8248872756958008,0.8445313572883606,-0.019644081592559814
Abuse,Shoplifting,11,4,a customer exiting retail space with concealed merchandise,58.16451149425288,6.502009928197829,0.578886866569519,0.5562990307807922,0.022587835788726807
Abuse,Stealing,12,0,a person taking an unattended bag and leaving,54.507902298850574,6.076392384421484,0.8833387494087219,0.8583977222442627,0.02494102716445923
Abuse,Stealing,12,1,a thief lifting a phone or package from public space,57.7191091954023,6.566190056694266,0.990871250629425,0.9850648045539856,0.005806446075439453
Abuse,Stealing,12,2,a suspect carrying property while the owner is distracted,57.661637931034484,6.591431386013101,0.9608137011528015,0.9181728959083557,0.0426408052444458
Abuse,Stealing,12,3,a person pocketing an unattended item and walking away,56.0919540229885,8.41823343190104,0.9628912210464478,0.9489907622337341,0.013900458812713623
Abuse,Stealing,12,4,a thief removing a bicycle after handling its lock,56.070402298850574,6.1830705196083375,0.9871845245361328,0.9813528656959534,0.005831658840179443
Abuse,Vandalism,13,0,a person spraying paint across a wall surface,60.13649425287356,6.7774426706673125,0.7778751254081726,0.7260578870773315,0.051817238330841064
Abuse,Vandalism,13,1,someone scratching a parked vehicle with a tool,59.33189655172414,6.820517335776924,0.5644715428352356,0.4832122325897217,0.08125931024551392
Abuse,Vandalism,13,2,a person repeatedly kicking a public fixture,60.91954022988506,6.921198627073635,0.5729292035102844,0.5082061886787415,0.06472301483154297
Abuse,Vandalism,13,3,a vandal hitting a sign until it bends,49.895833333333336,5.542424770171971,0.9862686395645142,0.9609383940696716,0.02533024549484253
Abuse,Vandalism,13,4,a person marking property with deliberate graffiti strokes,48.56321839080459,5.439782436828249,0.9942447543144226,0.9932669997215271,0.0009777545928955078
Arrest,Normal,0,0,pedestrians walking calmly along an ordinary street,23.984784894445944,14.918349194609865,0.45263171195983887,0.6407439112663269,-0.18811219930648804
Arrest,Normal,0,1,people waiting and talking in a public area,25.656959302302628,15.344370517725835,0.4518720209598541,0.6257981657981873,-0.17392614483833313
Arrest,Normal,0,2,vehicles moving steadily through regular traffic,18.65144719136731,14.092866411518282,0.6160340905189514,0.7747146487236023,-0.15868055820465088
Arrest,Normal,0,3,customers standing calmly near store counters,18.124988222170863,14.062689969973318,0.5517148971557617,0.7422065734863281,-0.1904916763305664
Arrest,Normal,0,4,people entering and exiting buildings at normal pace,27.565783225823942,15.537360348894083,0.4977265000343323,0.6532806158065796,-0.15555411577224731
Arrest,Abuse,1,0,a vulnerable victim enduring repeated close range mistreatment,58.03960041956506,27.378668295615803,0.6110461950302124,0.545565128326416,0.06548106670379639
Arrest,Abuse,1,1,a stronger aggressor controlling a weaker victim indoors,59.67816751354068,28.09101193041049,0.5964189767837524,0.5259380340576172,0.07048094272613525
Arrest,Abuse,1,2,a helpless person recoiling from sustained physical abuse,58.61715362884878,26.64940063923939,0.5628243684768677,0.4684455394744873,0.09437882900238037
Arrest,Abuse,1,3,a defenseless victim shielding from repeated aggressive contact,58.054171533905,26.94729608736539,0.6260325908660889,0.5533555746078491,0.07267701625823975
Arrest,Abuse,1,4,an aggressor dragging or overpowering a vulnerable person,59.73766755459394,27.390797439660137,0.5966107845306396,0.5258116126060486,0.07079917192459106
Arrest,Arrest,2,0,uniformed police placing handcuffs on a detained suspect,62.61999128186155,32.60088468820352,0.6023065447807312,0.535233736038208,0.0670728087425232
Arrest,Arrest,2,1,officers escorting a handcuffed person toward a patrol car,58.65667201637701,27.166823071593466,0.560091495513916,0.474852979183197,0.085238516330719
Arrest,Arrest,2,2,a handcuffed suspect standing between multiple police officers,62.00730532033623,30.77804896824207,0.5978123545646667,0.5196499824523926,0.07816237211227417
Arrest,Arrest,2,3,law enforcement securing a suspect during formal custody,60.91112690343684,28.644697698618582,0.5727596282958984,0.4548286497592926,0.11793097853660583
Arrest,Arrest,2,4,a detained person kneeling while officers apply restraints,62.57433936092526,30.29815252202172,0.6161522269248962,0.5364308953285217,0.07972133159637451
Arrest,Arson,3,0,a person lighting material before flames spread,60.91043568917972,29.067853889133293,0.5586380362510681,0.4839039444923401,0.07473409175872803
Arrest,Arson,3,1,a person pouring accelerant before fire grows,62.10837355671471,29.269743023123635,0.5341576933860779,0.4132886230945587,0.12086907029151917
Arrest,Arson,3,2,a lighter touching a surface before ignition starts,64.49705907451228,33.54246185493389,0.5727983713150024,0.4993053078651428,0.07349306344985962
Arrest,Arson,3,3,small flames expanding after deliberate human ignition,64.31300540232108,31.950830196749347,0.5469231605529785,0.433733731508255,0.11318942904472351
Arrest,Arson,3,4,a person retreating as planted fire begins spreading,59.60546289667884,28.412373466581737,0.5963454246520996,0.5522651076316833,0.04408031702041626
Arrest,Assault,4,0,a single attacker lunging with a direct strike,62.536314631791726,29.920512412491124,0.5913297533988953,0.4866260588169098,0.10470369458198547
Arrest,Assault,4,1,a one-sided attack with punches and defensive movement,60.482319824290556,29.185893203565605,0.6163356304168701,0.5444287657737732,0.07190686464309692
Arrest,Assault,4,2,an aggressor kicking a fallen victim on pavement,62.140948021705825,30.17807418949976,0.5948780179023743,0.5053064823150635,0.08957153558731079
Arrest,Assault,4,3,a victim stumbling backward after a sudden hit,59.60158574084574,27.461377233878725,0.5873869061470032,0.4821970760822296,0.10518983006477356
Arrest,Assault,4,4,an attacker chasing one target while striking repeatedly,59.20871385807867,26.970556331667687,0.6153045892715454,0.5167083740234375,0.09859621524810791
Arrest,Burglary,5,0,an intruder manipulating a lock at a doorway,55.41784063226044,24.412166652206103,0.5684310793876648,0.5243141055107117,0.044116973876953125
Arrest,Burglary,5,1,a person prying open access to a restricted room,58.384667288709835,30.420513156524997,0.572695255279541,0.5225850939750671,0.05011016130447388
Arrest,Burglary,5,2,a masked intruder entering a closed building interior,51.48871661002508,22.058273666276197,0.6064214110374451,0.6003749370574951,0.006046473979949951
Arrest,Burglary,5,3,a person climbing through a window into private space,49.517103418985556,21.200136014279813,0.6328595876693726,0.6281433701515198,0.004716217517852783
Arrest,Burglary,5,4,an intruder searching inside rooms after unauthorized entry,53.08875844040513,22.723227428712235,0.5988805890083313,0.5851934552192688,0.0136871337890625
Arrest,Explosion,6,0,a blast center expanding into a radial debris cloud,64.33992303339178,37.57815023461435,0.5721464157104492,0.48848772048950195,0.08365869522094727
Arrest,Explosion,6,1,a sudden shock front spreading from one point,63.88134607124021,32.22778976482768,0.5835230350494385,0.5027402639389038,0.08078277111053467
Arrest,Explosion,6,2,an object rupturing outward in a single instant,59.81826949296827,28.68285891190263,0.5567833781242371,0.45450615882873535,0.10227721929550171
Arrest,Explosion,6,3,a compact detonation producing outward airborne fragments,64.39703957700667,32.77508019091749,0.5838321447372437,0.5054829716682434,0.07834917306900024
Arrest,Explosion,6,4,a pressure blast expanding faster than surrounding motion,64.35791049406004,32.33821577946669,0.5510531067848206,0.4273647665977478,0.12368834018707275
Arrest,Fighting,7,0,two groups mutually exchanging punches in a brawl,61.27677130046625,30.600089095574422,0.5800546407699585,0.48065653443336487,0.09939810633659363
Arrest,Fighting,7,1,multiple participants striking each other during mutual combat,57.28512814042236,27.349923442571818,0.6251126527786255,0.5673289895057678,0.057783663272857666
Arrest,Fighting,7,2,opponents separating and reengaging in group fighting,62.316476718059086,29.846296281024138,0.5737708806991577,0.45163190364837646,0.12213897705078125
Arrest,Fighting,7,3,several combatants grappling and swinging simultaneously,63.28905490279588,31.281868734060236,0.6131695508956909,0.5377585291862488,0.07541102170944214
Arrest,Fighting,7,4,two sides clashing back and forth in public,61.8824418345313,31.53629431428231,0.5875502228736877,0.4937722682952881,0.09377795457839966
Arrest,RoadAccidents,8,0,vehicles colliding at an intersection on the roadway,64.28157501610042,42.0193442850746,0.5570110082626343,0.4966311752796173,0.06037983298301697
Arrest,RoadAccidents,8,1,a car striking a pedestrian or cyclist on road,63.383004426825096,45.00160410255262,0.5413874983787537,0.41972723603248596,0.1216602623462677
Arrest,RoadAccidents,8,2,a motorbike sliding across a lane after collision,63.79832885546166,45.51561365103277,0.5590084791183472,0.4715340733528137,0.08747440576553345
Arrest,RoadAccidents,8,3,vehicles swerving before colliding in traffic,64.06530440353386,43.537195611984494,0.5625768899917603,0.49965551495552063,0.06292137503623962
Arrest,RoadAccidents,8,4,a crashed vehicle blocking lanes after roadway impact,64.4360375675942,43.039380965644455,0.5405403971672058,0.4521872103214264,0.08835318684577942
Arrest,Robbery,9,0,a threatening person demanding valuables from a victim,55.94503848566278,24.594491987825197,0.5750572681427002,0.534938395023346,0.04011887311935425
Arrest,Robbery,9,1,a victim handing belongings during close intimidation,52.54942858504147,22.947264019520354,0.6536248326301575,0.6571109890937805,-0.003486156463623047
Arrest,Robbery,9,2,a robber confronting someone and taking personal items,56.338212278105395,24.66826957495809,0.5699822306632996,0.5067979693412781,0.06318426132202148
Arrest,Robbery,9,3,a weapon used to force a property handover,59.677778208959076,28.212976766464955,0.5784188508987427,0.4869404733181,0.0914783775806427
Arrest,Robbery,9,4,a victim backing away while valuables are taken,58.488381207244935,27.110308903556835,0.5876344442367554,0.495449960231781,0.09218448400497437
Arrest,Shooting,10,0,an armed person aiming and firing a firearm,62.289694151843236,29.639578218241336,0.576295018196106,0.46106261014938354,0.11523240804672241
Arrest,Shooting,10,1,a visible muzzle flash from a discharged gun,62.476314056276415,29.897754143576588,0.574474036693573,0.44934308528900146,0.12513095140457153
Arrest,Shooting,10,2,a shooter raising a gun before firing,57.98148280702606,27.421215530733566,0.6087880730628967,0.5635144710540771,0.04527360200881958
Arrest,Shooting,10,3,a person firing a handgun in surveillance footage,61.109751689967965,29.06534439112586,0.5855774283409119,0.4718942642211914,0.11368316411972046
Arrest,Shooting,10,4,an armed shooter discharging a weapon toward people,58.673269103539546,26.443178688823444,0.585602343082428,0.4998614192008972,0.08574092388153076
Arrest,Shoplifting,11,0,a shopper concealing merchandise inside clothing or bag,52.96425247921596,23.580766524618095,0.5344630479812622,0.4833928048610687,0.05107024312019348
Arrest,Shoplifting,11,1,a person hiding a retail item while browsing shelves,54.38764536944669,24.034275709279925,0.49947673082351685,0.43259066343307495,0.0668860673904419
Arrest,Shoplifting,11,2,store goods disappearing beneath a jacket while shopping,54.10899068392647,24.18392781915729,0.5011354088783264,0.46508416533470154,0.03605124354362488
Arrest,Shoplifting,11,3,a shopper slipping merchandise into a bag in aisle,49.668662076100254,23.15483247429533,0.5458234548568726,0.5422658920288086,0.003557562828063965
Arrest,Shoplifting,11,4,a customer exiting retail space with concealed merchandise,59.50954301476724,29.13037808590722,0.527060866355896,0.43286553025245667,0.09419533610343933
Arrest,Stealing,12,0,a person taking an unattended bag and leaving,55.27757180801216,24.990412969437227,0.5660948753356934,0.49482014775276184,0.07127472758293152
Arrest,Stealing,12,1,a thief lifting a phone or package from public space,58.64929111930951,35.93881067187637,0.5854314565658569,0.5621107816696167,0.023320674896240234
Arrest,Stealing,12,2,a suspect carrying property while the owner is distracted,60.53399404875448,34.70078460063274,0.5770922899246216,0.49622341990470886,0.08086887001991272
Arrest,Stealing,12,3,a person pocketing an unattended item and walking away,57.03565540853928,43.23646681172508,0.5546672940254211,0.5073230862617493,0.047344207763671875
Arrest,Stealing,12,4,a thief removing a bicycle after handling its lock,56.917823240177555,38.21631401819127,0.5888320803642273,0.5757548809051514,0.013077199459075928
Arrest,Vandalism,13,0,a person spraying paint across a wall surface,56.309586473870525,25.24991476968223,0.5533215403556824,0.4938671886920929,0.05945435166358948
Arrest,Vandalism,13,1,someone scratching a parked vehicle with a tool,64.28663597566121,36.240401390853236,0.5381628274917603,0.38953015208244324,0.14863267540931702
Arrest,Vandalism,13,2,a person repeatedly kicking a public fixture,62.8115370810007,30.549943348635278,0.5338530540466309,0.4256749451160431,0.10817810893058777
Arrest,Vandalism,13,3,a vandal hitting a sign until it bends,57.91525335820514,26.184850853091458,0.5864076018333435,0.5243991017341614,0.06200850009918213
Arrest,Vandalism,13,4,a person marking property with deliberate graffiti strokes,56.383165039793106,25.322993712251268,0.6236240267753601,0.6177901029586792,0.005833923816680908
Arson,Normal,0,0,pedestrians walking calmly along an ordinary street,59.81584422421048,31.622032455104677,0.539254903793335,0.45297369360923767,0.08628121018409729
Arson,Normal,0,1,people waiting and talking in a public area,63.083711343950476,33.43548717201645,0.5247758626937866,0.4241260588169098,0.10064980387687683
Arson,Normal,0,2,vehicles moving steadily through regular traffic,54.933575254640466,30.97979743657997,0.6181875467300415,0.5888785123825073,0.02930903434753418
Arson,Normal,0,3,customers standing calmly near store counters,50.99938496939998,27.95915839855054,0.49375781416893005,0.4966857433319092,-0.002927929162979126
Arson,Normal,0,4,people entering and exiting buildings at normal pace,59.38274414452023,30.998785083486613,0.5546427369117737,0.4591255486011505,0.09551718831062317
Arson,Abuse,1,0,a vulnerable victim enduring repeated close range mistreatment,73.21551527703693,47.27356554555771,0.9048828482627869,0.5303512215614319,0.374531626701355
Arson,Abuse,1,1,a stronger aggressor controlling a weaker victim indoors,73.18457385541045,46.98857061856073,0.8960680365562439,0.5224156975746155,0.3736523389816284
Arson,Abuse,1,2,a helpless person recoiling from sustained physical abuse,74.99830391544123,48.664328714269125,0.7638014554977417,0.4039441645145416,0.3598572909832001
Arson,Abuse,1,3,a defenseless victim shielding from repeated aggressive contact,69.68176745362683,43.541523114942905,0.8953002095222473,0.5414298176765442,0.3538703918457031
Arson,Abuse,1,4,an aggressor dragging or overpowering a vulnerable person,73.62874938753716,47.66018678899354,0.8997153639793396,0.5212555527687073,0.3784598112106323
Arson,Arrest,2,0,uniformed police placing handcuffs on a detained suspect,73.05331477721101,44.70264146093849,0.8985159397125244,0.5191360116004944,0.37937992811203003
Arson,Arrest,2,1,officers escorting a handcuffed person toward a patrol car,74.89120129701531,49.04025008781819,0.7661417722702026,0.4062512516975403,0.35989052057266235
Arson,Arrest,2,2,a handcuffed suspect standing between multiple police officers,72.08595881891101,43.920979574107555,0.8914413452148438,0.5064741373062134,0.38496720790863037
Arson,Arrest,2,3,law enforcement securing a suspect during formal custody,72.49133035596984,45.51656833971668,0.7107641100883484,0.38152825832366943,0.32923585176467896
Arson,Arrest,2,4,a detained person kneeling while officers apply restraints,73.98236563469703,46.06785840006966,0.8939691185951233,0.519948422908783,0.37402069568634033
Arson,Arson,3,0,a person lighting material before flames spread,70.04309660595192,40.975400226636246,0.7650203704833984,0.4710956811904907,0.2939246892929077
Arson,Arson,3,1,a person pouring accelerant before fire grows,72.55195598570302,45.42529274047929,0.7053616642951965,0.3860498368740082,0.31931182742118835
Arson,Arson,3,2,a lighter touching a surface before ignition starts,73.40941551775528,45.33378673743236,0.8855987787246704,0.535400390625,0.3501983880996704
Arson,Arson,3,3,small flames expanding after deliberate human ignition,75.91431367713047,49.546026759327994,0.748056173324585,0.40741702914237976,0.3406391441822052
Arson,Arson,3,4,a person retreating as planted fire begins spreading,69.59461062747158,41.055917068724646,0.9318453669548035,0.6153184771537781,0.3165268898010254
Arson,Assault,4,0,a single attacker lunging with a direct strike,73.293422603725,46.56351799857099,0.846476137638092,0.46631646156311035,0.3801596760749817
Arson,Assault,4,1,a one-sided attack with punches and defensive movement,72.06993433547593,46.047690191634295,0.9096271991729736,0.5406314134597778,0.3689957857131958
Arson,Assault,4,2,an aggressor kicking a fallen victim on pavement,73.48405009813781,48.964182970739586,0.8883972764015198,0.5133842825889587,0.37501299381256104
Arson,Assault,4,3,a victim stumbling backward after a sudden hit,70.8798121149273,44.14194108053105,0.8011207580566406,0.45074835419654846,0.35037240386009216
Arson,Assault,4,4,an attacker chasing one target while striking repeatedly,70.75573711398391,44.19815283666239,0.8054764270782471,0.4633008539676666,0.34217557311058044
Arson,Burglary,5,0,an intruder manipulating a lock at a doorway,74.05099352826268,49.20958905783082,0.88096684217453,0.4902936518192291,0.3906731903553009
Arson,Burglary,5,1,a person prying open access to a restricted room,76.34131726903813,48.36679484348789,0.8927930593490601,0.5216810703277588,0.37111198902130127
Arson,Burglary,5,2,a masked intruder entering a closed building interior,71.12304301947067,39.93748457109751,0.9192070960998535,0.6013586521148682,0.31784844398498535
Arson,Burglary,5,3,a person climbing through a window into private space,73.07901780917162,43.825848730550405,0.9393826723098755,0.6538313627243042,0.2855513095855713
Arson,Burglary,5,4,an intruder searching inside rooms after unauthorized entry,71.5593460002709,40.790295819347335,0.9228554964065552,0.6046985387802124,0.3181569576263428
Arson,Explosion,6,0,a blast center expanding into a radial debris cloud,77.74359925999764,53.09353938764886,0.9053349494934082,0.5463217496871948,0.3590131998062134
Arson,Explosion,6,1,a sudden shock front spreading from one point,75.09306389002579,52.17875078560612,0.8162121772766113,0.4781157672405243,0.33809641003608704
Arson,Explosion,6,2,an object rupturing outward in a single instant,76.15202681122577,51.05607584275644,0.7913872599601746,0.4191865026950836,0.37220075726509094
Arson,Explosion,6,3,a compact detonation producing outward airborne fragments,75.0980228989095,50.36593008734446,0.8831826448440552,0.5232641100883484,0.3599185347557068
Arson,Explosion,6,4,a pressure blast expanding faster than surrounding motion,77.75234986521092,52.986743894987185,0.7726383805274963,0.40764370560646057,0.36499467492103577
Arson,Fighting,7,0,two groups mutually exchanging punches in a brawl,74.6256598414378,50.684380864716736,0.8183706998825073,0.4586809277534485,0.35968977212905884
Arson,Fighting,7,1,multiple participants striking each other during mutual combat,71.34499109514292,45.00592020499702,0.8745510578155518,0.5322880744934082,0.34226298332214355
Arson,Fighting,7,2,opponents separating and reengaging in group fighting,73.89463009120728,48.08042313329968,0.7172954082489014,0.3794321119785309,0.3378632962703705
Arson,Fighting,7,3,several combatants grappling and swinging simultaneously,75.51477920284219,50.777450170624896,0.8942586183547974,0.5235669612884521,0.3706916570663452
Arson,Fighting,7,4,two sides clashing back and forth in public,74.36503748320371,50.312763433738816,0.8605828881263733,0.49682098627090454,0.36376190185546875
Arson,RoadAccidents,8,0,vehicles colliding at an intersection on the roadway,71.25860256613869,43.80730903177284,0.9267429709434509,0.5997033715248108,0.32703959941864014
Arson,RoadAccidents,8,1,a car striking a pedestrian or cyclist on road,79.14768724815623,48.31120432685733,0.8333849906921387,0.4785430133342743,0.3548419773578644
Arson,RoadAccidents,8,2,a motorbike sliding across a lane after collision,75.83463028689856,50.899310846560766,0.8589566349983215,0.5190488696098328,0.33990776538848877
Arson,RoadAccidents,8,3,vehicles swerving before colliding in traffic,75.38485716124316,49.175800065169014,0.9133683443069458,0.5704525113105774,0.3429158329963684
Arson,RoadAccidents,8,4,a crashed vehicle blocking lanes after roadway impact,71.43689739459525,42.78355539251274,0.908898115158081,0.5628287196159363,0.3460693955421448
Arson,Robbery,9,0,a threatening person demanding valuables from a victim,68.09385688867854,42.67390524054347,0.7796555757522583,0.4969642758369446,0.2826912999153137
Arson,Robbery,9,1,a victim handing belongings during close intimidation,61.58859511022641,36.047968033243,0.8325130939483643,0.5982344746589661,0.2342786192893982
Arson,Robbery,9,2,a robber confronting someone and taking personal items,70.04435381947174,44.95863205340235,0.785217821598053,0.47557446360588074,0.30964335799217224
Arson,Robbery,9,3,a weapon used to force a property handover,70.67383863326472,44.12318464562955,0.7891026139259338,0.4627242386341095,0.32637837529182434
Arson,Robbery,9,4,a victim backing away while valuables are taken,70.70056938738836,44.63103579391624,0.8398130536079407,0.48881885409355164,0.35099419951438904
Arson,Shooting,10,0,an armed person aiming and firing a firearm,72.17195821039722,45.10939831193864,0.7595524787902832,0.4142463207244873,0.3453061580657959
Arson,Shooting,10,1,a visible muzzle flash from a discharged gun,72.08977037101076,45.50858683602534,0.7601858973503113,0.4175032675266266,0.3426826298236847
Arson,Shooting,10,2,a shooter raising a gun before firing,68.48166734800031,41.69235083412036,0.8403583765029907,0.5348250865936279,0.3055332899093628
Arson,Shooting,10,3,a person firing a handgun in surveillance footage,73.01804295346072,46.28199923523771,0.8127321600914001,0.4407050311565399,0.37202712893486023
Arson,Shooting,10,4,an armed shooter discharging a weapon toward people,72.81554177580524,46.48093602911006,0.8624315857887268,0.47237324714660645,0.39005833864212036
Arson,Shoplifting,11,0,a shopper concealing merchandise inside clothing or bag,69.08531941732667,42.553863737012875,0.6988378167152405,0.4423462748527527,0.2564915418624878
Arson,Shoplifting,11,1,a person hiding a retail item while browsing shelves,71.99266559343287,44.6737419353957,0.5972599387168884,0.3634876310825348,0.23377230763435364
Arson,Shoplifting,11,2,store goods disappearing beneath a jacket while shopping,74.69690194089384,48.14643092183398,0.6097826957702637,0.3477226197719574,0.2620600759983063
Arson,Shoplifting,11,3,a shopper slipping merchandise into a bag in aisle,60.43754628764273,32.184359901272906,0.7023043036460876,0.5068543553352356,0.19544994831085205
Arson,Shoplifting,11,4,a customer exiting retail space with concealed merchandise,75.93963754945813,50.399369918331836,0.5745150446891785,0.3032864034175873,0.2712286412715912
Arson,Stealing,12,0,a person taking an unattended bag and leaving,65.62251435682025,38.72246074324556,0.8214021325111389,0.5346556901931763,0.28674644231796265
Arson,Stealing,12,1,a thief lifting a phone or package from public space,69.9288697775804,50.44444566150644,0.9314336180686951,0.6139910817146301,0.31744253635406494
Arson,Stealing,12,2,a suspect carrying property while the owner is distracted,67.7104466766761,41.98682026928592,0.8654370903968811,0.5407387614250183,0.3246983289718628
Arson,Stealing,12,3,a person pocketing an unattended item and walking away,66.87407041579337,46.81651531320019,0.8981476426124573,0.5733225345611572,0.32482510805130005
Arson,Stealing,12,4,a thief removing a bicycle after handling its lock,63.83212256998665,37.140164646884855,0.9256330728530884,0.617287278175354,0.3083457946777344
Arson,Vandalism,13,0,a person spraying paint across a wall surface,74.02189801537557,47.621476934695245,0.7812336087226868,0.4393594563007355,0.3418741524219513
Arson,Vandalism,13,1,someone scratching a parked vehicle with a tool,76.21798063159049,48.19260604592463,0.7223443984985352,0.3720884621143341,0.35025593638420105
Arson,Vandalism,13,2,a person repeatedly kicking a public fixture,75.7342228293599,47.40442195646563,0.6926985383033752,0.3670702874660492,0.32562825083732605
Arson,Vandalism,13,3,a vandal hitting a sign until it bends,70.40919518734424,48.70533083057163,0.9168559908866882,0.5621521472930908,0.3547038435935974
Arson,Vandalism,13,4,a person marking property with deliberate graffiti strokes,65.84609880564528,36.95114801193468,0.9346497654914856,0.6380043029785156,0.29664546251296997
Assault,Normal,0,0,pedestrians walking calmly along an ordinary street,20.605270619212845,21.129130882399405,0.8630197048187256,0.905921459197998,-0.04290175437927246
Assault,Normal,0,1,people waiting and talking in a public area,14.424345936278723,19.914445889549405,0.8398863673210144,0.9003407955169678,-0.06045442819595337
Assault,Normal,0,2,vehicles moving steadily through regular traffic,24.915594352680404,22.287940355967358,0.8822436332702637,0.9253762364387512,-0.04313260316848755
Assault,Normal,0,3,customers standing calmly near store counters,42.14111447628827,32.90087244983443,0.8872309327125549,0.9001558423042297,-0.012924909591674805
Assault,Normal,0,4,people entering and exiting buildings at normal pace,11.279848361903094,19.58272292831502,0.8492215871810913,0.9223500490188599,-0.07312846183776855
Assault,Abuse,1,0,a vulnerable victim enduring repeated close range mistreatment,33.429316719560006,27.212315789716314,0.903874933719635,0.9003616571426392,0.0035132765769958496
Assault,Abuse,1,1,a stronger aggressor controlling a weaker victim indoors,50.38278123753438,42.12716157731561,0.9283944368362427,0.9011536836624146,0.027240753173828125
Assault,Abuse,1,2,a helpless person recoiling from sustained physical abuse,59.15493976990018,44.11788950300336,0.8708436489105225,0.8102732300758362,0.06057041883468628
Assault,Abuse,1,3,a defenseless victim shielding from repeated aggressive contact,49.432502502363874,40.26048848657569,0.945318341255188,0.9155591726303101,0.02975916862487793
Assault,Abuse,1,4,an aggressor dragging or overpowering a vulnerable person,49.88642136611106,36.45792231982023,0.9290077090263367,0.8946930170059204,0.03431469202041626
Assault,Arrest,2,0,uniformed police placing handcuffs on a detained suspect,63.618263544288546,52.52829509011197,0.9493599534034729,0.9068305492401123,0.042529404163360596
Assault,Arrest,2,1,officers escorting a handcuffed person toward a patrol car,76.44630801238536,65.09919876811706,0.8727424144744873,0.7731775641441345,0.09956485033035278
Assault,Arrest,2,2,a handcuffed suspect standing between multiple police officers,62.66026920885109,50.710487835710026,0.9339659214019775,0.8852603435516357,0.0487055778503418
Assault,Arrest,2,3,law enforcement securing a suspect during formal custody,64.04554744786998,49.54739080277154,0.8365576863288879,0.7549458146095276,0.08161187171936035
Assault,Arrest,2,4,a detained person kneeling while officers apply restraints,47.64542995416767,33.36095926148946,0.9465870261192322,0.9179947376251221,0.028592288494110107
Assault,Arson,3,0,a person lighting material before flames spread,66.27792779176917,50.04505289569001,0.8514825701713562,0.7988448739051819,0.052637696266174316
Assault,Arson,3,1,a person pouring accelerant before fire grows,58.47028176726605,45.36043795736578,0.7388125061988831,0.6821687817573547,0.05664372444152832
Assault,Arson,3,2,a lighter touching a surface before ignition starts,63.59820923104412,56.13084254257783,0.8702964186668396,0.8271578550338745,0.04313856363296509
Assault,Arson,3,3,small flames expanding after deliberate human ignition,58.39144936561836,43.72865448312737,0.687565267086029,0.6467419266700745,0.04082334041595459
Assault,Arson,3,4,a person retreating as planted fire begins spreading,40.64965041875092,39.148604507607665,0.9694256782531738,0.9479722380638123,0.021453440189361572
Assault,Assault,4,0,a single attacker lunging with a direct strike,67.0620868418403,57.68673339519036,0.9009716510772705,0.8366231322288513,0.06434851884841919
Assault,Assault,4,1,a one-sided attack with punches and defensive movement,62.127372169632,55.71799284827277,0.928600549697876,0.8940209150314331,0.03457963466644287
Assault,Assault,4,2,an aggressor kicking a fallen victim on pavement,69.2385108620762,62.116206136341276,0.9395930767059326,0.8830927610397339,0.05650031566619873
Assault,Assault,4,3,a victim stumbling backward after a sudden hit,76.45081658851976,69.92115782832619,0.9211778044700623,0.8336822986602783,0.08749550580978394
Assault,Assault,4,4,an attacker chasing one target while striking repeatedly,58.44308453663552,45.99709212526377,0.9097567200660706,0.8657186031341553,0.04403811693191528
Assault,Burglary,5,0,an intruder manipulating a lock at a doorway,40.60815694093214,35.08901238389335,0.895490288734436,0.880219042301178,0.015271246433258057
Assault,Burglary,5,1,a person prying open access to a restricted room,42.58515195723746,36.674093232893746,0.8939658403396606,0.877945065498352,0.016020774841308594
Assault,Burglary,5,2,a masked intruder entering a closed building interior,39.99406388162999,35.35185728972414,0.9772734642028809,0.9650191068649292,0.01225435733795166
Assault,Burglary,5,3,a person climbing through a window into private space,16.67384429210617,21.4023096086735,0.9691757559776306,0.9602052569389343,0.008970499038696289
Assault,Burglary,5,4,an intruder searching inside rooms after unauthorized entry,21.620689428971655,23.283131927387146,0.9476300477981567,0.9339935779571533,0.013636469841003418
Assault,Explosion,6,0,a blast center expanding into a radial debris cloud,74.71993984955516,69.30760090417495,0.881212055683136,0.8136865496635437,0.06752550601959229
Assault,Explosion,6,1,a sudden shock front spreading from one point,71.32708532839564,63.59117856929337,0.9160062074661255,0.8551329374313354,0.06087327003479004
Assault,Explosion,6,2,an object rupturing outward in a single instant,53.86392263408302,41.35847064765088,0.8113808631896973,0.7777153849601746,0.033665478229522705
Assault,Explosion,6,3,a compact detonation producing outward airborne fragments,57.187149329351904,45.13226249739937,0.8589432835578918,0.8343273401260376,0.024615943431854248
Assault,Explosion,6,4,a pressure blast expanding faster than surrounding motion,65.43879118514016,50.99855028060046,0.7379111051559448,0.6624914407730103,0.07541966438293457
Assault,Fighting,7,0,two groups mutually exchanging punches in a brawl,81.20579213548136,74.43424888153712,0.9254711270332336,0.8175816535949707,0.10788947343826294
Assault,Fighting,7,1,multiple participants striking each other during mutual combat,63.55263408614754,55.26909594197773,0.9696411490440369,0.9388582110404968,0.03078293800354004
Assault,Fighting,7,2,opponents separating and reengaging in group fighting,60.50907447261893,47.582381878442945,0.7928196787834167,0.7367290258407593,0.05609065294265747
Assault,Fighting,7,3,several combatants grappling and swinging simultaneously,70.67936016536582,64.18037276496793,0.9476898908615112,0.9004428386688232,0.04724705219268799
Assault,Fighting,7,4,two sides clashing back and forth in public,74.29223944933312,68.27664243536913,0.9193533658981323,0.844116747379303,0.07523661851882935
Assault,RoadAccidents,8,0,vehicles colliding at an intersection on the roadway,89.13211887772064,74.55975868619666,0.9383602738380432,0.8248418569564819,0.11351841688156128
Assault,RoadAccidents,8,1,a car striking a pedestrian or cyclist on road,91.88722333039252,82.90399292209429,0.8447688221931458,0.6353549361228943,0.20941388607025146
Assault,RoadAccidents,8,2,a motorbike sliding across a lane after collision,97.8094723622721,96.18389025938549,0.9515252709388733,0.8202168345451355,0.1313084363937378
Assault,RoadAccidents,8,3,vehicles swerving before colliding in traffic,96.22053767842065,93.991676165469,0.9694455862045288,0.8792835474014282,0.09016203880310059
Assault,RoadAccidents,8,4,a crashed vehicle blocking lanes after roadway impact,90.8266979344578,74.42513271693862,0.9220245480537415,0.7519534230232239,0.17007112503051758
Assault,Robbery,9,0,a threatening person demanding valuables from a victim,90.71296311432866,90.52172070121824,0.9742767214775085,0.9289098978042603,0.04536682367324829
Assault,Robbery,9,1,a victim handing belongings during close intimidation,92.58166900408052,93.8032031664835,0.9976024031639099,0.99161297082901,0.005989432334899902
Assault,Robbery,9,2,a robber confronting someone and taking personal items,92.55484662042652,93.50915405633677,0.9722039699554443,0.9089024662971497,0.06330150365829468
Assault,Robbery,9,3,a weapon used to force a property handover,55.98013165250562,41.495171808733424,0.8938958644866943,0.8481283783912659,0.04576748609542847
Assault,Robbery,9,4,a victim backing away while valuables are taken,81.28025132240286,76.20255641004185,0.9513930082321167,0.8844287991523743,0.06696420907974243
Assault,Shooting,10,0,an armed person aiming and firing a firearm,59.607140585004935,45.352609614127836,0.8338330388069153,0.7761607766151428,0.05767226219177246
Assault,Shooting,10,1,a visible muzzle flash from a discharged gun,62.25874562249015,51.57309816523685,0.8126624226570129,0.7530011534690857,0.059661269187927246
Assault,Shooting,10,2,a shooter raising a gun before firing,55.10381230828789,41.957525425031136,0.9443031549453735,0.9196360111236572,0.02466714382171631
Assault,Shooting,10,3,a person firing a handgun in surveillance footage,65.43882242238818,53.196180897149105,0.8795735836029053,0.8081211447715759,0.07145243883132935
Assault,Shooting,10,4,an armed shooter discharging a weapon toward people,53.49215773269225,41.5841010345874,0.9028473496437073,0.8627195358276367,0.04012781381607056
Assault,Shoplifting,11,0,a shopper concealing merchandise inside clothing or bag,95.37234226985879,95.25214070256933,0.9753928184509277,0.8831923007965088,0.09220051765441895
Assault,Shoplifting,11,1,a person hiding a retail item while browsing shelves,93.24425268476337,94.30126936202473,0.9468708634376526,0.815401554107666,0.13146930932998657
Assault,Shoplifting,11,2,store goods disappearing beneath a jacket while shopping,88.50693659536279,86.39779422722908,0.8986791968345642,0.8036431074142456,0.0950360894203186
Assault,Shoplifting,11,3,a shopper slipping merchandise into a bag in aisle,96.4238296886927,94.98514773575631,0.986518383026123,0.9237610101699829,0.06275737285614014
Assault,Shoplifting,11,4,a customer exiting retail space with concealed merchandise,84.31642853297701,77.47378072402469,0.8018821477890015,0.6484466791152954,0.15343546867370605
Assault,Stealing,12,0,a person taking an unattended bag and leaving,98.24407619431193,97.3798203782856,0.9819034337997437,0.9005421996116638,0.08136123418807983
Assault,Stealing,12,1,a thief lifting a phone or package from public space,71.8327226624881,57.24452359998418,0.9739781022071838,0.9578030109405518,0.01617509126663208
Assault,Stealing,12,2,a suspect carrying property while the owner is distracted,91.17762759140304,89.90594993825584,0.9632672071456909,0.891197919845581,0.07206928730010986
Assault,Stealing,12,3,a person pocketing an unattended item and walking away,97.02536537428107,95.52441378150762,0.9754940867424011,0.9173980951309204,0.05809599161148071
Assault,Stealing,12,4,a thief removing a bicycle after handling its lock,93.08433879960879,92.97266506984752,0.9920888543128967,0.9780685901641846,0.014020264148712158
Assault,Vandalism,13,0,a person spraying paint across a wall surface,44.81492919713296,34.23933736024172,0.8833235502243042,0.8495462536811829,0.03377729654312134
Assault,Vandalism,13,1,someone scratching a parked vehicle with a tool,83.31649298583214,75.2269843908008,0.7638638615608215,0.5712754130363464,0.1925884485244751
Assault,Vandalism,13,2,a person repeatedly kicking a public fixture,67.68656107990915,52.031531817101104,0.717817485332489,0.6313982605934143,0.08641922473907471
Assault,Vandalism,13,3,a vandal hitting a sign until it bends,76.24073568300608,74.18132294687827,0.9566289782524109,0.9160604476928711,0.040568530559539795
Assault,Vandalism,13,4,a person marking property with deliberate graffiti strokes,24.086432840593513,24.832664907772735,0.9782584309577942,0.9806846976280212,-0.0024262666702270508
Burglary,Normal,0,0,pedestrians walking calmly along an ordinary street,39.91985548296503,16.261733097989186,0.6178850531578064,0.6334688067436218,-0.01558375358581543
Burglary,Normal,0,1,people waiting and talking in a public area,42.16200217552802,17.086387525437495,0.5719270706176758,0.5837690234184265,-0.011841952800750732
Burglary,Normal,0,2,vehicles moving steadily through regular traffic,40.59061547780224,16.37542583221928,0.6627044677734375,0.6907439231872559,-0.02803945541381836
Burglary,Normal,0,3,customers standing calmly near store counters,39.440693904133404,16.143397664507596,0.6148511171340942,0.6435067057609558,-0.028655588626861572
Burglary,Normal,0,4,people entering and exiting buildings at normal pace,40.2729226030104,16.57433614129426,0.6298233866691589,0.6418781876564026,-0.012054800987243652
Burglary,Abuse,1,0,a vulnerable victim enduring repeated close range mistreatment,65.05138557045585,41.82797131788688,0.7850732207298279,0.6599138975143433,0.12515932321548462
Burglary,Abuse,1,1,a stronger aggressor controlling a weaker victim indoors,64.77393427630236,42.090237997143994,0.7578588128089905,0.6311640739440918,0.12669473886489868
Burglary,Abuse,1,2,a helpless person recoiling from sustained physical abuse,64.95486573327172,44.10438808187311,0.6331784129142761,0.48062261939048767,0.15255579352378845
Burglary,Abuse,1,3,a defenseless victim shielding from repeated aggressive contact,65.43076100886542,42.44532221320063,0.8074381947517395,0.6874783039093018,0.11995989084243774
Burglary,Abuse,1,4,an aggressor dragging or overpowering a vulnerable person,65.68887967513007,42.63498654505306,0.7717416882514954,0.6368180513381958,0.13492363691329956
Burglary,Arrest,2,0,uniformed police placing handcuffs on a detained suspect,68.40702541388886,42.861406274500155,0.7715060114860535,0.6389585137367249,0.1325474977493286
Burglary,Arrest,2,1,officers escorting a handcuffed person toward a patrol car,67.05567357145237,45.129600404597326,0.6581625938415527,0.4922463297843933,0.16591626405715942
Burglary,Arrest,2,2,a handcuffed suspect standing between multiple police officers,69.43438731785294,44.945346348141385,0.7619932293891907,0.6072965264320374,0.15469670295715332
Burglary,Arrest,2,3,law enforcement securing a suspect during formal custody,64.9714525580856,39.79307629802508,0.5957068800926208,0.4315589666366577,0.16414791345596313
Burglary,Arrest,2,4,a detained person kneeling while officers apply restraints,67.56175126788914,40.218749540308636,0.7867935299873352,0.62801194190979,0.15878158807754517
Burglary,Arson,3,0,a person lighting material before flames spread,59.97758951340415,28.90623996087816,0.6447622776031494,0.533763587474823,0.11099869012832642
Burglary,Arson,3,1,a person pouring accelerant before fire grows,63.846462283362456,35.484083171117184,0.5343248844146729,0.4112212061882019,0.12310367822647095
Burglary,Arson,3,2,a lighter touching a surface before ignition starts,63.95667819287305,34.648882764184656,0.7277437448501587,0.5934672355651855,0.13427650928497314
Burglary,Arson,3,3,small flames expanding after deliberate human ignition,64.34407196923634,36.85593795869902,0.5341591238975525,0.41775795817375183,0.11640116572380066
Burglary,Arson,3,4,a person retreating as planted fire begins spreading,62.97716936085468,33.6294129284192,0.8636661767959595,0.7773535251617432,0.08631265163421631
Burglary,Assault,4,0,a single attacker lunging with a direct strike,65.40721002364307,40.28047792454027,0.6721965670585632,0.5007640719413757,0.1714324951171875
Burglary,Assault,4,1,a one-sided attack with punches and defensive movement,68.02939101558142,43.93721051097661,0.8003600239753723,0.6744244694709778,0.12593555450439453
Burglary,Assault,4,2,an aggressor kicking a fallen victim on pavement,66.46275470541902,42.06637661381999,0.7472444772720337,0.5823811292648315,0.16486334800720215
Burglary,Assault,4,3,a victim stumbling backward after a sudden hit,66.56420776408454,40.91344820865464,0.7116491794586182,0.5332219004631042,0.17842727899551392
Burglary,Assault,4,4,an attacker chasing one target while striking repeatedly,64.28983947598934,39.17752520662094,0.7145666480064392,0.5494921207427979,0.16507452726364136
Burglary,Burglary,5,0,an intruder manipulating a lock at a doorway,64.50538089949191,43.486168326044364,0.7524670958518982,0.6464561223983765,0.10601097345352173
Burglary,Burglary,5,1,a person prying open access to a restricted room,62.50080464682286,41.55778596023818,0.7551436424255371,0.6558881402015686,0.0992555022239685
Burglary,Burglary,5,2,a masked intruder entering a closed building interior,60.49860770581652,27.01700092831433,0.8476850390434265,0.7764864563941956,0.07119858264923096
Burglary,Burglary,5,3,a person climbing through a window into private space,58.87791102983443,25.259702531284034,0.8943988680839539,0.8179039359092712,0.07649493217468262
Burglary,Burglary,5,4,an intruder searching inside rooms after unauthorized entry,61.27891404270783,28.079403653681943,0.8292238116264343,0.7723798751831055,0.05684393644332886
Burglary,Explosion,6,0,a blast center expanding into a radial debris cloud,63.83452536981466,38.18420337758784,0.7233225703239441,0.5918304324150085,0.13149213790893555
Burglary,Explosion,6,1,a sudden shock front spreading from one point,62.81539263931338,38.3645469097675,0.6234680414199829,0.5010466575622559,0.12242138385772705
Burglary,Explosion,6,2,an object rupturing outward in a single instant,64.96293842725512,42.53992004009368,0.6529431939125061,0.4971332252025604,0.15580996870994568
Burglary,Explosion,6,3,a compact detonation producing outward airborne fragments,65.01957411587486,38.432795991892085,0.7104282379150391,0.5614632368087769,0.1489650011062622
Burglary,Explosion,6,4,a pressure blast expanding faster than surrounding motion,65.07863935430596,40.31611150919354,0.5301253795623779,0.4053698182106018,0.12475556135177612
Burglary,Fighting,7,0,two groups mutually exchanging punches in a brawl,65.22926320684877,43.45283313724535,0.661220133304596,0.5046650171279907,0.15655511617660522
Burglary,Fighting,7,1,multiple participants striking each other during mutual combat,61.75855659004449,33.33570399972634,0.7965351939201355,0.6782271862030029,0.11830800771713257
Burglary,Fighting,7,2,opponents separating and reengaging in group fighting,64.38229084670968,39.56821749513063,0.5463258028030396,0.40724989771842957,0.13907590508460999
Burglary,Fighting,7,3,several combatants grappling and swinging simultaneously,64.22221563361256,37.83717944969291,0.7499951720237732,0.5929434299468994,0.15705174207687378
Burglary,Fighting,7,4,two sides clashing back and forth in public,65.72051982585995,41.23636536630043,0.7044521570205688,0.5421836376190186,0.1622685194015503
Burglary,RoadAccidents,8,0,vehicles colliding at an intersection on the roadway,57.10372527968455,32.30986406601619,0.8762118220329285,0.7903148531913757,0.08589696884155273
Burglary,RoadAccidents,8,1,a car striking a pedestrian or cyclist on road,71.45940473198577,50.0693506958394,0.630984365940094,0.47994568943977356,0.15103867650032043
Burglary,RoadAccidents,8,2,a motorbike sliding across a lane after collision,69.46893633974682,43.37634316745339,0.7194226384162903,0.580710232257843,0.13871240615844727
Burglary,RoadAccidents,8,3,vehicles swerving before colliding in traffic,69.73072156728612,43.04361388095964,0.8070566654205322,0.6809716820716858,0.12608498334884644
Burglary,RoadAccidents,8,4,a crashed vehicle blocking lanes after roadway impact,61.00365840272285,32.25711971134649,0.796088695526123,0.6751196384429932,0.12096905708312988
Burglary,Robbery,9,0,a threatening person demanding valuables from a victim,64.98276273013968,34.14554698516382,0.7658981680870056,0.6760742664337158,0.0898239016532898
Burglary,Robbery,9,1,a victim handing belongings during close intimidation,59.84770330975975,30.63807932354739,0.8763768672943115,0.8028623461723328,0.07351452112197876
Burglary,Robbery,9,2,a robber confronting someone and taking personal items,67.85388363151297,40.395770218110535,0.7563514113426208,0.6519418954849243,0.10440951585769653
Burglary,Robbery,9,3,a weapon used to force a property handover,62.988738959414036,34.99144025833857,0.694678008556366,0.5387975573539734,0.15588045120239258
Burglary,Robbery,9,4,a victim backing away while valuables are taken,67.45661023496758,42.10271923951051,0.7487267255783081,0.6019406914710999,0.14678603410720825
Burglary,Shooting,10,0,an armed person aiming and firing a firearm,64.17778863868901,38.84812371578703,0.6041717529296875,0.4465911090373993,0.1575806438922882
Burglary,Shooting,10,1,a visible muzzle flash from a discharged gun,65.47270245079551,38.55288361119091,0.6237964034080505,0.45648887753486633,0.1673075258731842
Burglary,Shooting,10,2,a shooter raising a gun before firing,59.93876118953744,29.196399277528418,0.7791972756385803,0.6522529721260071,0.12694430351257324
Burglary,Shooting,10,3,a person firing a handgun in surveillance footage,66.3942512836529,41.19713343021727,0.6765592098236084,0.4956209361553192,0.18093827366828918
Burglary,Shooting,10,4,an armed shooter discharging a weapon toward people,65.87311202553808,43.99723527440209,0.7346913814544678,0.5801605582237244,0.1545308232307434
Burglary,Shoplifting,11,0,a shopper concealing merchandise inside clothing or bag,63.627496429990174,35.66258985507418,0.7402260303497314,0.6357159614562988,0.10451006889343262
Burglary,Shoplifting,11,1,a person hiding a retail item while browsing shelves,60.111596892389606,27.496049908058584,0.6745129823684692,0.5585129857063293,0.11599999666213989
Burglary,Shoplifting,11,2,store goods disappearing beneath a jacket while shopping,60.82083766193407,31.07525982110492,0.599692165851593,0.4801434576511383,0.11954870820045471
Burglary,Shoplifting,11,3,a shopper slipping merchandise into a bag in aisle,57.88102144553838,36.537940089971926,0.7918875813484192,0.7240176796913147,0.06786990165710449
Burglary,Shoplifting,11,4,a customer exiting retail space with concealed merchandise,63.5568731230666,39.267710157565524,0.49799761176109314,0.376164048910141,0.12183356285095215
Burglary,Stealing,12,0,a person taking an unattended bag and leaving,65.9724402575889,41.126485299694636,0.7598134279251099,0.6695778369903564,0.09023559093475342
Burglary,Stealing,12,1,a thief lifting a phone or package from public space,63.0732115238386,44.1804525818181,0.8813253045082092,0.8179391622543335,0.06338614225387573
Burglary,Stealing,12,2,a suspect carrying property while the owner is distracted,70.21307203319218,45.646705390236654,0.7894105315208435,0.6879792213439941,0.10143131017684937
Burglary,Stealing,12,3,a person pocketing an unattended item and walking away,61.312128871145966,40.972524891570686,0.8198165893554688,0.7600042223930359,0.05981236696243286
Burglary,Stealing,12,4,a thief removing a bicycle after handling its lock,58.75184869052026,38.93804758284991,0.9017605781555176,0.8379853367805481,0.06377524137496948
Burglary,Vandalism,13,0,a person spraying paint across a wall surface,62.879758414214315,36.61779441171527,0.6859714984893799,0.5571690797805786,0.12880241870880127
Burglary,Vandalism,13,1,someone scratching a parked vehicle with a tool,66.0873406685663,39.47398271012019,0.49582841992378235,0.3412838280200958,0.15454459190368652
Burglary,Vandalism,13,2,a person repeatedly kicking a public fixture,64.12949412989623,37.140276851462204,0.5073085427284241,0.3886087238788605,0.1186998188495636
Burglary,Vandalism,13,3,a vandal hitting a sign until it bends,69.03381632217375,44.01403567355179,0.7935307621955872,0.7204044461250305,0.07312631607055664
Burglary,Vandalism,13,4,a person marking property with deliberate graffiti strokes,62.900583362190666,36.14327220150232,0.9192572236061096,0.8380050659179688,0.08125215768814087
Explosion,Normal,0,0,pedestrians walking calmly along an ordinary street,62.18603430435845,16.7545349009664,0.6729660630226135,0.5934627652168274,0.07950329780578613
Explosion,Normal,0,1,people waiting and talking in a public area,64.34455572323276,30.137381114135515,0.6492317318916321,0.5469199419021606,0.10231178998947144
Explosion,Normal,0,2,vehicles moving steadily through regular traffic,66.35956581114529,21.106915124200697,0.7936521768569946,0.7069414258003235,0.08671075105667114
Explosion,Normal,0,3,customers standing calmly near store counters,62.831502657614045,17.520966909746324,0.7139800190925598,0.6359059810638428,0.07807403802871704
Explosion,Normal,0,4,people entering and exiting buildings at normal pace,61.014218067181126,17.524953086032767,0.6811464428901672,0.6109611392021179,0.07018530368804932
Explosion,Abuse,1,0,a vulnerable victim enduring repeated close range mistreatment,40.84271086223899,9.04904978927475,0.7901245355606079,0.7461643815040588,0.04396015405654907
Explosion,Abuse,1,1,a stronger aggressor controlling a weaker victim indoors,41.47219798186616,9.124685738882764,0.78707355260849,0.7485769987106323,0.038496553897857666
Explosion,Abuse,1,2,a helpless person recoiling from sustained physical abuse,41.8912054916194,9.191787062242557,0.6240323185920715,0.6511570811271667,-0.027124762535095215
Explosion,Abuse,1,3,a defenseless victim shielding from repeated aggressive contact,37.48574761823785,8.605886258859275,0.7569758892059326,0.7649410367012024,-0.007965147495269775
Explosion,Abuse,1,4,an aggressor dragging or overpowering a vulnerable person,38.68503481680866,8.754887741572253,0.7659503817558289,0.7533064484596252,0.012643933296203613
Explosion,Arrest,2,0,uniformed police placing handcuffs on a detained suspect,37.92057831354085,8.690899204382038,0.7809199690818787,0.7848981618881226,-0.0039781928062438965
Explosion,Arrest,2,1,officers escorting a handcuffed person toward a patrol car,41.7068332190184,9.14373961045313,0.5994014143943787,0.6358919143676758,-0.03649049997329712
Explosion,Arrest,2,2,a handcuffed suspect standing between multiple police officers,39.076314077598504,8.80695258796855,0.7616933584213257,0.7590166926383972,0.002676665782928467
Explosion,Arrest,2,3,law enforcement securing a suspect during formal custody,43.62142396839314,9.428831490443947,0.6494866609573364,0.6552442908287048,-0.005757629871368408
Explosion,Arrest,2,4,a detained person kneeling while officers apply restraints,39.531297740699266,8.853499068738657,0.8159985542297363,0.7935909628868103,0.022407591342926025
Explosion,Arson,3,0,a person lighting material before flames spread,49.38647389854932,10.497259990549637,0.790859043598175,0.7224898934364319,0.06836915016174316
Explosion,Arson,3,1,a person pouring accelerant before fire grows,44.53716923830762,9.588486037656144,0.6562405228614807,0.636325478553772,0.01991504430770874
Explosion,Arson,3,2,a lighter touching a surface before ignition starts,46.99344221077101,10.011707654772216,0.872714102268219,0.7805699110031128,0.0921441912651062
Explosion,Arson,3,3,small flames expanding after deliberate human ignition,55.62481534017408,12.280200461342245,0.7733172178268433,0.6604387760162354,0.11287844181060791
Explosion,Arson,3,4,a person retreating as planted fire begins spreading,39.390927155858776,8.947906585160709,0.9209600687026978,0.8754277229309082,0.04553234577178955
Explosion,Assault,4,0,a single attacker lunging with a direct strike,43.162937518804824,9.366925858440906,0.7785201072692871,0.7242164015769958,0.05430370569229126
Explosion,Assault,4,1,a one-sided attack with punches and defensive movement,41.10423632598404,9.068551642836335,0.8266756534576416,0.7807888388633728,0.0458868145942688
Explosion,Assault,4,2,an aggressor kicking a fallen victim on pavement,42.12395885397454,9.205844005309663,0.8195958137512207,0.7640193104743958,0.05557650327682495
Explosion,Assault,4,3,a victim stumbling backward after a sudden hit,39.33833573879982,8.836487570604994,0.6687430143356323,0.6977479457855225,-0.029004931449890137
Explosion,Assault,4,4,an attacker chasing one target while striking repeatedly,44.030661901563036,9.508247163753309,0.7704176306724548,0.7160893678665161,0.05432826280593872
Explosion,Burglary,5,0,an intruder manipulating a lock at a doorway,38.10092954897775,8.725758067004476,0.631377100944519,0.6786859631538391,-0.04730886220932007
Explosion,Burglary,5,1,a person prying open access to a restricted room,42.99827714959601,9.37856539100243,0.7811886072158813,0.7309044599533081,0.05028414726257324
Explosion,Burglary,5,2,a masked intruder entering a closed building interior,34.63598271188335,8.314487470760792,0.8426705598831177,0.8433567881584167,-0.0006862282752990723
Explosion,Burglary,5,3,a person climbing through a window into private space,37.432816214032925,8.6846163950842,0.8767947554588318,0.8653843402862549,0.011410415172576904
Explosion,Burglary,5,4,an intruder searching inside rooms after unauthorized entry,31.916975024096306,8.018671068876086,0.7598291635513306,0.8153733611106873,-0.05554419755935669
Explosion,Explosion,6,0,a blast center expanding into a radial debris cloud,53.070677527188494,11.72208991964591,0.8975760340690613,0.8034996390342712,0.09407639503479004
Explosion,Explosion,6,1,a sudden shock front spreading from one point,56.13962571435347,12.515844938174245,0.8763647675514221,0.7678478360176086,0.10851693153381348
Explosion,Explosion,6,2,an object rupturing outward in a single instant,42.66829481457003,9.298939461007135,0.617270290851593,0.6286125183105469,-0.011342227458953857
Explosion,Explosion,6,3,a compact detonation producing outward airborne fragments,53.09505184890121,11.355032637474908,0.8880700469017029,0.7743163704872131,0.11375367641448975
Explosion,Explosion,6,4,a pressure blast expanding faster than surrounding motion,55.19489516191973,12.13600202481563,0.7829985022544861,0.6736494302749634,0.1093490719795227
Explosion,Fighting,7,0,two groups mutually exchanging punches in a brawl,47.022916339673124,10.094763331670585,0.7835841178894043,0.7312262058258057,0.05235791206359863
Explosion,Fighting,7,1,multiple participants striking each other during mutual combat,39.11495867059973,8.797714190471305,0.8372400403022766,0.805595874786377,0.03164416551589966
Explosion,Fighting,7,2,opponents separating and reengaging in group fighting,48.59024973147045,10.29075389784656,0.70721036195755,0.641071081161499,0.06613928079605103
Explosion,Fighting,7,3,several combatants grappling and swinging simultaneously,49.674441173408205,10.598700256953808,0.8930220603942871,0.8051986694335938,0.08782339096069336
Explosion,Fighting,7,4,two sides clashing back and forth in public,46.35310858230357,9.880407008347857,0.8360626101493835,0.7527661919593811,0.08329641819000244
Explosion,RoadAccidents,8,0,vehicles colliding at an intersection on the roadway,42.17417036101179,10.15707698665851,0.9377175569534302,0.8929316997528076,0.04478585720062256
Explosion,RoadAccidents,8,1,a car striking a pedestrian or cyclist on road,42.977859543154906,9.932043526687442,0.7722302079200745,0.761009156703949,0.011221051216125488
Explosion,RoadAccidents,8,2,a motorbike sliding across a lane after collision,39.93360728716503,11.751638878131796,0.8479849696159363,0.82245934009552,0.02552562952041626
Explosion,RoadAccidents,8,3,vehicles swerving before colliding in traffic,44.888866644234405,13.35333535835283,0.9200170040130615,0.8678479790687561,0.05216902494430542
Explosion,RoadAccidents,8,4,a crashed vehicle blocking lanes after roadway impact,45.69543744716057,11.476238900191552,0.918932318687439,0.8749437928199768,0.04398852586746216
Explosion,Robbery,9,0,a threatening person demanding valuables from a victim,30.534219734955904,7.941078845522783,0.6072431802749634,0.7532074451446533,-0.14596426486968994
Explosion,Robbery,9,1,a victim handing belongings during close intimidation,30.959284529212283,8.119102789568762,0.8505039215087891,0.8725643157958984,-0.022060394287109375
Explosion,Robbery,9,2,a robber confronting someone and taking personal items,30.741769942069517,7.890410863716764,0.5422569513320923,0.7284210324287415,-0.18616408109664917
Explosion,Robbery,9,3,a weapon used to force a property handover,40.7602869514484,9.034754361842303,0.7307670712471008,0.7196655869483948,0.011101484298706055
Explosion,Robbery,9,4,a victim backing away while valuables are taken,35.87175696340481,8.413241125233583,0.6524457335472107,0.7313119173049927,-0.07886618375778198
Explosion,Shooting,10,0,an armed person aiming and firing a firearm,43.76669588144051,9.468031882158206,0.6993920207023621,0.6798418164253235,0.019550204277038574
Explosion,Shooting,10,1,a visible muzzle flash from a discharged gun,42.52200477785315,9.264131926293775,0.6866715550422668,0.6831805109977722,0.003491044044494629
Explosion,Shooting,10,2,a shooter raising a gun before firing,44.782764925938224,9.647258039129216,0.8549534678459167,0.8007676005363464,0.05418586730957031
Explosion,Shooting,10,3,a person firing a handgun in surveillance footage,40.82518222765435,9.024907932801419,0.653592586517334,0.6845082640647888,-0.030915677547454834
Explosion,Shooting,10,4,an armed shooter discharging a weapon toward people,39.272201806721554,8.825484778416962,0.6539982557296753,0.6897773146629333,-0.03577905893325806
Explosion,Shoplifting,11,0,a shopper concealing merchandise inside clothing or bag,32.32051587536095,8.045232904292915,0.5754557251930237,0.7041754722595215,-0.1287197470664978
Explosion,Shoplifting,11,1,a person hiding a retail item while browsing shelves,38.5910586941289,8.72363442824471,0.5342031121253967,0.6124873161315918,-0.07828420400619507
Explosion,Shoplifting,11,2,store goods disappearing beneath a jacket while shopping,47.40209573360353,10.23347365554477,0.6185086369514465,0.6033792495727539,0.015129387378692627
Explosion,Shoplifting,11,3,a shopper slipping merchandise into a bag in aisle,29.76297451537905,7.804459430221515,0.6696619391441345,0.7737900614738464,-0.10412812232971191
Explosion,Shoplifting,11,4,a customer exiting retail space with concealed merchandise,53.86468167009267,11.782920631983265,0.6370200514793396,0.571600615978241,0.06541943550109863
Explosion,Stealing,12,0,a person taking an unattended bag and leaving,32.09109622480455,8.177226839838184,0.722425103187561,0.8021432757377625,-0.07971817255020142
Explosion,Stealing,12,1,a thief lifting a phone or package from public space,30.99287525923302,7.913030435731204,0.862829864025116,0.8705745339393616,-0.0077446699142456055
Explosion,Stealing,12,2,a suspect carrying property while the owner is distracted,33.14848565303059,8.277781073080268,0.6960667371749878,0.7800971865653992,-0.08403044939041138
Explosion,Stealing,12,3,a person pocketing an unattended item and walking away,28.902167492714824,7.878135743972299,0.7368027567863464,0.8294672966003418,-0.09266453981399536
Explosion,Stealing,12,4,a thief removing a bicycle after handling its lock,27.559765921147218,7.821792741481905,0.84257972240448,0.8780194520950317,-0.03543972969055176
Explosion,Vandalism,13,0,a person spraying paint across a wall surface,39.82475626740747,8.94109196251547,0.6645780801773071,0.6743223071098328,-0.009744226932525635
Explosion,Vandalism,13,1,someone scratching a parked vehicle with a tool,46.554211898022466,9.935963401251025,0.6552616357803345,0.6332063674926758,0.02205526828765869
Explosion,Vandalism,13,2,a person repeatedly kicking a public fixture,56.07993132259652,12.562017843067983,0.7082366943359375,0.6143860816955566,0.09385061264038086
Explosion,Vandalism,13,3,a vandal hitting a sign until it bends,33.256494974880866,8.1474727120932,0.7598164677619934,0.8044301271438599,-0.044613659381866455
Explosion,Vandalism,13,4,a person marking property with deliberate graffiti strokes,32.0262891614797,8.040176814239471,0.9198477864265442,0.8953161239624023,0.024531662464141846
Fighting,Normal,0,0,pedestrians walking calmly along an ordinary street,49.57543343003373,36.73576414325396,0.7791306972503662,0.774212658405304,0.004918038845062256
Fighting,Normal,0,1,people waiting and talking in a public area,47.780771555984394,32.70464025385881,0.7747232913970947,0.7732528448104858,0.0014704465866088867
Fighting,Normal,0,2,vehicles moving steadily through regular traffic,45.667939401803295,36.73493208554823,0.7989001274108887,0.8130921721458435,-0.014192044734954834
Fighting,Normal,0,3,customers standing calmly near store counters,47.375558184082024,37.19600777396867,0.7984886169433594,0.806581974029541,-0.00809335708618164
Fighting,Normal,0,4,people entering and exiting buildings at normal pace,49.61015806770818,37.43570778810147,0.7926973700523376,0.7865263223648071,0.006171047687530518
Fighting,Abuse,1,0,a vulnerable victim enduring repeated close range mistreatment,56.30321623066605,43.48956438015783,0.881455659866333,0.9013265371322632,-0.019870877265930176
Fighting,Abuse,1,1,a stronger aggressor controlling a weaker victim indoors,57.82285897433375,47.805865914717515,0.8743945956230164,0.8961234092712402,-0.021728813648223877
Fighting,Abuse,1,2,a helpless person recoiling from sustained physical abuse,56.835382877906206,45.94227984455942,0.8204963803291321,0.7965924143791199,0.023903965950012207
Fighting,Abuse,1,3,a defenseless victim shielding from repeated aggressive contact,58.459847727833846,47.770385641338386,0.9035181999206543,0.9314097762107849,-0.027891576290130615
Fighting,Abuse,1,4,an aggressor dragging or overpowering a vulnerable person,57.11558755418057,45.545672547464065,0.8708441853523254,0.8771744966506958,-0.006330311298370361
Fighting,Arrest,2,0,uniformed police placing handcuffs on a detained suspect,57.764058587871666,43.99127334555993,0.8921963572502136,0.9065837860107422,-0.014387428760528564
Fighting,Arrest,2,1,officers escorting a handcuffed person toward a patrol car,57.43366523527852,42.51502431182729,0.8285486102104187,0.7873364090919495,0.04121220111846924
Fighting,Arrest,2,2,a handcuffed suspect standing between multiple police officers,57.749705737632915,44.550824466937776,0.8803980350494385,0.8800626397132874,0.00033539533615112305
Fighting,Arrest,2,3,law enforcement securing a suspect during formal custody,56.238859902176074,45.20487418531389,0.8054745197296143,0.7635341882705688,0.04194033145904541
Fighting,Arrest,2,4,a detained person kneeling while officers apply restraints,57.75915083908036,45.141109634930345,0.9036269187927246,0.9149247407913208,-0.011297821998596191
Fighting,Arson,3,0,a person lighting material before flames spread,58.2421473993735,50.32672385615069,0.8278660774230957,0.817095160484314,0.010770916938781738
Fighting,Arson,3,1,a person pouring accelerant before fire grows,58.21103412401719,46.839380186918675,0.7568484544754028,0.7275058627128601,0.029342591762542725
Fighting,Arson,3,2,a lighter touching a surface before ignition starts,53.99555570937283,45.34688028989109,0.8334765434265137,0.8575167655944824,-0.02404022216796875
Fighting,Arson,3,3,small flames expanding after deliberate human ignition,53.68886770943211,45.36028691081455,0.7182521224021912,0.7172326445579529,0.0010194778442382812
Fighting,Arson,3,4,a person retreating as planted fire begins spreading,62.34585878022302,43.630267267387254,0.9374282956123352,0.9658018350601196,-0.028373539447784424
Fighting,Assault,4,0,a single attacker lunging with a direct strike,56.76556320642211,47.556530524231356,0.8446910381317139,0.828755259513855,0.015935778617858887
Fighting,Assault,4,1,a one-sided attack with punches and defensive movement,58.24575876169165,46.87566231476715,0.9045290946960449,0.9303512573242188,-0.025822162628173828
Fighting,Assault,4,2,an aggressor kicking a fallen victim on pavement,58.244184578117064,49.455816491953875,0.8804646134376526,0.8818283081054688,-0.0013636946678161621
Fighting,Assault,4,3,a victim stumbling backward after a sudden hit,60.101073002879026,50.11197506085077,0.8791610598564148,0.8602971434593201,0.018863916397094727
Fighting,Assault,4,4,an attacker chasing one target while striking repeatedly,56.63675795040836,47.091997829293106,0.879822313785553,0.8690512776374817,0.010771036148071289
Fighting,Burglary,5,0,an intruder manipulating a lock at a doorway,57.78906032699729,40.025691615052125,0.8612712025642395,0.8731566667556763,-0.011885464191436768
Fighting,Burglary,5,1,a person prying open access to a restricted room,57.79248649124783,40.94782137263212,0.878044843673706,0.900132954120636,-0.02208811044692993
Fighting,Burglary,5,2,a masked intruder entering a closed building interior,59.314259012692894,50.56094334752716,0.9682589769363403,0.9725953340530396,-0.004336357116699219
Fighting,Burglary,5,3,a person climbing through a window into private space,54.59031930346081,46.97908948453091,0.9746726155281067,0.9721442461013794,0.002528369426727295
Fighting,Burglary,5,4,an intruder searching inside rooms after unauthorized entry,54.45734709092611,48.44792677170804,0.9248003959655762,0.9377433061599731,-0.012942910194396973
Fighting,Explosion,6,0,a blast center expanding into a radial debris cloud,55.05933340965037,48.76086405777309,0.8630659580230713,0.8784329891204834,-0.01536703109741211
Fighting,Explosion,6,1,a sudden shock front spreading from one point,56.73148676198425,53.918620648434256,0.8570466041564941,0.8648236393928528,-0.007777035236358643
Fighting,Explosion,6,2,an object rupturing outward in a single instant,58.195662684406635,47.94163580753433,0.8112799525260925,0.7874045372009277,0.023875415325164795
Fighting,Explosion,6,3,a compact detonation producing outward airborne fragments,53.762946936470925,45.96805706569621,0.8427014946937561,0.860668420791626,-0.017966926097869873
Fighting,Explosion,6,4,a pressure blast expanding faster than surrounding motion,55.70854523561187,51.29328462190974,0.7396941781044006,0.7417600154876709,-0.0020658373832702637
Fighting,Fighting,7,0,two groups mutually exchanging punches in a brawl,56.527398491492285,48.87310058026772,0.839623749256134,0.8275734186172485,0.012050330638885498
Fighting,Fighting,7,1,multiple participants striking each other during mutual combat,59.844018085054294,46.20843926194777,0.9419747591018677,0.9642449617385864,-0.02227020263671875
Fighting,Fighting,7,2,opponents separating and reengaging in group fighting,56.08320092636073,47.85334199579553,0.780158519744873,0.747300386428833,0.03285813331604004
Fighting,Fighting,7,3,several combatants grappling and swinging simultaneously,56.26978797946478,49.23233908056812,0.8988091945648193,0.9079599380493164,-0.00915074348449707
Fighting,Fighting,7,4,two sides clashing back and forth in public,58.20547818198928,50.98421652392273,0.8789803385734558,0.8795991539955139,-0.0006188154220581055
Fighting,RoadAccidents,8,0,vehicles colliding at an intersection on the roadway,58.169920153010644,37.82375875456064,0.9306244850158691,0.9138103127479553,0.01681417226791382
Fighting,RoadAccidents,8,1,a car striking a pedestrian or cyclist on road,63.63474473166478,59.58342198789901,0.8089938163757324,0.7637496590614319,0.04524415731430054
Fighting,RoadAccidents,8,2,a motorbike sliding across a lane after collision,61.221891707976454,56.385054672544065,0.8948784470558167,0.8717067837715149,0.023171663284301758
Fighting,RoadAccidents,8,3,vehicles swerving before colliding in traffic,57.61571493572642,47.84878635532983,0.9317474961280823,0.9186634421348572,0.013084053993225098
Fighting,RoadAccidents,8,4,a crashed vehicle blocking lanes after roadway impact,56.90390616291713,36.90990887628088,0.8805365562438965,0.8419288396835327,0.03860771656036377
Fighting,Robbery,9,0,a threatening person demanding valuables from a victim,67.96439775498273,56.19003146395989,0.9263668656349182,0.9271361827850342,-0.0007693171501159668
Fighting,Robbery,9,1,a victim handing belongings during close intimidation,68.14954952306289,56.59323260137862,0.994041383266449,0.9933698773384094,0.0006715059280395508
Fighting,Robbery,9,2,a robber confronting someone and taking personal items,65.63043910809074,53.11817872717186,0.9109042882919312,0.9179413318634033,-0.007037043571472168
Fighting,Robbery,9,3,a weapon used to force a property handover,59.999121466666836,47.49370742753442,0.8752201795578003,0.871833086013794,0.0033870935440063477
Fighting,Robbery,9,4,a victim backing away while valuables are taken,61.9815741812596,50.25055572816881,0.8879881501197815,0.9012753963470459,-0.013287246227264404
Fighting,Shooting,10,0,an armed person aiming and firing a firearm,56.524527921444545,46.090169396167155,0.8187505006790161,0.7928193211555481,0.025931179523468018
Fighting,Shooting,10,1,a visible muzzle flash from a discharged gun,57.08688185370302,47.907174914318325,0.8017340302467346,0.7716317772865295,0.030102252960205078
Fighting,Shooting,10,2,a shooter raising a gun before firing,58.04574484868681,48.864267799278245,0.9380373358726501,0.9339627623558044,0.004074573516845703
Fighting,Shooting,10,3,a person firing a handgun in surveillance footage,59.77901356332773,50.313983261724985,0.8560158014297485,0.8345059156417847,0.021509885787963867
Fighting,Shooting,10,4,an armed shooter discharging a weapon toward people,58.4179003655231,46.012250044996726,0.8723865151405334,0.8747313022613525,-0.002344787120819092
Fighting,Shoplifting,11,0,a shopper concealing merchandise inside clothing or bag,68.8041783925016,56.29753246369056,0.9359386563301086,0.9179143309593201,0.018024325370788574
Fighting,Shoplifting,11,1,a person hiding a retail item while browsing shelves,61.25541255821152,55.5784044980747,0.8699747323989868,0.8443301320075989,0.02564460039138794
Fighting,Shoplifting,11,2,store goods disappearing beneath a jacket while shopping,56.98613410493022,46.52682034961235,0.8522918224334717,0.8364164233207703,0.015875399112701416
Fighting,Shoplifting,11,3,a shopper slipping merchandise into a bag in aisle,60.34516405597194,41.45109784140983,0.9559594392776489,0.9378097653388977,0.01814967393875122
Fighting,Shoplifting,11,4,a customer exiting retail space with concealed merchandise,55.04618434685098,43.787660784243585,0.7790180444717407,0.7642750144004822,0.014743030071258545
Fighting,Stealing,12,0,a person taking an unattended bag and leaving,74.05426581177696,69.98811425527659,0.9480220079421997,0.9378837943077087,0.010138213634490967
Fighting,Stealing,12,1,a thief lifting a phone or package from public space,58.394843206107275,49.6195877812073,0.9422730803489685,0.9434674978256226,-0.0011944174766540527
Fighting,Stealing,12,2,a suspect carrying property while the owner is distracted,67.9089309337374,56.426309701862735,0.9076961874961853,0.897490382194519,0.01020580530166626
Fighting,Stealing,12,3,a person pocketing an unattended item and walking away,64.9264086541205,56.88000216916975,0.9176222681999207,0.9022926688194275,0.015329599380493164
Fighting,Stealing,12,4,a thief removing a bicycle after handling its lock,59.45778751508062,50.27545322759028,0.9621623158454895,0.9490234851837158,0.013138830661773682
Fighting,Vandalism,13,0,a person spraying paint across a wall surface,59.39213480011746,48.541396048031906,0.8644396066665649,0.8495460152626038,0.014893591403961182
Fighting,Vandalism,13,1,someone scratching a parked vehicle with a tool,57.74896494536252,51.590874185128534,0.726944625377655,0.6962080597877502,0.030736565589904785
Fighting,Vandalism,13,2,a person repeatedly kicking a public fixture,54.82959520679621,47.72923232561077,0.7239536643028259,0.7134092450141907,0.010544419288635254
Fighting,Vandalism,13,3,a vandal hitting a sign until it bends,64.21200710836483,47.04720834928336,0.9080663919448853,0.9321455359458923,-0.02407914400100708
Fighting,Vandalism,13,4,a person marking property with deliberate graffiti strokes,59.36694786292427,51.008712622264255,0.9734053611755371,0.9741782546043396,-0.0007728934288024902
Normal,Normal,0,0,pedestrians walking calmly along an ordinary street,nan,nan,nan,0.6369942426681519,nan
Normal,Normal,0,1,people waiting and talking in a public area,nan,nan,nan,0.5665982365608215,nan
Normal,Normal,0,2,vehicles moving steadily through regular traffic,nan,nan,nan,0.8634245991706848,nan
Normal,Normal,0,3,customers standing calmly near store counters,nan,nan,nan,0.8313762545585632,nan
Normal,Normal,0,4,people entering and exiting buildings at normal pace,nan,nan,nan,0.5841753482818604,nan
Normal,Abuse,1,0,a vulnerable victim enduring repeated close range mistreatment,nan,nan,nan,0.05354119464755058,nan
Normal,Abuse,1,1,a stronger aggressor controlling a weaker victim indoors,nan,nan,nan,0.047440364956855774,nan
Normal,Abuse,1,2,a helpless person recoiling from sustained physical abuse,nan,nan,nan,0.03759649768471718,nan
Normal,Abuse,1,3,a defenseless victim shielding from repeated aggressive contact,nan,nan,nan,0.05556933581829071,nan
Normal,Abuse,1,4,an aggressor dragging or overpowering a vulnerable person,nan,nan,nan,0.04971371591091156,nan
Normal,Arrest,2,0,uniformed police placing handcuffs on a detained suspect,nan,nan,nan,0.05669929459691048,nan
Normal,Arrest,2,1,officers escorting a handcuffed person toward a patrol car,nan,nan,nan,0.04123785346746445,nan
Normal,Arrest,2,2,a handcuffed suspect standing between multiple police officers,nan,nan,nan,0.05166701599955559,nan
Normal,Arrest,2,3,law enforcement securing a suspect during formal custody,nan,nan,nan,0.036653727293014526,nan
Normal,Arrest,2,4,a detained person kneeling while officers apply restraints,nan,nan,nan,0.06172589212656021,nan
Normal,Arson,3,0,a person lighting material before flames spread,nan,nan,nan,0.07397912442684174,nan
Normal,Arson,3,1,a person pouring accelerant before fire grows,nan,nan,nan,0.0354299396276474,nan
Normal,Arson,3,2,a lighter touching a surface before ignition starts,nan,nan,nan,0.05695311725139618,nan
Normal,Arson,3,3,small flames expanding after deliberate human ignition,nan,nan,nan,0.048543207347393036,nan
Normal,Arson,3,4,a person retreating as planted fire begins spreading,nan,nan,nan,0.06326667219400406,nan
Normal,Assault,4,0,a single attacker lunging with a direct strike,nan,nan,nan,0.04756753146648407,nan
Normal,Assault,4,1,a one-sided attack with punches and defensive movement,nan,nan,nan,0.05740940198302269,nan
Normal,Assault,4,2,an aggressor kicking a fallen victim on pavement,nan,nan,nan,0.04859734699130058,nan
Normal,Assault,4,3,a victim stumbling backward after a sudden hit,nan,nan,nan,0.04350312426686287,nan
Normal,Assault,4,4,an attacker chasing one target while striking repeatedly,nan,nan,nan,0.05487532913684845,nan
Normal,Burglary,5,0,an intruder manipulating a lock at a doorway,nan,nan,nan,0.04758590832352638,nan
Normal,Burglary,5,1,a person prying open access to a restricted room,nan,nan,nan,0.05301457643508911,nan
Normal,Burglary,5,2,a masked intruder entering a closed building interior,nan,nan,nan,0.08009230345487595,nan
Normal,Burglary,5,3,a person climbing through a window into private space,nan,nan,nan,0.1111375093460083,nan
Normal,Burglary,5,4,an intruder searching inside rooms after unauthorized entry,nan,nan,nan,0.06648486852645874,nan
Normal,Explosion,6,0,a blast center expanding into a radial debris cloud,nan,nan,nan,0.05246182531118393,nan
Normal,Explosion,6,1,a sudden shock front spreading from one point,nan,nan,nan,0.064239002764225,nan
Normal,Explosion,6,2,an object rupturing outward in a single instant,nan,nan,nan,0.03376416489481926,nan
Normal,Explosion,6,3,a compact detonation producing outward airborne fragments,nan,nan,nan,0.05325569584965706,nan
Normal,Explosion,6,4,a pressure blast expanding faster than surrounding motion,nan,nan,nan,0.04418502748012543,nan
Normal,Fighting,7,0,two groups mutually exchanging punches in a brawl,nan,nan,nan,0.0422043576836586,nan
Normal,Fighting,7,1,multiple participants striking each other during mutual combat,nan,nan,nan,0.06560495495796204,nan
Normal,Fighting,7,2,opponents separating and reengaging in group fighting,nan,nan,nan,0.03687001392245293,nan
Normal,Fighting,7,3,several combatants grappling and swinging simultaneously,nan,nan,nan,0.06384992599487305,nan
Normal,Fighting,7,4,two sides clashing back and forth in public,nan,nan,nan,0.04590609297156334,nan
Normal,RoadAccidents,8,0,vehicles colliding at an intersection on the roadway,nan,nan,nan,0.09445700794458389,nan
Normal,RoadAccidents,8,1,a car striking a pedestrian or cyclist on road,nan,nan,nan,0.05440530925989151,nan
Normal,RoadAccidents,8,2,a motorbike sliding across a lane after collision,nan,nan,nan,0.06208930164575577,nan
Normal,RoadAccidents,8,3,vehicles swerving before colliding in traffic,nan,nan,nan,0.07636088132858276,nan
Normal,RoadAccidents,8,4,a crashed vehicle blocking lanes after roadway impact,nan,nan,nan,0.08555242419242859,nan
Normal,Robbery,9,0,a threatening person demanding valuables from a victim,nan,nan,nan,0.05230402573943138,nan
Normal,Robbery,9,1,a victim handing belongings during close intimidation,nan,nan,nan,0.15687747299671173,nan
Normal,Robbery,9,2,a robber confronting someone and taking personal items,nan,nan,nan,0.04877452552318573,nan
Normal,Robbery,9,3,a weapon used to force a property handover,nan,nan,nan,0.04875296354293823,nan
Normal,Robbery,9,4,a victim backing away while valuables are taken,nan,nan,nan,0.04402550682425499,nan
Normal,Shooting,10,0,an armed person aiming and firing a firearm,nan,nan,nan,0.04112088307738304,nan
Normal,Shooting,10,1,a visible muzzle flash from a discharged gun,nan,nan,nan,0.03703327849507332,nan
Normal,Shooting,10,2,a shooter raising a gun before firing,nan,nan,nan,0.09015075117349625,nan
Normal,Shooting,10,3,a person firing a handgun in surveillance footage,nan,nan,nan,0.03732868656516075,nan
Normal,Shooting,10,4,an armed shooter discharging a weapon toward people,nan,nan,nan,0.04233112931251526,nan
Normal,Shoplifting,11,0,a shopper concealing merchandise inside clothing or bag,nan,nan,nan,0.05794396251440048,nan
Normal,Shoplifting,11,1,a person hiding a retail item while browsing shelves,nan,nan,nan,0.05035834014415741,nan
Normal,Shoplifting,11,2,store goods disappearing beneath a jacket while shopping,nan,nan,nan,0.06386245787143707,nan
Normal,Shoplifting,11,3,a shopper slipping merchandise into a bag in aisle,nan,nan,nan,0.13272418081760406,nan
Normal,Shoplifting,11,4,a customer exiting retail space with concealed merchandise,nan,nan,nan,0.047608524560928345,nan
Normal,Stealing,12,0,a person taking an unattended bag and leaving,nan,nan,nan,0.05661740526556969,nan
Normal,Stealing,12,1,a thief lifting a phone or package from public space,nan,nan,nan,0.07697140425443649,nan
Normal,Stealing,12,2,a suspect carrying property while the owner is distracted,nan,nan,nan,0.05136096850037575,nan
Normal,Stealing,12,3,a person pocketing an unattended item and walking away,nan,nan,nan,0.06775515526533127,nan
Normal,Stealing,12,4,a thief removing a bicycle after handling its lock,nan,nan,nan,0.10164128988981247,nan
Normal,Vandalism,13,0,a person spraying paint across a wall surface,nan,nan,nan,0.05197058990597725,nan
Normal,Vandalism,13,1,someone scratching a parked vehicle with a tool,nan,nan,nan,0.03446779027581215,nan
Normal,Vandalism,13,2,a person repeatedly kicking a public fixture,nan,nan,nan,0.053746335208415985,nan
Normal,Vandalism,13,3,a vandal hitting a sign until it bends,nan,nan,nan,0.05224735289812088,nan
Normal,Vandalism,13,4,a person marking property with deliberate graffiti strokes,nan,nan,nan,0.12409642338752747,nan
RoadAccidents,Normal,0,0,pedestrians walking calmly along an ordinary street,40.91704795401508,6.632500877535426,0.5047661066055298,0.5660877823829651,-0.0613216757774353
RoadAccidents,Normal,0,1,people waiting and talking in a public area,39.8240326540457,6.537025526766851,0.41120731830596924,0.4792300760746002,-0.06802275776863098
RoadAccidents,Normal,0,2,vehicles moving steadily through regular traffic,41.66159473404195,6.754263149958814,0.7674820423126221,0.8033882975578308,-0.03590625524520874
RoadAccidents,Normal,0,3,customers standing calmly near store counters,40.615709479099635,6.7213097665000445,0.6267787218093872,0.687570333480835,-0.060791611671447754
RoadAccidents,Normal,0,4,people entering and exiting buildings at normal pace,41.74125410403999,6.749135349577354,0.49554046988487244,0.5489769577980042,-0.053436487913131714
RoadAccidents,Abuse,1,0,a vulnerable victim enduring repeated close range mistreatment,52.72879063183923,8.840598749312791,0.4653952419757843,0.42707177996635437,0.03832346200942993
RoadAccidents,Abuse,1,1,a stronger aggressor controlling a weaker victim indoors,53.89636854121211,9.079914428001961,0.471251517534256,0.41247043013572693,0.05878108739852905
RoadAccidents,Abuse,1,2,a helpless person recoiling from sustained physical abuse,51.83011181524482,8.567756134205748,0.3244580328464508,0.3031633496284485,0.02129468321800232
RoadAccidents,Abuse,1,3,a defenseless victim shielding from repeated aggressive contact,53.81020330621988,9.023346468223512,0.47618207335472107,0.41437795758247375,0.061804115772247314
RoadAccidents,Abuse,1,4,an aggressor dragging or overpowering a vulnerable person,53.15410031298045,8.899663742709778,0.48406168818473816,0.44825103878974915,0.035810649394989014
RoadAccidents,Arrest,2,0,uniformed police placing handcuffs on a detained suspect,52.94870086102087,8.646909102151074,0.5957553386688232,0.5760958194732666,0.01965951919555664
RoadAccidents,Arrest,2,1,officers escorting a handcuffed person toward a patrol car,51.579710965330015,8.343038122146544,0.3406822979450226,0.3355250656604767,0.0051572322845458984
RoadAccidents,Arrest,2,2,a handcuffed suspect standing between multiple police officers,53.25291750662499,8.74633685822771,0.5613922476768494,0.5372231602668762,0.024169087409973145
RoadAccidents,Arrest,2,3,law enforcement securing a suspect during formal custody,52.32245888867646,8.665166133220623,0.39943593740463257,0.3818650543689728,0.01757088303565979
RoadAccidents,Arrest,2,4,a detained person kneeling while officers apply restraints,52.42202560593785,8.502782503726285,0.6330497860908508,0.6224214434623718,0.010628342628479004
RoadAccidents,Arson,3,0,a person lighting material before flames spread,51.98337440441683,12.040504845907272,0.47417548298835754,0.45937269926071167,0.014802783727645874
RoadAccidents,Arson,3,1,a person pouring accelerant before fire grows,52.113431742411365,8.70974506977871,0.3195805251598358,0.2906383275985718,0.028942197561264038
RoadAccidents,Arson,3,2,a lighter touching a surface before ignition starts,53.743855475656964,9.33044535733652,0.5565051436424255,0.5372515916824341,0.019253551959991455
RoadAccidents,Arson,3,3,small flames expanding after deliberate human ignition,51.17520805979234,8.824257046050873,0.43915101885795593,0.42691570520401,0.012235313653945923
RoadAccidents,Arson,3,4,a person retreating as planted fire begins spreading,55.37589817991494,9.871700958879199,0.6598407030105591,0.6302276849746704,0.029613018035888672
RoadAccidents,Assault,4,0,a single attacker lunging with a direct strike,51.995306820396955,8.762978714176889,0.46556180715560913,0.43330490589141846,0.032256901264190674
RoadAccidents,Assault,4,1,a one-sided attack with punches and defensive movement,54.47449109735523,9.196566665893927,0.5686682462692261,0.5257874727249146,0.04288077354431152
RoadAccidents,Assault,4,2,an aggressor kicking a fallen victim on pavement,53.56561875957176,9.057347397315386,0.5418882966041565,0.5116070508956909,0.030281245708465576
RoadAccidents,Assault,4,3,a victim stumbling backward after a sudden hit,52.829436663108865,8.882914928286059,0.3902326822280884,0.3409740924835205,0.04925858974456787
RoadAccidents,Assault,4,4,an attacker chasing one target while striking repeatedly,51.72035157679438,8.770891365889517,0.40821659564971924,0.3712255358695984,0.03699105978012085
RoadAccidents,Burglary,5,0,an intruder manipulating a lock at a doorway,53.655771460205614,8.912028917874377,0.33990129828453064,0.3021559417247772,0.03774535655975342
RoadAccidents,Burglary,5,1,a person prying open access to a restricted room,54.05922503267969,9.048419610220792,0.43358114361763,0.3924620449542999,0.04111909866333008
RoadAccidents,Burglary,5,2,a masked intruder entering a closed building interior,52.51235819223973,8.516744591836414,0.543603777885437,0.5080191493034363,0.03558462858200073
RoadAccidents,Burglary,5,3,a person climbing through a window into private space,53.40965788537913,8.681361316325656,0.6023675203323364,0.5562585592269897,0.04610896110534668
RoadAccidents,Burglary,5,4,an intruder searching inside rooms after unauthorized entry,54.14895800008811,9.013813346732494,0.5331077575683594,0.4792870581150055,0.05382069945335388
RoadAccidents,Explosion,6,0,a blast center expanding into a radial debris cloud,54.411111380315006,9.460255122306533,0.6172754168510437,0.6038245558738708,0.013450860977172852
RoadAccidents,Explosion,6,1,a sudden shock front spreading from one point,50.96123405765609,8.806360621321414,0.561941385269165,0.571223258972168,-0.00928187370300293
RoadAccidents,Explosion,6,2,an object rupturing outward in a single instant,52.83531292826492,8.885776101531281,0.3066197335720062,0.266275018453598,0.0403447151184082
RoadAccidents,Explosion,6,3,a compact detonation producing outward airborne fragments,52.788812483075986,9.975644206004276,0.5528184175491333,0.5369777083396912,0.01584070920944214
RoadAccidents,Explosion,6,4,a pressure blast expanding faster than surrounding motion,50.87635800328483,8.555132450537515,0.42365509271621704,0.41434577107429504,0.009309321641921997
RoadAccidents,Fighting,7,0,two groups mutually exchanging punches in a brawl,52.87698644136136,9.003394113773266,0.4807676076889038,0.4548618197441101,0.0259057879447937
RoadAccidents,Fighting,7,1,multiple participants striking each other during mutual combat,52.59732418944502,8.685989444495705,0.5099530816078186,0.4811171293258667,0.028835952281951904
RoadAccidents,Fighting,7,2,opponents separating and reengaging in group fighting,51.65700184069883,8.79044481357748,0.3614905774593353,0.33310481905937195,0.02838575839996338
RoadAccidents,Fighting,7,3,several combatants grappling and swinging simultaneously,52.3349609426054,8.842352126515408,0.6219291687011719,0.6240512728691101,-0.0021221041679382324
RoadAccidents,Fighting,7,4,two sides clashing back and forth in public,53.51264243033332,9.111169437612851,0.5111711025238037,0.47463443875312805,0.03653666377067566
RoadAccidents,RoadAccidents,8,0,vehicles colliding at an intersection on the roadway,54.493049302108254,9.150507378029078,0.9321669340133667,0.8695664405822754,0.06260049343109131
RoadAccidents,RoadAccidents,8,1,a car striking a pedestrian or cyclist on road,50.82035359863434,8.187559916060996,0.6794308423995972,0.6681651473045349,0.011265695095062256
RoadAccidents,RoadAccidents,8,2,a motorbike sliding across a lane after collision,51.18606116176423,8.20355403528901,0.7191141247749329,0.6950231790542603,0.024090945720672607
RoadAccidents,RoadAccidents,8,3,vehicles swerving before colliding in traffic,52.12458465383,8.494372949127142,0.8301504254341125,0.7841598987579346,0.04599052667617798
RoadAccidents,RoadAccidents,8,4,a crashed vehicle blocking lanes after roadway impact,53.38402417768311,9.067901113666377,0.9283822774887085,0.8696049451828003,0.0587773323059082
RoadAccidents,Robbery,9,0,a threatening person demanding valuables from a victim,51.07402237151858,8.091196831670358,0.444965124130249,0.41257444024086,0.03239068388938904
RoadAccidents,Robbery,9,1,a victim handing belongings during close intimidation,53.54721045954211,8.841476932171657,0.6469030976295471,0.5996286273002625,0.04727447032928467
RoadAccidents,Robbery,9,2,a robber confronting someone and taking personal items,50.895545807876,8.097383694555118,0.40627217292785645,0.3747940957546234,0.03147807717323303
RoadAccidents,Robbery,9,3,a weapon used to force a property handover,52.56965177751118,8.799818309468876,0.4209972023963928,0.3949281871318817,0.02606901526451111
RoadAccidents,Robbery,9,4,a victim backing away while valuables are taken,53.86180051200332,8.919369049077291,0.43514734506607056,0.37390875816345215,0.06123858690261841
RoadAccidents,Shooting,10,0,an armed person aiming and firing a firearm,52.19015297983138,8.715222574488134,0.4233512580394745,0.40697234869003296,0.01637890934944153
RoadAccidents,Shooting,10,1,a visible muzzle flash from a discharged gun,52.42583318591141,8.750133176666974,0.42150211334228516,0.3946647346019745,0.02683737874031067
RoadAccidents,Shooting,10,2,a shooter raising a gun before firing,51.70404194289189,8.700509882084157,0.5287602543830872,0.5204521417617798,0.008308112621307373
RoadAccidents,Shooting,10,3,a person firing a handgun in surveillance footage,53.23675777744587,8.856909922793287,0.440287321805954,0.4090314507484436,0.031255871057510376
RoadAccidents,Shooting,10,4,an armed shooter discharging a weapon toward people,52.76686643157484,8.792633062478826,0.37869322299957275,0.33402055501937866,0.04467266798019409
RoadAccidents,Shoplifting,11,0,a shopper concealing merchandise inside clothing or bag,50.157085159617885,7.9515234731483915,0.36609700322151184,0.3580220639705658,0.008074939250946045
RoadAccidents,Shoplifting,11,1,a person hiding a retail item while browsing shelves,50.28168596568183,7.9843425330355435,0.31304416060447693,0.323941707611084,-0.010897547006607056
RoadAccidents,Shoplifting,11,2,store goods disappearing beneath a jacket while shopping,49.16165783456143,7.987480945254045,0.26278141140937805,0.2816004157066345,-0.01881900429725647
RoadAccidents,Shoplifting,11,3,a shopper slipping merchandise into a bag in aisle,51.426028642932586,8.07326963081623,0.5249837040901184,0.499137818813324,0.025845885276794434
RoadAccidents,Shoplifting,11,4,a customer exiting retail space with concealed merchandise,48.71323284507679,7.94022580440391,0.312461256980896,0.33053281903266907,-0.01807156205177307
RoadAccidents,Stealing,12,0,a person taking an unattended bag and leaving,51.83257025270807,8.27256692247719,0.5255471467971802,0.49743372201919556,0.02811342477798462
RoadAccidents,Stealing,12,1,a thief lifting a phone or package from public space,53.5794999369557,9.2947589974364,0.734110951423645,0.6920870542526245,0.04202389717102051
RoadAccidents,Stealing,12,2,a suspect carrying property while the owner is distracted,51.81530122857602,8.264251045910118,0.5521766543388367,0.5240064859390259,0.02817016839981079
RoadAccidents,Stealing,12,3,a person pocketing an unattended item and walking away,51.598149246304345,8.412348325976133,0.6828234195709229,0.6453713774681091,0.03745204210281372
RoadAccidents,Stealing,12,4,a thief removing a bicycle after handling its lock,52.594775809147755,8.702842572760371,0.7747336626052856,0.7274962663650513,0.047237396240234375
RoadAccidents,Vandalism,13,0,a person spraying paint across a wall surface,52.26624461741326,8.623988794125964,0.3236822187900543,0.31853947043418884,0.0051427483558654785
RoadAccidents,Vandalism,13,1,someone scratching a parked vehicle with a tool,52.02945511638032,8.583225250722503,0.43595990538597107,0.4270324110984802,0.008927494287490845
RoadAccidents,Vandalism,13,2,a person repeatedly kicking a public fixture,50.275479910134365,8.422328446003544,0.3755994737148285,0.37603944540023804,-0.0004399716854095459
RoadAccidents,Vandalism,13,3,a vandal hitting a sign until it bends,54.36386141150924,8.961518569387602,0.5526784658432007,0.5004481673240662,0.05223029851913452
RoadAccidents,Vandalism,13,4,a person marking property with deliberate graffiti strokes,53.39208905180034,8.747050295261275,0.7808077335357666,0.7380638718605042,0.04274386167526245
Robbery,Normal,0,0,pedestrians walking calmly along an ordinary street,56.330330204051606,53.89082222477947,0.7917656302452087,0.7856212258338928,0.006144404411315918
Robbery,Normal,0,1,people waiting and talking in a public area,58.01572700608686,54.86499599418833,0.7446553111076355,0.7270899415016174,0.017565369606018066
Robbery,Normal,0,2,vehicles moving steadily through regular traffic,50.68337252235994,44.02465621764594,0.850023090839386,0.8651352524757385,-0.015112161636352539
Robbery,Normal,0,3,customers standing calmly near store counters,59.41125349985457,51.14918544205217,0.8511705994606018,0.8395888805389404,0.011581718921661377
Robbery,Normal,0,4,people entering and exiting buildings at normal pace,56.91100528321811,55.853541106027784,0.7822880148887634,0.7578977942466736,0.024390220642089844
Robbery,Abuse,1,0,a vulnerable victim enduring repeated close range mistreatment,71.47638087295162,73.10116305980078,0.7371572256088257,0.6124405860900879,0.12471663951873779
Robbery,Abuse,1,1,a stronger aggressor controlling a weaker victim indoors,75.88470833669156,82.26240998697754,0.7417789101600647,0.6087790727615356,0.13299983739852905
Robbery,Abuse,1,2,a helpless person recoiling from sustained physical abuse,75.15807019449672,81.4058517274922,0.6972948312759399,0.4859665334224701,0.21132829785346985
Robbery,Abuse,1,3,a defenseless victim shielding from repeated aggressive contact,74.57945093311935,79.72155800823548,0.757639467716217,0.6841264367103577,0.07351303100585938
Robbery,Abuse,1,4,an aggressor dragging or overpowering a vulnerable person,71.84745598388986,73.25350372747023,0.7438299655914307,0.632447361946106,0.11138260364532471
Robbery,Arrest,2,0,uniformed police placing handcuffs on a detained suspect,66.91900661949967,63.196205647940886,0.7478068470954895,0.679814338684082,0.06799250841140747
Robbery,Arrest,2,1,officers escorting a handcuffed person toward a patrol car,66.75388707252715,64.57759040668327,0.713941752910614,0.5924070477485657,0.12153470516204834
Robbery,Arrest,2,2,a handcuffed suspect standing between multiple police officers,66.82686860404131,63.512445006420506,0.7414941787719727,0.6517907381057739,0.08970344066619873
Robbery,Arrest,2,3,law enforcement securing a suspect during formal custody,74.59001036085444,79.29078360296556,0.7017046809196472,0.4907609522342682,0.21094372868537903
Robbery,Arrest,2,4,a detained person kneeling while officers apply restraints,67.71554256652497,63.97826820539515,0.7499967217445374,0.6745234131813049,0.07547330856323242
Robbery,Arson,3,0,a person lighting material before flames spread,71.09549390438346,77.80464182667902,0.696445643901825,0.6115657091140747,0.08487993478775024
Robbery,Arson,3,1,a person pouring accelerant before fire grows,75.51353977949017,81.63300567013864,0.59831303358078,0.3877149820327759,0.21059805154800415
Robbery,Arson,3,2,a lighter touching a surface before ignition starts,71.42283616417106,75.22020567833898,0.6776649355888367,0.5741972327232361,0.10346770286560059
Robbery,Arson,3,3,small flames expanding after deliberate human ignition,65.80596817921125,67.36614538254894,0.5356059074401855,0.39924073219299316,0.13636517524719238
Robbery,Arson,3,4,a person retreating as planted fire begins spreading,73.63760604690768,75.71835909232877,0.7576701641082764,0.7730238437652588,-0.015353679656982422
Robbery,Assault,4,0,a single attacker lunging with a direct strike,71.70270772228238,72.44277623456551,0.7090765237808228,0.5169215798377991,0.19215494394302368
Robbery,Assault,4,1,a one-sided attack with punches and defensive movement,71.27472383709046,71.65809690203089,0.7451366782188416,0.6611576080322266,0.08397907018661499
Robbery,Assault,4,2,an aggressor kicking a fallen victim on pavement,74.91006381211695,79.88687269815028,0.7412222623825073,0.5906257629394531,0.1505964994430542
Robbery,Assault,4,3,a victim stumbling backward after a sudden hit,74.67551369162966,78.51519767332545,0.7342641949653625,0.5764622688293457,0.15780192613601685
Robbery,Assault,4,4,an attacker chasing one target while striking repeatedly,72.90050192324091,74.48259734843997,0.7377123832702637,0.5815292000770569,0.1561831831932068
Robbery,Burglary,5,0,an intruder manipulating a lock at a doorway,62.916796615376356,61.69334183046136,0.7298962473869324,0.6337336897850037,0.09616255760192871
Robbery,Burglary,5,1,a person prying open access to a restricted room,72.29721284839397,77.82623489728293,0.7349361777305603,0.6460694670677185,0.0888667106628418
Robbery,Burglary,5,2,a masked intruder entering a closed building interior,76.84206530258486,83.51341285681539,0.7897773385047913,0.7993873357772827,-0.009609997272491455
Robbery,Burglary,5,3,a person climbing through a window into private space,64.04562747413583,63.753081083833926,0.8010940551757812,0.8182887434959412,-0.017194688320159912
Robbery,Burglary,5,4,an intruder searching inside rooms after unauthorized entry,66.8738720744019,64.84980853750977,0.762820839881897,0.7664135098457336,-0.00359266996383667
Robbery,Explosion,6,0,a blast center expanding into a radial debris cloud,74.33340692226555,80.85919412698648,0.7110117673873901,0.6035901308059692,0.1074216365814209
Robbery,Explosion,6,1,a sudden shock front spreading from one point,75.33001131867863,81.68208335673165,0.6970740556716919,0.5492099523544312,0.14786410331726074
Robbery,Explosion,6,2,an object rupturing outward in a single instant,75.32150770873268,81.60116104406366,0.6837707161903381,0.4598598778247833,0.2239108383655548
Robbery,Explosion,6,3,a compact detonation producing outward airborne fragments,74.00914838916164,79.602602432229,0.6844854354858398,0.5222507119178772,0.16223472356796265
Robbery,Explosion,6,4,a pressure blast expanding faster than surrounding motion,72.62380753807642,78.19819977842738,0.5904085636138916,0.4028151333332062,0.18759343028068542
Robbery,Fighting,7,0,two groups mutually exchanging punches in a brawl,76.13514432191305,82.48777807743649,0.7222855091094971,0.5265896916389465,0.19569581747055054
Robbery,Fighting,7,1,multiple participants striking each other during mutual combat,76.21074234879516,82.4784205037274,0.7653791904449463,0.7396149635314941,0.02576422691345215
Robbery,Fighting,7,2,opponents separating and reengaging in group fighting,73.81440637677301,78.24700381913135,0.6431925296783447,0.40046724677085876,0.24272528290748596
Robbery,Fighting,7,3,several combatants grappling and swinging simultaneously,74.5001150557115,79.73261607552715,0.740942120552063,0.6154825687408447,0.12545955181121826
Robbery,Fighting,7,4,two sides clashing back and forth in public,76.69881218118763,83.33881128174987,0.7299652099609375,0.5630333423614502,0.1669318675994873
Robbery,RoadAccidents,8,0,vehicles colliding at an intersection on the roadway,59.713178376067475,49.90994010452323,0.7668235301971436,0.7792885899543762,-0.012465059757232666
Robbery,RoadAccidents,8,1,a car striking a pedestrian or cyclist on road,65.53843152783472,65.34556450049675,0.6871994137763977,0.6101599931716919,0.07703942060470581
Robbery,RoadAccidents,8,2,a motorbike sliding across a lane after collision,75.14797799807735,79.53246830213543,0.7362068891525269,0.693159282207489,0.04304760694503784
Robbery,RoadAccidents,8,3,vehicles swerving before colliding in traffic,70.45136881254331,70.00692354956676,0.75855952501297,0.7674179673194885,-0.008858442306518555
Robbery,RoadAccidents,8,4,a crashed vehicle blocking lanes after roadway impact,59.500401234892365,50.57374306909167,0.7336500287055969,0.735440731048584,-0.0017907023429870605
Robbery,Robbery,9,0,a threatening person demanding valuables from a victim,75.5151283659636,81.83099555826156,0.7649902105331421,0.7581761479377747,0.006814062595367432
Robbery,Robbery,9,1,a victim handing belongings during close intimidation,74.58075918080334,81.09711120971501,0.808185338973999,0.8367953896522522,-0.028610050678253174
Robbery,Robbery,9,2,a robber confronting someone and taking personal items,76.35717264313924,82.31083747818256,0.7607122659683228,0.7560248970985413,0.004687368869781494
Robbery,Robbery,9,3,a weapon used to force a property handover,77.06717735049475,83.91880567003092,0.7263387441635132,0.5968146324157715,0.1295241117477417
Robbery,Robbery,9,4,a victim backing away while valuables are taken,76.73703170281284,83.05026017049221,0.7525103688240051,0.6715125441551208,0.08099782466888428
Robbery,Shooting,10,0,an armed person aiming and firing a firearm,72.45971589999847,72.69566077960997,0.6671964526176453,0.46347859501838684,0.20371785759925842
Robbery,Shooting,10,1,a visible muzzle flash from a discharged gun,72.78145138399756,73.64451961742216,0.6698148846626282,0.4356939196586609,0.23412096500396729
Robbery,Shooting,10,2,a shooter raising a gun before firing,75.04985942177788,81.27836184299167,0.7803515791893005,0.7483521103858948,0.03199946880340576
Robbery,Shooting,10,3,a person firing a handgun in surveillance footage,74.30023349885003,77.06127850845279,0.7187769412994385,0.5240499973297119,0.19472694396972656
Robbery,Shooting,10,4,an armed shooter discharging a weapon toward people,74.55777140007032,79.46522852640987,0.7374825477600098,0.5997602343559265,0.13772231340408325
Robbery,Shoplifting,11,0,a shopper concealing merchandise inside clothing or bag,75.2070360363833,81.12898262284303,0.7760546803474426,0.7577347159385681,0.01831996440887451
Robbery,Shoplifting,11,1,a person hiding a retail item while browsing shelves,75.63427235147007,81.62005509490609,0.7466462254524231,0.6820204854011536,0.06462574005126953
Robbery,Shoplifting,11,2,store goods disappearing beneath a jacket while shopping,75.31562059415471,81.79602828601982,0.7142027616500854,0.5984764695167542,0.1157262921333313
Robbery,Shoplifting,11,3,a shopper slipping merchandise into a bag in aisle,71.85960399809835,77.68656503126326,0.8134123682975769,0.8173092603683472,-0.0038968920707702637
Robbery,Shoplifting,11,4,a customer exiting retail space with concealed merchandise,75.56615002563932,82.12870393692263,0.6619358062744141,0.44729718565940857,0.2146386206150055
Robbery,Stealing,12,0,a person taking an unattended bag and leaving,78.18040268330945,84.65425411298449,0.7673375606536865,0.7820978164672852,-0.014760255813598633
Robbery,Stealing,12,1,a thief lifting a phone or package from public space,60.426453702632955,53.738691509982125,0.7766732573509216,0.8164395093917847,-0.03976625204086304
Robbery,Stealing,12,2,a suspect carrying property while the owner is distracted,70.54023620879167,70.96612704673974,0.7584953308105469,0.7327666282653809,0.025728702545166016
Robbery,Stealing,12,3,a person pocketing an unattended item and walking away,61.43286995667597,54.685559573419084,0.7732037305831909,0.8055179119110107,-0.032314181327819824
Robbery,Stealing,12,4,a thief removing a bicycle after handling its lock,55.681345906528044,47.977607648561246,0.8351369500160217,0.8553261160850525,-0.02018916606903076
Robbery,Vandalism,13,0,a person spraying paint across a wall surface,75.9744167493082,82.24209624282014,0.714849054813385,0.5933716893196106,0.12147736549377441
Robbery,Vandalism,13,1,someone scratching a parked vehicle with a tool,71.45199139827147,73.65759049756795,0.588050901889801,0.4135080575942993,0.1745428442955017
Robbery,Vandalism,13,2,a person repeatedly kicking a public fixture,68.24426152338434,72.22354542397194,0.5687716603279114,0.4252472519874573,0.1435244083404541
Robbery,Vandalism,13,3,a vandal hitting a sign until it bends,69.56746060947988,68.98394365541674,0.7539335489273071,0.749265730381012,0.004667818546295166
Robbery,Vandalism,13,4,a person marking property with deliberate graffiti strokes,68.92875540090199,71.79082646918513,0.8118000030517578,0.8370734453201294,-0.025273442268371582
Shooting,Normal,0,0,pedestrians walking calmly along an ordinary street,50.46700033007069,11.838493713915478,0.5587145686149597,0.5407529473304749,0.017961621284484863
Shooting,Normal,0,1,people waiting and talking in a public area,48.195851964274254,11.26746956052494,0.471643328666687,0.49270981550216675,-0.021066486835479736
Shooting,Normal,0,2,vehicles moving steadily through regular traffic,44.58125814245808,10.763360682274552,0.6512346863746643,0.6941020488739014,-0.04286736249923706
Shooting,Normal,0,3,customers standing calmly near store counters,45.223827944414516,10.820220956548448,0.5746187567710876,0.6113263964653015,-0.03670763969421387
Shooting,Normal,0,4,people entering and exiting buildings at normal pace,47.96560522691755,11.187745489527963,0.5311123728752136,0.5362282991409302,-0.005115926265716553
Shooting,Abuse,1,0,a vulnerable victim enduring repeated close range mistreatment,61.71530401386642,15.406849093121021,0.8417167663574219,0.6193811893463135,0.2223355770111084
Shooting,Abuse,1,1,a stronger aggressor controlling a weaker victim indoors,58.32755220811605,13.87576657761912,0.823542594909668,0.6134572625160217,0.21008533239364624
Shooting,Abuse,1,2,a helpless person recoiling from sustained physical abuse,56.00707966465863,13.0603291648456,0.6366247534751892,0.5091071128845215,0.12751764059066772
Shooting,Abuse,1,3,a defenseless victim shielding from repeated aggressive contact,61.24445369187357,14.830031135411792,0.8810466527938843,0.6402835845947266,0.24076306819915771
Shooting,Abuse,1,4,an aggressor dragging or overpowering a vulnerable person,59.7628070561711,14.42326711020933,0.8323118090629578,0.6194830536842346,0.21282875537872314
Shooting,Arrest,2,0,uniformed police placing handcuffs on a detained suspect,63.11218932581283,16.902067161408784,0.8575653433799744,0.6423460245132446,0.21521931886672974
Shooting,Arrest,2,1,officers escorting a handcuffed person toward a patrol car,61.11872500998341,14.968608968190104,0.7194120287895203,0.531502366065979,0.18790966272354126
Shooting,Arrest,2,2,a handcuffed suspect standing between multiple police officers,61.74649755864154,15.545819947191255,0.8491089344024658,0.6318791508674622,0.21722978353500366
Shooting,Arrest,2,3,law enforcement securing a suspect during formal custody,55.615498585293246,13.117685698320717,0.6400274634361267,0.52003014087677,0.11999732255935669
Shooting,Arrest,2,4,a detained person kneeling while officers apply restraints,57.85515450917812,14.137911671286464,0.8616178631782532,0.6518051028251648,0.20981276035308838
Shooting,Arson,3,0,a person lighting material before flames spread,50.29932026655198,11.67032255298664,0.6534003019332886,0.5738303661346436,0.07956993579864502
Shooting,Arson,3,1,a person pouring accelerant before fire grows,52.768257354739575,12.449282218440826,0.48430752754211426,0.46377766132354736,0.020529866218566895
Shooting,Arson,3,2,a lighter touching a surface before ignition starts,52.40481565722833,12.206080740570924,0.75068199634552,0.6213953495025635,0.12928664684295654
Shooting,Arson,3,3,small flames expanding after deliberate human ignition,51.259685376169315,11.98811941280413,0.5220757126808167,0.496089905500412,0.025985807180404663
Shooting,Arson,3,4,a person retreating as planted fire begins spreading,58.81203863568372,16.158442483594797,0.9081271290779114,0.6901867389678955,0.21794039011001587
Shooting,Assault,4,0,a single attacker lunging with a direct strike,54.5006307167777,12.658035823665593,0.7101360559463501,0.5685849785804749,0.14155107736587524
Shooting,Assault,4,1,a one-sided attack with punches and defensive movement,59.91665420941612,14.385362881477537,0.8666629791259766,0.6416293382644653,0.22503364086151123
Shooting,Assault,4,2,an aggressor kicking a fallen victim on pavement,55.13844768525578,12.895279680676063,0.8114991188049316,0.6163657903671265,0.19513332843780518
Shooting,Assault,4,3,a victim stumbling backward after a sudden hit,57.02860429451686,13.381114997778788,0.7493523955345154,0.5658472180366516,0.18350517749786377
Shooting,Assault,4,4,an attacker chasing one target while striking repeatedly,54.71178001816522,12.72694199243115,0.7370163202285767,0.5777051448822021,0.1593111753463745
Shooting,Burglary,5,0,an intruder manipulating a lock at a doorway,66.80817419091647,20.881209465175736,0.7978384494781494,0.5758399367332458,0.22199851274490356
Shooting,Burglary,5,1,a person prying open access to a restricted room,61.01445542044921,15.510547481735887,0.7952227592468262,0.5977572202682495,0.19746553897857666
Shooting,Burglary,5,2,a masked intruder entering a closed building interior,65.73145445322332,18.45157350186556,0.8965330123901367,0.6767453551292419,0.21978765726089478
Shooting,Burglary,5,3,a person climbing through a window into private space,68.44323992964385,24.93883565603083,0.9026843309402466,0.6905878186225891,0.21209651231765747
Shooting,Burglary,5,4,an intruder searching inside rooms after unauthorized entry,69.34101376483584,24.55214266000962,0.877428412437439,0.6500008702278137,0.22742754220962524
Shooting,Explosion,6,0,a blast center expanding into a radial debris cloud,54.40559864779796,12.695335575104366,0.7914134860038757,0.6309515237808228,0.16046196222305298
Shooting,Explosion,6,1,a sudden shock front spreading from one point,49.56855489884373,11.491176578806705,0.6380994319915771,0.5828732252120972,0.05522620677947998
Shooting,Explosion,6,2,an object rupturing outward in a single instant,58.14822622654011,13.803679570375307,0.6373847723007202,0.49453455209732056,0.14285022020339966
Shooting,Explosion,6,3,a compact detonation producing outward airborne fragments,52.71989998016192,12.254705402198752,0.7136062979698181,0.6004125475883484,0.11319375038146973
Shooting,Explosion,6,4,a pressure blast expanding faster than surrounding motion,51.70864855558611,12.02115976100837,0.5365306735038757,0.4994157552719116,0.03711491823196411
Shooting,Fighting,7,0,two groups mutually exchanging punches in a brawl,53.954308252816695,12.560237882869368,0.7146342396736145,0.5651845335960388,0.14944970607757568
Shooting,Fighting,7,1,multiple participants striking each other during mutual combat,58.17040611610578,13.590365700135559,0.8841132521629333,0.6568853855133057,0.22722786664962769
Shooting,Fighting,7,2,opponents separating and reengaging in group fighting,53.84554659603018,12.482042420230083,0.5536186695098877,0.487890362739563,0.06572830677032471
Shooting,Fighting,7,3,several combatants grappling and swinging simultaneously,53.70372913000523,12.41650836273133,0.8259632587432861,0.6473658084869385,0.17859745025634766
Shooting,Fighting,7,4,two sides clashing back and forth in public,54.15578214319472,12.613259565930102,0.7520318031311035,0.591267466545105,0.16076433658599854
Shooting,RoadAccidents,8,0,vehicles colliding at an intersection on the roadway,64.45115378484456,17.901896690798534,0.8834831118583679,0.7100957632064819,0.173387348651886
Shooting,RoadAccidents,8,1,a car striking a pedestrian or cyclist on road,56.86723920177398,15.817694877820554,0.7463648915290833,0.6109247803688049,0.13544011116027832
Shooting,RoadAccidents,8,2,a motorbike sliding across a lane after collision,54.34799145237217,14.423615616183591,0.7989928126335144,0.6441594362258911,0.1548333764076233
Shooting,RoadAccidents,8,3,vehicles swerving before colliding in traffic,55.83312768139195,13.861929786206929,0.8587154150009155,0.683636486530304,0.17507892847061157
Shooting,RoadAccidents,8,4,a crashed vehicle blocking lanes after roadway impact,60.90141818157917,19.43724209689742,0.8496744632720947,0.6900025010108948,0.15967196226119995
Shooting,Robbery,9,0,a threatening person demanding valuables from a victim,64.51447938680268,16.178398185037306,0.8610244393348694,0.6177522540092468,0.24327218532562256
Shooting,Robbery,9,1,a victim handing belongings during close intimidation,62.759650608620454,15.463264464386436,0.9464012980461121,0.7420970797538757,0.20430421829223633
Shooting,Robbery,9,2,a robber confronting someone and taking personal items,64.3926277574808,16.043717111383188,0.8432450294494629,0.5965608954429626,0.24668413400650024
Shooting,Robbery,9,3,a weapon used to force a property handover,54.425734228553836,12.64108393049156,0.7244219779968262,0.5723416805267334,0.15208029747009277
Shooting,Robbery,9,4,a victim backing away while valuables are taken,60.22846911428928,14.592597933374051,0.8274149298667908,0.6033738255500793,0.22404110431671143
Shooting,Shooting,10,0,an armed person aiming and firing a firearm,53.61995920991984,12.517447524930583,0.6202406883239746,0.5327742099761963,0.08746647834777832
Shooting,Shooting,10,1,a visible muzzle flash from a discharged gun,55.37603031776387,13.006861795187518,0.6517897248268127,0.5329970717430115,0.11879265308380127
Shooting,Shooting,10,2,a shooter raising a gun before firing,52.36452481524672,12.07975171938992,0.8374120593070984,0.6588332653045654,0.17857879400253296
Shooting,Shooting,10,3,a person firing a handgun in surveillance footage,57.023156494445516,13.468114779919722,0.7396464347839355,0.565845251083374,0.17380118370056152
Shooting,Shooting,10,4,an armed shooter discharging a weapon toward people,59.91769727432027,14.470616975803319,0.7888128757476807,0.58291095495224,0.20590192079544067
Shooting,Shoplifting,11,0,a shopper concealing merchandise inside clothing or bag,64.81855986700923,16.553739923627315,0.8008555173873901,0.5777482986450195,0.2231072187423706
Shooting,Shoplifting,11,1,a person hiding a retail item while browsing shelves,62.46704876247706,15.418315672174188,0.6973801851272583,0.5150887966156006,0.18229138851165771
Shooting,Shoplifting,11,2,store goods disappearing beneath a jacket while shopping,55.79035095005739,12.965865651982753,0.5651161074638367,0.47159016132354736,0.0935259461402893
Shooting,Shoplifting,11,3,a shopper slipping merchandise into a bag in aisle,66.06104451249496,17.809859835126563,0.8525140881538391,0.6475144028663635,0.20499968528747559
Shooting,Shoplifting,11,4,a customer exiting retail space with concealed merchandise,53.664210746466765,12.394574299366438,0.5070832967758179,0.45105352997779846,0.05602976679801941
Shooting,Stealing,12,0,a person taking an unattended bag and leaving,62.98623923863642,16.902075742278384,0.8682673573493958,0.645351231098175,0.2229161262512207
Shooting,Stealing,12,1,a thief lifting a phone or package from public space,72.32722740348603,30.98622463085564,0.8931452631950378,0.6852889060974121,0.20785635709762573
Shooting,Stealing,12,2,a suspect carrying property while the owner is distracted,68.39989123465313,22.66935222202317,0.8624170422554016,0.6426187753677368,0.2197982668876648
Shooting,Stealing,12,3,a person pocketing an unattended item and walking away,73.20623837069694,29.808462923255075,0.8740154504776001,0.6623433232307434,0.2116721272468567
Shooting,Stealing,12,4,a thief removing a bicycle after handling its lock,71.29273334397053,23.058719064507514,0.9106708765029907,0.7053505778312683,0.2053202986717224
Shooting,Vandalism,13,0,a person spraying paint across a wall surface,55.097536908472634,12.752452538346304,0.6795703768730164,0.545617401599884,0.13395297527313232
Shooting,Vandalism,13,1,someone scratching a parked vehicle with a tool,54.02701282870661,12.757320315222612,0.555352509021759,0.49472618103027344,0.060626327991485596
Shooting,Vandalism,13,2,a person repeatedly kicking a public fixture,52.038485850760765,12.071379823650972,0.49080926179885864,0.4639793634414673,0.026829898357391357
Shooting,Vandalism,13,3,a vandal hitting a sign until it bends,67.29328793346187,21.245586490700784,0.8754674196243286,0.6481483578681946,0.22731906175613403
Shooting,Vandalism,13,4,a person marking property with deliberate graffiti strokes,67.73492628799161,20.015720801724672,0.9145626425743103,0.717747688293457,0.19681495428085327
Shoplifting,Normal,0,0,pedestrians walking calmly along an ordinary street,39.975345676849095,7.527349387475378,0.7910658717155457,0.8003570437431335,-0.00929117202758789
Shoplifting,Normal,0,1,people waiting and talking in a public area,38.68897844752058,7.327604133916081,0.7060722708702087,0.7388090491294861,-0.032736778259277344
Shoplifting,Normal,0,2,vehicles moving steadily through regular traffic,37.356367813406536,7.221211607432135,0.8600828051567078,0.8758601546287537,-0.0157773494720459
Shoplifting,Normal,0,3,customers standing calmly near store counters,36.20831337733388,7.178482970564172,0.8595736622810364,0.8852883577346802,-0.0257146954536438
Shoplifting,Normal,0,4,people entering and exiting buildings at normal pace,39.47688881101182,7.437632898736242,0.7491134405136108,0.7633531093597412,-0.014239668846130371
Shoplifting,Abuse,1,0,a vulnerable victim enduring repeated close range mistreatment,62.097978700621084,26.213421068811122,0.6162898540496826,0.525356650352478,0.09093320369720459
Shoplifting,Abuse,1,1,a stronger aggressor controlling a weaker victim indoors,61.6842770087417,35.521638571792664,0.6238045692443848,0.5352005362510681,0.08860403299331665
Shoplifting,Abuse,1,2,a helpless person recoiling from sustained physical abuse,61.41295329322665,32.55579375418509,0.5555425882339478,0.45264536142349243,0.10289722681045532
Shoplifting,Abuse,1,3,a defenseless victim shielding from repeated aggressive contact,61.62482876779004,26.902191708518398,0.698220431804657,0.6053938865661621,0.09282654523849487
Shoplifting,Abuse,1,4,an aggressor dragging or overpowering a vulnerable person,61.58071919475109,30.59005537989592,0.6232015490531921,0.5372656583786011,0.08593589067459106
Shoplifting,Arrest,2,0,uniformed police placing handcuffs on a detained suspect,57.96535404863423,12.949369132343286,0.6435737013816833,0.5605959296226501,0.0829777717590332
Shoplifting,Arrest,2,1,officers escorting a handcuffed person toward a patrol car,58.10456087066566,12.310982955695145,0.5554916858673096,0.4628758132457733,0.09261587262153625
Shoplifting,Arrest,2,2,a handcuffed suspect standing between multiple police officers,59.88878686992582,15.64934001290294,0.6160639524459839,0.5215134620666504,0.0945504903793335
Shoplifting,Arrest,2,3,law enforcement securing a suspect during formal custody,61.20991219360239,23.61662470240935,0.5173062682151794,0.4098733365535736,0.10743293166160583
Shoplifting,Arrest,2,4,a detained person kneeling while officers apply restraints,60.31613885481768,16.851390343709365,0.6414105296134949,0.5457987189292908,0.0956118106842041
Shoplifting,Arson,3,0,a person lighting material before flames spread,58.06215213285828,15.067102119855624,0.5931499600410461,0.5215461850166321,0.07160377502441406
Shoplifting,Arson,3,1,a person pouring accelerant before fire grows,60.5709277106088,23.744304336177745,0.4430237114429474,0.34203872084617615,0.10098499059677124
Shoplifting,Arson,3,2,a lighter touching a surface before ignition starts,60.71066409672332,32.12765010820807,0.5496073961257935,0.45903313159942627,0.09057426452636719
Shoplifting,Arson,3,3,small flames expanding after deliberate human ignition,62.260093841870614,24.92864642955318,0.37899088859558105,0.2673855125904083,0.11160537600517273
Shoplifting,Arson,3,4,a person retreating as planted fire begins spreading,60.29353581371806,25.300868919048984,0.7005260586738586,0.6435011625289917,0.05702489614486694
Shoplifting,Assault,4,0,a single attacker lunging with a direct strike,61.57176021649825,28.020111141951194,0.552923321723938,0.4385463297367096,0.1143769919872284
Shoplifting,Assault,4,1,a one-sided attack with punches and defensive movement,61.58552265249304,21.734817205644724,0.6571009159088135,0.5606425404548645,0.09645837545394897
Shoplifting,Assault,4,2,an aggressor kicking a fallen victim on pavement,61.78134299009014,36.470834120573045,0.6106283068656921,0.5125864744186401,0.098041832447052
Shoplifting,Assault,4,3,a victim stumbling backward after a sudden hit,61.73353892880089,38.08286741573739,0.6164316534996033,0.5134915709495544,0.10294008255004883
Shoplifting,Assault,4,4,an attacker chasing one target while striking repeatedly,61.18006346981289,21.46371260074306,0.6182266473770142,0.5060739517211914,0.11215269565582275
Shoplifting,Burglary,5,0,an intruder manipulating a lock at a doorway,60.99502754901387,19.51461281803722,0.623448371887207,0.5507476329803467,0.07270073890686035
Shoplifting,Burglary,5,1,a person prying open access to a restricted room,59.7343161419699,16.81264448070413,0.6497113108634949,0.5729150772094727,0.07679623365402222
Shoplifting,Burglary,5,2,a masked intruder entering a closed building interior,58.9176566789323,14.348432301096233,0.783356785774231,0.7234727740287781,0.05988401174545288
Shoplifting,Burglary,5,3,a person climbing through a window into private space,52.434649066448614,11.11729605144841,0.8067671060562134,0.75625079870224,0.05051630735397339
Shoplifting,Burglary,5,4,an intruder searching inside rooms after unauthorized entry,60.85079921344159,20.679503688911588,0.7397208213806152,0.6729745268821716,0.0667462944984436
Shoplifting,Explosion,6,0,a blast center expanding into a radial debris cloud,61.7950368942624,35.768088548182725,0.5876032114028931,0.4905931353569031,0.09701007604598999
Shoplifting,Explosion,6,1,a sudden shock front spreading from one point,60.422898973969595,19.17561164772068,0.5842997431755066,0.4921194612979889,0.0921802818775177
Shoplifting,Explosion,6,2,an object rupturing outward in a single instant,61.54243482662618,23.41183609204752,0.5266435146331787,0.41881081461906433,0.10783270001411438
Shoplifting,Explosion,6,3,a compact detonation producing outward airborne fragments,61.543718240756974,22.04043139072205,0.5348840355873108,0.4294545650482178,0.10542947053909302
Shoplifting,Explosion,6,4,a pressure blast expanding faster than surrounding motion,61.756017366586846,23.201612504647816,0.40732675790786743,0.29842081665992737,0.10890594124794006
Shoplifting,Fighting,7,0,two groups mutually exchanging punches in a brawl,61.959488347643244,36.76352129804369,0.6028803586959839,0.5035041570663452,0.09937620162963867
Shoplifting,Fighting,7,1,multiple participants striking each other during mutual combat,58.940580573564624,13.786551136515317,0.7560020089149475,0.6765367388725281,0.07946527004241943
Shoplifting,Fighting,7,2,opponents separating and reengaging in group fighting,61.86052839592703,24.2946103829639,0.44998466968536377,0.3228810131549835,0.12710365653038025
Shoplifting,Fighting,7,3,several combatants grappling and swinging simultaneously,61.69397114654518,25.99142138964129,0.6473488807678223,0.5554065704345703,0.09194231033325195
Shoplifting,Fighting,7,4,two sides clashing back and forth in public,61.90228296633764,36.42620490408956,0.6128731966018677,0.5103546977043152,0.10251849889755249
Shoplifting,RoadAccidents,8,0,vehicles colliding at an intersection on the roadway,59.724827599633976,35.15822075073737,0.6844452023506165,0.6349795460700989,0.04946565628051758
Shoplifting,RoadAccidents,8,1,a car striking a pedestrian or cyclist on road,60.416824562428204,24.148722337856228,0.5628419518470764,0.46565017104148865,0.09719178080558777
Shoplifting,RoadAccidents,8,2,a motorbike sliding across a lane after collision,59.896387672059646,27.386181043842218,0.659580409526825,0.5905354022979736,0.06904500722885132
Shoplifting,RoadAccidents,8,3,vehicles swerving before colliding in traffic,59.799365301871,19.56499232031047,0.6907311081886292,0.6187272667884827,0.07200384140014648
Shoplifting,RoadAccidents,8,4,a crashed vehicle blocking lanes after roadway impact,59.80345229055934,32.76114944952494,0.6424930691719055,0.5848378539085388,0.0576552152633667
Shoplifting,Robbery,9,0,a threatening person demanding valuables from a victim,56.83679691606799,12.039736866721379,0.7590419054031372,0.6998096704483032,0.059232234954833984
Shoplifting,Robbery,9,1,a victim handing belongings during close intimidation,51.74315674707475,9.62099945869087,0.8825149536132812,0.8725895881652832,0.009925365447998047
Shoplifting,Robbery,9,2,a robber confronting someone and taking personal items,59.423318731382516,14.865523409439302,0.7317249774932861,0.6678252816200256,0.0638996958732605
Shoplifting,Robbery,9,3,a weapon used to force a property handover,59.94313260518271,18.360603951882887,0.6240434050559998,0.5519659519195557,0.07207745313644409
Shoplifting,Robbery,9,4,a victim backing away while valuables are taken,61.32401144792945,38.309402819579375,0.6711567640304565,0.590825617313385,0.08033114671707153
Shoplifting,Shooting,10,0,an armed person aiming and firing a firearm,60.604134493701686,25.31661259499036,0.4979056715965271,0.3954971134662628,0.10240855813026428
Shoplifting,Shooting,10,1,a visible muzzle flash from a discharged gun,61.8522048945739,38.14796665251466,0.49846869707107544,0.37260809540748596,0.12586060166358948
Shoplifting,Shooting,10,2,a shooter raising a gun before firing,55.5902591359539,11.10664984822909,0.7224580645561218,0.6560570001602173,0.06640106439590454
Shoplifting,Shooting,10,3,a person firing a handgun in surveillance footage,61.50167708272492,36.14786175269272,0.5618678331375122,0.4557102620601654,0.1061575710773468
Shoplifting,Shooting,10,4,an armed shooter discharging a weapon toward people,61.21391195997119,25.78763749058428,0.6086244583129883,0.5206741690635681,0.08795028924942017
Shoplifting,Shoplifting,11,0,a shopper concealing merchandise inside clothing or bag,55.78224792165567,11.109484935189036,0.7806494832038879,0.726271390914917,0.05437809228897095
Shoplifting,Shoplifting,11,1,a person hiding a retail item while browsing shelves,57.04711484921051,12.046486850606598,0.7298364639282227,0.6713789105415344,0.05845755338668823
Shoplifting,Shoplifting,11,2,store goods disappearing beneath a jacket while shopping,54.738234137414096,10.362533566165125,0.6590694189071655,0.5868474245071411,0.07222199440002441
Shoplifting,Shoplifting,11,3,a shopper slipping merchandise into a bag in aisle,52.076517337382946,9.711952402092564,0.8531596064567566,0.8318996429443359,0.021259963512420654
Shoplifting,Shoplifting,11,4,a customer exiting retail space with concealed merchandise,59.09844051165235,13.685946497323421,0.5293003916740417,0.44494202733039856,0.08435836434364319
Shoplifting,Stealing,12,0,a person taking an unattended bag and leaving,56.804574499153084,12.049761299057964,0.7532010674476624,0.7042102217674255,0.048990845680236816
Shoplifting,Stealing,12,1,a thief lifting a phone or package from public space,60.027358215057525,17.07501817003896,0.743630588054657,0.6845099329948425,0.05912065505981445
Shoplifting,Stealing,12,2,a suspect carrying property while the owner is distracted,60.96383933960243,38.66660642636853,0.6767082214355469,0.6066871285438538,0.07002109289169312
Shoplifting,Stealing,12,3,a person pocketing an unattended item and walking away,57.70855284932733,12.878074419689767,0.7303774356842041,0.6709744930267334,0.0594029426574707
Shoplifting,Stealing,12,4,a thief removing a bicycle after handling its lock,59.631076066429145,27.549928722028234,0.7816498875617981,0.7470992803573608,0.034550607204437256
Shoplifting,Vandalism,13,0,a person spraying paint across a wall surface,58.0062177053521,12.94990831958978,0.6101475358009338,0.5341981053352356,0.07594943046569824
Shoplifting,Vandalism,13,1,someone scratching a parked vehicle with a tool,61.32354418550319,32.97575929003818,0.43755221366882324,0.3251139223575592,0.11243829131126404
Shoplifting,Vandalism,13,2,a person repeatedly kicking a public fixture,59.911159394895165,13.709426314791612,0.39524003863334656,0.3185558021068573,0.07668423652648926
Shoplifting,Vandalism,13,3,a vandal hitting a sign until it bends,61.74974358974359,33.05862488731655,0.6807008385658264,0.6135114431381226,0.06718939542770386
Shoplifting,Vandalism,13,4,a person marking property with deliberate graffiti strokes,54.70499620349278,12.28059064154618,0.7909660935401917,0.7464712262153625,0.0444948673248291
Stealing,Normal,0,0,pedestrians walking calmly along an ordinary street,18.438488372093023,19.109135940245796,0.47318243980407715,0.6953629851341248,-0.2221805453300476
Stealing,Normal,0,1,people waiting and talking in a public area,20.491046511627907,19.609109292179074,0.3758581578731537,0.5832427740097046,-0.2073846161365509
Stealing,Normal,0,2,vehicles moving steadily through regular traffic,12.501705426356589,18.061605816144812,0.47788941860198975,0.7647678852081299,-0.28687846660614014
Stealing,Normal,0,3,customers standing calmly near store counters,15.541279069767441,18.569086007076947,0.4363632798194885,0.7124254703521729,-0.2760621905326843
Stealing,Normal,0,4,people entering and exiting buildings at normal pace,15.956589147286824,18.607439489455825,0.42520037293434143,0.6680920720100403,-0.24289169907569885
Stealing,Abuse,1,0,a vulnerable victim enduring repeated close range mistreatment,89.93883720930232,86.56929185468792,0.9479735493659973,0.7581347227096558,0.18983882665634155
Stealing,Abuse,1,1,a stronger aggressor controlling a weaker victim indoors,90.48325581395349,80.94877400193819,0.9501352310180664,0.7218986749649048,0.22823655605316162
Stealing,Abuse,1,2,a helpless person recoiling from sustained physical abuse,90.3527519379845,83.11249289631611,0.8246756196022034,0.47755807638168335,0.34711754322052
Stealing,Abuse,1,3,a defenseless victim shielding from repeated aggressive contact,89.05461240310078,83.37056056401755,0.9744336009025574,0.830926775932312,0.14350682497024536
Stealing,Abuse,1,4,an aggressor dragging or overpowering a vulnerable person,88.86193798449614,82.53242905424084,0.9599798917770386,0.7777105569839478,0.18226933479309082
Stealing,Arrest,2,0,uniformed police placing handcuffs on a detained suspect,86.33251937984497,78.3352250092648,0.9692459106445312,0.8419614434242249,0.1272844672203064
Stealing,Arrest,2,1,officers escorting a handcuffed person toward a patrol car,84.71062015503877,76.05161663467437,0.8499768972396851,0.5858098864555359,0.26416701078414917
Stealing,Arrest,2,2,a handcuffed suspect standing between multiple police officers,87.16089147286822,79.42346046113727,0.9641472697257996,0.8037336468696594,0.16041362285614014
Stealing,Arrest,2,3,law enforcement securing a suspect during formal custody,87.50364341085272,80.17114823334857,0.7851493954658508,0.46018317341804504,0.3249662220478058
Stealing,Arrest,2,4,a detained person kneeling while officers apply restraints,86.56693798449612,77.7672538951942,0.9685006737709045,0.8318473696708679,0.13665330410003662
Stealing,Arson,3,0,a person lighting material before flames spread,88.44282945736434,79.38196229946011,0.7771766781806946,0.5897552967071533,0.18742138147354126
Stealing,Arson,3,1,a person pouring accelerant before fire grows,89.40941860465117,76.11177886041081,0.687879741191864,0.3469824492931366,0.3408972918987274
Stealing,Arson,3,2,a lighter touching a surface before ignition starts,87.89992248062015,75.92337916144223,0.8816630244255066,0.6546959280967712,0.22696709632873535
Stealing,Arson,3,3,small flames expanding after deliberate human ignition,85.89251937984496,70.85314089403508,0.6387891173362732,0.372406005859375,0.2663831114768982
Stealing,Arson,3,4,a person retreating as planted fire begins spreading,91.07131782945737,88.35704853420135,0.9931787252426147,0.9573022723197937,0.035876452922821045
Stealing,Assault,4,0,a single attacker lunging with a direct strike,87.32914728682168,76.93598962427033,0.8762001991271973,0.5669863224029541,0.30921387672424316
Stealing,Assault,4,1,a one-sided attack with punches and defensive movement,87.35093023255814,81.81547648942137,0.9620503187179565,0.8084644675254822,0.15358585119247437
Stealing,Assault,4,2,an aggressor kicking a fallen victim on pavement,86.90263565891472,75.40800775569924,0.9402820467948914,0.7041035294532776,0.23617851734161377
Stealing,Assault,4,3,a victim stumbling backward after a sudden hit,88.07054263565892,81.78989453914086,0.8994548320770264,0.5885835886001587,0.3108712434768677
Stealing,Assault,4,4,an attacker chasing one target while striking repeatedly,85.67465116279071,74.1822626780431,0.8717123866081238,0.5827018022537231,0.28901058435440063
Stealing,Burglary,5,0,an intruder manipulating a lock at a doorway,89.63627906976743,87.03048252372386,0.9437097311019897,0.7593168616294861,0.18439286947250366
Stealing,Burglary,5,1,a person prying open access to a restricted room,91.06565891472869,89.29399219713238,0.9325590133666992,0.7513922452926636,0.18116676807403564
Stealing,Burglary,5,2,a masked intruder entering a closed building interior,88.70848837209303,85.998456991128,0.9902133941650391,0.9568350315093994,0.03337836265563965
Stealing,Burglary,5,3,a person climbing through a window into private space,83.87027131782946,80.77702515491096,0.9904038310050964,0.9704315066337585,0.01997232437133789
Stealing,Burglary,5,4,an intruder searching inside rooms after unauthorized entry,85.11356589147287,80.78088030559442,0.9896799921989441,0.9466760158538818,0.043003976345062256
Stealing,Explosion,6,0,a blast center expanding into a radial debris cloud,87.15391472868217,71.32143458350527,0.9210901856422424,0.7349112629890442,0.18617892265319824
Stealing,Explosion,6,1,a sudden shock front spreading from one point,80.73232558139534,60.74930602596997,0.7644396424293518,0.5232096314430237,0.24123001098632812
Stealing,Explosion,6,2,an object rupturing outward in a single instant,91.03825581395351,87.35977178213084,0.8365352153778076,0.4371627867221832,0.3993724286556244
Stealing,Explosion,6,3,a compact detonation producing outward airborne fragments,85.56577519379844,66.51853528695318,0.8518124222755432,0.5825400948524475,0.2692723274230957
Stealing,Explosion,6,4,a pressure blast expanding faster than surrounding motion,85.63077519379844,69.06240259942724,0.6662818789482117,0.359923392534256,0.3063584864139557
Stealing,Fighting,7,0,two groups mutually exchanging punches in a brawl,87.52174418604652,72.0248266911992,0.8746132850646973,0.5583000183105469,0.3163132667541504
Stealing,Fighting,7,1,multiple participants striking each other during mutual combat,85.23744186046513,76.5137244976014,0.970241367816925,0.8507893681526184,0.11945199966430664
Stealing,Fighting,7,2,opponents separating and reengaging in group fighting,86.34631782945736,70.99078495349663,0.6924111247062683,0.3293745219707489,0.3630366027355194
Stealing,Fighting,7,3,several combatants grappling and swinging simultaneously,86.32806201550387,69.20920406883809,0.9250555038452148,0.7104398012161255,0.21461570262908936
Stealing,Fighting,7,4,two sides clashing back and forth in public,87.82341085271318,75.33750568107916,0.8973335027694702,0.6035406589508057,0.29379284381866455
Stealing,RoadAccidents,8,0,vehicles colliding at an intersection on the roadway,71.03325581395349,44.67841795966996,0.9921621084213257,0.9706351161003113,0.021526992321014404
Stealing,RoadAccidents,8,1,a car striking a pedestrian or cyclist on road,75.87945736434109,55.68289253012075,0.9066858887672424,0.7701171040534973,0.13656878471374512
Stealing,RoadAccidents,8,2,a motorbike sliding across a lane after collision,75.44624031007753,47.25822409407314,0.9265950322151184,0.8094716668128967,0.11712336540222168
Stealing,RoadAccidents,8,3,vehicles swerving before colliding in traffic,76.31356589147286,55.96206978884359,0.9736277461051941,0.9126309156417847,0.060996830463409424
Stealing,RoadAccidents,8,4,a crashed vehicle blocking lanes after roadway impact,64.4346511627907,41.91839257150307,0.9813137054443359,0.9389552474021912,0.042358458042144775
Stealing,Robbery,9,0,a threatening person demanding valuables from a victim,88.27488372093025,82.7609373273337,0.9742922186851501,0.8823676109313965,0.09192460775375366
Stealing,Robbery,9,1,a victim handing belongings during close intimidation,76.76069767441861,53.77595312385529,0.9949166774749756,0.977098822593689,0.01781785488128662
Stealing,Robbery,9,2,a robber confronting someone and taking personal items,87.73170542635658,82.01239908633443,0.9745753407478333,0.8680739402770996,0.10650140047073364
Stealing,Robbery,9,3,a weapon used to force a property handover,90.49852713178295,85.44642767638383,0.8775293827056885,0.6130374073982239,0.2644919753074646
Stealing,Robbery,9,4,a victim backing away while valuables are taken,91.59798449612404,86.96062558519311,0.9666184782981873,0.7519279718399048,0.21469050645828247
Stealing,Shooting,10,0,an armed person aiming and firing a firearm,86.26515503875969,73.70528357416971,0.7794773578643799,0.45467182993888855,0.32480552792549133
Stealing,Shooting,10,1,a visible muzzle flash from a discharged gun,88.85364341085271,79.11524541009275,0.8253993988037109,0.465776652097702,0.3596227467060089
Stealing,Shooting,10,2,a shooter raising a gun before firing,83.91868217054265,75.02135214626657,0.9252358675003052,0.8034380674362183,0.12179780006408691
Stealing,Shooting,10,3,a person firing a handgun in surveillance footage,91.24713178294573,85.40322502090389,0.8991416096687317,0.5714830160140991,0.32765859365463257
Stealing,Shooting,10,4,an armed shooter discharging a weapon toward people,90.9281007751938,86.62644448193888,0.935254693031311,0.6709769368171692,0.26427775621414185
Stealing,Shoplifting,11,0,a shopper concealing merchandise inside clothing or bag,84.82372093023255,77.23222380533944,0.95672208070755,0.8451986908912659,0.11152338981628418
Stealing,Shoplifting,11,1,a person hiding a retail item while browsing shelves,85.00209302325582,77.39857022775281,0.8685064911842346,0.7115795612335205,0.1569269299507141
Stealing,Shoplifting,11,2,store goods disappearing beneath a jacket while shopping,78.09383720930232,54.11357231547983,0.7089502215385437,0.5326894521713257,0.17626076936721802
Stealing,Shoplifting,11,3,a shopper slipping merchandise into a bag in aisle,70.6475968992248,41.54606971172367,0.9720789194107056,0.9331605434417725,0.038918375968933105
Stealing,Shoplifting,11,4,a customer exiting retail space with concealed merchandise,84.05697674418604,74.30040283999834,0.5921313762664795,0.36375024914741516,0.22838112711906433
Stealing,Stealing,12,0,a person taking an unattended bag and leaving,84.93391472868217,77.42148175779072,0.9801254272460938,0.9061040878295898,0.0740213394165039
Stealing,Stealing,12,1,a thief lifting a phone or package from public space,85.70620155038759,79.46589482071359,0.996974766254425,0.9807665944099426,0.016208171844482422
Stealing,Stealing,12,2,a suspect carrying property while the owner is distracted,89.98011627906978,83.07226064235239,0.987130343914032,0.9055461287498474,0.08158421516418457
Stealing,Stealing,12,3,a person pocketing an unattended item and walking away,81.55751937984496,73.23123965908106,0.9955116510391235,0.9685928821563721,0.026918768882751465
Stealing,Stealing,12,4,a thief removing a bicycle after handling its lock,81.14228682170541,69.5572236708504,0.9983625411987305,0.9872850775718689,0.011077463626861572
Stealing,Vandalism,13,0,a person spraying paint across a wall surface,85.07713178294574,77.73302474286523,0.838228166103363,0.6005858182907104,0.2376423478126526
Stealing,Vandalism,13,1,someone scratching a parked vehicle with a tool,85.51023255813953,77.98546176594311,0.7150108218193054,0.3981057107448578,0.31690511107444763
Stealing,Vandalism,13,2,a person repeatedly kicking a public fixture,85.26077519379844,76.73161348571502,0.6001141667366028,0.3481931686401367,0.25192099809646606
Stealing,Vandalism,13,3,a vandal hitting a sign until it bends,91.3186046511628,86.44120810066275,0.9918809533119202,0.9216899275779724,0.07019102573394775
Stealing,Vandalism,13,4,a person marking property with deliberate graffiti strokes,81.1322480620155,71.05569418916589,0.9954667687416077,0.9867217540740967,0.008745014667510986
Vandalism,Normal,0,0,pedestrians walking calmly along an ordinary street,25.613741995594552,12.18482198847575,0.6639442443847656,0.7609692215919495,-0.09702497720718384
Vandalism,Normal,0,1,people waiting and talking in a public area,36.61216400346835,14.020679850734357,0.6021617650985718,0.6745547652244568,-0.07239300012588501
Vandalism,Normal,0,2,vehicles moving steadily through regular traffic,28.923023066690362,12.577905666378781,0.7187756896018982,0.798431396484375,-0.0796557068824768
Vandalism,Normal,0,3,customers standing calmly near store counters,36.322804409760934,14.024437594930305,0.6645362377166748,0.7460166215896606,-0.08148038387298584
Vandalism,Normal,0,4,people entering and exiting buildings at normal pace,28.45218899283172,12.551016977713743,0.6423593163490295,0.7379589676856995,-0.09559965133666992
Vandalism,Abuse,1,0,a vulnerable victim enduring repeated close range mistreatment,67.2349915714755,31.181465543467933,0.9122307300567627,0.8616744875907898,0.0505562424659729
Vandalism,Abuse,1,1,a stronger aggressor controlling a weaker victim indoors,71.23191098616428,30.293765158262186,0.9162471294403076,0.8509054780006409,0.06534165143966675
Vandalism,Abuse,1,2,a helpless person recoiling from sustained physical abuse,70.45224284921827,31.781073264483595,0.6120789647102356,0.4739762544631958,0.1381027102470398
Vandalism,Abuse,1,3,a defenseless victim shielding from repeated aggressive contact,72.14600466396308,30.369223810315276,0.9514093995094299,0.8860942721366882,0.0653151273727417
Vandalism,Abuse,1,4,an aggressor dragging or overpowering a vulnerable person,74.18134522482349,35.40261600369985,0.8974562287330627,0.8071119785308838,0.09034425020217896
Vandalism,Arrest,2,0,uniformed police placing handcuffs on a detained suspect,74.9723878306109,51.256383602555786,0.8913038969039917,0.7727595567703247,0.11854434013366699
Vandalism,Arrest,2,1,officers escorting a handcuffed person toward a patrol car,73.70310051217423,36.70132438052294,0.6527884602546692,0.494093656539917,0.1586948037147522
Vandalism,Arrest,2,2,a handcuffed suspect standing between multiple police officers,76.85934327522229,42.68762312724144,0.8742521405220032,0.7267203330993652,0.14753180742263794
Vandalism,Arrest,2,3,law enforcement securing a suspect during formal custody,72.13583657818062,32.93952761055278,0.5563507080078125,0.37604260444641113,0.18030810356140137
Vandalism,Arrest,2,4,a detained person kneeling while officers apply restraints,75.85184108057454,45.949458530874104,0.8489713072776794,0.6879205107688904,0.16105079650878906
Vandalism,Arson,3,0,a person lighting material before flames spread,68.40414909602055,33.61277863583802,0.7126414179801941,0.6076244115829468,0.10501700639724731
Vandalism,Arson,3,1,a person pouring accelerant before fire grows,70.74953010302727,40.44110914202358,0.5470015406608582,0.3997017741203308,0.14729976654052734
Vandalism,Arson,3,2,a lighter touching a surface before ignition starts,67.03438730281832,36.25274703220827,0.8270247578620911,0.7531612515449524,0.07386350631713867
Vandalism,Arson,3,3,small flames expanding after deliberate human ignition,70.15823006371211,38.937954919398635,0.5245071053504944,0.3757805824279785,0.14872652292251587
Vandalism,Arson,3,4,a person retreating as planted fire begins spreading,61.3921337361791,27.99738284439779,0.9892303347587585,0.9824042320251465,0.0068261027336120605
Vandalism,Assault,4,0,a single attacker lunging with a direct strike,76.74129007588365,39.70576344228311,0.7286152839660645,0.5175127387046814,0.21110254526138306
Vandalism,Assault,4,1,a one-sided attack with punches and defensive movement,76.04107088039036,39.368611439629994,0.9443353414535522,0.8652083277702332,0.07912701368331909
Vandalism,Assault,4,2,an aggressor kicking a fallen victim on pavement,76.87089008450067,37.32613070024734,0.8623667359352112,0.680966854095459,0.1813998818397522
Vandalism,Assault,4,3,a victim stumbling backward after a sudden hit,74.4617431158074,32.32144387106499,0.7635500431060791,0.5644153952598572,0.19913464784622192
Vandalism,Assault,4,4,an attacker chasing one target while striking repeatedly,71.87456847570269,31.649260128453406,0.7515668869018555,0.5531041026115417,0.19846278429031372
Vandalism,Burglary,5,0,an intruder manipulating a lock at a doorway,55.28852481971575,31.80360918681907,0.8931882381439209,0.8643722534179688,0.02881598472595215
Vandalism,Burglary,5,1,a person prying open access to a restricted room,61.64478481680751,34.410412141672595,0.910316526889801,0.8942257761955261,0.016090750694274902
Vandalism,Burglary,5,2,a masked intruder entering a closed building interior,47.00274129007588,23.684529251861754,0.9834083914756775,0.9848191738128662,-0.0014107823371887207
Vandalism,Burglary,5,3,a person climbing through a window into private space,42.87518782414813,23.14003952726828,0.9901697635650635,0.9923365712165833,-0.0021668076515197754
Vandalism,Burglary,5,4,an intruder searching inside rooms after unauthorized entry,41.28827708033758,20.57529718128677,0.9842652678489685,0.9865818023681641,-0.0023165345191955566
Vandalism,Explosion,6,0,a blast center expanding into a radial debris cloud,78.60429019975335,41.12461876332256,0.8734492063522339,0.784195601940155,0.08925360441207886
Vandalism,Explosion,6,1,a sudden shock front spreading from one point,70.5799471130284,30.315083243395968,0.7021472454071045,0.5730763077735901,0.1290709376335144
Vandalism,Explosion,6,2,an object rupturing outward in a single instant,70.72936627189935,31.886488872025826,0.675348162651062,0.5525741577148438,0.12277400493621826
Vandalism,Explosion,6,3,a compact detonation producing outward airborne fragments,74.25820905972135,34.010539447126206,0.8063963055610657,0.6801716685295105,0.12622463703155518
Vandalism,Explosion,6,4,a pressure blast expanding faster than surrounding motion,75.05545592124042,37.38396305023159,0.5288106799125671,0.3679507374763489,0.16085994243621826
Vandalism,Fighting,7,0,two groups mutually exchanging punches in a brawl,74.59840908234102,31.57721986366817,0.7297702431678772,0.5445021986961365,0.18526804447174072
Vandalism,Fighting,7,1,multiple participants striking each other during mutual combat,66.3302042772742,26.44572464028122,0.9255833029747009,0.8566088080406189,0.06897449493408203
Vandalism,Fighting,7,2,opponents separating and reengaging in group fighting,74.6752729172389,34.555478471505175,0.5178623199462891,0.3231278359889984,0.19473448395729065
Vandalism,Fighting,7,3,several combatants grappling and swinging simultaneously,75.4923389290119,34.49225550721412,0.8431943655014038,0.6995265483856201,0.1436678171157837
Vandalism,Fighting,7,4,two sides clashing back and forth in public,76.16360493109076,34.200982417385575,0.8380503058433533,0.6761878728866577,0.16186243295669556
Vandalism,RoadAccidents,8,0,vehicles colliding at an intersection on the roadway,61.53207417101557,29.696144110048685,0.9699369072914124,0.946036696434021,0.023900210857391357
Vandalism,RoadAccidents,8,1,a car striking a pedestrian or cyclist on road,76.20582833815348,58.38938011926948,0.7218431234359741,0.5551465749740601,0.16669654846191406
Vandalism,RoadAccidents,8,2,a motorbike sliding across a lane after collision,79.17249662051175,49.1249356141807,0.8549168705940247,0.764894962310791,0.09002190828323364
Vandalism,RoadAccidents,8,3,vehicles swerving before colliding in traffic,79.7077860178049,65.93400309521334,0.9512038230895996,0.8943883180618286,0.056815505027770996
Vandalism,RoadAccidents,8,4,a crashed vehicle blocking lanes after roadway impact,73.12713877175125,42.073463778934986,0.9312058687210083,0.8665719032287598,0.06463396549224854
Vandalism,Robbery,9,0,a threatening person demanding valuables from a victim,54.975726926577586,26.977456190924453,0.9296454191207886,0.9095057249069214,0.020139694213867188
Vandalism,Robbery,9,1,a victim handing belongings during close intimidation,50.18655852304244,23.037423139589997,0.9792798757553101,0.9752665162086487,0.004013359546661377
Vandalism,Robbery,9,2,a robber confronting someone and taking personal items,64.25643179896487,29.284824296632916,0.9080213904380798,0.8552609086036682,0.05276048183441162
Vandalism,Robbery,9,3,a weapon used to force a property handover,71.34048546146845,35.98637538910657,0.7609782814979553,0.6197261810302734,0.14125210046768188
Vandalism,Robbery,9,4,a victim backing away while valuables are taken,72.00640891000059,31.119387572980855,0.9044296145439148,0.7963405847549438,0.10808902978897095
Vandalism,Shooting,10,0,an armed person aiming and firing a firearm,72.38486850963221,33.25499216642493,0.5788791179656982,0.40136170387268066,0.17751741409301758
Vandalism,Shooting,10,1,a visible muzzle flash from a discharged gun,75.48578999240625,33.49863955440359,0.5480434894561768,0.35696157813072205,0.1910819113254547
Vandalism,Shooting,10,2,a shooter raising a gun before firing,69.29256404870772,31.294492112617935,0.8764543533325195,0.787817656993866,0.08863669633865356
Vandalism,Shooting,10,3,a person firing a handgun in surveillance footage,75.47958573667458,35.885188684742154,0.7068328857421875,0.5012344121932983,0.20559847354888916
Vandalism,Shooting,10,4,an armed shooter discharging a weapon toward people,72.00296210126078,31.015239811621555,0.8156321048736572,0.6796151399612427,0.13601696491241455
Vandalism,Shoplifting,11,0,a shopper concealing merchandise inside clothing or bag,62.52785721594796,24.210201481403377,0.8840121626853943,0.8437393307685852,0.04027283191680908
Vandalism,Shoplifting,11,1,a person hiding a retail item while browsing shelves,59.917933638160484,23.091417657591002,0.7296229600906372,0.6929744482040405,0.03664851188659668
Vandalism,Shoplifting,11,2,store goods disappearing beneath a jacket while shopping,62.93302958331313,25.270227034232185,0.567441463470459,0.5002214312553406,0.06722003221511841
Vandalism,Shoplifting,11,3,a shopper slipping merchandise into a bag in aisle,42.08931543147044,17.19349938902344,0.9226850867271423,0.9260932803153992,-0.003408193588256836
Vandalism,Shoplifting,11,4,a customer exiting retail space with concealed merchandise,67.99208311117575,30.984972268089734,0.4592972695827484,0.36581704020500183,0.09348022937774658
Vandalism,Stealing,12,0,a person taking an unattended bag and leaving,68.19337674158089,35.15140644289279,0.9450432658195496,0.8963953256607056,0.048647940158843994
Vandalism,Stealing,12,1,a thief lifting a phone or package from public space,51.71056500735139,23.10133032135257,0.9913483262062073,0.9886474609375,0.0027008652687072754
Vandalism,Stealing,12,2,a suspect carrying property while the owner is distracted,74.94171123282655,63.58925365217981,0.9473778605461121,0.8880974650382996,0.0592803955078125
Vandalism,Stealing,12,3,a person pocketing an unattended item and walking away,64.00808922926126,29.175536233945877,0.9831504225730896,0.9698066115379333,0.01334381103515625
Vandalism,Stealing,12,4,a thief removing a bicycle after handling its lock,64.49115947414624,30.42145658700125,0.9927352070808411,0.9874637722969055,0.005271434783935547
Vandalism,Vandalism,13,0,a person spraying paint across a wall surface,68.79553422842648,44.83859425243634,0.7634714245796204,0.6653032302856445,0.09816819429397583
Vandalism,Vandalism,13,1,someone scratching a parked vehicle with a tool,77.7580986541289,54.28438244949426,0.5096948742866516,0.2993367612361908,0.21035811305046082
Vandalism,Vandalism,13,2,a person repeatedly kicking a public fixture,73.92093882453051,42.84905780014092,0.4748361110687256,0.32948046922683716,0.14535564184188843
Vandalism,Vandalism,13,3,a vandal hitting a sign until it bends,75.89509853025922,42.62610810315925,0.9837965369224548,0.9615029692649841,0.022293567657470703
Vandalism,Vandalism,13,4,a person marking property with deliberate graffiti strokes,56.00166954798333,45.295313176169934,0.9940650463104248,0.9922819137573242,0.001783132553100586
