label,criterion,rank,video_id,label,num_frames,positive_frames,baseline_classifier_mean,baseline_classifier_max,baseline_classifier_positive_mean,baseline_classifier_negative_mean,baseline_classifier_auc,baseline_classifier_ap,baseline_alignment_mean,baseline_alignment_max,baseline_alignment_positive_mean,baseline_alignment_negative_mean,baseline_alignment_auc,baseline_alignment_ap,manual_classifier_mean,delta_classifier_mean,manual_classifier_max,delta_classifier_max,manual_classifier_positive_mean,delta_classifier_positive_mean,manual_classifier_negative_mean,delta_classifier_negative_mean,manual_classifier_auc,delta_classifier_auc,manual_classifier_ap,delta_classifier_ap,manual_alignment_mean,delta_alignment_mean,manual_alignment_max,delta_alignment_max,manual_alignment_positive_mean,delta_alignment_positive_mean,manual_alignment_negative_mean,delta_alignment_negative_mean,manual_alignment_auc,delta_alignment_auc,manual_alignment_ap,delta_alignment_ap
Abuse,delta_classifier_auc,1,Abuse030_x264,Abuse,1536,85,0.9929139614105225,0.9998125433921814,0.999457597732544,0.9925305843353271,69.11541735922488,9.577626597772973,0.9960942268371582,0.9987035393714905,0.9976728558540344,0.9960017800331116,49.40973770624721,6.223381187835201,0.9503787159919739,-0.042535245418548584,0.9989774227142334,-0.000835120677947998,0.9957908987998962,-0.003666698932647705,0.9477183818817139,-0.04481220245361328,57.0507155308712,-12.064701828353677,7.24302573730593,-2.3346008604670425,0.9927113056182861,-0.0033829212188720703,0.9983451962471008,-0.00035834312438964844,0.9975743889808655,-9.846687316894531e-05,0.9924263954162598,-0.0035753846168518066,54.43021040256212,5.020472696314904,6.889787959392149,0.6664067715569484
Abuse,delta_classifier_auc,2,Abuse028_x264,Abuse,1408,75,0.8617116808891296,0.9985138773918152,0.9662609100341797,0.8558292984962463,51.73643410852713,6.367688064496575,0.9958226680755615,0.9996578693389893,0.9981895089149475,0.9956895112991333,49.59189797449362,6.150696596618814,0.9235696196556091,0.06185793876647949,0.9999598264694214,0.0014459490776062012,0.9913815259933472,0.02512061595916748,0.9197542667388916,0.06392496824264526,45.91097774443611,-5.825456364091018,5.691424380959265,-0.6762636835373108,0.9781705737113953,-0.01765209436416626,0.999001145362854,-0.0006567239761352539,0.9951888918876648,-0.003000617027282715,0.9772128462791443,-0.018476665019989014,41.8139534883721,-7.77794448612152,5.314258513317206,-0.8364380833016076
Abuse,delta_alignment_auc,1,Abuse028_x264,Abuse,1408,75,0.8617116808891296,0.9985138773918152,0.9662609100341797,0.8558292984962463,51.73643410852713,6.367688064496575,0.9958226680755615,0.9996578693389893,0.9981895089149475,0.9956895112991333,49.59189797449362,6.150696596618814,0.9235696196556091,0.06185793876647949,0.9999598264694214,0.0014459490776062012,0.9913815259933472,0.02512061595916748,0.9197542667388916,0.06392496824264526,45.91097774443611,-5.825456364091018,5.691424380959265,-0.6762636835373108,0.9781705737113953,-0.01765209436416626,0.999001145362854,-0.0006567239761352539,0.9951888918876648,-0.003000617027282715,0.9772128462791443,-0.018476665019989014,41.8139534883721,-7.77794448612152,5.314258513317206,-0.8364380833016076
Abuse,delta_alignment_auc,2,Abuse030_x264,Abuse,1536,85,0.9929139614105225,0.9998125433921814,0.999457597732544,0.9925305843353271,69.11541735922488,9.577626597772973,0.9960942268371582,0.9987035393714905,0.9976728558540344,0.9960017800331116,49.40973770624721,6.223381187835201,0.9503787159919739,-0.042535245418548584,0.9989774227142334,-0.000835120677947998,0.9957908987998962,-0.003666698932647705,0.9477183818817139,-0.04481220245361328,57.0507155308712,-12.064701828353677,7.24302573730593,-2.3346008604670425,0.9927113056182861,-0.0033829212188720703,0.9983451962471008,-0.00035834312438964844,0.9975743889808655,-9.846687316894531e-05,0.9924263954162598,-0.0035753846168518066,54.43021040256212,5.020472696314904,6.889787959392149,0.6664067715569484
Abuse,delta_classifier_positive_mean,1,Abuse030_x264,Abuse,1536,85,0.9929139614105225,0.9998125433921814,0.999457597732544,0.9925305843353271,69.11541735922488,9.577626597772973,0.9960942268371582,0.9987035393714905,0.9976728558540344,0.9960017800331116,49.40973770624721,6.223381187835201,0.9503787159919739,-0.042535245418548584,0.9989774227142334,-0.000835120677947998,0.9957908987998962,-0.003666698932647705,0.9477183818817139,-0.04481220245361328,57.0507155308712,-12.064701828353677,7.24302573730593,-2.3346008604670425,0.9927113056182861,-0.0033829212188720703,0.9983451962471008,-0.00035834312438964844,0.9975743889808655,-9.846687316894531e-05,0.9924263954162598,-0.0035753846168518066,54.43021040256212,5.020472696314904,6.889787959392149,0.6664067715569484
Abuse,delta_classifier_positive_mean,2,Abuse028_x264,Abuse,1408,75,0.8617116808891296,0.9985138773918152,0.9662609100341797,0.8558292984962463,51.73643410852713,6.367688064496575,0.9958226680755615,0.9996578693389893,0.9981895089149475,0.9956895112991333,49.59189797449362,6.150696596618814,0.9235696196556091,0.06185793876647949,0.9999598264694214,0.0014459490776062012,0.9913815259933472,0.02512061595916748,0.9197542667388916,0.06392496824264526,45.91097774443611,-5.825456364091018,5.691424380959265,-0.6762636835373108,0.9781705737113953,-0.01765209436416626,0.999001145362854,-0.0006567239761352539,0.9951888918876648,-0.003000617027282715,0.9772128462791443,-0.018476665019989014,41.8139534883721,-7.77794448612152,5.314258513317206,-0.8364380833016076
Abuse,delta_alignment_positive_mean,1,Abuse028_x264,Abuse,1408,75,0.8617116808891296,0.9985138773918152,0.9662609100341797,0.8558292984962463,51.73643410852713,6.367688064496575,0.9958226680755615,0.9996578693389893,0.9981895089149475,0.9956895112991333,49.59189797449362,6.150696596618814,0.9235696196556091,0.06185793876647949,0.9999598264694214,0.0014459490776062012,0.9913815259933472,0.02512061595916748,0.9197542667388916,0.06392496824264526,45.91097774443611,-5.825456364091018,5.691424380959265,-0.6762636835373108,0.9781705737113953,-0.01765209436416626,0.999001145362854,-0.0006567239761352539,0.9951888918876648,-0.003000617027282715,0.9772128462791443,-0.018476665019989014,41.8139534883721,-7.77794448612152,5.314258513317206,-0.8364380833016076
Abuse,delta_alignment_positive_mean,2,Abuse030_x264,Abuse,1536,85,0.9929139614105225,0.9998125433921814,0.999457597732544,0.9925305843353271,69.11541735922488,9.577626597772973,0.9960942268371582,0.9987035393714905,0.9976728558540344,0.9960017800331116,49.40973770624721,6.223381187835201,0.9503787159919739,-0.042535245418548584,0.9989774227142334,-0.000835120677947998,0.9957908987998962,-0.003666698932647705,0.9477183818817139,-0.04481220245361328,57.0507155308712,-12.064701828353677,7.24302573730593,-2.3346008604670425,0.9927113056182861,-0.0033829212188720703,0.9983451962471008,-0.00035834312438964844,0.9975743889808655,-9.846687316894531e-05,0.9924263954162598,-0.0035753846168518066,54.43021040256212,5.020472696314904,6.889787959392149,0.6664067715569484
Arrest,delta_classifier_auc,1,Arrest030_x264,Arrest,8640,1665,0.9869815111160278,0.9999940395355225,0.9999823570251465,0.9838781356811523,94.27715457392877,78.17053623625138,0.9984167218208313,0.9999738335609436,0.9999187588691711,0.9980581998825073,80.21709020848806,34.57953957658516,0.9761146903038025,-0.010866820812225342,0.9999978542327881,3.814697265625e-06,0.9999781250953674,-4.231929779052734e-06,0.9704183340072632,-0.01345980167388916,77.05576974824287,-17.221384825685902,32.28265837330299,-45.887877862948386,0.9949710369110107,-0.0034456849098205566,0.9996309280395508,-0.00034290552139282227,0.9992793202400208,-0.0006394386291503906,0.9939426779747009,-0.0041155219078063965,74.6143089325885,-5.602781275899559,28.813115747884865,-5.766423828700297
Arrest,delta_classifier_auc,2,Arrest024_x264,Arrest,3616,2100,0.9995573163032532,0.9999921321868896,0.9998852610588074,0.9991028904914856,51.493152406081165,55.06442484182102,0.9997256398200989,0.9999205470085144,0.9997170567512512,0.9997373223304749,39.684633747958294,48.4604455660679,0.9995715618133545,1.424551010131836e-05,0.9999932050704956,1.0728836059570312e-06,0.9998778104782104,-7.450580596923828e-06,0.9991471767425537,4.4286251068115234e-05,47.13330820454831,-4.359844201532859,58.13849242673709,3.0740675849160652,0.9995346069335938,-0.00019103288650512695,0.9997642636299133,-0.00015628337860107422,0.999580979347229,-0.0001360774040222168,0.9994704723358154,-0.00026684999465942383,62.164342254052016,22.479708506093722,59.82166549143935,11.36121992537145
Arrest,delta_classifier_auc,3,Arrest007_x264,Arrest,3136,630,0.7880198955535889,0.9999284744262695,0.9957724809646606,0.7357915639877319,99.70622886025919,99.15736607142858,0.9165781736373901,0.9999218583106995,0.9993320107460022,0.895774245262146,99.90891701186993,99.6533658140801,0.7480507493019104,-0.03996914625167847,0.9993738532066345,-0.0005546212196350098,0.9929652810096741,-0.0028071999549865723,0.6864800453186035,-0.04931151866912842,99.31098696461825,-0.39524189564093604,97.9613937690422,-1.1959723023863802,0.8978279829025269,-0.01875019073486328,0.99759441614151,-0.002327442169189453,0.9913537502288818,-0.007978260517120361,0.8743159174919128,-0.021458327770233154,93.81205741141895,-6.096859600450983,79.25753246302656,-20.39583335105354
Arrest,delta_classifier_auc,4,Arrest001_x264,Arrest,2368,300,0.4518764019012451,0.9980471134185791,0.9698720574378967,0.3767319321632385,98.38426821405545,90.03403346653347,0.6530710458755493,0.9905329346656799,0.9810068607330322,0.6054981350898743,99.59896840747905,97.37133478437828,0.3014443814754486,-0.1504320204257965,0.9990610480308533,0.00101393461227417,0.9943709373474121,0.02449887990951538,0.2009231150150299,-0.17580881714820862,99.9084461637653,1.524177949709852,99.34593622536734,9.311902758833867,0.6679930686950684,0.014922022819519043,0.9898295402526855,-0.0007033944129943848,0.9814253449440002,0.0004184842109680176,0.6225241422653198,0.017026007175445557,99.55770470664088,-0.04126370083817221,97.20142737697086,-0.16990740740742183
Arrest,delta_classifier_auc,5,Arrest039_x264,Arrest,15824,3120,0.31562724709510803,0.9983789920806885,0.42451947927474976,0.28888413310050964,59.54397565071369,23.391684099129716,0.3831726312637329,0.9992027878761292,0.4598191976547241,0.364348828792572,60.59185881289155,22.01382464863371,0.22896473109722137,-0.08666251599788666,0.9858659505844116,-0.012513041496276855,0.31909358501434326,-0.1054258942604065,0.20682983100414276,-0.08205430209636688,65.13930601304656,5.595330362332874,25.48335664298792,2.0916725438582056,0.3267498016357422,-0.05642282962799072,0.9855181574821472,-0.013684630393981934,0.3456953465938568,-0.11412385106086731,0.32209694385528564,-0.04225188493728638,58.59664632177227,-1.9952124911192826,21.51671704906115,-0.497107599572562
Arrest,delta_alignment_auc,1,Arrest007_x264,Arrest,3136,630,0.7880198955535889,0.9999284744262695,0.9957724809646606,0.7357915639877319,99.70622886025919,99.15736607142858,0.9165781736373901,0.9999218583106995,0.9993320107460022,0.895774245262146,99.90891701186993,99.6533658140801,0.7480507493019104,-0.03996914625167847,0.9993738532066345,-0.0005546212196350098,0.9929652810096741,-0.0028071999549865723,0.6864800453186035,-0.04931151866912842,99.31098696461825,-0.39524189564093604,97.9613937690422,-1.1959723023863802,0.8978279829025269,-0.01875019073486328,0.99759441614151,-0.002327442169189453,0.9913537502288818,-0.007978260517120361,0.8743159174919128,-0.021458327770233154,93.81205741141895,-6.096859600450983,79.25753246302656,-20.39583335105354
Arrest,delta_alignment_auc,2,Arrest030_x264,Arrest,8640,1665,0.9869815111160278,0.9999940395355225,0.9999823570251465,0.9838781356811523,94.27715457392877,78.17053623625138,0.9984167218208313,0.9999738335609436,0.9999187588691711,0.9980581998825073,80.21709020848806,34.57953957658516,0.9761146903038025,-0.010866820812225342,0.9999978542327881,3.814697265625e-06,0.9999781250953674,-4.231929779052734e-06,0.9704183340072632,-0.01345980167388916,77.05576974824287,-17.221384825685902,32.28265837330299,-45.887877862948386,0.9949710369110107,-0.0034456849098205566,0.9996309280395508,-0.00034290552139282227,0.9992793202400208,-0.0006394386291503906,0.9939426779747009,-0.0041155219078063965,74.6143089325885,-5.602781275899559,28.813115747884865,-5.766423828700297
Arrest,delta_alignment_auc,3,Arrest039_x264,Arrest,15824,3120,0.31562724709510803,0.9983789920806885,0.42451947927474976,0.28888413310050964,59.54397565071369,23.391684099129716,0.3831726312637329,0.9992027878761292,0.4598191976547241,0.364348828792572,60.59185881289155,22.01382464863371,0.22896473109722137,-0.08666251599788666,0.9858659505844116,-0.012513041496276855,0.31909358501434326,-0.1054258942604065,0.20682983100414276,-0.08205430209636688,65.13930601304656,5.595330362332874,25.48335664298792,2.0916725438582056,0.3267498016357422,-0.05642282962799072,0.9855181574821472,-0.013684630393981934,0.3456953465938568,-0.11412385106086731,0.32209694385528564,-0.04225188493728638,58.59664632177227,-1.9952124911192826,21.51671704906115,-0.497107599572562
Arrest,delta_alignment_auc,4,Arrest001_x264,Arrest,2368,300,0.4518764019012451,0.9980471134185791,0.9698720574378967,0.3767319321632385,98.38426821405545,90.03403346653347,0.6530710458755493,0.9905329346656799,0.9810068607330322,0.6054981350898743,99.59896840747905,97.37133478437828,0.3014443814754486,-0.1504320204257965,0.9990610480308533,0.00101393461227417,0.9943709373474121,0.02449887990951538,0.2009231150150299,-0.17580881714820862,99.9084461637653,1.524177949709852,99.34593622536734,9.311902758833867,0.6679930686950684,0.014922022819519043,0.9898295402526855,-0.0007033944129943848,0.9814253449440002,0.0004184842109680176,0.6225241422653198,0.017026007175445557,99.55770470664088,-0.04126370083817221,97.20142737697086,-0.16990740740742183
Arrest,delta_alignment_auc,5,Arrest024_x264,Arrest,3616,2100,0.9995573163032532,0.9999921321868896,0.9998852610588074,0.9991028904914856,51.493152406081165,55.06442484182102,0.9997256398200989,0.9999205470085144,0.9997170567512512,0.9997373223304749,39.684633747958294,48.4604455660679,0.9995715618133545,1.424551010131836e-05,0.9999932050704956,1.0728836059570312e-06,0.9998778104782104,-7.450580596923828e-06,0.9991471767425537,4.4286251068115234e-05,47.13330820454831,-4.359844201532859,58.13849242673709,3.0740675849160652,0.9995346069335938,-0.00019103288650512695,0.9997642636299133,-0.00015628337860107422,0.999580979347229,-0.0001360774040222168,0.9994704723358154,-0.00026684999465942383,62.164342254052016,22.479708506093722,59.82166549143935,11.36121992537145
Arrest,delta_classifier_positive_mean,1,Arrest039_x264,Arrest,15824,3120,0.31562724709510803,0.9983789920806885,0.42451947927474976,0.28888413310050964,59.54397565071369,23.391684099129716,0.3831726312637329,0.9992027878761292,0.4598191976547241,0.364348828792572,60.59185881289155,22.01382464863371,0.22896473109722137,-0.08666251599788666,0.9858659505844116,-0.012513041496276855,0.31909358501434326,-0.1054258942604065,0.20682983100414276,-0.08205430209636688,65.13930601304656,5.595330362332874,25.48335664298792,2.0916725438582056,0.3267498016357422,-0.05642282962799072,0.9855181574821472,-0.013684630393981934,0.3456953465938568,-0.11412385106086731,0.32209694385528564,-0.04225188493728638,58.59664632177227,-1.9952124911192826,21.51671704906115,-0.497107599572562
Arrest,delta_classifier_positive_mean,2,Arrest007_x264,Arrest,3136,630,0.7880198955535889,0.9999284744262695,0.9957724809646606,0.7357915639877319,99.70622886025919,99.15736607142858,0.9165781736373901,0.9999218583106995,0.9993320107460022,0.895774245262146,99.90891701186993,99.6533658140801,0.7480507493019104,-0.03996914625167847,0.9993738532066345,-0.0005546212196350098,0.9929652810096741,-0.0028071999549865723,0.6864800453186035,-0.04931151866912842,99.31098696461825,-0.39524189564093604,97.9613937690422,-1.1959723023863802,0.8978279829025269,-0.01875019073486328,0.99759441614151,-0.002327442169189453,0.9913537502288818,-0.007978260517120361,0.8743159174919128,-0.021458327770233154,93.81205741141895,-6.096859600450983,79.25753246302656,-20.39583335105354
Arrest,delta_classifier_positive_mean,3,Arrest024_x264,Arrest,3616,2100,0.9995573163032532,0.9999921321868896,0.9998852610588074,0.9991028904914856,51.493152406081165,55.06442484182102,0.9997256398200989,0.9999205470085144,0.9997170567512512,0.9997373223304749,39.684633747958294,48.4604455660679,0.9995715618133545,1.424551010131836e-05,0.9999932050704956,1.0728836059570312e-06,0.9998778104782104,-7.450580596923828e-06,0.9991471767425537,4.4286251068115234e-05,47.13330820454831,-4.359844201532859,58.13849242673709,3.0740675849160652,0.9995346069335938,-0.00019103288650512695,0.9997642636299133,-0.00015628337860107422,0.999580979347229,-0.0001360774040222168,0.9994704723358154,-0.00026684999465942383,62.164342254052016,22.479708506093722,59.82166549143935,11.36121992537145
Arrest,delta_classifier_positive_mean,4,Arrest030_x264,Arrest,8640,1665,0.9869815111160278,0.9999940395355225,0.9999823570251465,0.9838781356811523,94.27715457392877,78.17053623625138,0.9984167218208313,0.9999738335609436,0.9999187588691711,0.9980581998825073,80.21709020848806,34.57953957658516,0.9761146903038025,-0.010866820812225342,0.9999978542327881,3.814697265625e-06,0.9999781250953674,-4.231929779052734e-06,0.9704183340072632,-0.01345980167388916,77.05576974824287,-17.221384825685902,32.28265837330299,-45.887877862948386,0.9949710369110107,-0.0034456849098205566,0.9996309280395508,-0.00034290552139282227,0.9992793202400208,-0.0006394386291503906,0.9939426779747009,-0.0041155219078063965,74.6143089325885,-5.602781275899559,28.813115747884865,-5.766423828700297
Arrest,delta_classifier_positive_mean,5,Arrest001_x264,Arrest,2368,300,0.4518764019012451,0.9980471134185791,0.9698720574378967,0.3767319321632385,98.38426821405545,90.03403346653347,0.6530710458755493,0.9905329346656799,0.9810068607330322,0.6054981350898743,99.59896840747905,97.37133478437828,0.3014443814754486,-0.1504320204257965,0.9990610480308533,0.00101393461227417,0.9943709373474121,0.02449887990951538,0.2009231150150299,-0.17580881714820862,99.9084461637653,1.524177949709852,99.34593622536734,9.311902758833867,0.6679930686950684,0.014922022819519043,0.9898295402526855,-0.0007033944129943848,0.9814253449440002,0.0004184842109680176,0.6225241422653198,0.017026007175445557,99.55770470664088,-0.04126370083817221,97.20142737697086,-0.16990740740742183
Arrest,delta_alignment_positive_mean,1,Arrest039_x264,Arrest,15824,3120,0.31562724709510803,0.9983789920806885,0.42451947927474976,0.28888413310050964,59.54397565071369,23.391684099129716,0.3831726312637329,0.9992027878761292,0.4598191976547241,0.364348828792572,60.59185881289155,22.01382464863371,0.22896473109722137,-0.08666251599788666,0.9858659505844116,-0.012513041496276855,0.31909358501434326,-0.1054258942604065,0.20682983100414276,-0.08205430209636688,65.13930601304656,5.595330362332874,25.48335664298792,2.0916725438582056,0.3267498016357422,-0.05642282962799072,0.9855181574821472,-0.013684630393981934,0.3456953465938568,-0.11412385106086731,0.32209694385528564,-0.04225188493728638,58.59664632177227,-1.9952124911192826,21.51671704906115,-0.497107599572562
Arrest,delta_alignment_positive_mean,2,Arrest007_x264,Arrest,3136,630,0.7880198955535889,0.9999284744262695,0.9957724809646606,0.7357915639877319,99.70622886025919,99.15736607142858,0.9165781736373901,0.9999218583106995,0.9993320107460022,0.895774245262146,99.90891701186993,99.6533658140801,0.7480507493019104,-0.03996914625167847,0.9993738532066345,-0.0005546212196350098,0.9929652810096741,-0.0028071999549865723,0.6864800453186035,-0.04931151866912842,99.31098696461825,-0.39524189564093604,97.9613937690422,-1.1959723023863802,0.8978279829025269,-0.01875019073486328,0.99759441614151,-0.002327442169189453,0.9913537502288818,-0.007978260517120361,0.8743159174919128,-0.021458327770233154,93.81205741141895,-6.096859600450983,79.25753246302656,-20.39583335105354
Arrest,delta_alignment_positive_mean,3,Arrest030_x264,Arrest,8640,1665,0.9869815111160278,0.9999940395355225,0.9999823570251465,0.9838781356811523,94.27715457392877,78.17053623625138,0.9984167218208313,0.9999738335609436,0.9999187588691711,0.9980581998825073,80.21709020848806,34.57953957658516,0.9761146903038025,-0.010866820812225342,0.9999978542327881,3.814697265625e-06,0.9999781250953674,-4.231929779052734e-06,0.9704183340072632,-0.01345980167388916,77.05576974824287,-17.221384825685902,32.28265837330299,-45.887877862948386,0.9949710369110107,-0.0034456849098205566,0.9996309280395508,-0.00034290552139282227,0.9992793202400208,-0.0006394386291503906,0.9939426779747009,-0.0041155219078063965,74.6143089325885,-5.602781275899559,28.813115747884865,-5.766423828700297
Arrest,delta_alignment_positive_mean,4,Arrest024_x264,Arrest,3616,2100,0.9995573163032532,0.9999921321868896,0.9998852610588074,0.9991028904914856,51.493152406081165,55.06442484182102,0.9997256398200989,0.9999205470085144,0.9997170567512512,0.9997373223304749,39.684633747958294,48.4604455660679,0.9995715618133545,1.424551010131836e-05,0.9999932050704956,1.0728836059570312e-06,0.9998778104782104,-7.450580596923828e-06,0.9991471767425537,4.4286251068115234e-05,47.13330820454831,-4.359844201532859,58.13849242673709,3.0740675849160652,0.9995346069335938,-0.00019103288650512695,0.9997642636299133,-0.00015628337860107422,0.999580979347229,-0.0001360774040222168,0.9994704723358154,-0.00026684999465942383,62.164342254052016,22.479708506093722,59.82166549143935,11.36121992537145
Arrest,delta_alignment_positive_mean,5,Arrest001_x264,Arrest,2368,300,0.4518764019012451,0.9980471134185791,0.9698720574378967,0.3767319321632385,98.38426821405545,90.03403346653347,0.6530710458755493,0.9905329346656799,0.9810068607330322,0.6054981350898743,99.59896840747905,97.37133478437828,0.3014443814754486,-0.1504320204257965,0.9990610480308533,0.00101393461227417,0.9943709373474121,0.02449887990951538,0.2009231150150299,-0.17580881714820862,99.9084461637653,1.524177949709852,99.34593622536734,9.311902758833867,0.6679930686950684,0.014922022819519043,0.9898295402526855,-0.0007033944129943848,0.9814253449440002,0.0004184842109680176,0.6225241422653198,0.017026007175445557,99.55770470664088,-0.04126370083817221,97.20142737697086,-0.16990740740742183
Arson,delta_classifier_auc,1,Arson011_x264,Arson,1264,854,0.9950112700462341,0.9997077584266663,0.9945997595787048,0.9958685040473938,62.822299651567945,84.5060374622714,0.9993823170661926,0.9997981786727905,0.9996566772460938,0.9988109469413757,98.08133889301422,99.00797730551056,0.9909850358963013,-0.004026234149932861,0.9984201192855835,-0.0012876391410827637,0.9905588030815125,-0.004040956497192383,0.9918727874755859,-0.003995716571807861,53.07077169132346,-9.751527960244488,78.75446571935564,-5.751571742915758,0.9958974123001099,-0.0034849047660827637,0.9986371994018555,-0.0011609792709350586,0.9955098628997803,-0.0041468143463134766,0.9967045187950134,-0.0021064281463623047,45.39384246301479,-52.68749642999943,69.45471501510224,-29.553262290408327
Arson,delta_classifier_auc,2,Arson035_x264,Arson,1424,300,0.7763559818267822,0.9992513060569763,0.9986855983734131,0.717015266418457,88.60498220640571,70.8615977989792,0.9473569989204407,0.9996225833892822,0.9994032979011536,0.9334656000137329,99.67022538552787,98.72760270774977,0.8025593161582947,0.02620333433151245,0.9995922446250916,0.0003409385681152344,0.9992711544036865,0.0005855560302734375,0.7500561475753784,0.03304088115692139,82.3606168446026,-6.244365361803105,40.13267702139161,-30.728920777587597,0.9614986181259155,0.014141619205474854,0.9988628029823303,-0.0007597804069519043,0.9987385272979736,-0.0006647706031799316,0.9515591263771057,0.018093526363372803,99.34756820877817,-0.3226571767497006,97.52876421823791,-1.1988384895118571
Arson,delta_classifier_auc,3,Arson041_x264,Arson,3744,1485,0.9899712204933167,0.9999760389328003,0.9986900091171265,0.9842398166656494,87.8709330280822,86.85469927528348,0.9993581771850586,0.9999215006828308,0.9996099472045898,0.9991926550865173,73.5513166190457,73.44281433032872,0.9987530708312988,0.008781850337982178,0.9999934434890747,1.7404556274414062e-05,0.9996480345726013,0.0009580254554748535,0.9981648921966553,0.01392507553100586,83.27547274426425,-4.595460283817957,82.38103802153485,-4.473661253748631,0.9987139105796814,-0.0006442666053771973,0.9996967315673828,-0.00022476911544799805,0.9992133378982544,-0.0003966093063354492,0.9983856081962585,-0.0008070468902587891,82.11599542719506,8.564678808149353,81.0894351277509,7.646620797422187
Arson,delta_classifier_auc,4,Arson022_x264,Arson,8640,500,0.17088857293128967,0.9978341460227966,0.20723113417625427,0.16865621507167816,75.24855036855037,10.451115560881139,0.19434614479541779,0.9996037483215332,0.1678755283355713,0.19597209990024567,73.00147420147421,9.68167696248114,0.17104965448379517,0.00016108155250549316,0.9989905953407288,0.001156449317932129,0.13624678552150726,-0.07098434865474701,0.17318743467330933,0.0045312196016311646,73.72953316953317,-1.519017199017199,10.275049819678655,-0.17606574120248375,0.3379919230937958,0.143645778298378,0.9969562292098999,-0.0026475191116333008,0.45508912205696106,0.28721359372138977,0.3307992219924927,0.134827122092247,76.15901719901719,3.1575429975429756,10.765358950883956,1.083681988402816
Arson,delta_classifier_auc,5,Arson007_x264,Arson,6240,3450,0.957899808883667,0.9958055019378662,0.947363555431366,0.9709285497665405,40.183242428964725,47.75016439106431,0.9967396259307861,0.9988159537315369,0.9957154393196106,0.9980061054229736,20.153114123941616,44.81253779436939,0.9800450801849365,0.02214527130126953,0.999579131603241,0.003773629665374756,0.9714367985725403,0.024073243141174316,0.9906899333000183,0.019761383533477783,39.01368240610877,-1.1695600228559542,52.52225999461964,4.772095603555329,0.9941961765289307,-0.0025434494018554688,0.9992831349372864,0.0004671812057495117,0.9913478493690491,-0.0043675899505615234,0.9977182149887085,-0.0002878904342651367,40.35245961248767,20.199345488546054,58.82869644161326,14.01615864724387
Arson,delta_alignment_auc,1,Arson011_x264,Arson,1264,854,0.9950112700462341,0.9997077584266663,0.9945997595787048,0.9958685040473938,62.822299651567945,84.5060374622714,0.9993823170661926,0.9997981786727905,0.9996566772460938,0.9988109469413757,98.08133889301422,99.00797730551056,0.9909850358963013,-0.004026234149932861,0.9984201192855835,-0.0012876391410827637,0.9905588030815125,-0.004040956497192383,0.9918727874755859,-0.003995716571807861,53.07077169132346,-9.751527960244488,78.75446571935564,-5.751571742915758,0.9958974123001099,-0.0034849047660827637,0.9986371994018555,-0.0011609792709350586,0.9955098628997803,-0.0041468143463134766,0.9967045187950134,-0.0021064281463623047,45.39384246301479,-52.68749642999943,69.45471501510224,-29.553262290408327
Arson,delta_alignment_auc,2,Arson035_x264,Arson,1424,300,0.7763559818267822,0.9992513060569763,0.9986855983734131,0.717015266418457,88.60498220640571,70.8615977989792,0.9473569989204407,0.9996225833892822,0.9994032979011536,0.9334656000137329,99.67022538552787,98.72760270774977,0.8025593161582947,0.02620333433151245,0.9995922446250916,0.0003409385681152344,0.9992711544036865,0.0005855560302734375,0.7500561475753784,0.03304088115692139,82.3606168446026,-6.244365361803105,40.13267702139161,-30.728920777587597,0.9614986181259155,0.014141619205474854,0.9988628029823303,-0.0007597804069519043,0.9987385272979736,-0.0006647706031799316,0.9515591263771057,0.018093526363372803,99.34756820877817,-0.3226571767497006,97.52876421823791,-1.1988384895118571
Arson,delta_alignment_auc,3,Arson016_x264,Arson,1792,792,0.785133957862854,0.9999029636383057,0.9992296695709229,0.615570068359375,99.99595959595959,99.98989898989899,0.9622316360473633,0.9996755719184875,0.9994420409202576,0.9327608346939087,99.99595959595959,99.98989898989899,0.7843389511108398,-0.0007950067520141602,0.9996432065963745,-0.00025975704193115234,0.9963094592094421,-0.002920210361480713,0.6164583563804626,0.0008882880210876465,99.99595959595959,0.0,99.98989898989899,0.0,0.9333561658859253,-0.02887547016143799,0.9979365468025208,-0.0017390251159667969,0.996344804763794,-0.003097236156463623,0.8834691047668457,-0.04929172992706299,99.99595959595959,0.0,99.98989898989899,0.0
Arson,delta_alignment_auc,4,Arson022_x264,Arson,8640,500,0.17088857293128967,0.9978341460227966,0.20723113417625427,0.16865621507167816,75.24855036855037,10.451115560881139,0.19434614479541779,0.9996037483215332,0.1678755283355713,0.19597209990024567,73.00147420147421,9.68167696248114,0.17104965448379517,0.00016108155250549316,0.9989905953407288,0.001156449317932129,0.13624678552150726,-0.07098434865474701,0.17318743467330933,0.0045312196016311646,73.72953316953317,-1.519017199017199,10.275049819678655,-0.17606574120248375,0.3379919230937958,0.143645778298378,0.9969562292098999,-0.0026475191116333008,0.45508912205696106,0.28721359372138977,0.3307992219924927,0.134827122092247,76.15901719901719,3.1575429975429756,10.765358950883956,1.083681988402816
Arson,delta_alignment_auc,5,Arson010_x264,Arson,3152,345,0.7839153409004211,0.9961961507797241,0.9833076596260071,0.7594085931777954,80.42662494901462,25.722674832918095,0.9570447206497192,0.9945799112319946,0.9928075671195984,0.9526492357254028,82.84542267519606,25.613980936556967,0.8194921016693115,0.03557676076889038,0.9996090531349182,0.003412902355194092,0.9946064352989197,0.011298775672912598,0.7979693412780762,0.03856074810028076,80.76036616533202,0.3337412163173923,23.433036442510712,-2.289638390407383,0.9741809964179993,0.01713627576828003,0.9987202286720276,0.004140317440032959,0.9972513914108276,0.004443824291229248,0.9713454246520996,0.018696188926696777,86.10518217912777,3.259759503931704,28.612926949174255,2.9989460126172887
Arson,delta_classifier_positive_mean,1,Arson022_x264,Arson,8640,500,0.17088857293128967,0.9978341460227966,0.20723113417625427,0.16865621507167816,75.24855036855037,10.451115560881139,0.19434614479541779,0.9996037483215332,0.1678755283355713,0.19597209990024567,73.00147420147421,9.68167696248114,0.17104965448379517,0.00016108155250549316,0.9989905953407288,0.001156449317932129,0.13624678552150726,-0.07098434865474701,0.17318743467330933,0.0045312196016311646,73.72953316953317,-1.519017199017199,10.275049819678655,-0.17606574120248375,0.3379919230937958,0.143645778298378,0.9969562292098999,-0.0026475191116333008,0.45508912205696106,0.28721359372138977,0.3307992219924927,0.134827122092247,76.15901719901719,3.1575429975429756,10.765358950883956,1.083681988402816
Arson,delta_classifier_positive_mean,2,Arson011_x264,Arson,1264,854,0.9950112700462341,0.9997077584266663,0.9945997595787048,0.9958685040473938,62.822299651567945,84.5060374622714,0.9993823170661926,0.9997981786727905,0.9996566772460938,0.9988109469413757,98.08133889301422,99.00797730551056,0.9909850358963013,-0.004026234149932861,0.9984201192855835,-0.0012876391410827637,0.9905588030815125,-0.004040956497192383,0.9918727874755859,-0.003995716571807861,53.07077169132346,-9.751527960244488,78.75446571935564,-5.751571742915758,0.9958974123001099,-0.0034849047660827637,0.9986371994018555,-0.0011609792709350586,0.9955098628997803,-0.0041468143463134766,0.9967045187950134,-0.0021064281463623047,45.39384246301479,-52.68749642999943,69.45471501510224,-29.553262290408327
Arson,delta_classifier_positive_mean,3,Arson016_x264,Arson,1792,792,0.785133957862854,0.9999029636383057,0.9992296695709229,0.615570068359375,99.99595959595959,99.98989898989899,0.9622316360473633,0.9996755719184875,0.9994420409202576,0.9327608346939087,99.99595959595959,99.98989898989899,0.7843389511108398,-0.0007950067520141602,0.9996432065963745,-0.00025975704193115234,0.9963094592094421,-0.002920210361480713,0.6164583563804626,0.0008882880210876465,99.99595959595959,0.0,99.98989898989899,0.0,0.9333561658859253,-0.02887547016143799,0.9979365468025208,-0.0017390251159667969,0.996344804763794,-0.003097236156463623,0.8834691047668457,-0.04929172992706299,99.99595959595959,0.0,99.98989898989899,0.0
Arson,delta_classifier_positive_mean,4,Arson018_x264,Arson,832,330,0.9982958436012268,0.9998984336853027,0.9993827939033508,0.9975813627243042,60.67246166847761,42.24004651313983,0.9996012449264526,0.9998027682304382,0.999603271484375,0.9995996356010437,49.816491609320295,38.86924183618679,0.998653769493103,0.0003579258918762207,0.9998376369476318,-6.079673767089844e-05,0.9995030164718628,0.00012022256851196289,0.9980954527854919,0.0005140900611877441,70.1569479657129,9.484486297235293,48.513802860567054,6.2737563474272235,0.9991798400878906,-0.0004214048385620117,0.9995730519294739,-0.00022971630096435547,0.9992491006851196,-0.0003541707992553711,0.999134361743927,-0.0004652738571166992,64.32331280936859,14.506821200048293,59.38465899480406,20.515417158617275
Arson,delta_classifier_positive_mean,5,Arson035_x264,Arson,1424,300,0.7763559818267822,0.9992513060569763,0.9986855983734131,0.717015266418457,88.60498220640571,70.8615977989792,0.9473569989204407,0.9996225833892822,0.9994032979011536,0.9334656000137329,99.67022538552787,98.72760270774977,0.8025593161582947,0.02620333433151245,0.9995922446250916,0.0003409385681152344,0.9992711544036865,0.0005855560302734375,0.7500561475753784,0.03304088115692139,82.3606168446026,-6.244365361803105,40.13267702139161,-30.728920777587597,0.9614986181259155,0.014141619205474854,0.9988628029823303,-0.0007597804069519043,0.9987385272979736,-0.0006647706031799316,0.9515591263771057,0.018093526363372803,99.34756820877817,-0.3226571767497006,97.52876421823791,-1.1988384895118571
Arson,delta_alignment_positive_mean,1,Arson007_x264,Arson,6240,3450,0.957899808883667,0.9958055019378662,0.947363555431366,0.9709285497665405,40.183242428964725,47.75016439106431,0.9967396259307861,0.9988159537315369,0.9957154393196106,0.9980061054229736,20.153114123941616,44.81253779436939,0.9800450801849365,0.02214527130126953,0.999579131603241,0.003773629665374756,0.9714367985725403,0.024073243141174316,0.9906899333000183,0.019761383533477783,39.01368240610877,-1.1695600228559542,52.52225999461964,4.772095603555329,0.9941961765289307,-0.0025434494018554688,0.9992831349372864,0.0004671812057495117,0.9913478493690491,-0.0043675899505615234,0.9977182149887085,-0.0002878904342651367,40.35245961248767,20.199345488546054,58.82869644161326,14.01615864724387
Arson,delta_alignment_positive_mean,2,Arson011_x264,Arson,1264,854,0.9950112700462341,0.9997077584266663,0.9945997595787048,0.9958685040473938,62.822299651567945,84.5060374622714,0.9993823170661926,0.9997981786727905,0.9996566772460938,0.9988109469413757,98.08133889301422,99.00797730551056,0.9909850358963013,-0.004026234149932861,0.9984201192855835,-0.0012876391410827637,0.9905588030815125,-0.004040956497192383,0.9918727874755859,-0.003995716571807861,53.07077169132346,-9.751527960244488,78.75446571935564,-5.751571742915758,0.9958974123001099,-0.0034849047660827637,0.9986371994018555,-0.0011609792709350586,0.9955098628997803,-0.0041468143463134766,0.9967045187950134,-0.0021064281463623047,45.39384246301479,-52.68749642999943,69.45471501510224,-29.553262290408327
Arson,delta_alignment_positive_mean,3,Arson016_x264,Arson,1792,792,0.785133957862854,0.9999029636383057,0.9992296695709229,0.615570068359375,99.99595959595959,99.98989898989899,0.9622316360473633,0.9996755719184875,0.9994420409202576,0.9327608346939087,99.99595959595959,99.98989898989899,0.7843389511108398,-0.0007950067520141602,0.9996432065963745,-0.00025975704193115234,0.9963094592094421,-0.002920210361480713,0.6164583563804626,0.0008882880210876465,99.99595959595959,0.0,99.98989898989899,0.0,0.9333561658859253,-0.02887547016143799,0.9979365468025208,-0.0017390251159667969,0.996344804763794,-0.003097236156463623,0.8834691047668457,-0.04929172992706299,99.99595959595959,0.0,99.98989898989899,0.0
Arson,delta_alignment_positive_mean,4,Arson035_x264,Arson,1424,300,0.7763559818267822,0.9992513060569763,0.9986855983734131,0.717015266418457,88.60498220640571,70.8615977989792,0.9473569989204407,0.9996225833892822,0.9994032979011536,0.9334656000137329,99.67022538552787,98.72760270774977,0.8025593161582947,0.02620333433151245,0.9995922446250916,0.0003409385681152344,0.9992711544036865,0.0005855560302734375,0.7500561475753784,0.03304088115692139,82.3606168446026,-6.244365361803105,40.13267702139161,-30.728920777587597,0.9614986181259155,0.014141619205474854,0.9988628029823303,-0.0007597804069519043,0.9987385272979736,-0.0006647706031799316,0.9515591263771057,0.018093526363372803,99.34756820877817,-0.3226571767497006,97.52876421823791,-1.1988384895118571
Arson,delta_alignment_positive_mean,5,Arson041_x264,Arson,3744,1485,0.9899712204933167,0.9999760389328003,0.9986900091171265,0.9842398166656494,87.8709330280822,86.85469927528348,0.9993581771850586,0.9999215006828308,0.9996099472045898,0.9991926550865173,73.5513166190457,73.44281433032872,0.9987530708312988,0.008781850337982178,0.9999934434890747,1.7404556274414062e-05,0.9996480345726013,0.0009580254554748535,0.9981648921966553,0.01392507553100586,83.27547274426425,-4.595460283817957,82.38103802153485,-4.473661253748631,0.9987139105796814,-0.0006442666053771973,0.9996967315673828,-0.00022476911544799805,0.9992133378982544,-0.0003966093063354492,0.9983856081962585,-0.0008070468902587891,82.11599542719506,8.564678808149353,81.0894351277509,7.646620797422187
Assault,delta_classifier_auc,1,Assault011_x264,Assault,2288,585,0.18547077476978302,0.5335298180580139,0.31966912746429443,0.1393720805644989,80.01801747544555,58.97961147964191,0.036148592829704285,0.08189702033996582,0.05701175332069397,0.028981857001781464,82.69042564403692,50.84262171518127,0.5223242044448853,0.33685342967510223,0.949263334274292,0.4157335162162781,0.7693430185317993,0.4496738910675049,0.43747034668922424,0.29809826612472534,71.10463686505965,-8.9133806103859,36.48386928354007,-22.495742196101837,0.772235095500946,0.7360865026712418,0.9486872553825378,0.866790235042572,0.9254547953605652,0.8684430420398712,0.7196024060249329,0.6906205490231514,86.23811172842294,3.547686084386015,63.32850136461309,12.485879649431823
Assault,delta_classifier_auc,2,Assault010_x264,Assault,16176,1020,0.8710532188415527,0.9990785121917725,0.9871956706047058,0.8632367849349976,93.37136913356,69.34718317514547,0.9958997964859009,0.9995843172073364,0.9991496801376343,0.9956810474395752,95.35978762051138,49.42276837812105,0.8756403923034668,0.0045871734619140625,0.9987810254096985,-0.0002974867820739746,0.9854638576507568,-0.0017318129539489746,0.8682492971420288,0.00501251220703125,93.09192243801718,-0.2794466955428163,50.588166430403426,-18.75901674474205,0.9672516584396362,-0.02864813804626465,0.9957699775695801,-0.0038143396377563477,0.9908432960510254,-0.008306384086608887,0.9656639695167542,-0.030017077922821045,97.26602807921796,1.906240458706577,59.536530521078134,10.113762142957086
Assault,delta_classifier_auc,3,Assault006_x264,Assault,8096,6911,0.9767820239067078,0.9999532699584961,0.9811534881591797,0.9512874484062195,73.03534938186355,94.0607107569676,0.9967076778411865,0.9996147155761719,0.9974859356880188,0.9921685457229614,87.21578819798681,97.46402989205164,0.9377462863922119,-0.03903573751449585,0.9999397993087769,-1.3470649719238281e-05,0.953330934047699,-0.027822554111480713,0.8468555212020874,-0.10443192720413208,84.78790920363609,11.752559821772536,97.17619257242012,3.115481815452526,0.9878377318382263,-0.008869946002960205,0.9992552995681763,-0.00035941600799560547,0.9881950616836548,-0.009290874004364014,0.9857532978057861,-0.006415247917175293,64.00118565950325,-23.21460253848356,91.89801789242264,-5.566011999628998
Assault,delta_alignment_auc,1,Assault006_x264,Assault,8096,6911,0.9767820239067078,0.9999532699584961,0.9811534881591797,0.9512874484062195,73.03534938186355,94.0607107569676,0.9967076778411865,0.9996147155761719,0.9974859356880188,0.9921685457229614,87.21578819798681,97.46402989205164,0.9377462863922119,-0.03903573751449585,0.9999397993087769,-1.3470649719238281e-05,0.953330934047699,-0.027822554111480713,0.8468555212020874,-0.10443192720413208,84.78790920363609,11.752559821772536,97.17619257242012,3.115481815452526,0.9878377318382263,-0.008869946002960205,0.9992552995681763,-0.00035941600799560547,0.9881950616836548,-0.009290874004364014,0.9857532978057861,-0.006415247917175293,64.00118565950325,-23.21460253848356,91.89801789242264,-5.566011999628998
Assault,delta_alignment_auc,2,Assault010_x264,Assault,16176,1020,0.8710532188415527,0.9990785121917725,0.9871956706047058,0.8632367849349976,93.37136913356,69.34718317514547,0.9958997964859009,0.9995843172073364,0.9991496801376343,0.9956810474395752,95.35978762051138,49.42276837812105,0.8756403923034668,0.0045871734619140625,0.9987810254096985,-0.0002974867820739746,0.9854638576507568,-0.0017318129539489746,0.8682492971420288,0.00501251220703125,93.09192243801718,-0.2794466955428163,50.588166430403426,-18.75901674474205,0.9672516584396362,-0.02864813804626465,0.9957699775695801,-0.0038143396377563477,0.9908432960510254,-0.008306384086608887,0.9656639695167542,-0.030017077922821045,97.26602807921796,1.906240458706577,59.536530521078134,10.113762142957086
Assault,delta_alignment_auc,3,Assault011_x264,Assault,2288,585,0.18547077476978302,0.5335298180580139,0.31966912746429443,0.1393720805644989,80.01801747544555,58.97961147964191,0.036148592829704285,0.08189702033996582,0.05701175332069397,0.028981857001781464,82.69042564403692,50.84262171518127,0.5223242044448853,0.33685342967510223,0.949263334274292,0.4157335162162781,0.7693430185317993,0.4496738910675049,0.43747034668922424,0.29809826612472534,71.10463686505965,-8.9133806103859,36.48386928354007,-22.495742196101837,0.772235095500946,0.7360865026712418,0.9486872553825378,0.866790235042572,0.9254547953605652,0.8684430420398712,0.7196024060249329,0.6906205490231514,86.23811172842294,3.547686084386015,63.32850136461309,12.485879649431823
Assault,delta_classifier_positive_mean,1,Assault006_x264,Assault,8096,6911,0.9767820239067078,0.9999532699584961,0.9811534881591797,0.9512874484062195,73.03534938186355,94.0607107569676,0.9967076778411865,0.9996147155761719,0.9974859356880188,0.9921685457229614,87.21578819798681,97.46402989205164,0.9377462863922119,-0.03903573751449585,0.9999397993087769,-1.3470649719238281e-05,0.953330934047699,-0.027822554111480713,0.8468555212020874,-0.10443192720413208,84.78790920363609,11.752559821772536,97.17619257242012,3.115481815452526,0.9878377318382263,-0.008869946002960205,0.9992552995681763,-0.00035941600799560547,0.9881950616836548,-0.009290874004364014,0.9857532978057861,-0.006415247917175293,64.00118565950325,-23.21460253848356,91.89801789242264,-5.566011999628998
Assault,delta_classifier_positive_mean,2,Assault010_x264,Assault,16176,1020,0.8710532188415527,0.9990785121917725,0.9871956706047058,0.8632367849349976,93.37136913356,69.34718317514547,0.9958997964859009,0.9995843172073364,0.9991496801376343,0.9956810474395752,95.35978762051138,49.42276837812105,0.8756403923034668,0.0045871734619140625,0.9987810254096985,-0.0002974867820739746,0.9854638576507568,-0.0017318129539489746,0.8682492971420288,0.00501251220703125,93.09192243801718,-0.2794466955428163,50.588166430403426,-18.75901674474205,0.9672516584396362,-0.02864813804626465,0.9957699775695801,-0.0038143396377563477,0.9908432960510254,-0.008306384086608887,0.9656639695167542,-0.030017077922821045,97.26602807921796,1.906240458706577,59.536530521078134,10.113762142957086
Assault,delta_classifier_positive_mean,3,Assault011_x264,Assault,2288,585,0.18547077476978302,0.5335298180580139,0.31966912746429443,0.1393720805644989,80.01801747544555,58.97961147964191,0.036148592829704285,0.08189702033996582,0.05701175332069397,0.028981857001781464,82.69042564403692,50.84262171518127,0.5223242044448853,0.33685342967510223,0.949263334274292,0.4157335162162781,0.7693430185317993,0.4496738910675049,0.43747034668922424,0.29809826612472534,71.10463686505965,-8.9133806103859,36.48386928354007,-22.495742196101837,0.772235095500946,0.7360865026712418,0.9486872553825378,0.866790235042572,0.9254547953605652,0.8684430420398712,0.7196024060249329,0.6906205490231514,86.23811172842294,3.547686084386015,63.32850136461309,12.485879649431823
Assault,delta_alignment_positive_mean,1,Assault006_x264,Assault,8096,6911,0.9767820239067078,0.9999532699584961,0.9811534881591797,0.9512874484062195,73.03534938186355,94.0607107569676,0.9967076778411865,0.9996147155761719,0.9974859356880188,0.9921685457229614,87.21578819798681,97.46402989205164,0.9377462863922119,-0.03903573751449585,0.9999397993087769,-1.3470649719238281e-05,0.953330934047699,-0.027822554111480713,0.8468555212020874,-0.10443192720413208,84.78790920363609,11.752559821772536,97.17619257242012,3.115481815452526,0.9878377318382263,-0.008869946002960205,0.9992552995681763,-0.00035941600799560547,0.9881950616836548,-0.009290874004364014,0.9857532978057861,-0.006415247917175293,64.00118565950325,-23.21460253848356,91.89801789242264,-5.566011999628998
Assault,delta_alignment_positive_mean,2,Assault010_x264,Assault,16176,1020,0.8710532188415527,0.9990785121917725,0.9871956706047058,0.8632367849349976,93.37136913356,69.34718317514547,0.9958997964859009,0.9995843172073364,0.9991496801376343,0.9956810474395752,95.35978762051138,49.42276837812105,0.8756403923034668,0.0045871734619140625,0.9987810254096985,-0.0002974867820739746,0.9854638576507568,-0.0017318129539489746,0.8682492971420288,0.00501251220703125,93.09192243801718,-0.2794466955428163,50.588166430403426,-18.75901674474205,0.9672516584396362,-0.02864813804626465,0.9957699775695801,-0.0038143396377563477,0.9908432960510254,-0.008306384086608887,0.9656639695167542,-0.030017077922821045,97.26602807921796,1.906240458706577,59.536530521078134,10.113762142957086
Assault,delta_alignment_positive_mean,3,Assault011_x264,Assault,2288,585,0.18547077476978302,0.5335298180580139,0.31966912746429443,0.1393720805644989,80.01801747544555,58.97961147964191,0.036148592829704285,0.08189702033996582,0.05701175332069397,0.028981857001781464,82.69042564403692,50.84262171518127,0.5223242044448853,0.33685342967510223,0.949263334274292,0.4157335162162781,0.7693430185317993,0.4496738910675049,0.43747034668922424,0.29809826612472534,71.10463686505965,-8.9133806103859,36.48386928354007,-22.495742196101837,0.772235095500946,0.7360865026712418,0.9486872553825378,0.866790235042572,0.9254547953605652,0.8684430420398712,0.7196024060249329,0.6906205490231514,86.23811172842294,3.547686084386015,63.32850136461309,12.485879649431823
Burglary,delta_classifier_auc,1,Burglary018_x264,Burglary,1120,330,0.9775689244270325,0.9986891150474548,0.99517822265625,0.9702132940292358,57.86191024165708,31.479371430385296,0.9956235885620117,0.9968234896659851,0.9961881041526794,0.9953876733779907,48.680475642500966,27.689003435399574,0.9928438663482666,0.01527494192123413,0.9997400641441345,0.0010509490966796875,0.9991719722747803,0.0039937496185302734,0.990200400352478,0.019987106323242188,44.99808208668968,-12.8638281549674,26.166310154160687,-5.313061276224609,0.9981444478034973,0.0025208592414855957,0.9990026354789734,0.0021791458129882812,0.9986951351165771,0.002507030963897705,0.9979143738746643,0.002526700496673584,55.06329113924051,6.382815496739546,30.15624465746793,2.467241222068356
Burglary,delta_classifier_auc,2,Burglary037_x264,Burglary,1920,1410,0.9947213530540466,0.9998849630355835,0.9990273118019104,0.982816755771637,96.40244750382423,98.65586217621929,0.9992823004722595,0.9997537136077881,0.9993818402290344,0.9990074038505554,84.55652899457655,93.67289336119022,0.9985210299491882,0.0037996768951416016,0.9999430179595947,5.805492401123047e-05,0.9997395873069763,0.000712275505065918,0.9951521158218384,0.012335360050201416,83.7688777638715,-12.633569739952733,93.58339857428209,-5.072463601937201,0.9989680051803589,-0.00031429529190063477,0.9995191693305969,-0.0002345442771911621,0.999178946018219,-0.0002028942108154297,0.9983848929405212,-0.0006225109100341797,73.20011125017383,-11.35641774440272,88.49955431721199,-5.173339043978231
Burglary,delta_classifier_auc,3,Burglary017_x264,Burglary,2112,450,0.7980459332466125,0.991346538066864,0.8951343894004822,0.771758496761322,73.40205909881,31.78731746598257,0.9940235018730164,0.9982763528823853,0.9960899353027344,0.993463933467865,85.80157775103623,52.07764934905914,0.8784754276275635,0.08042949438095093,0.9993836879730225,0.008037149906158447,0.920086681842804,0.024952292442321777,0.8672089576721191,0.09545046091079712,64.02326514239871,-9.378793956411286,26.596008391290038,-5.191309074692533,0.9739730358123779,-0.020050466060638428,0.9994910955429077,0.001214742660522461,0.977161705493927,-0.018928229808807373,0.9731097221374512,-0.02035421133041382,53.13410883807996,-32.667468912956274,20.973057949352096,-31.104591399707047
Burglary,delta_classifier_auc,4,Burglary035_x264,Burglary,4048,1739,0.9998481273651123,0.9999809265136719,0.9998738169670105,0.9998289346694946,93.71782192889239,94.96973452237404,0.9994125962257385,0.999835729598999,0.9994889497756958,0.9993550181388855,72.2290903086679,52.261643240017804,0.9998759031295776,2.777576446533203e-05,0.9999713897705078,-9.5367431640625e-06,0.9998694062232971,-4.410743713378906e-06,0.9998809695243835,5.2034854888916016e-05,85.22322207946455,-8.494599849427843,74.22180476721313,-20.74792975516091,0.9992093443870544,-0.00020325183868408203,0.9996352195739746,-0.00020051002502441406,0.9992901086807251,-0.00019884109497070312,0.999148428440094,-0.0002065896987915039,70.85795239320298,-1.371137915464928,51.042832632266865,-1.2188106077509389
Burglary,delta_classifier_auc,5,Burglary092_x264,Burglary,624,180,0.9702184796333313,0.9935245513916016,0.9690423607826233,0.9706951379776001,43.593593593593596,26.12467102141015,0.9919595718383789,0.9981125593185425,0.9892746806144714,0.9930481910705566,16.046046046046044,19.345980227337723,0.9717541933059692,0.0015357136726379395,0.9971880316734314,0.003663480281829834,0.9685094356536865,-0.0005329251289367676,0.9730696678161621,0.0023745298385620117,36.786786786786784,-6.8068068068068115,23.851748184323597,-2.272922837086554,0.9955968856811523,0.0036373138427734375,0.9984050989151001,0.0002925395965576172,0.99456787109375,0.0052931904792785645,0.9960139989852905,0.0029658079147338867,23.813813813813812,7.767767767767769,20.913401410011918,1.5674211826741953
Burglary,delta_alignment_auc,1,Burglary017_x264,Burglary,2112,450,0.7980459332466125,0.991346538066864,0.8951343894004822,0.771758496761322,73.40205909881,31.78731746598257,0.9940235018730164,0.9982763528823853,0.9960899353027344,0.993463933467865,85.80157775103623,52.07764934905914,0.8784754276275635,0.08042949438095093,0.9993836879730225,0.008037149906158447,0.920086681842804,0.024952292442321777,0.8672089576721191,0.09545046091079712,64.02326514239871,-9.378793956411286,26.596008391290038,-5.191309074692533,0.9739730358123779,-0.020050466060638428,0.9994910955429077,0.001214742660522461,0.977161705493927,-0.018928229808807373,0.9731097221374512,-0.02035421133041382,53.13410883807996,-32.667468912956274,20.973057949352096,-31.104591399707047
Burglary,delta_alignment_auc,2,Burglary037_x264,Burglary,1920,1410,0.9947213530540466,0.9998849630355835,0.9990273118019104,0.982816755771637,96.40244750382423,98.65586217621929,0.9992823004722595,0.9997537136077881,0.9993818402290344,0.9990074038505554,84.55652899457655,93.67289336119022,0.9985210299491882,0.0037996768951416016,0.9999430179595947,5.805492401123047e-05,0.9997395873069763,0.000712275505065918,0.9951521158218384,0.012335360050201416,83.7688777638715,-12.633569739952733,93.58339857428209,-5.072463601937201,0.9989680051803589,-0.00031429529190063477,0.9995191693305969,-0.0002345442771911621,0.999178946018219,-0.0002028942108154297,0.9983848929405212,-0.0006225109100341797,73.20011125017383,-11.35641774440272,88.49955431721199,-5.173339043978231
Burglary,delta_alignment_auc,3,Burglary005_x264,Burglary,7728,330,0.9756871461868286,0.9999713897705078,0.9997075796127319,0.9746156930923462,75.0223238057788,8.006216790864459,0.992919921875,0.9983745813369751,0.9978688359260559,0.9926992058753967,93.25755527702,27.219298278077485,0.8825899958610535,-0.09309715032577515,0.9998902082443237,-8.118152618408203e-05,0.9996134638786316,-9.41157341003418e-05,0.8773698806762695,-0.09724581241607666,91.87470815208042,16.85238434630162,20.46704296311533,12.46082617225087,0.9869269728660583,-0.00599294900894165,0.9987139105796814,0.00033932924270629883,0.9980921745300293,0.00022333860397338867,0.98642897605896,-0.006270229816436768,89.6477344409218,-3.6098208360982085,16.830943760564512,-10.388354517512973
Burglary,delta_alignment_auc,4,Burglary035_x264,Burglary,4048,1739,0.9998481273651123,0.9999809265136719,0.9998738169670105,0.9998289346694946,93.71782192889239,94.96973452237404,0.9994125962257385,0.999835729598999,0.9994889497756958,0.9993550181388855,72.2290903086679,52.261643240017804,0.9998759031295776,2.777576446533203e-05,0.9999713897705078,-9.5367431640625e-06,0.9998694062232971,-4.410743713378906e-06,0.9998809695243835,5.2034854888916016e-05,85.22322207946455,-8.494599849427843,74.22180476721313,-20.74792975516091,0.9992093443870544,-0.00020325183868408203,0.9996352195739746,-0.00020051002502441406,0.9992901086807251,-0.00019884109497070312,0.999148428440094,-0.0002065896987915039,70.85795239320298,-1.371137915464928,51.042832632266865,-1.2188106077509389
Burglary,delta_alignment_auc,5,Burglary033_x264,Burglary,1248,270,0.9137561321258545,0.9999761581420898,0.9999242424964905,0.8899674415588379,99.93410588502613,99.70315904139431,0.9904362559318542,0.9995739459991455,0.9992727637290955,0.9879968166351318,93.86275846398546,64.75922455024622,0.9784346222877502,0.06467849016189575,0.9999138116836548,-6.23464584350586e-05,0.9997496604919434,-0.00017458200454711914,0.972550094127655,0.08258265256881714,99.715973642354,-0.2181322426721266,98.85364145658264,-0.8495175848116787,0.990117609500885,-0.0003186464309692383,0.9991413950920105,-0.00043255090713500977,0.9988083243370056,-0.00046443939208984375,0.9877183437347412,-0.000278472900390625,93.88699537983791,0.024236915852455354,64.26098821867656,-0.4982363315696574
Burglary,delta_classifier_positive_mean,1,Burglary024_x264,Burglary,3600,1170,0.8551924228668213,0.9362043142318726,0.8117175102233887,0.8761248588562012,22.45147901938025,22.387743444992562,0.9900637865066528,0.9948983192443848,0.985953688621521,0.9920427203178406,2.444022369948295,18.8487199808797,0.2897312045097351,-0.5654612183570862,0.7536394000053406,-0.18256491422653198,0.5097968578338623,-0.30192065238952637,0.18377362191677094,-0.6923512369394302,97.18680313742041,74.73532411804015,87.92011293884559,65.53236949385303,0.8693521022796631,-0.12071168422698975,0.9221819639205933,-0.0727163553237915,0.9047042727470398,-0.0812494158744812,0.8523306846618652,-0.13971203565597534,96.88065843621399,94.43663606626569,89.73127960253126,70.88255962165155
Burglary,delta_classifier_positive_mean,2,Burglary076_x264,Burglary,12912,2710,0.6242148876190186,0.9609841108322144,0.6466238498687744,0.6182623505592346,49.871525082629766,18.930912727458452,0.9780318737030029,0.997644305229187,0.9904029965400696,0.9747456908226013,50.715292783196396,19.107860101957638,0.4885459542274475,-0.13566893339157104,0.9038514494895935,-0.05713266134262085,0.6069471836090088,-0.039676666259765625,0.45709460973739624,-0.16116774082183838,75.90447860957731,26.032953526947544,35.20399209796643,16.273079370507975,0.6906124949455261,-0.2874193787574768,0.9339105486869812,-0.06373375654220581,0.796992838382721,-0.19341015815734863,0.6623542308807373,-0.312391459941864,58.90389048960084,8.188597706404444,22.08378508301691,2.975924981059272
Burglary,delta_classifier_positive_mean,3,Burglary021_x264,Burglary,1536,640,0.9900563359260559,0.9975433945655823,0.9905263781547546,0.9897207021713257,23.69419642857143,29.291380330247502,0.9954221844673157,0.9986902475357056,0.9941042065620422,0.9963637590408325,23.482142857142858,29.84153722856754,0.9757049679756165,-0.014351367950439453,0.9977523684501648,0.00020897388458251953,0.9687298536300659,-0.02179652452468872,0.9806872606277466,-0.009033441543579102,45.223214285714285,21.529017857142854,38.232351344069,8.9409710138215,0.9978229999542236,0.002400815486907959,0.9990352988243103,0.00034505128860473633,0.9980438351631165,0.003939628601074219,0.9976654052734375,0.0013016462326049805,56.104910714285715,32.62276785714286,47.01948899089354,17.177951762326003
Burglary,delta_classifier_positive_mean,4,Burglary079_x264,Burglary,14848,2960,0.639452338218689,0.9997780919075012,0.9967595338821411,0.5504862070083618,99.85313375286458,99.32603461570008,0.9383410811424255,0.9984244108200073,0.9970770478248596,0.9237163066864014,99.47137244916519,96.71061772012675,0.5378856062889099,-0.10156673192977905,0.9984908103942871,-0.0012872815132141113,0.9829810857772827,-0.013778448104858398,0.4270610213279724,-0.1234251856803894,99.70435778982211,-0.14877596304246765,98.522818743177,-0.8032158725230829,0.94246906042099,0.004127979278564453,0.999251127243042,0.000826716423034668,0.9980580806732178,0.0009810328483581543,0.9286279082298279,0.004911601543426514,99.6557964424721,0.18442399330690762,98.11297228764637,1.4023545675196232
Burglary,delta_classifier_positive_mean,5,Burglary092_x264,Burglary,624,180,0.9702184796333313,0.9935245513916016,0.9690423607826233,0.9706951379776001,43.593593593593596,26.12467102141015,0.9919595718383789,0.9981125593185425,0.9892746806144714,0.9930481910705566,16.046046046046044,19.345980227337723,0.9717541933059692,0.0015357136726379395,0.9971880316734314,0.003663480281829834,0.9685094356536865,-0.0005329251289367676,0.9730696678161621,0.0023745298385620117,36.786786786786784,-6.8068068068068115,23.851748184323597,-2.272922837086554,0.9955968856811523,0.0036373138427734375,0.9984050989151001,0.0002925395965576172,0.99456787109375,0.0052931904792785645,0.9960139989852905,0.0029658079147338867,23.813813813813812,7.767767767767769,20.913401410011918,1.5674211826741953
Burglary,delta_alignment_positive_mean,1,Burglary076_x264,Burglary,12912,2710,0.6242148876190186,0.9609841108322144,0.6466238498687744,0.6182623505592346,49.871525082629766,18.930912727458452,0.9780318737030029,0.997644305229187,0.9904029965400696,0.9747456908226013,50.715292783196396,19.107860101957638,0.4885459542274475,-0.13566893339157104,0.9038514494895935,-0.05713266134262085,0.6069471836090088,-0.039676666259765625,0.45709460973739624,-0.16116774082183838,75.90447860957731,26.032953526947544,35.20399209796643,16.273079370507975,0.6906124949455261,-0.2874193787574768,0.9339105486869812,-0.06373375654220581,0.796992838382721,-0.19341015815734863,0.6623542308807373,-0.312391459941864,58.90389048960084,8.188597706404444,22.08378508301691,2.975924981059272
Burglary,delta_alignment_positive_mean,2,Burglary024_x264,Burglary,3600,1170,0.8551924228668213,0.9362043142318726,0.8117175102233887,0.8761248588562012,22.45147901938025,22.387743444992562,0.9900637865066528,0.9948983192443848,0.985953688621521,0.9920427203178406,2.444022369948295,18.8487199808797,0.2897312045097351,-0.5654612183570862,0.7536394000053406,-0.18256491422653198,0.5097968578338623,-0.30192065238952637,0.18377362191677094,-0.6923512369394302,97.18680313742041,74.73532411804015,87.92011293884559,65.53236949385303,0.8693521022796631,-0.12071168422698975,0.9221819639205933,-0.0727163553237915,0.9047042727470398,-0.0812494158744812,0.8523306846618652,-0.13971203565597534,96.88065843621399,94.43663606626569,89.73127960253126,70.88255962165155
Burglary,delta_alignment_positive_mean,3,Burglary017_x264,Burglary,2112,450,0.7980459332466125,0.991346538066864,0.8951343894004822,0.771758496761322,73.40205909881,31.78731746598257,0.9940235018730164,0.9982763528823853,0.9960899353027344,0.993463933467865,85.80157775103623,52.07764934905914,0.8784754276275635,0.08042949438095093,0.9993836879730225,0.008037149906158447,0.920086681842804,0.024952292442321777,0.8672089576721191,0.09545046091079712,64.02326514239871,-9.378793956411286,26.596008391290038,-5.191309074692533,0.9739730358123779,-0.020050466060638428,0.9994910955429077,0.001214742660522461,0.977161705493927,-0.018928229808807373,0.9731097221374512,-0.02035421133041382,53.13410883807996,-32.667468912956274,20.973057949352096,-31.104591399707047
Burglary,delta_alignment_positive_mean,4,Burglary061_x264,Burglary,8976,1500,0.8679232001304626,0.9945023059844971,0.9382994771003723,0.8538027405738831,87.18380595683968,80.5390952942049,0.9933741688728333,0.9973965883255005,0.995332658290863,0.9929812550544739,91.79461387551274,76.61520342424704,0.958478569984436,0.09055536985397339,0.997948944568634,0.003446638584136963,0.984828770160675,0.046529293060302734,0.9531916975975037,0.0993889570236206,97.97545924736934,10.791653290529666,93.06660554222775,12.52751024802285,0.9841866493225098,-0.009187519550323486,0.9969139695167542,-0.0004826188087463379,0.9928429126739502,-0.002489745616912842,0.9824498295783997,-0.010531425476074219,92.62842874977706,0.8338148742643199,84.41427107216636,7.7990676479193155
Burglary,delta_alignment_positive_mean,5,Burglary032_x264,Burglary,15792,2400,0.9388415217399597,0.9983882904052734,0.9795198440551758,0.9315515160560608,76.31700517722024,30.64313891182166,0.9984009861946106,0.9996887445449829,0.9989928007125854,0.9982949495315552,75.47361608920748,27.929841785555613,0.9928615689277649,0.054020047187805176,0.999954342842102,0.0015660524368286133,0.9974564909934998,0.017936646938323975,0.9920380711555481,0.060486555099487305,80.32118677817603,4.004181600955789,34.59192826970139,3.9487893578797326,0.9955858588218689,-0.0028151273727416992,0.9996397495269775,-4.8995018005371094e-05,0.9969486594200134,-0.0020441412925720215,0.9953416585922241,-0.0029532909393310547,78.06979291119077,2.596176821983292,29.56982627410846,1.639984488552848
Explosion,delta_classifier_auc,1,Explosion029_x264,Explosion,2400,190,0.9535583257675171,0.9955360889434814,0.9707807898521423,0.9520777463912964,64.87211240771612,10.871317032070875,0.9952470064163208,0.9981523752212524,0.9980370998382568,0.9950070381164551,99.34889259347464,91.865447418079,0.9657012820243835,0.012142956256866455,0.9988486766815186,0.0033125877380371094,0.9817511439323425,0.010970354080200195,0.9643214344978333,0.012243688106536865,35.40985949035485,-29.46225291736127,6.418101802547138,-4.453215229523737,0.9962568879127502,0.0010098814964294434,0.998754620552063,0.0006022453308105469,0.9974581003189087,-0.0005789995193481445,0.9961536526679993,0.0011466145515441895,63.736603953322216,-35.61228864015243,10.397033595052866,-81.46841382302614
Explosion,delta_classifier_auc,2,Explosion007_x264,Explosion,16288,690,0.9774187207221985,0.9999226331710815,0.9927476048469543,0.9767406582832336,56.64983061745188,4.525786014732006,0.9960662126541138,0.9999722242355347,0.9994826912879944,0.9959150552749634,64.3820742532952,5.737626892805835,0.9890034794807434,0.011584758758544922,0.9999632835388184,4.0650367736816406e-05,0.9703948497772217,-0.022352755069732666,0.9898266792297363,0.013086020946502686,33.78372552408243,-22.866105093369455,3.072743476010653,-1.4530425387213528,0.9984613060951233,0.0023950934410095215,0.999733567237854,-0.00023865699768066406,0.9922792911529541,-0.007203400135040283,0.9987347722053528,0.0028197169303894043,11.595522279890956,-52.786551973404244,2.3107340876388025,-3.4268928051670327
Explosion,delta_classifier_auc,3,Explosion036_x264,Explosion,5312,120,0.9990744590759277,0.9999945163726807,0.9997060298919678,0.9990599155426025,23.045711350796097,1.6229619927456127,0.999206006526947,0.9999295473098755,0.9997339844703674,0.9991938471794128,76.93888032871084,5.118190056697529,0.9997110962867737,0.0006366372108459473,0.9999964237213135,1.9073486328125e-06,0.9995647072792053,-0.00014132261276245117,0.9997144937515259,0.0006545782089233398,9.167950693374422,-13.877760657421675,1.3903789237833728,-0.2325830689622399,0.9990651607513428,-0.00014084577560424805,0.9996520280838013,-0.00027751922607421875,0.9991731643676758,-0.0005608201026916504,0.9990626573562622,-0.00013118982315063477,60.60092449922958,-16.33795582948126,3.4876267314209173,-1.6305633252766114
Explosion,delta_classifier_auc,4,Explosion028_x264,Explosion,1696,420,0.8404602408409119,0.9988874793052673,0.9396986365318298,0.807795524597168,34.899238692342145,19.29539620200448,0.9424685835838318,0.9986956119537354,0.9776875972747803,0.9308761358261108,22.873563218390807,17.145166134662936,0.8580633997917175,0.017603158950805664,0.999164342880249,0.00027686357498168945,0.8468447923660278,-0.092853844165802,0.8617559671401978,0.053960442543029785,22.610837438423648,-12.288401253918497,17.159267873389105,-2.1361283286153743,0.9672724604606628,0.024803876876831055,0.9965696930885315,-0.0021259188652038574,0.9645739793777466,-0.013113617897033691,0.9681608080863953,0.037284672260284424,21.942080907598154,-0.9314823107926529,17.112525062166924,-0.03264107249601267
Explosion,delta_classifier_auc,5,Explosion035_x264,Explosion,2864,100,0.8181776404380798,0.99608314037323,0.7730225920677185,0.8198113441467285,24.784370477568736,2.6044357353967054,0.9882277250289917,0.9996622800827026,0.9875171184539795,0.9882535338401794,18.67149059334298,2.434556554624819,0.9198130965232849,0.10163545608520508,0.999975323677063,0.003892183303833008,0.9357717633247375,0.16274917125701904,0.9192357659339905,0.09942442178726196,12.720694645441387,-12.063675832127348,2.2729835207239324,-0.33145221467277297,0.9885464310646057,0.00031870603561401367,0.9996309280395508,-3.135204315185547e-05,0.9912675619125366,0.003750443458557129,0.9884480237960815,0.0001944899559020996,20.952243125904484,2.280752532561504,2.515146255960153,0.08058970133533405
Explosion,delta_alignment_auc,1,Explosion004_x264,Explosion,1888,150,0.9966143369674683,0.9999854564666748,0.9922956228256226,0.9969871640205383,16.29996164173379,5.266242163998933,0.9990835785865784,0.999813437461853,0.9995081424713135,0.9990469217300415,74.8500191791331,15.208272820624794,0.9984914660453796,0.001877129077911377,0.999988317489624,2.86102294921875e-06,0.9950881004333496,0.0027924776077270508,0.9987851977348328,0.0017980337142944336,10.101265822784809,-6.198695818948982,4.791716713878281,-0.4745254501206517,0.9992530345916748,0.00016945600509643555,0.9996715188026428,-0.00014191865921020508,0.9988869428634644,-0.0006211996078491211,0.999284565448761,0.00023764371871948242,20.872266973532795,-53.977752205600304,5.347767480082298,-9.860505340542495
Explosion,delta_alignment_auc,2,Explosion007_x264,Explosion,16288,690,0.9774187207221985,0.9999226331710815,0.9927476048469543,0.9767406582832336,56.64983061745188,4.525786014732006,0.9960662126541138,0.9999722242355347,0.9994826912879944,0.9959150552749634,64.3820742532952,5.737626892805835,0.9890034794807434,0.011584758758544922,0.9999632835388184,4.0650367736816406e-05,0.9703948497772217,-0.022352755069732666,0.9898266792297363,0.013086020946502686,33.78372552408243,-22.866105093369455,3.072743476010653,-1.4530425387213528,0.9984613060951233,0.0023950934410095215,0.999733567237854,-0.00023865699768066406,0.9922792911529541,-0.007203400135040283,0.9987347722053528,0.0028197169303894043,11.595522279890956,-52.786551973404244,2.3107340876388025,-3.4268928051670327
Explosion,delta_alignment_auc,3,Explosion029_x264,Explosion,2400,190,0.9535583257675171,0.9955360889434814,0.9707807898521423,0.9520777463912964,64.87211240771612,10.871317032070875,0.9952470064163208,0.9981523752212524,0.9980370998382568,0.9950070381164551,99.34889259347464,91.865447418079,0.9657012820243835,0.012142956256866455,0.9988486766815186,0.0033125877380371094,0.9817511439323425,0.010970354080200195,0.9643214344978333,0.012243688106536865,35.40985949035485,-29.46225291736127,6.418101802547138,-4.453215229523737,0.9962568879127502,0.0010098814964294434,0.998754620552063,0.0006022453308105469,0.9974581003189087,-0.0005789995193481445,0.9961536526679993,0.0011466145515441895,63.736603953322216,-35.61228864015243,10.397033595052866,-81.46841382302614
Explosion,delta_alignment_auc,4,Explosion039_x264,Explosion,992,90,0.9581896066665649,0.9994409680366516,0.957200288772583,0.9582883715629578,35.59251047055925,7.850786268663898,0.9925411343574524,0.999336838722229,0.9944822788238525,0.9923473000526428,39.219019462921906,8.262708142396663,0.9771724343299866,0.01898282766342163,0.9999232292175293,0.00048226118087768555,0.9793570637702942,0.02215677499771118,0.9769544005393982,0.01866602897644043,25.02833210150283,-10.564178369056417,6.7147306317054625,-1.1360556369584351,0.993750810623169,0.0012096762657165527,0.9991351366043091,-0.00020170211791992188,0.9926564693450928,-0.0018258094787597656,0.9938600659370422,0.001512765884399414,16.789849716678983,-22.429169746242923,6.1259769716957635,-2.1367311707009
Explosion,delta_alignment_auc,5,Explosion036_x264,Explosion,5312,120,0.9990744590759277,0.9999945163726807,0.9997060298919678,0.9990599155426025,23.045711350796097,1.6229619927456127,0.999206006526947,0.9999295473098755,0.9997339844703674,0.9991938471794128,76.93888032871084,5.118190056697529,0.9997110962867737,0.0006366372108459473,0.9999964237213135,1.9073486328125e-06,0.9995647072792053,-0.00014132261276245117,0.9997144937515259,0.0006545782089233398,9.167950693374422,-13.877760657421675,1.3903789237833728,-0.2325830689622399,0.9990651607513428,-0.00014084577560424805,0.9996520280838013,-0.00027751922607421875,0.9991731643676758,-0.0005608201026916504,0.9990626573562622,-0.00013118982315063477,60.60092449922958,-16.33795582948126,3.4876267314209173,-1.6305633252766114
Explosion,delta_classifier_positive_mean,1,Explosion002_x264,Explosion,4000,600,0.8620659112930298,0.9966289401054382,0.9303942918777466,0.8500080704689026,55.681568627450986,48.19821437488159,0.9225325584411621,0.9951122403144836,0.9870256781578064,0.9111514687538147,59.160784313725486,48.51015656525753,0.5965420007705688,-0.26552391052246094,0.989639401435852,-0.006989538669586182,0.6407069563865662,-0.2896873354911804,0.5887482762336731,-0.2612597942352295,56.63529411764705,0.9537254901960637,32.55140691394401,-15.64680746093758,0.8979401588439941,-0.02459239959716797,0.9919832348823547,-0.0031290054321289062,0.9781087040901184,-0.008916974067687988,0.8837928175926208,-0.027358651161193848,70.06588235294117,10.905098039215687,65.13548768861945,16.625331123361917
Explosion,delta_classifier_positive_mean,2,Explosion016_x264,Explosion,960,270,0.5266688466072083,0.9549422264099121,0.42185279726982117,0.5676839351654053,39.03274288781535,23.32750355269849,0.6205200552940369,0.9301756024360657,0.5782278776168823,0.6370692849159241,36.12989801395599,22.628724976016677,0.3040958344936371,-0.22257301211357117,0.5987475514411926,-0.3561946749687195,0.19475719332695007,-0.2270956039428711,0.3468805253505707,-0.2208034098148346,36.198604401502955,-2.8341384863123977,22.567591729152216,-0.7599118235462754,0.5862391591072083,-0.03428089618682861,0.8254159092903137,-0.10475969314575195,0.5813683867454529,0.0031405091285705566,0.5881451368331909,-0.048924148082733154,38.448738593666135,2.318840579710148,22.994073018181766,0.3653480421650883
Explosion,delta_classifier_positive_mean,3,Explosion010_x264,Explosion,2496,795,0.7032913565635681,0.9755982160568237,0.7785751819610596,0.6681057214736938,47.02135998432295,28.147962241911983,0.9427421689033508,0.9989928007125854,0.9923860430717468,0.9195398092269897,42.80926129283921,26.93747686989986,0.6293176412582397,-0.07397371530532837,0.9695064425468445,-0.006091773509979248,0.6201855540275574,-0.1583896279335022,0.6335857510566711,-0.034519970417022705,40.37665598112838,-6.644704003194569,26.01120524175623,-2.136757000155754,0.8286256194114685,-0.11411654949188232,0.9770296812057495,-0.021963119506835938,0.8890916109085083,-0.10329443216323853,0.8003654479980469,-0.11917436122894287,43.16184708218251,0.3525857893433013,27.01662108543553,0.07914421553567053
Explosion,delta_classifier_positive_mean,4,Explosion028_x264,Explosion,1696,420,0.8404602408409119,0.9988874793052673,0.9396986365318298,0.807795524597168,34.899238692342145,19.29539620200448,0.9424685835838318,0.9986956119537354,0.9776875972747803,0.9308761358261108,22.873563218390807,17.145166134662936,0.8580633997917175,0.017603158950805664,0.999164342880249,0.00027686357498168945,0.8468447923660278,-0.092853844165802,0.8617559671401978,0.053960442543029785,22.610837438423648,-12.288401253918497,17.159267873389105,-2.1361283286153743,0.9672724604606628,0.024803876876831055,0.9965696930885315,-0.0021259188652038574,0.9645739793777466,-0.013113617897033691,0.9681608080863953,0.037284672260284424,21.942080907598154,-0.9314823107926529,17.112525062166924,-0.03264107249601267
Explosion,delta_classifier_positive_mean,5,Explosion033_x264,Explosion,3152,1982,0.7355179190635681,0.9996402263641357,0.98082435131073,0.31996458768844604,98.44420295479833,99.09836102261956,0.9019203782081604,0.9998772144317627,0.9932818412780762,0.7471523284912109,93.9842341759597,93.73873989008435,0.6393623352050781,-0.09615558385848999,0.997965931892395,-0.0016742944717407227,0.8891473412513733,-0.09167701005935669,0.21622221171855927,-0.10374237596988678,97.10704028564776,-1.3371626691505725,98.39394861931504,-0.7044124033045165,0.9110932350158691,0.00917285680770874,0.9977242350578308,-0.0021529793739318848,0.9429107308387756,-0.05037111043930054,0.8571937680244446,0.11004143953323364,85.37892312867086,-8.605311047288836,88.77385208782482,-4.9648878022595255
Explosion,delta_alignment_positive_mean,1,Explosion010_x264,Explosion,2496,795,0.7032913565635681,0.9755982160568237,0.7785751819610596,0.6681057214736938,47.02135998432295,28.147962241911983,0.9427421689033508,0.9989928007125854,0.9923860430717468,0.9195398092269897,42.80926129283921,26.93747686989986,0.6293176412582397,-0.07397371530532837,0.9695064425468445,-0.006091773509979248,0.6201855540275574,-0.1583896279335022,0.6335857510566711,-0.034519970417022705,40.37665598112838,-6.644704003194569,26.01120524175623,-2.136757000155754,0.8286256194114685,-0.11411654949188232,0.9770296812057495,-0.021963119506835938,0.8890916109085083,-0.10329443216323853,0.8003654479980469,-0.11917436122894287,43.16184708218251,0.3525857893433013,27.01662108543553,0.07914421553567053
Explosion,delta_alignment_positive_mean,2,Explosion033_x264,Explosion,3152,1982,0.7355179190635681,0.9996402263641357,0.98082435131073,0.31996458768844604,98.44420295479833,99.09836102261956,0.9019203782081604,0.9998772144317627,0.9932818412780762,0.7471523284912109,93.9842341759597,93.73873989008435,0.6393623352050781,-0.09615558385848999,0.997965931892395,-0.0016742944717407227,0.8891473412513733,-0.09167701005935669,0.21622221171855927,-0.10374237596988678,97.10704028564776,-1.3371626691505725,98.39394861931504,-0.7044124033045165,0.9110932350158691,0.00917285680770874,0.9977242350578308,-0.0021529793739318848,0.9429107308387756,-0.05037111043930054,0.8571937680244446,0.11004143953323364,85.37892312867086,-8.605311047288836,88.77385208782482,-4.9648878022595255
Explosion,delta_alignment_positive_mean,3,Explosion028_x264,Explosion,1696,420,0.8404602408409119,0.9988874793052673,0.9396986365318298,0.807795524597168,34.899238692342145,19.29539620200448,0.9424685835838318,0.9986956119537354,0.9776875972747803,0.9308761358261108,22.873563218390807,17.145166134662936,0.8580633997917175,0.017603158950805664,0.999164342880249,0.00027686357498168945,0.8468447923660278,-0.092853844165802,0.8617559671401978,0.053960442543029785,22.610837438423648,-12.288401253918497,17.159267873389105,-2.1361283286153743,0.9672724604606628,0.024803876876831055,0.9965696930885315,-0.0021259188652038574,0.9645739793777466,-0.013113617897033691,0.9681608080863953,0.037284672260284424,21.942080907598154,-0.9314823107926529,17.112525062166924,-0.03264107249601267
Explosion,delta_alignment_positive_mean,4,Explosion002_x264,Explosion,4000,600,0.8620659112930298,0.9966289401054382,0.9303942918777466,0.8500080704689026,55.681568627450986,48.19821437488159,0.9225325584411621,0.9951122403144836,0.9870256781578064,0.9111514687538147,59.160784313725486,48.51015656525753,0.5965420007705688,-0.26552391052246094,0.989639401435852,-0.006989538669586182,0.6407069563865662,-0.2896873354911804,0.5887482762336731,-0.2612597942352295,56.63529411764705,0.9537254901960637,32.55140691394401,-15.64680746093758,0.8979401588439941,-0.02459239959716797,0.9919832348823547,-0.0031290054321289062,0.9781087040901184,-0.008916974067687988,0.8837928175926208,-0.027358651161193848,70.06588235294117,10.905098039215687,65.13548768861945,16.625331123361917
Explosion,delta_alignment_positive_mean,5,Explosion007_x264,Explosion,16288,690,0.9774187207221985,0.9999226331710815,0.9927476048469543,0.9767406582832336,56.64983061745188,4.525786014732006,0.9960662126541138,0.9999722242355347,0.9994826912879944,0.9959150552749634,64.3820742532952,5.737626892805835,0.9890034794807434,0.011584758758544922,0.9999632835388184,4.0650367736816406e-05,0.9703948497772217,-0.022352755069732666,0.9898266792297363,0.013086020946502686,33.78372552408243,-22.866105093369455,3.072743476010653,-1.4530425387213528,0.9984613060951233,0.0023950934410095215,0.999733567237854,-0.00023865699768066406,0.9922792911529541,-0.007203400135040283,0.9987347722053528,0.0028197169303894043,11.595522279890956,-52.786551973404244,2.3107340876388025,-3.4268928051670327
Fighting,delta_classifier_auc,1,Fighting047_x264,Fighting,4448,1630,0.7970758080482483,0.9998224377632141,0.7414877414703369,0.8292292356491089,59.583614537569616,63.49653837011955,0.9417999982833862,0.9993445873260498,0.8897968530654907,0.9718798398971558,61.29182686237029,66.35695540417888,0.6638602018356323,-0.13321560621261597,0.9979894161224365,-0.0018330216407775879,0.6272093057632446,-0.11427843570709229,0.6850599050521851,-0.14416933059692383,56.1734598353268,-3.4101547022428136,61.52805603308874,-1.9684823370308138,0.926558792591095,-0.01524120569229126,0.9973990321159363,-0.0019455552101135254,0.8795458078384399,-0.010251045227050781,0.953752338886261,-0.018127501010894775,56.656245781936455,-4.6355810804338375,63.73808856374976,-2.6188668404291136
Fighting,delta_classifier_auc,2,Fighting003_x264,Fighting,3088,1268,0.9872317910194397,0.9998700618743896,0.9958733916282654,0.9812111854553223,62.84292994072174,63.62918269825446,0.9992665648460388,0.9998982548713684,0.9994403719902039,0.9991454482078552,66.46757028460499,64.33597124574729,0.9953336715698242,0.008101880550384521,0.9999414682388306,7.140636444091797e-05,0.9966607689857483,0.0007873773574829102,0.9944090843200684,0.013197898864746094,59.88941657711373,-2.9535133636080104,63.14572405332646,-0.4834586449279996,0.9930517673492432,-0.006214797496795654,0.9989132881164551,-0.00098496675491333,0.992680013179779,-0.006760358810424805,0.9933108687400818,-0.0058345794677734375,51.0150102263667,-15.45256005823829,59.32520226552831,-5.010768980218977
Fighting,delta_classifier_auc,3,Fighting042_x264,Fighting,2224,910,0.9744382500648499,0.9998427629470825,0.99827641248703,0.9579294323921204,99.26823556960542,99.05989028381748,0.9965881705284119,0.9992939233779907,0.9985870122909546,0.995203971862793,96.25754762741063,94.5787647798097,0.8826557397842407,-0.09178251028060913,0.9998273849487305,-1.537799835205078e-05,0.9942721128463745,-0.004004299640655518,0.8053565621376038,-0.1525728702545166,98.24861591984879,-1.0196196497566348,97.56878992239638,-1.491100361421104,0.9901094436645508,-0.006478726863861084,0.9989630579948425,-0.00033086538314819336,0.9973772168159485,-0.0012097954750061035,0.9850763082504272,-0.010127663612365723,97.17814909595731,0.9206014685466783,95.47031921203329,0.891554432223586
Fighting,delta_classifier_auc,4,Fighting033_x264,Fighting,1104,270,0.9892849922180176,0.9999953508377075,0.9999523162841797,0.985831618309021,88.92352784439116,78.21823642919273,0.9987578392028809,0.9999605417251587,0.9999231696128845,0.9983805418014526,82.61390887290169,49.059542326737024,0.9978707432746887,0.008585751056671143,0.999997615814209,2.2649765014648438e-06,0.9999886751174927,3.635883331298828e-05,0.9971850514411926,0.01135343313217163,93.03756994404478,4.1140420996536164,87.63095762411382,9.41272119492109,0.9953584671020508,-0.003399372100830078,0.9993003606796265,-0.0006601810455322266,0.998522937297821,-0.0014002323150634766,0.994333803653717,-0.004046738147735596,79.77173816502355,-2.8421707078781395,42.87722095939653,-6.182321367340492
Fighting,delta_classifier_auc,5,Fighting018_x264,Fighting,1376,340,0.9669985175132751,0.9999903440475464,0.9979129433631897,0.9568527936935425,69.93186463774698,54.54344239512856,0.9951386451721191,0.999989926815033,0.9999691843986511,0.9935533404350281,88.89166477401773,83.35119740652506,0.9371236562728882,-0.029874861240386963,0.9999896287918091,-7.152557373046875e-07,0.9992269277572632,0.0013139843940734863,0.9167422652244568,-0.04011052846908569,74.44696797637974,4.5151033386327555,62.86666774516356,8.323225350035003,0.9917958974838257,-0.003342747688293457,0.9997115135192871,-0.0002784132957458496,0.9991359710693359,-0.0008332133293151855,0.9893869757652283,-0.004166364669799805,71.2854871678401,-17.606177606177624,53.481681069685926,-29.869516336839133
Fighting,delta_alignment_auc,1,Fighting018_x264,Fighting,1376,340,0.9669985175132751,0.9999903440475464,0.9979129433631897,0.9568527936935425,69.93186463774698,54.54344239512856,0.9951386451721191,0.999989926815033,0.9999691843986511,0.9935533404350281,88.89166477401773,83.35119740652506,0.9371236562728882,-0.029874861240386963,0.9999896287918091,-7.152557373046875e-07,0.9992269277572632,0.0013139843940734863,0.9167422652244568,-0.04011052846908569,74.44696797637974,4.5151033386327555,62.86666774516356,8.323225350035003,0.9917958974838257,-0.003342747688293457,0.9997115135192871,-0.0002784132957458496,0.9991359710693359,-0.0008332133293151855,0.9893869757652283,-0.004166364669799805,71.2854871678401,-17.606177606177624,53.481681069685926,-29.869516336839133
Fighting,delta_alignment_auc,2,Fighting003_x264,Fighting,3088,1268,0.9872317910194397,0.9998700618743896,0.9958733916282654,0.9812111854553223,62.84292994072174,63.62918269825446,0.9992665648460388,0.9998982548713684,0.9994403719902039,0.9991454482078552,66.46757028460499,64.33597124574729,0.9953336715698242,0.008101880550384521,0.9999414682388306,7.140636444091797e-05,0.9966607689857483,0.0007873773574829102,0.9944090843200684,0.013197898864746094,59.88941657711373,-2.9535133636080104,63.14572405332646,-0.4834586449279996,0.9930517673492432,-0.006214797496795654,0.9989132881164551,-0.00098496675491333,0.992680013179779,-0.006760358810424805,0.9933108687400818,-0.0058345794677734375,51.0150102263667,-15.45256005823829,59.32520226552831,-5.010768980218977
Fighting,delta_alignment_auc,3,Fighting047_x264,Fighting,4448,1630,0.7970758080482483,0.9998224377632141,0.7414877414703369,0.8292292356491089,59.583614537569616,63.49653837011955,0.9417999982833862,0.9993445873260498,0.8897968530654907,0.9718798398971558,61.29182686237029,66.35695540417888,0.6638602018356323,-0.13321560621261597,0.9979894161224365,-0.0018330216407775879,0.6272093057632446,-0.11427843570709229,0.6850599050521851,-0.14416933059692383,56.1734598353268,-3.4101547022428136,61.52805603308874,-1.9684823370308138,0.926558792591095,-0.01524120569229126,0.9973990321159363,-0.0019455552101135254,0.8795458078384399,-0.010251045227050781,0.953752338886261,-0.018127501010894775,56.656245781936455,-4.6355810804338375,63.73808856374976,-2.6188668404291136
Fighting,delta_alignment_auc,4,Fighting033_x264,Fighting,1104,270,0.9892849922180176,0.9999953508377075,0.9999523162841797,0.985831618309021,88.92352784439116,78.21823642919273,0.9987578392028809,0.9999605417251587,0.9999231696128845,0.9983805418014526,82.61390887290169,49.059542326737024,0.9978707432746887,0.008585751056671143,0.999997615814209,2.2649765014648438e-06,0.9999886751174927,3.635883331298828e-05,0.9971850514411926,0.01135343313217163,93.03756994404478,4.1140420996536164,87.63095762411382,9.41272119492109,0.9953584671020508,-0.003399372100830078,0.9993003606796265,-0.0006601810455322266,0.998522937297821,-0.0014002323150634766,0.994333803653717,-0.004046738147735596,79.77173816502355,-2.8421707078781395,42.87722095939653,-6.182321367340492
Fighting,delta_alignment_auc,5,Fighting042_x264,Fighting,2224,910,0.9744382500648499,0.9998427629470825,0.99827641248703,0.9579294323921204,99.26823556960542,99.05989028381748,0.9965881705284119,0.9992939233779907,0.9985870122909546,0.995203971862793,96.25754762741063,94.5787647798097,0.8826557397842407,-0.09178251028060913,0.9998273849487305,-1.537799835205078e-05,0.9942721128463745,-0.004004299640655518,0.8053565621376038,-0.1525728702545166,98.24861591984879,-1.0196196497566348,97.56878992239638,-1.491100361421104,0.9901094436645508,-0.006478726863861084,0.9989630579948425,-0.00033086538314819336,0.9973772168159485,-0.0012097954750061035,0.9850763082504272,-0.010127663612365723,97.17814909595731,0.9206014685466783,95.47031921203329,0.891554432223586
Fighting,delta_classifier_positive_mean,1,Fighting047_x264,Fighting,4448,1630,0.7970758080482483,0.9998224377632141,0.7414877414703369,0.8292292356491089,59.583614537569616,63.49653837011955,0.9417999982833862,0.9993445873260498,0.8897968530654907,0.9718798398971558,61.29182686237029,66.35695540417888,0.6638602018356323,-0.13321560621261597,0.9979894161224365,-0.0018330216407775879,0.6272093057632446,-0.11427843570709229,0.6850599050521851,-0.14416933059692383,56.1734598353268,-3.4101547022428136,61.52805603308874,-1.9684823370308138,0.926558792591095,-0.01524120569229126,0.9973990321159363,-0.0019455552101135254,0.8795458078384399,-0.010251045227050781,0.953752338886261,-0.018127501010894775,56.656245781936455,-4.6355810804338375,63.73808856374976,-2.6188668404291136
Fighting,delta_classifier_positive_mean,2,Fighting042_x264,Fighting,2224,910,0.9744382500648499,0.9998427629470825,0.99827641248703,0.9579294323921204,99.26823556960542,99.05989028381748,0.9965881705284119,0.9992939233779907,0.9985870122909546,0.995203971862793,96.25754762741063,94.5787647798097,0.8826557397842407,-0.09178251028060913,0.9998273849487305,-1.537799835205078e-05,0.9942721128463745,-0.004004299640655518,0.8053565621376038,-0.1525728702545166,98.24861591984879,-1.0196196497566348,97.56878992239638,-1.491100361421104,0.9901094436645508,-0.006478726863861084,0.9989630579948425,-0.00033086538314819336,0.9973772168159485,-0.0012097954750061035,0.9850763082504272,-0.010127663612365723,97.17814909595731,0.9206014685466783,95.47031921203329,0.891554432223586
Fighting,delta_classifier_positive_mean,3,Fighting033_x264,Fighting,1104,270,0.9892849922180176,0.9999953508377075,0.9999523162841797,0.985831618309021,88.92352784439116,78.21823642919273,0.9987578392028809,0.9999605417251587,0.9999231696128845,0.9983805418014526,82.61390887290169,49.059542326737024,0.9978707432746887,0.008585751056671143,0.999997615814209,2.2649765014648438e-06,0.9999886751174927,3.635883331298828e-05,0.9971850514411926,0.01135343313217163,93.03756994404478,4.1140420996536164,87.63095762411382,9.41272119492109,0.9953584671020508,-0.003399372100830078,0.9993003606796265,-0.0006601810455322266,0.998522937297821,-0.0014002323150634766,0.994333803653717,-0.004046738147735596,79.77173816502355,-2.8421707078781395,42.87722095939653,-6.182321367340492
Fighting,delta_classifier_positive_mean,4,Fighting003_x264,Fighting,3088,1268,0.9872317910194397,0.9998700618743896,0.9958733916282654,0.9812111854553223,62.84292994072174,63.62918269825446,0.9992665648460388,0.9998982548713684,0.9994403719902039,0.9991454482078552,66.46757028460499,64.33597124574729,0.9953336715698242,0.008101880550384521,0.9999414682388306,7.140636444091797e-05,0.9966607689857483,0.0007873773574829102,0.9944090843200684,0.013197898864746094,59.88941657711373,-2.9535133636080104,63.14572405332646,-0.4834586449279996,0.9930517673492432,-0.006214797496795654,0.9989132881164551,-0.00098496675491333,0.992680013179779,-0.006760358810424805,0.9933108687400818,-0.0058345794677734375,51.0150102263667,-15.45256005823829,59.32520226552831,-5.010768980218977
Fighting,delta_classifier_positive_mean,5,Fighting018_x264,Fighting,1376,340,0.9669985175132751,0.9999903440475464,0.9979129433631897,0.9568527936935425,69.93186463774698,54.54344239512856,0.9951386451721191,0.999989926815033,0.9999691843986511,0.9935533404350281,88.89166477401773,83.35119740652506,0.9371236562728882,-0.029874861240386963,0.9999896287918091,-7.152557373046875e-07,0.9992269277572632,0.0013139843940734863,0.9167422652244568,-0.04011052846908569,74.44696797637974,4.5151033386327555,62.86666774516356,8.323225350035003,0.9917958974838257,-0.003342747688293457,0.9997115135192871,-0.0002784132957458496,0.9991359710693359,-0.0008332133293151855,0.9893869757652283,-0.004166364669799805,71.2854871678401,-17.606177606177624,53.481681069685926,-29.869516336839133
Fighting,delta_alignment_positive_mean,1,Fighting047_x264,Fighting,4448,1630,0.7970758080482483,0.9998224377632141,0.7414877414703369,0.8292292356491089,59.583614537569616,63.49653837011955,0.9417999982833862,0.9993445873260498,0.8897968530654907,0.9718798398971558,61.29182686237029,66.35695540417888,0.6638602018356323,-0.13321560621261597,0.9979894161224365,-0.0018330216407775879,0.6272093057632446,-0.11427843570709229,0.6850599050521851,-0.14416933059692383,56.1734598353268,-3.4101547022428136,61.52805603308874,-1.9684823370308138,0.926558792591095,-0.01524120569229126,0.9973990321159363,-0.0019455552101135254,0.8795458078384399,-0.010251045227050781,0.953752338886261,-0.018127501010894775,56.656245781936455,-4.6355810804338375,63.73808856374976,-2.6188668404291136
Fighting,delta_alignment_positive_mean,2,Fighting003_x264,Fighting,3088,1268,0.9872317910194397,0.9998700618743896,0.9958733916282654,0.9812111854553223,62.84292994072174,63.62918269825446,0.9992665648460388,0.9998982548713684,0.9994403719902039,0.9991454482078552,66.46757028460499,64.33597124574729,0.9953336715698242,0.008101880550384521,0.9999414682388306,7.140636444091797e-05,0.9966607689857483,0.0007873773574829102,0.9944090843200684,0.013197898864746094,59.88941657711373,-2.9535133636080104,63.14572405332646,-0.4834586449279996,0.9930517673492432,-0.006214797496795654,0.9989132881164551,-0.00098496675491333,0.992680013179779,-0.006760358810424805,0.9933108687400818,-0.0058345794677734375,51.0150102263667,-15.45256005823829,59.32520226552831,-5.010768980218977
Fighting,delta_alignment_positive_mean,3,Fighting033_x264,Fighting,1104,270,0.9892849922180176,0.9999953508377075,0.9999523162841797,0.985831618309021,88.92352784439116,78.21823642919273,0.9987578392028809,0.9999605417251587,0.9999231696128845,0.9983805418014526,82.61390887290169,49.059542326737024,0.9978707432746887,0.008585751056671143,0.999997615814209,2.2649765014648438e-06,0.9999886751174927,3.635883331298828e-05,0.9971850514411926,0.01135343313217163,93.03756994404478,4.1140420996536164,87.63095762411382,9.41272119492109,0.9953584671020508,-0.003399372100830078,0.9993003606796265,-0.0006601810455322266,0.998522937297821,-0.0014002323150634766,0.994333803653717,-0.004046738147735596,79.77173816502355,-2.8421707078781395,42.87722095939653,-6.182321367340492
Fighting,delta_alignment_positive_mean,4,Fighting042_x264,Fighting,2224,910,0.9744382500648499,0.9998427629470825,0.99827641248703,0.9579294323921204,99.26823556960542,99.05989028381748,0.9965881705284119,0.9992939233779907,0.9985870122909546,0.995203971862793,96.25754762741063,94.5787647798097,0.8826557397842407,-0.09178251028060913,0.9998273849487305,-1.537799835205078e-05,0.9942721128463745,-0.004004299640655518,0.8053565621376038,-0.1525728702545166,98.24861591984879,-1.0196196497566348,97.56878992239638,-1.491100361421104,0.9901094436645508,-0.006478726863861084,0.9989630579948425,-0.00033086538314819336,0.9973772168159485,-0.0012097954750061035,0.9850763082504272,-0.010127663612365723,97.17814909595731,0.9206014685466783,95.47031921203329,0.891554432223586
Fighting,delta_alignment_positive_mean,5,Fighting018_x264,Fighting,1376,340,0.9669985175132751,0.9999903440475464,0.9979129433631897,0.9568527936935425,69.93186463774698,54.54344239512856,0.9951386451721191,0.999989926815033,0.9999691843986511,0.9935533404350281,88.89166477401773,83.35119740652506,0.9371236562728882,-0.029874861240386963,0.9999896287918091,-7.152557373046875e-07,0.9992269277572632,0.0013139843940734863,0.9167422652244568,-0.04011052846908569,74.44696797637974,4.5151033386327555,62.86666774516356,8.323225350035003,0.9917958974838257,-0.003342747688293457,0.9997115135192871,-0.0002784132957458496,0.9991359710693359,-0.0008332133293151855,0.9893869757652283,-0.004166364669799805,71.2854871678401,-17.606177606177624,53.481681069685926,-29.869516336839133
RoadAccidents,delta_classifier_auc,1,RoadAccidents021_x264,RoadAccidents,144,60,0.6819291710853577,0.7395853400230408,0.7276223301887512,0.6492911577224731,98.88888888888889,97.60416666666667,0.881031334400177,0.9436544179916382,0.9148710370063782,0.8568602800369263,63.96825396825396,51.45833333333334,0.8175190687179565,0.13558989763259888,0.9299753308296204,0.1903899908065796,0.7950720191001892,0.06744968891143799,0.8335527777671814,0.18426162004470825,36.031746031746025,-62.85714285714286,38.30952380952381,-59.29464285714286,0.9891707301139832,0.10813939571380615,0.9899334907531738,0.046279072761535645,0.9892933964729309,0.07442235946655273,0.9890828728675842,0.13222259283065796,44.920634920634924,-19.047619047619037,42.21924603174603,-9.239087301587311
RoadAccidents,delta_classifier_auc,2,RoadAccidents127_x264,RoadAccidents,2576,140,0.04902702942490578,0.4704607129096985,0.14968861639499664,0.04324187710881233,85.56181093126906,20.765222953476513,0.05918541178107262,0.39956390857696533,0.06790756434202194,0.05868413671851158,81.1705371803894,14.115404739350563,0.04276107996702194,-0.006265949457883835,0.367843896150589,-0.1026168167591095,0.030636340379714966,-0.11905227601528168,0.04345790669322014,0.0002160295844078064,61.24091015716632,-24.320900774102746,8.032073415685856,-12.733149537790657,0.2772786021232605,0.21809319034218788,0.5427440404891968,0.14318013191223145,0.3703914284706116,0.30248386412858963,0.2719272971153259,0.21324316039681435,78.11165845648604,-3.058878723903362,13.703491251878349,-0.4119134874722139
RoadAccidents,delta_classifier_auc,3,RoadAccidents011_x264,RoadAccidents,2144,40,0.25385889410972595,0.8780470490455627,0.19609491527080536,0.25495702028274536,45.057034220532316,2.198153409090909,0.20975500345230103,0.7893293499946594,0.28218793869018555,0.20837794244289398,79.73384030418251,5.697595588899937,0.47094064950942993,0.21708175539970398,0.9974930286407471,0.11944597959518433,0.27314046025276184,0.07704554498195648,0.4747011065483093,0.21974408626556396,22.699619771863116,-22.3574144486692,1.605624092888244,-0.5925293162026652,0.9775980710983276,0.7678430676460266,0.9973008632659912,0.2079715132713318,0.9736553430557251,0.6914674043655396,0.9776731133460999,0.7692951709032059,30.07604562737643,-49.65779467680608,1.7627959622768543,-3.9347996266230822
RoadAccidents,delta_classifier_auc,4,RoadAccidents012_x264,RoadAccidents,464,140,0.2515156865119934,0.6008828282356262,0.28886398673057556,0.23537757992744446,75.96119929453262,45.95262723387724,0.14482852816581726,0.19423264265060425,0.16919776797294617,0.134298637509346,91.26984126984127,73.32522239665097,0.08505882322788239,-0.16645686328411102,0.469856858253479,-0.13102596998214722,0.05331631377339363,-0.23554767295718193,0.09877470135688782,-0.13660287857055664,57.971781305114646,-17.989417989417973,33.3252653472136,-12.627361886663635,0.41651397943496704,0.2716854512691498,0.5184924006462097,0.32425975799560547,0.4839480221271515,0.3147502541542053,0.3873758316040039,0.2530771940946579,86.4021164021164,-4.86772486772486,60.45745028780743,-12.867772108843539
RoadAccidents,delta_classifier_auc,5,RoadAccidents004_x264,RoadAccidents,384,49,0.19503384828567505,0.7156179547309875,0.06792813539505005,0.21362543106079102,34.64818763326226,12.203251601392436,0.13545723259449005,0.5910197496414185,0.0597001388669014,0.1465381383895874,41.76363082546452,13.570517492711371,0.11140932887792587,-0.08362451940774918,0.7287192940711975,0.013101339340209961,0.011721566319465637,-0.05620656907558441,0.12599050998687744,-0.08763492107391357,26.363082546451416,-8.285105086810844,10.942455929740317,-1.2607956716521187,0.45759525895118713,0.3221380263566971,0.7861834764480591,0.19516372680664062,0.3736637532711029,0.3139636144042015,0.4698718190193176,0.3233336806297302,41.76363082546452,0.0,13.570517492711371,0.0
RoadAccidents,delta_alignment_auc,1,RoadAccidents011_x264,RoadAccidents,2144,40,0.25385889410972595,0.8780470490455627,0.19609491527080536,0.25495702028274536,45.057034220532316,2.198153409090909,0.20975500345230103,0.7893293499946594,0.28218793869018555,0.20837794244289398,79.73384030418251,5.697595588899937,0.47094064950942993,0.21708175539970398,0.9974930286407471,0.11944597959518433,0.27314046025276184,0.07704554498195648,0.4747011065483093,0.21974408626556396,22.699619771863116,-22.3574144486692,1.605624092888244,-0.5925293162026652,0.9775980710983276,0.7678430676460266,0.9973008632659912,0.2079715132713318,0.9736553430557251,0.6914674043655396,0.9776731133460999,0.7692951709032059,30.07604562737643,-49.65779467680608,1.7627959622768543,-3.9347996266230822
RoadAccidents,delta_alignment_auc,2,RoadAccidents017_x264,RoadAccidents,240,70,0.12218689918518066,0.1779962033033371,0.08856066316366196,0.13603298366069794,11.008403361344534,20.544574473145904,0.33798232674598694,0.4539145231246948,0.41584059596061707,0.30592310428619385,64.78991596638654,38.78684807256236,0.6706019639968872,0.5484150648117065,0.9234681129455566,0.7454719096422195,0.5722662210464478,0.4837055578827858,0.7110931277275085,0.5750601440668106,34.67226890756302,23.66386554621849,26.299494156637017,5.754919683491114,0.9644883275032043,0.6265060007572174,0.9849971532821655,0.5310826301574707,0.9633917808532715,0.5475511848926544,0.9649398922920227,0.6590167880058289,37.89915966386555,-26.890756302520998,26.939342403628117,-11.84750566893424
RoadAccidents,delta_alignment_auc,3,RoadAccidents021_x264,RoadAccidents,144,60,0.6819291710853577,0.7395853400230408,0.7276223301887512,0.6492911577224731,98.88888888888889,97.60416666666667,0.881031334400177,0.9436544179916382,0.9148710370063782,0.8568602800369263,63.96825396825396,51.45833333333334,0.8175190687179565,0.13558989763259888,0.9299753308296204,0.1903899908065796,0.7950720191001892,0.06744968891143799,0.8335527777671814,0.18426162004470825,36.031746031746025,-62.85714285714286,38.30952380952381,-59.29464285714286,0.9891707301139832,0.10813939571380615,0.9899334907531738,0.046279072761535645,0.9892933964729309,0.07442235946655273,0.9890828728675842,0.13222259283065796,44.920634920634924,-19.047619047619037,42.21924603174603,-9.239087301587311
RoadAccidents,delta_alignment_auc,4,RoadAccidents133_x264,RoadAccidents,672,180,0.8995576500892639,0.9999926090240479,0.9998279213905334,0.8628734350204468,82.61065943992773,62.87763337179813,0.966171145439148,0.9997375011444092,0.9994440674781799,0.9539982080459595,80.96657633242998,67.61227871099152,0.9501282572746277,0.05057060718536377,0.9999837875366211,-8.821487426757812e-06,0.9998851418495178,5.7220458984375e-05,0.93192458152771,0.06905114650726318,81.86991869918698,-0.7407407407407476,65.06896066896067,2.1913272971625375,0.9960899353027344,0.029918789863586426,0.9995015859603882,-0.0002359151840209961,0.9993464350700378,-9.763240814208984e-05,0.9948984980583191,0.04090029001235962,65.14001806684733,-15.826558265582648,33.84889772063685,-33.76338099035467
RoadAccidents,delta_alignment_auc,5,RoadAccidents131_x264,RoadAccidents,1520,60,0.7509441375732422,0.9472881555557251,0.8707655668258667,0.7460200190544128,57.01369863013698,5.54958426271529,0.9875722527503967,0.9971773028373718,0.9931020140647888,0.9873450994491577,49.78082191780822,4.747937036266555,0.86570143699646,0.11475729942321777,0.9425172209739685,-0.004770934581756592,0.9040583372116089,0.03329277038574219,0.8641251921653748,0.11810517311096191,57.45205479452055,0.4383561643835705,5.500000000000001,-0.04958426271528893,0.9821235537528992,-0.005448698997497559,0.9881232976913452,-0.009054005146026611,0.9831980466842651,-0.009903967380523682,0.9820793271064758,-0.005265772342681885,38.31050228310502,-11.470319634703195,3.889028199898512,-0.8589088363680433
RoadAccidents,delta_classifier_positive_mean,1,RoadAccidents012_x264,RoadAccidents,464,140,0.2515156865119934,0.6008828282356262,0.28886398673057556,0.23537757992744446,75.96119929453262,45.95262723387724,0.14482852816581726,0.19423264265060425,0.16919776797294617,0.134298637509346,91.26984126984127,73.32522239665097,0.08505882322788239,-0.16645686328411102,0.469856858253479,-0.13102596998214722,0.05331631377339363,-0.23554767295718193,0.09877470135688782,-0.13660287857055664,57.971781305114646,-17.989417989417973,33.3252653472136,-12.627361886663635,0.41651397943496704,0.2716854512691498,0.5184924006462097,0.32425975799560547,0.4839480221271515,0.3147502541542053,0.3873758316040039,0.2530771940946579,86.4021164021164,-4.86772486772486,60.45745028780743,-12.867772108843539
RoadAccidents,delta_classifier_positive_mean,2,RoadAccidents127_x264,RoadAccidents,2576,140,0.04902702942490578,0.4704607129096985,0.14968861639499664,0.04324187710881233,85.56181093126906,20.765222953476513,0.05918541178107262,0.39956390857696533,0.06790756434202194,0.05868413671851158,81.1705371803894,14.115404739350563,0.04276107996702194,-0.006265949457883835,0.367843896150589,-0.1026168167591095,0.030636340379714966,-0.11905227601528168,0.04345790669322014,0.0002160295844078064,61.24091015716632,-24.320900774102746,8.032073415685856,-12.733149537790657,0.2772786021232605,0.21809319034218788,0.5427440404891968,0.14318013191223145,0.3703914284706116,0.30248386412858963,0.2719272971153259,0.21324316039681435,78.11165845648604,-3.058878723903362,13.703491251878349,-0.4119134874722139
RoadAccidents,delta_classifier_positive_mean,3,RoadAccidents009_x264,RoadAccidents,912,30,0.37581169605255127,0.5244616270065308,0.2331099659204483,0.38066551089286804,21.21693121693122,3.1020122051789545,0.7066810727119446,0.8081365823745728,0.6505087018013,0.7085916996002197,29.198790627362055,3.4674796747967482,0.18586158752441406,-0.1899501085281372,0.282431960105896,-0.24202966690063477,0.133884459733963,-0.09922550618648529,0.18762952089309692,-0.19303598999977112,16.500377928949355,-4.7165532879818635,2.957668439716312,-0.14434376546264227,0.685547411441803,-0.0211336612701416,0.7768176198005676,-0.03131896257400513,0.6938604116439819,0.043351709842681885,0.6852645874023438,-0.023327112197875977,34.640967498110356,5.442176870748302,3.74407302038881,0.2765933455920617
RoadAccidents,delta_classifier_positive_mean,4,RoadAccidents125_x264,RoadAccidents,1760,110,0.859211802482605,0.995455265045166,0.9882308840751648,0.8506106734275818,93.36308539944905,58.02207792207792,0.9921458959579468,0.9973435997962952,0.9964838027954102,0.9918566346168518,94.80881542699724,62.46517296517297,0.6116303205490112,-0.24758148193359375,0.9549580216407776,-0.04049724340438843,0.9206121563911438,-0.067618727684021,0.591031551361084,-0.2595791220664978,95.74325068870525,2.3801652892561975,76.45158102766798,18.429503105590065,0.9607259631156921,-0.03141993284225464,0.9833614826202393,-0.013982117176055908,0.978805422782898,-0.017678380012512207,0.9595207571983337,-0.032335877418518066,93.20440771349863,-1.6044077134986168,67.62686387686388,5.161690911690911
RoadAccidents,delta_classifier_positive_mean,5,RoadAccidents004_x264,RoadAccidents,384,49,0.19503384828567505,0.7156179547309875,0.06792813539505005,0.21362543106079102,34.64818763326226,12.203251601392436,0.13545723259449005,0.5910197496414185,0.0597001388669014,0.1465381383895874,41.76363082546452,13.570517492711371,0.11140932887792587,-0.08362451940774918,0.7287192940711975,0.013101339340209961,0.011721566319465637,-0.05620656907558441,0.12599050998687744,-0.08763492107391357,26.363082546451416,-8.285105086810844,10.942455929740317,-1.2607956716521187,0.45759525895118713,0.3221380263566971,0.7861834764480591,0.19516372680664062,0.3736637532711029,0.3139636144042015,0.4698718190193176,0.3233336806297302,41.76363082546452,0.0,13.570517492711371,0.0
RoadAccidents,delta_alignment_positive_mean,1,RoadAccidents123_x264,RoadAccidents,992,80,0.6784880757331848,0.9150828123092651,0.5762304067611694,0.6874580979347229,29.60526315789474,6.691837688351937,0.9717664122581482,0.9927240610122681,0.9736019372940063,0.9716054201126099,30.13157894736842,6.813079867554084,0.6204357743263245,-0.05805230140686035,0.8344900012016296,-0.0805928111076355,0.6006081104278564,0.02437770366668701,0.6221750974655151,-0.06528300046920776,37.76315789473684,8.157894736842103,7.470472966643224,0.7786352782912873,0.9307873845100403,-0.04097902774810791,0.9627642631530762,-0.029959797859191895,0.9551289677619934,-0.01847296953201294,0.9286521673202515,-0.0429532527923584,57.14912280701754,27.01754385964912,10.368095777947481,3.555015910393397
RoadAccidents,delta_alignment_positive_mean,2,RoadAccidents125_x264,RoadAccidents,1760,110,0.859211802482605,0.995455265045166,0.9882308840751648,0.8506106734275818,93.36308539944905,58.02207792207792,0.9921458959579468,0.9973435997962952,0.9964838027954102,0.9918566346168518,94.80881542699724,62.46517296517297,0.6116303205490112,-0.24758148193359375,0.9549580216407776,-0.04049724340438843,0.9206121563911438,-0.067618727684021,0.591031551361084,-0.2595791220664978,95.74325068870525,2.3801652892561975,76.45158102766798,18.429503105590065,0.9607259631156921,-0.03141993284225464,0.9833614826202393,-0.013982117176055908,0.978805422782898,-0.017678380012512207,0.9595207571983337,-0.032335877418518066,93.20440771349863,-1.6044077134986168,67.62686387686388,5.161690911690911
RoadAccidents,delta_alignment_positive_mean,3,RoadAccidents131_x264,RoadAccidents,1520,60,0.7509441375732422,0.9472881555557251,0.8707655668258667,0.7460200190544128,57.01369863013698,5.54958426271529,0.9875722527503967,0.9971773028373718,0.9931020140647888,0.9873450994491577,49.78082191780822,4.747937036266555,0.86570143699646,0.11475729942321777,0.9425172209739685,-0.004770934581756592,0.9040583372116089,0.03329277038574219,0.8641251921653748,0.11810517311096191,57.45205479452055,0.4383561643835705,5.500000000000001,-0.04958426271528893,0.9821235537528992,-0.005448698997497559,0.9881232976913452,-0.009054005146026611,0.9831980466842651,-0.009903967380523682,0.9820793271064758,-0.005265772342681885,38.31050228310502,-11.470319634703195,3.889028199898512,-0.8589088363680433
RoadAccidents,delta_alignment_positive_mean,4,RoadAccidents133_x264,RoadAccidents,672,180,0.8995576500892639,0.9999926090240479,0.9998279213905334,0.8628734350204468,82.61065943992773,62.87763337179813,0.966171145439148,0.9997375011444092,0.9994440674781799,0.9539982080459595,80.96657633242998,67.61227871099152,0.9501282572746277,0.05057060718536377,0.9999837875366211,-8.821487426757812e-06,0.9998851418495178,5.7220458984375e-05,0.93192458152771,0.06905114650726318,81.86991869918698,-0.7407407407407476,65.06896066896067,2.1913272971625375,0.9960899353027344,0.029918789863586426,0.9995015859603882,-0.0002359151840209961,0.9993464350700378,-9.763240814208984e-05,0.9948984980583191,0.04090029001235962,65.14001806684733,-15.826558265582648,33.84889772063685,-33.76338099035467
RoadAccidents,delta_alignment_positive_mean,5,RoadAccidents001_x264,RoadAccidents,1360,90,0.9955945014953613,0.9999200105667114,0.9956112504005432,0.9955931901931763,16.544181977252848,4.672321795406358,0.9988023042678833,0.9998025298118591,0.9982947707176208,0.9988382458686829,16.65616797900263,4.616834779704153,0.9955412149429321,-5.328655242919922e-05,0.9999570846557617,3.707408905029297e-05,0.9963410496711731,0.0007297992706298828,0.9954845309257507,-0.00010865926742553711,16.544181977252848,0.0,4.672321795406358,0.0,0.9992289543151855,0.0004266500473022461,0.9997839331626892,-1.8596649169921875e-05,0.9989445805549622,0.0006498098373413086,0.9992491006851196,0.0004108548164367676,16.544181977252848,-0.11198600174978068,4.672321795406358,0.055487015702205156
Robbery,delta_classifier_auc,1,Robbery048_x264,Robbery,1408,480,0.948886513710022,0.9997454285621643,0.998911440372467,0.9230114221572876,97.35632183908046,94.86360457170268,0.9887657165527344,0.9979891180992126,0.9971846342086792,0.9844111204147339,95.45977011494251,90.48800856790666,0.9555582404136658,0.006671726703643799,0.9997500777244568,4.649162292480469e-06,0.9987033605575562,-0.00020807981491088867,0.9332417249679565,0.010230302810668945,95.97701149425288,-1.3793103448275872,92.12802762114327,-2.7355769505594054,0.993544340133667,0.004778623580932617,0.998682975769043,0.0006938576698303223,0.9982073307037354,0.0010226964950561523,0.9911322593688965,0.006721138954162598,99.5905172413793,4.130747126436788,99.29970414658263,8.811695578675966
Robbery,delta_classifier_auc,2,Robbery102_x264,Robbery,1824,480,0.9774832725524902,0.9999916553497314,0.9999755620956421,0.9694501161575317,99.92063492063492,99.76419366074538,0.9949145317077637,0.9995980262756348,0.9993635416030884,0.9933257102966309,99.5436507936508,98.58204991691777,0.9834796786308289,0.005996406078338623,0.9999959468841553,4.291534423828125e-06,0.9999855160713196,9.953975677490234e-06,0.977584719657898,0.008134603500366211,99.7420634920635,-0.1785714285714306,99.32113623923969,-0.44305742150568506,0.9911105632781982,-0.0038039684295654297,0.9991055130958557,-0.0004925131797790527,0.998813271522522,-0.0005502700805664062,0.9883595705032349,-0.004966139793395996,97.16269841269842,-2.3809523809523796,92.13450646919856,-6.447543447719212
Robbery,delta_classifier_auc,3,Robbery137_x264,Robbery,2192,1815,0.9521539807319641,0.9999629259109497,0.9934781789779663,0.7532063722610474,98.0335547420187,99.59512687255557,0.9777076840400696,0.9958757758140564,0.9887369871139526,0.9246096611022949,91.77156177156178,98.14970279826196,0.9300156831741333,-0.02213829755783081,0.99997878074646,1.5854835510253906e-05,0.9895230531692505,-0.00395512580871582,0.6435282826423645,-0.10967808961868286,98.43340567478499,0.3998509327662987,99.68537857491228,0.09025170235670998,0.9887804388999939,0.011072754859924316,0.9979543089866638,0.002078533172607422,0.9948338270187378,0.006096839904785156,0.9596379399299622,0.035028278827667236,97.66410183338084,5.892540061819062,99.52508799826283,1.3753852000008777
Robbery,delta_classifier_auc,4,Robbery050_x264,Robbery,1696,915,0.03775212913751602,0.1826968789100647,0.06292809545993805,0.00825660489499569,84.35808092469371,88.90832060042261,0.010178390890359879,0.01830953359603882,0.012926989234983921,0.006958199664950371,85.38800612917444,90.78960700872818,0.08811084181070328,0.050358712673187256,0.32431477308273315,0.14161789417266846,0.1476399004459381,0.08471180498600006,0.018368074670433998,0.010111469775438309,85.68131091566788,1.3232299909741698,90.39257967353348,1.484259073110863,0.10550567507743835,0.09532728418707848,0.18010514974594116,0.16179561614990234,0.13330288231372833,0.12037589307874441,0.07293915748596191,0.06598095782101154,83.42890927282524,-1.9590968563492055,89.91596908127352,-0.8736379274546664
Robbery,delta_classifier_auc,5,Robbery106_x264,Robbery,1184,120,0.5343584418296814,0.9666337370872498,0.9536124467849731,0.48707419633865356,96.06516290726816,59.830687830687836,0.8468530774116516,0.971706748008728,0.9698381423950195,0.83298259973526,97.86967418546367,86.16849816849816,0.7248404026031494,0.19048196077346802,0.9960883855819702,0.02945464849472046,0.9956603646278381,0.04204791784286499,0.6942968368530273,0.20722264051437378,99.57393483709274,3.508771929824576,96.26984126984127,36.43915343915343,0.9156457185745239,0.06879264116287231,0.986009418964386,0.014302670955657959,0.9855268597602844,0.015688717365264893,0.9077644348144531,0.07478183507919312,99.87468671679197,2.0050125313283047,98.69047619047619,12.521978021978029
Robbery,delta_alignment_auc,1,Robbery102_x264,Robbery,1824,480,0.9774832725524902,0.9999916553497314,0.9999755620956421,0.9694501161575317,99.92063492063492,99.76419366074538,0.9949145317077637,0.9995980262756348,0.9993635416030884,0.9933257102966309,99.5436507936508,98.58204991691777,0.9834796786308289,0.005996406078338623,0.9999959468841553,4.291534423828125e-06,0.9999855160713196,9.953975677490234e-06,0.977584719657898,0.008134603500366211,99.7420634920635,-0.1785714285714306,99.32113623923969,-0.44305742150568506,0.9911105632781982,-0.0038039684295654297,0.9991055130958557,-0.0004925131797790527,0.998813271522522,-0.0005502700805664062,0.9883595705032349,-0.004966139793395996,97.16269841269842,-2.3809523809523796,92.13450646919856,-6.447543447719212
Robbery,delta_alignment_auc,2,Robbery050_x264,Robbery,1696,915,0.03775212913751602,0.1826968789100647,0.06292809545993805,0.00825660489499569,84.35808092469371,88.90832060042261,0.010178390890359879,0.01830953359603882,0.012926989234983921,0.006958199664950371,85.38800612917444,90.78960700872818,0.08811084181070328,0.050358712673187256,0.32431477308273315,0.14161789417266846,0.1476399004459381,0.08471180498600006,0.018368074670433998,0.010111469775438309,85.68131091566788,1.3232299909741698,90.39257967353348,1.484259073110863,0.10550567507743835,0.09532728418707848,0.18010514974594116,0.16179561614990234,0.13330288231372833,0.12037589307874441,0.07293915748596191,0.06598095782101154,83.42890927282524,-1.9590968563492055,89.91596908127352,-0.8736379274546664
Robbery,delta_alignment_auc,3,Robbery106_x264,Robbery,1184,120,0.5343584418296814,0.9666337370872498,0.9536124467849731,0.48707419633865356,96.06516290726816,59.830687830687836,0.8468530774116516,0.971706748008728,0.9698381423950195,0.83298259973526,97.86967418546367,86.16849816849816,0.7248404026031494,0.19048196077346802,0.9960883855819702,0.02945464849472046,0.9956603646278381,0.04204791784286499,0.6942968368530273,0.20722264051437378,99.57393483709274,3.508771929824576,96.26984126984127,36.43915343915343,0.9156457185745239,0.06879264116287231,0.986009418964386,0.014302670955657959,0.9855268597602844,0.015688717365264893,0.9077644348144531,0.07478183507919312,99.87468671679197,2.0050125313283047,98.69047619047619,12.521978021978029
Robbery,delta_alignment_auc,4,Robbery048_x264,Robbery,1408,480,0.948886513710022,0.9997454285621643,0.998911440372467,0.9230114221572876,97.35632183908046,94.86360457170268,0.9887657165527344,0.9979891180992126,0.9971846342086792,0.9844111204147339,95.45977011494251,90.48800856790666,0.9555582404136658,0.006671726703643799,0.9997500777244568,4.649162292480469e-06,0.9987033605575562,-0.00020807981491088867,0.9332417249679565,0.010230302810668945,95.97701149425288,-1.3793103448275872,92.12802762114327,-2.7355769505594054,0.993544340133667,0.004778623580932617,0.998682975769043,0.0006938576698303223,0.9982073307037354,0.0010226964950561523,0.9911322593688965,0.006721138954162598,99.5905172413793,4.130747126436788,99.29970414658263,8.811695578675966
Robbery,delta_alignment_auc,5,Robbery137_x264,Robbery,2192,1815,0.9521539807319641,0.9999629259109497,0.9934781789779663,0.7532063722610474,98.0335547420187,99.59512687255557,0.9777076840400696,0.9958757758140564,0.9887369871139526,0.9246096611022949,91.77156177156178,98.14970279826196,0.9300156831741333,-0.02213829755783081,0.99997878074646,1.5854835510253906e-05,0.9895230531692505,-0.00395512580871582,0.6435282826423645,-0.10967808961868286,98.43340567478499,0.3998509327662987,99.68537857491228,0.09025170235670998,0.9887804388999939,0.011072754859924316,0.9979543089866638,0.002078533172607422,0.9948338270187378,0.006096839904785156,0.9596379399299622,0.035028278827667236,97.66410183338084,5.892540061819062,99.52508799826283,1.3753852000008777
Robbery,delta_classifier_positive_mean,1,Robbery137_x264,Robbery,2192,1815,0.9521539807319641,0.9999629259109497,0.9934781789779663,0.7532063722610474,98.0335547420187,99.59512687255557,0.9777076840400696,0.9958757758140564,0.9887369871139526,0.9246096611022949,91.77156177156178,98.14970279826196,0.9300156831741333,-0.02213829755783081,0.99997878074646,1.5854835510253906e-05,0.9895230531692505,-0.00395512580871582,0.6435282826423645,-0.10967808961868286,98.43340567478499,0.3998509327662987,99.68537857491228,0.09025170235670998,0.9887804388999939,0.011072754859924316,0.9979543089866638,0.002078533172607422,0.9948338270187378,0.006096839904785156,0.9596379399299622,0.035028278827667236,97.66410183338084,5.892540061819062,99.52508799826283,1.3753852000008777
Robbery,delta_classifier_positive_mean,2,Robbery048_x264,Robbery,1408,480,0.948886513710022,0.9997454285621643,0.998911440372467,0.9230114221572876,97.35632183908046,94.86360457170268,0.9887657165527344,0.9979891180992126,0.9971846342086792,0.9844111204147339,95.45977011494251,90.48800856790666,0.9555582404136658,0.006671726703643799,0.9997500777244568,4.649162292480469e-06,0.9987033605575562,-0.00020807981491088867,0.9332417249679565,0.010230302810668945,95.97701149425288,-1.3793103448275872,92.12802762114327,-2.7355769505594054,0.993544340133667,0.004778623580932617,0.998682975769043,0.0006938576698303223,0.9982073307037354,0.0010226964950561523,0.9911322593688965,0.006721138954162598,99.5905172413793,4.130747126436788,99.29970414658263,8.811695578675966
Robbery,delta_classifier_positive_mean,3,Robbery102_x264,Robbery,1824,480,0.9774832725524902,0.9999916553497314,0.9999755620956421,0.9694501161575317,99.92063492063492,99.76419366074538,0.9949145317077637,0.9995980262756348,0.9993635416030884,0.9933257102966309,99.5436507936508,98.58204991691777,0.9834796786308289,0.005996406078338623,0.9999959468841553,4.291534423828125e-06,0.9999855160713196,9.953975677490234e-06,0.977584719657898,0.008134603500366211,99.7420634920635,-0.1785714285714306,99.32113623923969,-0.44305742150568506,0.9911105632781982,-0.0038039684295654297,0.9991055130958557,-0.0004925131797790527,0.998813271522522,-0.0005502700805664062,0.9883595705032349,-0.004966139793395996,97.16269841269842,-2.3809523809523796,92.13450646919856,-6.447543447719212
Robbery,delta_classifier_positive_mean,4,Robbery106_x264,Robbery,1184,120,0.5343584418296814,0.9666337370872498,0.9536124467849731,0.48707419633865356,96.06516290726816,59.830687830687836,0.8468530774116516,0.971706748008728,0.9698381423950195,0.83298259973526,97.86967418546367,86.16849816849816,0.7248404026031494,0.19048196077346802,0.9960883855819702,0.02945464849472046,0.9956603646278381,0.04204791784286499,0.6942968368530273,0.20722264051437378,99.57393483709274,3.508771929824576,96.26984126984127,36.43915343915343,0.9156457185745239,0.06879264116287231,0.986009418964386,0.014302670955657959,0.9855268597602844,0.015688717365264893,0.9077644348144531,0.07478183507919312,99.87468671679197,2.0050125313283047,98.69047619047619,12.521978021978029
Robbery,delta_classifier_positive_mean,5,Robbery050_x264,Robbery,1696,915,0.03775212913751602,0.1826968789100647,0.06292809545993805,0.00825660489499569,84.35808092469371,88.90832060042261,0.010178390890359879,0.01830953359603882,0.012926989234983921,0.006958199664950371,85.38800612917444,90.78960700872818,0.08811084181070328,0.050358712673187256,0.32431477308273315,0.14161789417266846,0.1476399004459381,0.08471180498600006,0.018368074670433998,0.010111469775438309,85.68131091566788,1.3232299909741698,90.39257967353348,1.484259073110863,0.10550567507743835,0.09532728418707848,0.18010514974594116,0.16179561614990234,0.13330288231372833,0.12037589307874441,0.07293915748596191,0.06598095782101154,83.42890927282524,-1.9590968563492055,89.91596908127352,-0.8736379274546664
Robbery,delta_alignment_positive_mean,1,Robbery102_x264,Robbery,1824,480,0.9774832725524902,0.9999916553497314,0.9999755620956421,0.9694501161575317,99.92063492063492,99.76419366074538,0.9949145317077637,0.9995980262756348,0.9993635416030884,0.9933257102966309,99.5436507936508,98.58204991691777,0.9834796786308289,0.005996406078338623,0.9999959468841553,4.291534423828125e-06,0.9999855160713196,9.953975677490234e-06,0.977584719657898,0.008134603500366211,99.7420634920635,-0.1785714285714306,99.32113623923969,-0.44305742150568506,0.9911105632781982,-0.0038039684295654297,0.9991055130958557,-0.0004925131797790527,0.998813271522522,-0.0005502700805664062,0.9883595705032349,-0.004966139793395996,97.16269841269842,-2.3809523809523796,92.13450646919856,-6.447543447719212
Robbery,delta_alignment_positive_mean,2,Robbery048_x264,Robbery,1408,480,0.948886513710022,0.9997454285621643,0.998911440372467,0.9230114221572876,97.35632183908046,94.86360457170268,0.9887657165527344,0.9979891180992126,0.9971846342086792,0.9844111204147339,95.45977011494251,90.48800856790666,0.9555582404136658,0.006671726703643799,0.9997500777244568,4.649162292480469e-06,0.9987033605575562,-0.00020807981491088867,0.9332417249679565,0.010230302810668945,95.97701149425288,-1.3793103448275872,92.12802762114327,-2.7355769505594054,0.993544340133667,0.004778623580932617,0.998682975769043,0.0006938576698303223,0.9982073307037354,0.0010226964950561523,0.9911322593688965,0.006721138954162598,99.5905172413793,4.130747126436788,99.29970414658263,8.811695578675966
Robbery,delta_alignment_positive_mean,3,Robbery137_x264,Robbery,2192,1815,0.9521539807319641,0.9999629259109497,0.9934781789779663,0.7532063722610474,98.0335547420187,99.59512687255557,0.9777076840400696,0.9958757758140564,0.9887369871139526,0.9246096611022949,91.77156177156178,98.14970279826196,0.9300156831741333,-0.02213829755783081,0.99997878074646,1.5854835510253906e-05,0.9895230531692505,-0.00395512580871582,0.6435282826423645,-0.10967808961868286,98.43340567478499,0.3998509327662987,99.68537857491228,0.09025170235670998,0.9887804388999939,0.011072754859924316,0.9979543089866638,0.002078533172607422,0.9948338270187378,0.006096839904785156,0.9596379399299622,0.035028278827667236,97.66410183338084,5.892540061819062,99.52508799826283,1.3753852000008777
Robbery,delta_alignment_positive_mean,4,Robbery106_x264,Robbery,1184,120,0.5343584418296814,0.9666337370872498,0.9536124467849731,0.48707419633865356,96.06516290726816,59.830687830687836,0.8468530774116516,0.971706748008728,0.9698381423950195,0.83298259973526,97.86967418546367,86.16849816849816,0.7248404026031494,0.19048196077346802,0.9960883855819702,0.02945464849472046,0.9956603646278381,0.04204791784286499,0.6942968368530273,0.20722264051437378,99.57393483709274,3.508771929824576,96.26984126984127,36.43915343915343,0.9156457185745239,0.06879264116287231,0.986009418964386,0.014302670955657959,0.9855268597602844,0.015688717365264893,0.9077644348144531,0.07478183507919312,99.87468671679197,2.0050125313283047,98.69047619047619,12.521978021978029
Robbery,delta_alignment_positive_mean,5,Robbery050_x264,Robbery,1696,915,0.03775212913751602,0.1826968789100647,0.06292809545993805,0.00825660489499569,84.35808092469371,88.90832060042261,0.010178390890359879,0.01830953359603882,0.012926989234983921,0.006958199664950371,85.38800612917444,90.78960700872818,0.08811084181070328,0.050358712673187256,0.32431477308273315,0.14161789417266846,0.1476399004459381,0.08471180498600006,0.018368074670433998,0.010111469775438309,85.68131091566788,1.3232299909741698,90.39257967353348,1.484259073110863,0.10550567507743835,0.09532728418707848,0.18010514974594116,0.16179561614990234,0.13330288231372833,0.12037589307874441,0.07293915748596191,0.06598095782101154,83.42890927282524,-1.9590968563492055,89.91596908127352,-0.8736379274546664
Shooting,delta_classifier_auc,1,Shooting048_x264,Shooting,2736,320,0.033469270914793015,0.26033300161361694,0.1536930650472641,0.017545592039823532,98.9362582781457,91.75589203377035,0.02521713450551033,0.08907365798950195,0.06763158738613129,0.019599327817559242,99.50745033112582,96.11329205413517,0.004340865649282932,-0.029128405265510082,0.027995295822620392,-0.23233770579099655,0.005307673942297697,-0.1483853911049664,0.004212812054902315,-0.013332779984921217,54.07284768211921,-44.86341059602649,16.96087266914453,-74.79501936462583,0.17161892354488373,0.1464017890393734,0.3179926872253418,0.22891902923583984,0.23533573746681213,0.16770415008068085,0.16317960619926453,0.14358027838170528,80.66639072847683,-18.841059602648997,47.275905544557176,-48.837386509577996
Shooting,delta_classifier_auc,2,Shooting024_x264,Shooting,2000,585,0.8713719248771667,0.9932379722595215,0.9836461544036865,0.8249546885490417,77.55338105161427,44.29184737213973,0.9386434555053711,0.9959802031517029,0.9922563433647156,0.9164783954620361,86.5413306756063,56.737489451652515,0.8964719176292419,0.025099992752075195,0.9975371360778809,0.004299163818359375,0.9922328591346741,0.008586704730987549,0.8568816781044006,0.03192698955535889,62.70296880190873,-14.850412249705535,33.549760415267905,-10.742086956871823,0.9716811776161194,0.03303772211074829,0.997937798500061,0.0019575953483581543,0.9974125027656555,0.005156159400939941,0.9610430002212524,0.04456460475921631,83.15103741958866,-3.3902932560176424,50.634216207274974,-6.10327324437754
Shooting,delta_classifier_auc,3,Shooting010_x264,Shooting,2640,165,0.5634546875953674,0.7922945618629456,0.4638664424419403,0.5700939297676086,26.139577594123047,4.591441836606893,0.9139925837516785,0.9572708010673523,0.8952533006668091,0.9152418971061707,17.33198653198653,3.998386819886017,0.9388526678085327,0.3753979802131653,0.996878981590271,0.20458441972732544,0.9101272225379944,0.4462607800960541,0.9407676458358765,0.3706737160682678,14.3386593204775,-11.800918273645546,4.009397532430345,-0.5820443041765477,0.9876903295516968,0.07369774580001831,0.9965370893478394,0.03926628828048706,0.9848310947418213,0.08957779407501221,0.9878809452056885,0.07263904809951782,33.113559840832565,15.781573308846035,5.063137968913702,1.0647511490276855
Shooting,delta_classifier_auc,4,Shooting028_x264,Shooting,1888,270,0.7892069220542908,0.9996213912963867,0.82718425989151,0.7828695178031921,30.229821910909678,10.531688834807333,0.9554376602172852,0.999311089515686,0.9696899652481079,0.9530593752861023,27.4389964748432,10.045477130283963,0.6969189047813416,-0.09228801727294922,0.9971268773078918,-0.002494513988494873,0.3933959901332855,-0.4337882697582245,0.7475684881210327,-0.035301029682159424,25.278121137206426,-4.9517007737032515,9.752727521292258,-0.7789613135150759,0.9038330316543579,-0.051604628562927246,0.9978213906288147,-0.0014896988868713379,0.9286972880363464,-0.040992677211761475,0.8996838331222534,-0.05337554216384888,34.64679760106213,7.207801126218932,11.120025358130297,1.0745482278463339
Shooting,delta_classifier_auc,5,Shooting034_x264,Shooting,1408,90,0.4355591833591461,0.9770957231521606,0.9563177227973938,0.3999989926815033,93.90490642387455,37.08680825347492,0.9198688268661499,0.9973093867301941,0.9963746666908264,0.914644718170166,95.46956668352723,48.96296296296297,0.8309714794158936,0.39541229605674744,0.9985517859458923,0.02145606279373169,0.9973459839820862,0.04102826118469238,0.8196105360984802,0.41961154341697693,92.12443095599393,-1.7804754678806205,31.14021164021164,-5.9465966132632815,0.9404420852661133,0.02057325839996338,0.9951632022857666,-0.0021461844444274902,0.9929879307746887,-0.0033867359161376953,0.9368538856506348,0.02220916748046875,91.12628561793964,-4.34328106558759,28.902948902948904,-20.060014060014066
Shooting,delta_alignment_auc,1,Shooting048_x264,Shooting,2736,320,0.033469270914793015,0.26033300161361694,0.1536930650472641,0.017545592039823532,98.9362582781457,91.75589203377035,0.02521713450551033,0.08907365798950195,0.06763158738613129,0.019599327817559242,99.50745033112582,96.11329205413517,0.004340865649282932,-0.029128405265510082,0.027995295822620392,-0.23233770579099655,0.005307673942297697,-0.1483853911049664,0.004212812054902315,-0.013332779984921217,54.07284768211921,-44.86341059602649,16.96087266914453,-74.79501936462583,0.17161892354488373,0.1464017890393734,0.3179926872253418,0.22891902923583984,0.23533573746681213,0.16770415008068085,0.16317960619926453,0.14358027838170528,80.66639072847683,-18.841059602648997,47.275905544557176,-48.837386509577996
Shooting,delta_alignment_auc,2,Shooting007_x264,Shooting,1424,120,0.9888675808906555,0.9997623562812805,0.9726460576057434,0.9903603792190552,8.640081799591002,5.175190031595873,0.9952447414398193,0.9993986487388611,0.9910239577293396,0.9956331849098206,18.261758691206545,5.734221373031297,0.9987393617630005,0.00987178087234497,0.999970555305481,0.00020819902420043945,0.9979461431503296,0.02530008554458618,0.9988123178482056,0.00845193862915039,10.74642126789366,2.106339468302659,5.217279160307727,0.04208912871185344,0.9991137981414795,0.0038690567016601562,0.999627411365509,0.00022876262664794922,0.998391330242157,0.007367372512817383,0.999180257320404,0.003547072410583496,9.683026584867076,-8.57873210633947,5.218736943409369,-0.5154844296219281
Shooting,delta_alignment_auc,3,Shooting033_x264,Shooting,3616,320,0.9894141554832458,0.9998610019683838,0.9995702505111694,0.9884282350540161,91.2135922330097,57.35069613941487,0.9987508058547974,0.9995734095573425,0.9994325637817383,0.9986847043037415,93.93203883495146,41.595938419509714,0.9987244606018066,0.009310305118560791,0.9999568462371826,9.584426879882812e-05,0.9999192357063293,0.0003489851951599121,0.9986084699630737,0.010180234909057617,94.51456310679612,3.3009708737864116,76.48281372487608,19.13211758546121,0.999180257320404,0.00042945146560668945,0.9996529221534729,7.95125961303711e-05,0.9995533227920532,0.0001207590103149414,0.9991441965103149,0.00045949220657348633,86.6504854368932,-7.28155339805825,28.852549357289675,-12.74338906222004
Shooting,delta_alignment_auc,4,Shooting034_x264,Shooting,1408,90,0.4355591833591461,0.9770957231521606,0.9563177227973938,0.3999989926815033,93.90490642387455,37.08680825347492,0.9198688268661499,0.9973093867301941,0.9963746666908264,0.914644718170166,95.46956668352723,48.96296296296297,0.8309714794158936,0.39541229605674744,0.9985517859458923,0.02145606279373169,0.9973459839820862,0.04102826118469238,0.8196105360984802,0.41961154341697693,92.12443095599393,-1.7804754678806205,31.14021164021164,-5.9465966132632815,0.9404420852661133,0.02057325839996338,0.9951632022857666,-0.0021461844444274902,0.9929879307746887,-0.0033867359161376953,0.9368538856506348,0.02220916748046875,91.12628561793964,-4.34328106558759,28.902948902948904,-20.060014060014066
Shooting,delta_alignment_auc,5,Shooting024_x264,Shooting,2000,585,0.8713719248771667,0.9932379722595215,0.9836461544036865,0.8249546885490417,77.55338105161427,44.29184737213973,0.9386434555053711,0.9959802031517029,0.9922563433647156,0.9164783954620361,86.5413306756063,56.737489451652515,0.8964719176292419,0.025099992752075195,0.9975371360778809,0.004299163818359375,0.9922328591346741,0.008586704730987549,0.8568816781044006,0.03192698955535889,62.70296880190873,-14.850412249705535,33.549760415267905,-10.742086956871823,0.9716811776161194,0.03303772211074829,0.997937798500061,0.0019575953483581543,0.9974125027656555,0.005156159400939941,0.9610430002212524,0.04456460475921631,83.15103741958866,-3.3902932560176424,50.634216207274974,-6.10327324437754
Shooting,delta_classifier_positive_mean,1,Shooting028_x264,Shooting,1888,270,0.7892069220542908,0.9996213912963867,0.82718425989151,0.7828695178031921,30.229821910909678,10.531688834807333,0.9554376602172852,0.999311089515686,0.9696899652481079,0.9530593752861023,27.4389964748432,10.045477130283963,0.6969189047813416,-0.09228801727294922,0.9971268773078918,-0.002494513988494873,0.3933959901332855,-0.4337882697582245,0.7475684881210327,-0.035301029682159424,25.278121137206426,-4.9517007737032515,9.752727521292258,-0.7789613135150759,0.9038330316543579,-0.051604628562927246,0.9978213906288147,-0.0014896988868713379,0.9286972880363464,-0.040992677211761475,0.8996838331222534,-0.05337554216384888,34.64679760106213,7.207801126218932,11.120025358130297,1.0745482278463339
Shooting,delta_classifier_positive_mean,2,Shooting048_x264,Shooting,2736,320,0.033469270914793015,0.26033300161361694,0.1536930650472641,0.017545592039823532,98.9362582781457,91.75589203377035,0.02521713450551033,0.08907365798950195,0.06763158738613129,0.019599327817559242,99.50745033112582,96.11329205413517,0.004340865649282932,-0.029128405265510082,0.027995295822620392,-0.23233770579099655,0.005307673942297697,-0.1483853911049664,0.004212812054902315,-0.013332779984921217,54.07284768211921,-44.86341059602649,16.96087266914453,-74.79501936462583,0.17161892354488373,0.1464017890393734,0.3179926872253418,0.22891902923583984,0.23533573746681213,0.16770415008068085,0.16317960619926453,0.14358027838170528,80.66639072847683,-18.841059602648997,47.275905544557176,-48.837386509577996
Shooting,delta_classifier_positive_mean,3,Shooting047_x264,Shooting,8272,3480,0.8839629888534546,0.9998915195465088,0.9734777808189392,0.8189564943313599,62.99215167040854,50.606029376310815,0.9428699016571045,0.9988834857940674,0.9940117001533508,0.905730128288269,61.20373035518968,57.50809422368596,0.8305863738059998,-0.053376615047454834,0.9998225569725037,-6.896257400512695e-05,0.895850658416748,-0.07762712240219116,0.7831906676292419,-0.03576582670211792,69.16297277070981,6.170821100301275,71.24439195541193,20.638362579101113,0.9560226202011108,0.013152718544006348,0.9994796514511108,0.000596165657043457,0.9965729713439941,0.0025612711906433105,0.9265745282173157,0.02084439992904663,65.08069003895382,3.8769596837641416,65.4614543187949,7.953360095108948
Shooting,delta_classifier_positive_mean,4,Shooting046_x264,Shooting,5088,553,0.9515215754508972,0.9994412064552307,0.9893534779548645,0.9469083547592163,39.68265709141876,8.773508743741921,0.9822192192077637,0.9994860291481018,0.9984588623046875,0.9802389740943909,73.0038818033738,55.31788276804984,0.8957709670066833,-0.05575060844421387,0.9982957243919373,-0.001145482063293457,0.9378740191459656,-0.051479458808898926,0.8906368017196655,-0.05627155303955078,43.34028482507961,3.6576277336608456,9.7866986012397,1.0131898574977782,0.9715349674224854,-0.01068425178527832,0.9964504241943359,-0.003035604953765869,0.9922298789024353,-0.006228983402252197,0.9690115451812744,-0.011227428913116455,71.12945126412812,-1.8744305392456795,26.615842468363443,-28.7020402996864
Shooting,delta_classifier_positive_mean,5,Shooting008_x264,Shooting,1616,240,0.302552729845047,0.9945724606513977,0.9911523461341858,0.18244817852973938,99.92732558139534,99.51370652427639,0.3087828755378723,0.9726930856704712,0.9644907712936401,0.19441519677639008,99.94670542635659,99.61805555555556,0.24947553873062134,-0.05307719111442566,0.9896658658981323,-0.004906594753265381,0.9833576083183289,-0.007794737815856934,0.12147284299135208,-0.0609753355383873,99.92732558139534,0.0,99.51370652427639,0.0,0.31428447365760803,0.005501598119735718,0.9791758060455322,0.006482720375061035,0.9692162871360779,0.004725515842437744,0.2000522017478943,0.005637004971504211,98.82267441860465,-1.1240310077519382,94.15759450710108,-5.460461048454476
Shooting,delta_alignment_positive_mean,1,Shooting028_x264,Shooting,1888,270,0.7892069220542908,0.9996213912963867,0.82718425989151,0.7828695178031921,30.229821910909678,10.531688834807333,0.9554376602172852,0.999311089515686,0.9696899652481079,0.9530593752861023,27.4389964748432,10.045477130283963,0.6969189047813416,-0.09228801727294922,0.9971268773078918,-0.002494513988494873,0.3933959901332855,-0.4337882697582245,0.7475684881210327,-0.035301029682159424,25.278121137206426,-4.9517007737032515,9.752727521292258,-0.7789613135150759,0.9038330316543579,-0.051604628562927246,0.9978213906288147,-0.0014896988868713379,0.9286972880363464,-0.040992677211761475,0.8996838331222534,-0.05337554216384888,34.64679760106213,7.207801126218932,11.120025358130297,1.0745482278463339
Shooting,delta_alignment_positive_mean,2,Shooting046_x264,Shooting,5088,553,0.9515215754508972,0.9994412064552307,0.9893534779548645,0.9469083547592163,39.68265709141876,8.773508743741921,0.9822192192077637,0.9994860291481018,0.9984588623046875,0.9802389740943909,73.0038818033738,55.31788276804984,0.8957709670066833,-0.05575060844421387,0.9982957243919373,-0.001145482063293457,0.9378740191459656,-0.051479458808898926,0.8906368017196655,-0.05627155303955078,43.34028482507961,3.6576277336608456,9.7866986012397,1.0131898574977782,0.9715349674224854,-0.01068425178527832,0.9964504241943359,-0.003035604953765869,0.9922298789024353,-0.006228983402252197,0.9690115451812744,-0.011227428913116455,71.12945126412812,-1.8744305392456795,26.615842468363443,-28.7020402996864
Shooting,delta_alignment_positive_mean,3,Shooting015_x264,Shooting,1712,857,0.8537434935569763,0.9997720122337341,0.9053929448127747,0.8019733428955078,56.06822384627457,49.63909448542789,0.9960247874259949,0.99979168176651,0.9983808398246765,0.9936631917953491,62.62775764771712,56.40667573488627,0.9442772269248962,0.09053373336791992,0.9993382096290588,-0.00043380260467529297,0.9716547727584839,0.06626182794570923,0.9168357253074646,0.11486238241195679,64.75240025384348,8.684176407568906,59.08286127710832,9.443766791680432,0.9909298419952393,-0.005094945430755615,0.9973212480545044,-0.0024704337120056152,0.9941168427467346,-0.0042639970779418945,0.9877355694770813,-0.005927622318267822,80.6380888042744,18.010331156557285,84.87301442664976,28.46633869176349
Shooting,delta_alignment_positive_mean,4,Shooting034_x264,Shooting,1408,90,0.4355591833591461,0.9770957231521606,0.9563177227973938,0.3999989926815033,93.90490642387455,37.08680825347492,0.9198688268661499,0.9973093867301941,0.9963746666908264,0.914644718170166,95.46956668352723,48.96296296296297,0.8309714794158936,0.39541229605674744,0.9985517859458923,0.02145606279373169,0.9973459839820862,0.04102826118469238,0.8196105360984802,0.41961154341697693,92.12443095599393,-1.7804754678806205,31.14021164021164,-5.9465966132632815,0.9404420852661133,0.02057325839996338,0.9951632022857666,-0.0021461844444274902,0.9929879307746887,-0.0033867359161376953,0.9368538856506348,0.02220916748046875,91.12628561793964,-4.34328106558759,28.902948902948904,-20.060014060014066
Shooting,delta_alignment_positive_mean,5,Shooting018_x264,Shooting,1792,165,0.9693892598152161,0.9999649524688721,0.9988784193992615,0.9663986563682556,20.810750405095828,6.425606522839668,0.9983372092247009,0.999924898147583,0.9994291067123413,0.9982264637947083,19.63662438769999,6.341430756493378,0.9974789023399353,0.02808964252471924,0.999984622001648,1.9669532775878906e-05,0.9999473094940186,0.00106889009475708,0.9972286224365234,0.030829966068267822,49.794378946192104,28.983628541096277,9.385901137924899,2.960294615085231,0.9962809681892395,-0.0020562410354614258,0.9982634782791138,-0.0016614198684692383,0.9973729848861694,-0.002056121826171875,0.9961702227592468,-0.0020562410354614258,47.76200853029372,28.12538414259373,9.016909022706265,2.6754782662128873
Shoplifting,delta_classifier_auc,1,Shoplifting017_x264,Shoplifting,448,60,0.9147397875785828,0.9852215647697449,0.9819477200508118,0.9043468832969666,97.14776632302404,86.23611111111111,0.9795833230018616,0.9899181127548218,0.9851066470146179,0.9787291884422302,71.58075601374571,26.846153846153847,0.9247632026672363,0.010023415088653564,0.9536633491516113,-0.031558215618133545,0.9486461877822876,-0.03330153226852417,0.9210700392723083,0.016723155975341797,79.00343642611683,-18.14432989690721,29.416666666666668,-56.81944444444444,0.9867158532142639,0.007132530212402344,0.9936550855636597,0.0037369728088378906,0.9819108247756958,-0.003195822238922119,0.9874590039253235,0.008729815483093262,7.250859106529206,-64.32989690721651,9.138857921466617,-17.70729592468723
Shoplifting,delta_classifier_auc,2,Shoplifting049_x264,Shoplifting,2144,330,0.960145890712738,0.9964122176170349,0.9277225136756897,0.9660441875457764,16.81166683371755,9.440550969254765,0.9970570802688599,0.9988831281661987,0.9943914413452148,0.9975419044494629,3.3941398549998323,8.61009780742541,0.7515574097633362,-0.20858848094940186,0.9745234251022339,-0.021888792514801025,0.41283878684043884,-0.5148837268352509,0.8131766319274902,-0.15286755561828613,0.12796097691356784,-16.683705856803982,8.489309927545674,-0.9512410417090909,0.9786527156829834,-0.018404364585876465,0.9940834641456604,-0.00479966402053833,0.9579474925994873,-0.03644394874572754,0.9824193120002747,-0.015122592449188232,3.7255688082589957,0.33142895325916344,8.602017159238546,-0.008080648186863826
Shoplifting,delta_classifier_auc,3,Shoplifting020_x264,Shoplifting,5760,120,0.8307396769523621,0.9980071187019348,0.996722936630249,0.8272079825401306,99.54137115839244,82.42327117327117,0.987302303314209,0.9984267950057983,0.9970354437828064,0.9870951771736145,90.89834515366431,10.91379381812736,0.9463090896606445,0.11556941270828247,0.9990324974060059,0.001025378704071045,0.996433675289154,-0.0002892613410949707,0.9452425241470337,0.11803454160690308,89.47044917257682,-10.070921985815616,9.649468102956474,-72.7738030703147,0.9822574257850647,-0.005044877529144287,0.9968111515045166,-0.0016156435012817383,0.9964809417724609,-0.000554502010345459,0.98195481300354,-0.005140364170074463,98.35933806146572,7.460992907801412,72.9911858974359,62.07739207930854
Shoplifting,delta_classifier_auc,4,Shoplifting015_x264,Shoplifting,2256,150,0.38923993706703186,0.7292248010635376,0.3935851454734802,0.38893043994903564,50.94207027540361,6.971339858897885,0.4481220841407776,0.7914173603057861,0.3613814413547516,0.4543001651763916,33.86324786324786,5.298227987710118,0.11230823397636414,-0.2769317030906677,0.7423131465911865,0.013088345527648926,0.04034046083688736,-0.35324468463659286,0.11743413656949997,-0.2714963033795357,42.69642291864514,-8.245647356758468,6.026082570932599,-0.9452572879652861,0.45248645544052124,0.004364371299743652,0.9313600659370422,0.1399427056312561,0.42887482047080994,0.06749337911605835,0.4541682004928589,-0.00013196468353271484,47.44729344729345,13.58404558404559,6.688445624569626,1.390217636859508
Shoplifting,delta_classifier_auc,5,Shoplifting010_x264,Shoplifting,2736,590,0.03173794597387314,0.20464679598808289,0.021288270130753517,0.03461087867617607,40.23425529562291,17.364137826576943,0.02512356825172901,0.07951897382736206,0.020998597145080566,0.026257645338773727,43.466757230637995,18.594998599043986,0.01751682162284851,-0.014221124351024628,0.14040698111057281,-0.06423981487751007,0.010971744544804096,-0.010316525585949421,0.019316259771585464,-0.015294618904590607,34.00429652329126,-6.229958772331649,15.8887280910211,-1.4754097355558429,0.2815200686454773,0.2563965003937483,0.48960381746292114,0.4100848436355591,0.24064667522907257,0.219648078083992,0.2927573621273041,0.26649971678853035,30.3219233260145,-13.144833904623496,15.285358568789654,-3.3096400302543323
Shoplifting,delta_alignment_auc,1,Shoplifting017_x264,Shoplifting,448,60,0.9147397875785828,0.9852215647697449,0.9819477200508118,0.9043468832969666,97.14776632302404,86.23611111111111,0.9795833230018616,0.9899181127548218,0.9851066470146179,0.9787291884422302,71.58075601374571,26.846153846153847,0.9247632026672363,0.010023415088653564,0.9536633491516113,-0.031558215618133545,0.9486461877822876,-0.03330153226852417,0.9210700392723083,0.016723155975341797,79.00343642611683,-18.14432989690721,29.416666666666668,-56.81944444444444,0.9867158532142639,0.007132530212402344,0.9936550855636597,0.0037369728088378906,0.9819108247756958,-0.003195822238922119,0.9874590039253235,0.008729815483093262,7.250859106529206,-64.32989690721651,9.138857921466617,-17.70729592468723
Shoplifting,delta_alignment_auc,2,Shoplifting010_x264,Shoplifting,2736,590,0.03173794597387314,0.20464679598808289,0.021288270130753517,0.03461087867617607,40.23425529562291,17.364137826576943,0.02512356825172901,0.07951897382736206,0.020998597145080566,0.026257645338773727,43.466757230637995,18.594998599043986,0.01751682162284851,-0.014221124351024628,0.14040698111057281,-0.06423981487751007,0.010971744544804096,-0.010316525585949421,0.019316259771585464,-0.015294618904590607,34.00429652329126,-6.229958772331649,15.8887280910211,-1.4754097355558429,0.2815200686454773,0.2563965003937483,0.48960381746292114,0.4100848436355591,0.24064667522907257,0.219648078083992,0.2927573621273041,0.26649971678853035,30.3219233260145,-13.144833904623496,15.285358568789654,-3.3096400302543323
Shoplifting,delta_alignment_auc,3,Shoplifting007_x264,Shoplifting,5120,500,0.8175856471061707,0.9984691739082336,0.9585680365562439,0.8023278117179871,56.78787878787879,10.680395345482527,0.986862301826477,0.9978458285331726,0.9944190382957458,0.9860443472862244,72.25316017316018,15.18431255378682,0.7201763391494751,-0.09740930795669556,0.9848858714103699,-0.01358330249786377,0.8557407855987549,-0.10282725095748901,0.7055047750473022,-0.09682303667068481,58.709264069264066,1.9213852813852768,10.834499983467863,0.1541046379853359,0.9140174984931946,-0.07284480333328247,0.9666486978530884,-0.03119713068008423,0.9326097369194031,-0.06180930137634277,0.9120053648948669,-0.07403898239135742,61.97298701298701,-10.28017316017317,16.615898263332298,1.4315857095454785
Shoplifting,delta_alignment_auc,4,Shoplifting049_x264,Shoplifting,2144,330,0.960145890712738,0.9964122176170349,0.9277225136756897,0.9660441875457764,16.81166683371755,9.440550969254765,0.9970570802688599,0.9988831281661987,0.9943914413452148,0.9975419044494629,3.3941398549998323,8.61009780742541,0.7515574097633362,-0.20858848094940186,0.9745234251022339,-0.021888792514801025,0.41283878684043884,-0.5148837268352509,0.8131766319274902,-0.15286755561828613,0.12796097691356784,-16.683705856803982,8.489309927545674,-0.9512410417090909,0.9786527156829834,-0.018404364585876465,0.9940834641456604,-0.00479966402053833,0.9579474925994873,-0.03644394874572754,0.9824193120002747,-0.015122592449188232,3.7255688082589957,0.33142895325916344,8.602017159238546,-0.008080648186863826
Shoplifting,delta_alignment_auc,5,Shoplifting029_x264,Shoplifting,2176,450,0.46686244010925293,0.9634280204772949,0.9133870005607605,0.3504452705383301,92.3020471224411,68.87088141286424,0.6113755702972412,0.9245925545692444,0.8933303356170654,0.5378646850585938,94.71636410454487,73.06455371973519,0.3980545997619629,-0.06880784034729004,0.9794915914535522,0.016063570976257324,0.9316847324371338,0.01829773187637329,0.2589274048805237,-0.0915178656578064,96.06360242049698,3.7615552980558817,82.76821340843429,13.897331995570056,0.43717435002326965,-0.17420122027397156,0.8543335795402527,-0.0702589750289917,0.7792064547538757,-0.1141238808631897,0.34800031781196594,-0.1898643672466278,95.74224282219646,1.0258787176515938,81.79608877921764,8.731535059482454
Shoplifting,delta_classifier_positive_mean,1,Shoplifting049_x264,Shoplifting,2144,330,0.960145890712738,0.9964122176170349,0.9277225136756897,0.9660441875457764,16.81166683371755,9.440550969254765,0.9970570802688599,0.9988831281661987,0.9943914413452148,0.9975419044494629,3.3941398549998323,8.61009780742541,0.7515574097633362,-0.20858848094940186,0.9745234251022339,-0.021888792514801025,0.41283878684043884,-0.5148837268352509,0.8131766319274902,-0.15286755561828613,0.12796097691356784,-16.683705856803982,8.489309927545674,-0.9512410417090909,0.9786527156829834,-0.018404364585876465,0.9940834641456604,-0.00479966402053833,0.9579474925994873,-0.03644394874572754,0.9824193120002747,-0.015122592449188232,3.7255688082589957,0.33142895325916344,8.602017159238546,-0.008080648186863826
Shoplifting,delta_classifier_positive_mean,2,Shoplifting016_x264,Shoplifting,1472,90,0.6580471992492676,0.9368927478790283,0.7727301716804504,0.6505787372589111,66.19552982794661,9.548695525779708,0.9567623734474182,0.9797725081443787,0.9736714959144592,0.9556612968444824,73.83662968322882,11.928780284043441,0.19263653457164764,-0.46541066467761993,0.9534435272216797,0.016550779342651367,0.332689106464386,-0.44004106521606445,0.18351587653160095,-0.4670628607273102,85.28541566168194,19.089885833735323,20.169138114033313,10.620442588253605,0.8744010925292969,-0.08236128091812134,0.9443477392196655,-0.035424768924713135,0.927973747253418,-0.04569774866104126,0.8709123134613037,-0.08474898338317871,92.18041485769416,18.34378517446534,31.051169962934672,19.12238967889123
Shoplifting,delta_classifier_positive_mean,3,Shoplifting015_x264,Shoplifting,2256,150,0.38923993706703186,0.7292248010635376,0.3935851454734802,0.38893043994903564,50.94207027540361,6.971339858897885,0.4481220841407776,0.7914173603057861,0.3613814413547516,0.4543001651763916,33.86324786324786,5.298227987710118,0.11230823397636414,-0.2769317030906677,0.7423131465911865,0.013088345527648926,0.04034046083688736,-0.35324468463659286,0.11743413656949997,-0.2714963033795357,42.69642291864514,-8.245647356758468,6.026082570932599,-0.9452572879652861,0.45248645544052124,0.004364371299743652,0.9313600659370422,0.1399427056312561,0.42887482047080994,0.06749337911605835,0.4541682004928589,-0.00013196468353271484,47.44729344729345,13.58404558404559,6.688445624569626,1.390217636859508
Shoplifting,delta_classifier_positive_mean,4,Shoplifting044_x264,Shoplifting,14544,180,0.7833876609802246,0.9949668049812317,0.8699579834938049,0.782302737236023,41.206411089452025,1.135231150804418,0.9796584248542786,0.997698187828064,0.981095552444458,0.9796404838562012,32.916550635848886,0.9915009577866267,0.6813567280769348,-0.1020309329032898,0.998101532459259,0.0031347274780273438,0.6492191553115845,-0.22073882818222046,0.6817594766616821,-0.10054326057434082,35.649308456326004,-5.557102633126021,1.036386668065375,-0.0988444827390429,0.9081537127494812,-0.07150471210479736,0.9975625276565552,-0.00013566017150878906,0.9866696000099182,0.005574047565460205,0.9071698188781738,-0.07247066497802734,40.17915158266035,7.262600946811467,1.1018169386449526,0.11031598085832584
Shoplifting,delta_classifier_positive_mean,5,Shoplifting005_x264,Shoplifting,1952,210,0.4413074851036072,0.890461266040802,0.3374907672405243,0.45382267236709595,35.623530698157566,8.505354025058294,0.6531397104263306,0.8470761775970459,0.5944858193397522,0.6602104902267456,35.45732874091084,8.635724971474627,0.07411317527294159,-0.3671943098306656,0.2702139914035797,-0.6202472746372223,0.18807126581668854,-0.14941950142383575,0.0603753961622715,-0.39344727620482445,94.74769012082444,59.12415942266688,84.70805634819631,76.20270232313801,0.19461506605148315,-0.4585246443748474,0.3033367991447449,-0.543739378452301,0.2668526768684387,-0.3276331424713135,0.1859067678451538,-0.4743037223815918,96.16478049313871,60.70745175222787,81.04320586820586,72.40748089673123
Shoplifting,delta_alignment_positive_mean,1,Shoplifting005_x264,Shoplifting,1952,210,0.4413074851036072,0.890461266040802,0.3374907672405243,0.45382267236709595,35.623530698157566,8.505354025058294,0.6531397104263306,0.8470761775970459,0.5944858193397522,0.6602104902267456,35.45732874091084,8.635724971474627,0.07411317527294159,-0.3671943098306656,0.2702139914035797,-0.6202472746372223,0.18807126581668854,-0.14941950142383575,0.0603753961622715,-0.39344727620482445,94.74769012082444,59.12415942266688,84.70805634819631,76.20270232313801,0.19461506605148315,-0.4585246443748474,0.3033367991447449,-0.543739378452301,0.2668526768684387,-0.3276331424713135,0.1859067678451538,-0.4743037223815918,96.16478049313871,60.70745175222787,81.04320586820586,72.40748089673123
Shoplifting,delta_alignment_positive_mean,2,Shoplifting029_x264,Shoplifting,2176,450,0.46686244010925293,0.9634280204772949,0.9133870005607605,0.3504452705383301,92.3020471224411,68.87088141286424,0.6113755702972412,0.9245925545692444,0.8933303356170654,0.5378646850585938,94.71636410454487,73.06455371973519,0.3980545997619629,-0.06880784034729004,0.9794915914535522,0.016063570976257324,0.9316847324371338,0.01829773187637329,0.2589274048805237,-0.0915178656578064,96.06360242049698,3.7615552980558817,82.76821340843429,13.897331995570056,0.43717435002326965,-0.17420122027397156,0.8543335795402527,-0.0702589750289917,0.7792064547538757,-0.1141238808631897,0.34800031781196594,-0.1898643672466278,95.74224282219646,1.0258787176515938,81.79608877921764,8.731535059482454
Shoplifting,delta_alignment_positive_mean,3,Shoplifting007_x264,Shoplifting,5120,500,0.8175856471061707,0.9984691739082336,0.9585680365562439,0.8023278117179871,56.78787878787879,10.680395345482527,0.986862301826477,0.9978458285331726,0.9944190382957458,0.9860443472862244,72.25316017316018,15.18431255378682,0.7201763391494751,-0.09740930795669556,0.9848858714103699,-0.01358330249786377,0.8557407855987549,-0.10282725095748901,0.7055047750473022,-0.09682303667068481,58.709264069264066,1.9213852813852768,10.834499983467863,0.1541046379853359,0.9140174984931946,-0.07284480333328247,0.9666486978530884,-0.03119713068008423,0.9326097369194031,-0.06180930137634277,0.9120053648948669,-0.07403898239135742,61.97298701298701,-10.28017316017317,16.615898263332298,1.4315857095454785
Shoplifting,delta_alignment_positive_mean,4,Shoplifting016_x264,Shoplifting,1472,90,0.6580471992492676,0.9368927478790283,0.7727301716804504,0.6505787372589111,66.19552982794661,9.548695525779708,0.9567623734474182,0.9797725081443787,0.9736714959144592,0.9556612968444824,73.83662968322882,11.928780284043441,0.19263653457164764,-0.46541066467761993,0.9534435272216797,0.016550779342651367,0.332689106464386,-0.44004106521606445,0.18351587653160095,-0.4670628607273102,85.28541566168194,19.089885833735323,20.169138114033313,10.620442588253605,0.8744010925292969,-0.08236128091812134,0.9443477392196655,-0.035424768924713135,0.927973747253418,-0.04569774866104126,0.8709123134613037,-0.08474898338317871,92.18041485769416,18.34378517446534,31.051169962934672,19.12238967889123
Shoplifting,delta_alignment_positive_mean,5,Shoplifting049_x264,Shoplifting,2144,330,0.960145890712738,0.9964122176170349,0.9277225136756897,0.9660441875457764,16.81166683371755,9.440550969254765,0.9970570802688599,0.9988831281661987,0.9943914413452148,0.9975419044494629,3.3941398549998323,8.61009780742541,0.7515574097633362,-0.20858848094940186,0.9745234251022339,-0.021888792514801025,0.41283878684043884,-0.5148837268352509,0.8131766319274902,-0.15286755561828613,0.12796097691356784,-16.683705856803982,8.489309927545674,-0.9512410417090909,0.9786527156829834,-0.018404364585876465,0.9940834641456604,-0.00479966402053833,0.9579474925994873,-0.03644394874572754,0.9824193120002747,-0.015122592449188232,3.7255688082589957,0.33142895325916344,8.602017159238546,-0.008080648186863826
Stealing,delta_classifier_auc,1,Stealing036_x264,Stealing,2496,330,0.48478513956069946,0.9306153655052185,0.8370294570922852,0.43111908435821533,96.26654355186211,64.04410792253287,0.7403317093849182,0.8860145211219788,0.866243302822113,0.7211484909057617,98.49156383782423,81.6850798007631,0.8812936544418335,0.39650851488113403,0.9892426133155823,0.05862724781036377,0.9641512632369995,0.12712180614471436,0.8686699271202087,0.4375508427619934,77.87990710428383,-18.386636447578283,24.820419539029146,-39.22368838350373,0.9707617163658142,0.230430006980896,0.991615355014801,0.10560083389282227,0.990092396736145,0.12384909391403198,0.9678165912628174,0.24666810035705566,98.19608830689164,-0.2954755309325918,88.36141558875237,6.6763357879892595
Stealing,delta_classifier_auc,2,Stealing062_x264,Stealing,1552,690,0.9768028855323792,0.9971867203712463,0.995166540145874,0.9621034860610962,99.94922492350112,99.92613189529267,0.99637770652771,0.9994243383407593,0.9963402152061462,0.9964078664779663,19.887353307105148,31.37931310218749,0.9888784885406494,0.012075603008270264,0.9990323781967163,0.0018456578254699707,0.9975703358650208,0.0024037957191467285,0.9819210171699524,0.0198175311088562,87.91923063990046,-12.029994283600658,74.65977183867835,-25.266360056614317,0.9980981349945068,0.001720428466796875,0.9994140863418579,-1.0251998901367188e-05,0.9992460608482361,0.0029058456420898438,0.9971794486045837,0.0007715821266174316,85.26144120515148,65.37408789804634,72.29287511514192,40.913562012954436
Stealing,delta_classifier_auc,3,Stealing058_x264,Stealing,4976,3090,0.9445491433143616,0.9999969005584717,0.9999619722366333,0.8537614941596985,98.8477523019215,99.2969326993603,0.9789743423461914,0.9996278285980225,0.9993952512741089,0.9455171823501587,98.29975256274301,98.95576548727017,0.9458324909210205,0.0012833476066589355,0.9999990463256836,2.1457672119140625e-06,0.9999857544898987,2.378225326538086e-05,0.8571083545684814,0.003346860408782959,98.31402910905427,-0.5337231928672281,99.06178657348723,-0.23514612587307226,0.9759346842765808,-0.0030396580696105957,0.9997479915618896,0.0001201629638671875,0.9996476173400879,0.0002523660659790039,0.9370835423469543,-0.008433640003204346,98.27174856805554,-0.028003994687466616,98.84108836741942,-0.11467711985075368
Stealing,delta_classifier_auc,4,Stealing079_x264,Stealing,5840,1650,0.8969659805297852,0.9994423985481262,0.9903517365455627,0.8601910471916199,80.53550300137414,52.99064017985469,0.9892528057098389,0.9973735213279724,0.9949586391448975,0.9870060086250305,88.1898604180227,82.18056016275732,0.7179732918739319,-0.17899268865585327,0.9986414313316345,-0.0008009672164916992,0.9668999910354614,-0.02345174551010132,0.6199471950531006,-0.2402438521385193,84.00002892890721,3.4645259275330744,56.34593795855931,3.3552977787046245,0.9943447709083557,0.005091965198516846,0.9995052218437195,0.0021317005157470703,0.9986821413040161,0.0037235021591186523,0.9926368594169617,0.005630850791931152,84.36476459101758,-3.8250958270051285,65.64428909744613,-16.536271065311183
Stealing,delta_classifier_auc,5,Stealing019_x264,Stealing,4896,240,0.7818924188613892,0.9881167411804199,0.9599151611328125,0.7727159857749939,80.2548682703322,15.627935996765085,0.9398738741874695,0.996086835861206,0.9886444211006165,0.9373598694801331,52.59163802978236,14.788176165773073,0.7459287047386169,-0.03596371412277222,0.993230938911438,0.005114197731018066,0.9676485657691956,0.007733404636383057,0.7344998121261597,-0.03821617364883423,90.51260022909509,10.25773195876289,25.27281877984931,9.644882783084224,0.9565721154212952,0.016698241233825684,0.996769905090332,0.0006830692291259766,0.9934600591659546,0.004815638065338135,0.9546706080436707,0.017310738563537598,84.26689576174111,31.67525773195875,18.652811973634805,3.864635807861731
Stealing,delta_alignment_auc,1,Stealing079_x264,Stealing,5840,1650,0.8969659805297852,0.9994423985481262,0.9903517365455627,0.8601910471916199,80.53550300137414,52.99064017985469,0.9892528057098389,0.9973735213279724,0.9949586391448975,0.9870060086250305,88.1898604180227,82.18056016275732,0.7179732918739319,-0.17899268865585327,0.9986414313316345,-0.0008009672164916992,0.9668999910354614,-0.02345174551010132,0.6199471950531006,-0.2402438521385193,84.00002892890721,3.4645259275330744,56.34593795855931,3.3552977787046245,0.9943447709083557,0.005091965198516846,0.9995052218437195,0.0021317005157470703,0.9986821413040161,0.0037235021591186523,0.9926368594169617,0.005630850791931152,84.36476459101758,-3.8250958270051285,65.64428909744613,-16.536271065311183
Stealing,delta_alignment_auc,2,Stealing036_x264,Stealing,2496,330,0.48478513956069946,0.9306153655052185,0.8370294570922852,0.43111908435821533,96.26654355186211,64.04410792253287,0.7403317093849182,0.8860145211219788,0.866243302822113,0.7211484909057617,98.49156383782423,81.6850798007631,0.8812936544418335,0.39650851488113403,0.9892426133155823,0.05862724781036377,0.9641512632369995,0.12712180614471436,0.8686699271202087,0.4375508427619934,77.87990710428383,-18.386636447578283,24.820419539029146,-39.22368838350373,0.9707617163658142,0.230430006980896,0.991615355014801,0.10560083389282227,0.990092396736145,0.12384909391403198,0.9678165912628174,0.24666810035705566,98.19608830689164,-0.2954755309325918,88.36141558875237,6.6763357879892595
Stealing,delta_alignment_auc,3,Stealing058_x264,Stealing,4976,3090,0.9445491433143616,0.9999969005584717,0.9999619722366333,0.8537614941596985,98.8477523019215,99.2969326993603,0.9789743423461914,0.9996278285980225,0.9993952512741089,0.9455171823501587,98.29975256274301,98.95576548727017,0.9458324909210205,0.0012833476066589355,0.9999990463256836,2.1457672119140625e-06,0.9999857544898987,2.378225326538086e-05,0.8571083545684814,0.003346860408782959,98.31402910905427,-0.5337231928672281,99.06178657348723,-0.23514612587307226,0.9759346842765808,-0.0030396580696105957,0.9997479915618896,0.0001201629638671875,0.9996476173400879,0.0002523660659790039,0.9370835423469543,-0.008433640003204346,98.27174856805554,-0.028003994687466616,98.84108836741942,-0.11467711985075368
Stealing,delta_alignment_auc,4,Stealing019_x264,Stealing,4896,240,0.7818924188613892,0.9881167411804199,0.9599151611328125,0.7727159857749939,80.2548682703322,15.627935996765085,0.9398738741874695,0.996086835861206,0.9886444211006165,0.9373598694801331,52.59163802978236,14.788176165773073,0.7459287047386169,-0.03596371412277222,0.993230938911438,0.005114197731018066,0.9676485657691956,0.007733404636383057,0.7344998121261597,-0.03821617364883423,90.51260022909509,10.25773195876289,25.27281877984931,9.644882783084224,0.9565721154212952,0.016698241233825684,0.996769905090332,0.0006830692291259766,0.9934600591659546,0.004815638065338135,0.9546706080436707,0.017310738563537598,84.26689576174111,31.67525773195875,18.652811973634805,3.864635807861731
Stealing,delta_alignment_auc,5,Stealing062_x264,Stealing,1552,690,0.9768028855323792,0.9971867203712463,0.995166540145874,0.9621034860610962,99.94922492350112,99.92613189529267,0.99637770652771,0.9994243383407593,0.9963402152061462,0.9964078664779663,19.887353307105148,31.37931310218749,0.9888784885406494,0.012075603008270264,0.9990323781967163,0.0018456578254699707,0.9975703358650208,0.0024037957191467285,0.9819210171699524,0.0198175311088562,87.91923063990046,-12.029994283600658,74.65977183867835,-25.266360056614317,0.9980981349945068,0.001720428466796875,0.9994140863418579,-1.0251998901367188e-05,0.9992460608482361,0.0029058456420898438,0.9971794486045837,0.0007715821266174316,85.26144120515148,65.37408789804634,72.29287511514192,40.913562012954436
Stealing,delta_classifier_positive_mean,1,Stealing079_x264,Stealing,5840,1650,0.8969659805297852,0.9994423985481262,0.9903517365455627,0.8601910471916199,80.53550300137414,52.99064017985469,0.9892528057098389,0.9973735213279724,0.9949586391448975,0.9870060086250305,88.1898604180227,82.18056016275732,0.7179732918739319,-0.17899268865585327,0.9986414313316345,-0.0008009672164916992,0.9668999910354614,-0.02345174551010132,0.6199471950531006,-0.2402438521385193,84.00002892890721,3.4645259275330744,56.34593795855931,3.3552977787046245,0.9943447709083557,0.005091965198516846,0.9995052218437195,0.0021317005157470703,0.9986821413040161,0.0037235021591186523,0.9926368594169617,0.005630850791931152,84.36476459101758,-3.8250958270051285,65.64428909744613,-16.536271065311183
Stealing,delta_classifier_positive_mean,2,Stealing058_x264,Stealing,4976,3090,0.9445491433143616,0.9999969005584717,0.9999619722366333,0.8537614941596985,98.8477523019215,99.2969326993603,0.9789743423461914,0.9996278285980225,0.9993952512741089,0.9455171823501587,98.29975256274301,98.95576548727017,0.9458324909210205,0.0012833476066589355,0.9999990463256836,2.1457672119140625e-06,0.9999857544898987,2.378225326538086e-05,0.8571083545684814,0.003346860408782959,98.31402910905427,-0.5337231928672281,99.06178657348723,-0.23514612587307226,0.9759346842765808,-0.0030396580696105957,0.9997479915618896,0.0001201629638671875,0.9996476173400879,0.0002523660659790039,0.9370835423469543,-0.008433640003204346,98.27174856805554,-0.028003994687466616,98.84108836741942,-0.11467711985075368
Stealing,delta_classifier_positive_mean,3,Stealing062_x264,Stealing,1552,690,0.9768028855323792,0.9971867203712463,0.995166540145874,0.9621034860610962,99.94922492350112,99.92613189529267,0.99637770652771,0.9994243383407593,0.9963402152061462,0.9964078664779663,19.887353307105148,31.37931310218749,0.9888784885406494,0.012075603008270264,0.9990323781967163,0.0018456578254699707,0.9975703358650208,0.0024037957191467285,0.9819210171699524,0.0198175311088562,87.91923063990046,-12.029994283600658,74.65977183867835,-25.266360056614317,0.9980981349945068,0.001720428466796875,0.9994140863418579,-1.0251998901367188e-05,0.9992460608482361,0.0029058456420898438,0.9971794486045837,0.0007715821266174316,85.26144120515148,65.37408789804634,72.29287511514192,40.913562012954436
Stealing,delta_classifier_positive_mean,4,Stealing019_x264,Stealing,4896,240,0.7818924188613892,0.9881167411804199,0.9599151611328125,0.7727159857749939,80.2548682703322,15.627935996765085,0.9398738741874695,0.996086835861206,0.9886444211006165,0.9373598694801331,52.59163802978236,14.788176165773073,0.7459287047386169,-0.03596371412277222,0.993230938911438,0.005114197731018066,0.9676485657691956,0.007733404636383057,0.7344998121261597,-0.03821617364883423,90.51260022909509,10.25773195876289,25.27281877984931,9.644882783084224,0.9565721154212952,0.016698241233825684,0.996769905090332,0.0006830692291259766,0.9934600591659546,0.004815638065338135,0.9546706080436707,0.017310738563537598,84.26689576174111,31.67525773195875,18.652811973634805,3.864635807861731
Stealing,delta_classifier_positive_mean,5,Stealing036_x264,Stealing,2496,330,0.48478513956069946,0.9306153655052185,0.8370294570922852,0.43111908435821533,96.26654355186211,64.04410792253287,0.7403317093849182,0.8860145211219788,0.866243302822113,0.7211484909057617,98.49156383782423,81.6850798007631,0.8812936544418335,0.39650851488113403,0.9892426133155823,0.05862724781036377,0.9641512632369995,0.12712180614471436,0.8686699271202087,0.4375508427619934,77.87990710428383,-18.386636447578283,24.820419539029146,-39.22368838350373,0.9707617163658142,0.230430006980896,0.991615355014801,0.10560083389282227,0.990092396736145,0.12384909391403198,0.9678165912628174,0.24666810035705566,98.19608830689164,-0.2954755309325918,88.36141558875237,6.6763357879892595
Stealing,delta_alignment_positive_mean,1,Stealing058_x264,Stealing,4976,3090,0.9445491433143616,0.9999969005584717,0.9999619722366333,0.8537614941596985,98.8477523019215,99.2969326993603,0.9789743423461914,0.9996278285980225,0.9993952512741089,0.9455171823501587,98.29975256274301,98.95576548727017,0.9458324909210205,0.0012833476066589355,0.9999990463256836,2.1457672119140625e-06,0.9999857544898987,2.378225326538086e-05,0.8571083545684814,0.003346860408782959,98.31402910905427,-0.5337231928672281,99.06178657348723,-0.23514612587307226,0.9759346842765808,-0.0030396580696105957,0.9997479915618896,0.0001201629638671875,0.9996476173400879,0.0002523660659790039,0.9370835423469543,-0.008433640003204346,98.27174856805554,-0.028003994687466616,98.84108836741942,-0.11467711985075368
Stealing,delta_alignment_positive_mean,2,Stealing062_x264,Stealing,1552,690,0.9768028855323792,0.9971867203712463,0.995166540145874,0.9621034860610962,99.94922492350112,99.92613189529267,0.99637770652771,0.9994243383407593,0.9963402152061462,0.9964078664779663,19.887353307105148,31.37931310218749,0.9888784885406494,0.012075603008270264,0.9990323781967163,0.0018456578254699707,0.9975703358650208,0.0024037957191467285,0.9819210171699524,0.0198175311088562,87.91923063990046,-12.029994283600658,74.65977183867835,-25.266360056614317,0.9980981349945068,0.001720428466796875,0.9994140863418579,-1.0251998901367188e-05,0.9992460608482361,0.0029058456420898438,0.9971794486045837,0.0007715821266174316,85.26144120515148,65.37408789804634,72.29287511514192,40.913562012954436
Stealing,delta_alignment_positive_mean,3,Stealing079_x264,Stealing,5840,1650,0.8969659805297852,0.9994423985481262,0.9903517365455627,0.8601910471916199,80.53550300137414,52.99064017985469,0.9892528057098389,0.9973735213279724,0.9949586391448975,0.9870060086250305,88.1898604180227,82.18056016275732,0.7179732918739319,-0.17899268865585327,0.9986414313316345,-0.0008009672164916992,0.9668999910354614,-0.02345174551010132,0.6199471950531006,-0.2402438521385193,84.00002892890721,3.4645259275330744,56.34593795855931,3.3552977787046245,0.9943447709083557,0.005091965198516846,0.9995052218437195,0.0021317005157470703,0.9986821413040161,0.0037235021591186523,0.9926368594169617,0.005630850791931152,84.36476459101758,-3.8250958270051285,65.64428909744613,-16.536271065311183
Stealing,delta_alignment_positive_mean,4,Stealing019_x264,Stealing,4896,240,0.7818924188613892,0.9881167411804199,0.9599151611328125,0.7727159857749939,80.2548682703322,15.627935996765085,0.9398738741874695,0.996086835861206,0.9886444211006165,0.9373598694801331,52.59163802978236,14.788176165773073,0.7459287047386169,-0.03596371412277222,0.993230938911438,0.005114197731018066,0.9676485657691956,0.007733404636383057,0.7344998121261597,-0.03821617364883423,90.51260022909509,10.25773195876289,25.27281877984931,9.644882783084224,0.9565721154212952,0.016698241233825684,0.996769905090332,0.0006830692291259766,0.9934600591659546,0.004815638065338135,0.9546706080436707,0.017310738563537598,84.26689576174111,31.67525773195875,18.652811973634805,3.864635807861731
Stealing,delta_alignment_positive_mean,5,Stealing036_x264,Stealing,2496,330,0.48478513956069946,0.9306153655052185,0.8370294570922852,0.43111908435821533,96.26654355186211,64.04410792253287,0.7403317093849182,0.8860145211219788,0.866243302822113,0.7211484909057617,98.49156383782423,81.6850798007631,0.8812936544418335,0.39650851488113403,0.9892426133155823,0.05862724781036377,0.9641512632369995,0.12712180614471436,0.8686699271202087,0.4375508427619934,77.87990710428383,-18.386636447578283,24.820419539029146,-39.22368838350373,0.9707617163658142,0.230430006980896,0.991615355014801,0.10560083389282227,0.990092396736145,0.12384909391403198,0.9678165912628174,0.24666810035705566,98.19608830689164,-0.2954755309325918,88.36141558875237,6.6763357879892595
Vandalism,delta_classifier_auc,1,Vandalism036_x264,Vandalism,1440,330,0.9980108737945557,0.9998557567596436,0.999666154384613,0.99751877784729,82.5984165984166,57.258205950105335,0.995774507522583,0.9982473850250244,0.9971073865890503,0.9953780174255371,84.86104286104286,68.83652951411278,0.9520329833030701,-0.045977890491485596,0.9917129278182983,-0.008142828941345215,0.9665860533714294,-0.033080101013183594,0.9477065205574036,-0.049812257289886475,63.27436527436527,-19.324051324051332,43.32524013318331,-13.932965816922028,0.9900351762771606,-0.005739331245422363,0.9956081509590149,-0.0026392340660095215,0.9932835698127747,-0.0038238167762756348,0.989069402217865,-0.006308615207672119,75.43488943488944,-9.42615342615342,63.803082317528336,-5.033447196584447
Vandalism,delta_classifier_auc,2,Vandalism017_x264,Vandalism,1008,120,0.9990658164024353,0.9999685287475586,0.9999582767486572,0.9989452362060547,85.64564564564564,50.3084505541347,0.998262345790863,0.998886227607727,0.9987480044364929,0.9981967210769653,94.83483483483484,73.72751322751321,0.9974927306175232,-0.0015730857849121094,0.9999204874038696,-4.8041343688964844e-05,0.9998406767845154,-0.0001175999641418457,0.997175395488739,-0.0017698407173156738,80.0,-5.645645645645644,28.140029844853213,-22.168420709281488,0.9979320168495178,-0.00033032894134521484,0.9989427924156189,5.65648078918457e-05,0.9987030625343323,-4.494190216064453e-05,0.9978278875350952,-0.0003688335418701172,81.0810810810811,-13.753753753753742,27.882327877732287,-45.84518534978093
Vandalism,delta_classifier_auc,3,Vandalism015_x264,Vandalism,2976,690,0.9840109348297119,0.9993346333503723,0.9983965158462524,0.9796688556671143,99.28702752735619,97.9011774720896,0.9960429072380066,0.9982289671897888,0.9973437190055847,0.9956501126289368,94.01435327830397,68.72910316963315,0.9563620090484619,-0.02764892578125,0.9987549781799316,-0.0005796551704406738,0.9957965612411499,-0.002599954605102539,0.9444591999053955,-0.03520965576171875,97.71070282881307,-1.576324698543118,85.25270868133057,-12.648468790759026,0.9823177456855774,-0.0137251615524292,0.9992473721504211,0.0010184049606323242,0.993352472782135,-0.003991246223449707,0.9789870381355286,-0.016663074493408203,93.30023964395755,-0.7141136343464183,67.73450700978648,-0.9945961598466653
Vandalism,delta_classifier_auc,4,Vandalism028_x264,Vandalism,4480,420,0.8682906031608582,0.9913813471794128,0.9556661248207092,0.8592516779899597,87.81749941355852,55.70923985579302,0.9788314700126648,0.9938700199127197,0.9876819252967834,0.9779158234596252,64.38986629134413,38.21983698069512,0.939254641532898,0.0709640383720398,0.99349445104599,0.0021131038665771484,0.983506441116333,0.02784031629562378,0.9346768856048584,0.07542520761489868,94.82852451325358,7.011025099695061,67.64987490887157,11.940635053078545,0.990296483039856,0.011465013027191162,0.9971567392349243,0.00328671932220459,0.9935874342918396,0.005905508995056152,0.9899560809135437,0.012040257453918457,63.45906638517476,-0.9307999061693764,28.555695752741357,-9.664141227953763
Vandalism,delta_classifier_auc,5,Vandalism007_x264,Vandalism,1136,510,0.9358597993850708,0.9959834814071655,0.9418294429779053,0.9309963583946228,63.71170832550273,68.24150890661662,0.9924126267433167,0.9968969225883484,0.9946610331535339,0.9905809164047241,60.754870638351186,46.961837222905054,0.9792466759681702,0.043386876583099365,0.9997859597206116,0.003802478313446045,0.9971738457679749,0.05534440279006958,0.9646413326263428,0.03364497423171997,85.89300256843951,22.181294242936787,83.31255144901436,15.071042542397748,0.9955618381500244,0.0031492114067077637,0.9989044666290283,0.0020075440406799316,0.9978987574577332,0.0032377243041992188,0.9936578273773193,0.003076910972595215,57.15654952076677,-3.598321117584419,45.23655148448273,-1.725285738422322
Vandalism,delta_alignment_auc,1,Vandalism017_x264,Vandalism,1008,120,0.9990658164024353,0.9999685287475586,0.9999582767486572,0.9989452362060547,85.64564564564564,50.3084505541347,0.998262345790863,0.998886227607727,0.9987480044364929,0.9981967210769653,94.83483483483484,73.72751322751321,0.9974927306175232,-0.0015730857849121094,0.9999204874038696,-4.8041343688964844e-05,0.9998406767845154,-0.0001175999641418457,0.997175395488739,-0.0017698407173156738,80.0,-5.645645645645644,28.140029844853213,-22.168420709281488,0.9979320168495178,-0.00033032894134521484,0.9989427924156189,5.65648078918457e-05,0.9987030625343323,-4.494190216064453e-05,0.9978278875350952,-0.0003688335418701172,81.0810810810811,-13.753753753753742,27.882327877732287,-45.84518534978093
Vandalism,delta_alignment_auc,2,Vandalism036_x264,Vandalism,1440,330,0.9980108737945557,0.9998557567596436,0.999666154384613,0.99751877784729,82.5984165984166,57.258205950105335,0.995774507522583,0.9982473850250244,0.9971073865890503,0.9953780174255371,84.86104286104286,68.83652951411278,0.9520329833030701,-0.045977890491485596,0.9917129278182983,-0.008142828941345215,0.9665860533714294,-0.033080101013183594,0.9477065205574036,-0.049812257289886475,63.27436527436527,-19.324051324051332,43.32524013318331,-13.932965816922028,0.9900351762771606,-0.005739331245422363,0.9956081509590149,-0.0026392340660095215,0.9932835698127747,-0.0038238167762756348,0.989069402217865,-0.006308615207672119,75.43488943488944,-9.42615342615342,63.803082317528336,-5.033447196584447
Vandalism,delta_alignment_auc,3,Vandalism007_x264,Vandalism,1136,510,0.9358597993850708,0.9959834814071655,0.9418294429779053,0.9309963583946228,63.71170832550273,68.24150890661662,0.9924126267433167,0.9968969225883484,0.9946610331535339,0.9905809164047241,60.754870638351186,46.961837222905054,0.9792466759681702,0.043386876583099365,0.9997859597206116,0.003802478313446045,0.9971738457679749,0.05534440279006958,0.9646413326263428,0.03364497423171997,85.89300256843951,22.181294242936787,83.31255144901436,15.071042542397748,0.9955618381500244,0.0031492114067077637,0.9989044666290283,0.0020075440406799316,0.9978987574577332,0.0032377243041992188,0.9936578273773193,0.003076910972595215,57.15654952076677,-3.598321117584419,45.23655148448273,-1.725285738422322
Vandalism,delta_alignment_auc,4,Vandalism028_x264,Vandalism,4480,420,0.8682906031608582,0.9913813471794128,0.9556661248207092,0.8592516779899597,87.81749941355852,55.70923985579302,0.9788314700126648,0.9938700199127197,0.9876819252967834,0.9779158234596252,64.38986629134413,38.21983698069512,0.939254641532898,0.0709640383720398,0.99349445104599,0.0021131038665771484,0.983506441116333,0.02784031629562378,0.9346768856048584,0.07542520761489868,94.82852451325358,7.011025099695061,67.64987490887157,11.940635053078545,0.990296483039856,0.011465013027191162,0.9971567392349243,0.00328671932220459,0.9935874342918396,0.005905508995056152,0.9899560809135437,0.012040257453918457,63.45906638517476,-0.9307999061693764,28.555695752741357,-9.664141227953763
Vandalism,delta_alignment_auc,5,Vandalism015_x264,Vandalism,2976,690,0.9840109348297119,0.9993346333503723,0.9983965158462524,0.9796688556671143,99.28702752735619,97.9011774720896,0.9960429072380066,0.9982289671897888,0.9973437190055847,0.9956501126289368,94.01435327830397,68.72910316963315,0.9563620090484619,-0.02764892578125,0.9987549781799316,-0.0005796551704406738,0.9957965612411499,-0.002599954605102539,0.9444591999053955,-0.03520965576171875,97.71070282881307,-1.576324698543118,85.25270868133057,-12.648468790759026,0.9823177456855774,-0.0137251615524292,0.9992473721504211,0.0010184049606323242,0.993352472782135,-0.003991246223449707,0.9789870381355286,-0.016663074493408203,93.30023964395755,-0.7141136343464183,67.73450700978648,-0.9945961598466653
Vandalism,delta_classifier_positive_mean,1,Vandalism036_x264,Vandalism,1440,330,0.9980108737945557,0.9998557567596436,0.999666154384613,0.99751877784729,82.5984165984166,57.258205950105335,0.995774507522583,0.9982473850250244,0.9971073865890503,0.9953780174255371,84.86104286104286,68.83652951411278,0.9520329833030701,-0.045977890491485596,0.9917129278182983,-0.008142828941345215,0.9665860533714294,-0.033080101013183594,0.9477065205574036,-0.049812257289886475,63.27436527436527,-19.324051324051332,43.32524013318331,-13.932965816922028,0.9900351762771606,-0.005739331245422363,0.9956081509590149,-0.0026392340660095215,0.9932835698127747,-0.0038238167762756348,0.989069402217865,-0.006308615207672119,75.43488943488944,-9.42615342615342,63.803082317528336,-5.033447196584447
Vandalism,delta_classifier_positive_mean,2,Vandalism015_x264,Vandalism,2976,690,0.9840109348297119,0.9993346333503723,0.9983965158462524,0.9796688556671143,99.28702752735619,97.9011774720896,0.9960429072380066,0.9982289671897888,0.9973437190055847,0.9956501126289368,94.01435327830397,68.72910316963315,0.9563620090484619,-0.02764892578125,0.9987549781799316,-0.0005796551704406738,0.9957965612411499,-0.002599954605102539,0.9444591999053955,-0.03520965576171875,97.71070282881307,-1.576324698543118,85.25270868133057,-12.648468790759026,0.9823177456855774,-0.0137251615524292,0.9992473721504211,0.0010184049606323242,0.993352472782135,-0.003991246223449707,0.9789870381355286,-0.016663074493408203,93.30023964395755,-0.7141136343464183,67.73450700978648,-0.9945961598466653
Vandalism,delta_classifier_positive_mean,3,Vandalism017_x264,Vandalism,1008,120,0.9990658164024353,0.9999685287475586,0.9999582767486572,0.9989452362060547,85.64564564564564,50.3084505541347,0.998262345790863,0.998886227607727,0.9987480044364929,0.9981967210769653,94.83483483483484,73.72751322751321,0.9974927306175232,-0.0015730857849121094,0.9999204874038696,-4.8041343688964844e-05,0.9998406767845154,-0.0001175999641418457,0.997175395488739,-0.0017698407173156738,80.0,-5.645645645645644,28.140029844853213,-22.168420709281488,0.9979320168495178,-0.00033032894134521484,0.9989427924156189,5.65648078918457e-05,0.9987030625343323,-4.494190216064453e-05,0.9978278875350952,-0.0003688335418701172,81.0810810810811,-13.753753753753742,27.882327877732287,-45.84518534978093
Vandalism,delta_classifier_positive_mean,4,Vandalism028_x264,Vandalism,4480,420,0.8682906031608582,0.9913813471794128,0.9556661248207092,0.8592516779899597,87.81749941355852,55.70923985579302,0.9788314700126648,0.9938700199127197,0.9876819252967834,0.9779158234596252,64.38986629134413,38.21983698069512,0.939254641532898,0.0709640383720398,0.99349445104599,0.0021131038665771484,0.983506441116333,0.02784031629562378,0.9346768856048584,0.07542520761489868,94.82852451325358,7.011025099695061,67.64987490887157,11.940635053078545,0.990296483039856,0.011465013027191162,0.9971567392349243,0.00328671932220459,0.9935874342918396,0.005905508995056152,0.9899560809135437,0.012040257453918457,63.45906638517476,-0.9307999061693764,28.555695752741357,-9.664141227953763
Vandalism,delta_classifier_positive_mean,5,Vandalism007_x264,Vandalism,1136,510,0.9358597993850708,0.9959834814071655,0.9418294429779053,0.9309963583946228,63.71170832550273,68.24150890661662,0.9924126267433167,0.9968969225883484,0.9946610331535339,0.9905809164047241,60.754870638351186,46.961837222905054,0.9792466759681702,0.043386876583099365,0.9997859597206116,0.003802478313446045,0.9971738457679749,0.05534440279006958,0.9646413326263428,0.03364497423171997,85.89300256843951,22.181294242936787,83.31255144901436,15.071042542397748,0.9955618381500244,0.0031492114067077637,0.9989044666290283,0.0020075440406799316,0.9978987574577332,0.0032377243041992188,0.9936578273773193,0.003076910972595215,57.15654952076677,-3.598321117584419,45.23655148448273,-1.725285738422322
Vandalism,delta_alignment_positive_mean,1,Vandalism015_x264,Vandalism,2976,690,0.9840109348297119,0.9993346333503723,0.9983965158462524,0.9796688556671143,99.28702752735619,97.9011774720896,0.9960429072380066,0.9982289671897888,0.9973437190055847,0.9956501126289368,94.01435327830397,68.72910316963315,0.9563620090484619,-0.02764892578125,0.9987549781799316,-0.0005796551704406738,0.9957965612411499,-0.002599954605102539,0.9444591999053955,-0.03520965576171875,97.71070282881307,-1.576324698543118,85.25270868133057,-12.648468790759026,0.9823177456855774,-0.0137251615524292,0.9992473721504211,0.0010184049606323242,0.993352472782135,-0.003991246223449707,0.9789870381355286,-0.016663074493408203,93.30023964395755,-0.7141136343464183,67.73450700978648,-0.9945961598466653
Vandalism,delta_alignment_positive_mean,2,Vandalism036_x264,Vandalism,1440,330,0.9980108737945557,0.9998557567596436,0.999666154384613,0.99751877784729,82.5984165984166,57.258205950105335,0.995774507522583,0.9982473850250244,0.9971073865890503,0.9953780174255371,84.86104286104286,68.83652951411278,0.9520329833030701,-0.045977890491485596,0.9917129278182983,-0.008142828941345215,0.9665860533714294,-0.033080101013183594,0.9477065205574036,-0.049812257289886475,63.27436527436527,-19.324051324051332,43.32524013318331,-13.932965816922028,0.9900351762771606,-0.005739331245422363,0.9956081509590149,-0.0026392340660095215,0.9932835698127747,-0.0038238167762756348,0.989069402217865,-0.006308615207672119,75.43488943488944,-9.42615342615342,63.803082317528336,-5.033447196584447
Vandalism,delta_alignment_positive_mean,3,Vandalism017_x264,Vandalism,1008,120,0.9990658164024353,0.9999685287475586,0.9999582767486572,0.9989452362060547,85.64564564564564,50.3084505541347,0.998262345790863,0.998886227607727,0.9987480044364929,0.9981967210769653,94.83483483483484,73.72751322751321,0.9974927306175232,-0.0015730857849121094,0.9999204874038696,-4.8041343688964844e-05,0.9998406767845154,-0.0001175999641418457,0.997175395488739,-0.0017698407173156738,80.0,-5.645645645645644,28.140029844853213,-22.168420709281488,0.9979320168495178,-0.00033032894134521484,0.9989427924156189,5.65648078918457e-05,0.9987030625343323,-4.494190216064453e-05,0.9978278875350952,-0.0003688335418701172,81.0810810810811,-13.753753753753742,27.882327877732287,-45.84518534978093
Vandalism,delta_alignment_positive_mean,4,Vandalism007_x264,Vandalism,1136,510,0.9358597993850708,0.9959834814071655,0.9418294429779053,0.9309963583946228,63.71170832550273,68.24150890661662,0.9924126267433167,0.9968969225883484,0.9946610331535339,0.9905809164047241,60.754870638351186,46.961837222905054,0.9792466759681702,0.043386876583099365,0.9997859597206116,0.003802478313446045,0.9971738457679749,0.05534440279006958,0.9646413326263428,0.03364497423171997,85.89300256843951,22.181294242936787,83.31255144901436,15.071042542397748,0.9955618381500244,0.0031492114067077637,0.9989044666290283,0.0020075440406799316,0.9978987574577332,0.0032377243041992188,0.9936578273773193,0.003076910972595215,57.15654952076677,-3.598321117584419,45.23655148448273,-1.725285738422322
Vandalism,delta_alignment_positive_mean,5,Vandalism028_x264,Vandalism,4480,420,0.8682906031608582,0.9913813471794128,0.9556661248207092,0.8592516779899597,87.81749941355852,55.70923985579302,0.9788314700126648,0.9938700199127197,0.9876819252967834,0.9779158234596252,64.38986629134413,38.21983698069512,0.939254641532898,0.0709640383720398,0.99349445104599,0.0021131038665771484,0.983506441116333,0.02784031629562378,0.9346768856048584,0.07542520761489868,94.82852451325358,7.011025099695061,67.64987490887157,11.940635053078545,0.990296483039856,0.011465013027191162,0.9971567392349243,0.00328671932220459,0.9935874342918396,0.005905508995056152,0.9899560809135437,0.012040257453918457,63.45906638517476,-0.9307999061693764,28.555695752741357,-9.664141227953763
