eval_video_label,prompt_class_name,prompt_class_index,prompt_index,prompt_text,auc,ap,positive_mean,negative_mean,margin
Abuse,Normal,0,0,a normal street scene with pedestrians walking calmly,55.0323275862069,6.119970944300304,0.06521769613027573,0.07267879694700241,-0.007461100816726685
Abuse,Normal,0,1,people standing and talking without aggressive movement,49.74497126436781,5.5603587834661194,0.08066372573375702,0.1419094353914261,-0.06124570965766907
Abuse,Normal,0,2,vehicles moving through traffic in an ordinary way,48.832614942528735,5.439181984440271,0.023356985300779343,0.035102713853120804,-0.011745728552341461
Abuse,Normal,0,3,shoppers browsing shelves and carrying bags normally,52.44971264367816,5.948037772787005,0.03791341185569763,0.08428274840116501,-0.04636933654546738
Abuse,Normal,0,4,workers calmly performing tasks around counters and equipment,29.260057471264368,4.054273475239535,0.04293766990303993,0.06373126804828644,-0.020793598145246506
Abuse,Normal,0,5,pedestrians crossing a walkway with regular spacing,47.28807471264368,5.419958740157368,0.09019100666046143,0.10075323283672333,-0.010562226176261902
Abuse,Normal,0,6,people entering and exiting buildings in a routine manner,34.055316091954026,4.2724825269279965,0.05965667963027954,0.0803602784872055,-0.020703598856925964
Abuse,Normal,0,7,a public area with ordinary walking and waiting,36.0955459770115,4.482009147247638,0.052824608981609344,0.07358355820178986,-0.02075894922018051
Abuse,Normal,0,8,people interacting casually without panic or force,51.64152298850575,5.942644096095254,0.1712116003036499,0.269199401140213,-0.09798780083656311
Abuse,Normal,0,9,an orderly scene with predictable everyday human activity,38.5919540229885,4.5705197983831765,0.036048468202352524,0.05417311191558838,-0.018124643713235855
Abuse,Abuse,1,0,a surveillance frame of an aggressor striking a vulnerable victim,53.26508620689655,6.347719706100044,0.7398484349250793,0.6796829104423523,0.06016552448272705
Abuse,Abuse,1,1,a person forcefully pushing a helpless victim against furniture,49.515086206896555,5.78471290083931,0.7874088287353516,0.7486891746520996,0.03871965408325195
Abuse,Abuse,1,2,a violent person grabbing and controlling a weaker victim,50.150862068965516,5.741931303809639,0.6475362777709961,0.6123116612434387,0.03522461652755737
Abuse,Abuse,1,3,a victim shielding their body during repeated physical mistreatment,61.55890804597701,8.667637990416516,0.23790927231311798,0.20532850921154022,0.03258076310157776
Abuse,Abuse,1,4,an attacker cornering someone and delivering forceful hits,50.59985632183908,6.070575450602705,0.5407443046569824,0.5352829694747925,0.005461335182189941
Abuse,Abuse,1,5,a person dragging a resisting victim across the floor,55.8117816091954,6.7090148155149105,0.6091632843017578,0.5391072034835815,0.07005608081817627
Abuse,Abuse,1,6,a vulnerable person recoiling from sustained aggressive body contact,50.13290229885057,5.989820576585804,0.5754234790802002,0.5406806468963623,0.03474283218383789
Abuse,Abuse,1,7,a stronger aggressor overpowering a weaker person indoors,49.75933908045977,5.756690698620953,0.8901304006576538,0.832733690738678,0.05739670991897583
Abuse,Abuse,1,8,a victim collapsing after repeated blows from another person,51.918103448275865,6.3581248508578145,0.5952028036117554,0.5549270510673523,0.040275752544403076
Abuse,Abuse,1,9,a hostile person restraining and hurting a defenseless target,51.285919540229884,6.256221532137228,0.5623515844345093,0.550152599811554,0.012198984622955322
Abuse,Arrest,2,0,a surveillance frame of police restraining a suspect,55.73994252873563,6.151354580499861,0.08169905841350555,0.10556556284427643,-0.023866504430770874
Abuse,Arrest,2,1,officers handcuffing a detained person with controlled posture,52.60057471264368,6.254114892579099,0.20090191066265106,0.20231707394123077,-0.001415163278579712
Abuse,Arrest,2,2,police surrounding a suspect and directing surrender,42.521551724137936,4.977455207093505,0.016478564590215683,0.02604440413415432,-0.009565839543938637
Abuse,Arrest,2,3,uniformed officers escorting a suspect toward a patrol car,57.751436781609186,6.516095715994985,0.09664247184991837,0.1239442527294159,-0.027301780879497528
Abuse,Arrest,2,4,law enforcement pinning a resisting person during detention,42.672413793103445,4.867692500017988,0.13418002426624298,0.17509399354457855,-0.04091396927833557
Abuse,Arrest,2,5,officers searching a suspect after applying physical restraint,53.6889367816092,6.165682820796219,0.07020362466573715,0.09325139224529266,-0.02304776757955551
Abuse,Arrest,2,6,a patrol team blocking a suspect from escaping,52.49281609195402,5.815694111417232,0.060596249997615814,0.0849078968167305,-0.024311646819114685
Abuse,Arrest,2,7,police pulling a suspect's arms behind their back,58.73204022988505,6.619036697575273,0.0670381709933281,0.0852554440498352,-0.01821727305650711
Abuse,Arrest,2,8,a detained person being guided beside police officers,58.45186781609195,6.557056857379854,0.010427737608551979,0.013763965107500553,-0.003336227498948574
Abuse,Arrest,2,9,officers immobilizing a suspect using coordinated restraint,52.29525862068966,6.2009243535366885,0.3429359793663025,0.336775541305542,0.006160438060760498
Abuse,Arson,3,0,a person igniting flammable material near property,55.68247126436782,6.918596553408654,0.2748721241950989,0.2635164260864258,0.011355698108673096
Abuse,Arson,3,1,a suspicious person pouring liquid before visible flames appear,57.571839080459775,7.363046638981591,0.27521491050720215,0.2599521279335022,0.015262782573699951
Abuse,Arson,3,2,a small fire spreading across a vehicle or building surface,46.22126436781609,5.238966408388604,0.6638635396957397,0.6377230882644653,0.026140451431274414
Abuse,Arson,3,3,bright flames emerging after someone approaches a combustible target,48.31537356321839,5.572196213367832,0.6262128949165344,0.6201067566871643,0.006106138229370117
Abuse,Arson,3,4,a person fleeing as a deliberately started fire grows,47.66882183908046,5.77930178106795,0.5026617646217346,0.5124876499176025,-0.00982588529586792
Abuse,Arson,3,5,smoke and flames rising from unattended damaged property,45.76149425287356,5.178847821366286,0.21280327439308167,0.28185513615608215,-0.06905186176300049
Abuse,Arson,3,6,a surveillance frame showing deliberate ignition near a structure,55.02155172413793,6.122017508772164,0.12257543951272964,0.15208415687084198,-0.029508717358112335
Abuse,Arson,3,7,"fire spreading around an entrance, window, or vehicle",46.46192528735632,5.226007261337394,0.7706466913223267,0.7235570549964905,0.04708963632583618
Abuse,Arson,3,8,a person handling a lighter before a sudden flame outbreak,46.099137931034484,5.5537520700738074,0.3881376385688782,0.3849645256996155,0.0031731128692626953
Abuse,Arson,3,9,a property surface burning after a suspicious human action,45.73994252873563,5.192328745589228,0.46780282258987427,0.47910746932029724,-0.011304646730422974
Abuse,Assault,4,0,a person punching another person in a close confrontation,50.45617816091954,5.612299769196609,0.5921176671981812,0.5595011115074158,0.03261655569076538
Abuse,Assault,4,1,an attacker lunging toward a victim with a forceful strike,51.23204022988506,6.231755849780008,0.5668541193008423,0.5739038586616516,-0.007049739360809326
Abuse,Assault,4,2,two people colliding violently during a street confrontation,60.73275862068965,9.295970006105767,0.6816574931144714,0.6028567552566528,0.0788007378578186
Abuse,Assault,4,3,an aggressor kicking a fallen victim on the ground,52.776580459770116,6.59598647148501,0.5553407669067383,0.5230992436408997,0.03224152326583862
Abuse,Assault,4,4,a victim stumbling backward after a direct body hit,52.66522988505747,6.519251240568363,0.5525543689727783,0.4859917163848877,0.06656265258789062
Abuse,Assault,4,5,an attacker swinging arms repeatedly at another person,47.90229885057472,5.391711148375311,0.28730034828186035,0.31816744804382324,-0.03086709976196289
Abuse,Assault,4,6,a person shoving an opponent hard enough to lose balance,51.8426724137931,6.3019169057275946,0.5729325413703918,0.5650132894515991,0.007919251918792725
Abuse,Assault,4,7,"a close range attack with punches, kicks, and defense",51.803160919540225,6.3236650201312,0.5574712753295898,0.541481614112854,0.01598966121673584
Abuse,Assault,4,8,an aggressor pursuing a target while continuing to strike,51.020114942528735,6.189582726530352,0.5132110118865967,0.49737659096717834,0.015834420919418335
Abuse,Assault,4,9,a victim shielding their face during a rapid attack,50.70043103448276,6.067044140402144,0.42417946457862854,0.430612176656723,-0.006432712078094482
Abuse,Burglary,5,0,a surveillance frame of an intruder forcing a doorway,56.364942528735625,6.975311960188884,0.9143837094306946,0.8778396844863892,0.03654402494430542
Abuse,Burglary,5,1,a person prying a lock to enter a restricted room,60.01795977011493,10.382024748054834,0.9027503728866577,0.8868316411972046,0.015918731689453125
Abuse,Burglary,5,2,a masked intruder breaking a barrier into private property,57.64367816091954,7.300651603996691,0.9783391952514648,0.9693806767463684,0.008958518505096436
Abuse,Burglary,5,3,a suspect searching drawers and shelves after unauthorized entry,47.467672413793096,12.091100761142739,0.5453296899795532,0.5630173683166504,-0.017687678337097168
Abuse,Burglary,5,4,an intruder carrying stolen items from a damaged entrance,69.54382183908045,8.708257154199552,0.40485358238220215,0.35001707077026367,0.05483651161193848
Abuse,Burglary,5,5,a person climbing through a window into closed property,53.146551724137936,6.898643384547124,0.8871880769729614,0.8641651272773743,0.023022949695587158
Abuse,Burglary,5,6,a suspicious person slipping inside after a doorway opens,46.127873563218394,5.31259840316646,0.7886844873428345,0.7401586174964905,0.048525869846343994
Abuse,Burglary,5,7,a burglar moving quietly through a room collecting valuables,54.67672413793103,12.470304052390638,0.9734125137329102,0.9694401621818542,0.003972351551055908
Abuse,Burglary,5,8,a person damaging a lock to access an interior space,58.265086206896555,6.6934020215882075,0.8304100036621094,0.7737284898757935,0.05668151378631592
Abuse,Burglary,5,9,an intruder exiting a building with bags or electronics,50.97341954022989,9.963465811510597,0.8589269518852234,0.8666826486587524,-0.007755696773529053
Abuse,Explosion,6,0,"a sudden blast creating a fireball, smoke, and debris",53.47701149425288,6.040484050407412,0.37245479226112366,0.35632872581481934,0.01612606644630432
Abuse,Explosion,6,1,a vehicle or structure bursting violently with scattered fragments,43.22198275862069,4.920009528536352,0.24216251075267792,0.2620914578437805,-0.0199289470911026
Abuse,Explosion,6,2,a bright flash followed by an expanding smoke cloud,43.24353448275862,4.993373965688833,0.067423515021801,0.11077268421649933,-0.043349169194698334
Abuse,Explosion,6,3,an explosive impact throwing debris across a street,65.41307471264368,8.765813669355726,0.14487221837043762,0.11785910278558731,0.02701311558485031
Abuse,Explosion,6,4,a large fireball expanding after an abrupt detonation,49.712643678160916,5.719293848553033,0.35819366574287415,0.3768576681613922,-0.018664002418518066
Abuse,Explosion,6,5,a shockwave shaking the scene while smoke engulfs objects,48.444683908045974,5.485342184594516,0.28809040784835815,0.3249014616012573,-0.03681105375289917
Abuse,Explosion,6,6,an object detonating and damaging the surrounding area,53.22916666666666,5.900718698971601,0.039715252816677094,0.06328035891056061,-0.023565106093883514
Abuse,Explosion,6,7,a blast plume rising as fragments scatter on the road,45.56752873563219,5.233081954641591,0.11070086807012558,0.1605788767337799,-0.04987800866365433
Abuse,Explosion,6,8,a sudden light burst with heavy smoke and debris,46.03807471264368,5.218316038093914,0.112035371363163,0.15091648697853088,-0.03888111561536789
Abuse,Explosion,6,9,a violent detonation damaging a vehicle or nearby building,53.81824712643678,5.981642631090447,0.46519118547439575,0.4409714937210083,0.02421969175338745
Abuse,Fighting,7,0,a group of people exchanging punches and kicks,38.09985632183908,4.550885645552215,0.1335260570049286,0.21465349197387695,-0.08112743496894836
Abuse,Fighting,7,1,"several people grappling, pushing, and swinging arms",50.46336206896551,6.108542226030498,0.5608326196670532,0.5684977769851685,-0.007665157318115234
Abuse,Fighting,7,2,two opponents separating and reengaging in a brawl,50.79022988505747,6.118649357615411,0.3797297477722168,0.36262598633766174,0.017103761434555054
Abuse,Fighting,7,3,multiple individuals shoving and wrestling in public,46.0021551724138,5.600971337083845,0.2224520444869995,0.2385990470647812,-0.016147002577781677
Abuse,Fighting,7,4,two groups clashing in a chaotic physical fight,49.604885057471265,5.908511047315634,0.3091678023338318,0.33040809631347656,-0.021240293979644775
Abuse,Fighting,7,5,fighters grabbing clothing while others join the conflict,29.094827586206897,3.9797578788925003,0.053051479160785675,0.07464957982301712,-0.021598100662231445
Abuse,Fighting,7,6,a crowd surrounding combatants in an escalating brawl,44.400143678160916,5.080690913472532,0.3072490692138672,0.3860437572002411,-0.0787946879863739
Abuse,Fighting,7,7,people trading blows while moving unpredictably through space,31.102729885057467,4.249112778390877,0.3086584508419037,0.36727070808410645,-0.05861225724220276
Abuse,Fighting,7,8,a mutual fight continuing despite attempts to separate,46.5625,5.447406949006961,0.16519254446029663,0.19391097128391266,-0.028718426823616028
Abuse,Fighting,7,9,"a brawl with repeated grappling, striking, and falling",50.42744252873563,6.05107640142461,0.5838518142700195,0.603148877620697,-0.01929706335067749
Abuse,RoadAccidents,8,0,"a vehicle collision causing impact, debris, and disruption",64.36422413793103,14.995401332317234,0.7661128044128418,0.6842617988586426,0.08185100555419922
Abuse,RoadAccidents,8,1,a car striking a pedestrian or cyclist on the road,69.95330459770115,17.78182398592024,0.47770413756370544,0.32651442289352417,0.15118971467018127
Abuse,RoadAccidents,8,2,a motorbike sliding across a lane after a crash,68.09985632183908,16.253072737902954,0.5469290018081665,0.3923821747303009,0.1545468270778656
Abuse,RoadAccidents,8,3,vehicles swerving and colliding during a sudden accident,60.10416666666667,14.335715243795871,0.5003743767738342,0.37387269735336304,0.1265016794204712
Abuse,RoadAccidents,8,4,a pedestrian knocked down by a vehicle near a crossing,62.10847701149426,14.25901881051547,0.5548728108406067,0.41758641600608826,0.13728639483451843
Abuse,RoadAccidents,8,5,a damaged vehicle stopped and blocking the roadway,70.23706896551725,19.634633176628235,0.2705450654029846,0.18809452652931213,0.08245053887367249
Abuse,RoadAccidents,8,6,a rider thrown onto pavement after a high speed impact,65.01077586206895,14.30109436047613,0.6583012938499451,0.5370546579360962,0.12124663591384888
Abuse,RoadAccidents,8,7,a traffic accident with a vehicle spinning to a halt,70.97341954022988,15.67737511356998,0.5079189538955688,0.3429742753505707,0.16494467854499817
Abuse,RoadAccidents,8,8,a car hitting an obstacle with sudden debris,70.12931034482759,9.09813086176515,0.12387627363204956,0.10998152941465378,0.013894744217395782
Abuse,RoadAccidents,8,9,a motorbike rider falling during an intersection collision,63.10704022988506,17.055246674452743,0.40643373131752014,0.2526998519897461,0.15373387932777405
Abuse,Robbery,9,0,a threatening person forcing a victim to surrender valuables,48.548850574712645,5.949659859780952,0.8967167139053345,0.8757002353668213,0.021016478538513184
Abuse,Robbery,9,1,an aggressor confronting someone and grabbing a purse or wallet,26.415229885057467,4.037459169768605,0.8051773905754089,0.7911287546157837,0.014048635959625244
Abuse,Robbery,9,2,a victim handing over belongings under close range intimidation,52.5610632183908,6.5709207000873935,0.13259661197662354,0.1289386749267578,0.0036579370498657227
Abuse,Robbery,9,3,a robber snatching property and escaping quickly,52.007902298850574,7.604444655276763,0.706592857837677,0.693828821182251,0.012764036655426025
Abuse,Robbery,9,4,a person threatening a clerk and demanding money,36.8462643678161,5.365803735891,0.1890701800584793,0.23825585842132568,-0.049185678362846375
Abuse,Robbery,9,5,an attacker cornering a victim and seizing personal items,51.418821839080465,6.099335528604664,0.742024838924408,0.6884778141975403,0.053547024726867676
Abuse,Robbery,9,6,a forced handover following a visible threat gesture,46.73850574712644,5.346510836941972,0.18396280705928802,0.20770812034606934,-0.02374531328678131
Abuse,Robbery,9,7,a suspect taking valuables while the victim backs away,50.82255747126436,5.847571598616698,0.7000147104263306,0.6644461750984192,0.03556853532791138
Abuse,Robbery,9,8,a person brandishing a weapon to demand property,46.088362068965516,6.021029292966149,0.7181694507598877,0.7140684723854065,0.004100978374481201
Abuse,Robbery,9,9,a robber approaching a victim and leaving with belongings,66.22844827586208,9.802757388693506,0.9370888471603394,0.8930355310440063,0.04405331611633301
Abuse,Shooting,10,0,an armed person aiming a firearm and firing shots,60.49568965517243,7.114713694229885,0.43561840057373047,0.3820400834083557,0.053578317165374756
Abuse,Shooting,10,1,a gunman pointing a weapon as people scatter,57.13721264367817,7.055745754396664,0.44887423515319824,0.3935619592666626,0.055312275886535645
Abuse,Shooting,10,2,a muzzle flash appearing as a shooter targets someone,52.270114942528735,5.692773824411134,0.7668949961662292,0.6618260741233826,0.10506892204284668
Abuse,Shooting,10,3,a person firing a handgun and causing panic,52.733477011494244,6.886719672603533,0.5655675530433655,0.5238189697265625,0.04174858331680298
Abuse,Shooting,10,4,an armed attacker discharging a weapon in public,54.10919540229885,6.471792458736593,0.18571992218494415,0.18998238444328308,-0.004262462258338928
Abuse,Shooting,10,5,a victim falling after a nearby firearm is fired,58.9044540229885,6.691873403565138,0.34597599506378174,0.31713688373565674,0.028839111328125
Abuse,Shooting,10,6,a shooter raising a gun while a crowd runs,52.60775862068965,5.853297644243963,0.3071712255477905,0.31301119923591614,-0.00583997368812561
Abuse,Shooting,10,7,a gunfire scene with fear and rapid dispersal,57.55028735632184,6.76704140174309,0.7290698885917664,0.665242075920105,0.06382781267166138
Abuse,Shooting,10,8,a person aiming a rifle or handgun at a target,56.41882183908046,7.327334501440308,0.6373755931854248,0.5835244655609131,0.05385112762451172
Abuse,Shooting,10,9,a shooter stance with recoil and fleeing people,52.16594827586207,6.247310445494018,0.4177247881889343,0.38912245631217957,0.02860233187675476
Abuse,Shoplifting,11,0,a shopper concealing merchandise inside clothing or a bag,43.16451149425287,6.2667171180692485,0.17901082336902618,0.19808946549892426,-0.01907864212989807
Abuse,Shoplifting,11,1,a person removing a store item without checkout,46.67025862068965,5.599808521030736,0.09890247881412506,0.11978774517774582,-0.020885266363620758
Abuse,Shoplifting,11,2,a customer hiding a product and exiting an aisle,39.428879310344826,5.0570676383574025,0.11726875603199005,0.14189541339874268,-0.024626657366752625
Abuse,Shoplifting,11,3,a shopper slipping goods into a bag while browsing,53.53807471264368,6.331862620101168,0.20538762211799622,0.20393112301826477,0.0014564990997314453
Abuse,Shoplifting,11,4,a person scanning surroundings before pocketing merchandise,49.07686781609195,7.429040928272887,0.043869469314813614,0.046186413615942,-0.0023169443011283875
Abuse,Shoplifting,11,5,someone carrying an unpaid item past the cashier,48.35129310344828,5.389397657228818,0.06660802662372589,0.08871781080961227,-0.022109784185886383
Abuse,Shoplifting,11,6,concealed goods disappearing beneath a jacket in a store,43.87571839080459,4.977086530464896,0.20152470469474792,0.20309466123580933,-0.0015699565410614014
Abuse,Shoplifting,11,7,a customer manipulating shelf products and hiding one item,32.20905172413793,4.260266335459922,0.1707279235124588,0.22796222567558289,-0.057234302163124084
Abuse,Shoplifting,11,8,a suspect leaving a shop while holding unpaid merchandise,51.1206896551724,7.673212635014562,0.14945757389068604,0.14921410381793976,0.00024347007274627686
Abuse,Shoplifting,11,9,a retail theft scene with discreet concealment and exit,52.25933908045977,6.844290962920979,0.38928529620170593,0.39121851325035095,-0.0019332170486450195
Abuse,Stealing,12,0,a person taking unattended property and leaving quickly,54.1271551724138,6.0053634662524225,0.3136897087097168,0.30908480286598206,0.004604905843734741
Abuse,Stealing,12,1,"a thief grabbing a bicycle, bag, phone, or object",70.82255747126437,43.813251776936106,0.9277553558349609,0.8803048133850098,0.04745054244995117
Abuse,Stealing,12,2,a suspect approaching a valuable item and carrying it away,77.92744252873564,15.961039276688298,0.5114668607711792,0.4214693605899811,0.08999750018119812
Abuse,Stealing,12,3,unattended belongings disappearing after suspicious human contact,63.85775862068965,7.439856136658116,0.45750465989112854,0.4288387894630432,0.028665870428085327
Abuse,Stealing,12,4,a person lifting property while the owner is distracted,67.20905172413794,8.177232800101592,0.4067904055118561,0.3701242506504059,0.036666154861450195
Abuse,Stealing,12,5,a thief cutting a lock and taking a bicycle,90.9087643678161,46.42793254356826,0.7064392566680908,0.5470146536827087,0.15942460298538208
Abuse,Stealing,12,6,a suspect removing a package or bag from public space,65.83333333333333,8.191890718075342,0.35554003715515137,0.30938097834587097,0.046159058809280396
Abuse,Stealing,12,7,a person pocketing an unattended item and changing direction,72.65445402298852,52.288866179336615,0.6265511512756348,0.5124385356903076,0.11411261558532715
Abuse,Stealing,12,8,a valuable object being taken stealthily during distraction,50.59985632183908,6.086554816981008,0.4315759539604187,0.39767569303512573,0.03390026092529297
Abuse,Stealing,12,9,a thief carrying stolen property away without confrontation,73.42672413793105,10.057814803065126,0.21946880221366882,0.1837293654680252,0.035739436745643616
Abuse,Vandalism,13,0,a person damaging property by smashing a window or door,56.09195402298851,6.492887310614518,0.9814375638961792,0.9635267853736877,0.017910778522491455
Abuse,Vandalism,13,1,someone kicking or striking an object until it breaks,54.816810344827594,6.549734222987863,0.7073262333869934,0.6487508416175842,0.05857539176940918
Abuse,Vandalism,13,2,a suspect spraying graffiti on a wall or vehicle,61.65229885057472,7.269006122597069,0.25436344742774963,0.23937667906284332,0.014986768364906311
Abuse,Vandalism,13,3,a person breaking glass with repeated tool impacts,57.43893678160919,7.2815013100540895,0.3734797239303589,0.3453056216239929,0.028174102306365967
Abuse,Vandalism,13,4,a vandal throwing an object at a storefront or car,63.609913793103445,7.417839145863415,0.7460024952888489,0.6899908781051636,0.0560116171836853
Abuse,Vandalism,13,5,"deliberate destruction of signs, windows, equipment, or furniture",51.99712643678161,7.238984381743377,0.2973942160606384,0.28612658381462097,0.011267632246017456
Abuse,Vandalism,13,6,a person scratching and denting a parked vehicle,73.0603448275862,11.286175735063718,0.0591924786567688,0.05168461054563522,0.0075078681111335754
Abuse,Vandalism,13,7,public property being defaced with paint or graffiti,51.89295977011494,6.423967581858617,0.16089701652526855,0.1665641814470291,-0.005667164921760559
Abuse,Vandalism,13,8,a suspect repeatedly hitting a fixture until pieces break,51.02729885057471,5.672035522069803,0.4452437460422516,0.4163593351840973,0.028884410858154297
Abuse,Vandalism,13,9,"property damage happening without theft, fire, or confrontation",53.72844827586207,5.976010446208799,0.9858490228652954,0.9734091758728027,0.012439846992492676
Arrest,Normal,0,0,a normal street scene with pedestrians walking calmly,54.815832739259015,36.465359092095426,0.36519765853881836,0.23811423778533936,0.127083420753479
Arrest,Normal,0,1,people standing and talking without aggressive movement,36.19388505290632,17.22617236717895,0.3426785469055176,0.49485474824905396,-0.15217620134353638
Arrest,Normal,0,2,vehicles moving through traffic in an ordinary way,51.79347853748697,28.770054510589038,0.2628285884857178,0.18363171815872192,0.07919687032699585
Arrest,Normal,0,3,shoppers browsing shelves and carrying bags normally,38.927152795369516,17.89095859227302,0.24507008492946625,0.36519965529441833,-0.12012957036495209
Arrest,Normal,0,4,workers calmly performing tasks around counters and equipment,54.62570114859997,27.81779164184893,0.3188844323158264,0.2565521001815796,0.062332332134246826
Arrest,Normal,0,5,pedestrians crossing a walkway with regular spacing,51.23212516579273,31.497616232247548,0.31886017322540283,0.23872750997543335,0.08013266324996948
Arrest,Normal,0,6,people entering and exiting buildings in a routine manner,51.20972823486348,25.117216244586466,0.28095105290412903,0.2323143631219864,0.04863668978214264
Arrest,Normal,0,7,a public area with ordinary walking and waiting,51.659073116937094,23.60594904325187,0.32014498114585876,0.29553869366645813,0.024606287479400635
Arrest,Normal,0,8,people interacting casually without panic or force,33.48283150656876,16.67645461156009,0.5228838920593262,0.6625839471817017,-0.1397000551223755
Arrest,Normal,0,9,an orderly scene with predictable everyday human activity,51.02963911341145,25.05837000980946,0.23411931097507477,0.1973441243171692,0.03677518665790558
Arrest,Abuse,1,0,a surveillance frame of an aggressor striking a vulnerable victim,64.28279059979397,34.58906136983905,0.5619677901268005,0.3718947470188141,0.19007304310798645
Arrest,Abuse,1,1,a person forcefully pushing a helpless victim against furniture,62.028701182341365,31.45695604576364,0.56490159034729,0.43143051862716675,0.1334710717201233
Arrest,Abuse,1,2,a violent person grabbing and controlling a weaker victim,62.86228968645513,33.851196931388685,0.5558780431747437,0.3747001886367798,0.18117785453796387
Arrest,Abuse,1,3,a victim shielding their body during repeated physical mistreatment,66.44722078860644,49.28363200916059,0.5594658255577087,0.4030733108520508,0.15639251470565796
Arrest,Abuse,1,4,an attacker cornering someone and delivering forceful hits,65.33710685668406,36.477011328967194,0.5636005997657776,0.37687844038009644,0.18672215938568115
Arrest,Abuse,1,5,a person dragging a resisting victim across the floor,66.75580425696118,38.445497230664465,0.5485138297080994,0.368591845035553,0.1799219846725464
Arrest,Abuse,1,6,a vulnerable person recoiling from sustained aggressive body contact,65.82889388314364,39.075676925152905,0.5613679885864258,0.43318605422973633,0.12818193435668945
Arrest,Abuse,1,7,a stronger aggressor overpowering a weaker person indoors,63.26883489952701,31.177242734528004,0.5765036940574646,0.449162095785141,0.1273415982723236
Arrest,Abuse,1,8,a victim collapsing after repeated blows from another person,67.52043023519137,43.69545734500776,0.5655485987663269,0.40018826723098755,0.16536033153533936
Arrest,Abuse,1,9,a hostile person restraining and hurting a defenseless target,66.11277637304536,36.45114773389828,0.565766453742981,0.39648231863975525,0.1692841351032257
Arrest,Arrest,2,0,a surveillance frame of police restraining a suspect,63.61230482538809,48.67195456608728,0.5166023373603821,0.31770360469818115,0.19889873266220093
Arrest,Arrest,2,1,officers handcuffing a detained person with controlled posture,63.75532261668195,34.8374884230253,0.5706985592842102,0.4368722438812256,0.13382631540298462
Arrest,Arrest,2,2,police surrounding a suspect and directing surrender,58.02060394498123,28.19402381678119,0.3559494912624359,0.22911325097084045,0.12683624029159546
Arrest,Arrest,2,3,uniformed officers escorting a suspect toward a patrol car,65.48634557629207,48.98696156332922,0.5397817492485046,0.3469531238079071,0.19282862544059753
Arrest,Arrest,2,4,law enforcement pinning a resisting person during detention,62.66824121500568,35.95004479592251,0.5311667323112488,0.4031435251235962,0.1280232071876526
Arrest,Arrest,2,5,officers searching a suspect after applying physical restraint,64.06074397843511,39.04233509900252,0.5293060541152954,0.31634315848350525,0.21296289563179016
Arrest,Arrest,2,6,a patrol team blocking a suspect from escaping,66.2049779989531,46.88873491796121,0.5300516486167908,0.3250061273574829,0.20504552125930786
Arrest,Arrest,2,7,police pulling a suspect's arms behind their back,62.11112252376031,44.40669545982288,0.4994443655014038,0.28174513578414917,0.21769922971725464
Arrest,Arrest,2,8,a detained person being guided beside police officers,63.11911948043133,43.63519614596273,0.4484359323978424,0.232517808675766,0.21591812372207642
Arrest,Arrest,2,9,officers immobilizing a suspect using coordinated restraint,65.58464101065059,40.231472370827426,0.5737475156784058,0.43479546904563904,0.13895204663276672
Arrest,Arson,3,0,a person igniting flammable material near property,61.18221795708598,43.17347971901941,0.3777613639831543,0.15672852098941803,0.22103284299373627
Arrest,Arson,3,1,a suspicious person pouring liquid before visible flames appear,60.06831426423657,43.985715838694894,0.3828890025615692,0.18274925649166107,0.20013974606990814
Arrest,Arson,3,2,a small fire spreading across a vehicle or building surface,62.87739311522296,38.75215782457211,0.43678736686706543,0.23011216521263123,0.2066752016544342
Arrest,Arson,3,3,bright flames emerging after someone approaches a combustible target,65.10013954136097,42.658267996288316,0.5101220607757568,0.2994290590286255,0.21069300174713135
Arrest,Arson,3,4,a person fleeing as a deliberately started fire grows,63.86800643057677,40.26638911264472,0.481248140335083,0.2949775159358978,0.18627062439918518
Arrest,Arson,3,5,smoke and flames rising from unattended damaged property,63.068557554771964,41.52444806471004,0.36719223856925964,0.1353994905948639,0.23179274797439575
Arrest,Arson,3,6,a surveillance frame showing deliberate ignition near a structure,63.65299112666112,50.13169833436635,0.34858065843582153,0.11761965602636337,0.23096099495887756
Arrest,Arson,3,7,"fire spreading around an entrance, window, or vehicle",62.81822676381108,37.496061898255185,0.4511301517486572,0.2521364092826843,0.1989937424659729
Arrest,Arson,3,8,a person handling a lighter before a sudden flame outbreak,64.01166776617899,43.358837650674396,0.47399523854255676,0.2863635718822479,0.18763166666030884
Arrest,Arson,3,9,a property surface burning after a suspicious human action,62.97363874178448,41.64273458146398,0.4254802167415619,0.1944970041513443,0.2309832125902176
Arrest,Assault,4,0,a person punching another person in a close confrontation,61.828519177483834,33.0170699298838,0.547565221786499,0.3456743657588959,0.20189085602760315
Arrest,Assault,4,1,an attacker lunging toward a victim with a forceful strike,65.1732572977788,36.45680258011187,0.5722911953926086,0.40336549282073975,0.1689257025718689
Arrest,Assault,4,2,two people colliding violently during a street confrontation,65.10895848188295,47.42050709406205,0.5314012765884399,0.3158855736255646,0.21551570296287537
Arrest,Assault,4,3,an aggressor kicking a fallen victim on the ground,68.7784640181392,47.24617523732181,0.5658102631568909,0.3930702805519104,0.17273998260498047
Arrest,Assault,4,4,a victim stumbling backward after a direct body hit,67.75416393898972,50.563388979682756,0.5584322810173035,0.355306476354599,0.20312580466270447
Arrest,Assault,4,5,an attacker swinging arms repeatedly at another person,62.10709441308945,34.69739362952433,0.5373873114585876,0.348161906003952,0.18922540545463562
Arrest,Assault,4,6,a person shoving an opponent hard enough to lose balance,65.94245164609919,37.81137562944359,0.5661423206329346,0.3922933340072632,0.1738489866256714
Arrest,Assault,4,7,"a close range attack with punches, kicks, and defense",66.90416902750846,39.24434009019015,0.5614988207817078,0.37102895975112915,0.1904698610305786
Arrest,Assault,4,8,an aggressor pursuing a target while continuing to strike,65.36655894003087,35.62071143467544,0.5602767467498779,0.38316288590431213,0.1771138608455658
Arrest,Assault,4,9,a victim shielding their face during a rapid attack,64.90153064481278,39.274795064178086,0.5587270259857178,0.37143293023109436,0.1872940957546234
Arrest,Burglary,5,0,a surveillance frame of an intruder forcing a doorway,58.53819630370693,27.33565000072601,0.534407913684845,0.38830992579460144,0.14609798789024353
Arrest,Burglary,5,1,a person prying a lock to enter a restricted room,56.16552788869523,23.986346182148072,0.5160940289497375,0.40440496802330017,0.11168906092643738
Arrest,Burglary,5,2,a masked intruder breaking a barrier into private property,55.79983582171708,24.070911507334102,0.5406041741371155,0.41855674982070923,0.12204742431640625
Arrest,Burglary,5,3,a suspect searching drawers and shelves after unauthorized entry,55.16041496392465,24.705930224403346,0.4227561354637146,0.3223586678504944,0.10039746761322021
Arrest,Burglary,5,4,an intruder carrying stolen items from a damaged entrance,57.54268887361299,28.268967280748818,0.435127854347229,0.28204110264778137,0.15308675169944763
Arrest,Burglary,5,5,a person climbing through a window into closed property,56.315608777398154,25.092752981948212,0.4750792384147644,0.3738778233528137,0.10120141506195068
Arrest,Burglary,5,6,a suspicious person slipping inside after a doorway opens,60.51265380168959,29.49920518392655,0.5166811347007751,0.3464418053627014,0.17023932933807373
Arrest,Burglary,5,7,a burglar moving quietly through a room collecting valuables,54.59194287988114,23.05588357696628,0.4952085018157959,0.4207835793495178,0.07442492246627808
Arrest,Burglary,5,8,a person damaging a lock to access an interior space,58.56791057177199,25.735632162697474,0.5120499134063721,0.35480406880378723,0.15724584460258484
Arrest,Burglary,5,9,an intruder exiting a building with bags or electronics,55.28430916077129,23.86583433494394,0.4808545410633087,0.38239043951034546,0.09846410155296326
Arrest,Explosion,6,0,"a sudden blast creating a fireball, smoke, and debris",64.83825673281542,50.15034375189278,0.45093974471092224,0.20670996606349945,0.2442297786474228
Arrest,Explosion,6,1,a vehicle or structure bursting violently with scattered fragments,63.00334506485806,45.08923803214455,0.3805031180381775,0.13724079728126526,0.24326232075691223
Arrest,Explosion,6,2,a bright flash followed by an expanding smoke cloud,60.385772288053516,42.56803132650255,0.3304646909236908,0.09816943854093552,0.23229524493217468
Arrest,Explosion,6,3,an explosive impact throwing debris across a street,57.62138401403662,46.734303640992394,0.330580472946167,0.10721753537654877,0.22336293756961823
Arrest,Explosion,6,4,a large fireball expanding after an abrupt detonation,61.82608006510522,48.63554191652438,0.44518929719924927,0.21830038726329803,0.22688890993595123
Arrest,Explosion,6,5,a shockwave shaking the scene while smoke engulfs objects,65.29859748307139,50.4278388007866,0.4600599706172943,0.2151094228029251,0.2449505478143692
Arrest,Explosion,6,6,an object detonating and damaging the surrounding area,60.42614873465955,49.22994290947891,0.34480446577072144,0.10946207493543625,0.2353423833847046
Arrest,Explosion,6,7,a blast plume rising as fragments scatter on the road,59.942592719353826,42.46466139403668,0.32444217801094055,0.1004788875579834,0.22396329045295715
Arrest,Explosion,6,8,a sudden light burst with heavy smoke and debris,62.39351930025878,45.867264337065436,0.34481263160705566,0.10064195841550827,0.2441706657409668
Arrest,Explosion,6,9,a violent detonation damaging a vehicle or nearby building,63.0059828020232,49.204253312771236,0.4389614760875702,0.21564039587974548,0.2233210802078247
Arrest,Fighting,7,0,a group of people exchanging punches and kicks,62.27769721473676,38.32379304083498,0.5386422872543335,0.3777812719345093,0.16086101531982422
Arrest,Fighting,7,1,"several people grappling, pushing, and swinging arms",68.39982161507922,47.38344737598876,0.5773254632949829,0.45805007219314575,0.11927539110183716
Arrest,Fighting,7,2,two opponents separating and reengaging in a brawl,67.77190510492268,42.73060121690825,0.5523653626441956,0.3537256121635437,0.19863975048065186
Arrest,Fighting,7,3,multiple individuals shoving and wrestling in public,66.72791733693222,47.090064632522065,0.5126839280128479,0.32769668102264404,0.18498724699020386
Arrest,Fighting,7,4,two groups clashing in a chaotic physical fight,67.39522511475361,44.37728575454321,0.5549576878547668,0.38585034012794495,0.1691073477268219
Arrest,Fighting,7,5,fighters grabbing clothing while others join the conflict,60.42244636863862,31.625680489644104,0.42604222893714905,0.29528576135635376,0.1307564675807953
Arrest,Fighting,7,6,a crowd surrounding combatants in an escalating brawl,65.93753369638468,43.69821762270922,0.5727903246879578,0.43010687828063965,0.14268344640731812
Arrest,Fighting,7,7,people trading blows while moving unpredictably through space,63.11726829742086,50.76567324091686,0.463265061378479,0.25613507628440857,0.20712998509407043
Arrest,Fighting,7,8,a mutual fight continuing despite attempts to separate,64.86496779410813,45.71758171342097,0.45843183994293213,0.2591104507446289,0.19932138919830322
Arrest,Fighting,7,9,"a brawl with repeated grappling, striking, and falling",68.39466531562086,42.18520425277376,0.5691313147544861,0.4085030257701874,0.1606282889842987
Arrest,RoadAccidents,8,0,"a vehicle collision causing impact, debris, and disruption",64.93667134204586,42.09735006624911,0.443862646818161,0.22833332419395447,0.21552932262420654
Arrest,RoadAccidents,8,1,a car striking a pedestrian or cyclist on the road,60.94156416572487,38.91512521610673,0.3854960501194,0.17374366521835327,0.21175238490104675
Arrest,RoadAccidents,8,2,a motorbike sliding across a lane after a crash,60.16169174888057,38.40536282998936,0.33853355050086975,0.1337181031703949,0.20481544733047485
Arrest,RoadAccidents,8,3,vehicles swerving and colliding during a sudden accident,65.73717690171502,44.16903919353716,0.39135655760765076,0.14699168503284454,0.2443648725748062
Arrest,RoadAccidents,8,4,a pedestrian knocked down by a vehicle near a crossing,63.38214636774728,40.367851779727005,0.42416250705718994,0.20068301260471344,0.2234794944524765
Arrest,RoadAccidents,8,5,a damaged vehicle stopped and blocking the roadway,61.24891616040311,39.116961605591015,0.30968302488327026,0.09837129712104797,0.2113117277622223
Arrest,RoadAccidents,8,6,a rider thrown onto pavement after a high speed impact,64.66960045407613,42.04940131392124,0.413598895072937,0.17500552535057068,0.23859336972236633
Arrest,RoadAccidents,8,7,a traffic accident with a vehicle spinning to a halt,65.23812815305988,43.330435461246296,0.36331817507743835,0.12361857295036316,0.2396996021270752
Arrest,RoadAccidents,8,8,a car hitting an obstacle with sudden debris,62.72240222179699,43.33593635384594,0.3541833758354187,0.12394903600215912,0.23023433983325958
Arrest,RoadAccidents,8,9,a motorbike rider falling during an intersection collision,58.83411545567245,37.183168293437035,0.32614782452583313,0.12279586493968964,0.2033519595861435
Arrest,Robbery,9,0,a threatening person forcing a victim to surrender valuables,58.79146674150848,36.3062630605857,0.5424171686172485,0.39530447125434875,0.14711269736289978
Arrest,Robbery,9,1,an aggressor confronting someone and grabbing a purse or wallet,58.51042061355841,34.734825676176314,0.5520601868629456,0.4180593490600586,0.13400083780288696
Arrest,Robbery,9,2,a victim handing over belongings under close range intimidation,64.03703612391475,55.32141709171735,0.49758055806159973,0.2852342426776886,0.21234631538391113
Arrest,Robbery,9,3,a robber snatching property and escaping quickly,58.061210796339644,35.933466051680476,0.4756412208080292,0.33177638053894043,0.14386484026908875
Arrest,Robbery,9,4,a person threatening a clerk and demanding money,55.79281244926534,40.12824778379884,0.4563019275665283,0.36265942454338074,0.09364250302314758
Arrest,Robbery,9,5,an attacker cornering a victim and seizing personal items,63.74284103509633,38.95766284317406,0.5546846389770508,0.38169363141059875,0.17299100756645203
Arrest,Robbery,9,6,a forced handover following a visible threat gesture,62.660653748160215,35.99302274547883,0.5128111243247986,0.307017982006073,0.20579314231872559
Arrest,Robbery,9,7,a suspect taking valuables while the victim backs away,58.7419773896964,36.387503081752946,0.503290593624115,0.3434218466281891,0.1598687469959259
Arrest,Robbery,9,8,a person brandishing a weapon to demand property,58.774671029559414,37.89689675631977,0.5071340203285217,0.35862165689468384,0.1485123634338379
Arrest,Robbery,9,9,a robber approaching a victim and leaving with belongings,58.11441045916415,27.621257295518255,0.507251501083374,0.3517320156097412,0.1555194854736328
Arrest,Shooting,10,0,an armed person aiming a firearm and firing shots,62.34883666828075,40.421349389729095,0.5197626948356628,0.3403519093990326,0.17941078543663025
Arrest,Shooting,10,1,a gunman pointing a weapon as people scatter,61.38977291401952,36.80112646849567,0.514424204826355,0.33565038442611694,0.17877382040023804
Arrest,Shooting,10,2,a muzzle flash appearing as a shooter targets someone,63.672654980527696,37.77204905561642,0.5324805974960327,0.3324294984340668,0.20005109906196594
Arrest,Shooting,10,3,a person firing a handgun and causing panic,62.05363256554675,36.81884331920431,0.49902111291885376,0.3290279805660248,0.16999313235282898
Arrest,Shooting,10,4,an armed attacker discharging a weapon in public,62.37949639032968,47.687024822051136,0.5051775574684143,0.3272651731967926,0.1779123842716217
Arrest,Shooting,10,5,a victim falling after a nearby firearm is fired,64.903739352439,48.98030119802296,0.5335087776184082,0.3337685167789459,0.19974026083946228
Arrest,Shooting,10,6,a shooter raising a gun while a crowd runs,64.49395258285092,43.48394703256415,0.536819577217102,0.3381897509098053,0.19862982630729675
Arrest,Shooting,10,7,a gunfire scene with fear and rapid dispersal,64.30876277688078,46.93141672604328,0.5098425149917603,0.33566057682037354,0.17418193817138672
Arrest,Shooting,10,8,a person aiming a rifle or handgun at a target,62.01173862557159,35.96448056728297,0.5266885757446289,0.36124441027641296,0.16544416546821594
Arrest,Shooting,10,9,a shooter stance with recoil and fleeing people,64.58409645597021,37.51476514113335,0.5452998280525208,0.33826544880867004,0.2070343792438507
Arrest,Shoplifting,11,0,a shopper concealing merchandise inside clothing or a bag,51.82126217262694,25.512041157022402,0.4318331778049469,0.32734280824661255,0.10449036955833435
Arrest,Shoplifting,11,1,a person removing a store item without checkout,52.953169216127534,27.016941684144896,0.39818844199180603,0.2998228073120117,0.09836563467979431
Arrest,Shoplifting,11,2,a customer hiding a product and exiting an aisle,54.61476884034929,27.40136650921382,0.40757477283477783,0.30227530002593994,0.10529947280883789
Arrest,Shoplifting,11,3,a shopper slipping goods into a bag while browsing,56.92570467170712,30.745996736514414,0.4571080505847931,0.3043266236782074,0.1527814269065857
Arrest,Shoplifting,11,4,a person scanning surroundings before pocketing merchandise,55.615011485354145,33.22172318852063,0.37382280826568604,0.2441556453704834,0.12966716289520264
Arrest,Shoplifting,11,5,someone carrying an unpaid item past the cashier,54.90290984567425,34.724774284404646,0.3402363061904907,0.2045232057571411,0.1357131004333496
Arrest,Shoplifting,11,6,concealed goods disappearing beneath a jacket in a store,55.022617032020825,31.60480616814148,0.376211553812027,0.23541003465652466,0.14080151915550232
Arrest,Shoplifting,11,7,a customer manipulating shelf products and hiding one item,54.80934168123518,28.210515066105835,0.41264668107032776,0.3082578778266907,0.10438880324363708
Arrest,Shoplifting,11,8,a suspect leaving a shop while holding unpaid merchandise,56.44629594194417,30.7311570320674,0.43547606468200684,0.28192073106765747,0.15355533361434937
Arrest,Shoplifting,11,9,a retail theft scene with discreet concealment and exit,60.69509464061416,45.571039572883876,0.47382497787475586,0.28530892729759216,0.1885160505771637
Arrest,Stealing,12,0,a person taking unattended property and leaving quickly,61.4230068133019,45.01792415036072,0.43875652551651,0.24442991614341736,0.19432660937309265
Arrest,Stealing,12,1,"a thief grabbing a bicycle, bag, phone, or object",50.948345960779996,24.880511665160196,0.49895694851875305,0.37353652715682983,0.12542042136192322
Arrest,Stealing,12,2,a suspect approaching a valuable item and carrying it away,61.84168402833512,49.12618130792664,0.4841388761997223,0.30696719884872437,0.17717167735099792
Arrest,Stealing,12,3,unattended belongings disappearing after suspicious human contact,54.7961529954095,35.302444112289365,0.3886446952819824,0.23795124888420105,0.15069344639778137
Arrest,Stealing,12,4,a person lifting property while the owner is distracted,56.76185511280186,29.18852542849829,0.38249412178993225,0.24723640084266663,0.13525772094726562
Arrest,Stealing,12,5,a thief cutting a lock and taking a bicycle,61.24357712614117,38.27571597183317,0.4673267602920532,0.2819675803184509,0.1853591799736023
Arrest,Stealing,12,6,a suspect removing a package or bag from public space,57.48996591027616,30.447220390812134,0.4689565598964691,0.30425968766212463,0.16469687223434448
Arrest,Stealing,12,7,a person pocketing an unattended item and changing direction,59.469826002452464,41.19153595809129,0.466918021440506,0.29008880257606506,0.17682921886444092
Arrest,Stealing,12,8,a valuable object being taken stealthily during distraction,63.80558263266578,34.89621287229674,0.5360889434814453,0.3345864415168762,0.2015025019645691
Arrest,Stealing,12,9,a thief carrying stolen property away without confrontation,56.43135141300557,40.33583953939887,0.35769933462142944,0.20454351603984833,0.15315581858158112
Arrest,Vandalism,13,0,a person damaging property by smashing a window or door,57.54437321180277,25.761902316254286,0.5282104015350342,0.3821255564689636,0.14608484506607056
Arrest,Vandalism,13,1,someone kicking or striking an object until it breaks,62.12979325369423,33.277587783770706,0.5228372812271118,0.31929099559783936,0.20354628562927246
Arrest,Vandalism,13,2,a suspect spraying graffiti on a wall or vehicle,60.44326224626708,46.907716311512985,0.4416063725948334,0.24421055614948273,0.19739581644535065
Arrest,Vandalism,13,3,a person breaking glass with repeated tool impacts,60.04448723484429,32.471184512430554,0.485932856798172,0.31946176290512085,0.16647109389305115
Arrest,Vandalism,13,4,a vandal throwing an object at a storefront or car,60.560577990183816,37.79276983438275,0.48881056904792786,0.32917580008506775,0.1596347689628601
Arrest,Vandalism,13,5,"deliberate destruction of signs, windows, equipment, or furniture",57.70442506478955,46.05889700049969,0.383780300617218,0.19172480702400208,0.19205549359321594
Arrest,Vandalism,13,6,a person scratching and denting a parked vehicle,58.68248529363459,39.016508719444346,0.3920910358428955,0.18898242712020874,0.20310860872268677
Arrest,Vandalism,13,7,public property being defaced with paint or graffiti,57.55981033021197,45.96249207865545,0.3475582003593445,0.18424785137176514,0.16331034898757935
Arrest,Vandalism,13,8,a suspect repeatedly hitting a fixture until pieces break,64.00487479847963,40.0909985500282,0.5327165126800537,0.32112276554107666,0.21159374713897705
Arrest,Vandalism,13,9,"property damage happening without theft, fire, or confrontation",58.72489565805471,28.71196099418186,0.5389859080314636,0.4072841703891754,0.1317017376422882
Arson,Normal,0,0,a normal street scene with pedestrians walking calmly,70.18271715184662,52.71299673891844,0.26416242122650146,0.130143940448761,0.13401848077774048
Arson,Normal,0,1,people standing and talking without aggressive movement,49.079550079451096,28.20592509498827,0.3915787935256958,0.4003690183162689,-0.00879022479057312
Arson,Normal,0,2,vehicles moving through traffic in an ordinary way,66.81486164574126,52.36932850222416,0.2870906591415405,0.142556831240654,0.14453382790088654
Arson,Normal,0,3,shoppers browsing shelves and carrying bags normally,52.3820404604113,29.184289100105048,0.19445592164993286,0.1967145800590515,-0.0022586584091186523
Arson,Normal,0,4,workers calmly performing tasks around counters and equipment,71.8225426528551,49.928560960935854,0.21753792464733124,0.1113729476928711,0.10616497695446014
Arson,Normal,0,5,pedestrians crossing a walkway with regular spacing,67.31491333430407,46.449705176692326,0.32294225692749023,0.1937067061662674,0.12923555076122284
Arson,Normal,0,6,people entering and exiting buildings in a routine manner,74.51297958525336,59.57694661561214,0.37203219532966614,0.19795659184455872,0.17407560348510742
Arson,Normal,0,7,a public area with ordinary walking and waiting,66.80275847114181,50.35201701029304,0.32948037981987,0.20519602298736572,0.12428435683250427
Arson,Normal,0,8,people interacting casually without panic or force,42.05041940075529,24.08272395712745,0.5272401571273804,0.5936904549598694,-0.06645029783248901
Arson,Normal,0,9,an orderly scene with predictable everyday human activity,70.90567479304914,57.635602613781515,0.2832021117210388,0.13591089844703674,0.14729121327400208
Arson,Abuse,1,0,a surveillance frame of an aggressor striking a vulnerable victim,76.17228191793384,54.79263381547985,0.6021155118942261,0.28607046604156494,0.31604504585266113
Arson,Abuse,1,1,a person forcefully pushing a helpless victim against furniture,75.80411791433042,55.25684203186297,0.5790461301803589,0.2875276803970337,0.2915184497833252
Arson,Abuse,1,2,a violent person grabbing and controlling a weaker victim,79.16485918837525,61.33905609203498,0.4664709270000458,0.184845969080925,0.281624972820282
Arson,Abuse,1,3,a victim shielding their body during repeated physical mistreatment,80.63028123610754,60.29170403630424,0.4059416949748993,0.16307976841926575,0.24286192655563354
Arson,Abuse,1,4,an attacker cornering someone and delivering forceful hits,75.93902889846837,54.13638711488258,0.40444788336753845,0.1779620498418808,0.22648583352565765
Arson,Abuse,1,5,a person dragging a resisting victim across the floor,83.21000355568171,67.95148129367871,0.573546290397644,0.22260266542434692,0.3509436249732971
Arson,Abuse,1,6,a vulnerable person recoiling from sustained aggressive body contact,82.57354420021929,66.30341382839954,0.49438899755477905,0.18580695986747742,0.30858203768730164
Arson,Abuse,1,7,a stronger aggressor overpowering a weaker person indoors,76.30981708584729,53.34236094974399,0.7315917015075684,0.3534698188304901,0.37812188267707825
Arson,Abuse,1,8,a victim collapsing after repeated blows from another person,78.89802060773764,58.87694865464663,0.615837812423706,0.27866920828819275,0.3371686041355133
Arson,Abuse,1,9,a hostile person restraining and hurting a defenseless target,73.46673846752769,52.36951691890642,0.5137788653373718,0.26460400223731995,0.24917486310005188
Arson,Arrest,2,0,a surveillance frame of police restraining a suspect,79.65096179359918,57.423398981656305,0.243184432387352,0.07703394442796707,0.16615048050880432
Arson,Arrest,2,1,officers handcuffing a detained person with controlled posture,78.31080211513452,53.78738054210619,0.4404551684856415,0.19283592700958252,0.24761924147605896
Arson,Arrest,2,2,police surrounding a suspect and directing surrender,71.68969709092828,55.564055115447374,0.17101918160915375,0.0590672641992569,0.11195191740989685
Arson,Arrest,2,3,uniformed officers escorting a suspect toward a patrol car,80.17963005656532,59.599896801837495,0.34790554642677307,0.12751850485801697,0.2203870415687561
Arson,Arrest,2,4,law enforcement pinning a resisting person during detention,78.59100108389143,64.17733810947105,0.27469339966773987,0.08845977485179901,0.18623362481594086
Arson,Arrest,2,5,officers searching a suspect after applying physical restraint,76.8658247539268,56.666099060345246,0.3619084656238556,0.13252371549606323,0.22938475012779236
Arson,Arrest,2,6,a patrol team blocking a suspect from escaping,78.33899961836461,60.4577846270819,0.1779174655675888,0.050607603043317795,0.1273098587989807
Arson,Arrest,2,7,police pulling a suspect's arms behind their back,77.64920846716093,60.548099914642336,0.2597090005874634,0.08819625526666641,0.17151275277137756
Arson,Arrest,2,8,a detained person being guided beside police officers,73.90141505306023,51.83392955982045,0.09559401124715805,0.033630579710006714,0.06196343153715134
Arson,Arrest,2,9,officers immobilizing a suspect using coordinated restraint,81.16098498762958,62.86840713554059,0.5698186159133911,0.2137506902217865,0.3560679256916046
Arson,Arson,3,0,a person igniting flammable material near property,73.44583479828955,48.08213343262347,0.5909699201583862,0.291273295879364,0.2996966242790222
Arson,Arson,3,1,a suspicious person pouring liquid before visible flames appear,73.28459217543107,47.13663100815458,0.5318850874900818,0.26363182067871094,0.26825326681137085
Arson,Arson,3,2,a small fire spreading across a vehicle or building surface,72.81251847662664,47.49437736405962,0.8345388174057007,0.4637966454029083,0.37074217200279236
Arson,Arson,3,3,bright flames emerging after someone approaches a combustible target,74.09929646992465,50.82605431123771,0.7844069600105286,0.4003039300441742,0.38410302996635437
Arson,Arson,3,4,a person fleeing as a deliberately started fire grows,73.5909731146323,48.2598411928705,0.6456412672996521,0.3252125084400177,0.3204287588596344
Arson,Arson,3,5,smoke and flames rising from unattended damaged property,70.01693459127773,48.69873001076542,0.6027060747146606,0.3522970676422119,0.25040900707244873
Arson,Arson,3,6,a surveillance frame showing deliberate ignition near a structure,72.85107302456754,48.85279758325638,0.5300433039665222,0.259591281414032,0.27045202255249023
Arson,Arson,3,7,"fire spreading around an entrance, window, or vehicle",72.8451960502567,47.54661072737649,0.8737830519676208,0.5108100771903992,0.3629729747772217
Arson,Arson,3,8,a person handling a lighter before a sudden flame outbreak,74.70986321360999,47.65186867041489,0.6663637757301331,0.32468336820602417,0.3416804075241089
Arson,Arson,3,9,a property surface burning after a suspicious human action,73.52629646355753,48.36562488201505,0.7382299900054932,0.38654857873916626,0.3516814112663269
Arson,Assault,4,0,a person punching another person in a close confrontation,75.05583640080025,54.26443548141863,0.3677682876586914,0.163904070854187,0.2038642168045044
Arson,Assault,4,1,an attacker lunging toward a victim with a forceful strike,75.35138135680691,52.10083274428548,0.501384973526001,0.24228642880916595,0.25909852981567383
Arson,Assault,4,2,two people colliding violently during a street confrontation,81.99873819665304,62.57105179743958,0.6724094152450562,0.28841906785964966,0.3839903473854065
Arson,Assault,4,3,an aggressor kicking a fallen victim on the ground,78.31864473280574,58.45081932700463,0.6071099042892456,0.2812877297401428,0.3258221745491028
Arson,Assault,4,4,a victim stumbling backward after a direct body hit,81.02844874014016,61.842787882520724,0.542218804359436,0.21907727420330048,0.32314151525497437
Arson,Assault,4,5,an attacker swinging arms repeatedly at another person,80.41259371736355,60.205381572221086,0.29554224014282227,0.09793728590011597,0.1976049542427063
Arson,Assault,4,6,a person shoving an opponent hard enough to lose balance,74.20832482017057,52.18431078171838,0.4917566478252411,0.243953675031662,0.2478029727935791
Arson,Assault,4,7,"a close range attack with punches, kicks, and defense",74.3571050645668,55.35394411010491,0.5309832692146301,0.26099929213523865,0.2699839770793915
Arson,Assault,4,8,an aggressor pursuing a target while continuing to strike,72.87245563228944,52.00045468708496,0.4504120349884033,0.2316390872001648,0.21877294778823853
Arson,Assault,4,9,a victim shielding their face during a rapid attack,76.72419865313144,58.6620885212032,0.4345926344394684,0.1828431934118271,0.2517494559288025
Arson,Burglary,5,0,a surveillance frame of an intruder forcing a doorway,73.44772061856926,51.54712453459729,0.586620569229126,0.3285842537879944,0.2580363154411316
Arson,Burglary,5,1,a person prying a lock to enter a restricted room,73.29212547866486,49.95813298410957,0.6411401629447937,0.3525838553905487,0.288556307554245
Arson,Burglary,5,2,a masked intruder breaking a barrier into private property,72.87443125353487,51.175025338015054,0.7522502541542053,0.4518578350543976,0.30039241909980774
Arson,Burglary,5,3,a suspect searching drawers and shelves after unauthorized entry,73.38908058796659,51.651874846665194,0.4386947453022003,0.251507967710495,0.18718677759170532
Arson,Burglary,5,4,an intruder carrying stolen items from a damaged entrance,70.32274679102953,51.79188799229606,0.34705546498298645,0.20051030814647675,0.1465451568365097
Arson,Burglary,5,5,a person climbing through a window into closed property,73.37444303055733,47.41549260819603,0.6832109689712524,0.3748442232608795,0.3083667457103729
Arson,Burglary,5,6,a suspicious person slipping inside after a doorway opens,75.99314894713076,54.316779634993054,0.6851738095283508,0.34245020151138306,0.3427236080169678
Arson,Burglary,5,7,a burglar moving quietly through a room collecting valuables,68.63358064831097,48.45143831529805,0.6798428893089294,0.4463847279548645,0.23345816135406494
Arson,Burglary,5,8,a person damaging a lock to access an interior space,75.13627811029808,51.421915336454575,0.6853092908859253,0.3540320098400116,0.3312772810459137
Arson,Burglary,5,9,an intruder exiting a building with bags or electronics,71.69702085857543,47.97617224129537,0.6747066974639893,0.392791748046875,0.28191494941711426
Arson,Explosion,6,0,"a sudden blast creating a fireball, smoke, and debris",75.66604394062277,49.68197584566894,0.70333331823349,0.3352068066596985,0.3681265115737915
Arson,Explosion,6,1,a vehicle or structure bursting violently with scattered fragments,77.13768221075858,54.98263902299203,0.6139382719993591,0.2869884967803955,0.3269497752189636
Arson,Explosion,6,2,a bright flash followed by an expanding smoke cloud,72.5788364081028,51.17423248435537,0.46330469846725464,0.21127480268478394,0.2520298957824707
Arson,Explosion,6,3,an explosive impact throwing debris across a street,77.96911941852778,51.07846496965409,0.48042479157447815,0.19215528666973114,0.2882695198059082
Arson,Explosion,6,4,a large fireball expanding after an abrupt detonation,75.78421203360006,49.78761991860592,0.6903097629547119,0.3248251974582672,0.3654845654964447
Arson,Explosion,6,5,a shockwave shaking the scene while smoke engulfs objects,75.59968102696982,50.569928722932126,0.6289154887199402,0.3017313480377197,0.32718414068222046
Arson,Explosion,6,6,an object detonating and damaging the surrounding area,75.33718282634109,50.037504729104484,0.41882115602493286,0.15849852561950684,0.260322630405426
Arson,Explosion,6,7,a blast plume rising as fragments scatter on the road,74.43647914036129,51.09662490355944,0.6099061965942383,0.3019162118434906,0.3079899847507477
Arson,Explosion,6,8,a sudden light burst with heavy smoke and debris,74.20857426729755,50.50447159225102,0.5338521003723145,0.24031925201416016,0.2935328483581543
Arson,Explosion,6,9,a violent detonation damaging a vehicle or nearby building,77.70805803335024,50.310776476722694,0.6813632249832153,0.3118092119693756,0.3695540130138397
Arson,Fighting,7,0,a group of people exchanging punches and kicks,78.31149058920491,63.117254987339045,0.22352534532546997,0.05462130531668663,0.16890403628349304
Arson,Fighting,7,1,"several people grappling, pushing, and swinging arms",82.04750012102863,66.9671401943847,0.6649983525276184,0.2825520634651184,0.3824462890625
Arson,Fighting,7,2,two opponents separating and reengaging in a brawl,75.25397724267668,58.18312127491955,0.3325287103652954,0.12474939227104187,0.20777931809425354
Arson,Fighting,7,3,multiple individuals shoving and wrestling in public,79.03346041978472,66.24115011849523,0.29656124114990234,0.08622077852487564,0.2103404700756073
Arson,Fighting,7,4,two groups clashing in a chaotic physical fight,78.09677648021412,62.126293608661676,0.3482503592967987,0.11791075021028519,0.23033961653709412
Arson,Fighting,7,5,fighters grabbing clothing while others join the conflict,75.31549090418179,59.96445517911233,0.22815890610218048,0.08532032370567322,0.14283858239650726
Arson,Fighting,7,6,a crowd surrounding combatants in an escalating brawl,79.74742798653207,64.45010136073189,0.4023551940917969,0.1264677494764328,0.2758874297142029
Arson,Fighting,7,7,people trading blows while moving unpredictably through space,76.43677569557816,59.501186594285535,0.571195125579834,0.2834826111793518,0.2877125144004822
Arson,Fighting,7,8,a mutual fight continuing despite attempts to separate,75.62668118399056,63.200799052391545,0.2870683968067169,0.10117718577384949,0.18589121103286743
Arson,Fighting,7,9,"a brawl with repeated grappling, striking, and falling",77.066110841095,58.21780898282275,0.6416264772415161,0.30551090836524963,0.3361155688762665
Arson,RoadAccidents,8,0,"a vehicle collision causing impact, debris, and disruption",77.87749249985764,54.02043522151191,0.8253965973854065,0.45636579394340515,0.36903080344200134
Arson,RoadAccidents,8,1,a car striking a pedestrian or cyclist on the road,76.29297441583583,51.1833349155658,0.6187456250190735,0.2900429368019104,0.3287026882171631
Arson,RoadAccidents,8,2,a motorbike sliding across a lane after a crash,74.15040319729354,52.37110821473063,0.6994204521179199,0.3650185167789459,0.334401935338974
Arson,RoadAccidents,8,3,vehicles swerving and colliding during a sudden accident,78.3230250243549,57.02662191705148,0.7187626361846924,0.34489187598228455,0.37387076020240784
Arson,RoadAccidents,8,4,a pedestrian knocked down by a vehicle near a crossing,77.10323855146977,55.26848097230687,0.6520318984985352,0.3086506426334381,0.34338125586509705
Arson,RoadAccidents,8,5,a damaged vehicle stopped and blocking the roadway,73.49054570132351,52.17805389010988,0.5174933075904846,0.250427782535553,0.26706552505493164
Arson,RoadAccidents,8,6,a rider thrown onto pavement after a high speed impact,78.56318274029431,57.06894216510807,0.7683433294296265,0.3761481046676636,0.3921952247619629
Arson,RoadAccidents,8,7,a traffic accident with a vehicle spinning to a halt,77.99094105319308,54.30022024646348,0.6922279000282288,0.3214627802371979,0.3707651197910309
Arson,RoadAccidents,8,8,a car hitting an obstacle with sudden debris,79.36809872952651,54.030023475864,0.45429134368896484,0.1676836758852005,0.28660768270492554
Arson,RoadAccidents,8,9,a motorbike rider falling during an intersection collision,74.3865897149719,54.46944766911089,0.638064444065094,0.3209227919578552,0.31714165210723877
Arson,Robbery,9,0,a threatening person forcing a victim to surrender valuables,73.90542616286154,48.599654316415716,0.5041380524635315,0.27417537569999695,0.22996267676353455
Arson,Robbery,9,1,an aggressor confronting someone and grabbing a purse or wallet,70.3504054884654,45.12579819224217,0.40414777398109436,0.2493550330400467,0.15479274094104767
Arson,Robbery,9,2,a victim handing over belongings under close range intimidation,75.56883938419412,51.52920177140108,0.18934914469718933,0.0829736739397049,0.10637547075748444
Arson,Robbery,9,3,a robber snatching property and escaping quickly,72.79591527585707,52.29979991529138,0.430458664894104,0.24684996902942657,0.18360869586467743
Arson,Robbery,9,4,a person threatening a clerk and demanding money,75.92371284487382,49.641893250938026,0.14228004217147827,0.0631791427731514,0.07910089939832687
Arson,Robbery,9,5,an attacker cornering a victim and seizing personal items,79.8866793506789,60.06820697743325,0.6187939047813416,0.26565641164779663,0.3531374931335449
Arson,Robbery,9,6,a forced handover following a visible threat gesture,76.14625959365075,56.02317365635474,0.2128457874059677,0.07968424260616302,0.1331615447998047
Arson,Robbery,9,7,a suspect taking valuables while the victim backs away,73.04218943534917,51.76280551200219,0.3826146721839905,0.21608132123947144,0.16653335094451904
Arson,Robbery,9,8,a person brandishing a weapon to demand property,68.82621369762441,44.513024487663166,0.465349406003952,0.29343098402023315,0.17191842198371887
Arson,Robbery,9,9,a robber approaching a victim and leaving with belongings,72.17556022691033,53.52817047656657,0.5890930891036987,0.34326913952827454,0.2458239495754242
Arson,Shooting,10,0,an armed person aiming a firearm and firing shots,73.22597210059855,48.119694008814406,0.4857824146747589,0.24887436628341675,0.23690804839134216
Arson,Shooting,10,1,a gunman pointing a weapon as people scatter,71.69313946128015,47.34799938784636,0.38287487626075745,0.20923957228660583,0.1736353039741516
Arson,Shooting,10,2,a muzzle flash appearing as a shooter targets someone,74.84013448118674,53.47279434985366,0.6498535871505737,0.3219517469406128,0.32790184020996094
Arson,Shooting,10,3,a person firing a handgun and causing panic,72.99339757731835,46.783070042153525,0.5646492838859558,0.29048702120780945,0.27416226267814636
Arson,Shooting,10,4,an armed attacker discharging a weapon in public,74.95714513949497,51.40066122085795,0.2862166464328766,0.13034799695014954,0.15586864948272705
Arson,Shooting,10,5,a victim falling after a nearby firearm is fired,79.57420192369509,59.50746350601334,0.48019200563430786,0.19042883813381195,0.2897631525993347
Arson,Shooting,10,6,a shooter raising a gun while a crowd runs,73.11364107039185,54.55771141641088,0.34264373779296875,0.1508428007364273,0.19180093705654144
Arson,Shooting,10,7,a gunfire scene with fear and rapid dispersal,75.53737911254358,51.083128851156545,0.6916898488998413,0.34410905838012695,0.34758079051971436
Arson,Shooting,10,8,a person aiming a rifle or handgun at a target,72.28464844446673,46.72950589851024,0.5591244101524353,0.3053516745567322,0.2537727355957031
Arson,Shooting,10,9,a shooter stance with recoil and fleeing people,73.34476880033573,52.79324942259891,0.367173969745636,0.17507939040660858,0.1920945793390274
Arson,Shoplifting,11,0,a shopper concealing merchandise inside clothing or a bag,72.98382878552869,54.218724374038764,0.22949904203414917,0.10899463295936584,0.12050440907478333
Arson,Shoplifting,11,1,a person removing a store item without checkout,72.55631632148204,45.59318812536798,0.08202642947435379,0.04527595639228821,0.03675047308206558
Arson,Shoplifting,11,2,a customer hiding a product and exiting an aisle,72.77505151815922,52.96555813082988,0.10849060118198395,0.053219012916088104,0.055271588265895844
Arson,Shoplifting,11,3,a shopper slipping goods into a bag while browsing,76.17021649572273,56.665654207122884,0.2227088063955307,0.09268202632665634,0.13002678751945496
Arson,Shoplifting,11,4,a person scanning surroundings before pocketing merchandise,78.91314708151569,60.69137485994314,0.08777839690446854,0.0347275473177433,0.053050849586725235
Arson,Shoplifting,11,5,someone carrying an unpaid item past the cashier,69.52927543598165,38.94474620318744,0.07652291655540466,0.058913107961416245,0.01760980859398842
Arson,Shoplifting,11,6,concealed goods disappearing beneath a jacket in a store,75.20792930304229,46.132535136662675,0.36089998483657837,0.1848996877670288,0.17600029706954956
Arson,Shoplifting,11,7,a customer manipulating shelf products and hiding one item,74.03356216303162,54.626497666134014,0.1495467871427536,0.06811542063951492,0.08143136650323868
Arson,Shoplifting,11,8,a suspect leaving a shop while holding unpaid merchandise,76.38285520461731,55.831299239051916,0.13704220950603485,0.05788054317235947,0.07916166633367538
Arson,Shoplifting,11,9,a retail theft scene with discreet concealment and exit,74.65059457624743,52.10467719175262,0.3726707398891449,0.19235774874687195,0.18031299114227295
Arson,Stealing,12,0,a person taking unattended property and leaving quickly,71.77344148038688,49.285619087899065,0.4939647316932678,0.274192214012146,0.21977251768112183
Arson,Stealing,12,1,"a thief grabbing a bicycle, bag, phone, or object",63.735526664547734,33.99103311360684,0.7881838083267212,0.5236351490020752,0.264548659324646
Arson,Stealing,12,2,a suspect approaching a valuable item and carrying it away,70.52424020229213,45.45980134423447,0.48907095193862915,0.2847369611263275,0.20433399081230164
Arson,Stealing,12,3,unattended belongings disappearing after suspicious human contact,69.02906410125762,47.06486111634172,0.5697998404502869,0.3620624840259552,0.20773735642433167
Arson,Stealing,12,4,a person lifting property while the owner is distracted,68.12152556399948,40.337104378149434,0.3987179100513458,0.25398144125938416,0.14473646879196167
Arson,Stealing,12,5,a thief cutting a lock and taking a bicycle,65.5929598612196,36.72832362948115,0.606312096118927,0.4007946848869324,0.20551741123199463
Arson,Stealing,12,6,a suspect removing a package or bag from public space,69.87523864528683,39.68352612370907,0.3216818571090698,0.19324247539043427,0.12843938171863556
Arson,Stealing,12,7,a person pocketing an unattended item and changing direction,70.32007271782865,41.84865651695049,0.601148784160614,0.3532073497772217,0.24794143438339233
Arson,Stealing,12,8,a valuable object being taken stealthily during distraction,70.63070423607306,48.434668062821835,0.3826810121536255,0.2100900262594223,0.17259098589420319
Arson,Stealing,12,9,a thief carrying stolen property away without confrontation,65.43624719818648,35.3325284224387,0.1792866736650467,0.13039447367191315,0.048892199993133545
Arson,Vandalism,13,0,a person damaging property by smashing a window or door,70.74807409824412,44.81192338442885,0.8077930808067322,0.47945377230644226,0.3283393085002899
Arson,Vandalism,13,1,someone kicking or striking an object until it breaks,75.91433363290064,58.93213951071363,0.612400233745575,0.311427503824234,0.30097272992134094
Arson,Vandalism,13,2,a suspect spraying graffiti on a wall or vehicle,73.64713862973568,47.5702480228246,0.438479483127594,0.23217272758483887,0.20630675554275513
Arson,Vandalism,13,3,a person breaking glass with repeated tool impacts,75.77830512563395,51.80409509667506,0.2919921576976776,0.13207435607910156,0.15991780161857605
Arson,Vandalism,13,4,a vandal throwing an object at a storefront or car,72.55092826353999,43.86908733689363,0.6715067625045776,0.37357524037361145,0.2979315221309662
Arson,Vandalism,13,5,"deliberate destruction of signs, windows, equipment, or furniture",69.49046146302874,42.47822164643551,0.5153658390045166,0.31142500042915344,0.20394083857536316
Arson,Vandalism,13,6,a person scratching and denting a parked vehicle,77.14650266116743,51.133547968733176,0.29694974422454834,0.12610594928264618,0.17084379494190216
Arson,Vandalism,13,7,public property being defaced with paint or graffiti,67.53220173764495,44.74606381600299,0.46773093938827515,0.28440186381340027,0.18332907557487488
Arson,Vandalism,13,8,a suspect repeatedly hitting a fixture until pieces break,77.10993371235702,59.2218209416305,0.4499848186969757,0.18680578470230103,0.2631790339946747
Arson,Vandalism,13,9,"property damage happening without theft, fire, or confrontation",67.47696416585383,45.732443057673905,0.8904533386230469,0.5801624059677124,0.3102909326553345
Assault,Normal,0,0,a normal street scene with pedestrians walking calmly,91.84611511196626,91.18075690522144,0.5810546875,0.1465163677930832,0.4345383048057556
Assault,Normal,0,1,people standing and talking without aggressive movement,79.1283485418817,63.76636836518181,0.7060632109642029,0.47598621249198914,0.23007699847221375
Assault,Normal,0,2,vehicles moving through traffic in an ordinary way,86.13032346482723,80.65697428864931,0.5419052243232727,0.1267046332359314,0.4152005910873413
Assault,Normal,0,3,shoppers browsing shelves and carrying bags normally,87.19271268322859,83.57944135096284,0.8110826015472412,0.2617630958557129,0.5493195056915283
Assault,Normal,0,4,workers calmly performing tasks around counters and equipment,91.6717487933832,91.56109436762631,0.7897050976753235,0.3185008466243744,0.4712042510509491
Assault,Normal,0,5,pedestrians crossing a walkway with regular spacing,87.62828486995777,83.99409282440588,0.5895959138870239,0.16829925775527954,0.4212966561317444
Assault,Normal,0,6,people entering and exiting buildings in a routine manner,78.377665409298,75.60910741300853,0.37529778480529785,0.21756459772586823,0.15773318707942963
Assault,Normal,0,7,a public area with ordinary walking and waiting,88.69672370206371,78.50295116123623,0.6091964840888977,0.21099638938903809,0.3982000946998596
Assault,Normal,0,8,people interacting casually without panic or force,76.18467523518264,57.11056928223791,0.7929739356040955,0.6185504794120789,0.1744234561920166
Assault,Normal,0,9,an orderly scene with predictable everyday human activity,83.48520536251918,84.2705033715976,0.5807509422302246,0.2426152527332306,0.338135689496994
Assault,Abuse,1,0,a surveillance frame of an aggressor striking a vulnerable victim,29.36722498388418,26.244255825129613,0.8440353274345398,0.84913569688797,-0.005100369453430176
Assault,Abuse,1,1,a person forcefully pushing a helpless victim against furniture,23.96860594097056,22.784873030263444,0.895794153213501,0.8799980878829956,0.01579606533050537
Assault,Abuse,1,2,a violent person grabbing and controlling a weaker victim,33.54391577021839,27.790934298866738,0.8780171871185303,0.8372218012809753,0.04079538583755493
Assault,Abuse,1,3,a victim shielding their body during repeated physical mistreatment,89.32663322129227,88.1260655539011,0.8636380434036255,0.628127932548523,0.23551011085510254
Assault,Abuse,1,4,an attacker cornering someone and delivering forceful hits,53.35857684763897,38.75490929623972,0.8944193124771118,0.8346707224845886,0.05974858999252319
Assault,Abuse,1,5,a person dragging a resisting victim across the floor,22.946845969858764,21.294790113199642,0.8359940052032471,0.8299645781517029,0.0060294270515441895
Assault,Abuse,1,6,a vulnerable person recoiling from sustained aggressive body contact,23.608388408940144,22.008985696772946,0.8729732036590576,0.8453730940818787,0.027600109577178955
Assault,Abuse,1,7,a stronger aggressor overpowering a weaker person indoors,22.921689572767118,22.32812381079046,0.8912840485572815,0.886681318283081,0.0046027302742004395
Assault,Abuse,1,8,a victim collapsing after repeated blows from another person,37.03121090463174,26.399981322524813,0.8698292374610901,0.8394573926925659,0.03037184476852417
Assault,Abuse,1,9,a hostile person restraining and hurting a defenseless target,44.91684592508538,31.83392184387016,0.8752422332763672,0.8371248245239258,0.038117408752441406
Assault,Arrest,2,0,a surveillance frame of police restraining a suspect,80.57194672299921,77.5702321742847,0.6833144426345825,0.49603572487831116,0.18727871775627136
Assault,Arrest,2,1,officers handcuffing a detained person with controlled posture,42.0083874093482,28.81312363185734,0.7357678413391113,0.7462601661682129,-0.010492324829101562
Assault,Arrest,2,2,police surrounding a suspect and directing surrender,88.40660255464464,89.71139989000464,0.6946382522583008,0.30751216411590576,0.387126088142395
Assault,Arrest,2,3,uniformed officers escorting a suspect toward a patrol car,88.85921986638995,87.97228184469708,0.7536673545837402,0.4482167661190033,0.30545058846473694
Assault,Arrest,2,4,law enforcement pinning a resisting person during detention,53.90503085250927,39.810992050204455,0.833039402961731,0.7827411890029907,0.050298213958740234
Assault,Arrest,2,5,officers searching a suspect after applying physical restraint,68.29278235270412,58.12011790586398,0.6666942238807678,0.5501446723937988,0.116549551486969
Assault,Arrest,2,6,a patrol team blocking a suspect from escaping,90.22968123741985,89.92863476668482,0.8332316875457764,0.5349514484405518,0.2982802391052246
Assault,Arrest,2,7,police pulling a suspect's arms behind their back,89.49933355331297,90.08010695387978,0.7591219544410706,0.4392252564430237,0.3198966979980469
Assault,Arrest,2,8,a detained person being guided beside police officers,91.75806772214551,92.71016993417416,0.6558462381362915,0.17059467732906342,0.4852515459060669
Assault,Arrest,2,9,officers immobilizing a suspect using coordinated restraint,32.628393679705134,24.173106502565346,0.7562832236289978,0.805051863193512,-0.04876863956451416
Assault,Arson,3,0,a person igniting flammable material near property,87.00031206010794,87.73886971558125,0.45394229888916016,0.23069889843463898,0.22324340045452118
Assault,Arson,3,1,a suspicious person pouring liquid before visible flames appear,86.25191965904753,87.6760165283731,0.5320519804954529,0.21984173357486725,0.3122102618217468
Assault,Arson,3,2,a small fire spreading across a vehicle or building surface,19.802567056219445,20.802886729095672,0.16946081817150116,0.47820085287094116,-0.3087400197982788
Assault,Arson,3,3,bright flames emerging after someone approaches a combustible target,22.18547969844394,21.273838315238173,0.5280572175979614,0.7207849621772766,-0.19272774457931519
Assault,Arson,3,4,a person fleeing as a deliberately started fire grows,26.852439092832835,22.576968399262032,0.5811556577682495,0.6651206016540527,-0.08396494388580322
Assault,Arson,3,5,smoke and flames rising from unattended damaged property,31.796045968317728,25.56613624851559,0.12740860879421234,0.1817721724510193,-0.054363563656806946
Assault,Arson,3,6,a surveillance frame showing deliberate ignition near a structure,55.070076080400085,45.06673980572895,0.13463105261325836,0.11953790485858917,0.01509314775466919
Assault,Arson,3,7,"fire spreading around an entrance, window, or vehicle",16.55979709949657,20.136454664654142,0.1665545254945755,0.6406546831130981,-0.47410017251968384
Assault,Arson,3,8,a person handling a lighter before a sudden flame outbreak,85.51554318606811,84.15387605263885,0.7489194273948669,0.5836331844329834,0.16528624296188354
Assault,Arson,3,9,a property surface burning after a suspicious human action,21.133648669881538,20.975976635789014,0.2635081708431244,0.4994770288467407,-0.23596885800361633
Assault,Assault,4,0,a person punching another person in a close confrontation,61.09674082007564,53.965706226291864,0.8958580493927002,0.8230718374252319,0.07278621196746826
Assault,Assault,4,1,an attacker lunging toward a victim with a forceful strike,68.16186704615063,58.15602582948982,0.9094043970108032,0.8377276062965393,0.07167679071426392
Assault,Assault,4,2,two people colliding violently during a street confrontation,73.95251355201977,63.09300889894915,0.848234236240387,0.7471886277198792,0.10104560852050781
Assault,Assault,4,3,an aggressor kicking a fallen victim on the ground,41.74672339489744,28.736936008162235,0.865687906742096,0.8337160348892212,0.031971871852874756
Assault,Assault,4,4,a victim stumbling backward after a direct body hit,54.88021608678707,39.112304032103005,0.8718706369400024,0.8099026679992676,0.06196796894073486
Assault,Assault,4,5,an attacker swinging arms repeatedly at another person,79.34941454629096,75.01785459672512,0.8938791751861572,0.7814826965332031,0.1123964786529541
Assault,Assault,4,6,a person shoving an opponent hard enough to lose balance,50.00347774694893,36.171121940871,0.8944294452667236,0.8421877026557922,0.052241742610931396
Assault,Assault,4,7,"a close range attack with punches, kicks, and defense",59.469686281194164,44.72003351067557,0.8824787735939026,0.8287327885627747,0.05374598503112793
Assault,Assault,4,8,an aggressor pursuing a target while continuing to strike,49.011820070535784,35.42682351067139,0.8582814335823059,0.820182204246521,0.03809922933578491
Assault,Assault,4,9,a victim shielding their face during a rapid attack,79.77133605562479,74.37157395512311,0.8877969980239868,0.7645741701126099,0.12322282791137695
Assault,Burglary,5,0,a surveillance frame of an intruder forcing a doorway,21.068112923484673,21.551594234692566,0.7624971270561218,0.8777823448181152,-0.11528521776199341
Assault,Burglary,5,1,a person prying a lock to enter a restricted room,19.153009307971047,20.525174067075074,0.8648284077644348,0.8908184766769409,-0.025990068912506104
Assault,Burglary,5,2,a masked intruder breaking a barrier into private property,16.7673061382546,20.143171958036298,0.7671476602554321,0.892132580280304,-0.12498492002487183
Assault,Burglary,5,3,a suspect searching drawers and shelves after unauthorized entry,86.45218165625927,88.11503353619513,0.87481689453125,0.748744010925293,0.12607288360595703
Assault,Burglary,5,4,an intruder carrying stolen items from a damaged entrance,91.95249876638901,93.43072441847173,0.7747130393981934,0.45424363017082214,0.3204694092273712
Assault,Burglary,5,5,a person climbing through a window into closed property,13.895926235945971,19.729605614225783,0.5606581568717957,0.8614657521247864,-0.3008075952529907
Assault,Burglary,5,6,a suspicious person slipping inside after a doorway opens,20.24938465224457,20.85154935648881,0.7814574241638184,0.8310813903808594,-0.049623966217041016
Assault,Burglary,5,7,a burglar moving quietly through a room collecting valuables,15.23425489115433,19.970764189977384,0.8280555605888367,0.8974375128746033,-0.0693819522857666
Assault,Burglary,5,8,a person damaging a lock to access an interior space,25.666818930896856,22.767810868876058,0.7276288866996765,0.783971905708313,-0.056343019008636475
Assault,Burglary,5,9,an intruder exiting a building with bags or electronics,15.070446762410223,19.904698955888804,0.7118241786956787,0.8611701130867004,-0.14934593439102173
Assault,Explosion,6,0,"a sudden blast creating a fireball, smoke, and debris",86.45641950957729,85.39694171749248,0.41729116439819336,0.15402668714523315,0.2632644772529602
Assault,Explosion,6,1,a vehicle or structure bursting violently with scattered fragments,60.05729015415477,45.34435571540737,0.42779070138931274,0.3688772916793823,0.05891340970993042
Assault,Explosion,6,2,a bright flash followed by an expanding smoke cloud,85.55826532897665,85.93917158357479,0.2593972086906433,0.058536652475595474,0.20086055994033813
Assault,Explosion,6,3,an explosive impact throwing debris across a street,88.58374898830361,89.61888996250538,0.4387814402580261,0.05542326346039772,0.3833581805229187
Assault,Explosion,6,4,a large fireball expanding after an abrupt detonation,78.60662402504644,75.72066288000087,0.47015631198883057,0.3012228012084961,0.16893351078033447
Assault,Explosion,6,5,a shockwave shaking the scene while smoke engulfs objects,90.18482454922828,90.32588354458083,0.4722737669944763,0.16066354513168335,0.31161022186279297
Assault,Explosion,6,6,an object detonating and damaging the surrounding area,90.53020438843768,90.74060694076671,0.20527862012386322,0.033027563244104385,0.17225106060504913
Assault,Explosion,6,7,a blast plume rising as fragments scatter on the road,86.24999336208478,88.13452681109362,0.3087114095687866,0.03271536901593208,0.27599602937698364
Assault,Explosion,6,8,a sudden light burst with heavy smoke and debris,85.65837029654247,85.43976284795536,0.24697591364383698,0.054284363985061646,0.19269154965877533
Assault,Explosion,6,9,a violent detonation damaging a vehicle or nearby building,70.24633902056026,60.99821326880248,0.2110733985900879,0.13476288318634033,0.07631051540374756
Assault,Fighting,7,0,a group of people exchanging punches and kicks,92.21595371639431,93.33366652889711,0.9076253771781921,0.5973869562149048,0.31023842096328735
Assault,Fighting,7,1,"several people grappling, pushing, and swinging arms",45.94495746996616,31.010543045251126,0.8959389925003052,0.8431558012962341,0.052783191204071045
Assault,Fighting,7,2,two opponents separating and reengaging in a brawl,82.57655546657567,76.50217921081779,0.8786965608596802,0.7216048240661621,0.15709173679351807
Assault,Fighting,7,3,multiple individuals shoving and wrestling in public,85.48599274941824,79.4790851611996,0.8912496566772461,0.7569762468338013,0.13427340984344482
Assault,Fighting,7,4,two groups clashing in a chaotic physical fight,87.03324653196263,83.57286256193628,0.8944445252418518,0.7369436621665955,0.15750086307525635
Assault,Fighting,7,5,fighters grabbing clothing while others join the conflict,90.42020762565782,91.48196116932652,0.828201174736023,0.4079328775405884,0.42026829719543457
Assault,Fighting,7,6,a crowd surrounding combatants in an escalating brawl,91.2257225409752,91.14682756144006,0.9217528700828552,0.7600045800209045,0.16174829006195068
Assault,Fighting,7,7,people trading blows while moving unpredictably through space,38.59665517795392,27.15820413929844,0.7611935138702393,0.7469675540924072,0.014225959777832031
Assault,Fighting,7,8,a mutual fight continuing despite attempts to separate,88.01493952624965,87.16621355994818,0.8665408492088318,0.7071396112442017,0.15940123796463013
Assault,Fighting,7,9,"a brawl with repeated grappling, striking, and falling",39.74716467308814,28.05504477706398,0.8910582065582275,0.8575037121772766,0.03355449438095093
Assault,RoadAccidents,8,0,"a vehicle collision causing impact, debris, and disruption",19.94634169655117,20.78478533984699,0.3498808741569519,0.5825168490409851,-0.2326359748840332
Assault,RoadAccidents,8,1,a car striking a pedestrian or cyclist on the road,88.61903666617764,89.31077298460019,0.6034932732582092,0.12121129781007767,0.48228198289871216
Assault,RoadAccidents,8,2,a motorbike sliding across a lane after a crash,87.68664646172047,89.26078680670318,0.668809175491333,0.11888784915208817,0.5499213337898254
Assault,RoadAccidents,8,3,vehicles swerving and colliding during a sudden accident,69.26423994204866,60.16275234408761,0.43520018458366394,0.29183274507522583,0.1433674395084381
Assault,RoadAccidents,8,4,a pedestrian knocked down by a vehicle near a crossing,85.8104019827739,86.30636719397958,0.6361967921257019,0.22629329562187195,0.40990349650382996
Assault,RoadAccidents,8,5,a damaged vehicle stopped and blocking the roadway,83.69683771801907,84.79227532310233,0.39907482266426086,0.10968439280986786,0.2893904447555542
Assault,RoadAccidents,8,6,a rider thrown onto pavement after a high speed impact,79.11725931882599,75.18216087722334,0.6866863369941711,0.43845582008361816,0.24823051691055298
Assault,RoadAccidents,8,7,a traffic accident with a vehicle spinning to a halt,82.05593466583798,82.11289468447596,0.501168966293335,0.17297597229480743,0.3281930088996887
Assault,RoadAccidents,8,8,a car hitting an obstacle with sudden debris,91.53184757180897,91.14606192671675,0.5452649593353271,0.04860203340649605,0.4966629147529602
Assault,RoadAccidents,8,9,a motorbike rider falling during an intersection collision,88.47439779531669,89.34394232762611,0.6765761971473694,0.14466695487499237,0.5319092273712158
Assault,Robbery,9,0,a threatening person forcing a victim to surrender valuables,61.74848517568714,55.11675470349044,0.9173779487609863,0.8773318529129028,0.040046095848083496
Assault,Robbery,9,1,an aggressor confronting someone and grabbing a purse or wallet,89.61075681708685,88.14350742150872,0.9344768524169922,0.8843119740486145,0.050164878368377686
Assault,Robbery,9,2,a victim handing over belongings under close range intimidation,92.75928399646018,93.94431110471874,0.7761026620864868,0.22202448546886444,0.5540781617164612
Assault,Robbery,9,3,a robber snatching property and escaping quickly,92.68329418438452,94.13682257540505,0.8915654420852661,0.7424455881118774,0.14911985397338867
Assault,Robbery,9,4,a person threatening a clerk and demanding money,93.4181712694578,94.73512065301134,0.9094013571739197,0.521949827671051,0.38745152950286865
Assault,Robbery,9,5,an attacker cornering a victim and seizing personal items,79.19553986242491,75.10923636096717,0.9179167151451111,0.827250599861145,0.09066611528396606
Assault,Robbery,9,6,a forced handover following a visible threat gesture,85.55273633607281,83.37677585143324,0.855689287185669,0.698515772819519,0.1571735143661499
Assault,Robbery,9,7,a suspect taking valuables while the victim backs away,92.519892139865,93.67972254134371,0.9192472696304321,0.8102067708969116,0.10904049873352051
Assault,Robbery,9,8,a person brandishing a weapon to demand property,92.90204863243848,94.26417926053419,0.9006883502006531,0.7330067157745361,0.16768163442611694
Assault,Robbery,9,9,a robber approaching a victim and leaving with belongings,90.21368776642117,90.97844355399033,0.9133443832397461,0.8103210926055908,0.10302329063415527
Assault,Shooting,10,0,an armed person aiming a firearm and firing shots,92.02569805097274,92.28237978246045,0.7983074188232422,0.47172459959983826,0.32658281922340393
Assault,Shooting,10,1,a gunman pointing a weapon as people scatter,92.53761407192209,93.56780240529812,0.8633190989494324,0.5899467468261719,0.2733723521232605
Assault,Shooting,10,2,a muzzle flash appearing as a shooter targets someone,53.724885643038014,46.97515527349723,0.7818089127540588,0.7445864081382751,0.03722250461578369
Assault,Shooting,10,3,a person firing a handgun and causing panic,91.85776660548679,92.2295373246184,0.8004595041275024,0.526945173740387,0.2735143303871155
Assault,Shooting,10,4,an armed attacker discharging a weapon in public,93.6305116692467,94.86177953452682,0.8179764151573181,0.18366514146327972,0.6343112587928772
Assault,Shooting,10,5,a victim falling after a nearby firearm is fired,90.65553864000726,90.14878944419948,0.8221585750579834,0.47016969323158264,0.35198888182640076
Assault,Shooting,10,6,a shooter raising a gun while a crowd runs,91.99179522442869,92.83596061661075,0.8826507329940796,0.5753781795501709,0.3072725534439087
Assault,Shooting,10,7,a gunfire scene with fear and rapid dispersal,88.42840615377952,87.14217023562821,0.7906510829925537,0.5732553005218506,0.21739578247070312
Assault,Shooting,10,8,a person aiming a rifle or handgun at a target,92.93316093149058,94.09593674708793,0.8864542841911316,0.6465603709220886,0.23989391326904297
Assault,Shooting,10,9,a shooter stance with recoil and fleeing people,75.72051055407692,70.23684455451685,0.8669958114624023,0.7494415640830994,0.11755424737930298
Assault,Shoplifting,11,0,a shopper concealing merchandise inside clothing or a bag,92.81114824062969,92.96712606370919,0.917065441608429,0.5179508328437805,0.39911460876464844
Assault,Shoplifting,11,1,a person removing a store item without checkout,98.26843083537045,96.95465293712775,0.8886128664016724,0.2839621603488922,0.6046507358551025
Assault,Shoplifting,11,2,a customer hiding a product and exiting an aisle,92.2154539204256,92.79879196617364,0.8998848795890808,0.5183032155036926,0.3815816640853882
Assault,Shoplifting,11,3,a shopper slipping goods into a bag while browsing,91.37197533631844,92.05021654717834,0.9069848656654358,0.4957096576690674,0.4112752079963684
Assault,Shoplifting,11,4,a person scanning surroundings before pocketing merchandise,91.1329270894517,92.34523495219068,0.8531064987182617,0.38796013593673706,0.46514636278152466
Assault,Shoplifting,11,5,someone carrying an unpaid item past the cashier,96.58566987081004,95.21527811331781,0.8613723516464233,0.19592685997486115,0.6654455065727234
Assault,Shoplifting,11,6,concealed goods disappearing beneath a jacket in a store,86.45358733242128,87.87873048250724,0.8400654792785645,0.5325130820274353,0.30755239725112915
Assault,Shoplifting,11,7,a customer manipulating shelf products and hiding one item,92.43206341078054,93.42037804462717,0.9177467226982117,0.6769896149635315,0.24075710773468018
Assault,Shoplifting,11,8,a suspect leaving a shop while holding unpaid merchandise,92.08646491083485,93.30365907432869,0.8504838943481445,0.4126639664173126,0.4378199279308319
Assault,Shoplifting,11,9,a retail theft scene with discreet concealment and exit,91.56519854030424,92.74591415359464,0.8624697923660278,0.6221426129341125,0.24032717943191528
Assault,Stealing,12,0,a person taking unattended property and leaving quickly,28.911088275525852,22.60018267567897,0.531390368938446,0.5854847431182861,-0.05409437417984009
Assault,Stealing,12,1,"a thief grabbing a bicycle, bag, phone, or object",83.3240211626108,82.00665058652659,0.9559342265129089,0.8707196712493896,0.08521455526351929
Assault,Stealing,12,2,a suspect approaching a valuable item and carrying it away,87.37409697020561,89.00561838592792,0.8782036304473877,0.6881925463676453,0.19001108407974243
Assault,Stealing,12,3,unattended belongings disappearing after suspicious human contact,72.24341958735803,69.36244454491703,0.6696308255195618,0.568183183670044,0.10144764184951782
Assault,Stealing,12,4,a person lifting property while the owner is distracted,83.01308559557822,81.99328057040134,0.743549644947052,0.6054753661155701,0.13807427883148193
Assault,Stealing,12,5,a thief cutting a lock and taking a bicycle,83.82930447455877,84.81077401380861,0.7878773212432861,0.6401975154876709,0.14767980575561523
Assault,Stealing,12,6,a suspect removing a package or bag from public space,93.0881705687022,94.1768259978034,0.8707453012466431,0.43735674023628235,0.4333885610103607
Assault,Stealing,12,7,a person pocketing an unattended item and changing direction,87.18363305646372,88.6293123218751,0.8653451204299927,0.5883929133415222,0.27695220708847046
Assault,Stealing,12,8,a valuable object being taken stealthily during distraction,61.13148705231687,48.140935939463944,0.8730320334434509,0.8036602735519409,0.06937175989151001
Assault,Stealing,12,9,a thief carrying stolen property away without confrontation,89.44565754875693,90.42348056219215,0.7729883790016174,0.3119847774505615,0.4610036015510559
Assault,Vandalism,13,0,a person damaging property by smashing a window or door,20.21478419382754,26.89958097788071,0.5299223065376282,0.8610272407531738,-0.33110493421554565
Assault,Vandalism,13,1,someone kicking or striking an object until it breaks,28.639428341700924,25.33123777139346,0.8032266497612,0.8135554194450378,-0.01032876968383789
Assault,Vandalism,13,2,a suspect spraying graffiti on a wall or vehicle,92.81298082584829,94.0698890860927,0.6044641733169556,0.11721610277891159,0.4872480630874634
Assault,Vandalism,13,3,a person breaking glass with repeated tool impacts,91.22492078494206,92.31668204115331,0.8726468682289124,0.7154629230499268,0.1571839451789856
Assault,Vandalism,13,4,a vandal throwing an object at a storefront or car,92.62905590936367,93.51766961612873,0.7150887250900269,0.38766273856163025,0.3274259865283966
Assault,Vandalism,13,5,"deliberate destruction of signs, windows, equipment, or furniture",83.11888615470414,83.36332319686328,0.37510448694229126,0.21165291965007782,0.16345156729221344
Assault,Vandalism,13,6,a person scratching and denting a parked vehicle,87.26834847315976,88.51572355298403,0.6455610990524292,0.21781083941459656,0.42775025963783264
Assault,Vandalism,13,7,public property being defaced with paint or graffiti,73.16497046674384,71.15937109661715,0.2736091613769531,0.18586742877960205,0.08774173259735107
Assault,Vandalism,13,8,a suspect repeatedly hitting a fixture until pieces break,64.27537029414762,57.890206074190885,0.8205170035362244,0.7281903624534607,0.09232664108276367
Assault,Vandalism,13,9,"property damage happening without theft, fire, or confrontation",14.928244396896728,21.473882245707337,0.368796169757843,0.8574212789535522,-0.48862510919570923
Burglary,Normal,0,0,a normal street scene with pedestrians walking calmly,64.89565225112331,44.2360905127807,0.16505281627178192,0.09966915845870972,0.0653836578130722
Burglary,Normal,0,1,people standing and talking without aggressive movement,44.21064140243705,19.162564184867996,0.28075700998306274,0.3056429326534271,-0.02488592267036438
Burglary,Normal,0,2,vehicles moving through traffic in an ordinary way,60.910691473296765,35.487635691191606,0.1080523133277893,0.06971575319766998,0.038336560130119324
Burglary,Normal,0,3,shoppers browsing shelves and carrying bags normally,46.347996258390346,18.85781333493774,0.19369997084140778,0.224234476685524,-0.03053450584411621
Burglary,Normal,0,4,workers calmly performing tasks around counters and equipment,64.1512513661392,42.91650600694996,0.22346368432044983,0.14789797365665436,0.07556571066379547
Burglary,Normal,0,5,pedestrians crossing a walkway with regular spacing,60.948767048510064,34.66561671796492,0.20115230977535248,0.1503623127937317,0.05078999698162079
Burglary,Normal,0,6,people entering and exiting buildings in a routine manner,64.05942920764119,32.15793488666579,0.2132546454668045,0.15171636641025543,0.06153827905654907
Burglary,Normal,0,7,a public area with ordinary walking and waiting,59.049821033029644,32.5045872511367,0.21821926534175873,0.15423555672168732,0.06398370862007141
Burglary,Normal,0,8,people interacting casually without panic or force,39.97154147857923,16.833386523575587,0.44068020582199097,0.5192300081253052,-0.07854980230331421
Burglary,Normal,0,9,an orderly scene with predictable everyday human activity,65.42948281859178,36.568423166428246,0.14229483902454376,0.10130433738231659,0.04099050164222717
Burglary,Abuse,1,0,a surveillance frame of an aggressor striking a vulnerable victim,65.84296090059087,32.23503329122699,0.593445897102356,0.4152792692184448,0.17816662788391113
Burglary,Abuse,1,1,a person forcefully pushing a helpless victim against furniture,63.018717133357704,26.29949672709889,0.6872732043266296,0.5030536651611328,0.18421953916549683
Burglary,Abuse,1,2,a violent person grabbing and controlling a weaker victim,63.97062792667134,27.049226885675687,0.4826374650001526,0.33351656794548035,0.14912089705467224
Burglary,Abuse,1,3,a victim shielding their body during repeated physical mistreatment,69.26167185712703,46.081718564030346,0.3227532207965851,0.16807585954666138,0.1546773612499237
Burglary,Abuse,1,4,an attacker cornering someone and delivering forceful hits,71.43482921796164,38.95341077119825,0.5011137127876282,0.28945842385292053,0.21165528893470764
Burglary,Abuse,1,5,a person dragging a resisting victim across the floor,60.8426261940729,23.757274628572308,0.4556172490119934,0.3724490702152252,0.08316817879676819
Burglary,Abuse,1,6,a vulnerable person recoiling from sustained aggressive body contact,61.435706481042885,25.129003631326906,0.47280555963516235,0.3726641833782196,0.10014137625694275
Burglary,Abuse,1,7,a stronger aggressor overpowering a weaker person indoors,60.808001403167964,27.03842670378941,0.7071624398231506,0.5501493215560913,0.15701311826705933
Burglary,Abuse,1,8,a victim collapsing after repeated blows from another person,70.6679381139101,34.695753518137096,0.5677637457847595,0.34901756048202515,0.21874618530273438
Burglary,Abuse,1,9,a hostile person restraining and hurting a defenseless target,71.2643736503484,36.68336481841721,0.5632510781288147,0.34683120250701904,0.21641987562179565
Burglary,Arrest,2,0,a surveillance frame of police restraining a suspect,63.65018595449974,27.635676825189602,0.23037433624267578,0.16492712497711182,0.06544721126556396
Burglary,Arrest,2,1,officers handcuffing a detained person with controlled posture,69.27616679837452,39.27940868450186,0.3543040454387665,0.2100093513727188,0.14429469406604767
Burglary,Arrest,2,2,police surrounding a suspect and directing surrender,66.54357388578825,32.435217274924305,0.09143850207328796,0.06365324556827545,0.027785256505012512
Burglary,Arrest,2,3,uniformed officers escorting a suspect toward a patrol car,70.00629675483951,38.06712388992518,0.21720436215400696,0.11845716834068298,0.09874719381332397
Burglary,Arrest,2,4,law enforcement pinning a resisting person during detention,62.17908448437761,26.974471305800524,0.30880996584892273,0.23619475960731506,0.07261520624160767
Burglary,Arrest,2,5,officers searching a suspect after applying physical restraint,71.0066124161577,38.9826959314345,0.21418792009353638,0.10486415028572083,0.10932376980781555
Burglary,Arrest,2,6,a patrol team blocking a suspect from escaping,64.13515374559242,28.372856880394913,0.1762797236442566,0.12396584451198578,0.05231387913227081
Burglary,Arrest,2,7,police pulling a suspect's arms behind their back,65.88651490473475,30.51681376274894,0.18453271687030792,0.1177487000823021,0.06678401678800583
Burglary,Arrest,2,8,a detained person being guided beside police officers,68.94577273131458,33.684242183047495,0.061334289610385895,0.03502668812870979,0.0263076014816761
Burglary,Arrest,2,9,officers immobilizing a suspect using coordinated restraint,71.01461428258727,34.57440950663667,0.36419421434402466,0.1923295110464096,0.17186470329761505
Burglary,Arson,3,0,a person igniting flammable material near property,61.642007379500185,32.92364756856501,0.31827184557914734,0.228920117020607,0.08935172855854034
Burglary,Arson,3,1,a suspicious person pouring liquid before visible flames appear,62.81902790469216,33.05198619111411,0.3265405595302582,0.2291368693113327,0.09740369021892548
Burglary,Arson,3,2,a small fire spreading across a vehicle or building surface,66.94071386298805,36.46485118862122,0.5658098459243774,0.3714214563369751,0.19438838958740234
Burglary,Arson,3,3,bright flames emerging after someone approaches a combustible target,62.88132156185565,32.186548751173675,0.549376368522644,0.41146984696388245,0.1379065215587616
Burglary,Arson,3,4,a person fleeing as a deliberately started fire grows,59.72146884301826,32.06969913750785,0.46659529209136963,0.38671356439590454,0.07988172769546509
Burglary,Arson,3,5,smoke and flames rising from unattended damaged property,70.04022480027312,38.12781406448273,0.3444676995277405,0.1791950911283493,0.16527260839939117
Burglary,Arson,3,6,a surveillance frame showing deliberate ignition near a structure,64.28189031843704,34.20161653859736,0.25605058670043945,0.15256083011627197,0.10348975658416748
Burglary,Arson,3,7,"fire spreading around an entrance, window, or vehicle",64.51062872708448,35.3824272037268,0.707912027835846,0.503871738910675,0.2040402889251709
Burglary,Arson,3,8,a person handling a lighter before a sudden flame outbreak,60.194369595522424,33.919832068263,0.4976641535758972,0.40490221977233887,0.09276193380355835
Burglary,Arson,3,9,a property surface burning after a suspicious human action,62.57514557674592,33.68344824323673,0.4304121434688568,0.29664838314056396,0.13376376032829285
Burglary,Assault,4,0,a person punching another person in a close confrontation,65.0956544387476,29.902415871911664,0.494640052318573,0.3271002471446991,0.1675398051738739
Burglary,Assault,4,1,an attacker lunging toward a victim with a forceful strike,72.90238272178296,48.15343343528732,0.5647985935211182,0.3304147720336914,0.23438382148742676
Burglary,Assault,4,2,two people colliding violently during a street confrontation,67.195042431547,31.27992550931572,0.46437546610832214,0.2899799346923828,0.17439553141593933
Burglary,Assault,4,3,an aggressor kicking a fallen victim on the ground,74.2151977863301,40.8950418477964,0.5406724810600281,0.2943197190761566,0.24635276198387146
Burglary,Assault,4,4,a victim stumbling backward after a direct body hit,69.0073317585012,31.612186002909777,0.45145556330680847,0.2758682668209076,0.17558729648590088
Burglary,Assault,4,5,an attacker swinging arms repeatedly at another person,65.18094399076978,28.84250521650805,0.3832302689552307,0.2494165152311325,0.1338137537240982
Burglary,Assault,4,6,a person shoving an opponent hard enough to lose balance,72.02941829654328,41.019920673737516,0.5464484691619873,0.3242082893848419,0.22224017977714539
Burglary,Assault,4,7,"a close range attack with punches, kicks, and defense",74.40142977976927,43.84522105526713,0.5488899350166321,0.2877674698829651,0.261122465133667
Burglary,Assault,4,8,an aggressor pursuing a target while continuing to strike,69.08729771391974,34.76336966983749,0.5240857601165771,0.3218587040901184,0.20222705602645874
Burglary,Assault,4,9,a victim shielding their face during a rapid attack,67.82280680690882,36.08317241474835,0.47707176208496094,0.29109203815460205,0.1859797239303589
Burglary,Burglary,5,0,a surveillance frame of an intruder forcing a doorway,56.450975249347344,25.15534710617709,0.7228315472602844,0.6236291527748108,0.09920239448547363
Burglary,Burglary,5,1,a person prying a lock to enter a restricted room,52.82658601796657,22.195143870035828,0.7505881190299988,0.6724395155906677,0.07814860343933105
Burglary,Burglary,5,2,a masked intruder breaking a barrier into private property,56.2750593714801,22.603793818514635,0.7739466428756714,0.6790400743484497,0.09490656852722168
Burglary,Burglary,5,3,a suspect searching drawers and shelves after unauthorized entry,54.91579955030166,21.42781305812746,0.6161026954650879,0.5374405980110168,0.07866209745407104
Burglary,Burglary,5,4,an intruder carrying stolen items from a damaged entrance,59.375673900882866,23.9624183383575,0.5230836272239685,0.40494823455810547,0.11813539266586304
Burglary,Burglary,5,5,a person climbing through a window into closed property,57.59011785761577,25.238410644819375,0.6994761228561401,0.6069825291633606,0.09249359369277954
Burglary,Burglary,5,6,a suspicious person slipping inside after a doorway opens,59.44410155363791,27.21269361211499,0.6354122757911682,0.5456104278564453,0.0898018479347229
Burglary,Burglary,5,7,a burglar moving quietly through a room collecting valuables,52.96069881470654,21.002872267614332,0.8090983629226685,0.7323422431945801,0.07675611972808838
Burglary,Burglary,5,8,a person damaging a lock to access an interior space,59.743608218621404,24.899813800417707,0.6764969229698181,0.5313739776611328,0.1451229453086853
Burglary,Burglary,5,9,an intruder exiting a building with bags or electronics,53.55135778762723,22.91263874798994,0.7386734485626221,0.673225462436676,0.06544798612594604
Burglary,Explosion,6,0,"a sudden blast creating a fireball, smoke, and debris",69.04712531368278,37.62281341334555,0.3184434473514557,0.1715608686208725,0.1468825787305832
Burglary,Explosion,6,1,a vehicle or structure bursting violently with scattered fragments,70.46549155210272,38.871117464653246,0.295316606760025,0.14948806166648865,0.14582854509353638
Burglary,Explosion,6,2,a bright flash followed by an expanding smoke cloud,67.0992440471204,35.73459059971768,0.15920329093933105,0.0722699761390686,0.08693331480026245
Burglary,Explosion,6,3,an explosive impact throwing debris across a street,66.2348728160271,34.85583308592139,0.17826563119888306,0.09959579259157181,0.07866983860731125
Burglary,Explosion,6,4,a large fireball expanding after an abrupt detonation,67.59904774001038,36.77431239576927,0.3652082085609436,0.21032904088497162,0.15487916767597198
Burglary,Explosion,6,5,a shockwave shaking the scene while smoke engulfs objects,68.78062758308565,38.22872271580526,0.32635605335235596,0.18050314486026764,0.14585290849208832
Burglary,Explosion,6,6,an object detonating and damaging the surrounding area,75.5304176934024,46.12859456921332,0.13155421614646912,0.04013669863343239,0.09141752123832703
Burglary,Explosion,6,7,a blast plume rising as fragments scatter on the road,72.36152704926671,42.751561087055336,0.20654352009296417,0.08579586446285248,0.1207476556301117
Burglary,Explosion,6,8,a sudden light burst with heavy smoke and debris,70.15450094048543,38.59632408208128,0.16977542638778687,0.07060673832893372,0.09916868805885315
Burglary,Explosion,6,9,a violent detonation damaging a vehicle or nearby building,71.47888725074435,42.085222181684316,0.32640501856803894,0.14849615097045898,0.17790886759757996
Burglary,Fighting,7,0,a group of people exchanging punches and kicks,69.2453996384243,35.332886029378884,0.2661043703556061,0.14993321895599365,0.11617115139961243
Burglary,Fighting,7,1,"several people grappling, pushing, and swinging arms",73.0229855744193,41.50224126412878,0.5625128746032715,0.2905004918575287,0.2720123827457428
Burglary,Fighting,7,2,two opponents separating and reengaging in a brawl,74.70878183170296,43.32767718705164,0.3048069477081299,0.13744637370109558,0.1673605740070343
Burglary,Fighting,7,3,multiple individuals shoving and wrestling in public,69.87454926896673,35.165907165828294,0.266567587852478,0.14867568016052246,0.11789190769195557
Burglary,Fighting,7,4,two groups clashing in a chaotic physical fight,70.6166952022954,35.22512757803467,0.27956047654151917,0.1472712904214859,0.13228918612003326
Burglary,Fighting,7,5,fighters grabbing clothing while others join the conflict,62.61176836352963,27.12456301894526,0.18292085826396942,0.13506577908992767,0.04785507917404175
Burglary,Fighting,7,6,a crowd surrounding combatants in an escalating brawl,71.15723132724325,38.44981693008476,0.4053432047367096,0.21747443079948425,0.18786877393722534
Burglary,Fighting,7,7,people trading blows while moving unpredictably through space,63.92944911630916,30.49473143070015,0.47603073716163635,0.34829458594322205,0.1277361512184143
Burglary,Fighting,7,8,a mutual fight continuing despite attempts to separate,64.74767207820577,29.142019740427227,0.26579785346984863,0.19270458817481995,0.07309326529502869
Burglary,Fighting,7,9,"a brawl with repeated grappling, striking, and falling",72.26793584907553,38.019177970577736,0.6004852652549744,0.3511629104614258,0.24932235479354858
Burglary,RoadAccidents,8,0,"a vehicle collision causing impact, debris, and disruption",71.92967992354126,42.103130211751576,0.5079097151756287,0.2801649272441864,0.22774478793144226
Burglary,RoadAccidents,8,1,a car striking a pedestrian or cyclist on the road,69.29409934671105,49.83188793877492,0.2737359404563904,0.1150621697306633,0.15867376327514648
Burglary,RoadAccidents,8,2,a motorbike sliding across a lane after a crash,66.58505906649954,41.92474414821869,0.29810965061187744,0.14679016172885895,0.1513194888830185
Burglary,RoadAccidents,8,3,vehicles swerving and colliding during a sudden accident,73.20849117364372,45.82739954772644,0.33113789558410645,0.131749227643013,0.19938866794109344
Burglary,RoadAccidents,8,4,a pedestrian knocked down by a vehicle near a crossing,69.61952066063164,46.159984654295435,0.30740082263946533,0.13982944190502167,0.16757138073444366
Burglary,RoadAccidents,8,5,a damaged vehicle stopped and blocking the roadway,68.02804529205878,43.275781620506706,0.1870938241481781,0.08107651025056839,0.10601731389760971
Burglary,RoadAccidents,8,6,a rider thrown onto pavement after a high speed impact,67.90807988740684,42.01733669114347,0.3560851216316223,0.16904331743717194,0.18704180419445038
Burglary,RoadAccidents,8,7,a traffic accident with a vehicle spinning to a halt,70.77192614014155,44.25990232170108,0.2589525878429413,0.10264437645673752,0.15630820393562317
Burglary,RoadAccidents,8,8,a car hitting an obstacle with sudden debris,67.49269769721658,34.81132455456366,0.1366754174232483,0.06492418795824051,0.07175122946500778
Burglary,RoadAccidents,8,9,a motorbike rider falling during an intersection collision,62.81536628487475,41.65686983203026,0.2382041960954666,0.09526850283145905,0.14293569326400757
Burglary,Robbery,9,0,a threatening person forcing a victim to surrender valuables,59.20273442742858,25.37055185079006,0.7429889440536499,0.6091889142990112,0.13380002975463867
Burglary,Robbery,9,1,an aggressor confronting someone and grabbing a purse or wallet,62.90083372935767,37.87945726591302,0.720947802066803,0.5849204659461975,0.13602733612060547
Burglary,Robbery,9,2,a victim handing over belongings under close range intimidation,67.81284977056326,46.826430845354224,0.25227710604667664,0.12133976072072983,0.1309373378753662
Burglary,Robbery,9,3,a robber snatching property and escaping quickly,58.389910831146665,25.59189017540876,0.6327651739120483,0.5060115456581116,0.12675362825393677
Burglary,Robbery,9,4,a person threatening a clerk and demanding money,60.43834581115629,29.184112188609856,0.42206013202667236,0.32219839096069336,0.099861741065979
Burglary,Robbery,9,5,an attacker cornering a victim and seizing personal items,65.62970078318237,33.69818133499107,0.5810173749923706,0.40648841857910156,0.17452895641326904
Burglary,Robbery,9,6,a forced handover following a visible threat gesture,63.20355728300664,26.72661804325638,0.2951250374317169,0.22115938365459442,0.0739656537771225
Burglary,Robbery,9,7,a suspect taking valuables while the victim backs away,60.02394367665265,26.059291483285897,0.6388151049613953,0.49651971459388733,0.14229539036750793
Burglary,Robbery,9,8,a person brandishing a weapon to demand property,61.179152609571986,26.335296425662868,0.6730517745018005,0.52513587474823,0.14791589975357056
Burglary,Robbery,9,9,a robber approaching a victim and leaving with belongings,61.20932020604333,28.269124781575606,0.6938650012016296,0.5712066888809204,0.12265831232070923
Burglary,Shooting,10,0,an armed person aiming a firearm and firing shots,65.15596163009924,30.359427755954428,0.5135566592216492,0.3227096199989319,0.19084703922271729
Burglary,Shooting,10,1,a gunman pointing a weapon as people scatter,60.647026844852526,25.644440281761728,0.5091880559921265,0.36000022292137146,0.149187833070755
Burglary,Shooting,10,2,a muzzle flash appearing as a shooter targets someone,65.8906014898751,32.64761448591783,0.5622649192810059,0.39291438460350037,0.1693505346775055
Burglary,Shooting,10,3,a person firing a handgun and causing panic,63.58697648059377,28.952153207502953,0.5675503611564636,0.39304274320602417,0.17450761795043945
Burglary,Shooting,10,4,an armed attacker discharging a weapon in public,69.20414670620346,44.66316346609223,0.3575177788734436,0.18500101566314697,0.17251676321029663
Burglary,Shooting,10,5,a victim falling after a nearby firearm is fired,70.45991099972242,39.05601500456857,0.35398274660110474,0.18789054453372955,0.16609220206737518
Burglary,Shooting,10,6,a shooter raising a gun while a crowd runs,65.62129042295399,30.263695363624084,0.4029568135738373,0.2475002259016037,0.15545658767223358
Burglary,Shooting,10,7,a gunfire scene with fear and rapid dispersal,65.77336871107879,32.61501485642872,0.6159101724624634,0.41991719603538513,0.19599297642707825
Burglary,Shooting,10,8,a person aiming a rifle or handgun at a target,61.5862529174222,26.986469012699576,0.6254631280899048,0.4647776484489441,0.1606854796409607
Burglary,Shooting,10,9,a shooter stance with recoil and fleeing people,67.38414870594944,30.998875912370437,0.4433515965938568,0.2764248251914978,0.166926771402359
Burglary,Shoplifting,11,0,a shopper concealing merchandise inside clothing or a bag,57.961596847350286,28.936487014059953,0.48489415645599365,0.41403231024742126,0.07086184620857239
Burglary,Shoplifting,11,1,a person removing a store item without checkout,57.47067789458404,31.020888319277596,0.29177168011665344,0.23822751641273499,0.05354416370391846
Burglary,Shoplifting,11,2,a customer hiding a product and exiting an aisle,54.559047750305076,24.478991058700068,0.35544586181640625,0.35139933228492737,0.004046529531478882
Burglary,Shoplifting,11,3,a shopper slipping goods into a bag while browsing,55.498962332584014,22.902294645794598,0.39366188645362854,0.3531081974506378,0.04055368900299072
Burglary,Shoplifting,11,4,a person scanning surroundings before pocketing merchandise,58.34392068858176,24.536113363514154,0.23417748510837555,0.22112543880939484,0.013052046298980713
Burglary,Shoplifting,11,5,someone carrying an unpaid item past the cashier,61.18018372698346,40.42485425227792,0.1949893683195114,0.12915347516536713,0.06583589315414429
Burglary,Shoplifting,11,6,concealed goods disappearing beneath a jacket in a store,60.615189035832906,25.47949378337202,0.44716188311576843,0.348415732383728,0.0987461507320404
Burglary,Shoplifting,11,7,a customer manipulating shelf products and hiding one item,58.403124287815686,25.646196639113793,0.39850136637687683,0.3247504234313965,0.07375094294548035
Burglary,Shoplifting,11,8,a suspect leaving a shop while holding unpaid merchandise,58.225724325622984,24.76544479699543,0.29018521308898926,0.2468697726726532,0.04331544041633606
Burglary,Shoplifting,11,9,a retail theft scene with discreet concealment and exit,66.66678418069674,30.93853916308561,0.4614774286746979,0.3070765435695648,0.15440088510513306
Burglary,Stealing,12,0,a person taking unattended property and leaving quickly,64.43878158591694,30.768430084427433,0.42656227946281433,0.2916460335254669,0.1349162459373474
Burglary,Stealing,12,1,"a thief grabbing a bicycle, bag, phone, or object",60.414350094782044,30.351890456424314,0.7954439520835876,0.6840108633041382,0.11143308877944946
Burglary,Stealing,12,2,a suspect approaching a valuable item and carrying it away,61.33189470011982,25.677101785681383,0.5407963395118713,0.40933510661125183,0.1314612329006195
Burglary,Stealing,12,3,unattended belongings disappearing after suspicious human contact,63.162011157656025,33.47139104480154,0.5436819791793823,0.4030081331729889,0.14067384600639343
Burglary,Stealing,12,4,a person lifting property while the owner is distracted,61.664263702924735,28.50737915209301,0.5102203488349915,0.3862711191177368,0.12394922971725464
Burglary,Stealing,12,5,a thief cutting a lock and taking a bicycle,63.0036868675755,32.08477671712926,0.5914784669876099,0.4520527422428131,0.13942572474479675
Burglary,Stealing,12,6,a suspect removing a package or bag from public space,64.8972994035378,38.540518205194886,0.448857843875885,0.31119880080223083,0.13765904307365417
Burglary,Stealing,12,7,a person pocketing an unattended item and changing direction,64.50747113590592,31.759041959120637,0.5678969621658325,0.42492398619651794,0.14297297596931458
Burglary,Stealing,12,8,a valuable object being taken stealthily during distraction,68.50694497365649,32.5888819417219,0.49725833535194397,0.3139161467552185,0.18334218859672546
Burglary,Stealing,12,9,a thief carrying stolen property away without confrontation,59.91273288708372,24.0496606214491,0.31405720114707947,0.24740122258663177,0.06665597856044769
Burglary,Vandalism,13,0,a person damaging property by smashing a window or door,66.30413228075147,35.24012365258622,0.7784444093704224,0.6245543956756592,0.15389001369476318
Burglary,Vandalism,13,1,someone kicking or striking an object until it breaks,65.09523606203433,30.97030093398064,0.5730714797973633,0.39793893694877625,0.17513254284858704
Burglary,Vandalism,13,2,a suspect spraying graffiti on a wall or vehicle,65.20899005493123,40.23362084341494,0.3495684862136841,0.20933464169502258,0.1402338445186615
Burglary,Vandalism,13,3,a person breaking glass with repeated tool impacts,59.991573837403145,24.12319262564499,0.45704007148742676,0.34126016497612,0.11577990651130676
Burglary,Vandalism,13,4,a vandal throwing an object at a storefront or car,67.50202552133983,49.557535509671894,0.5999312996864319,0.4074992835521698,0.19243201613426208
Burglary,Vandalism,13,5,"deliberate destruction of signs, windows, equipment, or furniture",67.77812450336103,40.20436248689557,0.4056543707847595,0.23109953105449677,0.17455483973026276
Burglary,Vandalism,13,6,a person scratching and denting a parked vehicle,65.70976392059336,45.012359115667756,0.17922060191631317,0.08513574302196503,0.09408485889434814
Burglary,Vandalism,13,7,public property being defaced with paint or graffiti,67.87902411881528,37.64012520016997,0.33957475423812866,0.1858462393283844,0.15372851490974426
Burglary,Vandalism,13,8,a suspect repeatedly hitting a fixture until pieces break,66.43798153310512,32.094063952047456,0.4473856985569,0.28541550040245056,0.16197019815444946
Burglary,Vandalism,13,9,"property damage happening without theft, fire, or confrontation",68.29512117315342,34.169241971427404,0.8682346343994141,0.6697781085968018,0.1984565258026123
Explosion,Normal,0,0,a normal street scene with pedestrians walking calmly,66.75889449733677,25.869754957037493,0.6071588397026062,0.441555917263031,0.1656029224395752
Explosion,Normal,0,1,people standing and talking without aggressive movement,65.72531519593797,31.489425052095488,0.6838286519050598,0.5534827709197998,0.13034588098526
Explosion,Normal,0,2,vehicles moving through traffic in an ordinary way,69.87169183748867,32.80618596598339,0.6499839425086975,0.4348709285259247,0.21511301398277283
Explosion,Normal,0,3,shoppers browsing shelves and carrying bags normally,62.182270554764266,19.43530463874156,0.4920772314071655,0.38075146079063416,0.11132577061653137
Explosion,Normal,0,4,workers calmly performing tasks around counters and equipment,59.529470309789744,15.233216670548222,0.4556514322757721,0.3743712902069092,0.08128014206886292
Explosion,Normal,0,5,pedestrians crossing a walkway with regular spacing,67.29401588739259,24.599788201771176,0.6445819735527039,0.4860452711582184,0.15853670239448547
Explosion,Normal,0,6,people entering and exiting buildings in a routine manner,65.52385535315791,34.01962825695236,0.5913097262382507,0.447666734457016,0.14364299178123474
Explosion,Normal,0,7,a public area with ordinary walking and waiting,64.14553643683018,25.11798470118801,0.6744896769523621,0.5369465947151184,0.13754308223724365
Explosion,Normal,0,8,people interacting casually without panic or force,62.00273896401437,19.75205522552313,0.7725451588630676,0.6903181076049805,0.08222705125808716
Explosion,Normal,0,9,an orderly scene with predictable everyday human activity,67.49912186259202,26.42595825994995,0.5914302468299866,0.41379499435424805,0.17763525247573853
Explosion,Abuse,1,0,a surveillance frame of an aggressor striking a vulnerable victim,42.81058219180639,9.321100785774538,0.37122926115989685,0.49464109539985657,-0.12341183423995972
Explosion,Abuse,1,1,a person forcefully pushing a helpless victim against furniture,34.06700962870015,8.198889585756293,0.20613454282283783,0.4300427734851837,-0.2239082306623459
Explosion,Abuse,1,2,a violent person grabbing and controlling a weaker victim,48.24903863178604,10.291234926973184,0.32797279953956604,0.40186265110969543,-0.0738898515701294
Explosion,Abuse,1,3,a victim shielding their body during repeated physical mistreatment,48.74527651895431,10.359999704881886,0.43277761340141296,0.4622054994106293,-0.02942788600921631
Explosion,Abuse,1,4,an attacker cornering someone and delivering forceful hits,42.32950589357954,9.23474875223181,0.2742442786693573,0.4319029748439789,-0.15765869617462158
Explosion,Abuse,1,5,a person dragging a resisting victim across the floor,50.221225041454595,10.624835353737055,0.4006393551826477,0.4235018789768219,-0.022862523794174194
Explosion,Abuse,1,6,a vulnerable person recoiling from sustained aggressive body contact,45.99386529950485,9.832025240561054,0.27289479970932007,0.39228492975234985,-0.11939013004302979
Explosion,Abuse,1,7,a stronger aggressor overpowering a weaker person indoors,42.677715215165634,9.307316575632806,0.36098408699035645,0.48704859614372253,-0.1260645091533661
Explosion,Abuse,1,8,a victim collapsing after repeated blows from another person,43.4849071837963,9.41054304120328,0.363674521446228,0.48727670311927795,-0.12360218167304993
Explosion,Abuse,1,9,a hostile person restraining and hurting a defenseless target,41.099627202945854,9.068880007091456,0.3005843758583069,0.46003440022468567,-0.15945002436637878
Explosion,Arrest,2,0,a surveillance frame of police restraining a suspect,55.707165740230415,12.360074689619985,0.41495925188064575,0.36207327246665955,0.052885979413986206
Explosion,Arrest,2,1,officers handcuffing a detained person with controlled posture,45.5177105449368,9.737399781500969,0.4298068881034851,0.49157270789146423,-0.061765819787979126
Explosion,Arrest,2,2,police surrounding a suspect and directing surrender,61.26181692232034,15.165287980764141,0.4501835107803345,0.3393819034099579,0.11080160737037659
Explosion,Arrest,2,3,uniformed officers escorting a suspect toward a patrol car,55.65151443885782,12.21306488577512,0.5056775212287903,0.44506901502609253,0.060608506202697754
Explosion,Arrest,2,4,law enforcement pinning a resisting person during detention,49.783156198307374,10.59119676861686,0.3299272060394287,0.38046154379844666,-0.050534337759017944
Explosion,Arrest,2,5,officers searching a suspect after applying physical restraint,53.092991710573536,11.332571090107812,0.46009689569473267,0.43783000111579895,0.022266894578933716
Explosion,Arrest,2,6,a patrol team blocking a suspect from escaping,52.47208329363466,11.225830873229848,0.27349936962127686,0.3083297908306122,-0.03483042120933533
Explosion,Arrest,2,7,police pulling a suspect's arms behind their back,54.527046465618255,11.9295690967725,0.41721493005752563,0.3847231864929199,0.03249174356460571
Explosion,Arrest,2,8,a detained person being guided beside police officers,56.212691708672594,12.669662099997081,0.2706068456172943,0.25033140182495117,0.02027544379234314
Explosion,Arrest,2,9,officers immobilizing a suspect using coordinated restraint,51.09360632922827,10.882710266967585,0.5656744837760925,0.5344855785369873,0.031188905239105225
Explosion,Arson,3,0,a person igniting flammable material near property,66.73225053170371,20.921290634156293,0.7323950529098511,0.5266767740249634,0.2057182788848877
Explosion,Arson,3,1,a suspicious person pouring liquid before visible flames appear,63.83279604452522,18.89815818125595,0.6748096346855164,0.5049173831939697,0.16989225149154663
Explosion,Arson,3,2,a small fire spreading across a vehicle or building surface,64.28490176237965,16.659620904104113,0.86138916015625,0.6414383053779602,0.2199508547782898
Explosion,Arson,3,3,bright flames emerging after someone approaches a combustible target,63.597263976415,17.67105425294215,0.8432168364524841,0.633188784122467,0.2100280523300171
Explosion,Arson,3,4,a person fleeing as a deliberately started fire grows,59.36954035633065,15.719830813108981,0.6855319142341614,0.5417718887329102,0.14376002550125122
Explosion,Arson,3,5,smoke and flames rising from unattended damaged property,64.06825092636447,16.199885406944087,0.7699856162071228,0.5517200231552124,0.2182655930519104
Explosion,Arson,3,6,a surveillance frame showing deliberate ignition near a structure,66.46380403232796,19.425987974117714,0.681023120880127,0.4768594801425934,0.20416364073753357
Explosion,Arson,3,7,"fire spreading around an entrance, window, or vehicle",62.24586469097378,14.600282657066643,0.8780634999275208,0.6776639819145203,0.2003995180130005
Explosion,Arson,3,8,a person handling a lighter before a sudden flame outbreak,60.91705892970782,17.162669966377592,0.6776314377784729,0.5406333208084106,0.13699811697006226
Explosion,Arson,3,9,a property surface burning after a suspicious human action,65.15045390294046,17.811243653321256,0.7892418503761292,0.570313572883606,0.2189282774925232
Explosion,Assault,4,0,a person punching another person in a close confrontation,44.359997342127514,9.55543763505135,0.2872745990753174,0.4056360721588135,-0.1183614730834961
Explosion,Assault,4,1,an attacker lunging toward a victim with a forceful strike,41.33060160553187,9.107182684301076,0.35432639718055725,0.5010851621627808,-0.1467587649822235
Explosion,Assault,4,2,two people colliding violently during a street confrontation,53.362842264973686,11.25824476782429,0.6417182683944702,0.5428056120872498,0.09891265630722046
Explosion,Assault,4,3,an aggressor kicking a fallen victim on the ground,45.88736662324365,9.79721257670483,0.45007064938545227,0.5156980752944946,-0.06562742590904236
Explosion,Assault,4,4,a victim stumbling backward after a direct body hit,46.50292345872828,9.888699313564722,0.3690786063671112,0.4563356339931488,-0.0872570276260376
Explosion,Assault,4,5,an attacker swinging arms repeatedly at another person,50.84189822404384,10.894176683454688,0.34620216488838196,0.38058361411094666,-0.0343814492225647
Explosion,Assault,4,6,a person shoving an opponent hard enough to lose balance,39.57090899985602,8.886406251802459,0.28802579641342163,0.46700894832611084,-0.1789831519126892
Explosion,Assault,4,7,"a close range attack with punches, kicks, and defense",44.53766176022717,9.57101518414903,0.40200623869895935,0.5028336048126221,-0.10082736611366272
Explosion,Assault,4,8,an aggressor pursuing a target while continuing to strike,43.58748038684794,9.430376838956526,0.31468895077705383,0.4515998959541321,-0.13691094517707825
Explosion,Assault,4,9,a victim shielding their face during a rapid attack,47.49838009333911,10.083671569497687,0.3921596109867096,0.453738808631897,-0.06157919764518738
Explosion,Burglary,5,0,a surveillance frame of an intruder forcing a doorway,39.420884617838645,8.854001147617751,0.3948615491390228,0.5200300812721252,-0.12516853213310242
Explosion,Burglary,5,1,a person prying a lock to enter a restricted room,39.39783165157428,8.933160854287564,0.3607545793056488,0.5175424814224243,-0.1567879021167755
Explosion,Burglary,5,2,a masked intruder breaking a barrier into private property,40.284918761736954,8.97037235454516,0.5821383595466614,0.6337934136390686,-0.05165505409240723
Explosion,Burglary,5,3,a suspect searching drawers and shelves after unauthorized entry,42.09973706703541,9.449115279595405,0.3075171411037445,0.3836616277694702,-0.07614448666572571
Explosion,Burglary,5,4,an intruder carrying stolen items from a damaged entrance,38.25586077250708,8.695192301120413,0.23589536547660828,0.36395299434661865,-0.12805762887001038
Explosion,Burglary,5,5,a person climbing through a window into closed property,45.02757037317552,9.666911456529585,0.48949551582336426,0.5217013359069824,-0.032205820083618164
Explosion,Burglary,5,6,a suspicious person slipping inside after a doorway opens,46.793382747478624,9.96220566299343,0.5211653709411621,0.523647665977478,-0.002482295036315918
Explosion,Burglary,5,7,a burglar moving quietly through a room collecting valuables,38.85234892352432,8.845315403191806,0.3719587028026581,0.5450462698936462,-0.17308756709098816
Explosion,Burglary,5,8,a person damaging a lock to access an interior space,43.320783442947594,9.393144493436397,0.4727497398853302,0.5313107371330261,-0.05856099724769592
Explosion,Burglary,5,9,an intruder exiting a building with bags or electronics,41.21751269194414,9.084548216438836,0.4681752026081085,0.548477828502655,-0.08030262589454651
Explosion,Explosion,6,0,"a sudden blast creating a fireball, smoke, and debris",67.66308020428863,22.205455261834757,0.8447248339653015,0.6036393642425537,0.2410854697227478
Explosion,Explosion,6,1,a vehicle or structure bursting violently with scattered fragments,68.82462699188963,22.43162584729974,0.7899795174598694,0.5410436987876892,0.24893581867218018
Explosion,Explosion,6,2,a bright flash followed by an expanding smoke cloud,72.1855892198346,34.05633217371743,0.7901611924171448,0.5297935605049133,0.26036763191223145
Explosion,Explosion,6,3,an explosive impact throwing debris across a street,68.92354671144848,22.619024822389655,0.7294595837593079,0.49754974246025085,0.231909841299057
Explosion,Explosion,6,4,a large fireball expanding after an abrupt detonation,69.16245659779803,25.5910142612315,0.8237626552581787,0.5992545485496521,0.2245081067085266
Explosion,Explosion,6,5,a shockwave shaking the scene while smoke engulfs objects,66.29744924069442,23.057116056913806,0.8245901465415955,0.5996667742729187,0.22492337226867676
Explosion,Explosion,6,6,an object detonating and damaging the surrounding area,66.89125792544783,23.036846717290267,0.7001678347587585,0.482343465089798,0.21782436966896057
Explosion,Explosion,6,7,a blast plume rising as fragments scatter on the road,73.8574769289719,31.740427683550145,0.8764303922653198,0.6093626022338867,0.2670677900314331
Explosion,Explosion,6,8,a sudden light burst with heavy smoke and debris,72.15118619620027,31.86644430992033,0.806395411491394,0.5459625124931335,0.2604328989982605
Explosion,Explosion,6,9,a violent detonation damaging a vehicle or nearby building,64.46693639363113,18.366038731673733,0.7925512194633484,0.5860550403594971,0.20649617910385132
Explosion,Fighting,7,0,a group of people exchanging punches and kicks,55.27378688192906,12.048692113032748,0.5102478265762329,0.44632527232170105,0.06392255425453186
Explosion,Fighting,7,1,"several people grappling, pushing, and swinging arms",49.410239918936036,10.417044595532555,0.6229534149169922,0.57032710313797,0.05262631177902222
Explosion,Fighting,7,2,two opponents separating and reengaging in a brawl,47.68510470943647,10.09324969092953,0.3310769200325012,0.41871458292007446,-0.08763766288757324
Explosion,Fighting,7,3,multiple individuals shoving and wrestling in public,54.23155536710773,11.490313731547811,0.4217575788497925,0.40651947259902954,0.01523810625076294
Explosion,Fighting,7,4,two groups clashing in a chaotic physical fight,52.557352069841166,11.080423426464513,0.4652901291847229,0.4482817053794861,0.017008423805236816
Explosion,Fighting,7,5,fighters grabbing clothing while others join the conflict,58.50457262610723,13.112879237222181,0.4326583445072174,0.3651440441608429,0.06751430034637451
Explosion,Fighting,7,6,a crowd surrounding combatants in an escalating brawl,55.4157581630081,11.934962184937833,0.6351728439331055,0.5365678071975708,0.09860503673553467
Explosion,Fighting,7,7,people trading blows while moving unpredictably through space,58.341808833842364,12.753705949882278,0.6470727324485779,0.52094566822052,0.12612706422805786
Explosion,Fighting,7,8,a mutual fight continuing despite attempts to separate,57.26532866792864,12.361641643844617,0.4032038748264313,0.36380505561828613,0.03939881920814514
Explosion,Fighting,7,9,"a brawl with repeated grappling, striking, and falling",45.181556983769575,9.681275243909802,0.42734435200691223,0.5066950917243958,-0.07935073971748352
Explosion,RoadAccidents,8,0,"a vehicle collision causing impact, debris, and disruption",60.36956568307581,13.391775325848926,0.8494781851768494,0.6475868225097656,0.20189136266708374
Explosion,RoadAccidents,8,1,a car striking a pedestrian or cyclist on the road,61.21605649024263,15.570842329046956,0.7749449014663696,0.6008114218711853,0.17413347959518433
Explosion,RoadAccidents,8,2,a motorbike sliding across a lane after a crash,66.80389041777816,18.04479149146852,0.853428304195404,0.6444225311279297,0.20900577306747437
Explosion,RoadAccidents,8,3,vehicles swerving and colliding during a sudden accident,60.474134702562644,13.39883144294785,0.8304497003555298,0.6121131777763367,0.21833652257919312
Explosion,RoadAccidents,8,4,a pedestrian knocked down by a vehicle near a crossing,61.345295712147575,15.481478180240666,0.8030737638473511,0.6126267313957214,0.19044703245162964
Explosion,RoadAccidents,8,5,a damaged vehicle stopped and blocking the roadway,66.60780053413589,17.10963785785779,0.7396038174629211,0.5249968767166138,0.21460694074630737
Explosion,RoadAccidents,8,6,a rider thrown onto pavement after a high speed impact,63.49735553748034,15.562250170408031,0.8636454343795776,0.654666006565094,0.20897942781448364
Explosion,RoadAccidents,8,7,a traffic accident with a vehicle spinning to a halt,64.49637376716612,16.01607628676845,0.8199485540390015,0.5923320651054382,0.22761648893356323
Explosion,RoadAccidents,8,8,a car hitting an obstacle with sudden debris,67.3305249935635,23.09829692293455,0.7477613687515259,0.5290000438690186,0.21876132488250732
Explosion,RoadAccidents,8,9,a motorbike rider falling during an intersection collision,65.26891645120267,17.18432957172339,0.8375998735427856,0.6276386380195618,0.20996123552322388
Explosion,Robbery,9,0,a threatening person forcing a victim to surrender valuables,39.268570376449055,8.837664378928189,0.38487493991851807,0.5173450112342834,-0.13247007131576538
Explosion,Robbery,9,1,an aggressor confronting someone and grabbing a purse or wallet,37.20645461002183,8.605230622841379,0.3412971794605255,0.5212061405181885,-0.17990896105766296
Explosion,Robbery,9,2,a victim handing over belongings under close range intimidation,43.79185493024147,9.502423598557176,0.2742210626602173,0.37108543515205383,-0.09686437249183655
Explosion,Robbery,9,3,a robber snatching property and escaping quickly,37.45627716487247,8.594936810541709,0.33759763836860657,0.4761234223842621,-0.13852578401565552
Explosion,Robbery,9,4,a person threatening a clerk and demanding money,53.813110214471585,12.06051911695042,0.32744938135147095,0.310846745967865,0.016602635383605957
Explosion,Robbery,9,5,an attacker cornering a victim and seizing personal items,41.04323711869393,9.132175650011794,0.48725980520248413,0.5708553791046143,-0.08359557390213013
Explosion,Robbery,9,6,a forced handover following a visible threat gesture,48.938345111418435,10.395608045533065,0.2274618148803711,0.3129725456237793,-0.0855107307434082
Explosion,Robbery,9,7,a suspect taking valuables while the victim backs away,37.609337540214824,8.615144710580875,0.31805121898651123,0.4771139919757843,-0.15906277298927307
Explosion,Robbery,9,8,a person brandishing a weapon to demand property,40.5820197453278,9.027212412343607,0.48935794830322266,0.5885259509086609,-0.09916800260543823
Explosion,Robbery,9,9,a robber approaching a victim and leaving with belongings,37.637955269062786,9.224540381048229,0.4434109330177307,0.596996545791626,-0.15358561277389526
Explosion,Shooting,10,0,an armed person aiming a firearm and firing shots,49.29525810394107,10.471722114105884,0.5876906514167786,0.5601712465286255,0.027519404888153076
Explosion,Shooting,10,1,a gunman pointing a weapon as people scatter,47.8691167794396,10.20031171464525,0.49777859449386597,0.5042917132377625,-0.006513118743896484
Explosion,Shooting,10,2,a muzzle flash appearing as a shooter targets someone,50.437839122102645,10.630459352959528,0.6265404224395752,0.561781108379364,0.06475931406021118
Explosion,Shooting,10,3,a person firing a handgun and causing panic,52.17823148449816,11.258840032766853,0.6514757871627808,0.5939765572547913,0.0574992299079895
Explosion,Shooting,10,4,an armed attacker discharging a weapon in public,49.681979699206714,10.667074980806273,0.4859793484210968,0.4768137037754059,0.009165644645690918
Explosion,Shooting,10,5,a victim falling after a nearby firearm is fired,51.68285367292076,10.97846847805078,0.5504764318466187,0.5151514410972595,0.03532499074935913
Explosion,Shooting,10,6,a shooter raising a gun while a crowd runs,49.19024066897524,10.424048275639372,0.44670191407203674,0.4674273729324341,-0.02072545886039734
Explosion,Shooting,10,7,a gunfire scene with fear and rapid dispersal,51.46346823759106,10.969607498117778,0.713751494884491,0.6441265344619751,0.06962496042251587
Explosion,Shooting,10,8,a person aiming a rifle or handgun at a target,43.450007962705705,9.417621389678965,0.6223965883255005,0.6304284334182739,-0.008031845092773438
Explosion,Shooting,10,9,a shooter stance with recoil and fleeing people,43.82393133913643,9.47515582090119,0.2901267409324646,0.42907023429870605,-0.13894349336624146
Explosion,Shoplifting,11,0,a shopper concealing merchandise inside clothing or a bag,45.04069203924118,9.835815600542796,0.25052905082702637,0.31895777583122253,-0.06842872500419617
Explosion,Shoplifting,11,1,a person removing a store item without checkout,43.86401674252917,9.779840582418771,0.18659277260303497,0.2454415112733841,-0.05884873867034912
Explosion,Shoplifting,11,2,a customer hiding a product and exiting an aisle,49.01936864272135,10.967892234124985,0.1743803769350052,0.20921330153942108,-0.034832924604415894
Explosion,Shoplifting,11,3,a shopper slipping goods into a bag while browsing,49.03361134748449,10.941186041087633,0.27446749806404114,0.29723572731018066,-0.022768229246139526
Explosion,Shoplifting,11,4,a person scanning surroundings before pocketing merchandise,55.7207211196282,13.575755829270678,0.22951577603816986,0.20734164118766785,0.022174134850502014
Explosion,Shoplifting,11,5,someone carrying an unpaid item past the cashier,47.434436781141834,10.675486796002751,0.22977104783058167,0.25632625818252563,-0.02655521035194397
Explosion,Shoplifting,11,6,concealed goods disappearing beneath a jacket in a store,49.47745078327122,10.559487817718761,0.32724201679229736,0.34681326150894165,-0.019571244716644287
Explosion,Shoplifting,11,7,a customer manipulating shelf products and hiding one item,37.82739978232783,8.665630689955945,0.12401998788118362,0.23671139776706696,-0.11269140988588333
Explosion,Shoplifting,11,8,a suspect leaving a shop while holding unpaid merchandise,49.55283971679301,10.847231569341961,0.17282666265964508,0.20327089726924896,-0.030444234609603882
Explosion,Shoplifting,11,9,a retail theft scene with discreet concealment and exit,38.58531383024637,8.807293375981926,0.24027352035045624,0.4079310894012451,-0.16765756905078888
Explosion,Stealing,12,0,a person taking unattended property and leaving quickly,48.81478826927189,10.457838832301155,0.43203943967819214,0.46046751737594604,-0.028428077697753906
Explosion,Stealing,12,1,"a thief grabbing a bicycle, bag, phone, or object",32.13054943588264,8.224966845722047,0.510476291179657,0.72230064868927,-0.21182435750961304
Explosion,Stealing,12,2,a suspect approaching a valuable item and carrying it away,43.49058956355471,10.09943239629395,0.44167467951774597,0.5211369395256042,-0.07946226000785828
Explosion,Stealing,12,3,unattended belongings disappearing after suspicious human contact,45.78900558526519,10.050853034258287,0.462385356426239,0.5071041584014893,-0.044718801975250244
Explosion,Stealing,12,4,a person lifting property while the owner is distracted,40.830912389390036,9.12826780439602,0.27493584156036377,0.3911253809928894,-0.11618953943252563
Explosion,Stealing,12,5,a thief cutting a lock and taking a bicycle,39.60171367304825,8.860901901053348,0.3822972774505615,0.531887948513031,-0.14959067106246948
Explosion,Stealing,12,6,a suspect removing a package or bag from public space,38.49755671568511,9.041600828221414,0.3031330704689026,0.45071518421173096,-0.14758211374282837
Explosion,Stealing,12,7,a person pocketing an unattended item and changing direction,41.552548889950586,9.232286020999576,0.45993995666503906,0.5641463398933411,-0.104206383228302
Explosion,Stealing,12,8,a valuable object being taken stealthily during distraction,40.99905349186612,9.056189861209777,0.2194574624300003,0.4009457528591156,-0.1814882904291153
Explosion,Stealing,12,9,a thief carrying stolen property away without confrontation,41.13911349385436,9.12763288526567,0.21082735061645508,0.3134148120880127,-0.10258746147155762
Explosion,Vandalism,13,0,a person damaging property by smashing a window or door,40.64008771208923,9.01262695955115,0.614057183265686,0.6717286705970764,-0.05767148733139038
Explosion,Vandalism,13,1,someone kicking or striking an object until it breaks,45.06118683195326,9.661163266912457,0.45518943667411804,0.5119903087615967,-0.05680087208747864
Explosion,Vandalism,13,2,a suspect spraying graffiti on a wall or vehicle,54.24086917713864,11.65058811724548,0.5693586468696594,0.5028117299079895,0.06654691696166992
Explosion,Vandalism,13,3,a person breaking glass with repeated tool impacts,46.040614450958365,9.846008330764668,0.35877224802970886,0.40848395228385925,-0.04971170425415039
Explosion,Vandalism,13,4,a vandal throwing an object at a storefront or car,42.20563663081238,9.23383607323094,0.6188156008720398,0.6355723142623901,-0.016756713390350342
Explosion,Vandalism,13,5,"deliberate destruction of signs, windows, equipment, or furniture",48.926098223090484,10.326605625399415,0.6079466938972473,0.5558991432189941,0.052047550678253174
Explosion,Vandalism,13,6,a person scratching and denting a parked vehicle,55.03578852868438,11.764426868040703,0.4633762538433075,0.41524097323417664,0.04813528060913086
Explosion,Vandalism,13,7,public property being defaced with paint or graffiti,50.70666420175986,10.748667556025481,0.5761393308639526,0.5233519077301025,0.0527874231338501
Explosion,Vandalism,13,8,a suspect repeatedly hitting a fixture until pieces break,48.68812192306608,10.325367602495827,0.3599711060523987,0.4047619104385376,-0.044790804386138916
Explosion,Vandalism,13,9,"property damage happening without theft, fire, or confrontation",46.18203807706716,9.861099342470391,0.8303952813148499,0.7363559603691101,0.09403932094573975
Fighting,Normal,0,0,a normal street scene with pedestrians walking calmly,46.509479420964354,32.71555047053139,0.4764820337295532,0.4924793243408203,-0.01599729061126709
Fighting,Normal,0,1,people standing and talking without aggressive movement,39.54140212762485,30.791408525068388,0.45333266258239746,0.5584807991981506,-0.10514813661575317
Fighting,Normal,0,2,vehicles moving through traffic in an ordinary way,42.35928332514797,30.286299957577008,0.31998273730278015,0.3765389621257782,-0.05655622482299805
Fighting,Normal,0,3,shoppers browsing shelves and carrying bags normally,44.559991962403856,32.75718612896789,0.47308292984962463,0.5275152325630188,-0.054432302713394165
Fighting,Normal,0,4,workers calmly performing tasks around counters and equipment,49.268467632991594,34.977487865728264,0.5376400947570801,0.5293408632278442,0.00829923152923584
Fighting,Normal,0,5,pedestrians crossing a walkway with regular spacing,42.88932019461076,30.551416532523916,0.4507869780063629,0.49429619312286377,-0.043509215116500854
Fighting,Normal,0,6,people entering and exiting buildings in a routine manner,41.830542842158344,30.18756655386984,0.31556999683380127,0.37949123978614807,-0.0639212429523468
Fighting,Normal,0,7,a public area with ordinary walking and waiting,43.357315711428534,31.13846367394888,0.45997703075408936,0.5062525868415833,-0.046275556087493896
Fighting,Normal,0,8,people interacting casually without panic or force,39.94374492947947,35.06112930458525,0.5508855581283569,0.6699022650718689,-0.11901670694351196
Fighting,Normal,0,9,an orderly scene with predictable everyday human activity,44.36914535374509,31.515966283086506,0.34651079773902893,0.398097962141037,-0.05158716440200806
Fighting,Abuse,1,0,a surveillance frame of an aggressor striking a vulnerable victim,55.55742361245267,44.78113796711582,0.7212571501731873,0.6888366937637329,0.032420456409454346
Fighting,Abuse,1,1,a person forcefully pushing a helpless victim against furniture,56.29784548670573,44.736148304121116,0.7781016826629639,0.7581664323806763,0.019935250282287598
Fighting,Abuse,1,2,a violent person grabbing and controlling a weaker victim,57.49061364106463,52.04878071946639,0.7315574884414673,0.7183456420898438,0.013211846351623535
Fighting,Abuse,1,3,a victim shielding their body during repeated physical mistreatment,53.248837100821476,52.377702013729376,0.6519845724105835,0.6940371990203857,-0.042052626609802246
Fighting,Abuse,1,4,an attacker cornering someone and delivering forceful hits,54.77505437588888,45.61718033093342,0.7272530198097229,0.7344818115234375,-0.0072287917137146
Fighting,Abuse,1,5,a person dragging a resisting victim across the floor,55.86290782495402,54.70650713848482,0.6287826895713806,0.6480405926704407,-0.01925790309906006
Fighting,Abuse,1,6,a vulnerable person recoiling from sustained aggressive body contact,52.9701140090879,43.83688731566426,0.6391165256500244,0.6584252715110779,-0.019308745861053467
Fighting,Abuse,1,7,a stronger aggressor overpowering a weaker person indoors,54.431234163394926,39.72650721974538,0.7835409045219421,0.7682422995567322,0.015298604965209961
Fighting,Abuse,1,8,a victim collapsing after repeated blows from another person,53.14095922644619,44.070601362048535,0.6783847212791443,0.7139965295791626,-0.03561180830001831
Fighting,Abuse,1,9,a hostile person restraining and hurting a defenseless target,53.513207342316285,43.66720342498775,0.7134155631065369,0.7230284214019775,-0.009612858295440674
Fighting,Arrest,2,0,a surveillance frame of police restraining a suspect,52.5035074777771,49.80565410052218,0.5302361845970154,0.5274014472961426,0.0028347373008728027
Fighting,Arrest,2,1,officers handcuffing a detained person with controlled posture,48.66879629011231,42.92954564150093,0.6191882491111755,0.6784111857414246,-0.05922293663024902
Fighting,Arrest,2,2,police surrounding a suspect and directing surrender,44.46109619430703,32.75366888681353,0.4561721086502075,0.4928044378757477,-0.03663232922554016
Fighting,Arrest,2,3,uniformed officers escorting a suspect toward a patrol car,55.107207110124214,50.606998954294504,0.6049609780311584,0.6199812889099121,-0.015020310878753662
Fighting,Arrest,2,4,law enforcement pinning a resisting person during detention,48.73463420314307,44.24379593555866,0.6072492599487305,0.6612525582313538,-0.05400329828262329
Fighting,Arrest,2,5,officers searching a suspect after applying physical restraint,49.949996521748794,45.542045538280554,0.5071679949760437,0.5515175461769104,-0.0443495512008667
Fighting,Arrest,2,6,a patrol team blocking a suspect from escaping,54.702364134357026,51.72056146715593,0.585081934928894,0.6040551066398621,-0.018973171710968018
Fighting,Arrest,2,7,police pulling a suspect's arms behind their back,50.014260251204966,43.30084766788717,0.5081545114517212,0.517050564289093,-0.008896052837371826
Fighting,Arrest,2,8,a detained person being guided beside police officers,48.819732715203926,42.12422814780549,0.409271240234375,0.4179709851741791,-0.008699744939804077
Fighting,Arrest,2,9,officers immobilizing a suspect using coordinated restraint,49.93388428986785,44.755573292003255,0.6253347396850586,0.7048497796058655,-0.07951503992080688
Fighting,Arson,3,0,a person igniting flammable material near property,49.87295412562842,38.037010284694574,0.26370641589164734,0.2505277097225189,0.013178706169128418
Fighting,Arson,3,1,a suspicious person pouring liquid before visible flames appear,61.08095597853509,46.20101058154141,0.29217150807380676,0.26441556215286255,0.027755945920944214
Fighting,Arson,3,2,a small fire spreading across a vehicle or building surface,50.13306481156848,41.4451084291772,0.33088353276252747,0.32738322019577026,0.003500312566757202
Fighting,Arson,3,3,bright flames emerging after someone approaches a combustible target,51.321758608440234,44.80760359340314,0.4667391777038574,0.4460504353046417,0.020688742399215698
Fighting,Arson,3,4,a person fleeing as a deliberately started fire grows,55.42028444339705,51.05773445304405,0.4563715159893036,0.4014975428581238,0.05487397313117981
Fighting,Arson,3,5,smoke and flames rising from unattended damaged property,46.11732251282758,41.65816642541242,0.2573551535606384,0.2493545562028885,0.008000597357749939
Fighting,Arson,3,6,a surveillance frame showing deliberate ignition near a structure,45.08456548887255,40.85654968939581,0.1853809803724289,0.16128379106521606,0.02409718930721283
Fighting,Arson,3,7,"fire spreading around an entrance, window, or vehicle",48.55795524665547,38.2486337123523,0.3693014681339264,0.388077050447464,-0.018775582313537598
Fighting,Arson,3,8,a person handling a lighter before a sudden flame outbreak,59.08905816249486,52.12688323888571,0.4412108361721039,0.37018024921417236,0.07103058695793152
Fighting,Arson,3,9,a property surface burning after a suspicious human action,48.26849066700126,43.58961751851928,0.31797105073928833,0.30167436599731445,0.016296684741973877
Fighting,Assault,4,0,a person punching another person in a close confrontation,58.91617576639301,56.15273567745837,0.7551504969596863,0.7181326746940613,0.037017822265625
Fighting,Assault,4,1,an attacker lunging toward a victim with a forceful strike,55.839017274234,47.36119531443824,0.7823202013969421,0.7793435454368591,0.002976655960083008
Fighting,Assault,4,2,two people colliding violently during a street confrontation,54.41188096533104,52.26847404968318,0.6373736262321472,0.6512123942375183,-0.013838768005371094
Fighting,Assault,4,3,an aggressor kicking a fallen victim on the ground,51.90355833779642,44.36719124497173,0.6849469542503357,0.7391729354858398,-0.05422598123550415
Fighting,Assault,4,4,a victim stumbling backward after a direct body hit,54.121582994372645,47.46771275855638,0.6407080292701721,0.6898012161254883,-0.04909318685531616
Fighting,Assault,4,5,an attacker swinging arms repeatedly at another person,55.69761854962365,54.14102830635692,0.6844131350517273,0.6865882277488708,-0.0021750926971435547
Fighting,Assault,4,6,a person shoving an opponent hard enough to lose balance,53.89749333258019,44.95110840290876,0.7306855916976929,0.7469937801361084,-0.016308188438415527
Fighting,Assault,4,7,"a close range attack with punches, kicks, and defense",53.128550955917184,47.26429798818696,0.7013193368911743,0.7349866032600403,-0.03366726636886597
Fighting,Assault,4,8,an aggressor pursuing a target while continuing to strike,52.922518105715454,43.572116031776005,0.6890288591384888,0.7020750045776367,-0.01304614543914795
Fighting,Assault,4,9,a victim shielding their face during a rapid attack,54.02546519728977,50.32092191756898,0.6750454306602478,0.7191500663757324,-0.04410463571548462
Fighting,Burglary,5,0,a surveillance frame of an intruder forcing a doorway,60.95761406551543,43.64213460010511,0.798283040523529,0.7288232445716858,0.06945979595184326
Fighting,Burglary,5,1,a person prying a lock to enter a restricted room,58.86570929297281,47.92291769719552,0.7922031879425049,0.7423703074455261,0.04983288049697876
Fighting,Burglary,5,2,a masked intruder breaking a barrier into private property,59.25999597888696,51.826278172734874,0.8160548210144043,0.7735031843185425,0.042551636695861816
Fighting,Burglary,5,3,a suspect searching drawers and shelves after unauthorized entry,64.22256339821786,53.870143167156705,0.7063016295433044,0.6216999292373657,0.08460170030593872
Fighting,Burglary,5,4,an intruder carrying stolen items from a damaged entrance,68.6338887693461,59.566072285035546,0.5276831984519958,0.40319812297821045,0.1244850754737854
Fighting,Burglary,5,5,a person climbing through a window into closed property,52.65999984489661,41.23296069924679,0.6107063293457031,0.5721805691719055,0.03852576017379761
Fighting,Burglary,5,6,a suspicious person slipping inside after a doorway opens,60.63351744722058,57.49131657415124,0.6271974444389343,0.5731461644172668,0.05405128002166748
Fighting,Burglary,5,7,a burglar moving quietly through a room collecting valuables,57.32662075220741,48.06991884092579,0.8118377327919006,0.7591822147369385,0.05265551805496216
Fighting,Burglary,5,8,a person damaging a lock to access an interior space,66.63902778422435,60.31774595378712,0.6482323408126831,0.5371540784835815,0.11107826232910156
Fighting,Burglary,5,9,an intruder exiting a building with bags or electronics,56.83742005664977,40.701969941812635,0.6908818483352661,0.6204361915588379,0.07044565677642822
Fighting,Explosion,6,0,"a sudden blast creating a fireball, smoke, and debris",51.7591038450707,43.67995304254341,0.39732056856155396,0.38247185945510864,0.014848709106445312
Fighting,Explosion,6,1,a vehicle or structure bursting violently with scattered fragments,47.70919250285813,36.64274632612412,0.3482918441295624,0.3535885810852051,-0.0052967369556427
Fighting,Explosion,6,2,a bright flash followed by an expanding smoke cloud,46.45114202967127,33.5184998561113,0.25653496384620667,0.29132354259490967,-0.034788578748703
Fighting,Explosion,6,3,an explosive impact throwing debris across a street,54.70106774788385,37.57987717276663,0.24715246260166168,0.2661099135875702,-0.01895745098590851
Fighting,Explosion,6,4,a large fireball expanding after an abrupt detonation,49.92592077296118,40.58279533799489,0.4144086539745331,0.4090970754623413,0.0053115785121917725
Fighting,Explosion,6,5,a shockwave shaking the scene while smoke engulfs objects,51.16609963262492,42.86675116963641,0.4083773195743561,0.40331128239631653,0.005066037178039551
Fighting,Explosion,6,6,an object detonating and damaging the surrounding area,48.68564931426364,39.60992767345546,0.24208292365074158,0.21954429149627686,0.02253863215446472
Fighting,Explosion,6,7,a blast plume rising as fragments scatter on the road,48.88242226108552,34.35455896380836,0.3094567060470581,0.35274413228034973,-0.043287426233291626
Fighting,Explosion,6,8,a sudden light burst with heavy smoke and debris,47.807532676752174,34.513967519369224,0.2702668309211731,0.28608906269073486,-0.015822231769561768
Fighting,Explosion,6,9,a violent detonation damaging a vehicle or nearby building,51.95985855034591,43.972663958196556,0.35594090819358826,0.31736594438552856,0.03857496380805969
Fighting,Fighting,7,0,a group of people exchanging punches and kicks,54.87283895558013,49.14957410373004,0.7378966212272644,0.7563612461090088,-0.018464624881744385
Fighting,Fighting,7,1,"several people grappling, pushing, and swinging arms",51.92504131363768,46.95475634569839,0.6801978945732117,0.7694556713104248,-0.08925777673721313
Fighting,Fighting,7,2,two opponents separating and reengaging in a brawl,54.133250472631254,51.948403654215525,0.6449630260467529,0.7140668630599976,-0.06910383701324463
Fighting,Fighting,7,3,multiple individuals shoving and wrestling in public,50.38715656031167,46.69178133511899,0.5809198617935181,0.6470779776573181,-0.06615811586380005
Fighting,Fighting,7,4,two groups clashing in a chaotic physical fight,54.54763114887968,52.31997342841914,0.6572110056877136,0.7415682077407837,-0.08435720205307007
Fighting,Fighting,7,5,fighters grabbing clothing while others join the conflict,48.82204769104888,42.00712702224973,0.5318784117698669,0.5574050545692444,-0.02552664279937744
Fighting,Fighting,7,6,a crowd surrounding combatants in an escalating brawl,54.96460459807447,52.45537415377816,0.7480654716491699,0.7960306406021118,-0.047965168952941895
Fighting,Fighting,7,7,people trading blows while moving unpredictably through space,45.20809259995979,39.82897721103916,0.4861913025379181,0.5412507057189941,-0.05505940318107605
Fighting,Fighting,7,8,a mutual fight continuing despite attempts to separate,46.18797557561585,42.744643183012094,0.5261350870132446,0.5900840759277344,-0.06394898891448975
Fighting,Fighting,7,9,"a brawl with repeated grappling, striking, and falling",52.51980490772564,44.73130810157363,0.7085866928100586,0.7490160465240479,-0.04042935371398926
Fighting,RoadAccidents,8,0,"a vehicle collision causing impact, debris, and disruption",47.59474009708314,38.21317194744224,0.44104456901550293,0.4592342674732208,-0.018189698457717896
Fighting,RoadAccidents,8,1,a car striking a pedestrian or cyclist on the road,50.13473159417685,37.55808481454446,0.4451550841331482,0.4609217345714569,-0.015766650438308716
Fighting,RoadAccidents,8,2,a motorbike sliding across a lane after a crash,49.62108475369641,33.496608277490346,0.4114571213722229,0.43600913882255554,-0.02455201745033264
Fighting,RoadAccidents,8,3,vehicles swerving and colliding during a sudden accident,45.233557334254385,33.407913245426656,0.38502994179725647,0.4406333267688751,-0.05560338497161865
Fighting,RoadAccidents,8,4,a pedestrian knocked down by a vehicle near a crossing,47.12822616480614,34.92333595832204,0.4966029226779938,0.5272553563117981,-0.03065243363380432
Fighting,RoadAccidents,8,5,a damaged vehicle stopped and blocking the roadway,49.871472541087634,33.69922052749031,0.2978992164134979,0.3481180667877197,-0.0502188503742218
Fighting,RoadAccidents,8,6,a rider thrown onto pavement after a high speed impact,49.88045464736609,36.758852152926856,0.49078449606895447,0.5092101097106934,-0.01842561364173889
Fighting,RoadAccidents,8,7,a traffic accident with a vehicle spinning to a halt,49.98490635749084,35.42225764921253,0.3524557948112488,0.3920433521270752,-0.039587557315826416
Fighting,RoadAccidents,8,8,a car hitting an obstacle with sudden debris,52.90381310088815,35.929617520488414,0.33826225996017456,0.3673786520957947,-0.029116392135620117
Fighting,RoadAccidents,8,9,a motorbike rider falling during an intersection collision,47.055072928105304,32.78285502754068,0.41312992572784424,0.4449916183948517,-0.031861692667007446
Fighting,Robbery,9,0,a threatening person forcing a victim to surrender valuables,69.35625383200846,52.46423517652556,0.9035677909851074,0.8928084969520569,0.010759294033050537
Fighting,Robbery,9,1,an aggressor confronting someone and grabbing a purse or wallet,70.52272386076855,51.05252832370441,0.9392725229263306,0.9460517168045044,-0.006779193878173828
Fighting,Robbery,9,2,a victim handing over belongings under close range intimidation,54.35280278176757,52.227472232302894,0.5410615801811218,0.5133212804794312,0.027740299701690674
Fighting,Robbery,9,3,a robber snatching property and escaping quickly,68.15089220905297,53.55381046580692,0.839475691318512,0.7646321058273315,0.07484358549118042
Fighting,Robbery,9,4,a person threatening a clerk and demanding money,61.552655456704805,45.16302712058797,0.8640885353088379,0.7757188677787781,0.08836966753005981
Fighting,Robbery,9,5,an attacker cornering a victim and seizing personal items,61.71933371754215,59.59626690579668,0.8499836921691895,0.8180793523788452,0.03190433979034424
Fighting,Robbery,9,6,a forced handover following a visible threat gesture,53.18142500421615,51.16839214680624,0.5515711307525635,0.5541098117828369,-0.0025386810302734375
Fighting,Robbery,9,7,a suspect taking valuables while the victim backs away,72.19496981213625,61.511548805222816,0.882199227809906,0.818205714225769,0.06399351358413696
Fighting,Robbery,9,8,a person brandishing a weapon to demand property,70.95719852735127,54.91120550575048,0.8738223314285278,0.8401923179626465,0.03363001346588135
Fighting,Robbery,9,9,a robber approaching a victim and leaving with belongings,73.66581286499213,63.118782920981666,0.8915117979049683,0.8428595662117004,0.04865223169326782
Fighting,Shooting,10,0,an armed person aiming a firearm and firing shots,57.55108081013505,54.87786325250996,0.7636915445327759,0.7137953042984009,0.049896240234375
Fighting,Shooting,10,1,a gunman pointing a weapon as people scatter,58.765980133571794,54.626640152433396,0.7733933925628662,0.7032132744789124,0.07018011808395386
Fighting,Shooting,10,2,a muzzle flash appearing as a shooter targets someone,58.00148251053111,49.44480016315876,0.6734940409660339,0.609461784362793,0.06403225660324097
Fighting,Shooting,10,3,a person firing a handgun and causing panic,62.97534701198544,57.3217303449667,0.7707545161247253,0.6973928213119507,0.07336169481277466
Fighting,Shooting,10,4,an armed attacker discharging a weapon in public,56.34312641423321,51.25250126090582,0.7231650948524475,0.6607176661491394,0.062447428703308105
Fighting,Shooting,10,5,a victim falling after a nearby firearm is fired,55.13785739031152,54.28280685332756,0.6815404891967773,0.701615571975708,-0.020075082778930664
Fighting,Shooting,10,6,a shooter raising a gun while a crowd runs,56.278584887675635,54.79861292148958,0.7334542274475098,0.7267709970474243,0.006683230400085449
Fighting,Shooting,10,7,a gunfire scene with fear and rapid dispersal,63.68752618092994,60.5973601207178,0.8040623664855957,0.7384337186813354,0.06562864780426025
Fighting,Shooting,10,8,a person aiming a rifle or handgun at a target,56.64824023059938,53.14029000572651,0.8620445132255554,0.8216630816459656,0.040381431579589844
Fighting,Shooting,10,9,a shooter stance with recoil and fleeing people,53.92777321663231,48.29845844013151,0.6722494959831238,0.6841101050376892,-0.01186060905456543
Fighting,Shoplifting,11,0,a shopper concealing merchandise inside clothing or a bag,58.589671573219384,49.11311713550585,0.7990804314613342,0.6872379779815674,0.11184245347976685
Fighting,Shoplifting,11,1,a person removing a store item without checkout,54.8619122695919,46.96863237352859,0.7354077100753784,0.6411219835281372,0.09428572654724121
Fighting,Shoplifting,11,2,a customer hiding a product and exiting an aisle,56.27117696497176,48.105025309362574,0.7430896759033203,0.6363791823387146,0.10671049356460571
Fighting,Shoplifting,11,3,a shopper slipping goods into a bag while browsing,54.59346767060996,45.924394360925355,0.7432198524475098,0.6460168361663818,0.09720301628112793
Fighting,Shoplifting,11,4,a person scanning surroundings before pocketing merchandise,53.00057909120762,45.06772377880112,0.5134543776512146,0.5096185803413391,0.0038357973098754883
Fighting,Shoplifting,11,5,someone carrying an unpaid item past the cashier,55.466306163194915,44.364295852281955,0.636267364025116,0.5636376142501831,0.07262974977493286
Fighting,Shoplifting,11,6,concealed goods disappearing beneath a jacket in a store,52.675741680642375,45.11841575309277,0.5278278589248657,0.5048287510871887,0.022999107837677002
Fighting,Shoplifting,11,7,a customer manipulating shelf products and hiding one item,57.57154519660453,49.6373881350342,0.7558324337005615,0.6779651045799255,0.07786732912063599
Fighting,Shoplifting,11,8,a suspect leaving a shop while holding unpaid merchandise,59.66882071310747,49.68879688309903,0.5833212733268738,0.487850159406662,0.09547111392021179
Fighting,Shoplifting,11,9,a retail theft scene with discreet concealment and exit,55.5999265689662,53.36364248111335,0.6261149048805237,0.5963725447654724,0.02974236011505127
Fighting,Stealing,12,0,a person taking unattended property and leaving quickly,53.59802805727574,50.505678145908014,0.39493948221206665,0.35134920477867126,0.043590277433395386
Fighting,Stealing,12,1,"a thief grabbing a bicycle, bag, phone, or object",61.65710716682955,58.633182670094556,0.847382128238678,0.8212070465087891,0.026175081729888916
Fighting,Stealing,12,2,a suspect approaching a valuable item and carrying it away,63.33018650950142,53.25949298821586,0.6881003379821777,0.5827293395996094,0.10537099838256836
Fighting,Stealing,12,3,unattended belongings disappearing after suspicious human contact,53.39477317808796,44.940552101173495,0.41275256872177124,0.3913246989250183,0.02142786979675293
Fighting,Stealing,12,4,a person lifting property while the owner is distracted,62.56004034539904,59.400682336193,0.4711318910121918,0.3896257281303406,0.0815061628818512
Fighting,Stealing,12,5,a thief cutting a lock and taking a bicycle,61.939719417982666,46.99726866207822,0.543644368648529,0.4664846360683441,0.07715973258018494
Fighting,Stealing,12,6,a suspect removing a package or bag from public space,64.8819611178972,54.46663090919882,0.6873742938041687,0.563949704170227,0.12342458963394165
Fighting,Stealing,12,7,a person pocketing an unattended item and changing direction,61.46338998812302,51.53195170424121,0.617525577545166,0.5365147590637207,0.08101081848144531
Fighting,Stealing,12,8,a valuable object being taken stealthily during distraction,52.941963902813136,43.15268488870922,0.6157541275024414,0.602200448513031,0.0135536789894104
Fighting,Stealing,12,9,a thief carrying stolen property away without confrontation,57.5363575637611,48.98245090380654,0.44624900817871094,0.3900396525859833,0.05620935559272766
Fighting,Vandalism,13,0,a person damaging property by smashing a window or door,60.233119225075725,45.99808854464186,0.7810128927230835,0.7190642356872559,0.06194865703582764
Fighting,Vandalism,13,1,someone kicking or striking an object until it breaks,57.6932203270158,51.69489600731224,0.6374594569206238,0.5914990305900574,0.045960426330566406
Fighting,Vandalism,13,2,a suspect spraying graffiti on a wall or vehicle,56.511656655746535,45.60656668760079,0.4098159372806549,0.36996525526046753,0.03985068202018738
Fighting,Vandalism,13,3,a person breaking glass with repeated tool impacts,56.95900258802724,50.85129690293242,0.7200160026550293,0.685305655002594,0.0347103476524353
Fighting,Vandalism,13,4,a vandal throwing an object at a storefront or car,70.75375845009589,64.89020272244652,0.7588714361190796,0.6935164332389832,0.06535500288009644
Fighting,Vandalism,13,5,"deliberate destruction of signs, windows, equipment, or furniture",48.379424309491895,41.777078806527705,0.44251909852027893,0.45090818405151367,-0.008389085531234741
Fighting,Vandalism,13,6,a person scratching and denting a parked vehicle,50.450586898463655,41.78896026722166,0.35534992814064026,0.3708324730396271,-0.015482544898986816
Fighting,Vandalism,13,7,public property being defaced with paint or graffiti,44.95103768213506,39.33516886257152,0.34039634466171265,0.3600223958492279,-0.01962605118751526
Fighting,Vandalism,13,8,a suspect repeatedly hitting a fixture until pieces break,58.38762048147099,57.81280139509188,0.6420517563819885,0.5878698229789734,0.05418193340301514
Fighting,Vandalism,13,9,"property damage happening without theft, fire, or confrontation",51.626039033502224,35.661003543956106,0.7340133786201477,0.7135652899742126,0.02044808864593506
Normal,Normal,0,0,a normal street scene with pedestrians walking calmly,nan,nan,nan,0.08627566695213318,nan
Normal,Normal,0,1,people standing and talking without aggressive movement,nan,nan,nan,0.7340393662452698,nan
Normal,Normal,0,2,vehicles moving through traffic in an ordinary way,nan,nan,nan,0.16732215881347656,nan
Normal,Normal,0,3,shoppers browsing shelves and carrying bags normally,nan,nan,nan,0.4903912842273712,nan
Normal,Normal,0,4,workers calmly performing tasks around counters and equipment,nan,nan,nan,0.09007392078638077,nan
Normal,Normal,0,5,pedestrians crossing a walkway with regular spacing,nan,nan,nan,0.18403491377830505,nan
Normal,Normal,0,6,people entering and exiting buildings in a routine manner,nan,nan,nan,0.14877282083034515,nan
Normal,Normal,0,7,a public area with ordinary walking and waiting,nan,nan,nan,0.3032603859901428,nan
Normal,Normal,0,8,people interacting casually without panic or force,nan,nan,nan,0.8956548571586609,nan
Normal,Normal,0,9,an orderly scene with predictable everyday human activity,nan,nan,nan,0.16406475007534027,nan
Normal,Abuse,1,0,a surveillance frame of an aggressor striking a vulnerable victim,nan,nan,nan,0.006314523983746767,nan
Normal,Abuse,1,1,a person forcefully pushing a helpless victim against furniture,nan,nan,nan,0.010006595402956009,nan
Normal,Abuse,1,2,a violent person grabbing and controlling a weaker victim,nan,nan,nan,0.004159432835876942,nan
Normal,Abuse,1,3,a victim shielding their body during repeated physical mistreatment,nan,nan,nan,0.00818527489900589,nan
Normal,Abuse,1,4,an attacker cornering someone and delivering forceful hits,nan,nan,nan,0.007722117472440004,nan
Normal,Abuse,1,5,a person dragging a resisting victim across the floor,nan,nan,nan,0.003720622044056654,nan
Normal,Abuse,1,6,a vulnerable person recoiling from sustained aggressive body contact,nan,nan,nan,0.005610125605016947,nan
Normal,Abuse,1,7,a stronger aggressor overpowering a weaker person indoors,nan,nan,nan,0.010271754115819931,nan
Normal,Abuse,1,8,a victim collapsing after repeated blows from another person,nan,nan,nan,0.00835951417684555,nan
Normal,Abuse,1,9,a hostile person restraining and hurting a defenseless target,nan,nan,nan,0.009077278897166252,nan
Normal,Arrest,2,0,a surveillance frame of police restraining a suspect,nan,nan,nan,0.0018121767789125443,nan
Normal,Arrest,2,1,officers handcuffing a detained person with controlled posture,nan,nan,nan,0.01443769782781601,nan
Normal,Arrest,2,2,police surrounding a suspect and directing surrender,nan,nan,nan,0.03796498104929924,nan
Normal,Arrest,2,3,uniformed officers escorting a suspect toward a patrol car,nan,nan,nan,0.00532469991594553,nan
Normal,Arrest,2,4,law enforcement pinning a resisting person during detention,nan,nan,nan,0.005629980470985174,nan
Normal,Arrest,2,5,officers searching a suspect after applying physical restraint,nan,nan,nan,0.00801235530525446,nan
Normal,Arrest,2,6,a patrol team blocking a suspect from escaping,nan,nan,nan,0.0019351118244230747,nan
Normal,Arrest,2,7,police pulling a suspect's arms behind their back,nan,nan,nan,0.004679047502577305,nan
Normal,Arrest,2,8,a detained person being guided beside police officers,nan,nan,nan,0.0027299539651721716,nan
Normal,Arrest,2,9,officers immobilizing a suspect using coordinated restraint,nan,nan,nan,0.014040556736290455,nan
Normal,Arson,3,0,a person igniting flammable material near property,nan,nan,nan,0.008116798475384712,nan
Normal,Arson,3,1,a suspicious person pouring liquid before visible flames appear,nan,nan,nan,0.00619186507537961,nan
Normal,Arson,3,2,a small fire spreading across a vehicle or building surface,nan,nan,nan,0.015372567810118198,nan
Normal,Arson,3,3,bright flames emerging after someone approaches a combustible target,nan,nan,nan,0.013010610826313496,nan
Normal,Arson,3,4,a person fleeing as a deliberately started fire grows,nan,nan,nan,0.008267556317150593,nan
Normal,Arson,3,5,smoke and flames rising from unattended damaged property,nan,nan,nan,0.011725873686373234,nan
Normal,Arson,3,6,a surveillance frame showing deliberate ignition near a structure,nan,nan,nan,0.006830786354839802,nan
Normal,Arson,3,7,"fire spreading around an entrance, window, or vehicle",nan,nan,nan,0.019714513793587685,nan
Normal,Arson,3,8,a person handling a lighter before a sudden flame outbreak,nan,nan,nan,0.008140752092003822,nan
Normal,Arson,3,9,a property surface burning after a suspicious human action,nan,nan,nan,0.011088330298662186,nan
Normal,Assault,4,0,a person punching another person in a close confrontation,nan,nan,nan,0.00354972667992115,nan
Normal,Assault,4,1,an attacker lunging toward a victim with a forceful strike,nan,nan,nan,0.01038765162229538,nan
Normal,Assault,4,2,two people colliding violently during a street confrontation,nan,nan,nan,0.005862621124833822,nan
Normal,Assault,4,3,an aggressor kicking a fallen victim on the ground,nan,nan,nan,0.010145180858671665,nan
Normal,Assault,4,4,a victim stumbling backward after a direct body hit,nan,nan,nan,0.005608269013464451,nan
Normal,Assault,4,5,an attacker swinging arms repeatedly at another person,nan,nan,nan,0.0027939905412495136,nan
Normal,Assault,4,6,a person shoving an opponent hard enough to lose balance,nan,nan,nan,0.00893985666334629,nan
Normal,Assault,4,7,"a close range attack with punches, kicks, and defense",nan,nan,nan,0.009975955821573734,nan
Normal,Assault,4,8,an aggressor pursuing a target while continuing to strike,nan,nan,nan,0.009169276803731918,nan
Normal,Assault,4,9,a victim shielding their face during a rapid attack,nan,nan,nan,0.004568060394376516,nan
Normal,Burglary,5,0,a surveillance frame of an intruder forcing a doorway,nan,nan,nan,0.009997533634305,nan
Normal,Burglary,5,1,a person prying a lock to enter a restricted room,nan,nan,nan,0.014138489030301571,nan
Normal,Burglary,5,2,a masked intruder breaking a barrier into private property,nan,nan,nan,0.023058323189616203,nan
Normal,Burglary,5,3,a suspect searching drawers and shelves after unauthorized entry,nan,nan,nan,0.01019969955086708,nan
Normal,Burglary,5,4,an intruder carrying stolen items from a damaged entrance,nan,nan,nan,0.004083212465047836,nan
Normal,Burglary,5,5,a person climbing through a window into closed property,nan,nan,nan,0.01519035641103983,nan
Normal,Burglary,5,6,a suspicious person slipping inside after a doorway opens,nan,nan,nan,0.00744639290496707,nan
Normal,Burglary,5,7,a burglar moving quietly through a room collecting valuables,nan,nan,nan,0.03206324577331543,nan
Normal,Burglary,5,8,a person damaging a lock to access an interior space,nan,nan,nan,0.006904177367687225,nan
Normal,Burglary,5,9,an intruder exiting a building with bags or electronics,nan,nan,nan,0.015343028120696545,nan
Normal,Explosion,6,0,"a sudden blast creating a fireball, smoke, and debris",nan,nan,nan,0.00866726879030466,nan
Normal,Explosion,6,1,a vehicle or structure bursting violently with scattered fragments,nan,nan,nan,0.009505382739007473,nan
Normal,Explosion,6,2,a bright flash followed by an expanding smoke cloud,nan,nan,nan,0.010046210139989853,nan
Normal,Explosion,6,3,an explosive impact throwing debris across a street,nan,nan,nan,0.004711846821010113,nan
Normal,Explosion,6,4,a large fireball expanding after an abrupt detonation,nan,nan,nan,0.008722926490008831,nan
Normal,Explosion,6,5,a shockwave shaking the scene while smoke engulfs objects,nan,nan,nan,0.009611099027097225,nan
Normal,Explosion,6,6,an object detonating and damaging the surrounding area,nan,nan,nan,0.003989007323980331,nan
Normal,Explosion,6,7,a blast plume rising as fragments scatter on the road,nan,nan,nan,0.01482792105525732,nan
Normal,Explosion,6,8,a sudden light burst with heavy smoke and debris,nan,nan,nan,0.008742616511881351,nan
Normal,Explosion,6,9,a violent detonation damaging a vehicle or nearby building,nan,nan,nan,0.006525202188640833,nan
Normal,Fighting,7,0,a group of people exchanging punches and kicks,nan,nan,nan,0.006751646753400564,nan
Normal,Fighting,7,1,"several people grappling, pushing, and swinging arms",nan,nan,nan,0.01652827113866806,nan
Normal,Fighting,7,2,two opponents separating and reengaging in a brawl,nan,nan,nan,0.006515740416944027,nan
Normal,Fighting,7,3,multiple individuals shoving and wrestling in public,nan,nan,nan,0.008477991446852684,nan
Normal,Fighting,7,4,two groups clashing in a chaotic physical fight,nan,nan,nan,0.007960979826748371,nan
Normal,Fighting,7,5,fighters grabbing clothing while others join the conflict,nan,nan,nan,0.014265453442931175,nan
Normal,Fighting,7,6,a crowd surrounding combatants in an escalating brawl,nan,nan,nan,0.010167798958718777,nan
Normal,Fighting,7,7,people trading blows while moving unpredictably through space,nan,nan,nan,0.014001348055899143,nan
Normal,Fighting,7,8,a mutual fight continuing despite attempts to separate,nan,nan,nan,0.005632125306874514,nan
Normal,Fighting,7,9,"a brawl with repeated grappling, striking, and falling",nan,nan,nan,0.010933546349406242,nan
Normal,RoadAccidents,8,0,"a vehicle collision causing impact, debris, and disruption",nan,nan,nan,0.013119399547576904,nan
Normal,RoadAccidents,8,1,a car striking a pedestrian or cyclist on the road,nan,nan,nan,0.016444388777017593,nan
Normal,RoadAccidents,8,2,a motorbike sliding across a lane after a crash,nan,nan,nan,0.03162306547164917,nan
Normal,RoadAccidents,8,3,vehicles swerving and colliding during a sudden accident,nan,nan,nan,0.014277848415076733,nan
Normal,RoadAccidents,8,4,a pedestrian knocked down by a vehicle near a crossing,nan,nan,nan,0.021932123228907585,nan
Normal,RoadAccidents,8,5,a damaged vehicle stopped and blocking the roadway,nan,nan,nan,0.011699661612510681,nan
Normal,RoadAccidents,8,6,a rider thrown onto pavement after a high speed impact,nan,nan,nan,0.024162648245692253,nan
Normal,RoadAccidents,8,7,a traffic accident with a vehicle spinning to a halt,nan,nan,nan,0.01289096474647522,nan
Normal,RoadAccidents,8,8,a car hitting an obstacle with sudden debris,nan,nan,nan,0.004953107330948114,nan
Normal,RoadAccidents,8,9,a motorbike rider falling during an intersection collision,nan,nan,nan,0.041463449597358704,nan
Normal,Robbery,9,0,a threatening person forcing a victim to surrender valuables,nan,nan,nan,0.014472234062850475,nan
Normal,Robbery,9,1,an aggressor confronting someone and grabbing a purse or wallet,nan,nan,nan,0.02173607610166073,nan
Normal,Robbery,9,2,a victim handing over belongings under close range intimidation,nan,nan,nan,0.0029066724237054586,nan
Normal,Robbery,9,3,a robber snatching property and escaping quickly,nan,nan,nan,0.007914320565760136,nan
Normal,Robbery,9,4,a person threatening a clerk and demanding money,nan,nan,nan,0.016312232241034508,nan
Normal,Robbery,9,5,an attacker cornering a victim and seizing personal items,nan,nan,nan,0.007394809741526842,nan
Normal,Robbery,9,6,a forced handover following a visible threat gesture,nan,nan,nan,0.002024614717811346,nan
Normal,Robbery,9,7,a suspect taking valuables while the victim backs away,nan,nan,nan,0.006957902107387781,nan
Normal,Robbery,9,8,a person brandishing a weapon to demand property,nan,nan,nan,0.012117745354771614,nan
Normal,Robbery,9,9,a robber approaching a victim and leaving with belongings,nan,nan,nan,0.010962026193737984,nan
Normal,Shooting,10,0,an armed person aiming a firearm and firing shots,nan,nan,nan,0.006366425659507513,nan
Normal,Shooting,10,1,a gunman pointing a weapon as people scatter,nan,nan,nan,0.004987056367099285,nan
Normal,Shooting,10,2,a muzzle flash appearing as a shooter targets someone,nan,nan,nan,0.007215952035039663,nan
Normal,Shooting,10,3,a person firing a handgun and causing panic,nan,nan,nan,0.006769964471459389,nan
Normal,Shooting,10,4,an armed attacker discharging a weapon in public,nan,nan,nan,0.004108972381800413,nan
Normal,Shooting,10,5,a victim falling after a nearby firearm is fired,nan,nan,nan,0.005499955266714096,nan
Normal,Shooting,10,6,a shooter raising a gun while a crowd runs,nan,nan,nan,0.0050576613284647465,nan
Normal,Shooting,10,7,a gunfire scene with fear and rapid dispersal,nan,nan,nan,0.008744467049837112,nan
Normal,Shooting,10,8,a person aiming a rifle or handgun at a target,nan,nan,nan,0.01044881995767355,nan
Normal,Shooting,10,9,a shooter stance with recoil and fleeing people,nan,nan,nan,0.006536806467920542,nan
Normal,Shoplifting,11,0,a shopper concealing merchandise inside clothing or a bag,nan,nan,nan,0.01601302996277809,nan
Normal,Shoplifting,11,1,a person removing a store item without checkout,nan,nan,nan,0.023003866896033287,nan
Normal,Shoplifting,11,2,a customer hiding a product and exiting an aisle,nan,nan,nan,0.013662322424352169,nan
Normal,Shoplifting,11,3,a shopper slipping goods into a bag while browsing,nan,nan,nan,0.013605918735265732,nan
Normal,Shoplifting,11,4,a person scanning surroundings before pocketing merchandise,nan,nan,nan,0.005816885735839605,nan
Normal,Shoplifting,11,5,someone carrying an unpaid item past the cashier,nan,nan,nan,0.022188186645507812,nan
Normal,Shoplifting,11,6,concealed goods disappearing beneath a jacket in a store,nan,nan,nan,0.005051759071648121,nan
Normal,Shoplifting,11,7,a customer manipulating shelf products and hiding one item,nan,nan,nan,0.007791229523718357,nan
Normal,Shoplifting,11,8,a suspect leaving a shop while holding unpaid merchandise,nan,nan,nan,0.0019586386624723673,nan
Normal,Shoplifting,11,9,a retail theft scene with discreet concealment and exit,nan,nan,nan,0.007921580225229263,nan
Normal,Stealing,12,0,a person taking unattended property and leaving quickly,nan,nan,nan,0.005596144590526819,nan
Normal,Stealing,12,1,"a thief grabbing a bicycle, bag, phone, or object",nan,nan,nan,0.027753502130508423,nan
Normal,Stealing,12,2,a suspect approaching a valuable item and carrying it away,nan,nan,nan,0.006795082241296768,nan
Normal,Stealing,12,3,unattended belongings disappearing after suspicious human contact,nan,nan,nan,0.008071431890130043,nan
Normal,Stealing,12,4,a person lifting property while the owner is distracted,nan,nan,nan,0.005935944151133299,nan
Normal,Stealing,12,5,a thief cutting a lock and taking a bicycle,nan,nan,nan,0.009742371737957,nan
Normal,Stealing,12,6,a suspect removing a package or bag from public space,nan,nan,nan,0.0053420113399624825,nan
Normal,Stealing,12,7,a person pocketing an unattended item and changing direction,nan,nan,nan,0.01010876800864935,nan
Normal,Stealing,12,8,a valuable object being taken stealthily during distraction,nan,nan,nan,0.008229612372815609,nan
Normal,Stealing,12,9,a thief carrying stolen property away without confrontation,nan,nan,nan,0.0048460992984473705,nan
Normal,Vandalism,13,0,a person damaging property by smashing a window or door,nan,nan,nan,0.015743548050522804,nan
Normal,Vandalism,13,1,someone kicking or striking an object until it breaks,nan,nan,nan,0.004980409052222967,nan
Normal,Vandalism,13,2,a suspect spraying graffiti on a wall or vehicle,nan,nan,nan,0.005467758513987064,nan
Normal,Vandalism,13,3,a person breaking glass with repeated tool impacts,nan,nan,nan,0.004222371615469456,nan
Normal,Vandalism,13,4,a vandal throwing an object at a storefront or car,nan,nan,nan,0.009871155023574829,nan
Normal,Vandalism,13,5,"deliberate destruction of signs, windows, equipment, or furniture",nan,nan,nan,0.023679962381720543,nan
Normal,Vandalism,13,6,a person scratching and denting a parked vehicle,nan,nan,nan,0.005075501743704081,nan
Normal,Vandalism,13,7,public property being defaced with paint or graffiti,nan,nan,nan,0.03047136217355728,nan
Normal,Vandalism,13,8,a suspect repeatedly hitting a fixture until pieces break,nan,nan,nan,0.0021431033965200186,nan
Normal,Vandalism,13,9,"property damage happening without theft, fire, or confrontation",nan,nan,nan,0.030589314177632332,nan
RoadAccidents,Normal,0,0,a normal street scene with pedestrians walking calmly,49.72472995647834,7.767711779736063,0.41311341524124146,0.4140537679195404,-0.0009403526782989502
RoadAccidents,Normal,0,1,people standing and talking without aggressive movement,41.250286154063346,7.1456067637707035,0.5479462742805481,0.6279395222663879,-0.07999324798583984
RoadAccidents,Normal,0,2,vehicles moving through traffic in an ordinary way,46.93599242576405,7.379695932194028,0.4088493287563324,0.43405941128730774,-0.025210082530975342
RoadAccidents,Normal,0,3,shoppers browsing shelves and carrying bags normally,43.887499990396726,7.641369089284736,0.4177056849002838,0.470543771982193,-0.05283808708190918
RoadAccidents,Normal,0,4,workers calmly performing tasks around counters and equipment,45.886119705180135,7.445441695410773,0.23361553251743317,0.263856440782547,-0.03024090826511383
RoadAccidents,Normal,0,5,pedestrians crossing a walkway with regular spacing,48.46094319564753,7.608895827940707,0.5132626891136169,0.516396164894104,-0.0031334757804870605
RoadAccidents,Normal,0,6,people entering and exiting buildings in a routine manner,46.74552348425197,7.926448934686942,0.2659635543823242,0.2865775227546692,-0.02061396837234497
RoadAccidents,Normal,0,7,a public area with ordinary walking and waiting,45.512647077379754,7.313011361941942,0.45595598220825195,0.4860706627368927,-0.030114680528640747
RoadAccidents,Normal,0,8,people interacting casually without panic or force,41.23199777781238,7.2752273358248996,0.7251026034355164,0.7852025032043457,-0.060099899768829346
RoadAccidents,Normal,0,9,an orderly scene with predictable everyday human activity,44.213662687502,7.512910447708962,0.22111763060092926,0.2532486915588379,-0.03213106095790863
RoadAccidents,Abuse,1,0,a surveillance frame of an aggressor striking a vulnerable victim,54.49874568159626,8.923062879320492,0.2765915095806122,0.23895755410194397,0.03763395547866821
RoadAccidents,Abuse,1,1,a person forcefully pushing a helpless victim against furniture,53.92589977171571,8.6885936075845,0.22619137167930603,0.22472095489501953,0.001470416784286499
RoadAccidents,Abuse,1,2,a violent person grabbing and controlling a weaker victim,54.119906464699284,9.014945306640708,0.18058286607265472,0.18425428867340088,-0.003671422600746155
RoadAccidents,Abuse,1,3,a victim shielding their body during repeated physical mistreatment,53.069883839392006,8.740895706572855,0.37002286314964294,0.3436439335346222,0.026378929615020752
RoadAccidents,Abuse,1,4,an attacker cornering someone and delivering forceful hits,54.08389935014617,8.894092886760935,0.25637954473495483,0.22789347171783447,0.02848607301712036
RoadAccidents,Abuse,1,5,a person dragging a resisting victim across the floor,53.59976705555513,8.672049962382944,0.2936735153198242,0.2743545472621918,0.019318968057632446
RoadAccidents,Abuse,1,6,a vulnerable person recoiling from sustained aggressive body contact,53.19751272086798,8.627119627306778,0.19033154845237732,0.19836167991161346,-0.008030131459236145
RoadAccidents,Abuse,1,7,a stronger aggressor overpowering a weaker person indoors,54.30273026531957,8.790401796298584,0.22075295448303223,0.2205059826374054,0.00024697184562683105
RoadAccidents,Abuse,1,8,a victim collapsing after repeated blows from another person,55.44569381911533,9.2432637079623,0.3608628213405609,0.2834443151950836,0.0774185061454773
RoadAccidents,Abuse,1,9,a hostile person restraining and hurting a defenseless target,55.05582161457843,9.178122023388106,0.26829424500465393,0.2278754562139511,0.04041878879070282
RoadAccidents,Arrest,2,0,a surveillance frame of police restraining a suspect,50.776911209802144,8.03707459699497,0.15509074926376343,0.18971440196037292,-0.0346236526966095
RoadAccidents,Arrest,2,1,officers handcuffing a detained person with controlled posture,50.09484471847527,7.953516777559716,0.292994886636734,0.3080237805843353,-0.015028893947601318
RoadAccidents,Arrest,2,2,police surrounding a suspect and directing surrender,46.22964136925148,7.331697993126649,0.23302634060382843,0.26297613978385925,-0.029949799180030823
RoadAccidents,Arrest,2,3,uniformed officers escorting a suspect toward a patrol car,51.17721678308549,8.144330921886455,0.26482918858528137,0.2767493426799774,-0.011920154094696045
RoadAccidents,Arrest,2,4,law enforcement pinning a resisting person during detention,50.0762265518329,8.228294911234174,0.10648959130048752,0.13433033227920532,-0.027840740978717804
RoadAccidents,Arrest,2,5,officers searching a suspect after applying physical restraint,49.905634976639504,7.90121439650563,0.20880156755447388,0.23718087375164032,-0.028379306197166443
RoadAccidents,Arrest,2,6,a patrol team blocking a suspect from escaping,53.73842892467102,8.968663692886734,0.16727374494075775,0.17481687664985657,-0.007543131709098816
RoadAccidents,Arrest,2,7,police pulling a suspect's arms behind their back,49.38984280447303,7.792400881376207,0.14795388281345367,0.18617746233940125,-0.03822357952594757
RoadAccidents,Arrest,2,8,a detained person being guided beside police officers,52.43116979406332,8.603664715733553,0.13552357256412506,0.15671409666538239,-0.021190524101257324
RoadAccidents,Arrest,2,9,officers immobilizing a suspect using coordinated restraint,50.097602965385256,7.921236141747823,0.3507222533226013,0.3607725203037262,-0.010050266981124878
RoadAccidents,Arson,3,0,a person igniting flammable material near property,55.06181780351317,9.720170300025707,0.2944307029247284,0.2392544001340866,0.055176302790641785
RoadAccidents,Arson,3,1,a suspicious person pouring liquid before visible flames appear,55.69966240144632,9.691223049496708,0.28278985619544983,0.24264244735240936,0.040147408843040466
RoadAccidents,Arson,3,2,a small fire spreading across a vehicle or building surface,55.73965698164104,10.91791618403175,0.4109545648097992,0.35348907113075256,0.05746549367904663
RoadAccidents,Arson,3,3,bright flames emerging after someone approaches a combustible target,55.65262229925326,10.4663807056898,0.3633098006248474,0.3054948151111603,0.057814985513687134
RoadAccidents,Arson,3,4,a person fleeing as a deliberately started fire grows,55.1186916555592,9.37024404609822,0.24838346242904663,0.201835036277771,0.046548426151275635
RoadAccidents,Arson,3,5,smoke and flames rising from unattended damaged property,55.5334180632306,14.099902152390955,0.25060078501701355,0.19269293546676636,0.05790784955024719
RoadAccidents,Arson,3,6,a surveillance frame showing deliberate ignition near a structure,54.654646593899535,9.609542959337986,0.22815962135791779,0.19904406368732452,0.02911555767059326
RoadAccidents,Arson,3,7,"fire spreading around an entrance, window, or vehicle",54.92828267593648,11.893664468918697,0.40366777777671814,0.3627128601074219,0.040954917669296265
RoadAccidents,Arson,3,8,a person handling a lighter before a sudden flame outbreak,54.225559313729434,9.282299434689618,0.27271485328674316,0.23038040101528168,0.04233445227146149
RoadAccidents,Arson,3,9,a property surface burning after a suspicious human action,55.99389539247408,10.713351580503653,0.311928927898407,0.2492656409740448,0.06266328692436218
RoadAccidents,Assault,4,0,a person punching another person in a close confrontation,54.72411244270853,9.018023136973108,0.19219297170639038,0.19191209971904755,0.00028087198734283447
RoadAccidents,Assault,4,1,an attacker lunging toward a victim with a forceful strike,54.0358398958342,8.845103842027319,0.3382101356983185,0.2811691462993622,0.0570409893989563
RoadAccidents,Assault,4,2,two people colliding violently during a street confrontation,54.490830712202396,9.015267626864684,0.4174405634403229,0.36400485038757324,0.053435713052749634
RoadAccidents,Assault,4,3,an aggressor kicking a fallen victim on the ground,55.358119479723435,9.249095026889757,0.3919338583946228,0.30834293365478516,0.08359092473983765
RoadAccidents,Assault,4,4,a victim stumbling backward after a direct body hit,55.1702288994533,9.10159734905574,0.3437461256980896,0.27492618560791016,0.06881994009017944
RoadAccidents,Assault,4,5,an attacker swinging arms repeatedly at another person,52.98320892834032,8.615021575911177,0.1341804414987564,0.1640634536743164,-0.029883012175559998
RoadAccidents,Assault,4,6,a person shoving an opponent hard enough to lose balance,54.58551053548197,9.009742901997583,0.3205721080303192,0.2633705139160156,0.05720159411430359
RoadAccidents,Assault,4,7,"a close range attack with punches, kicks, and defense",54.04924137810336,8.916247835125377,0.3394838869571686,0.2759525775909424,0.0635313093662262
RoadAccidents,Assault,4,8,an aggressor pursuing a target while continuing to strike,54.78557337928963,9.12112062480433,0.221928671002388,0.20121605694293976,0.020712614059448242
RoadAccidents,Assault,4,9,a victim shielding their face during a rapid attack,54.044264541287525,8.849382254114635,0.2755100429058075,0.24306446313858032,0.03244557976722717
RoadAccidents,Burglary,5,0,a surveillance frame of an intruder forcing a doorway,52.53898127110999,8.308036289511383,0.17402979731559753,0.20634758472442627,-0.032317787408828735
RoadAccidents,Burglary,5,1,a person prying a lock to enter a restricted room,52.84037970791478,8.418045640802685,0.20117448270320892,0.21151889860630035,-0.01034441590309143
RoadAccidents,Burglary,5,2,a masked intruder breaking a barrier into private property,52.43674624977264,8.339092658321597,0.29260310530662537,0.28982675075531006,0.0027763545513153076
RoadAccidents,Burglary,5,3,a suspect searching drawers and shelves after unauthorized entry,51.381327054424084,8.057814014115271,0.19272153079509735,0.2205919623374939,-0.027870431542396545
RoadAccidents,Burglary,5,4,an intruder carrying stolen items from a damaged entrance,53.46347368106844,8.411947665456697,0.1603727638721466,0.18113097548484802,-0.020758211612701416
RoadAccidents,Burglary,5,5,a person climbing through a window into closed property,51.04694957847822,8.11937924053045,0.15026697516441345,0.18642990291118622,-0.036162927746772766
RoadAccidents,Burglary,5,6,a suspicious person slipping inside after a doorway opens,52.391594947094035,8.286798294482175,0.24567057192325592,0.2603263854980469,-0.014655813574790955
RoadAccidents,Burglary,5,7,a burglar moving quietly through a room collecting valuables,51.969193417586155,8.506345452821284,0.2539481818675995,0.2535878121852875,0.0003603696823120117
RoadAccidents,Burglary,5,8,a person damaging a lock to access an interior space,53.189837599031506,8.45506221402362,0.2237742841243744,0.2337125986814499,-0.0099383145570755
RoadAccidents,Burglary,5,9,an intruder exiting a building with bags or electronics,50.61630328918508,8.0020111218237,0.2027817815542221,0.22739601135253906,-0.024614229798316956
RoadAccidents,Explosion,6,0,"a sudden blast creating a fireball, smoke, and debris",55.83559600459691,9.612840971915663,0.4094882607460022,0.35177212953567505,0.05771613121032715
RoadAccidents,Explosion,6,1,a vehicle or structure bursting violently with scattered fragments,54.68999412766985,9.212751560593926,0.3445912301540375,0.2941064238548279,0.050484806299209595
RoadAccidents,Explosion,6,2,a bright flash followed by an expanding smoke cloud,53.77476582961555,9.023605711747553,0.3025166988372803,0.26980265974998474,0.03271403908729553
RoadAccidents,Explosion,6,3,an explosive impact throwing debris across a street,56.1435902492299,9.546222003860207,0.3496689200401306,0.2920091152191162,0.057659804821014404
RoadAccidents,Explosion,6,4,a large fireball expanding after an abrupt detonation,55.00203579983379,9.504316197299307,0.3741404116153717,0.3176276981830597,0.05651271343231201
RoadAccidents,Explosion,6,5,a shockwave shaking the scene while smoke engulfs objects,54.496796920192466,9.375919660210718,0.38342228531837463,0.34162890911102295,0.041793376207351685
RoadAccidents,Explosion,6,6,an object detonating and damaging the surrounding area,55.840872650859474,9.660855569262646,0.2293868362903595,0.17789912223815918,0.05148771405220032
RoadAccidents,Explosion,6,7,a blast plume rising as fragments scatter on the road,54.40739374317547,9.220655229609974,0.4428110122680664,0.4060874283313751,0.036723583936691284
RoadAccidents,Explosion,6,8,a sudden light burst with heavy smoke and debris,54.66058282094494,9.354100726520043,0.34043988585472107,0.29380711913108826,0.04663276672363281
RoadAccidents,Explosion,6,9,a violent detonation damaging a vehicle or nearby building,55.38399303497684,9.505028161498386,0.39123547077178955,0.3312991261482239,0.059936344623565674
RoadAccidents,Fighting,7,0,a group of people exchanging punches and kicks,50.894196665365676,8.326280556228527,0.2639007866382599,0.2662416100502014,-0.0023408234119415283
RoadAccidents,Fighting,7,1,"several people grappling, pushing, and swinging arms",51.6218042116519,8.37818778146446,0.3925074338912964,0.3844776153564453,0.008029818534851074
RoadAccidents,Fighting,7,2,two opponents separating and reengaging in a brawl,54.48168652407692,9.069230767494247,0.25108516216278076,0.21844705939292908,0.032638102769851685
RoadAccidents,Fighting,7,3,multiple individuals shoving and wrestling in public,50.962853028668476,8.22158334580329,0.1657344549894333,0.18490031361579895,-0.01916585862636566
RoadAccidents,Fighting,7,4,two groups clashing in a chaotic physical fight,52.51385723947342,8.660066960503688,0.2587886154651642,0.2448916733264923,0.013896942138671875
RoadAccidents,Fighting,7,5,fighters grabbing clothing while others join the conflict,50.88142478293468,8.069589087684207,0.11420610547065735,0.13624367117881775,-0.0220375657081604
RoadAccidents,Fighting,7,6,a crowd surrounding combatants in an escalating brawl,50.70348787629623,8.251147454722204,0.3787657916545868,0.379157155752182,-0.00039136409759521484
RoadAccidents,Fighting,7,7,people trading blows while moving unpredictably through space,50.12362642536203,8.060415341395283,0.14923007786273956,0.17787617444992065,-0.02864609658718109
RoadAccidents,Fighting,7,8,a mutual fight continuing despite attempts to separate,52.723843775968064,8.940948154836256,0.12504103779792786,0.13680556416511536,-0.0117645263671875
RoadAccidents,Fighting,7,9,"a brawl with repeated grappling, striking, and falling",54.14583998184204,8.994853806087397,0.33549508452415466,0.27389082312583923,0.06160426139831543
RoadAccidents,RoadAccidents,8,0,"a vehicle collision causing impact, debris, and disruption",55.43921793506581,9.496608671888065,0.5395669937133789,0.49479836225509644,0.04476863145828247
RoadAccidents,RoadAccidents,8,1,a car striking a pedestrian or cyclist on the road,54.132528442406915,8.683077296550385,0.6496224999427795,0.5902609825134277,0.05936151742935181
RoadAccidents,RoadAccidents,8,2,a motorbike sliding across a lane after a crash,55.16977918528318,8.940698281578365,0.7469230890274048,0.6747298836708069,0.0721932053565979
RoadAccidents,RoadAccidents,8,3,vehicles swerving and colliding during a sudden accident,54.83132430086171,9.085546212284989,0.616867184638977,0.5705515742301941,0.04631561040878296
RoadAccidents,RoadAccidents,8,4,a pedestrian knocked down by a vehicle near a crossing,54.47844858205217,8.74993421409692,0.7081282734870911,0.6455671191215515,0.06256115436553955
RoadAccidents,RoadAccidents,8,5,a damaged vehicle stopped and blocking the roadway,54.380201026356424,8.792982575572616,0.5705416202545166,0.5114408731460571,0.05910074710845947
RoadAccidents,RoadAccidents,8,6,a rider thrown onto pavement after a high speed impact,54.61066454806321,8.812749135859367,0.69479900598526,0.6426718235015869,0.052127182483673096
RoadAccidents,RoadAccidents,8,7,a traffic accident with a vehicle spinning to a halt,54.96791748479512,8.94457802194257,0.6238918900489807,0.5685306191444397,0.055361270904541016
RoadAccidents,RoadAccidents,8,8,a car hitting an obstacle with sudden debris,55.06226751768328,9.140605373090535,0.46702542901039124,0.41881200671195984,0.048213422298431396
RoadAccidents,RoadAccidents,8,9,a motorbike rider falling during an intersection collision,54.615251632598294,8.777473116363632,0.7597336769104004,0.689064085483551,0.07066959142684937
RoadAccidents,Robbery,9,0,a threatening person forcing a victim to surrender valuables,52.89725355996079,8.485859911060524,0.25865328311920166,0.2570134401321411,0.0016398429870605469
RoadAccidents,Robbery,9,1,an aggressor confronting someone and grabbing a purse or wallet,52.469725288913715,8.306230853206733,0.2807186245918274,0.2858840823173523,-0.005165457725524902
RoadAccidents,Robbery,9,2,a victim handing over belongings under close range intimidation,54.24765526995395,8.737559593516107,0.2065095603466034,0.2034425586462021,0.003067001700401306
RoadAccidents,Robbery,9,3,a robber snatching property and escaping quickly,52.912633784578404,8.386383986317886,0.226265549659729,0.24112153053283691,-0.01485598087310791
RoadAccidents,Robbery,9,4,a person threatening a clerk and demanding money,48.664963524152114,7.565454426469624,0.14922389388084412,0.19886614382266998,-0.04964224994182587
RoadAccidents,Robbery,9,5,an attacker cornering a victim and seizing personal items,53.01870636683398,8.3487395437538,0.3766075670719147,0.3477866053581238,0.028820961713790894
RoadAccidents,Robbery,9,6,a forced handover following a visible threat gesture,55.039272133118544,9.199479699439287,0.09945885092020035,0.11901775002479553,-0.019558899104595184
RoadAccidents,Robbery,9,7,a suspect taking valuables while the victim backs away,52.7729525633436,8.328912630272487,0.2553393840789795,0.2618882358074188,-0.006548851728439331
RoadAccidents,Robbery,9,8,a person brandishing a weapon to demand property,53.44137772484392,8.622171307013096,0.31285321712493896,0.28791704773902893,0.024936169385910034
RoadAccidents,Robbery,9,9,a robber approaching a victim and leaving with belongings,53.93114643703362,8.605838520400486,0.43407490849494934,0.3853682279586792,0.04870668053627014
RoadAccidents,Shooting,10,0,an armed person aiming a firearm and firing shots,54.23185531211091,8.9269214918324,0.30839309096336365,0.2655413746833801,0.04285171627998352
RoadAccidents,Shooting,10,1,a gunman pointing a weapon as people scatter,54.7699832880593,9.00936226982624,0.2580205500125885,0.22713087499141693,0.03088967502117157
RoadAccidents,Shooting,10,2,a muzzle flash appearing as a shooter targets someone,54.307317349854635,8.925741413708367,0.2907858192920685,0.23827603459358215,0.05250978469848633
RoadAccidents,Shooting,10,3,a person firing a handgun and causing panic,54.64232442563864,9.041824747441712,0.33614999055862427,0.2804569900035858,0.05569300055503845
RoadAccidents,Shooting,10,4,an armed attacker discharging a weapon in public,53.11104767642901,8.477290209807947,0.28029394149780273,0.2670109272003174,0.013283014297485352
RoadAccidents,Shooting,10,5,a victim falling after a nearby firearm is fired,54.70096715342042,9.0224433550571,0.41666603088378906,0.35473185777664185,0.06193417310714722
RoadAccidents,Shooting,10,6,a shooter raising a gun while a crowd runs,54.10380669740951,8.835003642417252,0.2778629660606384,0.25153443217277527,0.02632853388786316
RoadAccidents,Shooting,10,7,a gunfire scene with fear and rapid dispersal,54.23260483572776,8.939975850672283,0.38389113545417786,0.3303647041320801,0.05352643132209778
RoadAccidents,Shooting,10,8,a person aiming a rifle or handgun at a target,53.40327194416364,8.636568518782207,0.40779435634613037,0.3631117045879364,0.04468265175819397
RoadAccidents,Shooting,10,9,a shooter stance with recoil and fleeing people,54.9641698667109,9.13913546864735,0.22237268090248108,0.2052617371082306,0.01711094379425049
RoadAccidents,Shoplifting,11,0,a shopper concealing merchandise inside clothing or a bag,49.34229302622053,7.707385115299193,0.23806683719158173,0.2822535037994385,-0.04418666660785675
RoadAccidents,Shoplifting,11,1,a person removing a store item without checkout,49.74124945699356,7.8352928188685524,0.2395370453596115,0.2764538824558258,-0.036916837096214294
RoadAccidents,Shoplifting,11,2,a customer hiding a product and exiting an aisle,48.61636441283604,7.607440213837728,0.17933331429958344,0.2289893925189972,-0.04965607821941376
RoadAccidents,Shoplifting,11,3,a shopper slipping goods into a bag while browsing,51.56133264624503,8.020416960331623,0.30467280745506287,0.325507789850235,-0.02083498239517212
RoadAccidents,Shoplifting,11,4,a person scanning surroundings before pocketing merchandise,48.26897520690178,7.544283473497601,0.10698533803224564,0.15264961123466492,-0.04566427320241928
RoadAccidents,Shoplifting,11,5,someone carrying an unpaid item past the cashier,50.32713707780716,7.973907326351232,0.2452806532382965,0.27466854453086853,-0.02938789129257202
RoadAccidents,Shoplifting,11,6,concealed goods disappearing beneath a jacket in a store,51.05243609135351,7.935887304345254,0.13873329758644104,0.17528651654720306,-0.036553218960762024
RoadAccidents,Shoplifting,11,7,a customer manipulating shelf products and hiding one item,48.586713258553736,7.540009970064585,0.13531729578971863,0.19721832871437073,-0.0619010329246521
RoadAccidents,Shoplifting,11,8,a suspect leaving a shop while holding unpaid merchandise,51.5875959537792,8.055768064646411,0.10713215172290802,0.15806767344474792,-0.050935521721839905
RoadAccidents,Shoplifting,11,9,a retail theft scene with discreet concealment and exit,53.28376789869424,8.385786141471883,0.17724771797657013,0.20116768777370453,-0.0239199697971344
RoadAccidents,Stealing,12,0,a person taking unattended property and leaving quickly,54.55684875237391,8.89125070312889,0.14495107531547546,0.14911048114299774,-0.004159405827522278
RoadAccidents,Stealing,12,1,"a thief grabbing a bicycle, bag, phone, or object",54.39510155585925,9.206857129072185,0.6311006546020508,0.5691789984703064,0.061921656131744385
RoadAccidents,Stealing,12,2,a suspect approaching a valuable item and carrying it away,54.52419950362424,8.61806820077665,0.3485906422138214,0.32113537192344666,0.027455270290374756
RoadAccidents,Stealing,12,3,unattended belongings disappearing after suspicious human contact,53.6848529765391,8.686905146349583,0.21319225430488586,0.2044927477836609,0.008699506521224976
RoadAccidents,Stealing,12,4,a person lifting property while the owner is distracted,51.995696572677716,8.11557851864873,0.1198994591832161,0.15231452882289886,-0.03241506963968277
RoadAccidents,Stealing,12,5,a thief cutting a lock and taking a bicycle,54.32191806991074,8.94840603575046,0.40495288372039795,0.3412604331970215,0.06369245052337646
RoadAccidents,Stealing,12,6,a suspect removing a package or bag from public space,52.82802755870921,8.35676269275374,0.28423672914505005,0.27938300371170044,0.004853725433349609
RoadAccidents,Stealing,12,7,a person pocketing an unattended item and changing direction,53.22425572351692,8.490182471039672,0.4080970883369446,0.3788369596004486,0.02926012873649597
RoadAccidents,Stealing,12,8,a valuable object being taken stealthily during distraction,55.401082173440855,9.175400261664675,0.14771690964698792,0.15942911803722382,-0.011712208390235901
RoadAccidents,Stealing,12,9,a thief carrying stolen property away without confrontation,53.33770361816224,8.597839313464892,0.17672504484653473,0.1848941147327423,-0.00816906988620758
RoadAccidents,Vandalism,13,0,a person damaging property by smashing a window or door,54.6493399666923,9.144510719774289,0.36301225423812866,0.31305229663848877,0.04995995759963989
RoadAccidents,Vandalism,13,1,someone kicking or striking an object until it breaks,55.29830749509939,9.121751471543455,0.24600063264369965,0.2152557373046875,0.030744895339012146
RoadAccidents,Vandalism,13,2,a suspect spraying graffiti on a wall or vehicle,53.55377628642566,8.588103624713952,0.2877928912639618,0.27839425206184387,0.00939863920211792
RoadAccidents,Vandalism,13,3,a person breaking glass with repeated tool impacts,54.511877335363344,8.906852548971585,0.1710965484380722,0.17870375514030457,-0.007607206702232361
RoadAccidents,Vandalism,13,4,a vandal throwing an object at a storefront or car,54.200705110594924,8.685592939535292,0.40385738015174866,0.35389435291290283,0.049963027238845825
RoadAccidents,Vandalism,13,5,"deliberate destruction of signs, windows, equipment, or furniture",54.96692811362088,9.2076044404057,0.2742393910884857,0.24755150079727173,0.02668789029121399
RoadAccidents,Vandalism,13,6,a person scratching and denting a parked vehicle,52.56779295894142,8.385457057546484,0.3268183469772339,0.3156680464744568,0.0111503005027771
RoadAccidents,Vandalism,13,7,public property being defaced with paint or graffiti,53.4892872744325,8.98152232230623,0.2670259475708008,0.24956145882606506,0.017464488744735718
RoadAccidents,Vandalism,13,8,a suspect repeatedly hitting a fixture until pieces break,54.86655191085331,8.968591712215822,0.21148523688316345,0.2062995880842209,0.005185648798942566
RoadAccidents,Vandalism,13,9,"property damage happening without theft, fire, or confrontation",54.89176588532389,12.037863303886404,0.5031023025512695,0.45699232816696167,0.04610997438430786
Robbery,Normal,0,0,a normal street scene with pedestrians walking calmly,57.79883822933349,57.294646326351995,0.32757216691970825,0.264111191034317,0.06346097588539124
Robbery,Normal,0,1,people standing and talking without aggressive movement,36.97489916564168,38.19747029484022,0.4641219675540924,0.5947879552841187,-0.13066598773002625
Robbery,Normal,0,2,vehicles moving through traffic in an ordinary way,52.32755952234942,47.398903368937724,0.23282425105571747,0.23738087713718414,-0.004556626081466675
Robbery,Normal,0,3,shoppers browsing shelves and carrying bags normally,48.8664968280834,43.7918269004504,0.5238100290298462,0.5321745276451111,-0.008364498615264893
Robbery,Normal,0,4,workers calmly performing tasks around counters and equipment,69.89069123368925,60.83187351732783,0.49197617173194885,0.3313088119029999,0.16066735982894897
Robbery,Normal,0,5,pedestrians crossing a walkway with regular spacing,47.491715404733284,45.02412206144437,0.33536553382873535,0.3556302487850189,-0.02026471495628357
Robbery,Normal,0,6,people entering and exiting buildings in a routine manner,53.27314225908677,48.60890571313316,0.25248265266418457,0.24504433572292328,0.0074383169412612915
Robbery,Normal,0,7,a public area with ordinary walking and waiting,52.260465105413225,46.21669346905026,0.4010295271873474,0.4113103449344635,-0.010280817747116089
Robbery,Normal,0,8,people interacting casually without panic or force,32.50648575470122,36.218049443967274,0.6304914951324463,0.7942934036254883,-0.163801908493042
Robbery,Normal,0,9,an orderly scene with predictable everyday human activity,52.97271252308414,50.06986044116736,0.23185710608959198,0.21381312608718872,0.01804398000240326
Robbery,Abuse,1,0,a surveillance frame of an aggressor striking a vulnerable victim,74.19211617239434,80.37179086071504,0.6028982996940613,0.18545687198638916,0.4174414277076721
Robbery,Abuse,1,1,a person forcefully pushing a helpless victim against furniture,72.37673561832808,76.71477574471031,0.6142762303352356,0.25443023443222046,0.35984599590301514
Robbery,Abuse,1,2,a violent person grabbing and controlling a weaker victim,74.67457922899825,80.88400497430823,0.6001710891723633,0.17459431290626526,0.425576776266098
Robbery,Abuse,1,3,a victim shielding their body during repeated physical mistreatment,69.52129815548757,65.18948319539028,0.5325357913970947,0.21473084390163422,0.3178049325942993
Robbery,Abuse,1,4,an attacker cornering someone and delivering forceful hits,73.52855425782059,79.70857809487578,0.6123006343841553,0.19340136647224426,0.418899267911911
Robbery,Abuse,1,5,a person dragging a resisting victim across the floor,73.11729725373115,77.33922103560276,0.4058373272418976,0.12343620508909225,0.28240111470222473
Robbery,Abuse,1,6,a vulnerable person recoiling from sustained aggressive body contact,73.28839736154475,78.29075171498411,0.4473750591278076,0.12044145911931992,0.3269335925579071
Robbery,Abuse,1,7,a stronger aggressor overpowering a weaker person indoors,73.00581586180232,77.90996738968875,0.584052562713623,0.21644087135791779,0.36761170625686646
Robbery,Abuse,1,8,a victim collapsing after repeated blows from another person,72.03546986533223,76.53545974022245,0.5213967561721802,0.16577453911304474,0.35562223196029663
Robbery,Abuse,1,9,a hostile person restraining and hurting a defenseless target,71.35247112802489,75.54802409243294,0.5552522540092468,0.19444997608661652,0.3608022928237915
Robbery,Arrest,2,0,a surveillance frame of police restraining a suspect,74.90417669753897,80.52767743866984,0.4799145460128784,0.17046190798282623,0.3094526529312134
Robbery,Arrest,2,1,officers handcuffing a detained person with controlled posture,67.33166531753625,62.0168327729394,0.5152857899665833,0.24452455341815948,0.27076125144958496
Robbery,Arrest,2,2,police surrounding a suspect and directing surrender,63.661656778883945,59.08244409925707,0.24142669141292572,0.14938540756702423,0.09204128384590149
Robbery,Arrest,2,3,uniformed officers escorting a suspect toward a patrol car,72.2845041566066,75.29399319658563,0.4847377836704254,0.19493970274925232,0.2897980809211731
Robbery,Arrest,2,4,law enforcement pinning a resisting person during detention,71.62140947334854,72.36680746467347,0.4640703797340393,0.17109805345535278,0.2929723262786865
Robbery,Arrest,2,5,officers searching a suspect after applying physical restraint,70.04198073371668,68.19291439150834,0.36749786138534546,0.13646931946277618,0.23102854192256927
Robbery,Arrest,2,6,a patrol team blocking a suspect from escaping,72.73295277342669,75.6539094700407,0.4204745590686798,0.12288938462734222,0.2975851893424988
Robbery,Arrest,2,7,police pulling a suspect's arms behind their back,69.5154110409096,69.94072774774163,0.382730633020401,0.16217190027236938,0.22055873274803162
Robbery,Arrest,2,8,a detained person being guided beside police officers,69.41458252297902,67.10446065531963,0.23836615681648254,0.09391728043556213,0.1444488763809204
Robbery,Arrest,2,9,officers immobilizing a suspect using coordinated restraint,71.6700949764457,74.33487803335073,0.5092316269874573,0.17535315454006195,0.33387845754623413
Robbery,Arson,3,0,a person igniting flammable material near property,64.57453332352148,61.6119524406819,0.17282097041606903,0.10020498186349869,0.07261598855257034
Robbery,Arson,3,1,a suspicious person pouring liquid before visible flames appear,66.13144151373602,61.95395693642228,0.28218573331832886,0.16195984184741974,0.12022589147090912
Robbery,Arson,3,2,a small fire spreading across a vehicle or building surface,61.46697784272293,61.58988817135782,0.23536527156829834,0.1323525607585907,0.10301271080970764
Robbery,Arson,3,3,bright flames emerging after someone approaches a combustible target,71.69541891375727,78.73269099868247,0.37052422761917114,0.14261457324028015,0.227909654378891
Robbery,Arson,3,4,a person fleeing as a deliberately started fire grows,66.96946760159653,66.29746522407329,0.28542160987854004,0.1388874351978302,0.14653417468070984
Robbery,Arson,3,5,smoke and flames rising from unattended damaged property,65.5220784317848,66.69775874973409,0.11797603964805603,0.0537525936961174,0.06422344595193863
Robbery,Arson,3,6,a surveillance frame showing deliberate ignition near a structure,65.7734488796377,58.11038427782209,0.07963825017213821,0.055743779987096786,0.023894470185041428
Robbery,Arson,3,7,"fire spreading around an entrance, window, or vehicle",55.561734689705844,52.050302610793445,0.21011003851890564,0.16536040604114532,0.044749632477760315
Robbery,Arson,3,8,a person handling a lighter before a sudden flame outbreak,72.02238738849232,75.70393150858555,0.46927741169929504,0.2250932902097702,0.24418412148952484
Robbery,Arson,3,9,a property surface burning after a suspicious human action,62.66785577036514,62.98380265064358,0.1626352071762085,0.08675724267959595,0.07587796449661255
Robbery,Assault,4,0,a person punching another person in a close confrontation,74.87903965275368,80.34189521305957,0.654714047908783,0.2369624376296997,0.41775161027908325
Robbery,Assault,4,1,an attacker lunging toward a victim with a forceful strike,73.32035598353944,76.96853096934564,0.6655227541923523,0.24068544805049896,0.42483729124069214
Robbery,Assault,4,2,two people colliding violently during a street confrontation,73.322038016276,78.95679427453761,0.49642470479011536,0.1816910356283188,0.31473368406295776
Robbery,Assault,4,3,an aggressor kicking a fallen victim on the ground,72.4643882131556,78.7449886644766,0.5108970403671265,0.16230499744415283,0.34859204292297363
Robbery,Assault,4,4,a victim stumbling backward after a direct body hit,72.31235114302301,77.1985749018382,0.4922808110713959,0.14959834516048431,0.34268248081207275
Robbery,Assault,4,5,an attacker swinging arms repeatedly at another person,75.30029540699937,80.52542545897782,0.6205216646194458,0.1826503872871399,0.4378712773323059
Robbery,Assault,4,6,a person shoving an opponent hard enough to lose balance,72.8852701823487,77.94306683077696,0.5985541343688965,0.2052157074213028,0.3933384418487549
Robbery,Assault,4,7,"a close range attack with punches, kicks, and defense",74.47787484508362,80.30384842326228,0.5406363010406494,0.14600123465061188,0.39463508129119873
Robbery,Assault,4,8,an aggressor pursuing a target while continuing to strike,71.10913705880225,74.65913011007682,0.5629640817642212,0.19639772176742554,0.36656635999679565
Robbery,Assault,4,9,a victim shielding their face during a rapid attack,75.2624496704267,81.20383803353278,0.6195332407951355,0.18444278836250305,0.43509045243263245
Robbery,Burglary,5,0,a surveillance frame of an intruder forcing a doorway,66.41757397147785,66.52827569594513,0.6579665541648865,0.46721234917640686,0.19075420498847961
Robbery,Burglary,5,1,a person prying a lock to enter a restricted room,57.817153696909386,57.470061827874574,0.6698994636535645,0.5454633831977844,0.12443608045578003
Robbery,Burglary,5,2,a masked intruder breaking a barrier into private property,63.923212869419366,61.3036098821782,0.6680670976638794,0.5136527419090271,0.1544143557548523
Robbery,Burglary,5,3,a suspect searching drawers and shelves after unauthorized entry,73.70283153858105,76.80347844004,0.6832282543182373,0.5115891098976135,0.17163914442062378
Robbery,Burglary,5,4,an intruder carrying stolen items from a damaged entrance,74.71644315488601,79.61918436572178,0.5903650522232056,0.2977631390094757,0.29260191321372986
Robbery,Burglary,5,5,a person climbing through a window into closed property,52.561455518994705,45.46163203141922,0.4117494821548462,0.3682461977005005,0.0435032844543457
Robbery,Burglary,5,6,a suspicious person slipping inside after a doorway opens,63.15779452802045,59.78924872969944,0.4526520371437073,0.3020784854888916,0.15057355165481567
Robbery,Burglary,5,7,a burglar moving quietly through a room collecting valuables,57.25899916716018,55.406582696704184,0.6963576078414917,0.5891299843788147,0.107227623462677
Robbery,Burglary,5,8,a person damaging a lock to access an interior space,69.51905544517216,68.25508070979922,0.6117709875106812,0.39759019017219543,0.21418079733848572
Robbery,Burglary,5,9,an intruder exiting a building with bags or electronics,58.02254858329624,51.10367572213257,0.6548616290092468,0.5212822556495667,0.13357937335968018
Robbery,Explosion,6,0,"a sudden blast creating a fireball, smoke, and debris",70.36007181345322,69.96845403694192,0.29032325744628906,0.10750963538885117,0.1828136146068573
Robbery,Explosion,6,1,a vehicle or structure bursting violently with scattered fragments,65.19501651078662,63.704805018543084,0.1387493759393692,0.06244807690382004,0.07630129903554916
Robbery,Explosion,6,2,a bright flash followed by an expanding smoke cloud,69.87256265863964,65.69325660792235,0.11218952387571335,0.052356041967868805,0.05983348190784454
Robbery,Explosion,6,3,an explosive impact throwing debris across a street,65.85250441825612,62.2455621895294,0.18592490255832672,0.09447292983531952,0.0914519727230072
Robbery,Explosion,6,4,a large fireball expanding after an abrupt detonation,72.07789446879887,76.13252595204179,0.2779471278190613,0.11748520284891129,0.1604619324207306
Robbery,Explosion,6,5,a shockwave shaking the scene while smoke engulfs objects,74.29014130243067,77.60930835504138,0.33505648374557495,0.10766946524381638,0.22738701105117798
Robbery,Explosion,6,6,an object detonating and damaging the surrounding area,71.07783256064954,74.23304753438927,0.09712934494018555,0.027958227321505547,0.06917111575603485
Robbery,Explosion,6,7,a blast plume rising as fragments scatter on the road,65.87708078546257,61.85427098652572,0.14693011343479156,0.08900360018014908,0.05792651325464249
Robbery,Explosion,6,8,a sudden light burst with heavy smoke and debris,70.67722843055833,66.53093603329496,0.14032267034053802,0.05888393148779869,0.08143873512744904
Robbery,Explosion,6,9,a violent detonation damaging a vehicle or nearby building,71.15987837968851,73.88146382321143,0.30540403723716736,0.10818836092948914,0.19721567630767822
Robbery,Fighting,7,0,a group of people exchanging punches and kicks,70.99541295655798,73.01909881639716,0.6310219168663025,0.2323988378047943,0.3986230790615082
Robbery,Fighting,7,1,"several people grappling, pushing, and swinging arms",71.93445445487538,76.43525972963128,0.536323070526123,0.16301961243152618,0.37330347299575806
Robbery,Fighting,7,2,two opponents separating and reengaging in a brawl,73.46267464230523,77.47145004954403,0.5043612122535706,0.13319353759288788,0.3711676597595215
Robbery,Fighting,7,3,multiple individuals shoving and wrestling in public,70.10412249870636,73.13620420873741,0.4284580647945404,0.12800614535808563,0.30045193433761597
Robbery,Fighting,7,4,two groups clashing in a chaotic physical fight,70.839170804584,72.9628865354734,0.48208534717559814,0.1450495570898056,0.33703577518463135
Robbery,Fighting,7,5,fighters grabbing clothing while others join the conflict,66.51531876272476,64.76878305359257,0.4158167839050293,0.18619313836097717,0.22962364554405212
Robbery,Fighting,7,6,a crowd surrounding combatants in an escalating brawl,72.04294556638364,76.0163272889421,0.6598779559135437,0.23085813224315643,0.4290198087692261
Robbery,Fighting,7,7,people trading blows while moving unpredictably through space,67.53425681602884,68.96515075236684,0.2834879755973816,0.14085572957992554,0.14263224601745605
Robbery,Fighting,7,8,a mutual fight continuing despite attempts to separate,69.15788563812701,70.35852875748742,0.29677814245224,0.09571613371372223,0.20106200873851776
Robbery,Fighting,7,9,"a brawl with repeated grappling, striking, and falling",74.28771169958895,80.25907956069179,0.545383870601654,0.1495111882686615,0.39587268233299255
Robbery,RoadAccidents,8,0,"a vehicle collision causing impact, debris, and disruption",66.18405175988515,60.08303181554901,0.2610870599746704,0.14162996411323547,0.11945709586143494
Robbery,RoadAccidents,8,1,a car striking a pedestrian or cyclist on the road,59.921843881664316,53.46158281961919,0.37858492136001587,0.24521632492542267,0.1333685964345932
Robbery,RoadAccidents,8,2,a motorbike sliding across a lane after a crash,55.97654265179468,48.0508190747662,0.27490901947021484,0.22484920918941498,0.050059810280799866
Robbery,RoadAccidents,8,3,vehicles swerving and colliding during a sudden accident,65.96351857886923,60.463059855327984,0.19413617253303528,0.11782191693782806,0.07631425559520721
Robbery,RoadAccidents,8,4,a pedestrian knocked down by a vehicle near a crossing,64.19682352790014,60.60361917244465,0.4225775897502899,0.22767941653728485,0.19489817321300507
Robbery,RoadAccidents,8,5,a damaged vehicle stopped and blocking the roadway,60.22806728598178,53.2117037762885,0.1960119605064392,0.14524200558662415,0.050769954919815063
Robbery,RoadAccidents,8,6,a rider thrown onto pavement after a high speed impact,63.972459050095374,58.044499078252656,0.315376877784729,0.16456124186515808,0.15081563591957092
Robbery,RoadAccidents,8,7,a traffic accident with a vehicle spinning to a halt,64.70853526486759,56.33417876431474,0.22786763310432434,0.14258833229541779,0.08527930080890656
Robbery,RoadAccidents,8,8,a car hitting an obstacle with sudden debris,68.31004769263656,65.1707183427877,0.2571428120136261,0.10685589164495468,0.15028691291809082
Robbery,RoadAccidents,8,9,a motorbike rider falling during an intersection collision,60.44000341078861,54.60193782521152,0.22321417927742004,0.16639617085456848,0.05681800842285156
Robbery,Robbery,9,0,a threatening person forcing a victim to surrender valuables,74.04970406736541,81.52904315434506,0.7484622597694397,0.5873216390609741,0.16114062070846558
Robbery,Robbery,9,1,an aggressor confronting someone and grabbing a purse or wallet,73.75441387583562,79.84845490516639,0.7575419545173645,0.6435750126838684,0.1139669418334961
Robbery,Robbery,9,2,a victim handing over belongings under close range intimidation,74.05316157910167,79.92755783719896,0.5562760233879089,0.1957167088985443,0.3605593144893646
Robbery,Robbery,9,3,a robber snatching property and escaping quickly,75.62352603120871,82.9744216664951,0.7168732285499573,0.5007210373878479,0.21615219116210938
Robbery,Robbery,9,4,a person threatening a clerk and demanding money,71.51207734547201,76.57385815325787,0.7306740880012512,0.4563308358192444,0.27434325218200684
Robbery,Robbery,9,5,an attacker cornering a victim and seizing personal items,75.86798145558909,82.48462530014545,0.7222902178764343,0.38382768630981445,0.3384625315666199
Robbery,Robbery,9,6,a forced handover following a visible threat gesture,73.66162173653527,78.08732386795725,0.4364222586154938,0.12103621661663055,0.3153860569000244
Robbery,Robbery,9,7,a suspect taking valuables while the victim backs away,74.58645940285501,81.15481797436583,0.7435705065727234,0.5246212482452393,0.21894925832748413
Robbery,Robbery,9,8,a person brandishing a weapon to demand property,76.09561655260384,84.35161346341212,0.7460949420928955,0.5844512581825256,0.16164368391036987
Robbery,Robbery,9,9,a robber approaching a victim and leaving with belongings,72.53512703435435,73.15877956277284,0.7435231804847717,0.5963093042373657,0.147213876247406
Robbery,Shooting,10,0,an armed person aiming a firearm and firing shots,73.25812077228665,76.6893826875571,0.6861078143119812,0.37061867117881775,0.31548914313316345
Robbery,Shooting,10,1,a gunman pointing a weapon as people scatter,72.54484544572114,76.82090362687863,0.6777892708778381,0.35979390144348145,0.3179953694343567
Robbery,Shooting,10,2,a muzzle flash appearing as a shooter targets someone,72.88405538092785,75.79527872012791,0.5854424834251404,0.22088709473609924,0.36455538868904114
Robbery,Shooting,10,3,a person firing a handgun and causing panic,72.23357594319401,75.67564051730204,0.6736175417900085,0.39154061675071716,0.2820769250392914
Robbery,Shooting,10,4,an armed attacker discharging a weapon in public,76.03926845592898,82.64396059009569,0.7103757262229919,0.35740211606025696,0.352973610162735
Robbery,Shooting,10,5,a victim falling after a nearby firearm is fired,73.44230335694017,78.77238761514516,0.5980737805366516,0.21241746842861176,0.38565629720687866
Robbery,Shooting,10,6,a shooter raising a gun while a crowd runs,74.54973502144009,80.69650169311386,0.6435213685035706,0.23346829414367676,0.4100530743598938
Robbery,Shooting,10,7,a gunfire scene with fear and rapid dispersal,73.68292748453172,75.28365197384905,0.6972296833992004,0.39199987053871155,0.3052298128604889
Robbery,Shooting,10,8,a person aiming a rifle or handgun at a target,73.77058007935923,77.60074235216175,0.734882652759552,0.5487907528877258,0.18609189987182617
Robbery,Shooting,10,9,a shooter stance with recoil and fleeing people,71.76083129795693,76.04871859255253,0.5185847878456116,0.18311399221420288,0.3354707956314087
Robbery,Shoplifting,11,0,a shopper concealing merchandise inside clothing or a bag,72.59082100718719,76.29551658433846,0.7427535057067871,0.5475753545761108,0.19517815113067627
Robbery,Shoplifting,11,1,a person removing a store item without checkout,69.95264610615261,66.52711725579562,0.7127230763435364,0.47537538409233093,0.23734769225120544
Robbery,Shoplifting,11,2,a customer hiding a product and exiting an aisle,69.45953017555048,63.46716974072473,0.6986543536186218,0.44745609164237976,0.25119826197624207
Robbery,Shoplifting,11,3,a shopper slipping goods into a bag while browsing,72.48728254762547,73.05291026257812,0.712605357170105,0.4651389718055725,0.24746638536453247
Robbery,Shoplifting,11,4,a person scanning surroundings before pocketing merchandise,69.27450657452864,66.29476881160754,0.5781197547912598,0.29618921875953674,0.281930536031723
Robbery,Shoplifting,11,5,someone carrying an unpaid item past the cashier,67.94766308417056,66.72109532031459,0.6227244734764099,0.40000584721565247,0.22271862626075745
Robbery,Shoplifting,11,6,concealed goods disappearing beneath a jacket in a store,69.35963612025132,67.55508512739323,0.4666719138622284,0.25394466519355774,0.21272724866867065
Robbery,Shoplifting,11,7,a customer manipulating shelf products and hiding one item,68.52273138754852,62.92007409365945,0.7023310661315918,0.38117310404777527,0.32115796208381653
Robbery,Shoplifting,11,8,a suspect leaving a shop while holding unpaid merchandise,73.79534333909196,73.93307737007278,0.6281657814979553,0.2986745536327362,0.3294912278652191
Robbery,Shoplifting,11,9,a retail theft scene with discreet concealment and exit,72.62763883486527,75.023416738644,0.5518320202827454,0.24207265675067902,0.30975937843322754
Robbery,Stealing,12,0,a person taking unattended property and leaving quickly,65.87035265451632,63.75202717972031,0.2181638479232788,0.11508773267269135,0.10307611525058746
Robbery,Stealing,12,1,"a thief grabbing a bicycle, bag, phone, or object",55.60780369743501,48.753585635687934,0.756439208984375,0.7882438898086548,-0.031804680824279785
Robbery,Stealing,12,2,a suspect approaching a valuable item and carrying it away,71.06194669591534,70.0298442688624,0.649098813533783,0.39214611053466797,0.256952702999115
Robbery,Stealing,12,3,unattended belongings disappearing after suspicious human contact,64.49351541337707,65.84358770196263,0.35704877972602844,0.23079703748226166,0.12625174224376678
Robbery,Stealing,12,4,a person lifting property while the owner is distracted,66.2847868315526,64.31777746156658,0.3620001971721649,0.24058394134044647,0.12141625583171844
Robbery,Stealing,12,5,a thief cutting a lock and taking a bicycle,60.61250521254936,52.57536127330561,0.45572012662887573,0.3291836082935333,0.1265365183353424
Robbery,Stealing,12,6,a suspect removing a package or bag from public space,76.32586814498656,82.475123227004,0.6850757002830505,0.3791612684726715,0.30591443181037903
Robbery,Stealing,12,7,a person pocketing an unattended item and changing direction,70.38128411518653,73.16842623098184,0.6341832876205444,0.42461028695106506,0.20957300066947937
Robbery,Stealing,12,8,a valuable object being taken stealthily during distraction,70.52229452626833,73.06844366083483,0.4880737066268921,0.17276988923549652,0.3153038024902344
Robbery,Stealing,12,9,a thief carrying stolen property away without confrontation,70.28363277020277,70.14334894819864,0.4676254689693451,0.26308703422546387,0.20453843474388123
Robbery,Vandalism,13,0,a person damaging property by smashing a window or door,68.42573416640676,72.70300154219173,0.6776723861694336,0.4963674545288086,0.181304931640625
Robbery,Vandalism,13,1,someone kicking or striking an object until it breaks,73.03861550016529,76.8897785009087,0.5005148649215698,0.1818675547838211,0.3186473250389099
Robbery,Vandalism,13,2,a suspect spraying graffiti on a wall or vehicle,70.7082525899216,66.7158355916175,0.5396342277526855,0.2981233596801758,0.24151086807250977
Robbery,Vandalism,13,3,a person breaking glass with repeated tool impacts,73.27671657865199,75.33138983451038,0.6498388051986694,0.3306824862957001,0.31915631890296936
Robbery,Vandalism,13,4,a vandal throwing an object at a storefront or car,74.27173238859162,80.85798199896159,0.6978123188018799,0.4718906879425049,0.225921630859375
Robbery,Vandalism,13,5,"deliberate destruction of signs, windows, equipment, or furniture",68.04232414873375,68.64871875638755,0.4519403278827667,0.28712165355682373,0.164818674325943
Robbery,Vandalism,13,6,a person scratching and denting a parked vehicle,68.05316391525827,67.75431661130737,0.3534046411514282,0.17224419116973877,0.18116044998168945
Robbery,Vandalism,13,7,public property being defaced with paint or graffiti,63.343285360357996,56.344486329835895,0.26118627190589905,0.20547258853912354,0.05571368336677551
Robbery,Vandalism,13,8,a suspect repeatedly hitting a fixture until pieces break,75.92816084905274,83.10741948383114,0.6115792989730835,0.20045241713523865,0.41112688183784485
Robbery,Vandalism,13,9,"property damage happening without theft, fire, or confrontation",59.368828896387946,59.22872463065112,0.6044155359268188,0.502978503704071,0.1014370322227478
Shooting,Normal,0,0,a normal street scene with pedestrians walking calmly,46.620831339180256,11.129109336050691,0.26344648003578186,0.32623395323753357,-0.06278747320175171
Shooting,Normal,0,1,people standing and talking without aggressive movement,29.78480682331116,8.526757028010561,0.29970261454582214,0.5135313272476196,-0.21382871270179749
Shooting,Normal,0,2,vehicles moving through traffic in an ordinary way,38.09215948914421,9.638137755286175,0.17858755588531494,0.29306623339653015,-0.11447867751121521
Shooting,Normal,0,3,shoppers browsing shelves and carrying bags normally,39.709163476630344,10.214970529334463,0.289702445268631,0.37917235493659973,-0.08946990966796875
Shooting,Normal,0,4,workers calmly performing tasks around counters and equipment,51.587544784120055,12.349668944017674,0.2550341486930847,0.2875475287437439,-0.03251338005065918
Shooting,Normal,0,5,pedestrians crossing a walkway with regular spacing,44.37571777498911,10.883269705495625,0.30129894614219666,0.3706423044204712,-0.06934335827827454
Shooting,Normal,0,6,people entering and exiting buildings in a routine manner,42.74702850850598,10.369059599690614,0.22997036576271057,0.31349194049835205,-0.08352157473564148
Shooting,Normal,0,7,a public area with ordinary walking and waiting,37.52414176718858,9.592845294106327,0.2798444926738739,0.39234423637390137,-0.11249974370002747
Shooting,Normal,0,8,people interacting casually without panic or force,29.560407645570418,8.48553328151931,0.4675557315349579,0.678516685962677,-0.21096095442771912
Shooting,Normal,0,9,an orderly scene with predictable everyday human activity,37.58704792913216,9.540579263504195,0.13837580382823944,0.2434954196214676,-0.10511961579322815
Shooting,Abuse,1,0,a surveillance frame of an aggressor striking a vulnerable victim,62.294337878842796,15.27839651527764,0.5912991166114807,0.42801719903945923,0.16328191757202148
Shooting,Abuse,1,1,a person forcefully pushing a helpless victim against furniture,62.036860751334984,15.3073557727135,0.5992911458015442,0.4400559067726135,0.15923523902893066
Shooting,Abuse,1,2,a violent person grabbing and controlling a weaker victim,60.86949399935939,14.518159515567591,0.5019538998603821,0.38457855582237244,0.11737534403800964
Shooting,Abuse,1,3,a victim shielding their body during repeated physical mistreatment,60.27642795935167,14.511025825380324,0.5185445547103882,0.39493420720100403,0.12361034750938416
Shooting,Abuse,1,4,an attacker cornering someone and delivering forceful hits,60.71253487181306,14.552203133346964,0.48557835817337036,0.3813842535018921,0.10419410467147827
Shooting,Abuse,1,5,a person dragging a resisting victim across the floor,60.040267240793135,14.436579003713812,0.4795757532119751,0.36790528893470764,0.11167046427726746
Shooting,Abuse,1,6,a vulnerable person recoiling from sustained aggressive body contact,61.43112294877707,14.828350822589293,0.49188268184661865,0.3659232556819916,0.12595942616462708
Shooting,Abuse,1,7,a stronger aggressor overpowering a weaker person indoors,61.94516206194282,15.441734595379502,0.601905882358551,0.4477105438709259,0.15419533848762512
Shooting,Abuse,1,8,a victim collapsing after repeated blows from another person,61.38219484057262,15.049343327183168,0.5532028079032898,0.41405999660491943,0.13914281129837036
Shooting,Abuse,1,9,a hostile person restraining and hurting a defenseless target,61.23233052242154,14.816976189927706,0.5128141045570374,0.39201539754867554,0.12079870700836182
Shooting,Arrest,2,0,a surveillance frame of police restraining a suspect,60.17793212767136,14.405171993968386,0.39673689007759094,0.3214121162891388,0.07532477378845215
Shooting,Arrest,2,1,officers handcuffing a detained person with controlled posture,58.67642543779148,14.683579434988536,0.5204787254333496,0.41019177436828613,0.11028695106506348
Shooting,Arrest,2,2,police surrounding a suspect and directing surrender,48.34426484777099,11.635319661608207,0.19454582035541534,0.2582368552684784,-0.06369103491306305
Shooting,Arrest,2,3,uniformed officers escorting a suspect toward a patrol car,58.54905097660681,14.706787735815535,0.47485676407814026,0.3783857524394989,0.09647101163864136
Shooting,Arrest,2,4,law enforcement pinning a resisting person during detention,60.53156311094261,14.505609199720732,0.39119094610214233,0.3198968470096588,0.07129409909248352
Shooting,Arrest,2,5,officers searching a suspect after applying physical restraint,58.725346165819715,15.466105479357894,0.40614837408065796,0.33204543590545654,0.07410293817520142
Shooting,Arrest,2,6,a patrol team blocking a suspect from escaping,61.17488077075487,14.673584824793798,0.31634435057640076,0.2682555317878723,0.04808881878852844
Shooting,Arrest,2,7,police pulling a suspect's arms behind their back,59.60509023053403,14.806597485818237,0.38748741149902344,0.31222549080848694,0.0752619206905365
Shooting,Arrest,2,8,a detained person being guided beside police officers,57.855575179222015,14.199012051871879,0.19670122861862183,0.2098967730998993,-0.013195544481277466
Shooting,Arrest,2,9,officers immobilizing a suspect using coordinated restraint,58.48010537046582,15.269795335622904,0.5436121821403503,0.4182569980621338,0.12535518407821655
Shooting,Arson,3,0,a person igniting flammable material near property,56.553571872672435,13.38283795493956,0.2944365441799164,0.26828691363334656,0.026149630546569824
Shooting,Arson,3,1,a suspicious person pouring liquid before visible flames appear,56.714329330907454,13.433852945678627,0.31040966510772705,0.274384081363678,0.03602558374404907
Shooting,Arson,3,2,a small fire spreading across a vehicle or building surface,54.2671637625353,13.062037520122981,0.4559197723865509,0.4190206229686737,0.0368991494178772
Shooting,Arson,3,3,bright flames emerging after someone approaches a combustible target,53.18587692579837,12.418111209338775,0.41115596890449524,0.4056844413280487,0.005471527576446533
Shooting,Arson,3,4,a person fleeing as a deliberately started fire grows,55.26802389900936,12.778550071397177,0.38263556361198425,0.3526354134082794,0.030000150203704834
Shooting,Arson,3,5,smoke and flames rising from unattended damaged property,51.7790554366164,12.443496879699701,0.24815890192985535,0.27377721667289734,-0.025618314743041992
Shooting,Arson,3,6,a surveillance frame showing deliberate ignition near a structure,56.42018502793646,13.463685298688599,0.2415778636932373,0.23169773817062378,0.009880125522613525
Shooting,Arson,3,7,"fire spreading around an entrance, window, or vehicle",53.3325505477686,12.693913417588675,0.5185278654098511,0.46812182664871216,0.050406038761138916
Shooting,Arson,3,8,a person handling a lighter before a sudden flame outbreak,58.53959451082482,13.849944743714032,0.4546127915382385,0.36600908637046814,0.08860370516777039
Shooting,Arson,3,9,a property surface burning after a suspicious human action,53.00086082836558,12.49074200759313,0.32992053031921387,0.327944278717041,0.0019762516021728516
Shooting,Assault,4,0,a person punching another person in a close confrontation,61.284707632974154,14.552924645428828,0.48910972476005554,0.37454861402511597,0.11456111073493958
Shooting,Assault,4,1,an attacker lunging toward a victim with a forceful strike,60.61260482588953,14.56501587909266,0.5892950296401978,0.4403374195098877,0.14895761013031006
Shooting,Assault,4,2,two people colliding violently during a street confrontation,58.03722591630365,13.715773693783365,0.5219781398773193,0.41361168026924133,0.108366459608078
Shooting,Assault,4,3,an aggressor kicking a fallen victim on the ground,59.5051060633183,14.334061000363096,0.5033681988716125,0.3991052210330963,0.10426297783851624
Shooting,Assault,4,4,a victim stumbling backward after a direct body hit,61.72424878743128,15.166802053461515,0.48926690220832825,0.3685177266597748,0.12074917554855347
Shooting,Assault,4,5,an attacker swinging arms repeatedly at another person,61.168068868114304,14.577248247945903,0.40477606654167175,0.327111154794693,0.07766491174697876
Shooting,Assault,4,6,a person shoving an opponent hard enough to lose balance,61.91645071643252,15.111492613016203,0.5708305239677429,0.4171360731124878,0.15369445085525513
Shooting,Assault,4,7,"a close range attack with punches, kicks, and defense",59.089720225592,13.961746557555898,0.48638224601745605,0.3923497796058655,0.09403246641159058
Shooting,Assault,4,8,an aggressor pursuing a target while continuing to strike,60.834177396142366,14.629588223312135,0.4664337635040283,0.37219107151031494,0.09424269199371338
Shooting,Assault,4,9,a victim shielding their face during a rapid attack,61.668941746923835,14.741453760897299,0.520322859287262,0.38767945766448975,0.13264340162277222
Shooting,Burglary,5,0,a surveillance frame of an intruder forcing a doorway,65.78515630540538,18.97375035606367,0.6903608441352844,0.49324923753738403,0.1971116065979004
Shooting,Burglary,5,1,a person prying a lock to enter a restricted room,66.69319350564481,20.668230000645256,0.6872584819793701,0.49064990878105164,0.19660857319831848
Shooting,Burglary,5,2,a masked intruder breaking a barrier into private property,66.50356479808165,20.26951362974549,0.7532433271408081,0.5500421524047852,0.20320117473602295
Shooting,Burglary,5,3,a suspect searching drawers and shelves after unauthorized entry,66.09725657709195,18.061751500482593,0.6019603610038757,0.40946829319000244,0.1924920678138733
Shooting,Burglary,5,4,an intruder carrying stolen items from a damaged entrance,68.417574136849,30.51614334801773,0.5577115416526794,0.3620414733886719,0.19567006826400757
Shooting,Burglary,5,5,a person climbing through a window into closed property,62.972487510301015,18.97444545151461,0.6042827367782593,0.4493621587753296,0.1549205780029297
Shooting,Burglary,5,6,a suspicious person slipping inside after a doorway opens,63.30103327463914,19.367748246242982,0.5879094004631042,0.434388130903244,0.15352126955986023
Shooting,Burglary,5,7,a burglar moving quietly through a room collecting valuables,66.7896966897488,20.463825492784306,0.7398681044578552,0.5345005989074707,0.20536750555038452
Shooting,Burglary,5,8,a person damaging a lock to access an interior space,66.26811257643912,22.42926858268107,0.6595794558525085,0.47692108154296875,0.1826583743095398
Shooting,Burglary,5,9,an intruder exiting a building with bags or electronics,66.66825343017713,27.35306235409727,0.7146754264831543,0.5172373652458191,0.1974380612373352
Shooting,Explosion,6,0,"a sudden blast creating a fireball, smoke, and debris",52.61754677638323,12.283785283027122,0.3686581552028656,0.36813995242118835,0.0005182027816772461
Shooting,Explosion,6,1,a vehicle or structure bursting violently with scattered fragments,50.641477535877556,11.785539795321899,0.2090148776769638,0.27139022946357727,-0.062375351786613464
Shooting,Explosion,6,2,a bright flash followed by an expanding smoke cloud,49.938510831888465,11.686311018920454,0.15386059880256653,0.23138347268104553,-0.077522873878479
Shooting,Explosion,6,3,an explosive impact throwing debris across a street,58.251843900509236,13.942894400736897,0.22944499552249908,0.21424083411693573,0.015204161405563354
Shooting,Explosion,6,4,a large fireball expanding after an abrupt detonation,51.26918858306728,11.849665028544978,0.33801954984664917,0.3636647164821625,-0.025645166635513306
Shooting,Explosion,6,5,a shockwave shaking the scene while smoke engulfs objects,53.63745022753429,12.445702516741413,0.3812622129917145,0.36782538890838623,0.013436824083328247
Shooting,Explosion,6,6,an object detonating and damaging the surrounding area,51.95761633992538,12.193150759559552,0.14018136262893677,0.17918016016483307,-0.0389987975358963
Shooting,Explosion,6,7,a blast plume rising as fragments scatter on the road,49.285266835075625,11.556586950600895,0.26376718282699585,0.3248480558395386,-0.061080873012542725
Shooting,Explosion,6,8,a sudden light burst with heavy smoke and debris,51.18387620615431,11.979546386103735,0.19431763887405396,0.24881547689437866,-0.05449783802032471
Shooting,Explosion,6,9,a violent detonation damaging a vehicle or nearby building,55.57884986027059,13.1772513509086,0.41768547892570496,0.37171757221221924,0.04596790671348572
Shooting,Fighting,7,0,a group of people exchanging punches and kicks,58.38743741793159,13.700761551041587,0.30357080698013306,0.3266579806804657,-0.02308717370033264
Shooting,Fighting,7,1,"several people grappling, pushing, and swinging arms",56.52358129661932,13.279649290774476,0.4913676083087921,0.41349703073501587,0.07787057757377625
Shooting,Fighting,7,2,two opponents separating and reengaging in a brawl,59.125988871539924,13.940483987794309,0.3440273106098175,0.31532907485961914,0.028698235750198364
Shooting,Fighting,7,3,multiple individuals shoving and wrestling in public,57.47150096909019,13.538967296938848,0.21679849922657013,0.257919043302536,-0.04112054407596588
Shooting,Fighting,7,4,two groups clashing in a chaotic physical fight,57.340092011578115,13.410925295212367,0.2985546588897705,0.3156059980392456,-0.017051339149475098
Shooting,Fighting,7,5,fighters grabbing clothing while others join the conflict,58.04309561644825,13.726489764943576,0.22382889688014984,0.25584354996681213,-0.03201465308666229
Shooting,Fighting,7,6,a crowd surrounding combatants in an escalating brawl,57.2160779906271,13.393857316407537,0.4393828809261322,0.3869478106498718,0.052435070276260376
Shooting,Fighting,7,7,people trading blows while moving unpredictably through space,54.55357856095713,12.8353809139512,0.3063257932662964,0.3194511830806732,-0.013125389814376831
Shooting,Fighting,7,8,a mutual fight continuing despite attempts to separate,58.61071234882987,13.924652367532907,0.17162714898586273,0.22633710503578186,-0.05470995604991913
Shooting,Fighting,7,9,"a brawl with repeated grappling, striking, and falling",58.86459779058282,13.89816214254961,0.5243372917175293,0.4091826379299164,0.11515465378761292
Shooting,RoadAccidents,8,0,"a vehicle collision causing impact, debris, and disruption",56.33980506878958,13.563772642901265,0.546672523021698,0.45281943678855896,0.09385308623313904
Shooting,RoadAccidents,8,1,a car striking a pedestrian or cyclist on the road,58.960825448108345,15.88114255126984,0.5458660125732422,0.4292813241481781,0.11658468842506409
Shooting,RoadAccidents,8,2,a motorbike sliding across a lane after a crash,58.19596366631625,14.479414678895491,0.5412335991859436,0.4299856722354889,0.11124792695045471
Shooting,RoadAccidents,8,3,vehicles swerving and colliding during a sudden accident,55.833857088807235,14.25557162695016,0.43144237995147705,0.38813847303390503,0.04330390691757202
Shooting,RoadAccidents,8,4,a pedestrian knocked down by a vehicle near a crossing,57.55207281281848,15.2785937942282,0.5235400199890137,0.43108493089675903,0.09245508909225464
Shooting,RoadAccidents,8,5,a damaged vehicle stopped and blocking the roadway,58.24366666527008,16.162892603004547,0.3766348659992218,0.31775254011154175,0.058882325887680054
Shooting,RoadAccidents,8,6,a rider thrown onto pavement after a high speed impact,57.259766173723435,15.065724565236597,0.5481369495391846,0.4476514756679535,0.10048547387123108
Shooting,RoadAccidents,8,7,a traffic accident with a vehicle spinning to a halt,58.30212258095986,15.258172032913537,0.459695965051651,0.36961743235588074,0.09007853269577026
Shooting,RoadAccidents,8,8,a car hitting an obstacle with sudden debris,56.566792228320814,13.815681140495013,0.3026552200317383,0.28093162178993225,0.02172359824180603
Shooting,RoadAccidents,8,9,a motorbike rider falling during an intersection collision,54.0893753176695,14.642939021860379,0.4107208549976349,0.3860163390636444,0.02470451593399048
Shooting,Robbery,9,0,a threatening person forcing a victim to surrender valuables,65.8032229767641,16.73435777816427,0.7506005167961121,0.5069333910942078,0.2436671257019043
Shooting,Robbery,9,1,an aggressor confronting someone and grabbing a purse or wallet,65.3056219760737,16.37363799029472,0.7713671922683716,0.5110989809036255,0.2602682113647461
Shooting,Robbery,9,2,a victim handing over belongings under close range intimidation,62.716292073394776,15.72688125586931,0.4636218249797821,0.33536070585250854,0.12826111912727356
Shooting,Robbery,9,3,a robber snatching property and escaping quickly,66.82833191220097,18.300241998352814,0.6775973439216614,0.4576897621154785,0.21990758180618286
Shooting,Robbery,9,4,a person threatening a clerk and demanding money,63.68582090180449,16.537238849416003,0.45324191451072693,0.3366949260234833,0.11654698848724365
Shooting,Robbery,9,5,an attacker cornering a victim and seizing personal items,63.295498142482685,15.895977274087233,0.7262114882469177,0.5131692886352539,0.21304219961166382
Shooting,Robbery,9,6,a forced handover following a visible threat gesture,61.67466138348552,14.744369544544556,0.2831032872200012,0.2472591996192932,0.03584408760070801
Shooting,Robbery,9,7,a suspect taking valuables while the victim backs away,65.83679047821965,16.662938228236015,0.7128499150276184,0.46672675013542175,0.24612316489219666
Shooting,Robbery,9,8,a person brandishing a weapon to demand property,65.37773859792566,16.703327841165088,0.733668863773346,0.5030286312103271,0.2306402325630188
Shooting,Robbery,9,9,a robber approaching a victim and leaving with belongings,66.81043744495379,17.730683414760406,0.7956385016441345,0.5484966039657593,0.24714189767837524
Shooting,Shooting,10,0,an armed person aiming a firearm and firing shots,62.31765185548584,15.437349850271639,0.6596909165382385,0.47929492592811584,0.18039599061012268
Shooting,Shooting,10,1,a gunman pointing a weapon as people scatter,62.05943425029845,15.036175533273921,0.5757145285606384,0.423493891954422,0.15222063660621643
Shooting,Shooting,10,2,a muzzle flash appearing as a shooter targets someone,61.31183716071706,15.057619265121447,0.5536168813705444,0.422945499420166,0.13067138195037842
Shooting,Shooting,10,3,a person firing a handgun and causing panic,61.49816938957371,15.137550671382465,0.6577199697494507,0.4787856936454773,0.1789342761039734
Shooting,Shooting,10,4,an armed attacker discharging a weapon in public,62.35171874886486,15.430748116162752,0.5966798663139343,0.429915189743042,0.16676467657089233
Shooting,Shooting,10,5,a victim falling after a nearby firearm is fired,61.58336368366736,15.217919135336347,0.593513548374176,0.4398181140422821,0.15369543433189392
Shooting,Shooting,10,6,a shooter raising a gun while a crowd runs,61.187677996300614,14.584642067379889,0.5066554546356201,0.38636788725852966,0.12028756737709045
Shooting,Shooting,10,7,a gunfire scene with fear and rapid dispersal,61.45668541910503,15.036680332971173,0.7382192611694336,0.5273710489273071,0.21084821224212646
Shooting,Shooting,10,8,a person aiming a rifle or handgun at a target,62.58047223056871,15.402237393958623,0.7601808309555054,0.5408533215522766,0.21932750940322876
Shooting,Shooting,10,9,a shooter stance with recoil and fleeing people,61.88952783362347,15.051592245597234,0.4396401643753052,0.3428293466567993,0.09681081771850586
Shooting,Shoplifting,11,0,a shopper concealing merchandise inside clothing or a bag,68.14252972990592,19.701621327954445,0.6121567487716675,0.3770430088043213,0.2351137399673462
Shooting,Shoplifting,11,1,a person removing a store item without checkout,67.00188905604048,18.86058395225831,0.49112093448638916,0.30576857924461365,0.1853523552417755
Shooting,Shoplifting,11,2,a customer hiding a product and exiting an aisle,64.75769309375795,17.313118216849993,0.4612455368041992,0.300558865070343,0.1606866717338562
Shooting,Shoplifting,11,3,a shopper slipping goods into a bag while browsing,67.28984139117244,18.952100309965875,0.544279158115387,0.3303242623806,0.213954895734787
Shooting,Shoplifting,11,4,a person scanning surroundings before pocketing merchandise,62.934351679772305,16.210007873562496,0.3156832754611969,0.2429746389389038,0.07270863652229309
Shooting,Shoplifting,11,5,someone carrying an unpaid item past the cashier,63.259305758355566,16.48557486709467,0.35171595215797424,0.25798511505126953,0.09373083710670471
Shooting,Shoplifting,11,6,concealed goods disappearing beneath a jacket in a store,63.25279152282211,15.975226992544794,0.389133483171463,0.2888936400413513,0.1002398431301117
Shooting,Shoplifting,11,7,a customer manipulating shelf products and hiding one item,66.29545858935082,17.735416333885727,0.49661287665367126,0.32056862115859985,0.1760442554950714
Shooting,Shoplifting,11,8,a suspect leaving a shop while holding unpaid merchandise,66.22205289672107,17.491573807917536,0.3988690674304962,0.259590208530426,0.1392788589000702
Shooting,Shoplifting,11,9,a retail theft scene with discreet concealment and exit,65.75998990453395,18.538760861260545,0.5262662172317505,0.3605912923812866,0.16567492485046387
Shooting,Stealing,12,0,a person taking unattended property and leaving quickly,61.22856171243766,15.19445831354253,0.41579434275627136,0.31260260939598083,0.10319173336029053
Shooting,Stealing,12,1,"a thief grabbing a bicycle, bag, phone, or object",69.87402362094585,22.00231239621005,0.8360016942024231,0.6249586939811707,0.21104300022125244
Shooting,Stealing,12,2,a suspect approaching a valuable item and carrying it away,66.79921219694046,19.995994467508257,0.6611180901527405,0.4465426206588745,0.21457546949386597
Shooting,Stealing,12,3,unattended belongings disappearing after suspicious human contact,62.88045671297945,15.611534594986805,0.5346775054931641,0.3745688796043396,0.16010862588882446
Shooting,Stealing,12,4,a person lifting property while the owner is distracted,67.74298667044081,41.40187844995096,0.507771909236908,0.33500611782073975,0.1727657914161682
Shooting,Stealing,12,5,a thief cutting a lock and taking a bicycle,70.09576962533959,25.308716312823076,0.6950394511222839,0.46725207567214966,0.22778737545013428
Shooting,Stealing,12,6,a suspect removing a package or bag from public space,69.53930187915046,22.2507315717179,0.6593345999717712,0.41960301995277405,0.2397315800189972
Shooting,Stealing,12,7,a person pocketing an unattended item and changing direction,69.44549491942134,25.24997609331233,0.7185031771659851,0.49836039543151855,0.22014278173446655
Shooting,Stealing,12,8,a valuable object being taken stealthily during distraction,62.501233738675424,15.662412075739423,0.4284176230430603,0.3229508697986603,0.10546675324440002
Shooting,Stealing,12,9,a thief carrying stolen property away without confrontation,68.35896077740007,23.930244408146965,0.4700244963169098,0.2965259552001953,0.17349854111671448
Shooting,Vandalism,13,0,a person damaging property by smashing a window or door,62.68613667340633,15.451045840385289,0.7918491959571838,0.5720869302749634,0.21976226568222046
Shooting,Vandalism,13,1,someone kicking or striking an object until it breaks,60.160313187002636,14.689490284633447,0.4988018572330475,0.38509368896484375,0.11370816826820374
Shooting,Vandalism,13,2,a suspect spraying graffiti on a wall or vehicle,61.70792629771653,18.049512007489767,0.5590279698371887,0.41529619693756104,0.14373177289962769
Shooting,Vandalism,13,3,a person breaking glass with repeated tool impacts,61.76029356803422,14.780490130048074,0.4353886842727661,0.3363315165042877,0.0990571677684784
Shooting,Vandalism,13,4,a vandal throwing an object at a storefront or car,64.15089500588473,16.30285935330702,0.7625247836112976,0.5427062511444092,0.21981853246688843
Shooting,Vandalism,13,5,"deliberate destruction of signs, windows, equipment, or furniture",61.581481738734155,16.515523927921116,0.5026867389678955,0.38699254393577576,0.11569419503211975
Shooting,Vandalism,13,6,a person scratching and denting a parked vehicle,61.23168844709138,16.34560097797188,0.40277087688446045,0.3072769343852997,0.09549394249916077
Shooting,Vandalism,13,7,public property being defaced with paint or graffiti,54.927308224103214,13.181734309055965,0.4050448536872864,0.3543257415294647,0.050719112157821655
Shooting,Vandalism,13,8,a suspect repeatedly hitting a fixture until pieces break,62.28503885681993,15.243497993035287,0.47252193093299866,0.35486769676208496,0.1176542341709137
Shooting,Vandalism,13,9,"property damage happening without theft, fire, or confrontation",59.673716029039305,14.692591100317376,0.8220923542976379,0.6251465678215027,0.19694578647613525
Shoplifting,Normal,0,0,a normal street scene with pedestrians walking calmly,48.31289605357942,9.074778292991535,0.35494303703308105,0.3750211000442505,-0.020078063011169434
Shoplifting,Normal,0,1,people standing and talking without aggressive movement,41.18591671047252,8.345171804992479,0.5802793502807617,0.6571683883666992,-0.0768890380859375
Shoplifting,Normal,0,2,vehicles moving through traffic in an ordinary way,45.83313435741682,8.37660185984207,0.278205007314682,0.3242303431034088,-0.04602533578872681
Shoplifting,Normal,0,3,shoppers browsing shelves and carrying bags normally,41.471432743414525,7.890939377720812,0.7695649862289429,0.7929103970527649,-0.02334541082382202
Shoplifting,Normal,0,4,workers calmly performing tasks around counters and equipment,48.59688569592898,8.716025779969506,0.5246078372001648,0.532137393951416,-0.007529556751251221
Shoplifting,Normal,0,5,pedestrians crossing a walkway with regular spacing,44.21939061191908,8.145868038760057,0.40507829189300537,0.4554460346698761,-0.05036774277687073
Shoplifting,Normal,0,6,people entering and exiting buildings in a routine manner,43.727930222144344,8.19811626389222,0.19354248046875,0.2261979728937149,-0.032655492424964905
Shoplifting,Normal,0,7,a public area with ordinary walking and waiting,41.663527441932914,7.980313133915772,0.4179161489009857,0.47124385833740234,-0.053327709436416626
Shoplifting,Normal,0,8,people interacting casually without panic or force,40.49972626209528,8.676511166535331,0.7722596526145935,0.8479956984519958,-0.07573604583740234
Shoplifting,Normal,0,9,an orderly scene with predictable everyday human activity,47.4047248019002,8.667137983004858,0.26742005348205566,0.3019569218158722,-0.03453686833381653
Shoplifting,Abuse,1,0,a surveillance frame of an aggressor striking a vulnerable victim,57.466479761696164,24.245203704331868,0.4395434260368347,0.3514810800552368,0.0880623459815979
Shoplifting,Abuse,1,1,a person forcefully pushing a helpless victim against furniture,55.083684364231054,11.655376539680107,0.5326424241065979,0.46512892842292786,0.06751349568367004
Shoplifting,Abuse,1,2,a violent person grabbing and controlling a weaker victim,56.10077137238869,16.629158597697412,0.4712384045124054,0.40505173802375793,0.06618666648864746
Shoplifting,Abuse,1,3,a victim shielding their body during repeated physical mistreatment,55.10429375231198,12.160732508996336,0.46171998977661133,0.40174204111099243,0.059977948665618896
Shoplifting,Abuse,1,4,an attacker cornering someone and delivering forceful hits,56.71600023363121,19.31601782494707,0.48104485869407654,0.4120956361293793,0.06894922256469727
Shoplifting,Abuse,1,5,a person dragging a resisting victim across the floor,55.60265093549832,15.13057073570398,0.417833536863327,0.3481275737285614,0.06970596313476562
Shoplifting,Abuse,1,6,a vulnerable person recoiling from sustained aggressive body contact,55.54722738157818,12.760442817286233,0.4311659038066864,0.3638646602630615,0.06730124354362488
Shoplifting,Abuse,1,7,a stronger aggressor overpowering a weaker person indoors,55.75172010980667,14.398263035892406,0.4800347089767456,0.409333735704422,0.07070097327232361
Shoplifting,Abuse,1,8,a victim collapsing after repeated blows from another person,56.93091602904815,21.472827132710908,0.41275379061698914,0.3326603174209595,0.08009347319602966
Shoplifting,Abuse,1,9,a hostile person restraining and hurting a defenseless target,54.92300839125441,11.89696564757199,0.4149076044559479,0.36196422576904297,0.05294337868690491
Shoplifting,Arrest,2,0,a surveillance frame of police restraining a suspect,57.76993867180656,27.032588269034036,0.4251876175403595,0.3338419497013092,0.09134566783905029
Shoplifting,Arrest,2,1,officers handcuffing a detained person with controlled posture,49.46019352452154,8.937788401971344,0.2527766823768616,0.29113662242889404,-0.03835994005203247
Shoplifting,Arrest,2,2,police surrounding a suspect and directing surrender,49.11395206666277,8.817885042215678,0.27843451499938965,0.32133352756500244,-0.04289901256561279
Shoplifting,Arrest,2,3,uniformed officers escorting a suspect toward a patrol car,55.128404493507,12.624561541548097,0.40497317910194397,0.35222408175468445,0.05274909734725952
Shoplifting,Arrest,2,4,law enforcement pinning a resisting person during detention,53.17982049335125,9.958348755959712,0.43806758522987366,0.38927435874938965,0.04879322648048401
Shoplifting,Arrest,2,5,officers searching a suspect after applying physical restraint,53.49489866246131,10.03643362400211,0.1959332674741745,0.1909891664981842,0.004944100975990295
Shoplifting,Arrest,2,6,a patrol team blocking a suspect from escaping,55.776970971321774,14.729795096325422,0.44469109177589417,0.3813178539276123,0.06337323784828186
Shoplifting,Arrest,2,7,police pulling a suspect's arms behind their back,52.91911921032651,9.890401610972448,0.3759393095970154,0.33840349316596985,0.03753581643104553
Shoplifting,Arrest,2,8,a detained person being guided beside police officers,50.55073418608727,9.228171572694311,0.2723860442638397,0.2783990204334259,-0.006012976169586182
Shoplifting,Arrest,2,9,officers immobilizing a suspect using coordinated restraint,52.368584389541105,9.586574866934122,0.25953370332717896,0.2603675425052643,-0.0008338391780853271
Shoplifting,Arson,3,0,a person igniting flammable material near property,57.32256293440804,28.93607363911721,0.28469783067703247,0.16705545783042908,0.1176423728466034
Shoplifting,Arson,3,1,a suspicious person pouring liquid before visible flames appear,57.28850261861651,23.420309390507615,0.33742135763168335,0.23978644609451294,0.09763491153717041
Shoplifting,Arson,3,2,a small fire spreading across a vehicle or building surface,57.916073438077994,17.983142519508156,0.1166178360581398,0.056377533823251724,0.06024030223488808
Shoplifting,Arson,3,3,bright flames emerging after someone approaches a combustible target,57.36280357455756,20.463255251473196,0.30815228819847107,0.1979246735572815,0.11022761464118958
Shoplifting,Arson,3,4,a person fleeing as a deliberately started fire grows,58.00588750657087,26.34471108448552,0.3304177522659302,0.19972872734069824,0.13068902492523193
Shoplifting,Arson,3,5,smoke and flames rising from unattended damaged property,57.32466250024336,16.79142386179316,0.05610542371869087,0.03109811618924141,0.025007307529449463
Shoplifting,Arson,3,6,a surveillance frame showing deliberate ignition near a structure,58.730542997877855,20.51386116384826,0.07016125321388245,0.03916975483298302,0.03099149838089943
Shoplifting,Arson,3,7,"fire spreading around an entrance, window, or vehicle",56.45531141093784,12.990515489835975,0.062201887369155884,0.04879055544734001,0.013411331921815872
Shoplifting,Arson,3,8,a person handling a lighter before a sudden flame outbreak,57.881346494558336,27.309467741478997,0.415787011384964,0.310982882976532,0.104804128408432
Shoplifting,Arson,3,9,a property surface burning after a suspicious human action,58.25192297957674,21.89787903326345,0.15192879736423492,0.06951072812080383,0.08241806924343109
Shoplifting,Assault,4,0,a person punching another person in a close confrontation,54.75567548624496,12.632940498003368,0.5070462226867676,0.44781115651130676,0.059235066175460815
Shoplifting,Assault,4,1,an attacker lunging toward a victim with a forceful strike,56.943625567042425,27.3052231802951,0.5227035284042358,0.4626896381378174,0.06001389026641846
Shoplifting,Assault,4,2,two people colliding violently during a street confrontation,52.94347292798318,10.508362150330372,0.3854912221431732,0.3455832898616791,0.03990793228149414
Shoplifting,Assault,4,3,an aggressor kicking a fallen victim on the ground,55.84233163950704,14.888552963030907,0.3810155987739563,0.3214723765850067,0.059543222188949585
Shoplifting,Assault,4,4,a victim stumbling backward after a direct body hit,56.901173218075265,20.220720601231378,0.4099900424480438,0.33198001980781555,0.07801002264022827
Shoplifting,Assault,4,5,an attacker swinging arms repeatedly at another person,56.1050265755505,15.769418754006931,0.53265780210495,0.46371015906333923,0.06894764304161072
Shoplifting,Assault,4,6,a person shoving an opponent hard enough to lose balance,56.05964604871211,14.260093054997242,0.4599364995956421,0.3943372666835785,0.0655992329120636
Shoplifting,Assault,4,7,"a close range attack with punches, kicks, and defense",55.85834316531355,13.587527843904759,0.4037591218948364,0.33775433897972107,0.06600478291511536
Shoplifting,Assault,4,8,an aggressor pursuing a target while continuing to strike,55.92972217354906,15.063513170481446,0.42446234822273254,0.3615310788154602,0.06293126940727234
Shoplifting,Assault,4,9,a victim shielding their face during a rapid attack,57.62655763876721,24.4588466419613,0.47210341691970825,0.3860839605331421,0.08601945638656616
Shoplifting,Burglary,5,0,a surveillance frame of an intruder forcing a doorway,57.49822245585343,19.962665282483574,0.5480588674545288,0.48050281405448914,0.06755605340003967
Shoplifting,Burglary,5,1,a person prying a lock to enter a restricted room,55.85128438759418,16.472408273135517,0.6149264574050903,0.5749935507774353,0.03993290662765503
Shoplifting,Burglary,5,2,a masked intruder breaking a barrier into private property,57.325335358137174,18.676779574653875,0.5763128995895386,0.5220643281936646,0.05424857139587402
Shoplifting,Burglary,5,3,a suspect searching drawers and shelves after unauthorized entry,53.21379981698888,10.657079661981726,0.6470932364463806,0.6184430122375488,0.028650224208831787
Shoplifting,Burglary,5,4,an intruder carrying stolen items from a damaged entrance,58.443226447053334,34.816026338554714,0.5610049962997437,0.48725730180740356,0.07374769449234009
Shoplifting,Burglary,5,5,a person climbing through a window into closed property,53.112167124194464,11.77064088360264,0.3244576156139374,0.28064557909965515,0.04381203651428223
Shoplifting,Burglary,5,6,a suspicious person slipping inside after a doorway opens,55.410369332009424,13.149517841711889,0.4303688704967499,0.3541601300239563,0.07620874047279358
Shoplifting,Burglary,5,7,a burglar moving quietly through a room collecting valuables,56.443181278352114,17.27653378097492,0.6508903503417969,0.627205491065979,0.02368485927581787
Shoplifting,Burglary,5,8,a person damaging a lock to access an interior space,56.93482545801454,16.3980350940516,0.4804432690143585,0.3974934220314026,0.08294984698295593
Shoplifting,Burglary,5,9,an intruder exiting a building with bags or electronics,58.23720732823239,21.764059132646008,0.5983213782310486,0.5452187657356262,0.05310261249542236
Shoplifting,Explosion,6,0,"a sudden blast creating a fireball, smoke, and debris",58.30391371220529,28.932248035191826,0.2360689789056778,0.10893791168928146,0.12713107466697693
Shoplifting,Explosion,6,1,a vehicle or structure bursting violently with scattered fragments,56.25992095477289,13.309948285470124,0.13287240266799927,0.09564387053251266,0.0372285321354866
Shoplifting,Explosion,6,2,a bright flash followed by an expanding smoke cloud,57.83968537663298,20.762914715000385,0.10322367399930954,0.056100744754076004,0.047122929245233536
Shoplifting,Explosion,6,3,an explosive impact throwing debris across a street,56.978171835757266,16.584044181604817,0.275546133518219,0.19017988443374634,0.08536624908447266
Shoplifting,Explosion,6,4,a large fireball expanding after an abrupt detonation,57.80164398496972,24.345559631923326,0.25648003816604614,0.15331904590129852,0.10316099226474762
Shoplifting,Explosion,6,5,a shockwave shaking the scene while smoke engulfs objects,57.91353153047915,28.559665111988664,0.31791719794273376,0.1919315755367279,0.12598562240600586
Shoplifting,Explosion,6,6,an object detonating and damaging the surrounding area,58.56597940151471,21.87598501568693,0.08966685831546783,0.046857353299856186,0.04280950501561165
Shoplifting,Explosion,6,7,a blast plume rising as fragments scatter on the road,57.524607207522926,16.590527693898803,0.10383227467536926,0.06381437927484512,0.04001789540052414
Shoplifting,Explosion,6,8,a sudden light burst with heavy smoke and debris,58.5786827093433,23.632739335940425,0.11904358118772507,0.05803923308849335,0.06100434809923172
Shoplifting,Explosion,6,9,a violent detonation damaging a vehicle or nearby building,58.09618752798706,18.943417498325626,0.19469723105430603,0.09952796250581741,0.09516926854848862
Shoplifting,Fighting,7,0,a group of people exchanging punches and kicks,50.60367813406537,9.26941270202911,0.6244811415672302,0.565981388092041,0.05849975347518921
Shoplifting,Fighting,7,1,"several people grappling, pushing, and swinging arms",52.31274341452018,9.65056467360173,0.3897300362586975,0.360790491104126,0.028939545154571533
Shoplifting,Fighting,7,2,two opponents separating and reengaging in a brawl,55.07065085762125,11.880277980524415,0.40447190403938293,0.34796568751335144,0.056506216526031494
Shoplifting,Fighting,7,3,multiple individuals shoving and wrestling in public,51.741406070517684,9.436063526163608,0.41960370540618896,0.3934764862060547,0.026127219200134277
Shoplifting,Fighting,7,4,two groups clashing in a chaotic physical fight,51.89246889784476,9.656475297880725,0.4229620695114136,0.39065849781036377,0.032303571701049805
Shoplifting,Fighting,7,5,fighters grabbing clothing while others join the conflict,51.171713490255634,9.376868267106472,0.5039873719215393,0.4723210334777832,0.031666338443756104
Shoplifting,Fighting,7,6,a crowd surrounding combatants in an escalating brawl,54.44512353250395,11.417558686057045,0.6137429475784302,0.5456185936927795,0.06812435388565063
Shoplifting,Fighting,7,7,people trading blows while moving unpredictably through space,52.228972606740264,9.650768623431329,0.3084579408168793,0.293611079454422,0.014846861362457275
Shoplifting,Fighting,7,8,a mutual fight continuing despite attempts to separate,51.480256215563735,9.465223248433224,0.36484429240226746,0.3504253625869751,0.014418929815292358
Shoplifting,Fighting,7,9,"a brawl with repeated grappling, striking, and falling",54.51518174561455,11.214524432881637,0.3838387429714203,0.33656641840934753,0.047272324562072754
Shoplifting,RoadAccidents,8,0,"a vehicle collision causing impact, debris, and disruption",52.21487374179856,9.935191961565431,0.09108400344848633,0.09310402721166611,-0.002020023763179779
Shoplifting,RoadAccidents,8,1,a car striking a pedestrian or cyclist on the road,54.80953838366138,13.461119427022869,0.39948755502700806,0.35302630066871643,0.046461254358291626
Shoplifting,RoadAccidents,8,2,a motorbike sliding across a lane after a crash,53.66032202168876,11.242773063644298,0.353973925113678,0.31621718406677246,0.03775674104690552
Shoplifting,RoadAccidents,8,3,vehicles swerving and colliding during a sudden accident,50.982322683643865,9.482563717738465,0.11406244337558746,0.1347942352294922,-0.020731791853904724
Shoplifting,RoadAccidents,8,4,a pedestrian knocked down by a vehicle near a crossing,54.74107509296575,12.791300015450918,0.3757501244544983,0.3341500461101532,0.04160007834434509
Shoplifting,RoadAccidents,8,5,a damaged vehicle stopped and blocking the roadway,48.99143585849737,8.929436822942039,0.195173442363739,0.22159960865974426,-0.02642616629600525
Shoplifting,RoadAccidents,8,6,a rider thrown onto pavement after a high speed impact,55.36586102836672,12.547044768616566,0.3248368501663208,0.2598842978477478,0.064952552318573
Shoplifting,RoadAccidents,8,7,a traffic accident with a vehicle spinning to a halt,52.62425792885929,10.382953125313227,0.1928854137659073,0.18139271438121796,0.011492699384689331
Shoplifting,RoadAccidents,8,8,a car hitting an obstacle with sudden debris,57.3079531958803,17.555041291390218,0.33441051840782166,0.24505187571048737,0.08935864269733429
Shoplifting,RoadAccidents,8,9,a motorbike rider falling during an intersection collision,50.33945057726379,9.280603665436729,0.2703716456890106,0.2837899327278137,-0.0134182870388031
Shoplifting,Robbery,9,0,a threatening person forcing a victim to surrender valuables,54.48898389891556,11.639154433604448,0.722665548324585,0.7106053829193115,0.012060165405273438
Shoplifting,Robbery,9,1,an aggressor confronting someone and grabbing a purse or wallet,52.8267881548975,10.353941114793525,0.7814906239509583,0.7798190116882324,0.00167161226272583
Shoplifting,Robbery,9,2,a victim handing over belongings under close range intimidation,56.59283608823471,16.180116168841035,0.48637616634368896,0.4132479131221771,0.07312825322151184
Shoplifting,Robbery,9,3,a robber snatching property and escaping quickly,54.568854622977625,12.158497777136093,0.6591337323188782,0.6237742304801941,0.03535950183868408
Shoplifting,Robbery,9,4,a person threatening a clerk and demanding money,51.13579035492475,9.635608727976994,0.7641567587852478,0.7491260766983032,0.01503068208694458
Shoplifting,Robbery,9,5,an attacker cornering a victim and seizing personal items,57.87502910655531,30.62242535905736,0.6183485388755798,0.5547045469284058,0.06364399194717407
Shoplifting,Robbery,9,6,a forced handover following a visible threat gesture,54.69411833420945,12.00822337937258,0.4268627464771271,0.368276447057724,0.058586299419403076
Shoplifting,Robbery,9,7,a suspect taking valuables while the victim backs away,57.51949224149679,27.614684870061723,0.6867370009422302,0.6525869369506836,0.03415006399154663
Shoplifting,Robbery,9,8,a person brandishing a weapon to demand property,55.67455327765123,13.206895520439327,0.6905134916305542,0.6646028757095337,0.025910615921020508
Shoplifting,Robbery,9,9,a robber approaching a victim and leaving with belongings,58.10369487763565,32.27039216069183,0.6811150312423706,0.6538647413253784,0.027250289916992188
Shoplifting,Shooting,10,0,an armed person aiming a firearm and firing shots,56.53291435469112,18.34057777816973,0.5351970791816711,0.4621509313583374,0.07304614782333374
Shoplifting,Shooting,10,1,a gunman pointing a weapon as people scatter,56.937987267098876,23.096573559826766,0.5767436027526855,0.5203151106834412,0.056428492069244385
Shoplifting,Shooting,10,2,a muzzle flash appearing as a shooter targets someone,58.379329867803676,28.83335203997175,0.45223268866539,0.3397579789161682,0.1124747097492218
Shoplifting,Shooting,10,3,a person firing a handgun and causing panic,56.83128321943811,22.81689153565787,0.5280716419219971,0.46093207597732544,0.06713956594467163
Shoplifting,Shooting,10,4,an armed attacker discharging a weapon in public,57.33466814633101,19.880107468332216,0.5984762907028198,0.533007025718689,0.06546926498413086
Shoplifting,Shooting,10,5,a victim falling after a nearby firearm is fired,57.10138582247922,31.96170652533502,0.46556955575942993,0.3933449685573578,0.07222458720207214
Shoplifting,Shooting,10,6,a shooter raising a gun while a crowd runs,57.248629558242314,28.832036514577773,0.5377179384231567,0.47632086277008057,0.06139707565307617
Shoplifting,Shooting,10,7,a gunfire scene with fear and rapid dispersal,56.8666394096918,21.854005070049183,0.5326213836669922,0.46001437306404114,0.07260701060295105
Shoplifting,Shooting,10,8,a person aiming a rifle or handgun at a target,57.48530732239161,29.845503085933856,0.651580810546875,0.6126325726509094,0.038948237895965576
Shoplifting,Shooting,10,9,a shooter stance with recoil and fleeing people,56.111206899908495,21.407342854461408,0.4438772201538086,0.3799048066139221,0.06397241353988647
Shoplifting,Shoplifting,11,0,a shopper concealing merchandise inside clothing or a bag,53.201432938107196,10.194542542609536,0.7783526182174683,0.7566674947738647,0.021685123443603516
Shoplifting,Shoplifting,11,1,a person removing a store item without checkout,50.10404999707961,9.257926042533782,0.8025898933410645,0.7801911234855652,0.022398769855499268
Shoplifting,Shoplifting,11,2,a customer hiding a product and exiting an aisle,50.91808033019878,9.467770128910974,0.7626567482948303,0.7411317229270935,0.021525025367736816
Shoplifting,Shoplifting,11,3,a shopper slipping goods into a bag while browsing,53.91648151393027,10.587818814186804,0.7707322835922241,0.7386701703071594,0.0320621132850647
Shoplifting,Shoplifting,11,4,a person scanning surroundings before pocketing merchandise,51.89778945933844,9.755534296672744,0.6577064990997314,0.6110094785690308,0.046697020530700684
Shoplifting,Shoplifting,11,5,someone carrying an unpaid item past the cashier,48.524674960574735,8.884329178316928,0.740324854850769,0.709769070148468,0.030555784702301025
Shoplifting,Shoplifting,11,6,concealed goods disappearing beneath a jacket in a store,52.780628857348674,9.974712724327787,0.5607985258102417,0.5024494528770447,0.05834907293319702
Shoplifting,Shoplifting,11,7,a customer manipulating shelf products and hiding one item,50.33138874286938,9.25084693230441,0.7362892031669617,0.6914728283882141,0.04481637477874756
Shoplifting,Shoplifting,11,8,a suspect leaving a shop while holding unpaid merchandise,54.31933648735472,11.258475874564953,0.6188715696334839,0.5617148280143738,0.05715674161911011
Shoplifting,Shoplifting,11,9,a retail theft scene with discreet concealment and exit,50.45350622043105,9.271464876505112,0.5336527824401855,0.48731884360313416,0.04633393883705139
Shoplifting,Stealing,12,0,a person taking unattended property and leaving quickly,55.29155384225999,15.534759564261973,0.2548633813858032,0.19266189634799957,0.06220148503780365
Shoplifting,Stealing,12,1,"a thief grabbing a bicycle, bag, phone, or object",53.66369254132353,11.424815953074432,0.7091771960258484,0.6940019726753235,0.015175223350524902
Shoplifting,Stealing,12,2,a suspect approaching a valuable item and carrying it away,57.59597375542707,34.73675348812363,0.5911751985549927,0.5410038232803345,0.0501713752746582
Shoplifting,Stealing,12,3,unattended belongings disappearing after suspicious human contact,55.22753888986235,12.824008917179164,0.4032773971557617,0.3269851505756378,0.0762922465801239
Shoplifting,Stealing,12,4,a person lifting property while the owner is distracted,53.38509822245585,10.794953766096029,0.42296960949897766,0.37044262886047363,0.05252698063850403
Shoplifting,Stealing,12,5,a thief cutting a lock and taking a bicycle,55.861053287385865,15.706398840331486,0.49775734543800354,0.4290015995502472,0.06875574588775635
Shoplifting,Stealing,12,6,a suspect removing a package or bag from public space,57.949840936082396,27.820495071784023,0.6358367204666138,0.5740318894386292,0.06180483102798462
Shoplifting,Stealing,12,7,a person pocketing an unattended item and changing direction,55.17184743881782,14.060570862337604,0.5711351633071899,0.5219815969467163,0.04915356636047363
Shoplifting,Stealing,12,8,a valuable object being taken stealthily during distraction,55.371717384109175,12.08292057539682,0.4274775981903076,0.3648206293582916,0.06265696883201599
Shoplifting,Stealing,12,9,a thief carrying stolen property away without confrontation,55.036166890563244,13.005130287849884,0.5585958957672119,0.5078204274177551,0.05077546834945679
Shoplifting,Vandalism,13,0,a person damaging property by smashing a window or door,54.97202733485194,12.93487841918115,0.45131051540374756,0.3888660669326782,0.062444448471069336
Shoplifting,Vandalism,13,1,someone kicking or striking an object until it breaks,55.618830675778284,13.024171892392106,0.40249428153038025,0.33047106862068176,0.07202321290969849
Shoplifting,Vandalism,13,2,a suspect spraying graffiti on a wall or vehicle,57.500228569203514,24.78299195229411,0.45185449719429016,0.3633481562137604,0.08850634098052979
Shoplifting,Vandalism,13,3,a person breaking glass with repeated tool impacts,51.92209956583533,9.926093921077705,0.5748062133789062,0.5247870087623596,0.05001920461654663
Shoplifting,Vandalism,13,4,a vandal throwing an object at a storefront or car,54.467122247532274,11.25058431736505,0.5672282576560974,0.5098203420639038,0.057407915592193604
Shoplifting,Vandalism,13,5,"deliberate destruction of signs, windows, equipment, or furniture",50.7536257617351,9.538721220066757,0.21303285658359528,0.2251705527305603,-0.012137696146965027
Shoplifting,Vandalism,13,6,a person scratching and denting a parked vehicle,52.12029982672352,10.042853511429861,0.3892119228839874,0.3524419963359833,0.03676992654800415
Shoplifting,Vandalism,13,7,public property being defaced with paint or graffiti,51.34479995327376,9.514350321483356,0.1328006535768509,0.13831394910812378,-0.005513295531272888
Shoplifting,Vandalism,13,8,a suspect repeatedly hitting a fixture until pieces break,56.6840457138407,15.850514831136206,0.4572818875312805,0.368326872587204,0.08895501494407654
Shoplifting,Vandalism,13,9,"property damage happening without theft, fire, or confrontation",51.90010708097269,10.164859570612641,0.2567014694213867,0.2511840760707855,0.005517393350601196
Stealing,Normal,0,0,a normal street scene with pedestrians walking calmly,68.2489534883721,46.39457825253777,0.19038847088813782,0.13157007098197937,0.05881839990615845
Stealing,Normal,0,1,people standing and talking without aggressive movement,36.10705426356589,23.077958915256474,0.16975364089012146,0.29779207706451416,-0.1280384361743927
Stealing,Normal,0,2,vehicles moving through traffic in an ordinary way,57.688837209302335,32.25012079261251,0.10601091384887695,0.1052091047167778,0.0008018091320991516
Stealing,Normal,0,3,shoppers browsing shelves and carrying bags normally,39.3568992248062,23.712000449438467,0.14875593781471252,0.2706608176231384,-0.1219048798084259
Stealing,Normal,0,4,workers calmly performing tasks around counters and equipment,68.27968992248063,47.7759320398558,0.26224297285079956,0.15565462410449982,0.10658834874629974
Stealing,Normal,0,5,pedestrians crossing a walkway with regular spacing,56.89848837209303,31.447194916902443,0.24732299149036407,0.22049778699874878,0.026825204491615295
Stealing,Normal,0,6,people entering and exiting buildings in a routine manner,67.52782945736435,59.05210826438048,0.2380816489458084,0.13245025277137756,0.10563139617443085
Stealing,Normal,0,7,a public area with ordinary walking and waiting,62.511162790697675,39.727340773192275,0.27552419900894165,0.21899861097335815,0.056525588035583496
Stealing,Normal,0,8,people interacting casually without panic or force,23.693914728682174,19.86526468496824,0.30366092920303345,0.5237643718719482,-0.2201034426689148
Stealing,Normal,0,9,an orderly scene with predictable everyday human activity,61.7937984496124,38.51419157445375,0.11469031125307083,0.09284573793411255,0.021844573318958282
Stealing,Abuse,1,0,a surveillance frame of an aggressor striking a vulnerable victim,89.23205426356589,87.03727208333035,0.7654882669448853,0.25161194801330566,0.5138763189315796
Stealing,Abuse,1,1,a person forcefully pushing a helpless victim against furniture,84.99833333333333,75.96180754692661,0.786911129951477,0.3465965688228607,0.44031456112861633
Stealing,Abuse,1,2,a violent person grabbing and controlling a weaker victim,90.40333333333334,86.8090778848061,0.6114462018013,0.16789919137954712,0.44354701042175293
Stealing,Abuse,1,3,a victim shielding their body during repeated physical mistreatment,89.06251937984499,78.36100877064304,0.5448801517486572,0.1479099541902542,0.3969702124595642
Stealing,Abuse,1,4,an attacker cornering someone and delivering forceful hits,89.7239534883721,86.19695234081303,0.691743016242981,0.15796026587486267,0.5337827205657959
Stealing,Abuse,1,5,a person dragging a resisting victim across the floor,73.42937984496125,45.67186966164741,0.47577792406082153,0.23283998668193817,0.24293793737888336
Stealing,Abuse,1,6,a vulnerable person recoiling from sustained aggressive body contact,84.30403100775195,72.4769780947778,0.534674882888794,0.19059763848781586,0.3440772294998169
Stealing,Abuse,1,7,a stronger aggressor overpowering a weaker person indoors,81.80693798449612,66.96950488780395,0.8019257187843323,0.3524409830570221,0.4494847357273102
Stealing,Abuse,1,8,a victim collapsing after repeated blows from another person,90.74375968992247,86.86886453180543,0.7305161356925964,0.20885902643203735,0.5216571092605591
Stealing,Abuse,1,9,a hostile person restraining and hurting a defenseless target,88.79647286821705,85.76685081794574,0.7136210799217224,0.20354622602462769,0.5100748538970947
Stealing,Arrest,2,0,a surveillance frame of police restraining a suspect,89.35693798449613,75.49283623604099,0.2568652033805847,0.07312256842851639,0.18374264240264893
Stealing,Arrest,2,1,officers handcuffing a detained person with controlled posture,86.04422480620154,75.14702681483631,0.46015581488609314,0.13094913959503174,0.3292066752910614
Stealing,Arrest,2,2,police surrounding a suspect and directing surrender,71.29089147286822,48.46313746958041,0.06706169992685318,0.037861358374357224,0.029200341552495956
Stealing,Arrest,2,3,uniformed officers escorting a suspect toward a patrol car,87.86720930232558,79.63043868636697,0.41144153475761414,0.08304396271705627,0.32839757204055786
Stealing,Arrest,2,4,law enforcement pinning a resisting person during detention,86.73341085271319,71.68994294618052,0.2568329870700836,0.0808609202504158,0.1759720742702484
Stealing,Arrest,2,5,officers searching a suspect after applying physical restraint,86.42093023255815,76.03237398210938,0.37844204902648926,0.06076789274811745,0.3176741600036621
Stealing,Arrest,2,6,a patrol team blocking a suspect from escaping,89.32271317829458,80.96192355802823,0.20053985714912415,0.03688347712159157,0.16365638375282288
Stealing,Arrest,2,7,police pulling a suspect's arms behind their back,87.30976744186047,71.10154180474055,0.2262609601020813,0.06275098770856857,0.16350996494293213
Stealing,Arrest,2,8,a detained person being guided beside police officers,84.35499999999998,64.79179991764794,0.0635891705751419,0.022009821608662605,0.04157935082912445
Stealing,Arrest,2,9,officers immobilizing a suspect using coordinated restraint,87.72213178294575,77.07645574119101,0.5201815366744995,0.11322393268346786,0.40695759654045105
Stealing,Arson,3,0,a person igniting flammable material near property,81.22523255813954,67.80461358922166,0.3391089141368866,0.1135830357670784,0.2255258858203888
Stealing,Arson,3,1,a suspicious person pouring liquid before visible flames appear,83.67375968992248,70.91844100402598,0.37582388520240784,0.13675130903720856,0.23907257616519928
Stealing,Arson,3,2,a small fire spreading across a vehicle or building surface,79.04081395348838,67.46609110269863,0.6014893651008606,0.24640946090221405,0.35507988929748535
Stealing,Arson,3,3,bright flames emerging after someone approaches a combustible target,83.79852713178295,74.42844052852371,0.5565115809440613,0.18086041510105133,0.37565118074417114
Stealing,Arson,3,4,a person fleeing as a deliberately started fire grows,87.0275968992248,76.56400597700241,0.48087283968925476,0.1807175874710083,0.30015525221824646
Stealing,Arson,3,5,smoke and flames rising from unattended damaged property,78.65767441860466,68.75643460585906,0.4318059980869293,0.10812514275312424,0.3236808478832245
Stealing,Arson,3,6,a surveillance frame showing deliberate ignition near a structure,79.61372093023256,67.28130388396566,0.29026567935943604,0.0845496878027916,0.20571598410606384
Stealing,Arson,3,7,"fire spreading around an entrance, window, or vehicle",78.13209302325582,69.49720060178902,0.6641783714294434,0.31771162152290344,0.3464667499065399
Stealing,Arson,3,8,a person handling a lighter before a sudden flame outbreak,86.74662790697674,77.64522455691353,0.5466253757476807,0.21854428946971893,0.32808107137680054
Stealing,Arson,3,9,a property surface burning after a suspicious human action,80.01751937984497,67.2879801733079,0.46276864409446716,0.1684935837984085,0.29427504539489746
Stealing,Assault,4,0,a person punching another person in a close confrontation,91.19217054263565,88.91315603300613,0.6226581931114197,0.14790412783622742,0.47475406527519226
Stealing,Assault,4,1,an attacker lunging toward a victim with a forceful strike,89.47542635658917,85.72820407003994,0.7581082582473755,0.2240830659866333,0.5340251922607422
Stealing,Assault,4,2,two people colliding violently during a street confrontation,87.99217054263566,76.46150161888552,0.6017851829528809,0.22699986398220062,0.37478530406951904
Stealing,Assault,4,3,an aggressor kicking a fallen victim on the ground,89.82089147286823,85.56770760628163,0.6955678462982178,0.1844116896390915,0.5111561417579651
Stealing,Assault,4,4,a victim stumbling backward after a direct body hit,90.75294573643411,85.32138247965023,0.6589547395706177,0.16219112277030945,0.4967636168003082
Stealing,Assault,4,5,an attacker swinging arms repeatedly at another person,91.65968992248061,89.10527971384697,0.43191927671432495,0.07731972634792328,0.3545995354652405
Stealing,Assault,4,6,a person shoving an opponent hard enough to lose balance,90.273992248062,86.47932698684374,0.7597939372062683,0.23094819486141205,0.5288457274436951
Stealing,Assault,4,7,"a close range attack with punches, kicks, and defense",89.34248062015504,85.65082309535967,0.7024697065353394,0.17712737619876862,0.5253423452377319
Stealing,Assault,4,8,an aggressor pursuing a target while continuing to strike,88.46449612403103,84.9450839248087,0.6540164947509766,0.1536550372838974,0.500361442565918
Stealing,Assault,4,9,a victim shielding their face during a rapid attack,90.82507751937983,87.69837746590774,0.6561875939369202,0.1422908902168274,0.5138967037200928
Stealing,Burglary,5,0,a surveillance frame of an intruder forcing a doorway,73.32802325581396,51.83984651657918,0.8230586051940918,0.4173268973827362,0.4057317078113556
Stealing,Burglary,5,1,a person prying a lock to enter a restricted room,71.6036434108527,50.058578295128655,0.8216180801391602,0.44769731163978577,0.3739207684993744
Stealing,Burglary,5,2,a masked intruder breaking a barrier into private property,72.54368217054264,50.891690147387855,0.8768213987350464,0.49038442969322205,0.38643696904182434
Stealing,Burglary,5,3,a suspect searching drawers and shelves after unauthorized entry,72.3746511627907,46.72748059749932,0.6536878347396851,0.3777313232421875,0.27595651149749756
Stealing,Burglary,5,4,an intruder carrying stolen items from a damaged entrance,87.70519379844961,81.14671477665779,0.6883094310760498,0.30751505494117737,0.38079437613487244
Stealing,Burglary,5,5,a person climbing through a window into closed property,69.06162790697674,42.12487752112049,0.7270973920822144,0.39166927337646484,0.3354281187057495
Stealing,Burglary,5,6,a suspicious person slipping inside after a doorway opens,72.50406976744188,46.19836949654548,0.7049358487129211,0.3652229607105255,0.33971288800239563
Stealing,Burglary,5,7,a burglar moving quietly through a room collecting valuables,70.86383720930233,47.802076783427005,0.8788953423500061,0.5476323962211609,0.3312629461288452
Stealing,Burglary,5,8,a person damaging a lock to access an interior space,82.85593023255812,66.6250536045321,0.7942840456962585,0.37736400961875916,0.4169200360774994
Stealing,Burglary,5,9,an intruder exiting a building with bags or electronics,70.0601550387597,46.368661994324896,0.8387987613677979,0.4841630756855011,0.35463568568229675
Stealing,Explosion,6,0,"a sudden blast creating a fireball, smoke, and debris",86.65104651162791,76.36136304575537,0.507472813129425,0.11850651353597641,0.38896629214286804
Stealing,Explosion,6,1,a vehicle or structure bursting violently with scattered fragments,80.39558139534884,65.53106627495843,0.29757410287857056,0.08801419287919998,0.20955991744995117
Stealing,Explosion,6,2,a bright flash followed by an expanding smoke cloud,76.56368217054263,55.40971514939179,0.1819429099559784,0.05480179935693741,0.12714111804962158
Stealing,Explosion,6,3,an explosive impact throwing debris across a street,84.92786821705427,70.41836539817687,0.26991891860961914,0.0844404324889183,0.18547847867012024
Stealing,Explosion,6,4,a large fireball expanding after an abrupt detonation,86.4424031007752,72.76041986837623,0.45019084215164185,0.12975487112998962,0.3204359710216522
Stealing,Explosion,6,5,a shockwave shaking the scene while smoke engulfs objects,86.40802325581396,70.81728555445979,0.5039530396461487,0.14173439145088196,0.3622186481952667
Stealing,Explosion,6,6,an object detonating and damaging the surrounding area,84.85627906976745,74.24525041347698,0.2551977336406708,0.04359152913093567,0.2116062045097351
Stealing,Explosion,6,7,a blast plume rising as fragments scatter on the road,77.78286821705427,64.3662026637441,0.36913394927978516,0.09567783027887344,0.2734561264514923
Stealing,Explosion,6,8,a sudden light burst with heavy smoke and debris,79.03968992248063,63.552567672582036,0.26034459471702576,0.06186717003583908,0.19847741723060608
Stealing,Explosion,6,9,a violent detonation damaging a vehicle or nearby building,86.5987984496124,75.87975166855172,0.49733346700668335,0.1310405433177948,0.36629292368888855
Stealing,Fighting,7,0,a group of people exchanging punches and kicks,90.37883720930232,84.07703672725958,0.25774988532066345,0.037240758538246155,0.2205091267824173
Stealing,Fighting,7,1,"several people grappling, pushing, and swinging arms",87.97337209302324,82.55488191941991,0.6321885585784912,0.1553071141242981,0.4768814444541931
Stealing,Fighting,7,2,two opponents separating and reengaging in a brawl,90.08306201550388,84.6220508509181,0.49561935663223267,0.06841330230236053,0.42720603942871094
Stealing,Fighting,7,3,multiple individuals shoving and wrestling in public,87.5756976744186,80.63711373386892,0.28625786304473877,0.05080088973045349,0.23545697331428528
Stealing,Fighting,7,4,two groups clashing in a chaotic physical fight,89.60670542635658,82.47484546249801,0.3642044961452484,0.05678963661193848,0.30741485953330994
Stealing,Fighting,7,5,fighters grabbing clothing while others join the conflict,77.12232558139534,65.47585663241338,0.17528031766414642,0.057143714278936386,0.11813659965991974
Stealing,Fighting,7,6,a crowd surrounding combatants in an escalating brawl,90.74875968992248,85.2961683368452,0.5084227919578552,0.07892144471406937,0.42950135469436646
Stealing,Fighting,7,7,people trading blows while moving unpredictably through space,81.38023255813953,71.15435890921995,0.4306809604167938,0.17257414758205414,0.2581068277359009
Stealing,Fighting,7,8,a mutual fight continuing despite attempts to separate,84.29321705426356,73.23178991165271,0.16693009436130524,0.056030817329883575,0.11089927703142166
Stealing,Fighting,7,9,"a brawl with repeated grappling, striking, and falling",88.94856589147287,85.78281552014485,0.7336249351501465,0.21664491295814514,0.5169800519943237
Stealing,RoadAccidents,8,0,"a vehicle collision causing impact, debris, and disruption",85.28519379844963,71.91899605204549,0.6476587057113647,0.2832414209842682,0.36441728472709656
Stealing,RoadAccidents,8,1,a car striking a pedestrian or cyclist on the road,81.91686046511629,62.81213680720419,0.5539628863334656,0.2775258719921112,0.27643701434135437
Stealing,RoadAccidents,8,2,a motorbike sliding across a lane after a crash,75.61678294573643,46.03000887717583,0.551378607749939,0.33111926913261414,0.22025933861732483
Stealing,RoadAccidents,8,3,vehicles swerving and colliding during a sudden accident,81.99918604651164,64.02433086624352,0.4585789442062378,0.1822613775730133,0.2763175666332245
Stealing,RoadAccidents,8,4,a pedestrian knocked down by a vehicle near a crossing,83.36251937984494,58.449205860165954,0.5388584733009338,0.2698588967323303,0.2689995765686035
Stealing,RoadAccidents,8,5,a damaged vehicle stopped and blocking the roadway,77.26562015503875,53.79904072993432,0.27014631032943726,0.13788127899169922,0.13226503133773804
Stealing,RoadAccidents,8,6,a rider thrown onto pavement after a high speed impact,82.22751937984495,56.7891501542712,0.6815192103385925,0.3362097442150116,0.34530946612358093
Stealing,RoadAccidents,8,7,a traffic accident with a vehicle spinning to a halt,82.08019379844961,62.064239011059875,0.45665356516838074,0.19449327886104584,0.2621603012084961
Stealing,RoadAccidents,8,8,a car hitting an obstacle with sudden debris,83.32600775193798,60.88875132164133,0.24647778272628784,0.08052925020456314,0.1659485399723053
Stealing,RoadAccidents,8,9,a motorbike rider falling during an intersection collision,69.54356589147287,42.36485289431616,0.40898463129997253,0.2749641239643097,0.13402050733566284
Stealing,Robbery,9,0,a threatening person forcing a victim to surrender valuables,75.76220930232557,58.159156284432875,0.8249174952507019,0.4274141788482666,0.3975033164024353
Stealing,Robbery,9,1,an aggressor confronting someone and grabbing a purse or wallet,86.90003875968993,79.26604410109445,0.8644652366638184,0.47134318947792053,0.3931220471858978
Stealing,Robbery,9,2,a victim handing over belongings under close range intimidation,89.36228682170542,83.73772552244718,0.5417436361312866,0.12865357100963593,0.4130900502204895
Stealing,Robbery,9,3,a robber snatching property and escaping quickly,80.93705426356588,65.74968442293829,0.8004352450370789,0.3935212194919586,0.40691402554512024
Stealing,Robbery,9,4,a person threatening a clerk and demanding money,80.7686434108527,65.62139146408275,0.3776434659957886,0.17156024277210236,0.20608322322368622
Stealing,Robbery,9,5,an attacker cornering a victim and seizing personal items,89.10848837209303,83.55062934323803,0.8469603061676025,0.35943880677223206,0.4875214993953705
Stealing,Robbery,9,6,a forced handover following a visible threat gesture,90.44201550387598,87.33359088730785,0.2539348602294922,0.055957380682229996,0.1979774832725525
Stealing,Robbery,9,7,a suspect taking valuables while the victim backs away,82.00143410852714,64.40225896804267,0.8101775646209717,0.38458919525146484,0.42558836936950684
Stealing,Robbery,9,8,a person brandishing a weapon to demand property,87.9103488372093,78.87135062547009,0.8511843085289001,0.4230331778526306,0.42815113067626953
Stealing,Robbery,9,9,a robber approaching a victim and leaving with belongings,80.91065891472867,58.82754749786323,0.9144812226295471,0.508845329284668,0.40563589334487915
Stealing,Shooting,10,0,an armed person aiming a firearm and firing shots,89.81879844961242,80.62599805190163,0.7393880486488342,0.23036925494670868,0.5090187788009644
Stealing,Shooting,10,1,a gunman pointing a weapon as people scatter,90.22434108527133,83.06933442414412,0.6891750693321228,0.22981318831443787,0.45936188101768494
Stealing,Shooting,10,2,a muzzle flash appearing as a shooter targets someone,90.32976744186047,86.70672232132833,0.7496622204780579,0.24165084958076477,0.5080113410949707
Stealing,Shooting,10,3,a person firing a handgun and causing panic,89.25065891472869,77.48899945770866,0.7365376949310303,0.2683049440383911,0.46823275089263916
Stealing,Shooting,10,4,an armed attacker discharging a weapon in public,90.79120155038761,82.93543133694219,0.6605507731437683,0.1790309101343155,0.481519877910614
Stealing,Shooting,10,5,a victim falling after a nearby firearm is fired,90.2237984496124,83.29412121351848,0.6628273129463196,0.1654653549194336,0.497361958026886
Stealing,Shooting,10,6,a shooter raising a gun while a crowd runs,91.32639534883722,86.95268589431649,0.6582862734794617,0.1575935035943985,0.5006927847862244
Stealing,Shooting,10,7,a gunfire scene with fear and rapid dispersal,90.09019379844962,84.50063242342976,0.82891845703125,0.34310629963874817,0.48581215739250183
Stealing,Shooting,10,8,a person aiming a rifle or handgun at a target,90.29073643410852,83.04401121912974,0.8479992747306824,0.39119234681129456,0.4568069279193878
Stealing,Shooting,10,9,a shooter stance with recoil and fleeing people,89.91263565891474,86.08193345770708,0.6450204253196716,0.15225785970687866,0.49276256561279297
Stealing,Shoplifting,11,0,a shopper concealing merchandise inside clothing or a bag,71.56589147286822,49.832385909656324,0.6606835722923279,0.40468260645866394,0.25600096583366394
Stealing,Shoplifting,11,1,a person removing a store item without checkout,62.78461240310077,39.706420484292536,0.38121968507766724,0.2925693392753601,0.08865034580230713
Stealing,Shoplifting,11,2,a customer hiding a product and exiting an aisle,64.39817829457364,44.974775601063584,0.3532516658306122,0.273644357919693,0.07960730791091919
Stealing,Shoplifting,11,3,a shopper slipping goods into a bag while browsing,68.71472868217054,43.33935933431399,0.5543078780174255,0.3679996132850647,0.18630826473236084
Stealing,Shoplifting,11,4,a person scanning surroundings before pocketing merchandise,77.69170542635658,61.8544796869423,0.18522416055202484,0.08781404793262482,0.09741011261940002
Stealing,Shoplifting,11,5,someone carrying an unpaid item past the cashier,72.62794573643411,42.055724165201305,0.3250262141227722,0.22320255637168884,0.10182365775108337
Stealing,Shoplifting,11,6,concealed goods disappearing beneath a jacket in a store,71.0382945736434,46.49421744690617,0.419869065284729,0.23964823782444,0.180220827460289
Stealing,Shoplifting,11,7,a customer manipulating shelf products and hiding one item,73.94542635658914,53.429643319146244,0.4792250692844391,0.2552606165409088,0.22396445274353027
Stealing,Shoplifting,11,8,a suspect leaving a shop while holding unpaid merchandise,72.74108527131784,45.175597082610075,0.2920703887939453,0.16607220470905304,0.12599818408489227
Stealing,Shoplifting,11,9,a retail theft scene with discreet concealment and exit,86.43391472868218,83.0808833394761,0.6890113949775696,0.28449389338493347,0.4045175015926361
Stealing,Stealing,12,0,a person taking unattended property and leaving quickly,84.3003488372093,76.34012985986509,0.5693866610527039,0.22046197950839996,0.3489246964454651
Stealing,Stealing,12,1,"a thief grabbing a bicycle, bag, phone, or object",79.22251937984495,56.797721702127724,0.9696370959281921,0.8549622893333435,0.11467480659484863
Stealing,Stealing,12,2,a suspect approaching a valuable item and carrying it away,84.09170542635658,61.20814229206641,0.7881683707237244,0.3987685739994049,0.38939979672431946
Stealing,Stealing,12,3,unattended belongings disappearing after suspicious human contact,83.24670542635658,67.62904771729815,0.6855764389038086,0.3515697419643402,0.3340066969394684
Stealing,Stealing,12,4,a person lifting property while the owner is distracted,86.13240310077519,80.67206405038256,0.6861191391944885,0.329059898853302,0.3570592403411865
Stealing,Stealing,12,5,a thief cutting a lock and taking a bicycle,83.22368217054263,60.73774001909595,0.8409115672111511,0.4454381763935089,0.3954733908176422
Stealing,Stealing,12,6,a suspect removing a package or bag from public space,86.13864341085271,74.60685491130184,0.7915357947349548,0.40251341462135315,0.3890223801136017
Stealing,Stealing,12,7,a person pocketing an unattended item and changing direction,84.77813953488373,74.0367575991755,0.8652891516685486,0.510542631149292,0.3547465205192566
Stealing,Stealing,12,8,a valuable object being taken stealthily during distraction,87.96883720930234,84.69665348366462,0.6705340147018433,0.1789586991071701,0.49157530069351196
Stealing,Stealing,12,9,a thief carrying stolen property away without confrontation,82.92600775193797,57.402096581820636,0.5208020210266113,0.2542288303375244,0.2665731906890869
Stealing,Vandalism,13,0,a person damaging property by smashing a window or door,87.33906976744186,84.21146716799085,0.868296205997467,0.48190727829933167,0.3863889276981354
Stealing,Vandalism,13,1,someone kicking or striking an object until it breaks,88.87065891472868,86.16581588079976,0.6857673525810242,0.24346104264259338,0.4423063099384308
Stealing,Vandalism,13,2,a suspect spraying graffiti on a wall or vehicle,86.34709302325582,71.10468339291151,0.5309270024299622,0.1816394180059433,0.34928756952285767
Stealing,Vandalism,13,3,a person breaking glass with repeated tool impacts,87.98662790697675,79.70631709023654,0.4270169734954834,0.15246111154556274,0.27455586194992065
Stealing,Vandalism,13,4,a vandal throwing an object at a storefront or car,87.14817829457364,81.79555111703672,0.8074766397476196,0.3885197043418884,0.4189569354057312
Stealing,Vandalism,13,5,"deliberate destruction of signs, windows, equipment, or furniture",78.75728682170542,73.25421726434853,0.5891729593276978,0.23611567914485931,0.35305726528167725
Stealing,Vandalism,13,6,a person scratching and denting a parked vehicle,83.93546511627908,71.18947430854732,0.32320064306259155,0.10572583973407745,0.2174748033285141
Stealing,Vandalism,13,7,public property being defaced with paint or graffiti,72.88531007751938,67.66731390817323,0.49328386783599854,0.19097203016281128,0.30231183767318726
Stealing,Vandalism,13,8,a suspect repeatedly hitting a fixture until pieces break,91.70155038759691,89.02204981912398,0.5778970718383789,0.14483553171157837,0.43306154012680054
Stealing,Vandalism,13,9,"property damage happening without theft, fire, or confrontation",82.25891472868216,75.03385562232971,0.8569809794425964,0.5402247309684753,0.3167562484741211
Vandalism,Normal,0,0,a normal street scene with pedestrians walking calmly,59.498284674088076,23.129559149629415,0.1051262766122818,0.07955791801214218,0.025568358600139618
Vandalism,Normal,0,1,people standing and talking without aggressive movement,47.00704980100065,16.815629980487508,0.16317534446716309,0.21074402332305908,-0.047568678855895996
Vandalism,Normal,0,2,vehicles moving through traffic in an ordinary way,56.366169572218716,20.387486166424935,0.05605887621641159,0.053787484765052795,0.002271391451358795
Vandalism,Normal,0,3,shoppers browsing shelves and carrying bags normally,47.671594526036884,16.950705078478475,0.09864021092653275,0.12342016398906708,-0.024779953062534332
Vandalism,Normal,0,4,workers calmly performing tasks around counters and equipment,60.75412943843945,22.117304342709875,0.13112175464630127,0.10811588168144226,0.02300587296485901
Vandalism,Normal,0,5,pedestrians crossing a walkway with regular spacing,56.41028872408834,20.681377290016304,0.1407443881034851,0.11683337390422821,0.023911014199256897
Vandalism,Normal,0,6,people entering and exiting buildings in a routine manner,59.47088254460655,21.462018308411857,0.15063798427581787,0.1320813149213791,0.018556669354438782
Vandalism,Normal,0,7,a public area with ordinary walking and waiting,56.31308871762558,20.142322648662482,0.15982569754123688,0.1434164196252823,0.01640927791595459
Vandalism,Normal,0,8,people interacting casually without panic or force,41.43407709003172,15.06122492762008,0.3202722668647766,0.39077484607696533,-0.07050257921218872
Vandalism,Normal,0,9,an orderly scene with predictable everyday human activity,58.12386968908708,20.257641545658522,0.08590159565210342,0.08686868101358414,-0.0009670853614807129
Vandalism,Abuse,1,0,a surveillance frame of an aggressor striking a vulnerable victim,69.93763430436398,29.059364101284164,0.41454464197158813,0.25379717350006104,0.1607474684715271
Vandalism,Abuse,1,1,a person forcefully pushing a helpless victim against furniture,67.85231501677626,35.17049400542515,0.4848234951496124,0.3271796405315399,0.1576438546180725
Vandalism,Abuse,1,2,a violent person grabbing and controlling a weaker victim,67.03559368587723,33.489853529604105,0.22184215486049652,0.16844399273395538,0.05339816212654114
Vandalism,Abuse,1,3,a victim shielding their body during repeated physical mistreatment,69.78597471981215,38.87676693549632,0.16105538606643677,0.08160972595214844,0.07944566011428833
Vandalism,Abuse,1,4,an attacker cornering someone and delivering forceful hits,71.4025280187851,38.19759603821064,0.32259079813957214,0.17526359856128693,0.14732719957828522
Vandalism,Abuse,1,5,a person dragging a resisting victim across the floor,67.40733200846623,28.389911783946996,0.18149201571941376,0.1282123476266861,0.05327966809272766
Vandalism,Abuse,1,6,a vulnerable person recoiling from sustained aggressive body contact,65.57793826980972,28.197527615559594,0.14976182579994202,0.10227398574352264,0.04748784005641937
Vandalism,Abuse,1,7,a stronger aggressor overpowering a weaker person indoors,63.88365943375395,26.95735493452568,0.4294934868812561,0.3233170807361603,0.10617640614509583
Vandalism,Abuse,1,8,a victim collapsing after repeated blows from another person,78.24047953726593,47.84778954554026,0.30261921882629395,0.14710064232349396,0.1555185765028
Vandalism,Abuse,1,9,a hostile person restraining and hurting a defenseless target,74.023136703666,40.402283862322115,0.37766537070274353,0.2045295089483261,0.17313586175441742
Vandalism,Arrest,2,0,a surveillance frame of police restraining a suspect,64.9004680119992,26.36820576469592,0.11651894450187683,0.07851972430944443,0.037999220192432404
Vandalism,Arrest,2,1,officers handcuffing a detained person with controlled posture,66.19112554462272,29.379505491439705,0.23991669714450836,0.1421090066432953,0.09780769050121307
Vandalism,Arrest,2,2,police surrounding a suspect and directing surrender,60.07131662708222,22.94532996957101,0.039734359830617905,0.03063848428428173,0.009095875546336174
Vandalism,Arrest,2,3,uniformed officers escorting a suspect toward a patrol car,67.78389586329095,36.28365013762895,0.1101340502500534,0.05600602924823761,0.054128021001815796
Vandalism,Arrest,2,4,law enforcement pinning a resisting person during detention,62.65573382019506,23.767509789374486,0.11610888689756393,0.09276938438415527,0.02333950251340866
Vandalism,Arrest,2,5,officers searching a suspect after applying physical restraint,69.1278065909446,33.3417268195717,0.0851987674832344,0.041417982429265976,0.04378078505396843
Vandalism,Arrest,2,6,a patrol team blocking a suspect from escaping,67.93572778827978,35.15381304491017,0.0435037799179554,0.025304563343524933,0.018199216574430466
Vandalism,Arrest,2,7,police pulling a suspect's arms behind their back,64.58198288444035,25.854220833401087,0.06971441209316254,0.04806981980800629,0.02164459228515625
Vandalism,Arrest,2,8,a detained person being guided beside police officers,65.24015101330791,28.763798536335795,0.029851851984858513,0.017545677721500397,0.012306174263358116
Vandalism,Arrest,2,9,officers immobilizing a suspect using coordinated restraint,69.1590002100399,33.6158555648597,0.1999242901802063,0.10445481538772583,0.09546947479248047
Vandalism,Arson,3,0,a person igniting flammable material near property,66.48169152138907,28.31161173134562,0.13069136440753937,0.09947843104600906,0.031212933361530304
Vandalism,Arson,3,1,a suspicious person pouring liquid before visible flames appear,66.48772343668374,29.983098801766822,0.23002666234970093,0.1603829711675644,0.06964369118213654
Vandalism,Arson,3,2,a small fire spreading across a vehicle or building surface,66.89599793191476,31.95846451027632,0.4521368145942688,0.3228587806224823,0.1292780339717865
Vandalism,Arson,3,3,bright flames emerging after someone approaches a combustible target,63.74630410547235,24.546339678708673,0.37313467264175415,0.2790190279483795,0.09411564469337463
Vandalism,Arson,3,4,a person fleeing as a deliberately started fire grows,64.16216157993095,23.97183638784509,0.2393055558204651,0.188436359167099,0.05086919665336609
Vandalism,Arson,3,5,smoke and flames rising from unattended damaged property,66.34244044830055,39.04385177958982,0.2706124782562256,0.18760792911052704,0.08300454914569855
Vandalism,Arson,3,6,a surveillance frame showing deliberate ignition near a structure,68.11117035313633,33.58907275626945,0.12856653332710266,0.07338893413543701,0.05517759919166565
Vandalism,Arson,3,7,"fire spreading around an entrance, window, or vehicle",66.12908298730605,38.61354407961787,0.556696891784668,0.41089490056037903,0.14580199122428894
Vandalism,Arson,3,8,a person handling a lighter before a sudden flame outbreak,65.46832975188363,24.40320170386466,0.25567808747291565,0.20073910057544708,0.05493898689746857
Vandalism,Arson,3,9,a property surface burning after a suspicious human action,66.16958298999887,30.464250656473148,0.29746127128601074,0.222249835729599,0.07521143555641174
Vandalism,Assault,4,0,a person punching another person in a close confrontation,67.11607666995191,32.95565783192658,0.3079357445240021,0.21878349781036377,0.0891522467136383
Vandalism,Assault,4,1,an attacker lunging toward a victim with a forceful strike,73.43287070697279,39.961493625295866,0.4303942024707794,0.2253798246383667,0.20501437783241272
Vandalism,Assault,4,2,two people colliding violently during a street confrontation,73.59400901555911,37.304511088869766,0.3226839005947113,0.1875855177640915,0.1350983828306198
Vandalism,Assault,4,3,an aggressor kicking a fallen victim on the ground,77.82289865843741,48.58033133810009,0.352712482213974,0.16926322877407074,0.18344925343990326
Vandalism,Assault,4,4,a victim stumbling backward after a direct body hit,79.30812854442344,49.98213063145312,0.17619551718235016,0.07346367090940475,0.1027318462729454
Vandalism,Assault,4,5,an attacker swinging arms repeatedly at another person,66.12598085944022,33.45548791161186,0.16405457258224487,0.1258593499660492,0.03819522261619568
Vandalism,Assault,4,6,a person shoving an opponent hard enough to lose balance,74.19358139584983,42.06198033913944,0.3957013487815857,0.2077055424451828,0.1879958063364029
Vandalism,Assault,4,7,"a close range attack with punches, kicks, and defense",75.68966872936626,45.28352515915323,0.38975760340690613,0.20141398906707764,0.1883436143398285
Vandalism,Assault,4,8,an aggressor pursuing a target while continuing to strike,69.48989384906208,34.822678247428634,0.3054192364215851,0.1802195906639099,0.12519964575767517
Vandalism,Assault,4,9,a victim shielding their face during a rapid attack,69.90816408963857,36.49404496804783,0.24908754229545593,0.14882905781269073,0.1002584844827652
Vandalism,Burglary,5,0,a surveillance frame of an intruder forcing a doorway,64.74019140559784,24.222300117358593,0.5438382029533386,0.3948996067047119,0.1489385962486267
Vandalism,Burglary,5,1,a person prying a lock to enter a restricted room,63.0972700197653,25.982810177178095,0.6031262874603271,0.4496377110481262,0.15348857641220093
Vandalism,Burglary,5,2,a masked intruder breaking a barrier into private property,64.81602119787375,24.08367066843499,0.6990053653717041,0.5240962505340576,0.17490911483764648
Vandalism,Burglary,5,3,a suspect searching drawers and shelves after unauthorized entry,63.265474286268244,23.544953306556575,0.42627421021461487,0.32947006821632385,0.09680414199829102
Vandalism,Burglary,5,4,an intruder carrying stolen items from a damaged entrance,66.77139579597046,31.700472815119014,0.3218136727809906,0.20951099693775177,0.11230267584323883
Vandalism,Burglary,5,5,a person climbing through a window into closed property,63.16327640713275,23.738616872879682,0.5207192897796631,0.42559564113616943,0.09512364864349365
Vandalism,Burglary,5,6,a suspicious person slipping inside after a doorway opens,66.77794473257612,26.05222799538587,0.44279783964157104,0.3177911043167114,0.12500673532485962
Vandalism,Burglary,5,7,a burglar moving quietly through a room collecting valuables,60.82789114547149,22.12518198891645,0.7000653147697449,0.5507591366767883,0.14930617809295654
Vandalism,Burglary,5,8,a person damaging a lock to access an interior space,69.76874067611307,31.899798958023577,0.5599451661109924,0.3821907937526703,0.17775437235832214
Vandalism,Burglary,5,9,an intruder exiting a building with bags or electronics,61.608076303728474,22.639191589116358,0.5718189477920532,0.4636087417602539,0.10821020603179932
Vandalism,Explosion,6,0,"a sudden blast creating a fireball, smoke, and debris",74.20237075813635,33.74893373003002,0.14428509771823883,0.08861740678548813,0.0556676909327507
Vandalism,Explosion,6,1,a vehicle or structure bursting violently with scattered fragments,66.39431491983476,27.91287823730021,0.15131576359272003,0.1087854877114296,0.042530275881290436
Vandalism,Explosion,6,2,a bright flash followed by an expanding smoke cloud,63.7228658060416,22.858824515426917,0.037426505237817764,0.03038778528571129,0.007038719952106476
Vandalism,Explosion,6,3,an explosive impact throwing debris across a street,66.54080429127688,28.056734401864762,0.06262008845806122,0.03898366168141365,0.023636426776647568
Vandalism,Explosion,6,4,a large fireball expanding after an abrupt detonation,67.94675757624718,28.161189229529505,0.21827666461467743,0.14799652993679047,0.07028013467788696
Vandalism,Explosion,6,5,a shockwave shaking the scene while smoke engulfs objects,71.22105353863388,29.883472585797303,0.14517290890216827,0.09845218062400818,0.046720728278160095
Vandalism,Explosion,6,6,an object detonating and damaging the surrounding area,68.31194696223052,31.209353716995835,0.05000188946723938,0.028513837605714798,0.021488051861524582
Vandalism,Explosion,6,7,a blast plume rising as fragments scatter on the road,69.59140236644961,33.4932143643355,0.09253331273794174,0.0529681071639061,0.039565205574035645
Vandalism,Explosion,6,8,a sudden light burst with heavy smoke and debris,65.21550633081824,24.802540194778544,0.03566523641347885,0.027133695781230927,0.008531540632247925
Vandalism,Explosion,6,9,a violent detonation damaging a vehicle or nearby building,69.44629171850343,33.31824557765735,0.28035008907318115,0.14967451989650726,0.1306755691766739
Vandalism,Fighting,7,0,a group of people exchanging punches and kicks,63.48624238605335,31.049524783089282,0.20188607275485992,0.14975011348724365,0.05213595926761627
Vandalism,Fighting,7,1,"several people grappling, pushing, and swinging arms",71.87715358225756,36.96544794915457,0.35499516129493713,0.19493703544139862,0.1600581258535385
Vandalism,Fighting,7,2,two opponents separating and reengaging in a brawl,69.67774492538197,36.93289047926745,0.18935924768447876,0.10161969065666199,0.08773955702781677
Vandalism,Fighting,7,3,multiple individuals shoving and wrestling in public,66.02740212948152,28.15968768608637,0.12918801605701447,0.09383738040924072,0.03535063564777374
Vandalism,Fighting,7,4,two groups clashing in a chaotic physical fight,68.33917675127506,35.36043705282388,0.13942261040210724,0.08087984472513199,0.05854276567697525
Vandalism,Fighting,7,5,fighters grabbing clothing while others join the conflict,61.96809547660208,23.492872669151,0.08410022407770157,0.06444259732961655,0.019657626748085022
Vandalism,Fighting,7,6,a crowd surrounding combatants in an escalating brawl,66.65161919226192,32.75523896371877,0.21601708233356476,0.14972184598445892,0.06629523634910583
Vandalism,Fighting,7,7,people trading blows while moving unpredictably through space,60.21177408322965,20.807058982631514,0.2025221735239029,0.18020160496234894,0.022320568561553955
Vandalism,Fighting,7,8,a mutual fight continuing despite attempts to separate,58.58453567716329,20.662218151098624,0.08790571987628937,0.08067698776721954,0.007228732109069824
Vandalism,Fighting,7,9,"a brawl with repeated grappling, striking, and falling",72.7676366201886,38.41771010112293,0.44760921597480774,0.25349798798561096,0.19411122798919678
Vandalism,RoadAccidents,8,0,"a vehicle collision causing impact, debris, and disruption",69.08230871557905,41.72318733085126,0.4713934063911438,0.28704458475112915,0.18434882164001465
Vandalism,RoadAccidents,8,1,a car striking a pedestrian or cyclist on the road,71.46422589522778,50.0740845266028,0.2647712230682373,0.11204599589109421,0.1527252197265625
Vandalism,RoadAccidents,8,2,a motorbike sliding across a lane after a crash,69.32754915741684,42.49227070919155,0.2869105935096741,0.12234602868556976,0.1645645648241043
Vandalism,RoadAccidents,8,3,vehicles swerving and colliding during a sudden accident,72.62183661049446,54.04793814744888,0.2641921937465668,0.11397283524274826,0.15021935105323792
Vandalism,RoadAccidents,8,4,a pedestrian knocked down by a vehicle near a crossing,72.01226848485828,50.090379671942806,0.27397650480270386,0.11402694135904312,0.15994957089424133
Vandalism,RoadAccidents,8,5,a damaged vehicle stopped and blocking the roadway,70.14237474350897,41.585279777952884,0.20239178836345673,0.09597419947385788,0.10641758888959885
Vandalism,RoadAccidents,8,6,a rider thrown onto pavement after a high speed impact,69.677400244508,43.680881680026786,0.30243316292762756,0.12533535063266754,0.17709781229496002
Vandalism,RoadAccidents,8,7,a traffic accident with a vehicle spinning to a halt,72.09275146893295,49.61172113448505,0.21426039934158325,0.07436579465866089,0.13989460468292236
Vandalism,RoadAccidents,8,8,a car hitting an obstacle with sudden debris,72.81606428298299,38.78571012735038,0.06913863122463226,0.030739853158593178,0.038398779928684235
Vandalism,RoadAccidents,8,9,a motorbike rider falling during an intersection collision,67.7568384146834,39.81011273698542,0.20913168787956238,0.08251217007637024,0.12661951780319214
Vandalism,Robbery,9,0,a threatening person forcing a victim to surrender valuables,65.08556164132725,29.80255525227041,0.5653925538063049,0.42419925332069397,0.14119330048561096
Vandalism,Robbery,9,1,an aggressor confronting someone and grabbing a purse or wallet,62.384986993682645,27.344079261548664,0.6213720440864563,0.4565017521381378,0.16487029194831848
Vandalism,Robbery,9,2,a victim handing over belongings under close range intimidation,67.58139584982685,37.837057000221776,0.19198419153690338,0.09888525307178497,0.09309893846511841
Vandalism,Robbery,9,3,a robber snatching property and escaping quickly,65.88418722634223,27.864491337661256,0.5079896450042725,0.35442548990249634,0.15356415510177612
Vandalism,Robbery,9,4,a person threatening a clerk and demanding money,64.18163604931091,28.220404488230187,0.3245042860507965,0.26459503173828125,0.05990925431251526
Vandalism,Robbery,9,5,an attacker cornering a victim and seizing personal items,68.08359588321781,33.87247618839314,0.4669070243835449,0.2797529399394989,0.18715408444404602
Vandalism,Robbery,9,6,a forced handover following a visible threat gesture,64.25039988367021,29.209919245764087,0.09705157577991486,0.07550068199634552,0.021550893783569336
Vandalism,Robbery,9,7,a suspect taking valuables while the victim backs away,65.70633189536781,31.020468529642486,0.5048416256904602,0.36642181873321533,0.13841980695724487
Vandalism,Robbery,9,8,a person brandishing a weapon to demand property,66.04963404585334,30.897924755029184,0.5504566431045532,0.3880192041397095,0.16243743896484375
Vandalism,Robbery,9,9,a robber approaching a victim and leaving with belongings,65.33941910501457,27.398289437546037,0.6601148247718811,0.44679567217826843,0.21331915259361267
Vandalism,Shooting,10,0,an armed person aiming a firearm and firing shots,69.60967045277064,27.992873250217443,0.274919718503952,0.17617802321910858,0.09874169528484344
Vandalism,Shooting,10,1,a gunman pointing a weapon as people scatter,70.4686151907324,27.756185421074875,0.22849228978157043,0.16646699607372284,0.062025293707847595
Vandalism,Shooting,10,2,a muzzle flash appearing as a shooter targets someone,69.96658749777842,26.832611124808608,0.3095642328262329,0.20205022394657135,0.10751400887966156
Vandalism,Shooting,10,3,a person firing a handgun and causing panic,66.77932345607202,25.29120626470008,0.38015756011009216,0.254922091960907,0.12523546814918518
Vandalism,Shooting,10,4,an armed attacker discharging a weapon in public,68.55425761663948,36.978711232718474,0.20377767086029053,0.12880465388298035,0.07497301697731018
Vandalism,Shooting,10,5,a victim falling after a nearby firearm is fired,74.03899202386914,35.966495851656234,0.1495501697063446,0.06519890576601028,0.08435126394033432
Vandalism,Shooting,10,6,a shooter raising a gun while a crowd runs,71.37254078274873,31.435050044175526,0.16893503069877625,0.09479818493127823,0.07413684576749802
Vandalism,Shooting,10,7,a gunfire scene with fear and rapid dispersal,70.78434287129939,28.120990675755042,0.4599354565143585,0.2748202681541443,0.18511518836021423
Vandalism,Shooting,10,8,a person aiming a rifle or handgun at a target,70.6356130741764,28.104178331597662,0.45364344120025635,0.2828076183795929,0.17083582282066345
Vandalism,Shooting,10,9,a shooter stance with recoil and fleeing people,73.65294944500994,40.04814366623638,0.20842674374580383,0.1048373430967331,0.10358940064907074
Vandalism,Shoplifting,11,0,a shopper concealing merchandise inside clothing or a bag,59.98549108946083,26.34784095225657,0.3440057337284088,0.2613469660282135,0.08265876770019531
Vandalism,Shoplifting,11,1,a person removing a store item without checkout,60.44753580103297,24.2873729265729,0.19333864748477936,0.14472627639770508,0.04861237108707428
Vandalism,Shoplifting,11,2,a customer hiding a product and exiting an aisle,60.802901782107824,24.55721110461468,0.19263005256652832,0.1583596169948578,0.03427043557167053
Vandalism,Shoplifting,11,3,a shopper slipping goods into a bag while browsing,59.255629338805136,24.453151260237043,0.19324739277362823,0.14495553076267242,0.04829186201095581
Vandalism,Shoplifting,11,4,a person scanning surroundings before pocketing merchandise,58.286731402043316,21.844369597902862,0.10218948125839233,0.08552446961402893,0.016665011644363403
Vandalism,Shoplifting,11,5,someone carrying an unpaid item past the cashier,61.14034435773566,23.268468796275464,0.15859676897525787,0.11369026452302933,0.044906504452228546
Vandalism,Shoplifting,11,6,concealed goods disappearing beneath a jacket in a store,64.91029141690768,26.773820095014187,0.2369430661201477,0.1864473670721054,0.0504956990480423
Vandalism,Shoplifting,11,7,a customer manipulating shelf products and hiding one item,62.179384852352726,23.68819920812125,0.2935436964035034,0.22269704937934875,0.07084664702415466
Vandalism,Shoplifting,11,8,a suspect leaving a shop while holding unpaid merchandise,63.473833874590014,26.80756383703199,0.15979455411434174,0.11954987794160843,0.04024467617273331
Vandalism,Shoplifting,11,9,a retail theft scene with discreet concealment and exit,69.01095977466487,34.54396953126504,0.41515418887138367,0.2469872683286667,0.16816692054271698
Vandalism,Stealing,12,0,a person taking unattended property and leaving quickly,65.35027655254498,42.89686057837245,0.3405400514602661,0.2366538643836975,0.1038861870765686
Vandalism,Stealing,12,1,"a thief grabbing a bicycle, bag, phone, or object",70.56374711195126,43.54017128784598,0.7849326133728027,0.5697599053382874,0.21517270803451538
Vandalism,Stealing,12,2,a suspect approaching a valuable item and carrying it away,65.99121063771346,28.278447936599733,0.4019189178943634,0.2559366226196289,0.1459822952747345
Vandalism,Stealing,12,3,unattended belongings disappearing after suspicious human contact,63.463838129244564,37.638351817688196,0.46242639422416687,0.33185046911239624,0.13057592511177063
Vandalism,Stealing,12,4,a person lifting property while the owner is distracted,66.24903193145158,38.78345094400135,0.30047643184661865,0.19904591143131256,0.10143052041530609
Vandalism,Stealing,12,5,a thief cutting a lock and taking a bicycle,71.73445570042924,46.506036198761635,0.5229883790016174,0.28939229249954224,0.2335960865020752
Vandalism,Stealing,12,6,a suspect removing a package or bag from public space,66.54838727050448,35.934605231766845,0.4092744290828705,0.26446130871772766,0.14481312036514282
Vandalism,Stealing,12,7,a person pocketing an unattended item and changing direction,72.52118979529187,53.91147677589817,0.5849141478538513,0.34304291009902954,0.24187123775482178
Vandalism,Stealing,12,8,a valuable object being taken stealthily during distraction,73.51163028667754,40.88389223118967,0.2745994031429291,0.1490737348794937,0.12552566826343536
Vandalism,Stealing,12,9,a thief carrying stolen property away without confrontation,63.39938280581002,40.85948635107734,0.21100685000419617,0.1361321061849594,0.07487474381923676
Vandalism,Vandalism,13,0,a person damaging property by smashing a window or door,67.65963840822064,29.701775599303083,0.744693398475647,0.5352017879486084,0.20949161052703857
Vandalism,Vandalism,13,1,someone kicking or striking an object until it breaks,66.72589792060492,27.87526652953406,0.4360221028327942,0.30784931778907776,0.12817278504371643
Vandalism,Vandalism,13,2,a suspect spraying graffiti on a wall or vehicle,68.42707037414031,35.99915552100241,0.30217495560646057,0.17554032802581787,0.1266346275806427
Vandalism,Vandalism,13,3,a person breaking glass with repeated tool impacts,65.54760635289935,27.128111182042453,0.3292686343193054,0.24689780175685883,0.0823708325624466
Vandalism,Vandalism,13,4,a vandal throwing an object at a storefront or car,69.59467683475245,48.27814013129836,0.6599336266517639,0.4469425678253174,0.21299105882644653
Vandalism,Vandalism,13,5,"deliberate destruction of signs, windows, equipment, or furniture",69.5938151325675,43.7049928528348,0.4949595034122467,0.2933957278728485,0.2015637755393982
Vandalism,Vandalism,13,6,a person scratching and denting a parked vehicle,66.74520004954788,44.21889153989634,0.15850043296813965,0.08401498943567276,0.07448544353246689
Vandalism,Vandalism,13,7,public property being defaced with paint or graffiti,65.57552550369185,35.72101217486679,0.3386021852493286,0.21296557784080505,0.12563660740852356
Vandalism,Vandalism,13,8,a suspect repeatedly hitting a fixture until pieces break,68.45550654624378,28.715884331967967,0.23988814651966095,0.14852069318294525,0.0913674533367157
Vandalism,Vandalism,13,9,"property damage happening without theft, fire, or confrontation",64.88047652130828,41.5389647963825,0.7862613797187805,0.579382061958313,0.20687931776046753
