prompt,Normal#0,Normal#1,Normal#2,Normal#3,Normal#4,Normal#5,Normal#6,Normal#7,Normal#8,Normal#9,Abuse#0,Abuse#1,Abuse#2,Abuse#3,Abuse#4,Abuse#5,Abuse#6,Abuse#7,Abuse#8,Abuse#9,Arrest#0,Arrest#1,Arrest#2,Arrest#3,Arrest#4,Arrest#5,Arrest#6,Arrest#7,Arrest#8,Arrest#9,Arson#0,Arson#1,Arson#2,Arson#3,Arson#4,Arson#5,Arson#6,Arson#7,Arson#8,Arson#9,Assault#0,Assault#1,Assault#2,Assault#3,Assault#4,Assault#5,Assault#6,Assault#7,Assault#8,Assault#9,Burglary#0,Burglary#1,Burglary#2,Burglary#3,Burglary#4,Burglary#5,Burglary#6,Burglary#7,Burglary#8,Burglary#9,Explosion#0,Explosion#1,Explosion#2,Explosion#3,Explosion#4,Explosion#5,Explosion#6,Explosion#7,Explosion#8,Explosion#9,Fighting#0,Fighting#1,Fighting#2,Fighting#3,Fighting#4,Fighting#5,Fighting#6,Fighting#7,Fighting#8,Fighting#9,RoadAccidents#0,RoadAccidents#1,RoadAccidents#2,RoadAccidents#3,RoadAccidents#4,RoadAccidents#5,RoadAccidents#6,RoadAccidents#7,RoadAccidents#8,RoadAccidents#9,Robbery#0,Robbery#1,Robbery#2,Robbery#3,Robbery#4,Robbery#5,Robbery#6,Robbery#7,Robbery#8,Robbery#9,Shooting#0,Shooting#1,Shooting#2,Shooting#3,Shooting#4,Shooting#5,Shooting#6,Shooting#7,Shooting#8,Shooting#9,Shoplifting#0,Shoplifting#1,Shoplifting#2,Shoplifting#3,Shoplifting#4,Shoplifting#5,Shoplifting#6,Shoplifting#7,Shoplifting#8,Shoplifting#9,Stealing#0,Stealing#1,Stealing#2,Stealing#3,Stealing#4,Stealing#5,Stealing#6,Stealing#7,Stealing#8,Stealing#9,Vandalism#0,Vandalism#1,Vandalism#2,Vandalism#3,Vandalism#4,Vandalism#5,Vandalism#6,Vandalism#7,Vandalism#8,Vandalism#9
Normal#0,1.0000001192092896,0.5937106013298035,0.7310509085655212,0.6726925373077393,0.6148426532745361,0.8685065507888794,0.7423686981201172,0.7596391439437866,0.5786012411117554,0.6674201488494873,0.19250598549842834,0.19087548553943634,0.23880013823509216,0.3242132067680359,0.2791564464569092,0.3158925473690033,0.2479095160961151,0.20811700820922852,0.2366989701986313,0.2314971685409546,0.32706061005592346,0.3674936890602112,0.5082834362983704,0.4918433427810669,0.3173566162586212,0.4070276916027069,0.34614723920822144,0.3779132664203644,0.4913637638092041,0.3306397497653961,0.3027172088623047,0.25264614820480347,0.25634992122650146,0.20595751702785492,0.24818168580532074,0.418966144323349,0.3528974652290344,0.2967379689216614,0.2090975046157837,0.26551029086112976,0.20841915905475616,0.30917322635650635,0.29711323976516724,0.2893065810203552,0.27691981196403503,0.2719724476337433,0.225783109664917,0.23913177847862244,0.25753578543663025,0.21717655658721924,0.1783950924873352,0.13049399852752686,0.11650275439023972,0.14345012605190277,0.32933491468429565,0.21998149156570435,0.19706591963768005,0.06594481319189072,0.20929944515228271,0.2436654269695282,0.2166357785463333,0.2856241464614868,0.37413889169692993,0.356375128030777,0.1977595090866089,0.2563976049423218,0.4774535894393921,0.41557687520980835,0.3845282793045044,0.2874796688556671,0.3128763437271118,0.28589707612991333,0.2891275882720947,0.34205570816993713,0.34138715267181396,0.4477459192276001,0.30576246976852417,0.3786715269088745,0.3252180814743042,0.20188114047050476,0.2155071198940277,0.5472902059555054,0.3664466142654419,0.33963894844055176,0.45118993520736694,0.3927726447582245,0.3007543683052063,0.33913469314575195,0.3164992928504944,0.4128795862197876,0.1367843747138977,0.2904193103313446,0.41929787397384644,0.23659537732601166,0.3468560576438904,0.268233060836792,0.2573389410972595,0.2081233561038971,0.22480355203151703,0.2478942573070526,0.31478139758110046,0.28788989782333374,0.1414269059896469,0.23183375597000122,0.367824912071228,0.28712689876556396,0.3359241783618927,0.24158108234405518,0.21529525518417358,0.3362760841846466,0.23676027357578278,0.3520355820655823,0.31637173891067505,0.25476914644241333,0.3227018415927887,0.47680824995040894,0.22129005193710327,0.2290247082710266,0.31063079833984375,0.29281628131866455,0.3712340295314789,0.31183212995529175,0.2416229248046875,0.23530817031860352,0.37291601300239563,0.2605871558189392,0.33189404010772705,0.29191040992736816,0.23680385947227478,0.3625994324684143,0.23989859223365784,0.18023046851158142,0.37131065130233765,0.2849208116531372,0.3460679352283478,0.471595823764801,0.4699253737926483,0.5910400152206421,0.18558114767074585,0.19256757199764252
Normal#1,0.5937106013298035,1.000000238418579,0.7614700198173523,0.7659081816673279,0.635098934173584,0.6286864280700684,0.7882203459739685,0.7839504480361938,0.9011355042457581,0.7876991033554077,0.04541527107357979,0.0640246644616127,0.10980966687202454,0.2517777681350708,0.1430627703666687,0.10983206331729889,0.13308461010456085,0.09742926061153412,0.10325562953948975,0.1300838440656662,0.18441760540008545,0.27521681785583496,0.6404879093170166,0.24320590496063232,0.25449344515800476,0.3204556703567505,0.21734905242919922,0.30342191457748413,0.32724592089653015,0.22570136189460754,0.17727838456630707,0.11690068989992142,0.11034669727087021,0.11507277190685272,0.06053273379802704,0.2978917062282562,0.26361003518104553,0.2362847477197647,0.08286022394895554,0.1182805597782135,0.08963598310947418,0.15886718034744263,0.0696285143494606,0.17733731865882874,0.12767209112644196,0.19858668744564056,0.12593519687652588,0.1517229974269867,0.2211824208498001,0.11724958568811417,0.00968926027417183,0.025336142629384995,-0.014495179057121277,-0.02406424656510353,0.10825593769550323,0.08897369354963303,0.03394617512822151,-0.092428058385849,0.10197442770004272,0.05048578605055809,0.09862811863422394,0.243117094039917,0.36579430103302,0.21447113156318665,0.1180407851934433,0.1618087887763977,0.39608901739120483,0.3483773469924927,0.30005329847335815,0.12398865818977356,0.22572913765907288,0.24268189072608948,0.22205567359924316,0.3223803639411926,0.29036709666252136,0.4389679431915283,0.18222349882125854,0.41922903060913086,0.399362176656723,0.11043378710746765,0.05316377058625221,0.2202540934085846,0.1169462502002716,0.15532433986663818,0.12908101081848145,0.21660292148590088,0.10376758128404617,0.12303392589092255,0.16745617985725403,0.23041978478431702,-0.0036973990499973297,0.13762082159519196,0.25630244612693787,0.11174415796995163,0.20726728439331055,0.07445327192544937,0.20250248908996582,0.011966753751039505,0.08716883510351181,0.015723638236522675,0.1846162974834442,0.11549466103315353,0.03435331583023071,0.09379508346319199,0.17306487262248993,0.14603176712989807,0.16944491863250732,0.09137392044067383,0.06286020576953888,0.2136363983154297,0.059027500450611115,0.22502470016479492,0.17549476027488708,0.03787732869386673,0.22574801743030548,0.42234006524086,0.12065458297729492,0.14270654320716858,0.06556493043899536,0.22533783316612244,0.2506178021430969,0.17239032685756683,0.07389038056135178,0.14507456123828888,0.22662080824375153,0.13319532573223114,0.0869697853922844,0.12575818598270416,0.19754140079021454,0.2345547378063202,0.07316401600837708,0.10041914880275726,0.1716032177209854,0.21244142949581146,0.21823060512542725,0.5446955561637878,0.3080393075942993,0.6357593536376953,0.06692089885473251,0.12217622995376587
Normal#2,0.7310509085655212,0.7614700198173523,1.0,0.7432543039321899,0.6446955800056458,0.7767807245254517,0.8135361671447754,0.8217939138412476,0.7280694246292114,0.7308233380317688,0.08014325797557831,0.05113719403743744,0.11932612955570221,0.30361613631248474,0.15569619834423065,0.14689654111862183,0.12456327676773071,0.0969860851764679,0.11860647052526474,0.14212121069431305,0.2565247714519501,0.3074673116207123,0.5668036937713623,0.362393319606781,0.27163058519363403,0.36034831404685974,0.29972144961357117,0.36834651231765747,0.4507274627685547,0.26543062925338745,0.23252275586128235,0.15449228882789612,0.168930321931839,0.11803165823221207,0.09296083450317383,0.33420419692993164,0.3325018882751465,0.25279179215431213,0.09218712151050568,0.13902166485786438,0.08216416835784912,0.19166938960552216,0.11950433999300003,0.18475063145160675,0.14573432505130768,0.21258336305618286,0.13807697594165802,0.17837433516979218,0.21290543675422668,0.1379820555448532,0.0400724783539772,0.04165903478860855,-0.03342548757791519,0.04287399724125862,0.17989663779735565,0.11872047930955887,0.06343550235033035,-0.05341872200369835,0.12398022413253784,0.10217106342315674,0.14426462352275848,0.2918229401111603,0.37781256437301636,0.3319544792175293,0.13855285942554474,0.211649090051651,0.4568817615509033,0.4182094633579254,0.373046875,0.2156609445810318,0.25281059741973877,0.21407951414585114,0.2464994192123413,0.30424636602401733,0.30749601125717163,0.4467976987361908,0.19459158182144165,0.39950767159461975,0.35867178440093994,0.10444152355194092,0.1461470127105713,0.38976025581359863,0.280198335647583,0.3070930242538452,0.24563062191009521,0.3873094320297241,0.18493279814720154,0.2993994355201721,0.33149731159210205,0.357150673866272,0.0017247460782527924,0.12823477387428284,0.3197556734085083,0.16244249045848846,0.2550458014011383,0.1188252791762352,0.2129773646593094,0.044136397540569305,0.12516355514526367,0.06732843816280365,0.24074377119541168,0.1665007770061493,0.04565220698714256,0.1331145465373993,0.26551175117492676,0.19511166214942932,0.22079148888587952,0.13895577192306519,0.12574009597301483,0.2432333081960678,0.10632932186126709,0.29359886050224304,0.2293092906475067,0.13202829658985138,0.2424587905406952,0.44841355085372925,0.1506374627351761,0.1673552691936493,0.16698384284973145,0.2422027885913849,0.26935523748397827,0.2095591276884079,0.10794863849878311,0.1613944172859192,0.25724130868911743,0.1934538185596466,0.1333044022321701,0.15529438853263855,0.18151047825813293,0.2792701721191406,0.09487700462341309,0.10834947228431702,0.3006061017513275,0.2123546004295349,0.26934731006622314,0.4984589219093323,0.4385565221309662,0.6182652711868286,0.10485249012708664,0.11980733275413513
Normal#3,0.6726925373077393,0.7659081816673279,0.7432543039321899,0.9999999403953552,0.7011493444442749,0.6864657998085022,0.7352200746536255,0.7257660627365112,0.7340572476387024,0.674410343170166,0.12195328623056412,0.15333396196365356,0.12984678149223328,0.3423355221748352,0.20234441757202148,0.19311968982219696,0.18035271763801575,0.1256311684846878,0.1605595499277115,0.1729167252779007,0.25833237171173096,0.3196125030517578,0.5774118304252625,0.35745668411254883,0.28355544805526733,0.3822838068008423,0.3015654683113098,0.33169230818748474,0.4299127459526062,0.2784428894519806,0.19608470797538757,0.15566696226596832,0.12450866401195526,0.1234801709651947,0.11722756177186966,0.2980065643787384,0.305392324924469,0.2120225727558136,0.1251801997423172,0.13289302587509155,0.13420370221138,0.2364283949136734,0.136955127120018,0.19977018237113953,0.19848641753196716,0.23597192764282227,0.1656540185213089,0.1838359534740448,0.2341115027666092,0.19315391778945923,0.12527413666248322,0.09423551708459854,0.03929987549781799,0.17447686195373535,0.31511279940605164,0.15782228112220764,0.11800657957792282,0.028798453509807587,0.18271562457084656,0.1986888349056244,0.12104573100805283,0.247184157371521,0.32750362157821655,0.2772126793861389,0.11708292365074158,0.1934802383184433,0.4150083363056183,0.33534619212150574,0.30630752444267273,0.19038590788841248,0.2797572910785675,0.23520216345787048,0.24718637764453888,0.3307952582836151,0.30992376804351807,0.5447611808776855,0.2367537021636963,0.3760519325733185,0.35786327719688416,0.13183869421482086,0.0859629362821579,0.3212728500366211,0.2277795374393463,0.20740561187267303,0.2375682294368744,0.28250420093536377,0.16957798600196838,0.1985567808151245,0.2527284026145935,0.30024924874305725,0.03529289364814758,0.21206851303577423,0.40533632040023804,0.1954166144132614,0.3094848394393921,0.17484404146671295,0.23162369430065155,0.14177961647510529,0.1537143886089325,0.14670640230178833,0.2261718213558197,0.17903493344783783,0.08758964389562607,0.13316398859024048,0.2956922948360443,0.21128442883491516,0.24625806510448456,0.14347416162490845,0.16906455159187317,0.2572482228279114,0.3044680655002594,0.46410685777664185,0.38655030727386475,0.3445758819580078,0.3700682520866394,0.562687337398529,0.29263943433761597,0.3255338966846466,0.27500808238983154,0.33253905177116394,0.27606314420700073,0.263965368270874,0.19111625850200653,0.22023725509643555,0.3072986602783203,0.20044219493865967,0.28536534309387207,0.22169046103954315,0.24825768172740936,0.3686980903148651,0.16598139703273773,0.13350410759449005,0.2602766156196594,0.25872302055358887,0.3328160047531128,0.4910142123699188,0.3396604061126709,0.575659453868866,0.15110743045806885,0.12482385337352753
Normal#4,0.6148426532745361,0.635098934173584,0.6446955800056458,0.7011493444442749,1.0,0.5799697637557983,0.7239159345626831,0.6736583113670349,0.5873188972473145,0.6974318623542786,0.2549205720424652,0.27449122071266174,0.28355395793914795,0.44501441717147827,0.31823134422302246,0.3169415593147278,0.2962566018104553,0.29093635082244873,0.29765111207962036,0.25803014636039734,0.4106716811656952,0.4544990062713623,0.5269773006439209,0.4115644693374634,0.38032153248786926,0.5119909644126892,0.39219266176223755,0.46822309494018555,0.4865473508834839,0.4139719009399414,0.3377380967140198,0.3387369215488434,0.27845731377601624,0.2658200263977051,0.22747135162353516,0.42943596839904785,0.46805810928344727,0.37309959530830383,0.29353970289230347,0.3099963665008545,0.2863854467868805,0.35094505548477173,0.25189676880836487,0.3164326250553131,0.31070947647094727,0.3685223460197449,0.3015391230583191,0.3291793465614319,0.3348281979560852,0.3278999626636505,0.26151126623153687,0.23386406898498535,0.18317025899887085,0.29831498861312866,0.38056331872940063,0.2994590997695923,0.25842005014419556,0.15644901990890503,0.343279629945755,0.27355432510375977,0.27126064896583557,0.35939425230026245,0.44472330808639526,0.36375463008880615,0.2594757676124573,0.3202134370803833,0.5231565237045288,0.43319588899612427,0.43758660554885864,0.3193536698818207,0.3772263526916504,0.38885852694511414,0.35889363288879395,0.4344100058078766,0.4174303412437439,0.5252134799957275,0.3543054461479187,0.4703880250453949,0.4166942834854126,0.25816041231155396,0.19399793446063995,0.37979990243911743,0.2602900266647339,0.2957913875579834,0.30539512634277344,0.3096320331096649,0.2836747169494629,0.2923615276813507,0.33230364322662354,0.3484722077846527,0.18981531262397766,0.3195417523384094,0.4693468511104584,0.3158571720123291,0.43412482738494873,0.28816038370132446,0.3246316611766815,0.246723011136055,0.274208128452301,0.2608415484428406,0.37998852133750916,0.3256683945655823,0.23008334636688232,0.3018677830696106,0.43329840898513794,0.3530583381652832,0.3925955891609192,0.2882881164550781,0.28155699372291565,0.3734092116355896,0.35779762268066406,0.5154634714126587,0.4555681645870209,0.3425758183002472,0.44589024782180786,0.6105891466140747,0.34947991371154785,0.4560651183128357,0.33212530612945557,0.4318365454673767,0.41819924116134644,0.3620174527168274,0.27587854862213135,0.348425030708313,0.43538734316825867,0.34864187240600586,0.3624582886695862,0.349719762802124,0.37152570486068726,0.40155673027038574,0.3087511658668518,0.28175005316734314,0.4043620824813843,0.4156506657600403,0.41523534059524536,0.6345556974411011,0.4580623209476471,0.6243049502372742,0.343450665473938,0.31339913606643677
Normal#5,0.8685065507888794,0.6286864280700684,0.7767807245254517,0.6864657998085022,0.5799697637557983,1.000000238418579,0.7536598443984985,0.8127685785293579,0.6203408241271973,0.6035141348838806,0.10031967610120773,0.10213452577590942,0.12044233828783035,0.27777794003486633,0.18828468024730682,0.19380667805671692,0.12670046091079712,0.09958559274673462,0.1505085825920105,0.18616536259651184,0.20088568329811096,0.3141348361968994,0.44466742873191833,0.39216911792755127,0.21395361423492432,0.3087122440338135,0.2497968077659607,0.2698349952697754,0.3835783302783966,0.24432462453842163,0.20241346955299377,0.1368839293718338,0.1417679488658905,0.10247115045785904,0.10350175201892853,0.3164645731449127,0.2687465250492096,0.2112445831298828,0.09029483050107956,0.14341947436332703,0.10968256741762161,0.23666009306907654,0.14863064885139465,0.2287953794002533,0.18450331687927246,0.15472567081451416,0.1686939150094986,0.18882879614830017,0.21117126941680908,0.12665989995002747,0.06677547842264175,0.049572382122278214,0.0012697167694568634,0.047255925834178925,0.22382520139217377,0.10394623875617981,0.06604766100645065,-0.05501806363463402,0.11843511462211609,0.13079138100147247,0.11505360156297684,0.17013832926750183,0.2895738184452057,0.2813960909843445,0.10236649215221405,0.16319149732589722,0.3813275396823883,0.332905113697052,0.2899344861507416,0.1705380231142044,0.24211984872817993,0.1837843954563141,0.2499161958694458,0.2532196044921875,0.26682233810424805,0.3709318935871124,0.18370530009269714,0.2975664734840393,0.25033727288246155,0.1363341510295868,0.12139125168323517,0.45750686526298523,0.30720600485801697,0.26654309034347534,0.35626840591430664,0.3321076035499573,0.21010488271713257,0.24676336348056793,0.23002800345420837,0.33349865674972534,0.008259840309619904,0.19208833575248718,0.3241695463657379,0.12756431102752686,0.23430368304252625,0.14828476309776306,0.17966197431087494,0.07728411257266998,0.12045484781265259,0.11921463906764984,0.20983731746673584,0.16053332388401031,0.058646880090236664,0.1176682859659195,0.27811360359191895,0.1904115229845047,0.21784648299217224,0.13615918159484863,0.13903136551380157,0.26608866453170776,0.12175258994102478,0.2918800413608551,0.2185831367969513,0.15620003640651703,0.23880276083946228,0.4508823752403259,0.12413263320922852,0.1436171978712082,0.17653732001781464,0.2302570641040802,0.2551078498363495,0.23550090193748474,0.11559519171714783,0.12985193729400635,0.235317200422287,0.1831965148448944,0.24278728663921356,0.2072376161813736,0.17136763036251068,0.27787795662879944,0.14395827054977417,0.09754794836044312,0.3132845163345337,0.19847708940505981,0.2627154290676117,0.43714678287506104,0.38770920038223267,0.6398885846138,0.05949302762746811,0.11597689986228943
Normal#6,0.7423686981201172,0.7882203459739685,0.8135361671447754,0.7352200746536255,0.7239159345626831,0.7536598443984985,1.000000238418579,0.8787246942520142,0.7232223749160767,0.8133997917175293,0.13596737384796143,0.11119011789560318,0.17717446386814117,0.33480095863342285,0.21473756432533264,0.1925857961177826,0.19784389436244965,0.1741354614496231,0.19527842104434967,0.20428642630577087,0.27496981620788574,0.35079747438430786,0.4964761734008789,0.3691037893295288,0.29252222180366516,0.41883254051208496,0.2795155346393585,0.3675474524497986,0.39304620027542114,0.3158841133117676,0.2510794401168823,0.17674675583839417,0.20985795557498932,0.18181663751602173,0.14199119806289673,0.4293445348739624,0.37607309222221375,0.3650825321674347,0.14484934508800507,0.2141539752483368,0.13645906746387482,0.24923831224441528,0.15731152892112732,0.2514705955982208,0.21224281191825867,0.23733796179294586,0.18898354470729828,0.2290414422750473,0.2780865728855133,0.1872911900281906,0.11879454553127289,0.11004629731178284,0.05619299039244652,0.05836562439799309,0.24356268346309662,0.21590274572372437,0.1413138508796692,0.0008485913276672363,0.18190816044807434,0.19814926385879517,0.1939479261636734,0.3264840841293335,0.44080850481987,0.3093505799770355,0.19116756319999695,0.24992749094963074,0.5258637070655823,0.42725419998168945,0.4054734706878662,0.24272219836711884,0.25239014625549316,0.3070898950099945,0.2980847954750061,0.35564061999320984,0.35321155190467834,0.46699196100234985,0.2225634753704071,0.463217556476593,0.38004806637763977,0.18314069509506226,0.1352214366197586,0.32783597707748413,0.19479790329933167,0.24679753184318542,0.21675309538841248,0.2594563961029053,0.18737533688545227,0.20871508121490479,0.24237816035747528,0.2699560523033142,0.03924264758825302,0.20604410767555237,0.3633173108100891,0.17372789978981018,0.24715445935726166,0.168300598859787,0.21059894561767578,0.09974553436040878,0.1286979466676712,0.10898825526237488,0.2582935392856598,0.18121592700481415,0.09062656760215759,0.16670113801956177,0.27451467514038086,0.22910618782043457,0.24994111061096191,0.1822543740272522,0.1426510512828827,0.27392369508743286,0.13590611517429352,0.2670140266418457,0.24493807554244995,0.12859266996383667,0.2716446816921234,0.45472341775894165,0.1921951025724411,0.18831993639469147,0.181179016828537,0.3123962879180908,0.35592734813690186,0.2710645794868469,0.14415483176708221,0.2174982726573944,0.3168949484825134,0.1987564116716385,0.2226572036743164,0.22221890091896057,0.25313207507133484,0.29065579175949097,0.2055942416191101,0.1665174961090088,0.30538129806518555,0.24288755655288696,0.33433863520622253,0.6256982088088989,0.3842921853065491,0.7566536664962769,0.15073317289352417,0.24233520030975342
Normal#7,0.7596391439437866,0.7839504480361938,0.8217939138412476,0.7257660627365112,0.6736583113670349,0.8127685785293579,0.8787246942520142,1.0,0.7743169069290161,0.7626850605010986,0.049125783145427704,0.025432055816054344,0.08035504817962646,0.28306281566619873,0.14780476689338684,0.07675487548112869,0.08947600424289703,0.06841716170310974,0.11135217547416687,0.14808760583400726,0.18774262070655823,0.2677663564682007,0.4596289098262787,0.2837151288986206,0.19733847677707672,0.31745368242263794,0.21169137954711914,0.28327566385269165,0.33964619040489197,0.2169305682182312,0.16907936334609985,0.09331552684307098,0.10016360878944397,0.08324503898620605,0.03686521202325821,0.33655306696891785,0.27302050590515137,0.2268701195716858,0.03841906040906906,0.11613155901432037,0.04161376133561134,0.20261910557746887,0.05016249045729637,0.20198576152324677,0.13529172539710999,0.152371346950531,0.12687280774116516,0.1850031614303589,0.23287171125411987,0.10192950069904327,-0.008279127068817616,-0.012780843302607536,-0.06049707531929016,-0.043863359838724136,0.125117689371109,0.04643041640520096,-0.002184726297855377,-0.13059303164482117,0.05923266336321831,0.038096893578767776,0.11868858337402344,0.2128978967666626,0.3574598431587219,0.23792916536331177,0.12093088030815125,0.17368236184120178,0.4372750520706177,0.36689627170562744,0.3273131251335144,0.1393536925315857,0.2074107825756073,0.2245124727487564,0.24939805269241333,0.2842560410499573,0.29641953110694885,0.4126049280166626,0.14967800676822662,0.37494760751724243,0.31700006127357483,0.11175243556499481,0.029301892966032028,0.27145788073539734,0.15555857121944427,0.16202348470687866,0.16867241263389587,0.19854310154914856,0.11339077353477478,0.1329296976327896,0.18088901042938232,0.229725182056427,-0.056861378252506256,0.14187711477279663,0.27915745973587036,0.0955210030078888,0.20276367664337158,0.08611589670181274,0.1282666027545929,0.007462311536073685,0.06293757259845734,0.02331792563199997,0.1946195513010025,0.11383827030658722,0.01264595240354538,0.08550684154033661,0.22649766504764557,0.17457610368728638,0.18562665581703186,0.10652341693639755,0.08647697418928146,0.23079733550548553,0.05191276594996452,0.22022268176078796,0.15950867533683777,0.04544275254011154,0.19418874382972717,0.44856253266334534,0.08560843765735626,0.11381320655345917,0.05896887555718422,0.23472058773040771,0.25198373198509216,0.205307275056839,0.049670230597257614,0.1155349388718605,0.22335797548294067,0.12238234281539917,0.14631235599517822,0.13601911067962646,0.18426838517189026,0.21758462488651276,0.0752391368150711,0.0707729235291481,0.21440467238426208,0.160248801112175,0.23932692408561707,0.5771890878677368,0.31455883383750916,0.7448601722717285,0.03935820609331131,0.13805654644966125
Normal#8,0.5786012411117554,0.9011355042457581,0.7280694246292114,0.7340572476387024,0.5873188972473145,0.6203408241271973,0.7232223749160767,0.7743169069290161,1.0,0.6924995183944702,0.05698883533477783,0.07222238183021545,0.10692642629146576,0.25244322419166565,0.15159872174263,0.10043594241142273,0.13325539231300354,0.08484049886465073,0.1271352767944336,0.12208844721317291,0.18144796788692474,0.29506754875183105,0.5833718776702881,0.24897174537181854,0.2545347213745117,0.30438515543937683,0.2299090325832367,0.30003637075424194,0.3107578754425049,0.2469041496515274,0.17061351239681244,0.10155381262302399,0.11732602119445801,0.11192560195922852,0.06011605262756348,0.25112318992614746,0.23204001784324646,0.20518192648887634,0.09511102735996246,0.10780519247055054,0.0804295688867569,0.17286521196365356,0.08105064928531647,0.17871302366256714,0.12597514688968658,0.20093190670013428,0.12338266521692276,0.13282844424247742,0.19915331900119781,0.12586261332035065,0.014537515118718147,0.03521649166941643,-0.011680468916893005,-0.026905853301286697,0.10596829652786255,0.07468417286872864,0.029763786122202873,-0.09009110182523727,0.11104938387870789,0.05029985308647156,0.10091138631105423,0.20348379015922546,0.31469962000846863,0.22388866543769836,0.10128207504749298,0.1654910147190094,0.3355419635772705,0.33351004123687744,0.2743724584579468,0.1276227980852127,0.248890221118927,0.2520853579044342,0.20361505448818207,0.30221375823020935,0.2851054072380066,0.40783968567848206,0.19736288487911224,0.3546949028968811,0.3133426308631897,0.10716189444065094,0.04818443953990936,0.24844372272491455,0.17912347614765167,0.1749393194913864,0.1740727424621582,0.20986872911453247,0.14304545521736145,0.15139615535736084,0.18409796059131622,0.2809254229068756,-0.009655378758907318,0.1456868201494217,0.2507965564727783,0.13441772758960724,0.20170673727989197,0.11846229434013367,0.18311086297035217,0.037491653114557266,0.09091995656490326,0.05024398863315582,0.1969631165266037,0.14427220821380615,0.032792553305625916,0.10811655223369598,0.20138022303581238,0.18942230939865112,0.187022402882576,0.11737611144781113,0.09657258540391922,0.2028205394744873,0.06759916245937347,0.24216552078723907,0.1859341263771057,0.05311267077922821,0.20106588304042816,0.3900141716003418,0.09146898984909058,0.13258017599582672,0.063562773168087,0.2007998526096344,0.20153586566448212,0.19286638498306274,0.0711696445941925,0.10461754351854324,0.2089947611093521,0.13976112008094788,0.09880194067955017,0.13175970315933228,0.17131701111793518,0.22229620814323425,0.07365985959768295,0.07181572169065475,0.1836409568786621,0.21426114439964294,0.20920079946517944,0.48279356956481934,0.31652843952178955,0.5736616849899292,0.08675619959831238,0.1006871908903122
Normal#9,0.6674201488494873,0.7876991033554077,0.7308233380317688,0.674410343170166,0.6974318623542786,0.6035141348838806,0.8133997917175293,0.7626850605010986,0.6924995183944702,0.9999995827674866,0.25106918811798096,0.24156932532787323,0.3470703959465027,0.30178332328796387,0.30836719274520874,0.3586912453174591,0.34282806515693665,0.32757315039634705,0.2836889326572418,0.2519547641277313,0.38041362166404724,0.37563836574554443,0.5742133855819702,0.3819006681442261,0.4514063000679016,0.49952301383018494,0.36719417572021484,0.5028080344200134,0.43979814648628235,0.3892940878868103,0.39886462688446045,0.36031317710876465,0.3229738771915436,0.3597060441970825,0.32290342450141907,0.5333079695701599,0.45561566948890686,0.45215457677841187,0.30340537428855896,0.4022795557975769,0.29677289724349976,0.3120551109313965,0.3158659040927887,0.32653307914733887,0.30788832902908325,0.4057551622390747,0.26612913608551025,0.2978772521018982,0.3390904664993286,0.2822575569152832,0.23007094860076904,0.23291271924972534,0.21651706099510193,0.2217286378145218,0.29988473653793335,0.3230723738670349,0.29484111070632935,0.15589486062526703,0.29852473735809326,0.28938621282577515,0.3262505531311035,0.5354338884353638,0.568813681602478,0.41839170455932617,0.3757360577583313,0.3589921295642853,0.6260812282562256,0.5093127489089966,0.5185454487800598,0.31355080008506775,0.40004962682724,0.4221530258655548,0.3669136166572571,0.5401065945625305,0.47488826513290405,0.5903614163398743,0.3478472828865051,0.6359507441520691,0.6029129028320312,0.281238853931427,0.2864096760749817,0.33926790952682495,0.25673002004623413,0.3432207703590393,0.2902434468269348,0.336785227060318,0.2900252938270569,0.3060442805290222,0.33659082651138306,0.3716800808906555,0.2081066071987152,0.3241972327232361,0.38667476177215576,0.31858474016189575,0.3837028741836548,0.27853018045425415,0.380687415599823,0.23548352718353271,0.2630155682563782,0.2375451922416687,0.34959372878074646,0.2998771369457245,0.22188174724578857,0.2953130006790161,0.3498336672782898,0.3067529797554016,0.337909460067749,0.2987382411956787,0.2294330596923828,0.3598729968070984,0.27809226512908936,0.3838490843772888,0.37424975633621216,0.26417070627212524,0.4373137354850769,0.5627068281173706,0.36859309673309326,0.3366180658340454,0.2945362329483032,0.3834421634674072,0.5155332088470459,0.3325621485710144,0.30539268255233765,0.42077016830444336,0.41792067885398865,0.31495460867881775,0.29817456007003784,0.3409039378166199,0.36142653226852417,0.41837677359580994,0.2668316662311554,0.35329991579055786,0.3223913609981537,0.3973170220851898,0.3427145779132843,0.6113907098770142,0.46329447627067566,0.6437809467315674,0.30114853382110596,0.33272916078567505
Abuse#0,0.19250598549842834,0.04541527107357979,0.08014325797557831,0.12195328623056412,0.2549205720424652,0.10031967610120773,0.13596737384796143,0.049125783145427704,0.05698883533477783,0.25106918811798096,0.9999999403953552,0.8216148018836975,0.8223235607147217,0.5375924110412598,0.8833729028701782,0.7683252692222595,0.8630917072296143,0.8885772228240967,0.8823342323303223,0.8316475749015808,0.7930704951286316,0.60982745885849,0.323941707611084,0.7081995010375977,0.6845609545707703,0.6678211688995361,0.7866454124450684,0.6751914024353027,0.5240546464920044,0.7547948360443115,0.6592718362808228,0.6466425061225891,0.6517497301101685,0.7683299779891968,0.7434418201446533,0.5613790154457092,0.6086127758026123,0.6148324012756348,0.7468551397323608,0.6787406206130981,0.8409304618835449,0.8517429232597351,0.7442607283592224,0.8400906920433044,0.8962947726249695,0.8233065009117126,0.8708916902542114,0.8117583990097046,0.8009054660797119,0.8693448901176453,0.8644475936889648,0.8187686204910278,0.7718892097473145,0.6674425601959229,0.7264022827148438,0.693475604057312,0.7757927179336548,0.7315747737884521,0.7722582817077637,0.7318813800811768,0.731708288192749,0.5730885863304138,0.5531620383262634,0.6804039478302002,0.6305692791938782,0.6713417172431946,0.5447095632553101,0.5964720249176025,0.5920913219451904,0.6840433478355408,0.7149890661239624,0.781865119934082,0.7525550127029419,0.7356808185577393,0.7175677418708801,0.5160515904426575,0.7872258424758911,0.6380200982093811,0.6451895236968994,0.8573876619338989,0.6556003093719482,0.6568742990493774,0.5507683753967285,0.6625491380691528,0.6643906831741333,0.5426510572433472,0.7464542388916016,0.7128739356994629,0.6637486219406128,0.5826420783996582,0.7860959768295288,0.7747384309768677,0.7423975467681885,0.7499439716339111,0.6499855518341064,0.8581344485282898,0.8104013204574585,0.8401466608047485,0.7157749533653259,0.7925342321395874,0.7306919097900391,0.7687534689903259,0.8465225696563721,0.7315254211425781,0.7217791080474854,0.8108251690864563,0.8089212775230408,0.7897566556930542,0.773520827293396,0.7942615747451782,0.6913580298423767,0.6252286434173584,0.7030011415481567,0.7189719080924988,0.7091014385223389,0.5425176024436951,0.6251737475395203,0.7310685515403748,0.7647631168365479,0.71956467628479,0.7153091430664062,0.717373788356781,0.79656583070755,0.6716065406799316,0.6632426977157593,0.7536245584487915,0.716900110244751,0.7841460704803467,0.8170918822288513,0.6796777248382568,0.7193151712417603,0.7999833822250366,0.564038872718811,0.7069668173789978,0.6449763178825378,0.4526950716972351,0.6098312139511108,0.23475879430770874,0.8229334354400635,0.6067901253700256
Abuse#1,0.19087548553943634,0.0640246644616127,0.05113719403743744,0.15333396196365356,0.27449122071266174,0.10213452577590942,0.11119011789560318,0.025432055816054344,0.07222238183021545,0.24156932532787323,0.8216148018836975,0.9999998807907104,0.8098621368408203,0.48607346415519714,0.8345385193824768,0.7714847922325134,0.8425875902175903,0.8585507869720459,0.847848653793335,0.7507200241088867,0.6237828135490417,0.5727478861808777,0.2819286584854126,0.575510561466217,0.6526271104812622,0.5789737701416016,0.6925605535507202,0.5983175039291382,0.4501800537109375,0.6832347512245178,0.5863443613052368,0.57401442527771,0.5831661224365234,0.6715200543403625,0.696419358253479,0.5141888856887817,0.4475966989994049,0.5298813581466675,0.6738728284835815,0.6321549415588379,0.8075217008590698,0.769075334072113,0.6948277354240417,0.772988498210907,0.8325400352478027,0.7627345323562622,0.8223423361778259,0.702111542224884,0.7118434309959412,0.7442296147346497,0.7330132722854614,0.7419158220291138,0.6739824414253235,0.6433122158050537,0.6579577326774597,0.6620360612869263,0.7116034030914307,0.712926983833313,0.7416583299636841,0.6673022508621216,0.6058069467544556,0.5542815923690796,0.45076072216033936,0.5821659564971924,0.5499199032783508,0.5425437688827515,0.4750945270061493,0.4673680365085602,0.4978214502334595,0.5844131708145142,0.6861153841018677,0.7645808458328247,0.675452709197998,0.7132546901702881,0.6828020215034485,0.5115995407104492,0.7103574275970459,0.6268332004547119,0.6047571897506714,0.782831072807312,0.5845687389373779,0.5862618088722229,0.5000000596046448,0.5964319705963135,0.6155409812927246,0.4935868978500366,0.7007471323013306,0.6288780570030212,0.5709105730056763,0.5436975955963135,0.7453079223632812,0.7299861311912537,0.6926901340484619,0.6859522461891174,0.6019425392150879,0.7734584808349609,0.7449448704719543,0.7539412379264832,0.6488794088363647,0.7298917174339294,0.5877177715301514,0.6541988849639893,0.7185088396072388,0.6295694708824158,0.6023294925689697,0.7211559414863586,0.6862122416496277,0.6436201333999634,0.6265842914581299,0.7055012583732605,0.6557326316833496,0.6401066780090332,0.6728801727294922,0.6905423998832703,0.6417989730834961,0.5421731472015381,0.6238893270492554,0.7273697257041931,0.704754650592804,0.6221994161605835,0.6849657297134399,0.6395353078842163,0.7011352777481079,0.6481702327728271,0.6730295419692993,0.6853572130203247,0.666192889213562,0.7073922157287598,0.7371388673782349,0.6508859395980835,0.7006638050079346,0.763057291507721,0.44526898860931396,0.6813051700592041,0.5797537565231323,0.4196580648422241,0.5858096480369568,0.19586801528930664,0.7686285376548767,0.5750018358230591
Abuse#2,0.23880013823509216,0.10980966687202454,0.11932612955570221,0.12984678149223328,0.28355395793914795,0.12044233828783035,0.17717446386814117,0.08035504817962646,0.10692642629146576,0.3470703959465027,0.8223235607147217,0.8098621368408203,0.9999998807907104,0.4851965308189392,0.8001057505607605,0.8702092170715332,0.8927686810493469,0.8869774341583252,0.798917293548584,0.6738793849945068,0.7529610991477966,0.6282930970191956,0.3543287217617035,0.6618055105209351,0.8204567432403564,0.7183017134666443,0.7578351497650146,0.7934530973434448,0.5661075711250305,0.7701749801635742,0.761859655380249,0.7390015125274658,0.6799519062042236,0.7805640697479248,0.8401405215263367,0.6264886856079102,0.5559085607528687,0.6278063654899597,0.8080950975418091,0.7939519882202148,0.9248052835464478,0.7188878059387207,0.864749550819397,0.7009549140930176,0.7980660796165466,0.9002749919891357,0.7634782791137695,0.6754168272018433,0.6308256983757019,0.7451629638671875,0.7549984455108643,0.8039369583129883,0.7883095741271973,0.675168514251709,0.7066897749900818,0.7601091265678406,0.8398022055625916,0.7538459897041321,0.8060150146484375,0.7617112398147583,0.7284026741981506,0.6932862997055054,0.620720386505127,0.7199944257736206,0.7022337317466736,0.6502070426940918,0.6394283771514893,0.5856071710586548,0.6692372560501099,0.6958906054496765,0.8059368133544922,0.775665819644928,0.6728132963180542,0.8075401186943054,0.7421780824661255,0.5575120449066162,0.7636582851409912,0.7051918506622314,0.7390901446342468,0.7652633190155029,0.7025845050811768,0.6327012777328491,0.5638715624809265,0.6841182112693787,0.6564592719078064,0.5848145484924316,0.764645516872406,0.7117975950241089,0.6564141511917114,0.6286014318466187,0.8521297574043274,0.8079941272735596,0.6958889961242676,0.8247973918914795,0.7080059051513672,0.859110951423645,0.8332154154777527,0.8333614468574524,0.772788405418396,0.8024652004241943,0.770856499671936,0.7937610149383545,0.7735913991928101,0.8065099716186523,0.7463846802711487,0.8013838529586792,0.7648538947105408,0.7695297002792358,0.6910178065299988,0.7124086618423462,0.7161673307418823,0.6716342568397522,0.7508231401443481,0.7480564117431641,0.756780743598938,0.5751340389251709,0.7085291147232056,0.7360942363739014,0.8033084869384766,0.6476273536682129,0.7998767495155334,0.724085807800293,0.8019687533378601,0.7618961930274963,0.7633429765701294,0.7875783443450928,0.714767336845398,0.7845578789710999,0.6764533519744873,0.7597635984420776,0.736388623714447,0.8834656476974487,0.5617263913154602,0.7653499841690063,0.6182037591934204,0.40306341648101807,0.6954684853553772,0.22933967411518097,0.8759522438049316,0.6317138671875
Abuse#3,0.3242132067680359,0.2517777681350708,0.30361613631248474,0.3423355221748352,0.44501441717147827,0.27777794003486633,0.33480095863342285,0.28306281566619873,0.25244322419166565,0.30178332328796387,0.5375924110412598,0.48607346415519714,0.4851965308189392,1.000000238418579,0.543846845626831,0.49710172414779663,0.5689032673835754,0.4973101019859314,0.6046887040138245,0.5283939242362976,0.5669502019882202,0.6367195248603821,0.4797043800354004,0.5880739688873291,0.5034469962120056,0.6262170672416687,0.5888234972953796,0.5321812629699707,0.6018991470336914,0.6220053434371948,0.41910791397094727,0.3651432991027832,0.34180498123168945,0.3669933080673218,0.34436145424842834,0.37392759323120117,0.43813568353652954,0.35147392749786377,0.4456811547279358,0.36071252822875977,0.4568181335926056,0.6004553437232971,0.3865845203399658,0.5763463973999023,0.6113035678863525,0.5131044387817383,0.561159074306488,0.4985504150390625,0.5420483350753784,0.6345969438552856,0.44100892543792725,0.4209293723106384,0.3570646643638611,0.36036455631256104,0.48645979166030884,0.37595802545547485,0.394928902387619,0.33251625299453735,0.45739296078681946,0.39888066053390503,0.41847527027130127,0.306194543838501,0.43174421787261963,0.3700166344642639,0.32789456844329834,0.48033565282821655,0.4292840361595154,0.4924180507659912,0.4186975359916687,0.41222405433654785,0.42709609866142273,0.5219323635101318,0.5106067657470703,0.40509769320487976,0.5233759880065918,0.4453853368759155,0.5558596849441528,0.4053455889225006,0.446164071559906,0.4857906997203827,0.31460297107696533,0.49409765005111694,0.4426324963569641,0.4204089641571045,0.4787275791168213,0.39433813095092773,0.5107547044754028,0.4439154267311096,0.45239341259002686,0.4688194990158081,0.41653186082839966,0.41765955090522766,0.6447532773017883,0.4095381498336792,0.4031441807746887,0.5617090463638306,0.5063496232032776,0.49837198853492737,0.4692865014076233,0.4735817611217499,0.5318179726600647,0.5476869344711304,0.4489096403121948,0.4240395426750183,0.594249963760376,0.6431280374526978,0.6116902232170105,0.469026654958725,0.5549460649490356,0.5359537601470947,0.45227664709091187,0.48274141550064087,0.49287012219429016,0.45379742980003357,0.4641568064689636,0.43460413813591003,0.3688674569129944,0.46130257844924927,0.47757428884506226,0.4616013765335083,0.437883198261261,0.4368956685066223,0.4553563594818115,0.3383011519908905,0.46970659494400024,0.44466012716293335,0.5257109999656677,0.49113476276397705,0.5207384824752808,0.4345827102661133,0.39368411898612976,0.38320788741111755,0.44749951362609863,0.434999018907547,0.42728155851364136,0.38324740529060364,0.5165610909461975,0.35932016372680664,0.507716178894043,0.32138973474502563
Abuse#4,0.2791564464569092,0.1430627703666687,0.15569619834423065,0.20234441757202148,0.31823134422302246,0.18828468024730682,0.21473756432533264,0.14780476689338684,0.15159872174263,0.30836719274520874,0.8833729028701782,0.8345385193824768,0.8001057505607605,0.543846845626831,0.9999999403953552,0.7175688743591309,0.8487969636917114,0.8708227872848511,0.9166156649589539,0.8747979402542114,0.6704365015029907,0.5987989902496338,0.37088239192962646,0.7025703191757202,0.6639986038208008,0.6511576175689697,0.7945820689201355,0.6410850286483765,0.530616283416748,0.7156174778938293,0.5848253965377808,0.5596802234649658,0.567758321762085,0.684414267539978,0.6682946681976318,0.522887110710144,0.49140048027038574,0.5331773161888123,0.6580650210380554,0.5913741588592529,0.8194866180419922,0.9346449375152588,0.6695277690887451,0.9008870720863342,0.9242357015609741,0.808722198009491,0.9159097671508789,0.8624873161315918,0.8868795037269592,0.8376765251159668,0.7303935885429382,0.7111700773239136,0.6575565338134766,0.5624886155128479,0.6764310598373413,0.5795999765396118,0.6798573732376099,0.6083285808563232,0.6886004209518433,0.635478675365448,0.6515297889709473,0.5153502225875854,0.5308260917663574,0.6115629076957703,0.5679606199264526,0.5970838069915771,0.5197349190711975,0.5650880932807922,0.5486916303634644,0.5971139669418335,0.7160135507583618,0.8253109455108643,0.8339517116546631,0.7585691213607788,0.783718466758728,0.5242079496383667,0.8008120059967041,0.6577458381652832,0.6574078798294067,0.8860574960708618,0.5568527579307556,0.6330220103263855,0.5023576021194458,0.609653651714325,0.6286267638206482,0.5024742484092712,0.7047867774963379,0.6433694958686829,0.6080048084259033,0.5449860692024231,0.7025038003921509,0.7760725021362305,0.7511457204818726,0.7015520334243774,0.6062649488449097,0.8332141041755676,0.8041070699691772,0.7616109848022461,0.6321669816970825,0.7409136891365051,0.6636135578155518,0.7056878805160522,0.777118444442749,0.6425992846488953,0.6873857975006104,0.793292760848999,0.7938873767852783,0.6870179176330566,0.6717187166213989,0.8529490232467651,0.635717511177063,0.6090331077575684,0.6895752549171448,0.6742833256721497,0.6376208662986755,0.6106455326080322,0.5589436292648315,0.7014821767807007,0.6913978457450867,0.7049164772033691,0.6931210160255432,0.691979706287384,0.7408228516578674,0.5979642868041992,0.6363167762756348,0.7021599411964417,0.6858375072479248,0.7284150123596191,0.8837516903877258,0.6680027842521667,0.6551246643066406,0.760170578956604,0.5011289119720459,0.6698538064956665,0.6038284301757812,0.46279117465019226,0.5920077562332153,0.2977762222290039,0.7611419558525085,0.5337104797363281
Abuse#5,0.3158925473690033,0.10983206331729889,0.14689654111862183,0.19311968982219696,0.3169415593147278,0.19380667805671692,0.1925857961177826,0.07675487548112869,0.10043594241142273,0.3586912453174591,0.7683252692222595,0.7714847922325134,0.8702092170715332,0.49710172414779663,0.7175688743591309,0.9999998807907104,0.8567003011703491,0.8182827830314636,0.7547659873962402,0.594633936882019,0.7568217515945435,0.6203302145004272,0.359075129032135,0.6845574975013733,0.783454179763794,0.738714337348938,0.7355837225914001,0.7371171712875366,0.5931578278541565,0.7568789720535278,0.7440953850746155,0.7245795726776123,0.6502863168716431,0.7418891191482544,0.8437223434448242,0.5898606777191162,0.5656856298446655,0.6040489673614502,0.7733864784240723,0.8072447776794434,0.852222204208374,0.6688040494918823,0.8300772905349731,0.6789434552192688,0.7693475484848022,0.8060723543167114,0.6886827945709229,0.5859804153442383,0.5423156023025513,0.6723153591156006,0.7545686960220337,0.7752686738967896,0.7676709890365601,0.7118180990219116,0.7190243601799011,0.7842484712600708,0.8736594915390015,0.775841236114502,0.7845008969306946,0.7915221452713013,0.6449538469314575,0.6668087244033813,0.59202641248703,0.6884740591049194,0.6186540126800537,0.5939534902572632,0.596991777420044,0.5778300762176514,0.6270830631256104,0.6301553845405579,0.7193082571029663,0.7098523378372192,0.5986852645874023,0.7356071472167969,0.6654390096664429,0.5399785041809082,0.6986643075942993,0.654139518737793,0.6731400489807129,0.6852662563323975,0.6876891255378723,0.6406186819076538,0.6316006183624268,0.6648901700973511,0.7215060591697693,0.5948249101638794,0.7927137613296509,0.7013850212097168,0.6675282716751099,0.6624351739883423,0.779100775718689,0.7285938858985901,0.6581759452819824,0.7830280065536499,0.681363046169281,0.8258065581321716,0.756149172782898,0.7932430505752563,0.7149126529693604,0.806541919708252,0.6874899864196777,0.7111804485321045,0.6804543733596802,0.7285689115524292,0.6951037645339966,0.7597452402114868,0.6938050985336304,0.693642258644104,0.6437545418739319,0.6382606029510498,0.7143118977546692,0.659911036491394,0.7637413740158081,0.7618739604949951,0.7592711448669434,0.5581423044204712,0.7254765033721924,0.7091560363769531,0.8169009685516357,0.5909687876701355,0.8067401647567749,0.681384801864624,0.8109697699546814,0.7762135863304138,0.7431123852729797,0.750720739364624,0.7167942523956299,0.7888635993003845,0.6059262752532959,0.7577959299087524,0.6894712448120117,0.8251160383224487,0.5358922481536865,0.7271838784217834,0.5632497668266296,0.35212719440460205,0.6715990304946899,0.18784072995185852,0.819915771484375,0.6140576601028442
Abuse#6,0.2479095160961151,0.13308461010456085,0.12456327676773071,0.18035271763801575,0.2962566018104553,0.12670046091079712,0.19784389436244965,0.08947600424289703,0.13325539231300354,0.34282806515693665,0.8630917072296143,0.8425875902175903,0.8927686810493469,0.5689032673835754,0.8487969636917114,0.8567003011703491,0.9999997615814209,0.8920010328292847,0.8738871812820435,0.7319475412368774,0.7530494928359985,0.6756469011306763,0.38989418745040894,0.6767736077308655,0.7894338965415955,0.7312125563621521,0.7823758721351624,0.7193906307220459,0.6176666021347046,0.8154042959213257,0.718400239944458,0.6753730773925781,0.6415931582450867,0.7611889839172363,0.7933346629142761,0.5897669792175293,0.5847823023796082,0.6026233434677124,0.7853425145149231,0.7289526462554932,0.8626697063446045,0.7742048501968384,0.7933603525161743,0.7702337503433228,0.8767215013504028,0.8600891828536987,0.8119189739227295,0.7019634246826172,0.7068324089050293,0.793944239616394,0.7709493637084961,0.8000015020370483,0.7652236223220825,0.6675821542739868,0.7393364310264587,0.7439568042755127,0.8167738914489746,0.7337247133255005,0.8077093958854675,0.7560521364212036,0.6812677383422852,0.6237450838088989,0.5736426711082458,0.6673717498779297,0.6298843622207642,0.6334183216094971,0.5779678821563721,0.5675962567329407,0.6058018207550049,0.6611109972000122,0.7369918823242188,0.819872260093689,0.67344069480896,0.7935031652450562,0.7066411972045898,0.5673575401306152,0.7637051343917847,0.7013249397277832,0.7157072424888611,0.7897299528121948,0.6628740429878235,0.6434282064437866,0.569195568561554,0.6664345264434814,0.6924291849136353,0.5609030723571777,0.7829619646072388,0.7109872102737427,0.6505361795425415,0.6350128054618835,0.8044297695159912,0.7727211713790894,0.7476563453674316,0.7664785385131836,0.6669363379478455,0.8607915639877319,0.8186389803886414,0.8180970549583435,0.7181292176246643,0.7962524890899658,0.6960393190383911,0.7372316122055054,0.7500702738761902,0.7245522737503052,0.6999547481536865,0.8053893446922302,0.7440305948257446,0.7311806678771973,0.6920770406723022,0.7241158485412598,0.7191207408905029,0.6540267467498779,0.7380477786064148,0.7307169437408447,0.7458076477050781,0.5670394897460938,0.6723567843437195,0.7459897994995117,0.7853244543075562,0.6731166243553162,0.7902336120605469,0.7148633003234863,0.8135594129562378,0.7389470338821411,0.7376654744148254,0.7572317123413086,0.7453759908676147,0.8115495443344116,0.755633533000946,0.7412753105163574,0.6979466676712036,0.8030350208282471,0.525678813457489,0.7205058336257935,0.5746064186096191,0.40459775924682617,0.6715036034584045,0.22999440133571625,0.8213027119636536,0.6008023023605347
Abuse#7,0.20811700820922852,0.09742926061153412,0.0969860851764679,0.1256311684846878,0.29093635082244873,0.09958559274673462,0.1741354614496231,0.06841716170310974,0.08484049886465073,0.32757315039634705,0.8885772228240967,0.8585507869720459,0.8869774341583252,0.4973101019859314,0.8708227872848511,0.8182827830314636,0.8920010328292847,1.0000001192092896,0.860511302947998,0.7969449758529663,0.7040504217147827,0.5868575572967529,0.30445462465286255,0.6748313903808594,0.7093532681465149,0.6577773094177246,0.7370427846908569,0.699634313583374,0.4972647428512573,0.7470141053199768,0.6734321117401123,0.6436063647270203,0.6463679075241089,0.7679733037948608,0.7573292255401611,0.5820382833480835,0.528977632522583,0.643528163433075,0.7385587692260742,0.7101728916168213,0.862206220626831,0.7942825555801392,0.7641560435295105,0.817766547203064,0.8603653907775879,0.8151130676269531,0.8585010766983032,0.7974661588668823,0.7661802172660828,0.7702906131744385,0.7902781963348389,0.808851957321167,0.7721602320671082,0.6469247341156006,0.6860009431838989,0.7154921889305115,0.8005934953689575,0.748119056224823,0.7556745409965515,0.7376600503921509,0.7180770635604858,0.6414088606834412,0.5929874181747437,0.6628768444061279,0.6642160415649414,0.6326568126678467,0.5600505471229553,0.5967890024185181,0.626001238822937,0.6351681351661682,0.6948171854019165,0.8144060373306274,0.7508074641227722,0.7759203910827637,0.7616503238677979,0.5131434202194214,0.7463119626045227,0.7346261739730835,0.7332139015197754,0.8656928539276123,0.677949070930481,0.6079938411712646,0.4989134669303894,0.6648530960083008,0.626998782157898,0.5285118818283081,0.733898401260376,0.6957069635391235,0.6089284420013428,0.5458285808563232,0.7908681631088257,0.7787834405899048,0.6999615430831909,0.7387872934341431,0.6241888999938965,0.8139954209327698,0.8036352396011353,0.7843688726425171,0.6883924603462219,0.7561867237091064,0.6806209087371826,0.7112421989440918,0.7813098430633545,0.6948378086090088,0.656730055809021,0.7448132634162903,0.7522058486938477,0.7324497699737549,0.6724548935890198,0.7731983661651611,0.6735507249832153,0.5974786877632141,0.7072758674621582,0.7063730955123901,0.6816105842590332,0.559309720993042,0.6639690399169922,0.7312711477279663,0.7414878606796265,0.7241161465644836,0.7619011998176575,0.6951157450675964,0.7860054969787598,0.7027819752693176,0.7024928331375122,0.7278387546539307,0.6717542409896851,0.7794946432113647,0.8032200336456299,0.676095724105835,0.6952691078186035,0.8349864482879639,0.47110843658447266,0.6876831650733948,0.5785804986953735,0.4402271509170532,0.597305178642273,0.1956206113100052,0.8041388988494873,0.6446722745895386
Abuse#8,0.2366989701986313,0.10325562953948975,0.11860647052526474,0.1605595499277115,0.29765111207962036,0.1505085825920105,0.19527842104434967,0.11135217547416687,0.1271352767944336,0.2836889326572418,0.8823342323303223,0.847848653793335,0.798917293548584,0.6046887040138245,0.9166156649589539,0.7547659873962402,0.8738871812820435,0.860511302947998,1.0000001192092896,0.8884397149085999,0.6498692035675049,0.6171448826789856,0.3288501799106598,0.6302285194396973,0.6452376842498779,0.6571049690246582,0.7753387689590454,0.63016676902771,0.5195396542549133,0.7479698657989502,0.5764752626419067,0.5547130107879639,0.5652724504470825,0.6827201843261719,0.6669386029243469,0.5270597338676453,0.48243170976638794,0.5315777063369751,0.6685208082199097,0.6031689047813416,0.8109188079833984,0.8739743232727051,0.6779816150665283,0.9278894066810608,0.9599694609642029,0.7801505327224731,0.9146642088890076,0.8157205581665039,0.8573778867721558,0.8591471314430237,0.7170698642730713,0.7166552543640137,0.6596207618713379,0.5461256504058838,0.6347543001174927,0.6121482849121094,0.7111353874206543,0.6106656789779663,0.6919838190078735,0.6138855218887329,0.6483172178268433,0.5293145775794983,0.5225391387939453,0.5820755958557129,0.5520957708358765,0.5941054821014404,0.4948069751262665,0.5492185354232788,0.5390565991401672,0.5798313617706299,0.6792712211608887,0.8257315158843994,0.8113131523132324,0.734870195388794,0.7659985423088074,0.5168060660362244,0.7631978988647461,0.6273856163024902,0.6235508918762207,0.8866772651672363,0.5712814927101135,0.6107752919197083,0.5587670803070068,0.6378761529922485,0.6656323671340942,0.5001925826072693,0.7441698908805847,0.6780012249946594,0.6182095408439636,0.5825964212417603,0.6866111755371094,0.7050831317901611,0.7266980409622192,0.6666715145111084,0.5541281700134277,0.7951771020889282,0.7867566347122192,0.7485038638114929,0.611209511756897,0.7175818681716919,0.6457438468933105,0.7018862962722778,0.7670223712921143,0.6456249952316284,0.6595389246940613,0.8391077518463135,0.7869925498962402,0.6679525375366211,0.6825716495513916,0.8223208785057068,0.6073359251022339,0.5846774578094482,0.6507989168167114,0.651352047920227,0.6192229390144348,0.5493645668029785,0.5694912672042847,0.6577847003936768,0.6602658033370972,0.6423602104187012,0.6908212900161743,0.6433327198028564,0.7103745937347412,0.601318359375,0.6305974721908569,0.6995195150375366,0.667218804359436,0.7121082544326782,0.8551520109176636,0.6213217377662659,0.6315488219261169,0.7666431665420532,0.48665162920951843,0.6587685942649841,0.5374909043312073,0.4069342613220215,0.5974311828613281,0.2826210856437683,0.7690787315368652,0.531022846698761
Abuse#9,0.2314971685409546,0.1300838440656662,0.14212121069431305,0.1729167252779007,0.25803014636039734,0.18616536259651184,0.20428642630577087,0.14808760583400726,0.12208844721317291,0.2519547641277313,0.8316475749015808,0.7507200241088867,0.6738793849945068,0.5283939242362976,0.8747979402542114,0.594633936882019,0.7319475412368774,0.7969449758529663,0.8884397149085999,1.0000001192092896,0.5437498092651367,0.49612733721733093,0.32129907608032227,0.5824261903762817,0.5397007465362549,0.5325673818588257,0.7056503891944885,0.5099101066589355,0.44240066409111023,0.6294618844985962,0.457036554813385,0.43308788537979126,0.4416375756263733,0.5832555294036865,0.5237160325050354,0.46364104747772217,0.41165024042129517,0.44158878922462463,0.5359793305397034,0.4647873640060425,0.7137482762336731,0.8436062335968018,0.5337165594100952,0.9213377237319946,0.8843408823013306,0.6473971009254456,0.9237459897994995,0.8478314876556396,0.9303464889526367,0.8090337514877319,0.608335018157959,0.6083011627197266,0.5315975546836853,0.42273348569869995,0.5265806913375854,0.4660452604293823,0.5551198720932007,0.4672836661338806,0.5402777194976807,0.47512876987457275,0.5623921155929565,0.43560588359832764,0.44528621435165405,0.4878208041191101,0.4511772692203522,0.5050579309463501,0.42592883110046387,0.4784408509731293,0.4331924319267273,0.4692675471305847,0.5530369281768799,0.7178134918212891,0.8530720472335815,0.6295605897903442,0.7357674837112427,0.46199992299079895,0.6834774613380432,0.5581364035606384,0.5785479545593262,0.8970667123794556,0.46731314063072205,0.4994404911994934,0.4208400249481201,0.5228098630905151,0.4916960597038269,0.4098355174064636,0.5594217777252197,0.5414764881134033,0.512664794921875,0.4220075309276581,0.5731852054595947,0.6134855151176453,0.6563397645950317,0.5219144225120544,0.4687741696834564,0.6550475358963013,0.7337659597396851,0.6325670480728149,0.5169360637664795,0.5642102360725403,0.5673075914382935,0.6249536275863647,0.7169054746627808,0.5370076298713684,0.562660813331604,0.6997370719909668,0.7454748749732971,0.5656145811080933,0.6383897066116333,0.8469802141189575,0.4810989499092102,0.5039290189743042,0.5661088228225708,0.5373102426528931,0.5152558088302612,0.5103927850723267,0.48857101798057556,0.5775397419929504,0.5537459850311279,0.6350777745246887,0.5943245887756348,0.5209495425224304,0.585641622543335,0.47604209184646606,0.5079466104507446,0.5851113200187683,0.5373901724815369,0.6037936210632324,0.8845449686050415,0.5198200941085815,0.49663305282592773,0.6778815388679504,0.4030298590660095,0.5399201512336731,0.45911258459091187,0.3854900896549225,0.48098552227020264,0.2869033217430115,0.6362802982330322,0.4505055844783783
Arrest#0,0.32706061005592346,0.18441760540008545,0.2565247714519501,0.25833237171173096,0.4106716811656952,0.20088568329811096,0.27496981620788574,0.18774262070655823,0.18144796788692474,0.38041362166404724,0.7930704951286316,0.6237828135490417,0.7529610991477966,0.5669502019882202,0.6704365015029907,0.7568217515945435,0.7530494928359985,0.7040504217147827,0.6498692035675049,0.5437498092651367,0.9999998807907104,0.7015892267227173,0.502653181552887,0.7803833484649658,0.7547652721405029,0.8280905485153198,0.811823844909668,0.8224907517433167,0.7374139428138733,0.7937417030334473,0.7304136157035828,0.7069503664970398,0.6407679319381714,0.694273829460144,0.7435967326164246,0.6020181179046631,0.7634412050247192,0.6170815229415894,0.7297778129577637,0.7276355028152466,0.7402688264846802,0.6414378881454468,0.7047975063323975,0.5759847164154053,0.6853016018867493,0.798823356628418,0.6250683069229126,0.5590764880180359,0.5478624105453491,0.7014539241790771,0.8271628022193909,0.7419888973236084,0.741686224937439,0.7319676876068115,0.7736165523529053,0.7322653532028198,0.768890917301178,0.7070729732513428,0.764872133731842,0.7602410316467285,0.6701028943061829,0.6022822856903076,0.6360927224159241,0.6995420455932617,0.6053833961486816,0.6852952241897583,0.6592429876327515,0.650408148765564,0.6748381853103638,0.7045971155166626,0.6790122985839844,0.6212066411972046,0.5671046376228333,0.6564584970474243,0.6023106575012207,0.522286057472229,0.7062801718711853,0.6197041273117065,0.6387500762939453,0.5856949090957642,0.6032912135124207,0.6785229444503784,0.5814162492752075,0.6320000886917114,0.6479510068893433,0.6310659646987915,0.7173148989677429,0.6934370994567871,0.7153664827346802,0.6279400587081909,0.7489147186279297,0.6947674751281738,0.740070641040802,0.8059673309326172,0.7255635857582092,0.8108880519866943,0.7265187501907349,0.8135751485824585,0.7342252731323242,0.7796162366867065,0.793979287147522,0.7720814943313599,0.6957814693450928,0.7639299631118774,0.7991294264793396,0.7832680940628052,0.7540079355239868,0.7653805017471313,0.7447766065597534,0.6334151029586792,0.7416766285896301,0.6592705845832825,0.7593384385108948,0.7052265405654907,0.7989224791526794,0.5648869872093201,0.6548302173614502,0.7406509518623352,0.8240324258804321,0.6595302820205688,0.7475861310958862,0.7148219347000122,0.8008559942245483,0.7193573713302612,0.7123005986213684,0.7549348473548889,0.7383006811141968,0.7527927756309509,0.5979002714157104,0.7483135461807251,0.6553357839584351,0.7089691162109375,0.6727632284164429,0.6921583414077759,0.6569686532020569,0.49888402223587036,0.6861650943756104,0.3147522807121277,0.8144091367721558,0.5948580503463745
Arrest#1,0.3674936890602112,0.27521681785583496,0.3074673116207123,0.3196125030517578,0.4544990062713623,0.3141348361968994,0.35079747438430786,0.2677663564682007,0.29506754875183105,0.37563836574554443,0.60982745885849,0.5727478861808777,0.6282930970191956,0.6367195248603821,0.5987989902496338,0.6203302145004272,0.6756469011306763,0.5868575572967529,0.6171448826789856,0.49612733721733093,0.7015892267227173,0.9999997019767761,0.5722894668579102,0.7165298461914062,0.7428059577941895,0.7970497012138367,0.6446509957313538,0.7403305768966675,0.7244247198104858,0.8571211099624634,0.5285443067550659,0.49741658568382263,0.5026365518569946,0.4926903247833252,0.49211734533309937,0.46969833970069885,0.545360803604126,0.48680153489112854,0.5805070996284485,0.508553147315979,0.6128755807876587,0.5893887877464294,0.5802658796310425,0.5482613444328308,0.596959114074707,0.6485977172851562,0.5801951289176941,0.49483031034469604,0.4728778004646301,0.5912282466888428,0.5786300897598267,0.6260623931884766,0.530926525592804,0.5416613221168518,0.6066951155662537,0.5547128319740295,0.5716288089752197,0.5224030017852783,0.6435802578926086,0.5783838033676147,0.47452062368392944,0.4181450605392456,0.4801144301891327,0.4650762677192688,0.4433346688747406,0.5034802556037903,0.4846816658973694,0.4907948970794678,0.5048832297325134,0.5263956785202026,0.6299853324890137,0.6570479869842529,0.5092993378639221,0.5937923789024353,0.5571346282958984,0.5014294385910034,0.6254339814186096,0.562930703163147,0.5014742612838745,0.5465444326400757,0.5123087167739868,0.6205169558525085,0.48989659547805786,0.598961591720581,0.6161273717880249,0.5402169227600098,0.6132403612136841,0.6078625917434692,0.5156327486038208,0.5831055641174316,0.5869675874710083,0.5976351499557495,0.6910702586174011,0.6004809141159058,0.5552011728286743,0.6835460662841797,0.6054285764694214,0.6228936910629272,0.6025340557098389,0.591718316078186,0.6732300519943237,0.5959511399269104,0.5137696266174316,0.5900644063949585,0.6763778328895569,0.6740604639053345,0.6181839108467102,0.6006759405136108,0.5918763875961304,0.546967089176178,0.6199979782104492,0.5633592009544373,0.5699293613433838,0.5443398952484131,0.5663633346557617,0.47876355051994324,0.519041895866394,0.5926605463027954,0.6034083366394043,0.5885734558105469,0.5695002675056458,0.6272007822990417,0.582704484462738,0.5203894376754761,0.5782296657562256,0.6090395450592041,0.6353553533554077,0.6355882287025452,0.5243452191352844,0.5767154693603516,0.5602287650108337,0.5244722366333008,0.5681267380714417,0.5563600063323975,0.567176342010498,0.4977118670940399,0.6314437389373779,0.3755379915237427,0.6342867612838745,0.4839305281639099
Arrest#2,0.5082834362983704,0.6404879093170166,0.5668036937713623,0.5774118304252625,0.5269773006439209,0.44466742873191833,0.4964761734008789,0.4596289098262787,0.5833718776702881,0.5742133855819702,0.323941707611084,0.2819286584854126,0.3543287217617035,0.4797043800354004,0.37088239192962646,0.359075129032135,0.38989418745040894,0.30445462465286255,0.3288501799106598,0.32129907608032227,0.502653181552887,0.5722894668579102,0.9999999403953552,0.5529419183731079,0.5557036995887756,0.6129481792449951,0.5834779739379883,0.5518113374710083,0.7145230770111084,0.5499531030654907,0.3688039779663086,0.3171888589859009,0.29627108573913574,0.31385546922683716,0.29734092950820923,0.38936156034469604,0.45107293128967285,0.3212852478027344,0.31238847970962524,0.302428662776947,0.3431978225708008,0.3685603737831116,0.3302035331726074,0.3647993803024292,0.35965025424957275,0.43679487705230713,0.3257870674133301,0.3204944133758545,0.371191143989563,0.3974120616912842,0.2994791269302368,0.2738840579986572,0.2527661919593811,0.2863005995750427,0.4152824878692627,0.2775595188140869,0.29585790634155273,0.1877339780330658,0.3294450044631958,0.2988206744194031,0.27726036310195923,0.36993128061294556,0.40998709201812744,0.40173760056495667,0.2858271598815918,0.33466392755508423,0.5012595057487488,0.41448384523391724,0.3958911895751953,0.36480000615119934,0.47142887115478516,0.383194237947464,0.395426481962204,0.4489780366420746,0.44545429944992065,0.5539213418960571,0.4810371398925781,0.4162054657936096,0.5073211193084717,0.3049272298812866,0.298113077878952,0.41925549507141113,0.3466430902481079,0.3868425488471985,0.3539053201675415,0.48450273275375366,0.33558958768844604,0.3659648001194,0.4357861876487732,0.4535128176212311,0.30782705545425415,0.34396398067474365,0.5051717162132263,0.4042852520942688,0.43019288778305054,0.354940265417099,0.48735228180885315,0.3346393406391144,0.3322639465332031,0.31893306970596313,0.4529000520706177,0.4312132000923157,0.2923192083835602,0.36707785725593567,0.45537269115448,0.42548155784606934,0.43884140253067017,0.36538106203079224,0.32539039850234985,0.44362184405326843,0.34412088990211487,0.4453134536743164,0.4083590507507324,0.31328004598617554,0.45775943994522095,0.4654325246810913,0.350450336933136,0.3742733895778656,0.3913438022136688,0.40325772762298584,0.40039801597595215,0.3297976553440094,0.3479498624801636,0.3310823440551758,0.39005768299102783,0.36595356464385986,0.3796496093273163,0.3264692723751068,0.37382084131240845,0.46527665853500366,0.2581535875797272,0.29974204301834106,0.4100925922393799,0.4179116487503052,0.3582915961742401,0.4207306504249573,0.47520700097084045,0.44684815406799316,0.36805230379104614,0.23945727944374084
Arrest#3,0.4918433427810669,0.24320590496063232,0.362393319606781,0.35745668411254883,0.4115644693374634,0.39216911792755127,0.3691037893295288,0.2837151288986206,0.24897174537181854,0.3819006681442261,0.7081995010375977,0.575510561466217,0.6618055105209351,0.5880739688873291,0.7025703191757202,0.6845574975013733,0.6767736077308655,0.6748313903808594,0.6302285194396973,0.5824261903762817,0.7803833484649658,0.7165298461914062,0.5529419183731079,0.9999998211860657,0.7078697681427002,0.7857123613357544,0.7837201356887817,0.7616393566131592,0.7270568609237671,0.798303484916687,0.6143409013748169,0.580318808555603,0.5776985883712769,0.621807336807251,0.6395308375358582,0.520564615726471,0.559597373008728,0.5550495386123657,0.6280441880226135,0.5808404684066772,0.6525870561599731,0.6976590752601624,0.6332887411117554,0.6254645586013794,0.6779427528381348,0.679976761341095,0.6309331655502319,0.5921804904937744,0.5782135725021362,0.6368469595909119,0.6775084733963013,0.6566289067268372,0.6093178987503052,0.6068255305290222,0.7310820817947388,0.5743706226348877,0.6519485712051392,0.5768720507621765,0.628223717212677,0.7012907266616821,0.60945063829422,0.48632532358169556,0.5630373954772949,0.6061714887619019,0.5371875762939453,0.6019836664199829,0.559095025062561,0.6282843351364136,0.6025139093399048,0.6184067130088806,0.6173213720321655,0.6194025278091431,0.5886757373809814,0.5871255397796631,0.6009700298309326,0.5292221903800964,0.7141405344009399,0.5797483921051025,0.5524211525917053,0.6042222380638123,0.5609868764877319,0.7334874868392944,0.5682989358901978,0.6303418874740601,0.6550208330154419,0.6127018332481384,0.7004024982452393,0.6734063625335693,0.6212828755378723,0.6018476486206055,0.6430041790008545,0.697037398815155,0.7270210385322571,0.6678155660629272,0.6313122510910034,0.7807123064994812,0.6365524530410767,0.7264553308486938,0.6187971234321594,0.7211290597915649,0.7087883949279785,0.6718353033065796,0.6123446226119995,0.6349587440490723,0.7363865375518799,0.6956208944320679,0.7168274521827698,0.7025814652442932,0.6617146134376526,0.647080659866333,0.654102087020874,0.6015329360961914,0.6715372800827026,0.6476263999938965,0.6506327390670776,0.5793695449829102,0.5545265674591064,0.6239675283432007,0.7350001335144043,0.6509006023406982,0.6368114352226257,0.7125701904296875,0.7492679357528687,0.5553908348083496,0.6083344221115112,0.6390829086303711,0.6988588571548462,0.7071148157119751,0.5952678918838501,0.6759579181671143,0.5738741755485535,0.5715072154998779,0.6111242771148682,0.5549163818359375,0.6321141719818115,0.482621967792511,0.6221872568130493,0.3302856981754303,0.6533729434013367,0.4894363284111023
Arrest#4,0.3173566162586212,0.25449344515800476,0.27163058519363403,0.28355544805526733,0.38032153248786926,0.21395361423492432,0.29252222180366516,0.19733847677707672,0.2545347213745117,0.4514063000679016,0.6845609545707703,0.6526271104812622,0.8204567432403564,0.5034469962120056,0.6639986038208008,0.783454179763794,0.7894338965415955,0.7093532681465149,0.6452376842498779,0.5397007465362549,0.7547652721405029,0.7428059577941895,0.5557036995887756,0.7078697681427002,1.000000238418579,0.7851369380950928,0.7670493125915527,0.8023256063461304,0.7166986465454102,0.8114659786224365,0.6950892210006714,0.6542969942092896,0.5932376384735107,0.66965651512146,0.733041524887085,0.576401948928833,0.5647237300872803,0.5376666784286499,0.7148638963699341,0.6900282502174377,0.778984546661377,0.6050511598587036,0.7460899949073792,0.5866481065750122,0.6486680507659912,0.8137830495834351,0.617079496383667,0.5473465919494629,0.5218431949615479,0.6212480068206787,0.6484062671661377,0.7248290181159973,0.653974175453186,0.6353973150253296,0.6836552619934082,0.6747679710388184,0.7183723449707031,0.6272282004356384,0.708295464515686,0.6999728679656982,0.5915274620056152,0.6158580183982849,0.5504546761512756,0.6643728017807007,0.5874398350715637,0.5352640151977539,0.627731204032898,0.5229300856590271,0.5936467051506042,0.6296713352203369,0.7639180421829224,0.6836209297180176,0.5737420320510864,0.7423785924911499,0.6570934653282166,0.6479431390762329,0.7214646339416504,0.6483265161514282,0.7181305289268494,0.610306978225708,0.5945296287536621,0.5748987197875977,0.4729485809803009,0.612068772315979,0.5989229679107666,0.5817850828170776,0.6430132389068604,0.6335707902908325,0.6265333890914917,0.6128932237625122,0.728033185005188,0.7176918983459473,0.6864820122718811,0.7500840425491333,0.6925995349884033,0.763063371181488,0.78155916929245,0.7313867807388306,0.7053786516189575,0.6820275783538818,0.7387349605560303,0.7125526666641235,0.6327645778656006,0.722560703754425,0.7201452255249023,0.7186084985733032,0.6815695762634277,0.6842588186264038,0.6227757930755615,0.6317203044891357,0.6764310598373413,0.6936370134353638,0.6980467438697815,0.6751975417137146,0.7336603403091431,0.5606422424316406,0.6697326898574829,0.6755102872848511,0.7269713878631592,0.6070584654808044,0.705610990524292,0.6560201048851013,0.7121751308441162,0.6837536096572876,0.6657860279083252,0.6763042211532593,0.6729618310928345,0.6991105675697327,0.582656741142273,0.7492520213127136,0.6172946691513062,0.719456672668457,0.5385134816169739,0.7233893871307373,0.5727740526199341,0.4230973720550537,0.6507251858711243,0.27887070178985596,0.7558466792106628,0.5489881634712219
Arrest#5,0.4070276916027069,0.3204556703567505,0.36034831404685974,0.3822838068008423,0.5119909644126892,0.3087122440338135,0.41883254051208496,0.31745368242263794,0.30438515543937683,0.49952301383018494,0.6678211688995361,0.5789737701416016,0.7183017134666443,0.6262170672416687,0.6511576175689697,0.738714337348938,0.7312125563621521,0.6577773094177246,0.6571049690246582,0.5325673818588257,0.8280905485153198,0.7970497012138367,0.6129481792449951,0.7857123613357544,0.7851369380950928,1.000000238418579,0.7727189660072327,0.8469151258468628,0.7240912914276123,0.886388897895813,0.6763581037521362,0.6281235218048096,0.5739285945892334,0.6360688209533691,0.6697423458099365,0.5969211459159851,0.6630764007568359,0.582551121711731,0.6603236794471741,0.6667114496231079,0.7121925354003906,0.6239887475967407,0.6811025142669678,0.5995301008224487,0.6801198124885559,0.7348617315292358,0.6071633100509644,0.5551830530166626,0.559402585029602,0.6350854635238647,0.6690703630447388,0.6524823904037476,0.6364505887031555,0.6417330503463745,0.7019191980361938,0.6834975481033325,0.7322392463684082,0.6027745008468628,0.6911244988441467,0.6935843229293823,0.5997711420059204,0.5974089503288269,0.6312605142593384,0.631009042263031,0.5531169772148132,0.6026556491851807,0.6634155511856079,0.6169821619987488,0.6464320421218872,0.6280242800712585,0.6776218414306641,0.6820922493934631,0.5892385244369507,0.6990358829498291,0.6665887832641602,0.5886610746383667,0.6910926103591919,0.6596870422363281,0.6473550200462341,0.595976710319519,0.6018409729003906,0.6151512861251831,0.5577837228775024,0.6486994028091431,0.6294963359832764,0.6164554357528687,0.6742266416549683,0.6518404483795166,0.645045280456543,0.645992636680603,0.6376427412033081,0.6541764736175537,0.6991152763366699,0.7403748035430908,0.6477405428886414,0.7328375577926636,0.6744984984397888,0.7042612433433533,0.6197341680526733,0.6974061727523804,0.740820586681366,0.6820971965789795,0.6004347801208496,0.6977443099021912,0.7328345775604248,0.7492985129356384,0.7036223411560059,0.6855382919311523,0.6182469129562378,0.6437435746192932,0.6764066219329834,0.6366819143295288,0.6940993666648865,0.6514612436294556,0.7331914901733398,0.6184942722320557,0.6488842368125916,0.6784917712211609,0.7352700233459473,0.6584388017654419,0.7333848476409912,0.7004052996635437,0.7334517240524292,0.6881094574928284,0.6873550415039062,0.698408842086792,0.700088381767273,0.7207056879997253,0.6063013672828674,0.7177586555480957,0.6101610660552979,0.6735697984695435,0.6110761165618896,0.6452029943466187,0.628546416759491,0.5476694107055664,0.6640815138816833,0.43320491909980774,0.7549302577972412,0.575354814529419
Arrest#6,0.34614723920822144,0.21734905242919922,0.29972144961357117,0.3015654683113098,0.39219266176223755,0.2497968077659607,0.2795155346393585,0.21169137954711914,0.2299090325832367,0.36719417572021484,0.7866454124450684,0.6925605535507202,0.7578351497650146,0.5888234972953796,0.7945820689201355,0.7355837225914001,0.7823758721351624,0.7370427846908569,0.7753387689590454,0.7056503891944885,0.811823844909668,0.6446509957313538,0.5834779739379883,0.7837201356887817,0.7670493125915527,0.7727189660072327,1.0000001192092896,0.7668286561965942,0.761481523513794,0.7668542265892029,0.6699168682098389,0.6222174167633057,0.5522198677062988,0.6639954447746277,0.7135582566261292,0.5598016977310181,0.6170840263366699,0.5178107023239136,0.6662092208862305,0.6374565362930298,0.7693226337432861,0.7521717548370361,0.6541204452514648,0.7501333951950073,0.8131693005561829,0.8127367496490479,0.7470605969429016,0.6614710092544556,0.7326287031173706,0.7712283134460449,0.7297887802124023,0.6946145296096802,0.6395518779754639,0.6011505126953125,0.7213248610496521,0.6481863260269165,0.7262954115867615,0.5860931873321533,0.6763227581977844,0.6630477905273438,0.6200142502784729,0.551302433013916,0.5814257860183716,0.6916780471801758,0.5394335389137268,0.6096073389053345,0.6072478294372559,0.5693078637123108,0.6146798133850098,0.6139750480651855,0.729361891746521,0.6764191389083862,0.7432548403739929,0.7058999538421631,0.7550896406173706,0.6429684162139893,0.7544428706169128,0.5910687446594238,0.7025940418243408,0.6802800893783569,0.5299012660980225,0.6360135078430176,0.6067295074462891,0.5987961292266846,0.6041260957717896,0.6311466693878174,0.6919362545013428,0.6622292995452881,0.7526183128356934,0.6212031245231628,0.678312361240387,0.6828808784484863,0.7442508935928345,0.780992865562439,0.7002604603767395,0.7498413324356079,0.8280720710754395,0.7508958578109741,0.6561651229858398,0.7098370790481567,0.744592547416687,0.774263858795166,0.7067155838012695,0.7223330736160278,0.7611448764801025,0.8338146209716797,0.8154900074005127,0.7096146941184998,0.7083470225334167,0.8234653472900391,0.6425819993019104,0.7033124566078186,0.7614163756370544,0.7051289081573486,0.7507109642028809,0.6604000329971313,0.6203378438949585,0.692208468914032,0.7678111791610718,0.6252720355987549,0.7161812782287598,0.6525974273681641,0.732109785079956,0.6294715404510498,0.6631380915641785,0.7397379875183105,0.6806482672691345,0.6729216575622559,0.7475982904434204,0.7526143789291382,0.5795931816101074,0.728767454624176,0.6151421070098877,0.7293270230293274,0.572303831577301,0.4266582131385803,0.6552554368972778,0.3362756371498108,0.7685232162475586,0.479170560836792
Arrest#7,0.3779132664203644,0.30342191457748413,0.36834651231765747,0.33169230818748474,0.46822309494018555,0.2698349952697754,0.3675474524497986,0.28327566385269165,0.30003637075424194,0.5028080344200134,0.6751914024353027,0.5983175039291382,0.7934530973434448,0.5321812629699707,0.6410850286483765,0.7371171712875366,0.7193906307220459,0.699634313583374,0.63016676902771,0.5099101066589355,0.8224907517433167,0.7403305768966675,0.5518113374710083,0.7616393566131592,0.8023256063461304,0.8469151258468628,0.7668286561965942,1.0,0.70361328125,0.8071247339248657,0.7245602607727051,0.7094967365264893,0.6308056116104126,0.6947112083435059,0.7371071577072144,0.6394408345222473,0.6201286911964417,0.6223946809768677,0.7149155735969543,0.7245248556137085,0.7480456233024597,0.5947017073631287,0.727676272392273,0.5604109168052673,0.6378384828567505,0.8090765476226807,0.5899658203125,0.5331459045410156,0.5152648091316223,0.6379557251930237,0.6734431982040405,0.7083901166915894,0.6675631403923035,0.6676389575004578,0.7011897563934326,0.691288948059082,0.7464393973350525,0.6381127834320068,0.713120698928833,0.7017859816551208,0.6547629833221436,0.6493515968322754,0.6690844297409058,0.7160584926605225,0.6223123073577881,0.614142656326294,0.6784218549728394,0.6394731402397156,0.7239795327186584,0.6458624601364136,0.7326414585113525,0.6790003776550293,0.5761497020721436,0.7260833382606506,0.6973772048950195,0.6019599437713623,0.6786003708839417,0.7055138945579529,0.6974937319755554,0.5781038999557495,0.6137869358062744,0.6481457352638245,0.5763472318649292,0.669861912727356,0.6031409502029419,0.643470048904419,0.6864196062088013,0.6827307343482971,0.6560660600662231,0.6127922534942627,0.7118491530418396,0.6775612235069275,0.7220849990844727,0.78367018699646,0.7009240388870239,0.7452540993690491,0.7413478493690491,0.7406954169273376,0.7398484945297241,0.7076190114021301,0.8239232301712036,0.7882190346717834,0.6551926136016846,0.791104793548584,0.7900530695915222,0.7609606385231018,0.7513749599456787,0.7498325109481812,0.6855189800262451,0.6610924005508423,0.6989520788192749,0.6889773607254028,0.7431585788726807,0.6871126890182495,0.7636455297470093,0.6407457590103149,0.6959619522094727,0.7040011882781982,0.7716811299324036,0.6376426219940186,0.7574360966682434,0.7157646417617798,0.7483439445495605,0.7353522181510925,0.7201077938079834,0.7531183958053589,0.6778954267501831,0.7174882888793945,0.5789092183113098,0.739291250705719,0.6330512762069702,0.7497926950454712,0.6467716097831726,0.7121634483337402,0.6204245686531067,0.5217049717903137,0.7374391555786133,0.37486687302589417,0.7791748046875,0.5910822153091431
Arrest#8,0.4913637638092041,0.32724592089653015,0.4507274627685547,0.4299127459526062,0.4865473508834839,0.3835783302783966,0.39304620027542114,0.33964619040489197,0.3107578754425049,0.43979814648628235,0.5240546464920044,0.4501800537109375,0.5661075711250305,0.6018991470336914,0.530616283416748,0.5931578278541565,0.6176666021347046,0.4972647428512573,0.5195396542549133,0.44240066409111023,0.7374139428138733,0.7244247198104858,0.7145230770111084,0.7270568609237671,0.7166986465454102,0.7240912914276123,0.761481523513794,0.70361328125,1.0,0.6843312382698059,0.5726790428161621,0.5173375606536865,0.4410973787307739,0.4687403440475464,0.5352193117141724,0.4947510361671448,0.5790048837661743,0.41842004656791687,0.5406789779663086,0.5101420879364014,0.5634373426437378,0.5008478164672852,0.5537562370300293,0.48687872290611267,0.5400006771087646,0.6323297023773193,0.4913807213306427,0.43632760643959045,0.4474196434020996,0.5547387599945068,0.5065701007843018,0.5113769769668579,0.45911461114883423,0.530661940574646,0.6373844146728516,0.5113779902458191,0.540885329246521,0.4249534606933594,0.5364058017730713,0.5462822914123535,0.44312959909439087,0.4430522918701172,0.50571608543396,0.5604601502418518,0.40341585874557495,0.4668951630592346,0.5782952308654785,0.4913904666900635,0.5415380001068115,0.5130615234375,0.5894789099693298,0.4768495559692383,0.49253538250923157,0.5338624715805054,0.5207729935646057,0.5548554062843323,0.58814537525177,0.4772988557815552,0.5826885104179382,0.42744380235671997,0.4528357684612274,0.6077905893325806,0.5295952558517456,0.5230838656425476,0.5651394128799438,0.5912619829177856,0.5587306022644043,0.5730229020118713,0.6084054112434387,0.6016774773597717,0.5280911326408386,0.523593544960022,0.6935948133468628,0.599479079246521,0.6205781102180481,0.5812598466873169,0.6477208137512207,0.5987622737884521,0.5649433135986328,0.5505355596542358,0.6414476633071899,0.6354832053184509,0.4616052210330963,0.5554134845733643,0.6913071870803833,0.6427615880966187,0.6091291308403015,0.5449221134185791,0.5505355596542358,0.5690141916275024,0.5726789832115173,0.6070484519004822,0.6412680149078369,0.5627778768539429,0.6620336174964905,0.5419435501098633,0.5028591156005859,0.5587553977966309,0.6614009737968445,0.5231181383132935,0.5845054388046265,0.5163682103157043,0.5689465999603271,0.5168046355247498,0.5580580234527588,0.5528419017791748,0.6012687683105469,0.5492089986801147,0.4978346824645996,0.6456852555274963,0.43740522861480713,0.48530882596969604,0.5632333755493164,0.5713849067687988,0.4709116220474243,0.3879750370979309,0.6260299682617188,0.3495233654975891,0.5877569913864136,0.35856080055236816
Arrest#9,0.3306397497653961,0.22570136189460754,0.26543062925338745,0.2784428894519806,0.4139719009399414,0.24432462453842163,0.3158841133117676,0.2169305682182312,0.2469041496515274,0.3892940878868103,0.7547948360443115,0.6832347512245178,0.7701749801635742,0.6220053434371948,0.7156174778938293,0.7568789720535278,0.8154042959213257,0.7470141053199768,0.7479698657989502,0.6294618844985962,0.7937417030334473,0.8571211099624634,0.5499531030654907,0.798303484916687,0.8114659786224365,0.886388897895813,0.7668542265892029,0.8071247339248657,0.6843312382698059,1.000000238418579,0.6386059522628784,0.5982813835144043,0.5964359641075134,0.6688426733016968,0.6644125580787659,0.5550775527954102,0.6009843349456787,0.5780117511749268,0.6932398080825806,0.6448523998260498,0.7353993654251099,0.6872382164001465,0.7141057252883911,0.6794898509979248,0.7331464290618896,0.7555193901062012,0.6934146881103516,0.604729413986206,0.6028518080711365,0.705579936504364,0.6849839687347412,0.7093618512153625,0.6663302779197693,0.6050690412521362,0.6852002143859863,0.646701455116272,0.7111996412277222,0.6153014898300171,0.7187364101409912,0.6927034258842468,0.6358468532562256,0.5811787247657776,0.5686320066452026,0.5972765684127808,0.5749920010566711,0.6191694736480713,0.5847146511077881,0.5886259078979492,0.6036207675933838,0.6308820843696594,0.7053757905960083,0.7837531566619873,0.6126307249069214,0.7303645014762878,0.6809736490249634,0.584044337272644,0.7549546957015991,0.6647548675537109,0.6135424375534058,0.6887041330337524,0.6473402380943298,0.6368961334228516,0.5438108444213867,0.6922321319580078,0.6774662733078003,0.5896413326263428,0.7320642471313477,0.7038244009017944,0.6142361164093018,0.6515510678291321,0.6975504755973816,0.6953648328781128,0.7320764064788818,0.7046136260032654,0.6265907287597656,0.8018020391464233,0.6914423704147339,0.7350409030914307,0.6697324514389038,0.7091137766838074,0.7247398495674133,0.6837146282196045,0.6355758905410767,0.6849642992019653,0.73311847448349,0.7688207626342773,0.7140189409255981,0.7088167071342468,0.6518853902816772,0.6409618854522705,0.6747381687164307,0.61383056640625,0.6550159454345703,0.6462262272834778,0.6663699150085449,0.5352304577827454,0.6171520948410034,0.6732800006866455,0.6978954076766968,0.658214271068573,0.6881812810897827,0.7059837579727173,0.7343415021896362,0.6380959749221802,0.6522606611251831,0.6804288029670715,0.7134789228439331,0.7395590543746948,0.6408109664916992,0.658616840839386,0.6253478527069092,0.6801967620849609,0.5472508668899536,0.6193495988845825,0.5947211384773254,0.5051955580711365,0.6336684226989746,0.33379948139190674,0.7554599642753601,0.5939265489578247
Arson#0,0.3027172088623047,0.17727838456630707,0.23252275586128235,0.19608470797538757,0.3377380967140198,0.20241346955299377,0.2510794401168823,0.16907936334609985,0.17061351239681244,0.39886462688446045,0.6592718362808228,0.5863443613052368,0.761859655380249,0.41910791397094727,0.5848253965377808,0.7440953850746155,0.718400239944458,0.6734321117401123,0.5764752626419067,0.457036554813385,0.7304136157035828,0.5285443067550659,0.3688039779663086,0.6143409013748169,0.6950892210006714,0.6763581037521362,0.6699168682098389,0.7245602607727051,0.5726790428161621,0.6386059522628784,1.000000238418579,0.8811087608337402,0.8135637044906616,0.8468862771987915,0.8585569262504578,0.7923738956451416,0.776799201965332,0.7396504878997803,0.8783414959907532,0.8793866634368896,0.7431298494338989,0.5243425965309143,0.7303414940834045,0.5074167251586914,0.6116324663162231,0.7676419615745544,0.538597583770752,0.49542486667633057,0.4589391350746155,0.5959795713424683,0.6784818172454834,0.7233718037605286,0.6883639097213745,0.6861802339553833,0.6969712972640991,0.7279584407806396,0.7807689905166626,0.6732229590415955,0.7514358758926392,0.7198544144630432,0.7999365329742432,0.6944040656089783,0.746085524559021,0.7852436900138855,0.7687209248542786,0.7345119714736938,0.774828314781189,0.7023547887802124,0.8218847513198853,0.7852119207382202,0.6777395009994507,0.5680142641067505,0.4691427946090698,0.6455777883529663,0.5516142249107361,0.5102776288986206,0.6196045875549316,0.6274542808532715,0.647364616394043,0.522915244102478,0.6642318964004517,0.6418436765670776,0.5947400331497192,0.6601016521453857,0.6170814037322998,0.6437259316444397,0.677735447883606,0.7095640897750854,0.7182722091674805,0.6202563643455505,0.7344275712966919,0.6573803424835205,0.626700758934021,0.766472578048706,0.7058192491531372,0.7194358110427856,0.7063941955566406,0.7277914881706238,0.754899263381958,0.7152396440505981,0.7563203573226929,0.7505028247833252,0.7399560809135437,0.822265625,0.724605917930603,0.7205797433853149,0.6766653060913086,0.7695792317390442,0.6975622177124023,0.5857179164886475,0.6842467784881592,0.6624054908752441,0.7169607877731323,0.678502082824707,0.7651735544204712,0.5776944160461426,0.6431522369384766,0.6891109943389893,0.7489036917686462,0.5802111625671387,0.7944461107254028,0.6561393737792969,0.7542492151260376,0.7418423891067505,0.7418292164802551,0.7337092161178589,0.6913687586784363,0.7614841461181641,0.5306711196899414,0.7230369448661804,0.681270956993103,0.7513769865036011,0.654861330986023,0.7339742183685303,0.626373291015625,0.4529721438884735,0.6978561282157898,0.3007656931877136,0.7663923501968384,0.6213498115539551
Arson#1,0.25264614820480347,0.11690068989992142,0.15449228882789612,0.15566696226596832,0.3387369215488434,0.1368839293718338,0.17674675583839417,0.09331552684307098,0.10155381262302399,0.36031317710876465,0.6466425061225891,0.57401442527771,0.7390015125274658,0.3651432991027832,0.5596802234649658,0.7245795726776123,0.6753730773925781,0.6436063647270203,0.5547130107879639,0.43308788537979126,0.7069503664970398,0.49741658568382263,0.3171888589859009,0.580318808555603,0.6542969942092896,0.6281235218048096,0.6222174167633057,0.7094967365264893,0.5173375606536865,0.5982813835144043,0.8811087608337402,1.000000238418579,0.7788719534873962,0.8198953866958618,0.8334349989891052,0.7320750951766968,0.7057880163192749,0.7023757696151733,0.861070990562439,0.8616856336593628,0.7289409637451172,0.5027700662612915,0.7374534010887146,0.4636642336845398,0.585589587688446,0.7292777895927429,0.5217063426971436,0.4584144949913025,0.4198862314224243,0.5909098386764526,0.6813904643058777,0.727852463722229,0.6969213485717773,0.7284940481185913,0.668243408203125,0.7157858610153198,0.7992978692054749,0.6995036005973816,0.7478102445602417,0.6989502906799316,0.7635229229927063,0.6940125226974487,0.6810415983200073,0.7231162190437317,0.7451516389846802,0.701034665107727,0.7043402194976807,0.6392393112182617,0.7670528888702393,0.7353339195251465,0.6424607038497925,0.5325164794921875,0.419648677110672,0.6131311655044556,0.5044950246810913,0.5102712512016296,0.5985732674598694,0.5893550515174866,0.5927910804748535,0.48783957958221436,0.6562913656234741,0.5971329212188721,0.5869867205619812,0.641156017780304,0.5781127214431763,0.5872633457183838,0.6657125949859619,0.6890332102775574,0.674490749835968,0.5734543800354004,0.7417625188827515,0.6578260660171509,0.6105235815048218,0.7274876236915588,0.6631743311882019,0.708078145980835,0.6627485752105713,0.7519963979721069,0.7303643226623535,0.7284014225006104,0.7029075622558594,0.724481999874115,0.7234711647033691,0.7810909748077393,0.6889300346374512,0.660795271396637,0.644321620464325,0.7226132154464722,0.6611415147781372,0.5225892663002014,0.7098004817962646,0.648444652557373,0.7255109548568726,0.6980553269386292,0.7680863738059998,0.5387571454048157,0.6661446690559387,0.7115664482116699,0.7603590488433838,0.5183017253875732,0.764548122882843,0.6279690265655518,0.7617011070251465,0.7601319551467896,0.7240467071533203,0.717942476272583,0.6732084155082703,0.7387088537216187,0.519683301448822,0.7070738077163696,0.6646907329559326,0.7508098483085632,0.6601437330245972,0.7505465745925903,0.5960763096809387,0.4033460021018982,0.6460195779800415,0.24957260489463806,0.7746613025665283,0.6286525726318359
Arson#2,0.25634992122650146,0.11034669727087021,0.168930321931839,0.12450866401195526,0.27845731377601624,0.1417679488658905,0.20985795557498932,0.10016360878944397,0.11732602119445801,0.3229738771915436,0.6517497301101685,0.5831661224365234,0.6799519062042236,0.34180498123168945,0.567758321762085,0.6502863168716431,0.6415931582450867,0.6463679075241089,0.5652724504470825,0.4416375756263733,0.6407679319381714,0.5026365518569946,0.29627108573913574,0.5776985883712769,0.5932376384735107,0.5739285945892334,0.5522198677062988,0.6308056116104126,0.4410973787307739,0.5964359641075134,0.8135637044906616,0.7788719534873962,1.0,0.8348650336265564,0.7934442758560181,0.798498809337616,0.6538450121879578,0.893619954586029,0.7956347465515137,0.846022367477417,0.6601434946060181,0.4904823899269104,0.7309207916259766,0.5037069916725159,0.5723320841789246,0.6707453727722168,0.49721890687942505,0.4878873825073242,0.4250222146511078,0.576643705368042,0.6729437708854675,0.6682571172714233,0.6913180351257324,0.630136251449585,0.6423288583755493,0.6736564636230469,0.7179437875747681,0.6734334826469421,0.7264237403869629,0.7115216255187988,0.7932271957397461,0.7091408967971802,0.6627422571182251,0.7497485876083374,0.7553681135177612,0.6670377850532532,0.6846668124198914,0.7046120166778564,0.7547181844711304,0.835883617401123,0.6135162115097046,0.5869389772415161,0.4214097261428833,0.6187167167663574,0.5041141510009766,0.4497694671154022,0.5923096537590027,0.610390305519104,0.5487860441207886,0.5346345901489258,0.7505080699920654,0.6918433904647827,0.5432295203208923,0.7231622338294983,0.6515028476715088,0.6505182981491089,0.7073108553886414,0.7466561794281006,0.6685128211975098,0.5799270868301392,0.6994389295578003,0.6381741762161255,0.6074039340019226,0.6951223611831665,0.5795308947563171,0.6857348680496216,0.6261870265007019,0.7001910209655762,0.6605244278907776,0.6869645118713379,0.6463996767997742,0.6365710496902466,0.719449520111084,0.7233824729919434,0.601377010345459,0.6216937303543091,0.5770566463470459,0.7450165152549744,0.6105393171310425,0.5010973215103149,0.6351732015609741,0.5466586947441101,0.5815697908401489,0.5996134281158447,0.611794114112854,0.45251038670539856,0.6000056266784668,0.6222947835922241,0.6738418936729431,0.5718156099319458,0.7300965785980225,0.6418395042419434,0.6909613609313965,0.6980558037757874,0.6533681154251099,0.6704167723655701,0.6604412198066711,0.7043258547782898,0.4761999547481537,0.6255295276641846,0.7535014152526855,0.7018554210662842,0.6136240363121033,0.6509691476821899,0.6825662851333618,0.48655954003334045,0.6897205710411072,0.304973304271698,0.6819050312042236,0.7227075099945068
Arson#3,0.20595751702785492,0.11507277190685272,0.11803165823221207,0.1234801709651947,0.2658200263977051,0.10247115045785904,0.18181663751602173,0.08324503898620605,0.11192560195922852,0.3597060441970825,0.7683299779891968,0.6715200543403625,0.7805640697479248,0.3669933080673218,0.684414267539978,0.7418891191482544,0.7611889839172363,0.7679733037948608,0.6827201843261719,0.5832555294036865,0.694273829460144,0.4926903247833252,0.31385546922683716,0.621807336807251,0.66965651512146,0.6360688209533691,0.6639954447746277,0.6947112083435059,0.4687403440475464,0.6688426733016968,0.8468862771987915,0.8198953866958618,0.8348650336265564,0.9999999403953552,0.8699960708618164,0.7802877426147461,0.6951555013656616,0.789368748664856,0.8584674596786499,0.8635597229003906,0.7773892879486084,0.6239280700683594,0.7667613625526428,0.621687650680542,0.6993280649185181,0.7652586698532104,0.6218172311782837,0.5978395938873291,0.5821688175201416,0.6608092784881592,0.7455453276634216,0.7606452703475952,0.7422820925712585,0.6969095468521118,0.6822137236595154,0.6995658278465271,0.7992852330207825,0.7103908061981201,0.7520725727081299,0.7526648044586182,0.849335789680481,0.7204896211624146,0.700713038444519,0.7547053694725037,0.8181933760643005,0.7168928384780884,0.6932358741760254,0.6768773794174194,0.7712651491165161,0.7765188813209534,0.6932005882263184,0.6830835342407227,0.5382207036018372,0.7107133865356445,0.6175321340560913,0.5386102795600891,0.7065438628196716,0.7030175924301147,0.652395486831665,0.6558769941329956,0.7265112400054932,0.6107239723205566,0.542782187461853,0.7082538604736328,0.6197742819786072,0.5830585360527039,0.7280892133712769,0.7194721102714539,0.6757824420928955,0.5674397349357605,0.7770377397537231,0.7316457629203796,0.6250789165496826,0.728840708732605,0.6597706079483032,0.7594794034957886,0.71711266040802,0.774537205696106,0.7090401649475098,0.7421181201934814,0.6841030120849609,0.7221472263336182,0.8228499293327332,0.7767930626869202,0.6498476266860962,0.6888109445571899,0.6692157983779907,0.7896792888641357,0.6830751895904541,0.6081621646881104,0.6736936569213867,0.5911776423454285,0.6928364038467407,0.6652607321739197,0.7302109003067017,0.5229259729385376,0.6656907796859741,0.7027998566627502,0.7278989553451538,0.6214045286178589,0.7641496062278748,0.6699098348617554,0.7816616296768188,0.7530722618103027,0.6551801562309265,0.7101322412490845,0.6758696436882019,0.7436695098876953,0.6247209310531616,0.6580653190612793,0.7152225971221924,0.8122211694717407,0.5609114170074463,0.6985464096069336,0.6207990646362305,0.46387380361557007,0.5953915119171143,0.25990617275238037,0.7825831174850464,0.7006855010986328
Arson#4,0.24818168580532074,0.06053273379802704,0.09296083450317383,0.11722756177186966,0.22747135162353516,0.10350175201892853,0.14199119806289673,0.03686521202325821,0.06011605262756348,0.32290342450141907,0.7434418201446533,0.696419358253479,0.8401405215263367,0.34436145424842834,0.6682946681976318,0.8437223434448242,0.7933346629142761,0.7573292255401611,0.6669386029243469,0.5237160325050354,0.7435967326164246,0.49211734533309937,0.29734092950820923,0.6395308375358582,0.733041524887085,0.6697423458099365,0.7135582566261292,0.7371071577072144,0.5352193117141724,0.6644125580787659,0.8585569262504578,0.8334349989891052,0.7934442758560181,0.8699960708618164,0.9999996423721313,0.7288863062858582,0.6398605704307556,0.7043489217758179,0.8659991025924683,0.901778519153595,0.8184170722961426,0.5945961475372314,0.8227595686912537,0.5674992799758911,0.6971583962440491,0.8046677112579346,0.6077395677566528,0.5415247082710266,0.5010156631469727,0.6376248598098755,0.7659396529197693,0.7875553369522095,0.8080021142959595,0.7414501309394836,0.7528321743011475,0.7960814237594604,0.8718211650848389,0.7838363647460938,0.7810104489326477,0.8115075826644897,0.787386953830719,0.7184939384460449,0.667465090751648,0.7762477397918701,0.7521811723709106,0.683472752571106,0.6762179136276245,0.6309230923652649,0.7316393852233887,0.7315505743026733,0.7229542136192322,0.6370124816894531,0.5139638185501099,0.7163982391357422,0.6050187945365906,0.5436574220657349,0.6788833141326904,0.6325495839118958,0.6636795997619629,0.6190268993377686,0.703492283821106,0.603371262550354,0.5939904451370239,0.6461153626441956,0.6295555233955383,0.5741653442382812,0.7456752061843872,0.693379282951355,0.6951193809509277,0.5952341556549072,0.8105624914169312,0.7207374572753906,0.6428300142288208,0.8258603811264038,0.6952972412109375,0.7866823077201843,0.761057436466217,0.8217496871948242,0.7421339750289917,0.8153318762779236,0.7266405820846558,0.7668893337249756,0.7621641159057617,0.8247885704040527,0.6834992170333862,0.734726071357727,0.687333345413208,0.7769985795021057,0.666997492313385,0.6106237173080444,0.7003379464149475,0.6247735619544983,0.740559995174408,0.7297717332839966,0.7698774337768555,0.5081475973129272,0.6965804100036621,0.6984107494354248,0.826813817024231,0.5628436803817749,0.8144987225532532,0.675302267074585,0.8264319896697998,0.8098434209823608,0.7367889881134033,0.7530715465545654,0.6930923461914062,0.7665176391601562,0.5768862962722778,0.7832095623016357,0.7145967483520508,0.8206852674484253,0.5686514377593994,0.7463902831077576,0.5847982168197632,0.36183983087539673,0.6214781403541565,0.15927955508232117,0.8044384121894836,0.6450886726379395
Arson#5,0.418966144323349,0.2978917062282562,0.33420419692993164,0.2980065643787384,0.42943596839904785,0.3164645731449127,0.4293445348739624,0.33655306696891785,0.25112318992614746,0.5333079695701599,0.5613790154457092,0.5141888856887817,0.6264886856079102,0.37392759323120117,0.522887110710144,0.5898606777191162,0.5897669792175293,0.5820382833480835,0.5270597338676453,0.46364104747772217,0.6020181179046631,0.46969833970069885,0.38936156034469604,0.520564615726471,0.576401948928833,0.5969211459159851,0.5598016977310181,0.6394408345222473,0.4947510361671448,0.5550775527954102,0.7923738956451416,0.7320750951766968,0.798498809337616,0.7802877426147461,0.7288863062858582,0.9999998807907104,0.6888740062713623,0.8003715872764587,0.6972588300704956,0.8007206320762634,0.5975542068481445,0.4717826247215271,0.6265894174575806,0.5010961890220642,0.5396347045898438,0.608983039855957,0.4853448271751404,0.4828604459762573,0.4745115637779236,0.5407631993293762,0.5368494987487793,0.5379544496536255,0.5805525779724121,0.5313891172409058,0.6045681238174438,0.5932737588882446,0.6245096921920776,0.5142496228218079,0.6039201617240906,0.5722256302833557,0.7351492047309875,0.7240787744522095,0.7583128213882446,0.687579333782196,0.6943478584289551,0.6623517274856567,0.8061279058456421,0.699547290802002,0.8109087347984314,0.695313572883606,0.5658387541770935,0.5475150346755981,0.489061176776886,0.613565981388092,0.5613745450973511,0.5635576248168945,0.5126074552536011,0.6505968570709229,0.630308985710144,0.5017539858818054,0.6554161310195923,0.5374394059181213,0.47804951667785645,0.6387646794319153,0.48929768800735474,0.615807294845581,0.5604989528656006,0.5976760387420654,0.613315999507904,0.4935929775238037,0.5689206123352051,0.542199969291687,0.5997710227966309,0.6086626052856445,0.5510960817337036,0.5725272297859192,0.6131365299224854,0.5866228938102722,0.5576542615890503,0.555046796798706,0.5923925638198853,0.5944485664367676,0.6199458837509155,0.6435935497283936,0.5650073289871216,0.5785001516342163,0.5630308389663696,0.6153953075408936,0.5139528512954712,0.5338972806930542,0.5322245359420776,0.5321979522705078,0.5762918591499329,0.5060580968856812,0.6288021802902222,0.558364748954773,0.6083214282989502,0.5841159820556641,0.5931310653686523,0.562005877494812,0.7754613757133484,0.5569202899932861,0.5877883434295654,0.7305192947387695,0.648017168045044,0.6199021339416504,0.5915523171424866,0.6240373849868774,0.5311853885650635,0.6423424482345581,0.6021371483802795,0.6856855154037476,0.5534840822219849,0.5997151136398315,0.5643321871757507,0.5709030032157898,0.619745671749115,0.5037698745727539,0.6167739629745483,0.7131969928741455
Arson#6,0.3528974652290344,0.26361003518104553,0.3325018882751465,0.305392324924469,0.46805810928344727,0.2687465250492096,0.37607309222221375,0.27302050590515137,0.23204001784324646,0.45561566948890686,0.6086127758026123,0.4475966989994049,0.5559085607528687,0.43813568353652954,0.49140048027038574,0.5656856298446655,0.5847823023796082,0.528977632522583,0.48243170976638794,0.41165024042129517,0.7634412050247192,0.545360803604126,0.45107293128967285,0.559597373008728,0.5647237300872803,0.6630764007568359,0.6170840263366699,0.6201286911964417,0.5790048837661743,0.6009843349456787,0.776799201965332,0.7057880163192749,0.6538450121879578,0.6951555013656616,0.6398605704307556,0.6888740062713623,0.9999998807907104,0.6609570980072021,0.6954325437545776,0.7072741985321045,0.5448711514472961,0.46897566318511963,0.5445325374603271,0.4343399405479431,0.5231965780258179,0.6194659471511841,0.45552656054496765,0.43013450503349304,0.44507911801338196,0.5267816781997681,0.6791267395019531,0.5759291052818298,0.5498470067977905,0.575206995010376,0.644533634185791,0.6514489054679871,0.6296491026878357,0.53082275390625,0.6425795555114746,0.6142517924308777,0.6584700345993042,0.6173734664916992,0.679399847984314,0.6447794437408447,0.6415627002716064,0.6841984987258911,0.7450371384620667,0.6550970077514648,0.7150929570198059,0.6953083872795105,0.5172558426856995,0.4848845601081848,0.4265097379684448,0.5408148765563965,0.4684407114982605,0.4961446225643158,0.533079981803894,0.57160484790802,0.5378178358078003,0.42626452445983887,0.5388592481613159,0.5607540011405945,0.4712340235710144,0.5431487560272217,0.5021808743476868,0.5609213709831238,0.5427221059799194,0.5908911228179932,0.6642030477523804,0.5275945663452148,0.5398762822151184,0.5007209181785583,0.6000946164131165,0.6062778830528259,0.5784332156181335,0.5760365724563599,0.568690299987793,0.5788298845291138,0.5981451869010925,0.5569757223129272,0.6429306268692017,0.6208755970001221,0.6056869029998779,0.6382295489311218,0.6368474960327148,0.6157931685447693,0.5922741889953613,0.628071665763855,0.6004691123962402,0.5084578394889832,0.5863281488418579,0.535880982875824,0.6094886064529419,0.5151762962341309,0.6762803196907043,0.5079051852226257,0.5590481162071228,0.6006922721862793,0.6322659850120544,0.545021653175354,0.6490882635116577,0.5480213165283203,0.6189820170402527,0.609971821308136,0.649507999420166,0.6173403263092041,0.5895068645477295,0.6085256934165955,0.499062180519104,0.61907958984375,0.5563241243362427,0.5834100246429443,0.6277276277542114,0.5766677856445312,0.5745986700057983,0.5385074615478516,0.5715535879135132,0.42267462611198425,0.6620715856552124,0.5562665462493896
Arson#7,0.2967379689216614,0.2362847477197647,0.25279179215431213,0.2120225727558136,0.37309959530830383,0.2112445831298828,0.3650825321674347,0.2268701195716858,0.20518192648887634,0.45215457677841187,0.6148324012756348,0.5298813581466675,0.6278063654899597,0.35147392749786377,0.5331773161888123,0.6040489673614502,0.6026233434677124,0.643528163433075,0.5315777063369751,0.44158878922462463,0.6170815229415894,0.48680153489112854,0.3212852478027344,0.5550495386123657,0.5376666784286499,0.582551121711731,0.5178107023239136,0.6223946809768677,0.41842004656791687,0.5780117511749268,0.7396504878997803,0.7023757696151733,0.893619954586029,0.789368748664856,0.7043489217758179,0.8003715872764587,0.6609570980072021,0.9999997615814209,0.719237744808197,0.7770563960075378,0.5962417125701904,0.471750944852829,0.6725168824195862,0.49829456210136414,0.5405087471008301,0.6192916035652161,0.483249306678772,0.492550253868103,0.44567230343818665,0.5366312265396118,0.6421639323234558,0.62911057472229,0.6409261226654053,0.5672589540481567,0.6073615550994873,0.6868999600410461,0.6882227659225464,0.6265084743499756,0.6919125318527222,0.6802296042442322,0.7499946355819702,0.7329448461532593,0.7017462849617004,0.6824425458908081,0.7319751977920532,0.6559591889381409,0.6974345445632935,0.7218063473701477,0.7558960914611816,0.753054141998291,0.5624266266822815,0.6072260737419128,0.43586114048957825,0.6172096729278564,0.5253559947013855,0.4678482115268707,0.5579894185066223,0.6947618722915649,0.5951639413833618,0.5317291021347046,0.7439442276954651,0.6386538743972778,0.4870631694793701,0.7187096476554871,0.5690363645553589,0.6108494400978088,0.6513330936431885,0.6936647891998291,0.6074995398521423,0.5303108096122742,0.627417802810669,0.6116265058517456,0.5897551774978638,0.6238645911216736,0.5331831574440002,0.6189848184585571,0.569495677947998,0.6352357864379883,0.5900932550430298,0.6131173968315125,0.5795979499816895,0.5591980218887329,0.6395288705825806,0.6426149606704712,0.5382362604141235,0.5462215542793274,0.5355393886566162,0.6644359827041626,0.536503791809082,0.4838463068008423,0.582131564617157,0.4898287355899811,0.5618464946746826,0.5395959615707397,0.5875079035758972,0.495738685131073,0.6132334470748901,0.5970398187637329,0.6060084104537964,0.6051459312438965,0.7429181337356567,0.6221531629562378,0.6456275582313538,0.7053806781768799,0.6266986727714539,0.624886691570282,0.6011502742767334,0.6756528615951538,0.500685453414917,0.5681561231613159,0.7159391045570374,0.6708868741989136,0.5289663076400757,0.5850586891174316,0.6422346830368042,0.5844244956970215,0.6427587270736694,0.4024888873100281,0.6157428622245789,0.7977540493011475
Arson#8,0.2090975046157837,0.08286022394895554,0.09218712151050568,0.1251801997423172,0.29353970289230347,0.09029483050107956,0.14484934508800507,0.03841906040906906,0.09511102735996246,0.30340537428855896,0.7468551397323608,0.6738728284835815,0.8080950975418091,0.4456811547279358,0.6580650210380554,0.7733864784240723,0.7853425145149231,0.7385587692260742,0.6685208082199097,0.5359793305397034,0.7297778129577637,0.5805070996284485,0.31238847970962524,0.6280441880226135,0.7148638963699341,0.6603236794471741,0.6662092208862305,0.7149155735969543,0.5406789779663086,0.6932398080825806,0.8783414959907532,0.861070990562439,0.7956347465515137,0.8584674596786499,0.8659991025924683,0.6972588300704956,0.6954325437545776,0.719237744808197,0.9999998807907104,0.8493908643722534,0.8047491312026978,0.593348503112793,0.7849395871162415,0.5661085844039917,0.6852293014526367,0.7864396572113037,0.6200524568557739,0.5435689687728882,0.5059107542037964,0.6981961727142334,0.7564991116523743,0.8330786228179932,0.75623619556427,0.7511277198791504,0.7275471687316895,0.7471587657928467,0.822299599647522,0.767431914806366,0.8390719294548035,0.7774922251701355,0.8142198920249939,0.6599783897399902,0.687387228012085,0.7219383716583252,0.7660917043685913,0.7413182258605957,0.639006495475769,0.6628475189208984,0.7441456317901611,0.7402963042259216,0.7092850208282471,0.6368047595024109,0.4858509600162506,0.658929705619812,0.553504228591919,0.5051313638687134,0.7040207386016846,0.652867317199707,0.6229727268218994,0.6154466867446899,0.6992814540863037,0.6368628740310669,0.5746550559997559,0.6696935296058655,0.6485722661018372,0.5618842244148254,0.7241488099098206,0.7160447835922241,0.6661466360092163,0.5973080396652222,0.8257341384887695,0.7355589866638184,0.6633166074752808,0.7533252239227295,0.6918851137161255,0.7961606979370117,0.7376539707183838,0.8227905035018921,0.8013383746147156,0.7876161336898804,0.7533940076828003,0.7868579626083374,0.7874094247817993,0.8224787712097168,0.7418715953826904,0.7507162690162659,0.7043721675872803,0.8021212816238403,0.7360385656356812,0.5771317481994629,0.744218111038208,0.6659992933273315,0.7496334314346313,0.7177978754043579,0.7580020427703857,0.515762448310852,0.6600291132926941,0.7268878221511841,0.7809876203536987,0.5686454772949219,0.7445257902145386,0.6697324514389038,0.8153889179229736,0.7268656492233276,0.7138702869415283,0.731587290763855,0.7312180995941162,0.7934372425079346,0.5943056344985962,0.6856160163879395,0.7086336016654968,0.7778363227844238,0.624859094619751,0.7494183778762817,0.6149148941040039,0.3951531946659088,0.6630364656448364,0.1956765353679657,0.8174143433570862,0.6243141293525696
Arson#9,0.26551029086112976,0.1182805597782135,0.13902166485786438,0.13289302587509155,0.3099963665008545,0.14341947436332703,0.2141539752483368,0.11613155901432037,0.10780519247055054,0.4022795557975769,0.6787406206130981,0.6321549415588379,0.7939519882202148,0.36071252822875977,0.5913741588592529,0.8072447776794434,0.7289526462554932,0.7101728916168213,0.6031689047813416,0.4647873640060425,0.7276355028152466,0.508553147315979,0.302428662776947,0.5808404684066772,0.6900282502174377,0.6667114496231079,0.6374565362930298,0.7245248556137085,0.5101420879364014,0.6448523998260498,0.8793866634368896,0.8616856336593628,0.846022367477417,0.8635597229003906,0.901778519153595,0.8007206320762634,0.7072741985321045,0.7770563960075378,0.8493908643722534,0.9999998807907104,0.7686057090759277,0.5204377770423889,0.8000640869140625,0.5305259227752686,0.6295850276947021,0.7438263893127441,0.5446213483810425,0.4841226637363434,0.44664621353149414,0.5905811786651611,0.7045693397521973,0.7174201011657715,0.7585476040840149,0.7088876366615295,0.6842197179794312,0.7636876106262207,0.829890251159668,0.7451561689376831,0.7446099519729614,0.7635751962661743,0.7954534292221069,0.763518214225769,0.7347588539123535,0.7827422618865967,0.7728774547576904,0.6917625665664673,0.7520973086357117,0.6832491159439087,0.7919837832450867,0.7602905035018921,0.668190598487854,0.589077353477478,0.4702746570110321,0.6812979578971863,0.5731563568115234,0.521647572517395,0.6160521507263184,0.655328631401062,0.6486543416976929,0.5577044486999512,0.736416220664978,0.5880394577980042,0.5911221504211426,0.6540203094482422,0.6202939748764038,0.5871069431304932,0.7216947078704834,0.6832740902900696,0.6803135871887207,0.5963248610496521,0.7546262741088867,0.6557962894439697,0.6142895221710205,0.771355390548706,0.6535017490386963,0.7358070611953735,0.708219051361084,0.7488964796066284,0.7157482504844666,0.7464004755020142,0.6908459067344666,0.7083580493927002,0.7177464962005615,0.7793856859207153,0.6686830520629883,0.691257894039154,0.6283719539642334,0.7397067546844482,0.6205438375473022,0.5448522567749023,0.6739333868026733,0.5979870557785034,0.6912787556648254,0.6712073683738708,0.7407776117324829,0.5006063580513,0.7049355506896973,0.6790903806686401,0.7700937390327454,0.5548230409622192,0.8246540427207947,0.6353400945663452,0.765060305595398,0.821406364440918,0.7235338687896729,0.71793133020401,0.675521969795227,0.7324705719947815,0.5287522077560425,0.7306404113769531,0.697039783000946,0.8213186264038086,0.5754469633102417,0.7130721807479858,0.6001574397087097,0.4257633686065674,0.6416550874710083,0.2595939636230469,0.7796112298965454,0.7238507270812988
Assault#0,0.20841915905475616,0.08963598310947418,0.08216416835784912,0.13420370221138,0.2863854467868805,0.10968256741762161,0.13645906746387482,0.04161376133561134,0.0804295688867569,0.29677289724349976,0.8409304618835449,0.8075217008590698,0.9248052835464478,0.4568181335926056,0.8194866180419922,0.852222204208374,0.8626697063446045,0.862206220626831,0.8109188079833984,0.7137482762336731,0.7402688264846802,0.6128755807876587,0.3431978225708008,0.6525870561599731,0.778984546661377,0.7121925354003906,0.7693226337432861,0.7480456233024597,0.5634373426437378,0.7353993654251099,0.7431298494338989,0.7289409637451172,0.6601434946060181,0.7773892879486084,0.8184170722961426,0.5975542068481445,0.5448711514472961,0.5962417125701904,0.8047491312026978,0.7686057090759277,1.000000238418579,0.7336428165435791,0.8636423349380493,0.7268997430801392,0.8148665428161621,0.8763138055801392,0.8166983723640442,0.7245387434959412,0.6750677824020386,0.7641653418540955,0.7649168372154236,0.8066144585609436,0.7757439017295837,0.6981192827224731,0.6997138857841492,0.7563539743423462,0.8485144376754761,0.7539418339729309,0.8061375617980957,0.7540965676307678,0.7180267572402954,0.6400370597839355,0.6098328828811646,0.7045887112617493,0.6663446426391602,0.6353540420532227,0.6048685312271118,0.5621840357780457,0.6418469548225403,0.6802970170974731,0.8362506628036499,0.7475482225418091,0.7297301292419434,0.7948094606399536,0.7576406002044678,0.545513391494751,0.782079815864563,0.6838590502738953,0.7297070026397705,0.8030853271484375,0.6967518329620361,0.6246721148490906,0.5860334634780884,0.6749894022941589,0.6495161056518555,0.5754594802856445,0.7280228137969971,0.6952747106552124,0.6576292514801025,0.6223355531692505,0.8430715799331665,0.8272712826728821,0.705312967300415,0.8134514093399048,0.7360931634902954,0.8213494420051575,0.8581991195678711,0.8260526657104492,0.7486236095428467,0.8060595989227295,0.7597878575325012,0.7854370474815369,0.8074548244476318,0.8066273927688599,0.7248694896697998,0.7881059646606445,0.7783826589584351,0.7619372606277466,0.7064818143844604,0.7554452419281006,0.7317768335342407,0.6862324476242065,0.7632144689559937,0.766481876373291,0.7712012529373169,0.5972332954406738,0.7157310247421265,0.7651695013046265,0.8137030005455017,0.6612989902496338,0.7874337434768677,0.7135010957717896,0.797148585319519,0.7676412463188171,0.7222322225570679,0.7885305881500244,0.7214871048927307,0.7870827913284302,0.7198828458786011,0.7501863241195679,0.7519723176956177,0.9032287001609802,0.561864972114563,0.7853876352310181,0.6338686943054199,0.3991643488407135,0.6664915084838867,0.2111474573612213,0.8713595867156982,0.6306218504905701
Assault#1,0.30917322635650635,0.15886718034744263,0.19166938960552216,0.2364283949136734,0.35094505548477173,0.23666009306907654,0.24923831224441528,0.20261910557746887,0.17286521196365356,0.3120551109313965,0.8517429232597351,0.769075334072113,0.7188878059387207,0.6004553437232971,0.9346449375152588,0.6688040494918823,0.7742048501968384,0.7942825555801392,0.8739743232727051,0.8436062335968018,0.6414378881454468,0.5893887877464294,0.3685603737831116,0.6976590752601624,0.6050511598587036,0.6239887475967407,0.7521717548370361,0.5947017073631287,0.5008478164672852,0.6872382164001465,0.5243425965309143,0.5027700662612915,0.4904823899269104,0.6239280700683594,0.5945961475372314,0.4717826247215271,0.46897566318511963,0.471750944852829,0.593348503112793,0.5204377770423889,0.7336428165435791,0.9999998807907104,0.5835126638412476,0.8649754524230957,0.8908627033233643,0.762977123260498,0.8756071329116821,0.8459416627883911,0.8520187139511108,0.8143573999404907,0.6936420202255249,0.6688297986984253,0.5837162733078003,0.5105699300765991,0.6299834251403809,0.5145246982574463,0.6072894334793091,0.5411434769630432,0.6371005773544312,0.5818597674369812,0.6166559457778931,0.4387751817703247,0.4988458752632141,0.5520236492156982,0.5074442028999329,0.6146540641784668,0.4892539978027344,0.558397650718689,0.5157463550567627,0.5500204563140869,0.6654503345489502,0.782532811164856,0.8022823333740234,0.6785320043563843,0.7370690107345581,0.49391990900039673,0.779747486114502,0.5905441045761108,0.5773725509643555,0.8341239094734192,0.47206950187683105,0.601387083530426,0.48803600668907166,0.5394573211669922,0.5945905447006226,0.43361586332321167,0.6636197566986084,0.5857220888137817,0.5785788297653198,0.5163931846618652,0.6409665942192078,0.7324627041816711,0.7260346412658691,0.6336212158203125,0.5776416659355164,0.8187711238861084,0.7296380996704102,0.7099220752716064,0.6003613471984863,0.7039937376976013,0.6517601013183594,0.693124532699585,0.7324450016021729,0.6022452116012573,0.6875881552696228,0.786276638507843,0.7899911403656006,0.6767034530639648,0.6877384185791016,0.8169776201248169,0.5701035261154175,0.5794677734375,0.6417032480239868,0.6271970868110657,0.5716594457626343,0.5637902021408081,0.4704478681087494,0.6325374841690063,0.6331037282943726,0.6666246056556702,0.6134913563728333,0.6723592281341553,0.6838971376419067,0.5143029689788818,0.587810218334198,0.6421451568603516,0.6409364938735962,0.6838415861129761,0.8207211494445801,0.5979773998260498,0.6072145104408264,0.6713507175445557,0.49955475330352783,0.6116118431091309,0.611771821975708,0.4604426920413971,0.545203447341919,0.3270813822746277,0.7105287313461304,0.45947468280792236
Assault#2,0.29711323976516724,0.0696285143494606,0.11950433999300003,0.136955127120018,0.25189676880836487,0.14863064885139465,0.15731152892112732,0.05016249045729637,0.08105064928531647,0.3158659040927887,0.7442607283592224,0.6948277354240417,0.864749550819397,0.3865845203399658,0.6695277690887451,0.8300772905349731,0.7933603525161743,0.7641560435295105,0.6779816150665283,0.5337165594100952,0.7047975063323975,0.5802658796310425,0.3302035331726074,0.6332887411117554,0.7460899949073792,0.6811025142669678,0.6541204452514648,0.727676272392273,0.5537562370300293,0.7141057252883911,0.7303414940834045,0.7374534010887146,0.7309207916259766,0.7667613625526428,0.8227595686912537,0.6265894174575806,0.5445325374603271,0.6725168824195862,0.7849395871162415,0.8000640869140625,0.8636423349380493,0.5835126638412476,0.9999997615814209,0.591170072555542,0.6855375170707703,0.787028431892395,0.6248822808265686,0.5799232125282288,0.4707724452018738,0.6476148962974548,0.7067315578460693,0.7358658313751221,0.7797055244445801,0.6698194146156311,0.6999224424362183,0.7651389837265015,0.8410241007804871,0.7537089586257935,0.7715007066726685,0.7835308313369751,0.715644359588623,0.7125435471534729,0.5816805362701416,0.7587752342224121,0.6854825019836426,0.6056461334228516,0.6244405508041382,0.5772599577903748,0.648711621761322,0.7412174940109253,0.7674098014831543,0.6823980808258057,0.5492326021194458,0.7497425079345703,0.6655392646789551,0.5297236442565918,0.7100026607513428,0.6557759046554565,0.672684371471405,0.6741201877593994,0.8182140588760376,0.6811145544052124,0.6181316375732422,0.7775043249130249,0.74379563331604,0.6345940828323364,0.7730571031570435,0.7737843990325928,0.6610003113746643,0.7242125272750854,0.7954764366149902,0.7563949823379517,0.6320480704307556,0.7804086208343506,0.676598072052002,0.793328046798706,0.7262125611305237,0.7919430732727051,0.7026896476745605,0.7818673849105835,0.6903802156448364,0.7067388892173767,0.7053669691085815,0.7486463785171509,0.6685372591018677,0.685664713382721,0.6577237248420715,0.7348744869232178,0.6040792465209961,0.5812801718711853,0.7133670449256897,0.6222230195999146,0.6856513023376465,0.7385959029197693,0.7039510607719421,0.49654656648635864,0.73187655210495,0.6800845861434937,0.7960220575332642,0.6156991124153137,0.7330076694488525,0.7051299810409546,0.7652143239974976,0.7781956195831299,0.6902634501457214,0.7355251312255859,0.7103905081748962,0.7587929368019104,0.5313814878463745,0.7158850431442261,0.748347818851471,0.8158700466156006,0.5474799871444702,0.716729998588562,0.6505774855613708,0.3834826350212097,0.668444037437439,0.1850842833518982,0.7986331582069397,0.6869970560073853
Assault#3,0.2893065810203552,0.17733731865882874,0.18475063145160675,0.19977018237113953,0.3164326250553131,0.2287953794002533,0.2514705955982208,0.20198576152324677,0.17871302366256714,0.32653307914733887,0.8400906920433044,0.772988498210907,0.7009549140930176,0.5763463973999023,0.9008870720863342,0.6789434552192688,0.7702337503433228,0.817766547203064,0.9278894066810608,0.9213377237319946,0.5759847164154053,0.5482613444328308,0.3647993803024292,0.6254645586013794,0.5866481065750122,0.5995301008224487,0.7501333951950073,0.5604109168052673,0.48687872290611267,0.6794898509979248,0.5074167251586914,0.4636642336845398,0.5037069916725159,0.621687650680542,0.5674992799758911,0.5010961890220642,0.4343399405479431,0.49829456210136414,0.5661085844039917,0.5305259227752686,0.7268997430801392,0.8649754524230957,0.591170072555542,1.0000001192092896,0.9181705713272095,0.6844154000282288,0.8960806131362915,0.8476192951202393,0.9136236310005188,0.817966103553772,0.6269032955169678,0.6134101748466492,0.5542222261428833,0.44142183661460876,0.5587087273597717,0.4935362935066223,0.5998862385749817,0.49437424540519714,0.5764737129211426,0.5179387331008911,0.6044056415557861,0.4929336905479431,0.5087321996688843,0.5484300851821899,0.5012867450714111,0.5267977118492126,0.4874197840690613,0.551014244556427,0.4939059913158417,0.5193039178848267,0.6157240867614746,0.7912681698799133,0.8552687764167786,0.6983110308647156,0.7854906320571899,0.5246992111206055,0.7220848798751831,0.6126387119293213,0.6122426390647888,0.8879289627075195,0.5120952129364014,0.5709026455879211,0.49508872628211975,0.5842950344085693,0.6136525869369507,0.47201400995254517,0.6660745143890381,0.6109278202056885,0.5735161304473877,0.5303036570549011,0.5811586380004883,0.6516082286834717,0.6747907400131226,0.5793002843856812,0.4969733953475952,0.7089943885803223,0.738215446472168,0.650944709777832,0.5263639688491821,0.6217924356460571,0.5918881297111511,0.6389957070350647,0.7051549553871155,0.563022255897522,0.6038801670074463,0.7659791707992554,0.7532559633255005,0.6006207466125488,0.6302821636199951,0.8466091156005859,0.515235424041748,0.5355913043022156,0.5867438316345215,0.5730674862861633,0.5427021980285645,0.5574527382850647,0.513738751411438,0.5841500759124756,0.5553100109100342,0.6382791996002197,0.6426607966423035,0.5836003422737122,0.6246875524520874,0.5245693922042847,0.5328316688537598,0.6193174123764038,0.5947924852371216,0.6436636447906494,0.8743507862091064,0.5532956123352051,0.5430086851119995,0.7025266289710999,0.42176103591918945,0.5965616106987,0.5030108690261841,0.44247597455978394,0.5396876335144043,0.32406851649284363,0.6552836298942566,0.48901817202568054
Assault#4,0.27691981196403503,0.12767209112644196,0.14573432505130768,0.19848641753196716,0.31070947647094727,0.18450331687927246,0.21224281191825867,0.13529172539710999,0.12597514688968658,0.30788832902908325,0.8962947726249695,0.8325400352478027,0.7980660796165466,0.6113035678863525,0.9242357015609741,0.7693475484848022,0.8767215013504028,0.8603653907775879,0.9599694609642029,0.8843408823013306,0.6853016018867493,0.596959114074707,0.35965025424957275,0.6779427528381348,0.6486680507659912,0.6801198124885559,0.8131693005561829,0.6378384828567505,0.5400006771087646,0.7331464290618896,0.6116324663162231,0.585589587688446,0.5723320841789246,0.6993280649185181,0.6971583962440491,0.5396347045898438,0.5231965780258179,0.5405087471008301,0.6852293014526367,0.6295850276947021,0.8148665428161621,0.8908627033233643,0.6855375170707703,0.9181705713272095,0.9999999403953552,0.7902439832687378,0.9138966202735901,0.818352460861206,0.8654147386550903,0.8564406037330627,0.7482359409332275,0.7340341806411743,0.6703822612762451,0.5750724077224731,0.6804122924804688,0.6375476717948914,0.7316226363182068,0.6305795311927795,0.7059522271156311,0.6480726003646851,0.6767150163650513,0.5442269444465637,0.5606328248977661,0.6313780546188354,0.5731267929077148,0.6334472894668579,0.535857081413269,0.5955389142036438,0.5693522691726685,0.6150057315826416,0.6833816170692444,0.7981451749801636,0.8103296756744385,0.7280499339103699,0.7644364833831787,0.5316434502601624,0.774749755859375,0.6495022773742676,0.650235652923584,0.8796919584274292,0.5848063230514526,0.6368294954299927,0.5927351713180542,0.6430209875106812,0.676054835319519,0.5353447198867798,0.7563357353210449,0.6989251375198364,0.6721639633178711,0.6028792262077332,0.7038673162460327,0.7168910503387451,0.7448641061782837,0.7016794085502625,0.592766284942627,0.8058240413665771,0.8113824129104614,0.7688905596733093,0.6389995813369751,0.7478922605514526,0.6653839349746704,0.7210999727249146,0.782856822013855,0.6617048978805542,0.6887844204902649,0.8436856269836426,0.8053545355796814,0.6958228349685669,0.7018364071846008,0.8547784090042114,0.6337969303131104,0.6164571046829224,0.6955559253692627,0.6913094520568848,0.662745475769043,0.5894099473953247,0.5878830552101135,0.6880626678466797,0.7094295024871826,0.6704512238502502,0.7146593332290649,0.6597678661346436,0.7492302656173706,0.6172995567321777,0.6649451851844788,0.718878984451294,0.68540358543396,0.7424051761627197,0.868732213973999,0.666332483291626,0.6446187496185303,0.7783072590827942,0.5132956504821777,0.6836764812469482,0.5783022046089172,0.43321162462234497,0.6015752553939819,0.29011887311935425,0.7675154209136963,0.5293678045272827
Assault#5,0.2719724476337433,0.19858668744564056,0.21258336305618286,0.23597192764282227,0.3685223460197449,0.15472567081451416,0.23733796179294586,0.152371346950531,0.20093190670013428,0.4057551622390747,0.8233065009117126,0.7627345323562622,0.9002749919891357,0.5131044387817383,0.808722198009491,0.8060723543167114,0.8600891828536987,0.8151130676269531,0.7801505327224731,0.6473971009254456,0.798823356628418,0.6485977172851562,0.43679487705230713,0.679976761341095,0.8137830495834351,0.7348617315292358,0.8127367496490479,0.8090765476226807,0.6323297023773193,0.7555193901062012,0.7676419615745544,0.7292777895927429,0.6707453727722168,0.7652586698532104,0.8046677112579346,0.608983039855957,0.6194659471511841,0.6192916035652161,0.7864396572113037,0.7438263893127441,0.8763138055801392,0.762977123260498,0.787028431892395,0.6844154000282288,0.7902439832687378,1.0,0.7435638904571533,0.6718976497650146,0.6418260335922241,0.7648628354072571,0.77126145362854,0.7848639488220215,0.7387002110481262,0.6768460273742676,0.7416080236434937,0.7398985624313354,0.7959052324295044,0.7101937532424927,0.8110389113426208,0.7468745708465576,0.7259095907211304,0.657874584197998,0.6275043487548828,0.7585858106613159,0.6709262132644653,0.6848714351654053,0.6584485769271851,0.6163513660430908,0.6854486465454102,0.726763129234314,0.8322015404701233,0.7750979661941528,0.6657993793487549,0.81197190284729,0.7192479372024536,0.605941891670227,0.7827339172363281,0.684251070022583,0.7480731010437012,0.7089067697525024,0.6345349550247192,0.6549187898635864,0.5662567615509033,0.6539134979248047,0.6551491022109985,0.5963294506072998,0.733137845993042,0.7109310626983643,0.7256765365600586,0.6407474279403687,0.8041579723358154,0.7876356244087219,0.7334225177764893,0.8420761823654175,0.7548670768737793,0.8635403513908386,0.8588575124740601,0.8130955696105957,0.7914316654205322,0.7997931241989136,0.8228742480278015,0.8360272645950317,0.7986767292022705,0.8217242956161499,0.8167481422424316,0.8304710984230042,0.8070818781852722,0.797038197517395,0.763557493686676,0.7444780468940735,0.7163094282150269,0.7396708726882935,0.7613196969032288,0.7563298940658569,0.7958879470825195,0.6319571137428284,0.6693876385688782,0.7444078922271729,0.7973423600196838,0.642643928527832,0.774714469909668,0.7334928512573242,0.7980124950408936,0.7328205108642578,0.7642833590507507,0.7869315147399902,0.7169237732887268,0.7774218320846558,0.67647385597229,0.7782737016677856,0.7368914484977722,0.8324038982391357,0.6144192218780518,0.811959981918335,0.6797289848327637,0.45724719762802124,0.7188300490379333,0.2831176221370697,0.8807964324951172,0.5781224370002747
Assault#6,0.225783109664917,0.12593519687652588,0.13807697594165802,0.1656540185213089,0.3015391230583191,0.1686939150094986,0.18898354470729828,0.12687280774116516,0.12338266521692276,0.26612913608551025,0.8708916902542114,0.8223423361778259,0.7634782791137695,0.561159074306488,0.9159097671508789,0.6886827945709229,0.8119189739227295,0.8585010766983032,0.9146642088890076,0.9237459897994995,0.6250683069229126,0.5801951289176941,0.3257870674133301,0.6309331655502319,0.617079496383667,0.6071633100509644,0.7470605969429016,0.5899658203125,0.4913807213306427,0.6934146881103516,0.538597583770752,0.5217063426971436,0.49721890687942505,0.6218172311782837,0.6077395677566528,0.4853448271751404,0.45552656054496765,0.483249306678772,0.6200524568557739,0.5446213483810425,0.8166983723640442,0.8756071329116821,0.6248822808265686,0.8960806131362915,0.9138966202735901,0.7435638904571533,1.000000238418579,0.8793429136276245,0.8740123510360718,0.8329763412475586,0.6773601770401001,0.6931809186935425,0.6265481114387512,0.5081089735031128,0.6034746170043945,0.5791177153587341,0.6483586430549622,0.5658471584320068,0.652775764465332,0.5701369047164917,0.6179265379905701,0.4914610981941223,0.5063308477401733,0.5512597560882568,0.5045983195304871,0.5862174034118652,0.4672977328300476,0.5222299098968506,0.5012837648391724,0.5303682088851929,0.6652321815490723,0.787442684173584,0.8613286018371582,0.707045316696167,0.7671548128128052,0.4796425700187683,0.7554230690002441,0.6189069747924805,0.6457133293151855,0.9118382930755615,0.5442808270454407,0.5683257579803467,0.4943516254425049,0.5851119756698608,0.5658540725708008,0.4628714323043823,0.6506943702697754,0.6191933751106262,0.5870279669761658,0.5070056915283203,0.6608673930168152,0.6916567087173462,0.7138779163360596,0.6181788444519043,0.5356836318969727,0.7439277172088623,0.7860503196716309,0.7049617767333984,0.5984008312225342,0.6712589859962463,0.6275317668914795,0.6842247247695923,0.7562992572784424,0.6096783876419067,0.6295504570007324,0.7695777416229248,0.8008205890655518,0.6260725855827332,0.6621416807174683,0.8438933491706848,0.569753885269165,0.5658659934997559,0.640629768371582,0.6165899038314819,0.5922009944915771,0.5545241832733154,0.5496784448623657,0.64918053150177,0.6423388719558716,0.6598648428916931,0.6644771099090576,0.6096241474151611,0.6839691400527954,0.5710260272026062,0.6103525161743164,0.6655706167221069,0.6195871829986572,0.7104191780090332,0.8778828978538513,0.6117724180221558,0.5813999772071838,0.7480913400650024,0.44974738359451294,0.6195364594459534,0.5211896896362305,0.41250744462013245,0.5492838621139526,0.2521686851978302,0.7331103086471558,0.5086303949356079
Assault#7,0.23913177847862244,0.1517229974269867,0.17837433516979218,0.1838359534740448,0.3291793465614319,0.18882879614830017,0.2290414422750473,0.1850031614303589,0.13282844424247742,0.2978772521018982,0.8117583990097046,0.702111542224884,0.6754168272018433,0.4985504150390625,0.8624873161315918,0.5859804153442383,0.7019634246826172,0.7974661588668823,0.8157205581665039,0.8478314876556396,0.5590764880180359,0.49483031034469604,0.3204944133758545,0.5921804904937744,0.5473465919494629,0.5551830530166626,0.6614710092544556,0.5331459045410156,0.43632760643959045,0.604729413986206,0.49542486667633057,0.4584144949913025,0.4878873825073242,0.5978395938873291,0.5415247082710266,0.4828604459762573,0.43013450503349304,0.492550253868103,0.5435689687728882,0.4841226637363434,0.7245387434959412,0.8459416627883911,0.5799232125282288,0.8476192951202393,0.818352460861206,0.6718976497650146,0.8793429136276245,1.000000238418579,0.8344306945800781,0.7736660242080688,0.6057018637657166,0.6087193489074707,0.5579028129577637,0.44979411363601685,0.5527790784835815,0.49220848083496094,0.5689816474914551,0.5019258856773376,0.5774003267288208,0.518097996711731,0.6181224584579468,0.4768071472644806,0.5167930126190186,0.5383024215698242,0.519098162651062,0.5573619604110718,0.47468942403793335,0.5408137440681458,0.5156373381614685,0.511360764503479,0.6611367464065552,0.7704793214797974,0.8607886433601379,0.6766676902770996,0.7660739421844482,0.45855069160461426,0.7133549451828003,0.6015867590904236,0.6363685131072998,0.9009724855422974,0.5209442973136902,0.537842869758606,0.4238189160823822,0.5568381547927856,0.5285003781318665,0.438230037689209,0.6011822819709778,0.5795894265174866,0.5231635570526123,0.4755862355232239,0.5679287910461426,0.6415056586265564,0.6422446966171265,0.5747201442718506,0.4934529662132263,0.6741547584533691,0.7013765573501587,0.6181193590164185,0.49898797273635864,0.5966617465019226,0.5780630111694336,0.5946010947227478,0.7067564725875854,0.5475243330001831,0.5504453182220459,0.6735066175460815,0.7279453277587891,0.5974946022033691,0.592705249786377,0.7889761328697205,0.507133424282074,0.4854968786239624,0.5613498687744141,0.552908718585968,0.5321719646453857,0.5238487720489502,0.4742184579372406,0.5914797782897949,0.5622115731239319,0.6986876726150513,0.5863912105560303,0.5827239751815796,0.6070709228515625,0.507784366607666,0.5201601982116699,0.6035526990890503,0.5522490739822388,0.6364001631736755,0.8052932024002075,0.5358532667160034,0.5437028408050537,0.6694062948226929,0.40708014369010925,0.5452370047569275,0.5182451605796814,0.4551411271095276,0.49141961336135864,0.29129093885421753,0.6521921157836914,0.4966101050376892
Assault#8,0.25753578543663025,0.2211824208498001,0.21290543675422668,0.2341115027666092,0.3348281979560852,0.21117126941680908,0.2780865728855133,0.23287171125411987,0.19915331900119781,0.3390904664993286,0.8009054660797119,0.7118434309959412,0.6308256983757019,0.5420483350753784,0.8868795037269592,0.5423156023025513,0.7068324089050293,0.7661802172660828,0.8573778867721558,0.9303464889526367,0.5478624105453491,0.4728778004646301,0.371191143989563,0.5782135725021362,0.5218431949615479,0.559402585029602,0.7326287031173706,0.5152648091316223,0.4474196434020996,0.6028518080711365,0.4589391350746155,0.4198862314224243,0.4250222146511078,0.5821688175201416,0.5010156631469727,0.4745115637779236,0.44507911801338196,0.44567230343818665,0.5059107542037964,0.44664621353149414,0.6750677824020386,0.8520187139511108,0.4707724452018738,0.9136236310005188,0.8654147386550903,0.6418260335922241,0.8740123510360718,0.8344306945800781,1.0,0.7979280948638916,0.6022512912750244,0.5576052069664001,0.48543158173561096,0.40302276611328125,0.5144681334495544,0.43110308051109314,0.5134785175323486,0.4252403676509857,0.5063333511352539,0.44839921593666077,0.5601245164871216,0.4223262667655945,0.4855154752731323,0.4929642379283905,0.46318483352661133,0.5128260850906372,0.4739798903465271,0.5013080835342407,0.4615339934825897,0.4615201950073242,0.550603449344635,0.7059550881385803,0.8552608489990234,0.6383329629898071,0.7588917016983032,0.5289856195449829,0.6747990846633911,0.5934876203536987,0.6223384141921997,0.8408516645431519,0.402163028717041,0.4704996943473816,0.3830106258392334,0.48409175872802734,0.4492931365966797,0.3852483034133911,0.5157314538955688,0.5034997463226318,0.4989642798900604,0.3944300413131714,0.5344243049621582,0.613120973110199,0.6542505025863647,0.5194370746612549,0.48285651206970215,0.6188128590583801,0.7237457036972046,0.5968795418739319,0.4920921325683594,0.5352076292037964,0.5639787316322327,0.609947919845581,0.6979477405548096,0.5222616195678711,0.5557376146316528,0.681938111782074,0.7338623404502869,0.559441328048706,0.6091480255126953,0.8556833863258362,0.46292442083358765,0.4919779896736145,0.5612316131591797,0.5183640718460083,0.5217299461364746,0.552342414855957,0.4507639706134796,0.5852465629577637,0.5226635336875916,0.6248540878295898,0.5910374522209167,0.5190014243125916,0.5686444044113159,0.4670044779777527,0.4788716435432434,0.5644938945770264,0.5233845710754395,0.5599936246871948,0.9156421422958374,0.507759153842926,0.4850781559944153,0.6465654373168945,0.3994784355163574,0.549951434135437,0.4668693244457245,0.4635218381881714,0.4628964364528656,0.3543592691421509,0.6079930067062378,0.42757415771484375
Assault#9,0.21717655658721924,0.11724958568811417,0.1379820555448532,0.19315391778945923,0.3278999626636505,0.12665989995002747,0.1872911900281906,0.10192950069904327,0.12586261332035065,0.2822575569152832,0.8693448901176453,0.7442296147346497,0.7451629638671875,0.6345969438552856,0.8376765251159668,0.6723153591156006,0.793944239616394,0.7702906131744385,0.8591471314430237,0.8090337514877319,0.7014539241790771,0.5912282466888428,0.3974120616912842,0.6368469595909119,0.6212480068206787,0.6350854635238647,0.7712283134460449,0.6379557251930237,0.5547387599945068,0.705579936504364,0.5959795713424683,0.5909098386764526,0.576643705368042,0.6608092784881592,0.6376248598098755,0.5407631993293762,0.5267816781997681,0.5366312265396118,0.6981961727142334,0.5905811786651611,0.7641653418540955,0.8143573999404907,0.6476148962974548,0.817966103553772,0.8564406037330627,0.7648628354072571,0.8329763412475586,0.7736660242080688,0.7979280948638916,1.000000238418579,0.7200167179107666,0.7022928595542908,0.7033404111862183,0.5789772272109985,0.6447768211364746,0.5847718715667725,0.6668291091918945,0.6089179515838623,0.7002561092376709,0.614096999168396,0.6651186943054199,0.5257619023323059,0.5437642931938171,0.5931296348571777,0.5696244239807129,0.6383116245269775,0.5205980539321899,0.5871183276176453,0.5620736479759216,0.6032058000564575,0.6804924011230469,0.7337349653244019,0.7564353942871094,0.6655226945877075,0.7121302485466003,0.548470139503479,0.7639691233634949,0.6007939577102661,0.6207877397537231,0.7938883304595947,0.549437403678894,0.5787360668182373,0.539268434047699,0.588957667350769,0.5729759931564331,0.48523199558258057,0.6584964990615845,0.6172815561294556,0.6076364517211914,0.5257197022438049,0.6914992332458496,0.6595975756645203,0.7306084632873535,0.6649029850959778,0.5690462589263916,0.7756294012069702,0.7718394994735718,0.7623319625854492,0.6766932010650635,0.7031559944152832,0.689246654510498,0.7602086067199707,0.8048601150512695,0.6728366613388062,0.7006310224533081,0.8024805784225464,0.8065263032913208,0.7150192260742188,0.7596362233161926,0.7748798727989197,0.642967700958252,0.609530508518219,0.6870614290237427,0.6637135744094849,0.6645547151565552,0.5152971148490906,0.5552266836166382,0.676138162612915,0.6670323610305786,0.6310707926750183,0.6578831672668457,0.5952048301696777,0.6814589500427246,0.5826384425163269,0.6109733581542969,0.6850110292434692,0.6710740327835083,0.6822038888931274,0.7961173057556152,0.601823091506958,0.6076526641845703,0.7060051560401917,0.5523988008499146,0.6650044322013855,0.5479572415351868,0.419328510761261,0.6154739856719971,0.2768356502056122,0.7497622966766357,0.5123894810676575
Burglary#0,0.1783950924873352,0.00968926027417183,0.0400724783539772,0.12527413666248322,0.26151126623153687,0.06677547842264175,0.11879454553127289,-0.008279127068817616,0.014537515118718147,0.23007094860076904,0.8644475936889648,0.7330132722854614,0.7549984455108643,0.44100892543792725,0.7303935885429382,0.7545686960220337,0.7709493637084961,0.7902781963348389,0.7170698642730713,0.608335018157959,0.8271628022193909,0.5786300897598267,0.2994791269302368,0.6775084733963013,0.6484062671661377,0.6690703630447388,0.7297887802124023,0.6734431982040405,0.5065701007843018,0.6849839687347412,0.6784818172454834,0.6813904643058777,0.6729437708854675,0.7455453276634216,0.7659396529197693,0.5368494987487793,0.6791267395019531,0.6421639323234558,0.7564991116523743,0.7045693397521973,0.7649168372154236,0.6936420202255249,0.7067315578460693,0.6269032955169678,0.7482359409332275,0.77126145362854,0.6773601770401001,0.6057018637657166,0.6022512912750244,0.7200167179107666,1.0000001192092896,0.864385724067688,0.8291230201721191,0.7743605375289917,0.7767189145088196,0.7929863929748535,0.8460777997970581,0.8426622748374939,0.8168617486953735,0.8384055495262146,0.6969249248504639,0.5586005449295044,0.5368038415908813,0.6680967807769775,0.639650821685791,0.6599999070167542,0.5354450941085815,0.5645660161972046,0.5899038314819336,0.6981714963912964,0.6448229551315308,0.6388306021690369,0.5558676719665527,0.6420111656188965,0.5769370198249817,0.4565918445587158,0.6996657848358154,0.6041508913040161,0.5627681016921997,0.6572706699371338,0.6127423048019409,0.6328502893447876,0.5353524684906006,0.605498194694519,0.6272155046463013,0.5286705493927002,0.695008397102356,0.6727167367935181,0.6613578796386719,0.5313919186592102,0.7916494607925415,0.7418375611305237,0.6808133125305176,0.8007746934890747,0.6627697348594666,0.8054660558700562,0.7119157314300537,0.839715838432312,0.7352583408355713,0.8124605417251587,0.7297293543815613,0.753564715385437,0.7871712446212769,0.751510739326477,0.7140048742294312,0.7389553785324097,0.7311657667160034,0.8038758039474487,0.7577241659164429,0.6520626544952393,0.745430052280426,0.6211315393447876,0.737298309803009,0.7333235740661621,0.7358895540237427,0.5074625015258789,0.6483521461486816,0.7421202659606934,0.812476634979248,0.6516841650009155,0.7017449140548706,0.7110380530357361,0.8038011789321899,0.6923186779022217,0.704058051109314,0.7540196180343628,0.7274044752120972,0.7459348440170288,0.6472781896591187,0.6848882436752319,0.7800821661949158,0.7501866817474365,0.6231169700622559,0.7032656669616699,0.6816291213035583,0.4383713901042938,0.5817330479621887,0.19915693998336792,0.8097590804100037,0.6131987571716309
Burglary#1,0.13049399852752686,0.025336142629384995,0.04165903478860855,0.09423551708459854,0.23386406898498535,0.049572382122278214,0.11004629731178284,-0.012780843302607536,0.03521649166941643,0.23291271924972534,0.8187686204910278,0.7419158220291138,0.8039369583129883,0.4209293723106384,0.7111700773239136,0.7752686738967896,0.8000015020370483,0.808851957321167,0.7166552543640137,0.6083011627197266,0.7419888973236084,0.6260623931884766,0.2738840579986572,0.6566289067268372,0.7248290181159973,0.6524823904037476,0.6946145296096802,0.7083901166915894,0.5113769769668579,0.7093618512153625,0.7233718037605286,0.727852463722229,0.6682571172714233,0.7606452703475952,0.7875553369522095,0.5379544496536255,0.5759291052818298,0.62911057472229,0.8330786228179932,0.7174201011657715,0.8066144585609436,0.6688297986984253,0.7358658313751221,0.6134101748466492,0.7340341806411743,0.7848639488220215,0.6931809186935425,0.6087193489074707,0.5576052069664001,0.7022928595542908,0.864385724067688,0.9999998211860657,0.8078535795211792,0.7730751633644104,0.7423453330993652,0.7872124314308167,0.8550529479980469,0.8498826026916504,0.869550883769989,0.8313191533088684,0.7163233757019043,0.5780469179153442,0.5332475900650024,0.6710338592529297,0.6617262363433838,0.6398167610168457,0.5143166780471802,0.5525751113891602,0.5943438410758972,0.6705692410469055,0.694300651550293,0.6710222363471985,0.5381867289543152,0.6660704016685486,0.5785372257232666,0.45713311433792114,0.7006815671920776,0.6504095792770386,0.6025887727737427,0.6793879270553589,0.6361799240112305,0.6086060404777527,0.5359817743301392,0.615928590297699,0.6047927737236023,0.533584475517273,0.6997337341308594,0.6857485771179199,0.6390039920806885,0.5292635560035706,0.8428465127944946,0.7923649549484253,0.6845991611480713,0.8011912703514099,0.6754379868507385,0.8172231912612915,0.7448765635490417,0.8490585088729858,0.7839232683181763,0.8089654445648193,0.7313965559005737,0.7477684020996094,0.7728931307792664,0.7806096076965332,0.7050942182540894,0.733259916305542,0.7120665907859802,0.7980920076370239,0.7534335851669312,0.6373002529144287,0.7611962556838989,0.655958890914917,0.7527621984481812,0.7437280416488647,0.7380090951919556,0.5085409283638,0.6549928784370422,0.7429136037826538,0.8006322383880615,0.647006630897522,0.7250851392745972,0.7376567721366882,0.8131998777389526,0.7134814858436584,0.7092896699905396,0.7861870527267456,0.7119451761245728,0.8018515706062317,0.6365416049957275,0.6899653673171997,0.7445083856582642,0.781543493270874,0.5894091129302979,0.7343118190765381,0.6271802186965942,0.40692150592803955,0.6226760149002075,0.15970143675804138,0.8194395899772644,0.6043274402618408
Burglary#2,0.11650275439023972,-0.014495179057121277,-0.03342548757791519,0.03929987549781799,0.18317025899887085,0.0012697167694568634,0.05619299039244652,-0.06049707531929016,-0.011680468916893005,0.21651706099510193,0.7718892097473145,0.6739824414253235,0.7883095741271973,0.3570646643638611,0.6575565338134766,0.7676709890365601,0.7652236223220825,0.7721602320671082,0.6596207618713379,0.5315975546836853,0.741686224937439,0.530926525592804,0.2527661919593811,0.6093178987503052,0.653974175453186,0.6364505887031555,0.6395518779754639,0.6675631403923035,0.45911461114883423,0.6663302779197693,0.6883639097213745,0.6969213485717773,0.6913180351257324,0.7422820925712585,0.8080021142959595,0.5805525779724121,0.5498470067977905,0.6409261226654053,0.75623619556427,0.7585476040840149,0.7757439017295837,0.5837162733078003,0.7797055244445801,0.5542222261428833,0.6703822612762451,0.7387002110481262,0.6265481114387512,0.5579028129577637,0.48543158173561096,0.7033404111862183,0.8291230201721191,0.8078535795211792,1.0,0.7556730508804321,0.7516376972198486,0.7910130023956299,0.8429782390594482,0.8425607681274414,0.8079367876052856,0.827092170715332,0.7021088600158691,0.601455807685852,0.5370049476623535,0.6659406423568726,0.6503653526306152,0.6200926303863525,0.5268272161483765,0.5388063192367554,0.5834082365036011,0.6727218627929688,0.6264547109603882,0.6032874584197998,0.4894351363182068,0.6339073181152344,0.534775972366333,0.4118584394454956,0.6316457986831665,0.6113413572311401,0.607244610786438,0.6299781799316406,0.7070267200469971,0.5551556348800659,0.5257726907730103,0.6143684983253479,0.5917612314224243,0.5337615013122559,0.6875950694084167,0.6447409987449646,0.6040460467338562,0.5288599133491516,0.8078089952468872,0.7121261358261108,0.6142302751541138,0.8138204216957092,0.5936053991317749,0.7868364453315735,0.688683032989502,0.8204801082611084,0.7287042140960693,0.8238610029220581,0.6792349219322205,0.7069728374481201,0.7529861330986023,0.7357423305511475,0.6469723582267761,0.6733270883560181,0.6543511152267456,0.7620064616203308,0.6705745458602905,0.5551924109458923,0.7097558975219727,0.5556943416595459,0.6838646531105042,0.6848205327987671,0.688021183013916,0.4326668381690979,0.6459518671035767,0.6838663816452026,0.7672396302223206,0.6103044748306274,0.747239351272583,0.6905058026313782,0.8112947940826416,0.7576364278793335,0.7110434174537659,0.7506334781646729,0.7413809299468994,0.7700546383857727,0.56389319896698,0.7078191041946411,0.7256667613983154,0.7716377377510071,0.5500909090042114,0.6533883810043335,0.5895406007766724,0.38635531067848206,0.553345799446106,0.13291379809379578,0.7727810144424438,0.6856679916381836
Burglary#3,0.14345012605190277,-0.02406424656510353,0.04287399724125862,0.17447686195373535,0.29831498861312866,0.047255925834178925,0.05836562439799309,-0.043863359838724136,-0.026905853301286697,0.2217286378145218,0.6674425601959229,0.6433122158050537,0.675168514251709,0.36036455631256104,0.5624886155128479,0.7118180990219116,0.6675821542739868,0.6469247341156006,0.5461256504058838,0.42273348569869995,0.7319676876068115,0.5416613221168518,0.2863005995750427,0.6068255305290222,0.6353973150253296,0.6417330503463745,0.6011505126953125,0.6676389575004578,0.530661940574646,0.6050690412521362,0.6861802339553833,0.7284940481185913,0.630136251449585,0.6969095468521118,0.7414501309394836,0.5313891172409058,0.575206995010376,0.5672589540481567,0.7511277198791504,0.7088876366615295,0.6981192827224731,0.5105699300765991,0.6698194146156311,0.44142183661460876,0.5750724077224731,0.6768460273742676,0.5081089735031128,0.44979411363601685,0.40302276611328125,0.5789772272109985,0.7743605375289917,0.7730751633644104,0.7556730508804321,1.0000001192092896,0.7590934038162231,0.7180799245834351,0.7880054116249084,0.8291987180709839,0.7673370838165283,0.7764562368392944,0.6363041996955872,0.5697773098945618,0.5060478448867798,0.6146013736724854,0.6180463433265686,0.5620241165161133,0.5115002393722534,0.4878075420856476,0.5682262182235718,0.6408641338348389,0.5964293479919434,0.4978064298629761,0.3854294419288635,0.5475192666053772,0.44281989336013794,0.4312516152858734,0.5874932408332825,0.5501668453216553,0.5114279985427856,0.49030253291130066,0.607707142829895,0.5588968396186829,0.5147503614425659,0.5724925994873047,0.5594237446784973,0.5614275932312012,0.6186159253120422,0.6132950186729431,0.5774483680725098,0.5034037232398987,0.7704046368598938,0.6755690574645996,0.6180872321128845,0.7454245686531067,0.6744612455368042,0.7307597398757935,0.6226093769073486,0.8017839193344116,0.7063418030738831,0.7735123038291931,0.6448401212692261,0.6658610105514526,0.6695071458816528,0.7147289514541626,0.6472190618515015,0.6060130596160889,0.5856308937072754,0.7201943397521973,0.6638107299804688,0.47868818044662476,0.7861360311508179,0.6812776923179626,0.7569979429244995,0.75483238697052,0.7566221952438354,0.5234686136245728,0.6954144239425659,0.7990560531616211,0.8153947591781616,0.5923478603363037,0.6852449178695679,0.6529502272605896,0.7961721420288086,0.7415884733200073,0.6539167165756226,0.6901196241378784,0.7259481549263,0.7349839210510254,0.5117925405502319,0.6949225664138794,0.6690912246704102,0.6915022134780884,0.5884186029434204,0.6468536853790283,0.5958229303359985,0.3660469651222229,0.5717485547065735,0.1250160038471222,0.7581366300582886,0.5986137390136719
Burglary#4,0.32933491468429565,0.10825593769550323,0.17989663779735565,0.31511279940605164,0.38056331872940063,0.22382520139217377,0.24356268346309662,0.125117689371109,0.10596829652786255,0.29988473653793335,0.7264022827148438,0.6579577326774597,0.7066897749900818,0.48645979166030884,0.6764310598373413,0.7190243601799011,0.7393364310264587,0.6860009431838989,0.6347543001174927,0.5265806913375854,0.7736165523529053,0.6066951155662537,0.4152824878692627,0.7310820817947388,0.6836552619934082,0.7019191980361938,0.7213248610496521,0.7011897563934326,0.6373844146728516,0.6852002143859863,0.6969712972640991,0.668243408203125,0.6423288583755493,0.6822137236595154,0.7528321743011475,0.6045681238174438,0.644533634185791,0.6073615550994873,0.7275471687316895,0.6842197179794312,0.6997138857841492,0.6299834251403809,0.6999224424362183,0.5587087273597717,0.6804122924804688,0.7416080236434937,0.6034746170043945,0.5527790784835815,0.5144681334495544,0.6447768211364746,0.7767189145088196,0.7423453330993652,0.7516376972198486,0.7590934038162231,1.0,0.6993295550346375,0.7405203580856323,0.7455793619155884,0.7929362654685974,0.8312807679176331,0.6419030427932739,0.55677729845047,0.5274139642715454,0.6965892910957336,0.5744987726211548,0.6121323108673096,0.612233579158783,0.5590619444847107,0.5931587815284729,0.7239879369735718,0.6449127197265625,0.598387598991394,0.5065135359764099,0.6274207830429077,0.5413201451301575,0.5302793979644775,0.6656349897384644,0.5725188255310059,0.5666472911834717,0.5754698514938354,0.6285922527313232,0.6777608394622803,0.5630457401275635,0.6246408820152283,0.6676596999168396,0.6188446283340454,0.7097753286361694,0.6800898313522339,0.6608357429504395,0.5883355736732483,0.740717351436615,0.7019640207290649,0.7930789589881897,0.7921010851860046,0.6747567653656006,0.8003159165382385,0.6948761343955994,0.8305927515029907,0.7352206707000732,0.8292909264564514,0.7059594988822937,0.7166829109191895,0.6516757011413574,0.718278169631958,0.768006443977356,0.7067199945449829,0.6705701351165771,0.7457164525985718,0.6841387152671814,0.5916597843170166,0.7520672678947449,0.70177161693573,0.7535083293914795,0.7416686415672302,0.7658981084823608,0.6109848618507385,0.6539126038551331,0.7421150207519531,0.8246208429336548,0.6663908958435059,0.7312908172607422,0.7487069368362427,0.8476543426513672,0.7512063384056091,0.7373035550117493,0.7403401732444763,0.8308844566345215,0.8100019693374634,0.6121450662612915,0.86430823802948,0.7213019132614136,0.6743823289871216,0.6627457141876221,0.6640068292617798,0.6847118735313416,0.49054449796676636,0.6299175024032593,0.3067288398742676,0.7453519701957703,0.6090432405471802
Burglary#5,0.21998149156570435,0.08897369354963303,0.11872047930955887,0.15782228112220764,0.2994590997695923,0.10394623875617981,0.21590274572372437,0.04643041640520096,0.07468417286872864,0.3230723738670349,0.693475604057312,0.6620360612869263,0.7601091265678406,0.37595802545547485,0.5795999765396118,0.7842484712600708,0.7439568042755127,0.7154921889305115,0.6121482849121094,0.4660452604293823,0.7322653532028198,0.5547128319740295,0.2775595188140869,0.5743706226348877,0.6747679710388184,0.6834975481033325,0.6481863260269165,0.691288948059082,0.5113779902458191,0.646701455116272,0.7279584407806396,0.7157858610153198,0.6736564636230469,0.6995658278465271,0.7960814237594604,0.5932737588882446,0.6514489054679871,0.6868999600410461,0.7471587657928467,0.7636876106262207,0.7563539743423462,0.5145246982574463,0.7651389837265015,0.4935362935066223,0.6375476717948914,0.7398985624313354,0.5791177153587341,0.49220848083496094,0.43110308051109314,0.5847718715667725,0.7929863929748535,0.7872124314308167,0.7910130023956299,0.7180799245834351,0.6993295550346375,0.9999998211860657,0.8746046423912048,0.8035596609115601,0.8080967664718628,0.8279173374176025,0.6388047933578491,0.6640466451644897,0.5787701606750488,0.678922176361084,0.6198785305023193,0.5794214606285095,0.582258403301239,0.5489243865013123,0.6095360517501831,0.6670429706573486,0.6374528408050537,0.6139285564422607,0.46857285499572754,0.6551854014396667,0.5461217164993286,0.4862822890281677,0.5939710140228271,0.6313719749450684,0.6204375624656677,0.5612382888793945,0.6642423272132874,0.5859313607215881,0.5326886177062988,0.6011502742767334,0.5742244124412537,0.5434287190437317,0.6753255128860474,0.64715576171875,0.6686891317367554,0.5706710815429688,0.7329100370407104,0.639474630355835,0.6087000370025635,0.7840691804885864,0.6213148832321167,0.7005532383918762,0.6685980558395386,0.7464264631271362,0.685086190700531,0.7397546768188477,0.6558983325958252,0.6804202795028687,0.6591364145278931,0.710767388343811,0.6061527132987976,0.6451021432876587,0.6270272731781006,0.6839613914489746,0.6168032884597778,0.5410540103912354,0.684009313583374,0.5967502593994141,0.6975815892219543,0.6900064945220947,0.7135722637176514,0.47820520401000977,0.7198269367218018,0.6727347373962402,0.7790478467941284,0.5581785440444946,0.7726495265960693,0.6290727257728577,0.7299750447273254,0.7537647485733032,0.819703221321106,0.7154372930526733,0.6553520560264587,0.7316968441009521,0.5174322128295898,0.7031369209289551,0.7512196898460388,0.7664365172386169,0.5583738684654236,0.7115232348442078,0.6068841814994812,0.41193678975105286,0.6280561089515686,0.20845864713191986,0.7672974467277527,0.6758303046226501
Burglary#6,0.19706591963768005,0.03394617512822151,0.06343550235033035,0.11800657957792282,0.25842005014419556,0.06604766100645065,0.1413138508796692,-0.002184726297855377,0.029763786122202873,0.29484111070632935,0.7757927179336548,0.7116034030914307,0.8398022055625916,0.394928902387619,0.6798573732376099,0.8736594915390015,0.8167738914489746,0.8005934953689575,0.7111353874206543,0.5551198720932007,0.768890917301178,0.5716288089752197,0.29585790634155273,0.6519485712051392,0.7183723449707031,0.7322392463684082,0.7262954115867615,0.7464393973350525,0.540885329246521,0.7111996412277222,0.7807689905166626,0.7992978692054749,0.7179437875747681,0.7992852330207825,0.8718211650848389,0.6245096921920776,0.6296491026878357,0.6882227659225464,0.822299599647522,0.829890251159668,0.8485144376754761,0.6072894334793091,0.8410241007804871,0.5998862385749817,0.7316226363182068,0.7959052324295044,0.6483586430549622,0.5689816474914551,0.5134785175323486,0.6668291091918945,0.8460777997970581,0.8550529479980469,0.8429782390594482,0.7880054116249084,0.7405203580856323,0.8746046423912048,0.9999998807907104,0.8603411316871643,0.8386853933334351,0.8485206365585327,0.7212608456611633,0.6930435299873352,0.6378858089447021,0.7066461443901062,0.6981629133224487,0.6448194980621338,0.5985082387924194,0.5894748568534851,0.6725882291793823,0.6970854997634888,0.6915496587753296,0.6631960272789001,0.5456372499465942,0.713025689125061,0.6251938343048096,0.4857749342918396,0.6797362565994263,0.662739634513855,0.6518294811248779,0.6627259254455566,0.7285576462745667,0.6149117946624756,0.618134617805481,0.6849888563156128,0.6477386355400085,0.600528359413147,0.7516484260559082,0.7195218801498413,0.685218095779419,0.6137938499450684,0.8167693614959717,0.7427933812141418,0.6328718662261963,0.8346236348152161,0.6782546043395996,0.7965301871299744,0.744605541229248,0.8345105051994324,0.7157309055328369,0.8245054483413696,0.7086448669433594,0.7280689477920532,0.7476197481155396,0.7834540605545044,0.6784484386444092,0.7274754047393799,0.6932351589202881,0.7578827738761902,0.6688286066055298,0.6187063455581665,0.7690916061401367,0.634951114654541,0.7794468998908997,0.7718911170959473,0.7931985259056091,0.5365176200866699,0.7714953422546387,0.7408814430236816,0.8551092743873596,0.6260385513305664,0.8144166469573975,0.7093421816825867,0.8379716873168945,0.8198201656341553,0.7586992383003235,0.7864387035369873,0.723599910736084,0.8100458383560181,0.602284848690033,0.7376714944839478,0.7439314126968384,0.8452317714691162,0.5810635089874268,0.7264496088027954,0.606667160987854,0.362739622592926,0.6499879360198975,0.16524142026901245,0.8421438932418823,0.6780245304107666
Burglary#7,0.06594481319189072,-0.092428058385849,-0.05341872200369835,0.028798453509807587,0.15644901990890503,-0.05501806363463402,0.0008485913276672363,-0.13059303164482117,-0.09009110182523727,0.15589486062526703,0.7315747737884521,0.712926983833313,0.7538459897041321,0.33251625299453735,0.6083285808563232,0.775841236114502,0.7337247133255005,0.748119056224823,0.6106656789779663,0.4672836661338806,0.7070729732513428,0.5224030017852783,0.1877339780330658,0.5768720507621765,0.6272282004356384,0.6027745008468628,0.5860931873321533,0.6381127834320068,0.4249534606933594,0.6153014898300171,0.6732229590415955,0.6995036005973816,0.6734334826469421,0.7103908061981201,0.7838363647460938,0.5142496228218079,0.53082275390625,0.6265084743499756,0.767431914806366,0.7451561689376831,0.7539418339729309,0.5411434769630432,0.7537089586257935,0.49437424540519714,0.6305795311927795,0.7101937532424927,0.5658471584320068,0.5019258856773376,0.4252403676509857,0.6089179515838623,0.8426622748374939,0.8498826026916504,0.8425607681274414,0.8291987180709839,0.7455793619155884,0.8035596609115601,0.8603411316871643,1.000000238418579,0.8093446493148804,0.8750227689743042,0.6673024892807007,0.5979518890380859,0.498858243227005,0.6410895586013794,0.6378276348114014,0.5947307348251343,0.4829093813896179,0.4937334954738617,0.561640739440918,0.6582089066505432,0.6052813529968262,0.5648153424263,0.4205327332019806,0.5791857838630676,0.47413408756256104,0.4004192650318146,0.5854552984237671,0.6010542511940002,0.5323876738548279,0.5801496505737305,0.6831728219985962,0.5509992241859436,0.5299872756004333,0.610805869102478,0.5818427801132202,0.4994138479232788,0.6649062037467957,0.6471397876739502,0.5754449367523193,0.5245158672332764,0.8406293392181396,0.7069649696350098,0.591093897819519,0.8170242309570312,0.6308002471923828,0.7744074463844299,0.6404571533203125,0.8429958820343018,0.7298580408096313,0.8540784120559692,0.6514300107955933,0.6747143864631653,0.7090880870819092,0.7283905148506165,0.6118646860122681,0.622649073600769,0.5888873934745789,0.7397431135177612,0.6558603644371033,0.4978908896446228,0.7624911665916443,0.5801299214363098,0.7002354264259338,0.731692910194397,0.6919167041778564,0.42396241426467896,0.7086926102638245,0.7172571420669556,0.8094667196273804,0.5958303809165955,0.7038246989250183,0.7001694440841675,0.8138903975486755,0.7776080369949341,0.7011682987213135,0.7392364740371704,0.6902122497558594,0.7590799331665039,0.5167334079742432,0.696761429309845,0.7460817098617554,0.7518025636672974,0.530823826789856,0.6506277322769165,0.6161919832229614,0.33616381883621216,0.5399655103683472,0.04662613570690155,0.774540364742279,0.6667333245277405
Burglary#8,0.20929944515228271,0.10197442770004272,0.12398022413253784,0.18271562457084656,0.343279629945755,0.11843511462211609,0.18190816044807434,0.05923266336321831,0.11104938387870789,0.29852473735809326,0.7722582817077637,0.7416583299636841,0.8060150146484375,0.45739296078681946,0.6886004209518433,0.7845008969306946,0.8077093958854675,0.7556745409965515,0.6919838190078735,0.5402777194976807,0.764872133731842,0.6435802578926086,0.3294450044631958,0.628223717212677,0.708295464515686,0.6911244988441467,0.6763227581977844,0.713120698928833,0.5364058017730713,0.7187364101409912,0.7514358758926392,0.7478102445602417,0.7264237403869629,0.7520725727081299,0.7810104489326477,0.6039201617240906,0.6425795555114746,0.6919125318527222,0.8390719294548035,0.7446099519729614,0.8061375617980957,0.6371005773544312,0.7715007066726685,0.5764737129211426,0.7059522271156311,0.8110389113426208,0.652775764465332,0.5774003267288208,0.5063333511352539,0.7002561092376709,0.8168617486953735,0.869550883769989,0.8079367876052856,0.7673370838165283,0.7929362654685974,0.8080967664718628,0.8386853933334351,0.8093446493148804,1.0,0.8133793473243713,0.7119558453559875,0.6271577477455139,0.5866605639457703,0.6836702823638916,0.6684025526046753,0.6674730777740479,0.5980789661407471,0.6027649641036987,0.6414870023727417,0.7600507736206055,0.7309888005256653,0.6870142817497253,0.5198545455932617,0.6947530508041382,0.5805469751358032,0.47774773836135864,0.6945968866348267,0.6804449558258057,0.6145213842391968,0.6285702586174011,0.6957458853721619,0.6822695136070251,0.5813005566596985,0.6770482063293457,0.6752063035964966,0.6130591630935669,0.7441753149032593,0.7229831218719482,0.6931495666503906,0.6044735312461853,0.8158658742904663,0.773151695728302,0.7037862539291382,0.8140215873718262,0.6886478066444397,0.8304587006568909,0.7264071702957153,0.8292734622955322,0.7818425297737122,0.8296889066696167,0.7293381690979004,0.7259632349014282,0.7239723801612854,0.7872906923294067,0.7387512922286987,0.7358092069625854,0.6721131801605225,0.7773310542106628,0.7153052091598511,0.5674948692321777,0.7670202851295471,0.6913117170333862,0.7547854781150818,0.7377260327339172,0.7504926919937134,0.5545976161956787,0.6672009229660034,0.7536196708679199,0.7889882922172546,0.6336135268211365,0.7736082673072815,0.7475317120552063,0.799703061580658,0.7615591287612915,0.7668591141700745,0.8201223015785217,0.7837787866592407,0.836076021194458,0.5769671201705933,0.7323377132415771,0.8281949758529663,0.7767236232757568,0.6479635238647461,0.7603796720504761,0.7089238166809082,0.4828435480594635,0.7266908884048462,0.2700221836566925,0.8393192291259766,0.668950080871582
Burglary#9,0.2436654269695282,0.05048578605055809,0.10217106342315674,0.1986888349056244,0.27355432510375977,0.13079138100147247,0.19814926385879517,0.038096893578767776,0.05029985308647156,0.28938621282577515,0.7318813800811768,0.6673022508621216,0.7617112398147583,0.39888066053390503,0.635478675365448,0.7915221452713013,0.7560521364212036,0.7376600503921509,0.6138855218887329,0.47512876987457275,0.7602410316467285,0.5783838033676147,0.2988206744194031,0.7012907266616821,0.6999728679656982,0.6935843229293823,0.6630477905273438,0.7017859816551208,0.5462822914123535,0.6927034258842468,0.7198544144630432,0.6989502906799316,0.7115216255187988,0.7526648044586182,0.8115075826644897,0.5722256302833557,0.6142517924308777,0.6802296042442322,0.7774922251701355,0.7635751962661743,0.7540965676307678,0.5818597674369812,0.7835308313369751,0.5179387331008911,0.6480726003646851,0.7468745708465576,0.5701369047164917,0.518097996711731,0.44839921593666077,0.614096999168396,0.8384055495262146,0.8313191533088684,0.827092170715332,0.7764562368392944,0.8312807679176331,0.8279173374176025,0.8485206365585327,0.8750227689743042,0.8133793473243713,0.9999997615814209,0.6913827657699585,0.6335310935974121,0.5567144155502319,0.716477632522583,0.6643059253692627,0.6324342489242554,0.5908411741256714,0.5683645009994507,0.6168380975723267,0.7344433069229126,0.6660487651824951,0.5973942875862122,0.44957399368286133,0.6399728059768677,0.5139878988265991,0.4886355400085449,0.6525436639785767,0.6527917981147766,0.580448567867279,0.5764634609222412,0.6975647211074829,0.6500428915023804,0.548750638961792,0.6352468729019165,0.6568624973297119,0.5592526793479919,0.7307629585266113,0.6860653162002563,0.6318895816802979,0.5940359830856323,0.8069970607757568,0.7644612193107605,0.6792513132095337,0.8186008930206299,0.6818524599075317,0.8115365505218506,0.666265606880188,0.8444352746009827,0.7405651211738586,0.8620554208755493,0.6922998428344727,0.7067643404006958,0.6951503753662109,0.7426089644432068,0.6894902586936951,0.6684700846672058,0.6316413879394531,0.7780420780181885,0.669230580329895,0.5344405174255371,0.788044273853302,0.6269807815551758,0.7307690382003784,0.7652078866958618,0.738928496837616,0.508373498916626,0.7050065398216248,0.7211987972259521,0.8507729768753052,0.6262743473052979,0.7455698251724243,0.7635916471481323,0.8472793102264404,0.7835096120834351,0.7497024536132812,0.7355619668960571,0.7924131155014038,0.7977684736251831,0.5348690748214722,0.7633458375930786,0.7830812931060791,0.7453421354293823,0.6195119619369507,0.6708059310913086,0.6922088861465454,0.43634161353111267,0.6085827350616455,0.19813653826713562,0.7675801515579224,0.6575334072113037
Explosion#0,0.2166357785463333,0.09862811863422394,0.14426462352275848,0.12104573100805283,0.27126064896583557,0.11505360156297684,0.1939479261636734,0.11868858337402344,0.10091138631105423,0.3262505531311035,0.731708288192749,0.6058069467544556,0.7284026741981506,0.41847527027130127,0.6515297889709473,0.6449538469314575,0.6812677383422852,0.7180770635604858,0.6483172178268433,0.5623921155929565,0.6701028943061829,0.47452062368392944,0.27726036310195923,0.60945063829422,0.5915274620056152,0.5997711420059204,0.6200142502784729,0.6547629833221436,0.44312959909439087,0.6358468532562256,0.7999365329742432,0.7635229229927063,0.7932271957397461,0.849335789680481,0.787386953830719,0.7351492047309875,0.6584700345993042,0.7499946355819702,0.8142198920249939,0.7954534292221069,0.7180267572402954,0.6166559457778931,0.715644359588623,0.6044056415557861,0.6767150163650513,0.7259095907211304,0.6179265379905701,0.6181224584579468,0.5601245164871216,0.6651186943054199,0.6969249248504639,0.7163233757019043,0.7021088600158691,0.6363041996955872,0.6419030427932739,0.6388047933578491,0.7212608456611633,0.6673024892807007,0.7119558453559875,0.6913827657699585,1.0000001192092896,0.6987525224685669,0.7647261023521423,0.7912144660949707,0.881369411945343,0.8131519556045532,0.7355007529258728,0.7866618633270264,0.8356372117996216,0.7949247360229492,0.6602935791015625,0.6357289552688599,0.5325301885604858,0.6359502077102661,0.574905276298523,0.48052865266799927,0.6704766750335693,0.6599320769309998,0.5991322994232178,0.6398818492889404,0.7063837051391602,0.6109480857849121,0.5573939085006714,0.6848076581954956,0.6142807006835938,0.5672274231910706,0.7089259624481201,0.7277224063873291,0.6942979097366333,0.582116961479187,0.7167314291000366,0.6891691088676453,0.6278592944145203,0.7015550136566162,0.6094763875007629,0.746433675289154,0.6654586791992188,0.7370657920837402,0.6740243434906006,0.7299567461013794,0.7049627304077148,0.7212053537368774,0.796160876750946,0.7556841373443604,0.6652045249938965,0.7082451581954956,0.6751283407211304,0.7880508303642273,0.6947661638259888,0.589722752571106,0.6454626321792603,0.559657096862793,0.6344500780105591,0.650215744972229,0.6495364904403687,0.48608267307281494,0.6077320575714111,0.6567087173461914,0.6821770071983337,0.6133835911750793,0.6835636496543884,0.6589564085006714,0.7461482286453247,0.677941083908081,0.6130825877189636,0.6654770970344543,0.6430459022521973,0.718890905380249,0.592438817024231,0.6000654101371765,0.6892106533050537,0.7348589897155762,0.5510083436965942,0.6624175906181335,0.6580842733383179,0.4904952347278595,0.568647563457489,0.2534601390361786,0.7476411461830139,0.642754077911377
Explosion#1,0.2856241464614868,0.243117094039917,0.2918229401111603,0.247184157371521,0.35939425230026245,0.17013832926750183,0.3264840841293335,0.2128978967666626,0.20348379015922546,0.5354338884353638,0.5730885863304138,0.5542815923690796,0.6932862997055054,0.306194543838501,0.5153502225875854,0.6668087244033813,0.6237450838088989,0.6414088606834412,0.5293145775794983,0.43560588359832764,0.6022822856903076,0.4181450605392456,0.36993128061294556,0.48632532358169556,0.6158580183982849,0.5974089503288269,0.551302433013916,0.6493515968322754,0.4430522918701172,0.5811787247657776,0.6944040656089783,0.6940125226974487,0.7091408967971802,0.7204896211624146,0.7184939384460449,0.7240787744522095,0.6173734664916992,0.7329448461532593,0.6599783897399902,0.763518214225769,0.6400370597839355,0.4387751817703247,0.7125435471534729,0.4929336905479431,0.5442269444465637,0.657874584197998,0.4914610981941223,0.4768071472644806,0.4223262667655945,0.5257619023323059,0.5586005449295044,0.5780469179153442,0.601455807685852,0.5697773098945618,0.55677729845047,0.6640466451644897,0.6930435299873352,0.5979518890380859,0.6271577477455139,0.6335310935974121,0.6987525224685669,1.0,0.6577761173248291,0.7428808212280273,0.7315149903297424,0.615953803062439,0.7718566060066223,0.6688029766082764,0.7374546527862549,0.7028549909591675,0.6150504350662231,0.5981682538986206,0.4676482379436493,0.6590214371681213,0.5885692834854126,0.5665318965911865,0.5884664058685303,0.705274224281311,0.6622711420059204,0.5370525121688843,0.7348326444625854,0.5147051811218262,0.5279113054275513,0.6716688275337219,0.5082182884216309,0.6188874840736389,0.6305374503135681,0.661893367767334,0.6946536898612976,0.5496968626976013,0.6130549907684326,0.5531280040740967,0.5183150768280029,0.6156291961669922,0.529339611530304,0.5915932655334473,0.6003236174583435,0.5975090265274048,0.5632082223892212,0.5822018384933472,0.5644388198852539,0.5882052183151245,0.5955035090446472,0.6384023427963257,0.5215308666229248,0.5526536107063293,0.5371963977813721,0.6136457324028015,0.49634796380996704,0.4973967671394348,0.5602469444274902,0.5239283442497253,0.5738537311553955,0.5820425152778625,0.6356505155563354,0.5076695680618286,0.6962902545928955,0.584828794002533,0.602226734161377,0.4973793029785156,0.7343872785568237,0.5165442824363708,0.6397622227668762,0.744420051574707,0.6418520212173462,0.5921351909637451,0.5302305221557617,0.5971776247024536,0.4961501359939575,0.6281087398529053,0.6034337282180786,0.7433661222457886,0.4776878356933594,0.6167014837265015,0.5197867155075073,0.45500096678733826,0.5891858339309692,0.30904966592788696,0.6761025190353394,0.6808204650878906
Explosion#2,0.37413889169692993,0.36579430103302,0.37781256437301636,0.32750362157821655,0.44472330808639526,0.2895738184452057,0.44080850481987,0.3574598431587219,0.31469962000846863,0.568813681602478,0.5531620383262634,0.45076072216033936,0.620720386505127,0.43174421787261963,0.5308260917663574,0.59202641248703,0.5736426711082458,0.5929874181747437,0.5225391387939453,0.44528621435165405,0.6360927224159241,0.4801144301891327,0.40998709201812744,0.5630373954772949,0.5504546761512756,0.6312605142593384,0.5814257860183716,0.6690844297409058,0.50571608543396,0.5686320066452026,0.746085524559021,0.6810415983200073,0.6627422571182251,0.700713038444519,0.667465090751648,0.7583128213882446,0.679399847984314,0.7017462849617004,0.687387228012085,0.7347588539123535,0.6098328828811646,0.4988458752632141,0.5816805362701416,0.5087321996688843,0.5606328248977661,0.6275043487548828,0.5063308477401733,0.5167930126190186,0.4855154752731323,0.5437642931938171,0.5368038415908813,0.5332475900650024,0.5370049476623535,0.5060478448867798,0.5274139642715454,0.5787701606750488,0.6378858089447021,0.498858243227005,0.5866605639457703,0.5567144155502319,0.7647261023521423,0.6577761173248291,1.0000001192092896,0.657088041305542,0.7110090255737305,0.7780362367630005,0.7604366540908813,0.8262903690338135,0.8980532884597778,0.621525764465332,0.5791047811508179,0.5626341104507446,0.54173743724823,0.6116487979888916,0.609711766242981,0.5082908868789673,0.5529875159263611,0.705900251865387,0.6804003119468689,0.5231934785842896,0.5581415891647339,0.5307186841964722,0.5221892595291138,0.5936751365661621,0.5058168768882751,0.5207266211509705,0.5843517780303955,0.6096236705780029,0.5955235958099365,0.5375837683677673,0.5105979442596436,0.5257759690284729,0.5628989934921265,0.5943825840950012,0.537711501121521,0.5675997734069824,0.6026387214660645,0.5328773260116577,0.5320476293563843,0.5486189126968384,0.6307626366615295,0.583526611328125,0.6052819490432739,0.6233119964599609,0.5925285816192627,0.6139650344848633,0.6148990988731384,0.6023181080818176,0.5340549945831299,0.529624342918396,0.53192138671875,0.5052449107170105,0.6182592511177063,0.5261963605880737,0.6047735214233398,0.5464997291564941,0.6027650833129883,0.5640667080879211,0.5925943851470947,0.573754072189331,0.6892120242118835,0.5237393975257874,0.6098169088363647,0.6372509002685547,0.5901800394058228,0.581114649772644,0.5172824859619141,0.598758339881897,0.525862991809845,0.5684946775436401,0.5035870671272278,0.6458666324615479,0.5103189945220947,0.556471586227417,0.5310056805610657,0.5402541756629944,0.5596039295196533,0.39971446990966797,0.6111850142478943,0.5429449081420898
Explosion#3,0.356375128030777,0.21447113156318665,0.3319544792175293,0.2772126793861389,0.36375463008880615,0.2813960909843445,0.3093505799770355,0.23792916536331177,0.22388866543769836,0.41839170455932617,0.6804039478302002,0.5821659564971924,0.7199944257736206,0.3700166344642639,0.6115629076957703,0.6884740591049194,0.6673717498779297,0.6628768444061279,0.5820755958557129,0.4878208041191101,0.6995420455932617,0.4650762677192688,0.40173760056495667,0.6061714887619019,0.6643728017807007,0.631009042263031,0.6916780471801758,0.7160584926605225,0.5604601502418518,0.5972765684127808,0.7852436900138855,0.7231162190437317,0.7497485876083374,0.7547053694725037,0.7762477397918701,0.687579333782196,0.6447794437408447,0.6824425458908081,0.7219383716583252,0.7827422618865967,0.7045887112617493,0.5520236492156982,0.7587752342224121,0.5484300851821899,0.6313780546188354,0.7585858106613159,0.5512597560882568,0.5383024215698242,0.4929642379283905,0.5931296348571777,0.6680967807769775,0.6710338592529297,0.6659406423568726,0.6146013736724854,0.6965892910957336,0.678922176361084,0.7066461443901062,0.6410895586013794,0.6836702823638916,0.716477632522583,0.7912144660949707,0.7428808212280273,0.657088041305542,0.9999998807907104,0.7131389379501343,0.6627457141876221,0.7946678400039673,0.7105497717857361,0.7750454545021057,0.8218473196029663,0.7127032279968262,0.566063642501831,0.519306480884552,0.692340612411499,0.6006050109863281,0.5587314963340759,0.620313286781311,0.6203165054321289,0.6529899835586548,0.5505495667457581,0.6986479759216309,0.6827446222305298,0.6138075590133667,0.6732431650161743,0.6643432378768921,0.6933096647262573,0.7203699350357056,0.7552707195281982,0.8151141405105591,0.6659567356109619,0.6832255125045776,0.636599600315094,0.6614172458648682,0.7766216993331909,0.6764127016067505,0.6878283619880676,0.743963897228241,0.7009234428405762,0.6986432075500488,0.6942360401153564,0.7175451517105103,0.7269607782363892,0.7086904048919678,0.749138355255127,0.6984698176383972,0.6930633783340454,0.6609771251678467,0.763573169708252,0.6468557119369507,0.6248241662979126,0.6366111040115356,0.6744881868362427,0.6539615392684937,0.6983665227890015,0.7207797765731812,0.5889996886253357,0.6458920836448669,0.6526034474372864,0.7433132529258728,0.6024582982063293,0.7163150310516357,0.6635929346084595,0.7302930951118469,0.728312611579895,0.6977479457855225,0.720984697341919,0.6483153104782104,0.6947265863418579,0.5515817403793335,0.7496269941329956,0.7022477388381958,0.7664893865585327,0.6305822134017944,0.7594118118286133,0.6952140927314758,0.5023181438446045,0.7080523371696472,0.32983943819999695,0.7200488448143005,0.6015300750732422
Explosion#4,0.1977595090866089,0.1180407851934433,0.13855285942554474,0.11708292365074158,0.2594757676124573,0.10236649215221405,0.19116756319999695,0.12093088030815125,0.10128207504749298,0.3757360577583313,0.6305692791938782,0.5499199032783508,0.7022337317466736,0.32789456844329834,0.5679606199264526,0.6186540126800537,0.6298843622207642,0.6642160415649414,0.5520957708358765,0.4511772692203522,0.6053833961486816,0.4433346688747406,0.2858271598815918,0.5371875762939453,0.5874398350715637,0.5531169772148132,0.5394335389137268,0.6223123073577881,0.40341585874557495,0.5749920010566711,0.7687209248542786,0.7451516389846802,0.7553681135177612,0.8181933760643005,0.7521811723709106,0.6943478584289551,0.6415627002716064,0.7319751977920532,0.7660917043685913,0.7728774547576904,0.6663446426391602,0.5074442028999329,0.6854825019836426,0.5012867450714111,0.5731267929077148,0.6709262132644653,0.5045983195304871,0.519098162651062,0.46318483352661133,0.5696244239807129,0.639650821685791,0.6617262363433838,0.6503653526306152,0.6180463433265686,0.5744987726211548,0.6198785305023193,0.6981629133224487,0.6378276348114014,0.6684025526046753,0.6643059253692627,0.881369411945343,0.7315149903297424,0.7110090255737305,0.7131389379501343,0.9999998807907104,0.7008917331695557,0.7421694993972778,0.7109922170639038,0.7813425064086914,0.7558333277702332,0.6182878017425537,0.5823449492454529,0.44782155752182007,0.609114408493042,0.5255221724510193,0.4731191098690033,0.6049836874008179,0.7086985111236572,0.5983263254165649,0.5556001663208008,0.6721529364585876,0.5513311624526978,0.4903162121772766,0.6425420045852661,0.5476967096328735,0.5322273969650269,0.6463392972946167,0.6546017527580261,0.6003599166870117,0.5203099250793457,0.6904822587966919,0.6555205583572388,0.5494371652603149,0.6547424793243408,0.5892870426177979,0.6703037023544312,0.6183034181594849,0.6663257479667664,0.6414480805397034,0.646478533744812,0.6297891139984131,0.6302006244659424,0.7206721305847168,0.7125084400177002,0.5812411308288574,0.5979263782501221,0.5626270771026611,0.7201458215713501,0.5940353870391846,0.509926438331604,0.6305240392684937,0.5215665102005005,0.600021481513977,0.602954626083374,0.6394863128662109,0.4713960289955139,0.6336302161216736,0.6356709003448486,0.6299515962600708,0.586479902267456,0.6700466275215149,0.607378363609314,0.6875198483467102,0.6692764759063721,0.5949739217758179,0.6063489317893982,0.5981260538101196,0.659004271030426,0.5156940221786499,0.5562825202941895,0.6397601962089539,0.716212272644043,0.49219733476638794,0.5972592830657959,0.5899625420570374,0.4580761194229126,0.5334361791610718,0.23475196957588196,0.7015582919120789,0.6593601703643799
Explosion#5,0.2563976049423218,0.1618087887763977,0.211649090051651,0.1934802383184433,0.3202134370803833,0.16319149732589722,0.24992749094963074,0.17368236184120178,0.1654910147190094,0.3589921295642853,0.6713417172431946,0.5425437688827515,0.6502070426940918,0.48033565282821655,0.5970838069915771,0.5939534902572632,0.6334183216094971,0.6326568126678467,0.5941054821014404,0.5050579309463501,0.6852952241897583,0.5034802556037903,0.33466392755508423,0.6019836664199829,0.5352640151977539,0.6026556491851807,0.6096073389053345,0.614142656326294,0.4668951630592346,0.6191694736480713,0.7345119714736938,0.701034665107727,0.6670377850532532,0.7168928384780884,0.683472752571106,0.6623517274856567,0.6841984987258911,0.6559591889381409,0.7413182258605957,0.6917625665664673,0.6353540420532227,0.6146540641784668,0.6056461334228516,0.5267977118492126,0.6334472894668579,0.6848714351654053,0.5862174034118652,0.5573619604110718,0.5128260850906372,0.6383116245269775,0.6599999070167542,0.6398167610168457,0.6200926303863525,0.5620241165161133,0.6121323108673096,0.5794214606285095,0.6448194980621338,0.5947307348251343,0.6674730777740479,0.6324342489242554,0.8131519556045532,0.615953803062439,0.7780362367630005,0.6627457141876221,0.7008917331695557,0.9999998807907104,0.7019186019897461,0.7813611030578613,0.7982307076454163,0.7141056060791016,0.5965530872344971,0.5615553855895996,0.5065289735794067,0.5615551471710205,0.5440599918365479,0.4386574327945709,0.6390517354011536,0.6273386478424072,0.5667872428894043,0.5562310814857483,0.5998384952545166,0.567750871181488,0.5480280518531799,0.6258166432380676,0.5572154521942139,0.5177150368690491,0.6403329968452454,0.6790683269500732,0.6763607263565063,0.5466826558113098,0.6401004791259766,0.5991469621658325,0.6025021076202393,0.6207871437072754,0.5806897282600403,0.6838886737823486,0.6035768389701843,0.6527504920959473,0.6428468227386475,0.669131875038147,0.6803805828094482,0.6903026700019836,0.7038362622261047,0.6941114068031311,0.678119421005249,0.6828572750091553,0.6868613362312317,0.7295161485671997,0.6813578605651855,0.553391695022583,0.5862740874290466,0.5328208208084106,0.6155753135681152,0.5967157483100891,0.6101211905479431,0.47249600291252136,0.5210003852844238,0.5921262502670288,0.6391830444335938,0.5394582748413086,0.6127979755401611,0.5720670223236084,0.695864200592041,0.6001293063163757,0.5924414396286011,0.5994332432746887,0.6031053066253662,0.6594247817993164,0.5521799325942993,0.5703175067901611,0.594987154006958,0.6351307034492493,0.5737706422805786,0.5858732461929321,0.6010982990264893,0.4610811471939087,0.5256057381629944,0.2577536404132843,0.6796270608901978,0.5286561250686646
Explosion#6,0.4774535894393921,0.39608901739120483,0.4568817615509033,0.4150083363056183,0.5231565237045288,0.3813275396823883,0.5258637070655823,0.4372750520706177,0.3355419635772705,0.6260812282562256,0.5447095632553101,0.4750945270061493,0.6394283771514893,0.4292840361595154,0.5197349190711975,0.596991777420044,0.5779678821563721,0.5600505471229553,0.4948069751262665,0.42592883110046387,0.6592429876327515,0.4846816658973694,0.5012595057487488,0.559095025062561,0.627731204032898,0.6634155511856079,0.6072478294372559,0.6784218549728394,0.5782952308654785,0.5847146511077881,0.774828314781189,0.7043402194976807,0.6846668124198914,0.6932358741760254,0.6762179136276245,0.8061279058456421,0.7450371384620667,0.6974345445632935,0.639006495475769,0.7520973086357117,0.6048685312271118,0.4892539978027344,0.6244405508041382,0.4874197840690613,0.535857081413269,0.6584485769271851,0.4672977328300476,0.47468942403793335,0.4739798903465271,0.5205980539321899,0.5354450941085815,0.5143166780471802,0.5268272161483765,0.5115002393722534,0.612233579158783,0.582258403301239,0.5985082387924194,0.4829093813896179,0.5980789661407471,0.5908411741256714,0.7355007529258728,0.7718566060066223,0.7604366540908813,0.7946678400039673,0.7421694993972778,0.7019186019897461,1.0000001192092896,0.7493165731430054,0.8202124834060669,0.7925266623497009,0.6181513071060181,0.5222197771072388,0.48159146308898926,0.6315007209777832,0.5725001096725464,0.5968244075775146,0.559490978717804,0.6647305488586426,0.6476133465766907,0.47067737579345703,0.6184935569763184,0.5671963691711426,0.5060151815414429,0.6188144683837891,0.5231031179428101,0.6087526082992554,0.5718424916267395,0.6264045238494873,0.6908173561096191,0.5659770965576172,0.5596972107887268,0.5598709583282471,0.6361579895019531,0.6354385614395142,0.6220412254333496,0.5902342796325684,0.6186906099319458,0.5709453225135803,0.5937666296958923,0.5665047764778137,0.6740344762802124,0.6347996592521667,0.600155234336853,0.689900279045105,0.6564819812774658,0.618721067905426,0.5958030819892883,0.6651296615600586,0.5529463291168213,0.5588017702102661,0.5624279975891113,0.5866999626159668,0.59424889087677,0.5492538213729858,0.6759602427482605,0.5870750546455383,0.610413670539856,0.5915765762329102,0.6105273962020874,0.5645538568496704,0.7302818298339844,0.5736536979675293,0.6117109060287476,0.6975847482681274,0.6558691263198853,0.6053926348686218,0.5959992408752441,0.6109617352485657,0.5188025236129761,0.6748783588409424,0.6059794425964355,0.6681455373764038,0.5875492095947266,0.6340222358703613,0.6341187953948975,0.604658305644989,0.6195706129074097,0.5179953575134277,0.6410554647445679,0.6090425252914429
Explosion#7,0.41557687520980835,0.3483773469924927,0.4182094633579254,0.33534619212150574,0.43319588899612427,0.332905113697052,0.42725419998168945,0.36689627170562744,0.33351004123687744,0.5093127489089966,0.5964720249176025,0.4673680365085602,0.5856071710586548,0.4924180507659912,0.5650880932807922,0.5778300762176514,0.5675962567329407,0.5967890024185181,0.5492185354232788,0.4784408509731293,0.650408148765564,0.4907948970794678,0.41448384523391724,0.6282843351364136,0.5229300856590271,0.6169821619987488,0.5693078637123108,0.6394731402397156,0.4913904666900635,0.5886259078979492,0.7023547887802124,0.6392393112182617,0.7046120166778564,0.6768773794174194,0.6309230923652649,0.699547290802002,0.6550970077514648,0.7218063473701477,0.6628475189208984,0.6832491159439087,0.5621840357780457,0.558397650718689,0.5772599577903748,0.551014244556427,0.5955389142036438,0.6163513660430908,0.5222299098968506,0.5408137440681458,0.5013080835342407,0.5871183276176453,0.5645660161972046,0.5525751113891602,0.5388063192367554,0.4878075420856476,0.5590619444847107,0.5489243865013123,0.5894748568534851,0.4937334954738617,0.6027649641036987,0.5683645009994507,0.7866618633270264,0.6688029766082764,0.8262903690338135,0.7105497717857361,0.7109922170639038,0.7813611030578613,0.7493165731430054,1.0,0.8163116574287415,0.7100851535797119,0.5610533356666565,0.5817492008209229,0.5065955519676208,0.591037392616272,0.5724226236343384,0.48022234439849854,0.6050564050674438,0.6808447241783142,0.6040432453155518,0.5460700988769531,0.5965328216552734,0.6348353028297424,0.5635806322097778,0.647799015045166,0.6025826930999756,0.581322431564331,0.6708564162254333,0.6930497884750366,0.6577832698822021,0.5887659788131714,0.5360879898071289,0.5468153953552246,0.6155165433883667,0.5924385786056519,0.5458191633224487,0.6321642398834229,0.5846039056777954,0.5691250562667847,0.56825852394104,0.5921299457550049,0.6254276037216187,0.5971698760986328,0.6046879291534424,0.6036168932914734,0.6299958229064941,0.6331434845924377,0.6158018112182617,0.6607136726379395,0.5878239870071411,0.5460660457611084,0.5440810918807983,0.5160232782363892,0.5780264139175415,0.5385723114013672,0.5784130692481995,0.5270998477935791,0.5481958985328674,0.5617731809616089,0.5718628168106079,0.5764256715774536,0.648821234703064,0.5649940967559814,0.6384178400039673,0.5807123184204102,0.5937719345092773,0.5645065307617188,0.5490909218788147,0.6449103355407715,0.5208687782287598,0.5556387901306152,0.5552834272384644,0.5976064205169678,0.5579431056976318,0.5445793867111206,0.6033719778060913,0.5806559920310974,0.6015148162841797,0.4326930046081543,0.5997864603996277,0.5647540092468262
Explosion#8,0.3845282793045044,0.30005329847335815,0.373046875,0.30630752444267273,0.43758660554885864,0.2899344861507416,0.4054734706878662,0.3273131251335144,0.2743724584579468,0.5185454487800598,0.5920913219451904,0.4978214502334595,0.6692372560501099,0.4186975359916687,0.5486916303634644,0.6270830631256104,0.6058018207550049,0.626001238822937,0.5390565991401672,0.4331924319267273,0.6748381853103638,0.5048832297325134,0.3958911895751953,0.6025139093399048,0.5936467051506042,0.6464320421218872,0.6146798133850098,0.7239795327186584,0.5415380001068115,0.6036207675933838,0.8218847513198853,0.7670528888702393,0.7547181844711304,0.7712651491165161,0.7316393852233887,0.8109087347984314,0.7150929570198059,0.7558960914611816,0.7441456317901611,0.7919837832450867,0.6418469548225403,0.5157463550567627,0.648711621761322,0.4939059913158417,0.5693522691726685,0.6854486465454102,0.5012837648391724,0.5156373381614685,0.4615339934825897,0.5620736479759216,0.5899038314819336,0.5943438410758972,0.5834082365036011,0.5682262182235718,0.5931587815284729,0.6095360517501831,0.6725882291793823,0.561640739440918,0.6414870023727417,0.6168380975723267,0.8356372117996216,0.7374546527862549,0.8980532884597778,0.7750454545021057,0.7813425064086914,0.7982307076454163,0.8202124834060669,0.8163116574287415,1.000000238418579,0.721295952796936,0.6418064832687378,0.5704931020736694,0.5101869106292725,0.6314821243286133,0.601374626159668,0.5293471813201904,0.592111349105835,0.6950364112854004,0.6601768732070923,0.5123287439346313,0.6423512697219849,0.6111429333686829,0.5795413255691528,0.6652089953422546,0.5673174858093262,0.6147174835205078,0.6516625285148621,0.6944015622138977,0.6956781148910522,0.5825865268707275,0.5960889458656311,0.5873488187789917,0.6076077222824097,0.6596391797065735,0.6166969537734985,0.6273719072341919,0.6286858320236206,0.6036743521690369,0.6171729564666748,0.6083405017852783,0.6789140701293945,0.6518035531044006,0.6758873462677002,0.6985564231872559,0.6552647352218628,0.6543844938278198,0.6274861097335815,0.6913278102874756,0.5865659713745117,0.5513019561767578,0.5935970544815063,0.5781091451644897,0.6451407670974731,0.6044132113456726,0.6673589944839478,0.5820013284683228,0.6225838661193848,0.6165561676025391,0.652059018611908,0.58110511302948,0.7122477293014526,0.6005977392196655,0.659807562828064,0.6850289702415466,0.6432628035545349,0.6397547721862793,0.5822564363479614,0.6393908262252808,0.5100372433662415,0.6230401992797852,0.6059654951095581,0.6928054094314575,0.5939784049987793,0.6382430791854858,0.606250524520874,0.5519306659698486,0.6335266828536987,0.4014606475830078,0.6764316558837891,0.6017504334449768
Explosion#9,0.2874796688556671,0.12398865818977356,0.2156609445810318,0.19038590788841248,0.3193536698818207,0.1705380231142044,0.24272219836711884,0.1393536925315857,0.1276227980852127,0.31355080008506775,0.6840433478355408,0.5844131708145142,0.6958906054496765,0.41222405433654785,0.5971139669418335,0.6301553845405579,0.6611109972000122,0.6351681351661682,0.5798313617706299,0.4692675471305847,0.7045971155166626,0.5263956785202026,0.36480000615119934,0.6184067130088806,0.6296713352203369,0.6280242800712585,0.6139750480651855,0.6458624601364136,0.5130615234375,0.6308820843696594,0.7852119207382202,0.7353339195251465,0.835883617401123,0.7765188813209534,0.7315505743026733,0.695313572883606,0.6953083872795105,0.753054141998291,0.7402963042259216,0.7602905035018921,0.6802970170974731,0.5500204563140869,0.7412174940109253,0.5193039178848267,0.6150057315826416,0.726763129234314,0.5303682088851929,0.511360764503479,0.4615201950073242,0.6032058000564575,0.6981714963912964,0.6705692410469055,0.6727218627929688,0.6408641338348389,0.7239879369735718,0.6670429706573486,0.6970854997634888,0.6582089066505432,0.7600507736206055,0.7344433069229126,0.7949247360229492,0.7028549909591675,0.621525764465332,0.8218473196029663,0.7558333277702332,0.7141056060791016,0.7925266623497009,0.7100851535797119,0.721295952796936,0.9999997615814209,0.6562268733978271,0.5639394521713257,0.4469066858291626,0.6095661520957947,0.5136165022850037,0.45504698157310486,0.6425927877426147,0.6032770872116089,0.5278699398040771,0.532351553440094,0.7291702032089233,0.725745677947998,0.5712302327156067,0.7269238233566284,0.6971903443336487,0.7078852653503418,0.7091233730316162,0.780990481376648,0.7704888582229614,0.6394256353378296,0.7271113991737366,0.6624346971511841,0.6783578395843506,0.7369011640548706,0.6659305095672607,0.7341166734695435,0.649966299533844,0.7335426807403564,0.7162832617759705,0.7235068082809448,0.7199364900588989,0.6920746564865112,0.7248033881187439,0.7769547700881958,0.7129479646682739,0.6847063302993774,0.6221692562103271,0.8059325218200684,0.6821120381355286,0.5519053936004639,0.664612352848053,0.6266576051712036,0.6140702962875366,0.6403018236160278,0.6605828404426575,0.5052188634872437,0.6041824817657471,0.6619464159011841,0.7124773859977722,0.6254441738128662,0.6944613456726074,0.6802532076835632,0.718503475189209,0.6831631660461426,0.679648220539093,0.6849445104598999,0.7072222828865051,0.7224560976028442,0.5008544921875,0.6739518642425537,0.8049832582473755,0.6921199560165405,0.6824088096618652,0.6961458921432495,0.8029423952102661,0.5393674373626709,0.6979001760482788,0.34707048535346985,0.7377485036849976,0.6769434213638306
Fighting#0,0.3128763437271118,0.22572913765907288,0.25281059741973877,0.2797572910785675,0.3772263526916504,0.24211984872817993,0.25239014625549316,0.2074107825756073,0.248890221118927,0.40004962682724,0.7149890661239624,0.6861153841018677,0.8059368133544922,0.42709609866142273,0.7160135507583618,0.7193082571029663,0.7369918823242188,0.6948171854019165,0.6792712211608887,0.5530369281768799,0.6790122985839844,0.6299853324890137,0.47142887115478516,0.6173213720321655,0.7639180421829224,0.6776218414306641,0.729361891746521,0.7326414585113525,0.5894789099693298,0.7053757905960083,0.6777395009994507,0.6424607038497925,0.6135162115097046,0.6932005882263184,0.7229542136192322,0.5658387541770935,0.5172558426856995,0.5624266266822815,0.7092850208282471,0.668190598487854,0.8362506628036499,0.6654503345489502,0.7674098014831543,0.6157240867614746,0.6833816170692444,0.8322015404701233,0.6652321815490723,0.6611367464065552,0.550603449344635,0.6804924011230469,0.6448229551315308,0.694300651550293,0.6264547109603882,0.5964293479919434,0.6449127197265625,0.6374528408050537,0.6915496587753296,0.6052813529968262,0.7309888005256653,0.6660487651824951,0.6602935791015625,0.6150504350662231,0.5791047811508179,0.7127032279968262,0.6182878017425537,0.5965530872344971,0.6181513071060181,0.5610533356666565,0.6418064832687378,0.6562268733978271,1.000000238418579,0.7569068670272827,0.6607792377471924,0.8237589597702026,0.7580747604370117,0.6399487853050232,0.8350781202316284,0.6591989994049072,0.6994480490684509,0.6810704469680786,0.613897442817688,0.6215353012084961,0.5447167158126831,0.6486550569534302,0.6321064829826355,0.5909723043441772,0.6816948652267456,0.6605284214019775,0.6635489463806152,0.6256555318832397,0.7315043210983276,0.7849852442741394,0.6586514711380005,0.7728937864303589,0.760786771774292,0.7443827390670776,0.7632625699043274,0.7259677052497864,0.7175413370132446,0.7080625295639038,0.709634006023407,0.7248828411102295,0.6844785809516907,0.7438433170318604,0.7107870578765869,0.7289472818374634,0.7112255096435547,0.7198566198348999,0.6308923959732056,0.6509732604026794,0.6788471341133118,0.7097718715667725,0.7115955352783203,0.7108703851699829,0.7189979553222656,0.6374650001525879,0.6198248267173767,0.6876958608627319,0.7233631610870361,0.5835635662078857,0.6765085458755493,0.6549962759017944,0.6935173869132996,0.6749800443649292,0.6426472663879395,0.6909743547439575,0.6612879037857056,0.6805323362350464,0.5760970115661621,0.7071167230606079,0.7145617008209229,0.770631730556488,0.5481855869293213,0.7822259664535522,0.6404713988304138,0.4431118965148926,0.6771351099014282,0.30081239342689514,0.7651803493499756,0.559406042098999
Fighting#1,0.28589707612991333,0.24268189072608948,0.21407951414585114,0.23520216345787048,0.38885852694511414,0.1837843954563141,0.3070898950099945,0.2245124727487564,0.2520853579044342,0.4221530258655548,0.781865119934082,0.7645808458328247,0.775665819644928,0.5219323635101318,0.8253109455108643,0.7098523378372192,0.819872260093689,0.8144060373306274,0.8257315158843994,0.7178134918212891,0.6212066411972046,0.6570479869842529,0.383194237947464,0.6194025278091431,0.6836209297180176,0.6820922493934631,0.6764191389083862,0.6790003776550293,0.4768495559692383,0.7837531566619873,0.5680142641067505,0.5325164794921875,0.5869389772415161,0.6830835342407227,0.6370124816894531,0.5475150346755981,0.4848845601081848,0.6072260737419128,0.6368047595024109,0.589077353477478,0.7475482225418091,0.782532811164856,0.6823980808258057,0.7912681698799133,0.7981451749801636,0.7750979661941528,0.787442684173584,0.7704793214797974,0.7059550881385803,0.7337349653244019,0.6388306021690369,0.6710222363471985,0.6032874584197998,0.4978064298629761,0.598387598991394,0.6139285564422607,0.6631960272789001,0.5648153424263,0.6870142817497253,0.5973942875862122,0.6357289552688599,0.5981682538986206,0.5626341104507446,0.566063642501831,0.5823449492454529,0.5615553855895996,0.5222197771072388,0.5817492008209229,0.5704931020736694,0.5639394521713257,0.7569068670272827,1.0,0.7343318462371826,0.8451674580574036,0.7968786954879761,0.5694432854652405,0.8092983961105347,0.7400486469268799,0.6667271256446838,0.8426694869995117,0.5794942378997803,0.5872848033905029,0.4718581438064575,0.643217921257019,0.618628978729248,0.4814191162586212,0.7310404777526855,0.6563401222229004,0.570024847984314,0.5703932642936707,0.6326332092285156,0.7052169442176819,0.6637762784957886,0.6430374383926392,0.5485159754753113,0.7566794157028198,0.677531361579895,0.6615917682647705,0.5872929096221924,0.6474890112876892,0.6029244661331177,0.6219378709793091,0.6591527462005615,0.5985819101333618,0.5914217233657837,0.7104854583740234,0.7064917087554932,0.6438031196594238,0.5856679677963257,0.6958293914794922,0.5849194526672363,0.546013355255127,0.5981484651565552,0.5882216691970825,0.5917994976043701,0.5724469423294067,0.5601949691772461,0.6316097974777222,0.5822849273681641,0.6535418629646301,0.6874072551727295,0.6607012748718262,0.6741775274276733,0.6083004474639893,0.649925708770752,0.646943986415863,0.6083211898803711,0.7028471827507019,0.7296487092971802,0.5998451709747314,0.6376028060913086,0.7105653882026672,0.4136393666267395,0.6133400201797485,0.5547007322311401,0.5229655504226685,0.5826963782310486,0.321097731590271,0.7107683420181274,0.5908365249633789
Fighting#2,0.2891275882720947,0.22205567359924316,0.2464994192123413,0.24718637764453888,0.35889363288879395,0.2499161958694458,0.2980847954750061,0.24939805269241333,0.20361505448818207,0.3669136166572571,0.7525550127029419,0.675452709197998,0.6728132963180542,0.5106067657470703,0.8339517116546631,0.5986852645874023,0.67344069480896,0.7508074641227722,0.8113131523132324,0.8530720472335815,0.5671046376228333,0.5092993378639221,0.395426481962204,0.5886757373809814,0.5737420320510864,0.5892385244369507,0.7432548403739929,0.5761497020721436,0.49253538250923157,0.6126307249069214,0.4691427946090698,0.419648677110672,0.4214097261428833,0.5382207036018372,0.5139638185501099,0.489061176776886,0.4265097379684448,0.43586114048957825,0.4858509600162506,0.4702746570110321,0.7297301292419434,0.8022823333740234,0.5492326021194458,0.8552687764167786,0.8103296756744385,0.6657993793487549,0.8613286018371582,0.8607886433601379,0.8552608489990234,0.7564353942871094,0.5558676719665527,0.5381867289543152,0.4894351363182068,0.3854294419288635,0.5065135359764099,0.46857285499572754,0.5456372499465942,0.4205327332019806,0.5198545455932617,0.44957399368286133,0.5325301885604858,0.4676482379436493,0.54173743724823,0.519306480884552,0.44782155752182007,0.5065289735794067,0.48159146308898926,0.5065955519676208,0.5101869106292725,0.4469066858291626,0.6607792377471924,0.7343318462371826,1.0000001192092896,0.7033418416976929,0.8885878324508667,0.5360516905784607,0.7153123617172241,0.5944759845733643,0.7019291520118713,0.8679580688476562,0.4474649429321289,0.47943881154060364,0.4500325620174408,0.5004962682723999,0.4667949974536896,0.4427773654460907,0.5467897653579712,0.5133361220359802,0.5354679226875305,0.4615235924720764,0.5061525106430054,0.5895187854766846,0.6299916505813599,0.5647512078285217,0.4855201244354248,0.6068506240844727,0.7447540760040283,0.5742307901382446,0.47374826669692993,0.5315449237823486,0.5700640678405762,0.6029050946235657,0.6375235319137573,0.5130003690719604,0.565758466720581,0.6906623244285583,0.7495218515396118,0.527864396572113,0.5535203218460083,0.8381885886192322,0.4647398293018341,0.5182876586914062,0.587887167930603,0.5367254018783569,0.5187063813209534,0.5865170359611511,0.4932488799095154,0.5536096096038818,0.5468746423721313,0.6355981826782227,0.6023131608963013,0.5173195004463196,0.5523901581764221,0.49064645171165466,0.5126342177391052,0.6046357154846191,0.5171499848365784,0.5681992769241333,0.8194032907485962,0.5512546300888062,0.4752413034439087,0.6896837949752808,0.41707998514175415,0.5730241537094116,0.4550479054450989,0.4349369406700134,0.5079180598258972,0.3408750593662262,0.6319948434829712,0.4472825527191162
Fighting#3,0.34205570816993713,0.3223803639411926,0.30424636602401733,0.3307952582836151,0.4344100058078766,0.2532196044921875,0.35564061999320984,0.2842560410499573,0.30221375823020935,0.5401065945625305,0.7356808185577393,0.7132546901702881,0.8075401186943054,0.40509769320487976,0.7585691213607788,0.7356071472167969,0.7935031652450562,0.7759203910827637,0.734870195388794,0.6295605897903442,0.6564584970474243,0.5937923789024353,0.4489780366420746,0.5871255397796631,0.7423785924911499,0.6990358829498291,0.7058999538421631,0.7260833382606506,0.5338624715805054,0.7303645014762878,0.6455777883529663,0.6131311655044556,0.6187167167663574,0.7107133865356445,0.7163982391357422,0.613565981388092,0.5408148765563965,0.6172096729278564,0.658929705619812,0.6812979578971863,0.7948094606399536,0.6785320043563843,0.7497425079345703,0.6983110308647156,0.7280499339103699,0.81197190284729,0.707045316696167,0.6766676902770996,0.6383329629898071,0.6655226945877075,0.6420111656188965,0.6660704016685486,0.6339073181152344,0.5475192666053772,0.6274207830429077,0.6551854014396667,0.713025689125061,0.5791857838630676,0.6947530508041382,0.6399728059768677,0.6359502077102661,0.6590214371681213,0.6116487979888916,0.692340612411499,0.609114408493042,0.5615551471710205,0.6315007209777832,0.591037392616272,0.6314821243286133,0.6095661520957947,0.8237589597702026,0.8451674580574036,0.7033418416976929,1.0,0.8033196926116943,0.6686050891876221,0.7481542825698853,0.7679218053817749,0.7766374349594116,0.7485631108283997,0.610966682434082,0.5711278319358826,0.47731834650039673,0.6261698603630066,0.599791944026947,0.5430668592453003,0.6844044923782349,0.63362717628479,0.5917410254478455,0.6051394939422607,0.659467875957489,0.7289098501205444,0.6540272235870361,0.7352242469787598,0.6746090650558472,0.7107486724853516,0.7803126573562622,0.6794039011001587,0.6096133589744568,0.6422022581100464,0.6143433451652527,0.6333446502685547,0.6556049585342407,0.6497021913528442,0.6237332820892334,0.6680982112884521,0.6805328130722046,0.6465772390365601,0.5387004613876343,0.6927571296691895,0.65555739402771,0.6614986658096313,0.6788704991340637,0.673829972743988,0.7106666564941406,0.6790947914123535,0.6908820271492004,0.7062408924102783,0.6787590384483337,0.6885677576065063,0.7573245763778687,0.6685993075370789,0.6817640066146851,0.7270698547363281,0.6732823848724365,0.7058511972427368,0.6501888632774353,0.7015566229820251,0.6943643093109131,0.7097854614257812,0.6601897478103638,0.8008573055267334,0.47786837816238403,0.7186151146888733,0.588890552520752,0.52631676197052,0.648772120475769,0.37043431401252747,0.7245519161224365,0.5959455370903015
Fighting#4,0.34138715267181396,0.29036709666252136,0.30749601125717163,0.30992376804351807,0.4174303412437439,0.26682233810424805,0.35321155190467834,0.29641953110694885,0.2851054072380066,0.47488826513290405,0.7175677418708801,0.6828020215034485,0.7421780824661255,0.5233759880065918,0.783718466758728,0.6654390096664429,0.7066411972045898,0.7616503238677979,0.7659985423088074,0.7357674837112427,0.6023106575012207,0.5571346282958984,0.44545429944992065,0.6009700298309326,0.6570934653282166,0.6665887832641602,0.7550896406173706,0.6973772048950195,0.5207729935646057,0.6809736490249634,0.5516142249107361,0.5044950246810913,0.5041141510009766,0.6175321340560913,0.6050187945365906,0.5613745450973511,0.4684407114982605,0.5253559947013855,0.553504228591919,0.5731563568115234,0.7576406002044678,0.7370690107345581,0.6655392646789551,0.7854906320571899,0.7644364833831787,0.7192479372024536,0.7671548128128052,0.7660739421844482,0.7588917016983032,0.7121302485466003,0.5769370198249817,0.5785372257232666,0.534775972366333,0.44281989336013794,0.5413201451301575,0.5461217164993286,0.6251938343048096,0.47413408756256104,0.5805469751358032,0.5139878988265991,0.574905276298523,0.5885692834854126,0.609711766242981,0.6006050109863281,0.5255221724510193,0.5440599918365479,0.5725001096725464,0.5724226236343384,0.601374626159668,0.5136165022850037,0.7580747604370117,0.7968786954879761,0.8885878324508667,0.8033196926116943,0.9999997615814209,0.6554672718048096,0.7674001455307007,0.7022449970245361,0.7827120423316956,0.8063422441482544,0.5165798664093018,0.5121447443962097,0.48450154066085815,0.5858025550842285,0.5154322385787964,0.49283236265182495,0.6095399260520935,0.5806474685668945,0.5898804664611816,0.528939425945282,0.5592664480209351,0.6317059993743896,0.6368848085403442,0.6277175545692444,0.5685567855834961,0.6292403936386108,0.7392815947532654,0.5959093570709229,0.5537561178207397,0.5566558241844177,0.6169091463088989,0.6439023017883301,0.6236258745193481,0.5877577066421509,0.6093794107437134,0.7027409076690674,0.7604472637176514,0.598961353302002,0.555840015411377,0.7973707318305969,0.5259034037590027,0.5779678225517273,0.6462732553482056,0.5876501202583313,0.5859147310256958,0.646484911441803,0.5924242734909058,0.6082662343978882,0.5987644195556641,0.6418015956878662,0.6565500497817993,0.5639897584915161,0.5976018309593201,0.5944735407829285,0.571050763130188,0.6362774968147278,0.5429254770278931,0.5932036638259888,0.7553454041481018,0.6003791093826294,0.5450433492660522,0.7399358749389648,0.43463897705078125,0.6447943449020386,0.5032854676246643,0.488730251789093,0.5638495087623596,0.3692874312400818,0.6698934435844421,0.529908299446106
Fighting#5,0.4477459192276001,0.4389679431915283,0.4467976987361908,0.5447611808776855,0.5252134799957275,0.3709318935871124,0.46699196100234985,0.4126049280166626,0.40783968567848206,0.5903614163398743,0.5160515904426575,0.5115995407104492,0.5575120449066162,0.4453853368759155,0.5242079496383667,0.5399785041809082,0.5673575401306152,0.5131434202194214,0.5168060660362244,0.46199992299079895,0.522286057472229,0.5014294385910034,0.5539213418960571,0.5292221903800964,0.6479431390762329,0.5886610746383667,0.6429684162139893,0.6019599437713623,0.5548554062843323,0.584044337272644,0.5102776288986206,0.5102712512016296,0.4497694671154022,0.5386102795600891,0.5436574220657349,0.5635576248168945,0.4961446225643158,0.4678482115268707,0.5051313638687134,0.521647572517395,0.545513391494751,0.49391990900039673,0.5297236442565918,0.5246992111206055,0.5316434502601624,0.605941891670227,0.4796425700187683,0.45855069160461426,0.5289856195449829,0.548470139503479,0.4565918445587158,0.45713311433792114,0.4118584394454956,0.4312516152858734,0.5302793979644775,0.4862822890281677,0.4857749342918396,0.4004192650318146,0.47774773836135864,0.4886355400085449,0.48052865266799927,0.5665318965911865,0.5082908868789673,0.5587314963340759,0.4731191098690033,0.4386574327945709,0.5968244075775146,0.48022234439849854,0.5293471813201904,0.45504698157310486,0.6399487853050232,0.5694432854652405,0.5360516905784607,0.6686050891876221,0.6554672718048096,0.9999996423721313,0.5857234001159668,0.5807414054870605,0.6920099258422852,0.47623410820961,0.40899893641471863,0.43535304069519043,0.3842625916004181,0.4577982723712921,0.40207719802856445,0.42093414068222046,0.46035730838775635,0.44551923871040344,0.5151186585426331,0.48231083154678345,0.46247801184654236,0.5192687511444092,0.6116772890090942,0.5252488255500793,0.5362005233764648,0.5155732035636902,0.6055169105529785,0.5194105505943298,0.48350629210472107,0.47005757689476013,0.5148957371711731,0.5408315658569336,0.4762483835220337,0.48842552304267883,0.5224019289016724,0.5221167206764221,0.5450909733772278,0.4714455008506775,0.4769885540008545,0.5376567840576172,0.5706468224525452,0.6363224387168884,0.5898355841636658,0.5867218971252441,0.6179330348968506,0.5747570395469666,0.609648585319519,0.5758478045463562,0.548447847366333,0.48114532232284546,0.5542611479759216,0.4833032488822937,0.48936450481414795,0.5618308782577515,0.5097217559814453,0.49542543292045593,0.5167320370674133,0.4766496419906616,0.5370553731918335,0.6111889481544495,0.4468086063861847,0.5468007326126099,0.419280469417572,0.5976755619049072,0.4575310945510864,0.47238415479660034,0.4914681613445282,0.4079648554325104,0.5150355100631714,0.4374873638153076
Fighting#6,0.30576246976852417,0.18222349882125854,0.19459158182144165,0.2367537021636963,0.3543054461479187,0.18370530009269714,0.2225634753704071,0.14967800676822662,0.19736288487911224,0.3478472828865051,0.7872258424758911,0.7103574275970459,0.7636582851409912,0.5558596849441528,0.8008120059967041,0.6986643075942993,0.7637051343917847,0.7463119626045227,0.7631978988647461,0.6834774613380432,0.7062801718711853,0.6254339814186096,0.4810371398925781,0.7141405344009399,0.7214646339416504,0.6910926103591919,0.7544428706169128,0.6786003708839417,0.58814537525177,0.7549546957015991,0.6196045875549316,0.5985732674598694,0.5923096537590027,0.7065438628196716,0.6788833141326904,0.5126074552536011,0.533079981803894,0.5579894185066223,0.7040207386016846,0.6160521507263184,0.782079815864563,0.779747486114502,0.7100026607513428,0.7220848798751831,0.774749755859375,0.7827339172363281,0.7554230690002441,0.7133549451828003,0.6747990846633911,0.7639691233634949,0.6996657848358154,0.7006815671920776,0.6316457986831665,0.5874932408332825,0.6656349897384644,0.5939710140228271,0.6797362565994263,0.5854552984237671,0.6945968866348267,0.6525436639785767,0.6704766750335693,0.5884664058685303,0.5529875159263611,0.620313286781311,0.6049836874008179,0.6390517354011536,0.559490978717804,0.6050564050674438,0.592111349105835,0.6425927877426147,0.8350781202316284,0.8092983961105347,0.7153123617172241,0.7481542825698853,0.7674001455307007,0.5857234001159668,1.000000238418579,0.6375042200088501,0.6554579734802246,0.7673454880714417,0.6017777323722839,0.6291884183883667,0.5343738794326782,0.6479936838150024,0.6378461718559265,0.5396827459335327,0.7089684009552002,0.6788062453269958,0.6631730794906616,0.5912227034568787,0.7237197756767273,0.7732606530189514,0.7035806179046631,0.6776890158653259,0.6794238686561584,0.7872542142868042,0.7212187051773071,0.7600349187850952,0.6939064264297485,0.7149255871772766,0.6742143034934998,0.7306092977523804,0.7017470598220825,0.6760954856872559,0.7121480703353882,0.7464977502822876,0.7901855707168579,0.7152243852615356,0.6693543195724487,0.7061926126480103,0.6530353426933289,0.6220123767852783,0.684831440448761,0.6666202545166016,0.6771348714828491,0.5651592016220093,0.559499979019165,0.6547949910163879,0.6890323162078857,0.5947638750076294,0.6400133967399597,0.6219043731689453,0.7315949201583862,0.5847676396369934,0.6249775290489197,0.6301491856575012,0.6586196422576904,0.6836913228034973,0.6851083040237427,0.6323541402816772,0.6500123143196106,0.7070382237434387,0.5248181223869324,0.6602579355239868,0.6012481451034546,0.41379106044769287,0.5909690856933594,0.24398693442344666,0.7590702772140503,0.530349612236023
Fighting#7,0.3786715269088745,0.41922903060913086,0.39950767159461975,0.3760519325733185,0.4703880250453949,0.2975664734840393,0.463217556476593,0.37494760751724243,0.3546949028968811,0.6359507441520691,0.6380200982093811,0.6268332004547119,0.7051918506622314,0.4053455889225006,0.6577458381652832,0.654139518737793,0.7013249397277832,0.7346261739730835,0.6273856163024902,0.5581364035606384,0.6197041273117065,0.562930703163147,0.4162054657936096,0.5797483921051025,0.6483265161514282,0.6596870422363281,0.5910687446594238,0.7055138945579529,0.4772988557815552,0.6647548675537109,0.6274542808532715,0.5893550515174866,0.610390305519104,0.7030175924301147,0.6325495839118958,0.6505968570709229,0.57160484790802,0.6947618722915649,0.652867317199707,0.655328631401062,0.6838590502738953,0.5905441045761108,0.6557759046554565,0.6126387119293213,0.6495022773742676,0.684251070022583,0.6189069747924805,0.6015867590904236,0.5934876203536987,0.6007939577102661,0.6041508913040161,0.6504095792770386,0.6113413572311401,0.5501668453216553,0.5725188255310059,0.6313719749450684,0.662739634513855,0.6010542511940002,0.6804449558258057,0.6527917981147766,0.6599320769309998,0.705274224281311,0.705900251865387,0.6203165054321289,0.7086985111236572,0.6273386478424072,0.6647305488586426,0.6808447241783142,0.6950364112854004,0.6032770872116089,0.6591989994049072,0.7400486469268799,0.5944759845733643,0.7679218053817749,0.7022449970245361,0.5807414054870605,0.6375042200088501,0.9999999403953552,0.7604665756225586,0.6537292003631592,0.614722728729248,0.5423442721366882,0.43927431106567383,0.6440455317497253,0.5245878100395203,0.5064029693603516,0.6160916090011597,0.625011682510376,0.541429340839386,0.5085315108299255,0.6273033022880554,0.6740306615829468,0.6174488663673401,0.6354460120201111,0.6048263311386108,0.6339802742004395,0.6506298184394836,0.6018792390823364,0.6110188364982605,0.5937796235084534,0.5750526785850525,0.5674276351928711,0.6232055425643921,0.595037579536438,0.5559793710708618,0.5635077953338623,0.5891770124435425,0.633934497833252,0.5237947702407837,0.6047033667564392,0.6158775091171265,0.560161828994751,0.6552795171737671,0.5817720890045166,0.6312633752822876,0.6316379308700562,0.6652834415435791,0.6787238121032715,0.5966182351112366,0.6834663152694702,0.7380309104919434,0.640670657157898,0.6529808640480042,0.6928873062133789,0.6381195783615112,0.6289501786231995,0.5944252610206604,0.6732417941093445,0.6534715294837952,0.5953822135925293,0.6159421801567078,0.7321061491966248,0.44269195199012756,0.616836667060852,0.5782963037490845,0.6449725031852722,0.5887168645858765,0.4251551032066345,0.6423396468162537,0.6668846607208252
Fighting#8,0.3252180814743042,0.399362176656723,0.35867178440093994,0.35786327719688416,0.4166942834854126,0.25033727288246155,0.38004806637763977,0.31700006127357483,0.3133426308631897,0.6029129028320312,0.6451895236968994,0.6047571897506714,0.7390901446342468,0.446164071559906,0.6574078798294067,0.6731400489807129,0.7157072424888611,0.7332139015197754,0.6235508918762207,0.5785479545593262,0.6387500762939453,0.5014742612838745,0.5073211193084717,0.5524211525917053,0.7181305289268494,0.6473550200462341,0.7025940418243408,0.6974937319755554,0.5826885104179382,0.6135424375534058,0.647364616394043,0.5927910804748535,0.5487860441207886,0.652395486831665,0.6636795997619629,0.630308985710144,0.5378178358078003,0.5951639413833618,0.6229727268218994,0.6486543416976929,0.7297070026397705,0.5773725509643555,0.672684371471405,0.6122426390647888,0.650235652923584,0.7480731010437012,0.6457133293151855,0.6363685131072998,0.6223384141921997,0.6207877397537231,0.5627681016921997,0.6025887727737427,0.607244610786438,0.5114279985427856,0.5666472911834717,0.6204375624656677,0.6518294811248779,0.5323876738548279,0.6145213842391968,0.580448567867279,0.5991322994232178,0.6622711420059204,0.6804003119468689,0.6529899835586548,0.5983263254165649,0.5667872428894043,0.6476133465766907,0.6040432453155518,0.6601768732070923,0.5278699398040771,0.6994480490684509,0.6667271256446838,0.7019291520118713,0.7766374349594116,0.7827120423316956,0.6920099258422852,0.6554579734802246,0.7604665756225586,1.0,0.6698892116546631,0.5857985019683838,0.48431265354156494,0.45607590675354004,0.5869262218475342,0.4843837022781372,0.5407397747039795,0.5588244199752808,0.5758160352706909,0.5879498720169067,0.5434162020683289,0.6105430126190186,0.639100193977356,0.6122488379478455,0.6688693761825562,0.6018439531326294,0.5998938083648682,0.7932273149490356,0.5952087640762329,0.5716961622238159,0.5699785947799683,0.5958980321884155,0.6049785017967224,0.6017160415649414,0.5759450197219849,0.5666260719299316,0.5967445373535156,0.6399384140968323,0.5701414942741394,0.506957471370697,0.6608113050460815,0.5621236562728882,0.5982871055603027,0.6658340692520142,0.6003463268280029,0.6804891228675842,0.6370143890380859,0.6411383152008057,0.6522579193115234,0.6405614614486694,0.6341984272003174,0.720258355140686,0.564312219619751,0.6388500928878784,0.6887975335121155,0.611485481262207,0.640259861946106,0.553866982460022,0.6253072023391724,0.658409595489502,0.6788727045059204,0.5266628861427307,0.7402352690696716,0.42461729049682617,0.6731702089309692,0.48609673976898193,0.49972444772720337,0.574099063873291,0.358951210975647,0.6640470623970032,0.5689904093742371
Fighting#9,0.20188114047050476,0.11043378710746765,0.10444152355194092,0.13183869421482086,0.25816041231155396,0.1363341510295868,0.18314069509506226,0.11175243556499481,0.10716189444065094,0.281238853931427,0.8573876619338989,0.782831072807312,0.7652633190155029,0.4857906997203827,0.8860574960708618,0.6852662563323975,0.7897299528121948,0.8656928539276123,0.8866772651672363,0.8970667123794556,0.5856949090957642,0.5465444326400757,0.3049272298812866,0.6042222380638123,0.610306978225708,0.595976710319519,0.6802800893783569,0.5781038999557495,0.42744380235671997,0.6887041330337524,0.522915244102478,0.48783957958221436,0.5346345901489258,0.6558769941329956,0.6190268993377686,0.5017539858818054,0.42626452445983887,0.5317291021347046,0.6154466867446899,0.5577044486999512,0.8030853271484375,0.8341239094734192,0.6741201877593994,0.8879289627075195,0.8796919584274292,0.7089067697525024,0.9118382930755615,0.9009724855422974,0.8408516645431519,0.7938883304595947,0.6572706699371338,0.6793879270553589,0.6299781799316406,0.49030253291130066,0.5754698514938354,0.5612382888793945,0.6627259254455566,0.5801496505737305,0.6285702586174011,0.5764634609222412,0.6398818492889404,0.5370525121688843,0.5231934785842896,0.5505495667457581,0.5556001663208008,0.5562310814857483,0.47067737579345703,0.5460700988769531,0.5123287439346313,0.532351553440094,0.6810704469680786,0.8426694869995117,0.8679580688476562,0.7485631108283997,0.8063422441482544,0.47623410820961,0.7673454880714417,0.6537292003631592,0.6698892116546631,0.9999998211860657,0.6053510308265686,0.5412193536758423,0.4686209559440613,0.6213123798370361,0.5718798637390137,0.4496375024318695,0.6628575325012207,0.6267209053039551,0.5299052596092224,0.5119317770004272,0.6482333540916443,0.7091692686080933,0.6398370265960693,0.616102933883667,0.5125316381454468,0.7282837629318237,0.7489355802536011,0.6827877163887024,0.5483814477920532,0.6514595746994019,0.5841703414916992,0.6210201978683472,0.7250014543533325,0.5873836278915405,0.5580878257751465,0.7045914530754089,0.7347532510757446,0.629734992980957,0.5917448997497559,0.7895994782447815,0.554879903793335,0.4952901005744934,0.5880614519119263,0.5899040699005127,0.5518592596054077,0.5038421154022217,0.5496326684951782,0.6229391098022461,0.606513261795044,0.690740704536438,0.6370809078216553,0.6132227182388306,0.6633297204971313,0.5698500871658325,0.5630002021789551,0.6373962163925171,0.5882879495620728,0.6881453394889832,0.8364043235778809,0.5671401619911194,0.5907517075538635,0.7454997301101685,0.39906030893325806,0.585056483745575,0.5059756636619568,0.40849703550338745,0.5030066967010498,0.23668934404850006,0.7010291814804077,0.5499299168586731
RoadAccidents#0,0.2155071198940277,0.05316377058625221,0.1461470127105713,0.0859629362821579,0.19399793446063995,0.12139125168323517,0.1352214366197586,0.029301892966032028,0.04818443953990936,0.2864096760749817,0.6556003093719482,0.5845687389373779,0.7025845050811768,0.31460297107696533,0.5568527579307556,0.6876891255378723,0.6628740429878235,0.677949070930481,0.5712814927101135,0.46731314063072205,0.6032912135124207,0.5123087167739868,0.298113077878952,0.5609868764877319,0.5945296287536621,0.6018409729003906,0.5299012660980225,0.6137869358062744,0.4528357684612274,0.6473402380943298,0.6642318964004517,0.6562913656234741,0.7505080699920654,0.7265112400054932,0.703492283821106,0.6554161310195923,0.5388592481613159,0.7439442276954651,0.6992814540863037,0.736416220664978,0.6967518329620361,0.47206950187683105,0.8182140588760376,0.5120952129364014,0.5848063230514526,0.6345349550247192,0.5442808270454407,0.5209442973136902,0.402163028717041,0.549437403678894,0.6127423048019409,0.6361799240112305,0.7070267200469971,0.607707142829895,0.6285922527313232,0.6642423272132874,0.7285576462745667,0.6831728219985962,0.6957458853721619,0.6975647211074829,0.7063837051391602,0.7348326444625854,0.5581415891647339,0.6986479759216309,0.6721529364585876,0.5998384952545166,0.6184935569763184,0.5965328216552734,0.6423512697219849,0.7291702032089233,0.613897442817688,0.5794942378997803,0.4474649429321289,0.610966682434082,0.5165798664093018,0.40899893641471863,0.6017777323722839,0.614722728729248,0.5857985019683838,0.6053510308265686,0.9999998211860657,0.6539256572723389,0.6212595105171204,0.8516976237297058,0.6908406019210815,0.7352551221847534,0.7207534313201904,0.8092218637466431,0.66828852891922,0.6983094215393066,0.7024610042572021,0.6315165758132935,0.5452803373336792,0.6469918489456177,0.5360564589500427,0.6767339110374451,0.6096749305725098,0.6854625344276428,0.6027735471725464,0.6839599013328552,0.5694472789764404,0.5674728751182556,0.6247777938842773,0.6382663249969482,0.5471717119216919,0.5618575811386108,0.5267307162284851,0.6606594324111938,0.5194175243377686,0.4610826373100281,0.6013978719711304,0.5003179907798767,0.5596252679824829,0.6105296611785889,0.5894892811775208,0.42845970392227173,0.6486262083053589,0.6013461351394653,0.6623231768608093,0.5721104741096497,0.6913244724273682,0.6233314275741577,0.7019702196121216,0.7371270656585693,0.593104362487793,0.647692084312439,0.6305276155471802,0.728918731212616,0.48040053248405457,0.6013361811637878,0.6814213991165161,0.7301607131958008,0.4940902888774872,0.5758740305900574,0.5879623889923096,0.3927660584449768,0.6129337549209595,0.19018951058387756,0.6951510906219482,0.7620400190353394
RoadAccidents#1,0.5472902059555054,0.2202540934085846,0.38976025581359863,0.3212728500366211,0.37979990243911743,0.45750686526298523,0.32783597707748413,0.27145788073539734,0.24844372272491455,0.33926790952682495,0.6568742990493774,0.5862618088722229,0.6327012777328491,0.49409765005111694,0.6330220103263855,0.6406186819076538,0.6434282064437866,0.6079938411712646,0.6107752919197083,0.4994404911994934,0.6785229444503784,0.6205169558525085,0.41925549507141113,0.7334874868392944,0.5748987197875977,0.6151512861251831,0.6360135078430176,0.6481457352638245,0.6077905893325806,0.6368961334228516,0.6418436765670776,0.5971329212188721,0.6918433904647827,0.6107239723205566,0.603371262550354,0.5374394059181213,0.5607540011405945,0.6386538743972778,0.6368628740310669,0.5880394577980042,0.6246721148490906,0.601387083530426,0.6811145544052124,0.5709026455879211,0.6368294954299927,0.6549187898635864,0.5683257579803467,0.537842869758606,0.4704996943473816,0.5787360668182373,0.6328502893447876,0.6086060404777527,0.5551556348800659,0.5588968396186829,0.6777608394622803,0.5859313607215881,0.6149117946624756,0.5509992241859436,0.6822695136070251,0.6500428915023804,0.6109480857849121,0.5147051811218262,0.5307186841964722,0.6827446222305298,0.5513311624526978,0.567750871181488,0.5671963691711426,0.6348353028297424,0.6111429333686829,0.725745677947998,0.6215353012084961,0.5872848033905029,0.47943881154060364,0.5711278319358826,0.5121447443962097,0.43535304069519043,0.6291884183883667,0.5423442721366882,0.48431265354156494,0.5412193536758423,0.6539256572723389,1.0000001192092896,0.7154565453529358,0.772381067276001,0.8679397106170654,0.7636309862136841,0.799444317817688,0.8479783535003662,0.7102833390235901,0.7668185234069824,0.6397602558135986,0.6707801818847656,0.7122235894203186,0.6581173539161682,0.6456971168518066,0.722051739692688,0.6122680902481079,0.6717883348464966,0.6499232053756714,0.7129238843917847,0.6675480604171753,0.6244303584098816,0.595399022102356,0.6505382061004639,0.6863377094268799,0.6759496927261353,0.628022313117981,0.6759976744651794,0.6395102739334106,0.569530725479126,0.6533034443855286,0.6336748003959656,0.6283299922943115,0.6569434404373169,0.6161314249038696,0.5796889066696167,0.5266011357307434,0.6177126169204712,0.7035231590270996,0.5993692874908447,0.6426372528076172,0.7389553785324097,0.6696739196777344,0.5703470706939697,0.6312376260757446,0.7067116498947144,0.6922441720962524,0.7218201160430908,0.47776782512664795,0.6391569375991821,0.7000679969787598,0.5821534395217896,0.6702380776405334,0.6087253093719482,0.7222179174423218,0.5061177611351013,0.7988654375076294,0.3876844048500061,0.6209347248077393,0.5252381563186646
RoadAccidents#2,0.3664466142654419,0.1169462502002716,0.280198335647583,0.2277795374393463,0.2602900266647339,0.30720600485801697,0.19479790329933167,0.15555857121944427,0.17912347614765167,0.25673002004623413,0.5507683753967285,0.5000000596046448,0.5638715624809265,0.4426324963569641,0.5023576021194458,0.6316006183624268,0.569195568561554,0.4989134669303894,0.5587670803070068,0.4208400249481201,0.5814162492752075,0.48989659547805786,0.3466430902481079,0.5682989358901978,0.4729485809803009,0.5577837228775024,0.6067295074462891,0.5763472318649292,0.5295952558517456,0.5438108444213867,0.5947400331497192,0.5869867205619812,0.5432295203208923,0.542782187461853,0.5939904451370239,0.47804951667785645,0.4712340235710144,0.4870631694793701,0.5746550559997559,0.5911221504211426,0.5860334634780884,0.48803600668907166,0.6181316375732422,0.49508872628211975,0.5927351713180542,0.5662567615509033,0.4943516254425049,0.4238189160823822,0.3830106258392334,0.539268434047699,0.5353524684906006,0.5359817743301392,0.5257726907730103,0.5147503614425659,0.5630457401275635,0.5326886177062988,0.618134617805481,0.5299872756004333,0.5813005566596985,0.548750638961792,0.5573939085006714,0.5279113054275513,0.5221892595291138,0.6138075590133667,0.4903162121772766,0.5480280518531799,0.5060151815414429,0.5635806322097778,0.5795413255691528,0.5712302327156067,0.5447167158126831,0.4718581438064575,0.4500325620174408,0.47731834650039673,0.48450154066085815,0.3842625916004181,0.5343738794326782,0.43927431106567383,0.45607590675354004,0.4686209559440613,0.6212595105171204,0.7154565453529358,0.9999998807907104,0.705846905708313,0.7119255065917969,0.6755098700523376,0.77569580078125,0.7529994249343872,0.7015186548233032,0.834365963935852,0.5330031514167786,0.48112791776657104,0.5289350748062134,0.6046869158744812,0.5118026733398438,0.5972771048545837,0.5352558493614197,0.5651689767837524,0.525173008441925,0.6425058841705322,0.5842856168746948,0.5763133764266968,0.526688814163208,0.6004236340522766,0.588468074798584,0.6458519697189331,0.5752756595611572,0.5670567154884338,0.5724214315414429,0.501244068145752,0.5346947908401489,0.5356714129447937,0.5832393765449524,0.6096879839897156,0.5487803816795349,0.49488019943237305,0.526139497756958,0.5182334184646606,0.6281594038009644,0.4311870038509369,0.5841265916824341,0.5772866010665894,0.600501537322998,0.5578718781471252,0.5320109724998474,0.6683958768844604,0.5555687546730042,0.5890649557113647,0.40644371509552,0.5771249532699585,0.5364470481872559,0.5619572401046753,0.5856866836547852,0.5506240725517273,0.5150203704833984,0.2999088764190674,0.6123926639556885,0.26285967230796814,0.5989948511123657,0.4293074607849121
RoadAccidents#3,0.33963894844055176,0.15532433986663818,0.3070930242538452,0.20740561187267303,0.2957913875579834,0.26654309034347534,0.24679753184318542,0.16202348470687866,0.1749393194913864,0.3432207703590393,0.6625491380691528,0.5964319705963135,0.6841182112693787,0.4204089641571045,0.609653651714325,0.6648901700973511,0.6664345264434814,0.6648530960083008,0.6378761529922485,0.5228098630905151,0.6320000886917114,0.598961591720581,0.3868425488471985,0.6303418874740601,0.612068772315979,0.6486994028091431,0.5987961292266846,0.669861912727356,0.5230838656425476,0.6922321319580078,0.6601016521453857,0.641156017780304,0.7231622338294983,0.7082538604736328,0.6461153626441956,0.6387646794319153,0.5431487560272217,0.7187096476554871,0.6696935296058655,0.6540203094482422,0.6749894022941589,0.5394573211669922,0.7775043249130249,0.5842950344085693,0.6430209875106812,0.6539134979248047,0.5851119756698608,0.5568381547927856,0.48409175872802734,0.588957667350769,0.605498194694519,0.615928590297699,0.6143684983253479,0.5724925994873047,0.6246408820152283,0.6011502742767334,0.6849888563156128,0.610805869102478,0.6770482063293457,0.6352468729019165,0.6848076581954956,0.6716688275337219,0.5936751365661621,0.6732431650161743,0.6425420045852661,0.6258166432380676,0.6188144683837891,0.647799015045166,0.6652089953422546,0.7269238233566284,0.6486550569534302,0.643217921257019,0.5004962682723999,0.6261698603630066,0.5858025550842285,0.4577982723712921,0.6479936838150024,0.6440455317497253,0.5869262218475342,0.6213123798370361,0.8516976237297058,0.772381067276001,0.705846905708313,1.0,0.790961503982544,0.7735215425491333,0.7604584097862244,0.9113917350769043,0.7108980417251587,0.7736579179763794,0.6578874588012695,0.6443136930465698,0.6120246052742004,0.6492915153503418,0.5731834173202515,0.6873470544815063,0.608911395072937,0.6610679626464844,0.5932117700576782,0.672939121723175,0.6154288053512573,0.5817786455154419,0.6221568584442139,0.6483227014541626,0.6021209955215454,0.6212023496627808,0.5807739496231079,0.6649051904678345,0.5621491074562073,0.5401124954223633,0.6105372309684753,0.5550516843795776,0.5904751420021057,0.6174361109733582,0.6009421944618225,0.5242012143135071,0.6294516324996948,0.6254696249961853,0.6533125638961792,0.6095700263977051,0.6822759509086609,0.6523936986923218,0.6827006340026855,0.6829313039779663,0.5863083004951477,0.6739293336868286,0.6220955848693848,0.7134163975715637,0.5110653638839722,0.5996649265289307,0.6794511079788208,0.6884806156158447,0.5377277135848999,0.591204047203064,0.6331847310066223,0.4703056812286377,0.6864256858825684,0.3164280652999878,0.675940752029419,0.6881828904151917
RoadAccidents#4,0.45118993520736694,0.12908101081848145,0.24563062191009521,0.2375682294368744,0.30539512634277344,0.35626840591430664,0.21675309538841248,0.16867241263389587,0.1740727424621582,0.2902434468269348,0.6643906831741333,0.6155409812927246,0.6564592719078064,0.4787275791168213,0.6286267638206482,0.7215060591697693,0.6924291849136353,0.626998782157898,0.6656323671340942,0.4916960597038269,0.6479510068893433,0.6161273717880249,0.3539053201675415,0.6550208330154419,0.5989229679107666,0.6294963359832764,0.6041260957717896,0.6031409502029419,0.5651394128799438,0.6774662733078003,0.6170814037322998,0.5781127214431763,0.6515028476715088,0.6197742819786072,0.6295555233955383,0.48929768800735474,0.5021808743476868,0.5690363645553589,0.6485722661018372,0.6202939748764038,0.6495161056518555,0.5945905447006226,0.74379563331604,0.6136525869369507,0.676054835319519,0.6551491022109985,0.5658540725708008,0.5285003781318665,0.4492931365966797,0.5729759931564331,0.6272155046463013,0.6047927737236023,0.5917612314224243,0.5594237446784973,0.6676596999168396,0.5742244124412537,0.6477386355400085,0.5818427801132202,0.6752063035964966,0.6568624973297119,0.6142807006835938,0.5082182884216309,0.5058168768882751,0.6643432378768921,0.5476967096328735,0.5572154521942139,0.5231031179428101,0.6025826930999756,0.5673174858093262,0.6971903443336487,0.6321064829826355,0.618628978729248,0.4667949974536896,0.599791944026947,0.5154322385787964,0.40207719802856445,0.6378461718559265,0.5245878100395203,0.4843837022781372,0.5718798637390137,0.6908406019210815,0.8679397106170654,0.7119255065917969,0.790961503982544,1.0,0.700430691242218,0.8309131860733032,0.84514319896698,0.6602160334587097,0.8232462406158447,0.627066969871521,0.6473784446716309,0.6458724737167358,0.6550532579421997,0.6025354862213135,0.7415717840194702,0.5956614017486572,0.6744582653045654,0.6112192869186401,0.7331463098526001,0.6343637704849243,0.5948797464370728,0.5892347097396851,0.6231366395950317,0.6760790348052979,0.7064620852470398,0.5978505611419678,0.6646840572357178,0.612544596195221,0.5403302311897278,0.636206865310669,0.6020901799201965,0.5932105779647827,0.6612920761108398,0.6057209968566895,0.5240669250488281,0.5453660488128662,0.5876504182815552,0.6793521642684937,0.5757154226303101,0.6165074110031128,0.6784769296646118,0.6960989832878113,0.5951424837112427,0.5773191452026367,0.6460713744163513,0.6853197813034058,0.7312991619110107,0.47093817591667175,0.617883563041687,0.6667906641960144,0.6020380258560181,0.5699738264083862,0.6006639003753662,0.6592141389846802,0.42770642042160034,0.6870641708374023,0.2815564274787903,0.6560415625572205,0.5127511024475098
RoadAccidents#5,0.3927726447582245,0.21660292148590088,0.3873094320297241,0.28250420093536377,0.3096320331096649,0.3321076035499573,0.2594563961029053,0.19854310154914856,0.20986872911453247,0.336785227060318,0.5426510572433472,0.4935868978500366,0.5848145484924316,0.39433813095092773,0.5024742484092712,0.5948249101638794,0.5609030723571777,0.5285118818283081,0.5001925826072693,0.4098355174064636,0.6310659646987915,0.5402169227600098,0.48450273275375366,0.6127018332481384,0.5817850828170776,0.6164554357528687,0.6311466693878174,0.643470048904419,0.5912619829177856,0.5896413326263428,0.6437259316444397,0.5872633457183838,0.6505182981491089,0.5830585360527039,0.5741653442382812,0.615807294845581,0.5609213709831238,0.6108494400978088,0.5618842244148254,0.5871069431304932,0.5754594802856445,0.43361586332321167,0.6345940828323364,0.47201400995254517,0.5353447198867798,0.5963294506072998,0.4628714323043823,0.438230037689209,0.3852483034133911,0.48523199558258057,0.5286705493927002,0.533584475517273,0.5337615013122559,0.5614275932312012,0.6188446283340454,0.5434287190437317,0.600528359413147,0.4994138479232788,0.6130591630935669,0.5592526793479919,0.5672274231910706,0.6188874840736389,0.5207266211509705,0.6933096647262573,0.5322273969650269,0.5177150368690491,0.6087526082992554,0.581322431564331,0.6147174835205078,0.7078852653503418,0.5909723043441772,0.4814191162586212,0.4427773654460907,0.5430668592453003,0.49283236265182495,0.42093414068222046,0.5396827459335327,0.5064029693603516,0.5407397747039795,0.4496375024318695,0.7352551221847534,0.7636309862136841,0.6755098700523376,0.7735215425491333,0.700430691242218,1.0,0.6718401908874512,0.802666187286377,0.7561210989952087,0.7082167863845825,0.5897170305252075,0.5422972440719604,0.5846458673477173,0.6411464214324951,0.5928832292556763,0.594995379447937,0.602177619934082,0.582066535949707,0.5587159395217896,0.5834914445877075,0.5803121328353882,0.5372194051742554,0.5057373642921448,0.5975790619850159,0.5842076539993286,0.5877382755279541,0.5244002938270569,0.580736517906189,0.515656054019928,0.5135064125061035,0.566487729549408,0.6137053966522217,0.5916810631752014,0.5820719003677368,0.6189547181129456,0.6207021474838257,0.5727369785308838,0.6001862287521362,0.6445395946502686,0.5606429576873779,0.6736124157905579,0.6034977436065674,0.6200118064880371,0.6328694820404053,0.6016043424606323,0.6673771142959595,0.5924015045166016,0.6422703266143799,0.4273774027824402,0.6528635025024414,0.603590726852417,0.6091722249984741,0.6069724559783936,0.5764799118041992,0.6156299114227295,0.448686808347702,0.7669044733047485,0.36560124158859253,0.6185173988342285,0.5826748609542847
RoadAccidents#6,0.3007543683052063,0.10376758128404617,0.18493279814720154,0.16957798600196838,0.2836747169494629,0.21010488271713257,0.18737533688545227,0.11339077353477478,0.14304545521736145,0.2900252938270569,0.7464542388916016,0.7007471323013306,0.764645516872406,0.5107547044754028,0.7047867774963379,0.7927137613296509,0.7829619646072388,0.733898401260376,0.7441698908805847,0.5594217777252197,0.7173148989677429,0.6132403612136841,0.33558958768844604,0.7004024982452393,0.6430132389068604,0.6742266416549683,0.6919362545013428,0.6864196062088013,0.5587306022644043,0.7320642471313477,0.677735447883606,0.6657125949859619,0.7073108553886414,0.7280892133712769,0.7456752061843872,0.5604989528656006,0.5427221059799194,0.6513330936431885,0.7241488099098206,0.7216947078704834,0.7280228137969971,0.6636197566986084,0.7730571031570435,0.6660745143890381,0.7563357353210449,0.733137845993042,0.6506943702697754,0.6011822819709778,0.5157314538955688,0.6584964990615845,0.695008397102356,0.6997337341308594,0.6875950694084167,0.6186159253120422,0.7097753286361694,0.6753255128860474,0.7516484260559082,0.6649062037467957,0.7441753149032593,0.7307629585266113,0.7089259624481201,0.6305374503135681,0.5843517780303955,0.7203699350357056,0.6463392972946167,0.6403329968452454,0.5718424916267395,0.6708564162254333,0.6516625285148621,0.7091233730316162,0.6816948652267456,0.7310404777526855,0.5467897653579712,0.6844044923782349,0.6095399260520935,0.46035730838775635,0.7089684009552002,0.6160916090011597,0.5588244199752808,0.6628575325012207,0.7207534313201904,0.799444317817688,0.77569580078125,0.7604584097862244,0.8309131860733032,0.6718401908874512,0.9999996423721313,0.8449317216873169,0.7325971722602844,0.806365430355072,0.7150818705558777,0.6879693269729614,0.6765347719192505,0.7291245460510254,0.6108093857765198,0.8136191368103027,0.6621686220169067,0.7556666135787964,0.6598758697509766,0.7907203435897827,0.6554228067398071,0.6505385041236877,0.6623239517211914,0.6803751587867737,0.6817514300346375,0.7661289572715759,0.6577554941177368,0.7180164456367493,0.6472876071929932,0.5865315198898315,0.6777914762496948,0.588826596736908,0.6606191396713257,0.7096856832504272,0.6541433930397034,0.5306186676025391,0.611298680305481,0.6532421112060547,0.7321086525917053,0.6031428575515747,0.7134449481964111,0.7397239208221436,0.7830042243003845,0.6816883087158203,0.6758175492286682,0.7327470183372498,0.7045998573303223,0.7698804140090942,0.5661370158195496,0.6956045627593994,0.6993177533149719,0.7149018049240112,0.5735937356948853,0.6435723304748535,0.6346239447593689,0.4273664951324463,0.6793409585952759,0.2507798373699188,0.7339293956756592,0.5995022058486938
RoadAccidents#7,0.33913469314575195,0.12303392589092255,0.2993994355201721,0.1985567808151245,0.2923615276813507,0.24676336348056793,0.20871508121490479,0.1329296976327896,0.15139615535736084,0.3060442805290222,0.7128739356994629,0.6288780570030212,0.7117975950241089,0.4439154267311096,0.6433694958686829,0.7013850212097168,0.7109872102737427,0.6957069635391235,0.6780012249946594,0.5414764881134033,0.6934370994567871,0.6078625917434692,0.3659648001194,0.6734063625335693,0.6335707902908325,0.6518404483795166,0.6622292995452881,0.6827307343482971,0.5730229020118713,0.7038244009017944,0.7095640897750854,0.6890332102775574,0.7466561794281006,0.7194721102714539,0.693379282951355,0.5976760387420654,0.5908911228179932,0.6936647891998291,0.7160447835922241,0.6832740902900696,0.6952747106552124,0.5857220888137817,0.7737843990325928,0.6109278202056885,0.6989251375198364,0.7109310626983643,0.6191933751106262,0.5795894265174866,0.5034997463226318,0.6172815561294556,0.6727167367935181,0.6857485771179199,0.6447409987449646,0.6132950186729431,0.6800898313522339,0.64715576171875,0.7195218801498413,0.6471397876739502,0.7229831218719482,0.6860653162002563,0.7277224063873291,0.661893367767334,0.6096236705780029,0.7552707195281982,0.6546017527580261,0.6790683269500732,0.6264045238494873,0.6930497884750366,0.6944015622138977,0.780990481376648,0.6605284214019775,0.6563401222229004,0.5133361220359802,0.63362717628479,0.5806474685668945,0.44551923871040344,0.6788062453269958,0.625011682510376,0.5758160352706909,0.6267209053039551,0.8092218637466431,0.8479783535003662,0.7529994249343872,0.9113917350769043,0.84514319896698,0.802666187286377,0.8449317216873169,1.0,0.7977772355079651,0.8101522326469421,0.7042756676673889,0.6672161221504211,0.6649891138076782,0.7038239240646362,0.6316438317298889,0.7322492599487305,0.6587328910827637,0.7144216895103455,0.6741766929626465,0.7280527353286743,0.6741551756858826,0.6419451236724854,0.6631102561950684,0.6985875368118286,0.6704980731010437,0.7015900611877441,0.6462876796722412,0.7239058017730713,0.6386762857437134,0.583325982093811,0.6612840890884399,0.613720178604126,0.6483412981033325,0.6940524578094482,0.6504067182540894,0.5439884662628174,0.6101576685905457,0.6677836179733276,0.7188589572906494,0.619552731513977,0.6934295892715454,0.6931958198547363,0.7477471232414246,0.6748225092887878,0.6540229320526123,0.7266184091567993,0.6564233303070068,0.7547705173492432,0.5468401908874512,0.6575214862823486,0.7003506422042847,0.7034499049186707,0.6053453087806702,0.6432976126670837,0.667724072933197,0.45717668533325195,0.7299308776855469,0.2610349655151367,0.7199086546897888,0.6206021904945374
RoadAccidents#8,0.3164992928504944,0.16745617985725403,0.33149731159210205,0.2527284026145935,0.33230364322662354,0.23002800345420837,0.24237816035747528,0.18088901042938232,0.18409796059131622,0.33659082651138306,0.6637486219406128,0.5709105730056763,0.6564141511917114,0.45239341259002686,0.6080048084259033,0.6675282716751099,0.6505361795425415,0.6089284420013428,0.6182095408439636,0.512664794921875,0.7153664827346802,0.5156327486038208,0.4357861876487732,0.6212828755378723,0.6265333890914917,0.645045280456543,0.7526183128356934,0.6560660600662231,0.6084054112434387,0.6142361164093018,0.7182722091674805,0.674490749835968,0.6685128211975098,0.6757824420928955,0.6951193809509277,0.613315999507904,0.6642030477523804,0.6074995398521423,0.6661466360092163,0.6803135871887207,0.6576292514801025,0.5785788297653198,0.6610003113746643,0.5735161304473877,0.6721639633178711,0.7256765365600586,0.5870279669761658,0.5231635570526123,0.4989642798900604,0.6076364517211914,0.6613578796386719,0.6390039920806885,0.6040460467338562,0.5774483680725098,0.6608357429504395,0.6686891317367554,0.685218095779419,0.5754449367523193,0.6931495666503906,0.6318895816802979,0.6942979097366333,0.6946536898612976,0.5955235958099365,0.8151141405105591,0.6003599166870117,0.6763607263565063,0.6908173561096191,0.6577832698822021,0.6956781148910522,0.7704888582229614,0.6635489463806152,0.570024847984314,0.5354679226875305,0.5917410254478455,0.5898804664611816,0.5151186585426331,0.6631730794906616,0.541429340839386,0.5879498720169067,0.5299052596092224,0.66828852891922,0.7102833390235901,0.7015186548233032,0.7108980417251587,0.6602160334587097,0.7561210989952087,0.7325971722602844,0.7977772355079651,1.0,0.6791150569915771,0.6304502487182617,0.5737216472625732,0.6420937180519104,0.7183414697647095,0.6292760372161865,0.6737626791000366,0.6790617108345032,0.669810950756073,0.6471337080001831,0.6660524606704712,0.6863124370574951,0.6968802809715271,0.6413385272026062,0.7079159021377563,0.695949137210846,0.7388189435005188,0.6802986860275269,0.6922751665115356,0.6748962998390198,0.6251745223999023,0.5939574241638184,0.6543481945991516,0.6669080257415771,0.6635918617248535,0.6732439994812012,0.5775504112243652,0.5890190601348877,0.6186419725418091,0.6939951777458191,0.5107240676879883,0.6776537299156189,0.5906895995140076,0.6810203790664673,0.6479799747467041,0.6839834451675415,0.7014526128768921,0.6038835644721985,0.6408705711364746,0.5325195789337158,0.6773862242698669,0.6395185589790344,0.6942055225372314,0.6376192569732666,0.697308361530304,0.6460590362548828,0.43311530351638794,0.7144237756729126,0.2958378195762634,0.7165077924728394,0.545386552810669
RoadAccidents#9,0.4128795862197876,0.23041978478431702,0.357150673866272,0.30024924874305725,0.3484722077846527,0.33349865674972534,0.2699560523033142,0.229725182056427,0.2809254229068756,0.3716800808906555,0.5826420783996582,0.5436975955963135,0.6286014318466187,0.4688194990158081,0.5449860692024231,0.6624351739883423,0.6350128054618835,0.5458285808563232,0.5825964212417603,0.4220075309276581,0.6279400587081909,0.5831055641174316,0.4535128176212311,0.6018476486206055,0.6128932237625122,0.645992636680603,0.6212031245231628,0.6127922534942627,0.6016774773597717,0.6515510678291321,0.6202563643455505,0.5734543800354004,0.5799270868301392,0.5674397349357605,0.5952341556549072,0.4935929775238037,0.5275945663452148,0.5303108096122742,0.5973080396652222,0.5963248610496521,0.6223355531692505,0.5163931846618652,0.7242125272750854,0.5303036570549011,0.6028792262077332,0.6407474279403687,0.5070056915283203,0.4755862355232239,0.3944300413131714,0.5257197022438049,0.5313919186592102,0.5292635560035706,0.5288599133491516,0.5034037232398987,0.5883355736732483,0.5706710815429688,0.6137938499450684,0.5245158672332764,0.6044735312461853,0.5940359830856323,0.582116961479187,0.5496968626976013,0.5375837683677673,0.6659567356109619,0.5203099250793457,0.5466826558113098,0.5659770965576172,0.5887659788131714,0.5825865268707275,0.6394256353378296,0.6256555318832397,0.5703932642936707,0.4615235924720764,0.6051394939422607,0.528939425945282,0.48231083154678345,0.5912227034568787,0.5085315108299255,0.5434162020683289,0.5119317770004272,0.6983094215393066,0.7668185234069824,0.834365963935852,0.7736579179763794,0.8232462406158447,0.7082167863845825,0.806365430355072,0.8101522326469421,0.6791150569915771,1.0,0.5582512021064758,0.5565301179885864,0.5684382915496826,0.6518470644950867,0.5684951543807983,0.6582644581794739,0.5852927565574646,0.6002858281135559,0.5254096984863281,0.659550666809082,0.5960482358932495,0.5581003427505493,0.5131984949111938,0.5753889083862305,0.6052107214927673,0.6531130075454712,0.5617868304252625,0.5765484571456909,0.5241769552230835,0.4987149238586426,0.5712584853172302,0.5985573530197144,0.578235924243927,0.6268489360809326,0.5820344686508179,0.5297860503196716,0.5680232048034668,0.5578534603118896,0.641957700252533,0.5365301370620728,0.5864536762237549,0.6500856876373291,0.6141741275787354,0.5859907865524292,0.5715384483337402,0.6619980335235596,0.6007288694381714,0.6602494716644287,0.4275398850440979,0.6249247789382935,0.5655452609062195,0.5829118490219116,0.5357407331466675,0.5740476846694946,0.5935741662979126,0.4018474519252777,0.6473343372344971,0.2926560044288635,0.631643533706665,0.4677119553089142
Robbery#0,0.1367843747138977,-0.0036973990499973297,0.0017247460782527924,0.03529289364814758,0.18981531262397766,0.008259840309619904,0.03924264758825302,-0.056861378252506256,-0.009655378758907318,0.2081066071987152,0.7860959768295288,0.7453079223632812,0.8521297574043274,0.41653186082839966,0.7025038003921509,0.779100775718689,0.8044297695159912,0.7908681631088257,0.6866111755371094,0.5731852054595947,0.7489147186279297,0.5869675874710083,0.30782705545425415,0.6430041790008545,0.728033185005188,0.6376427412033081,0.678312361240387,0.7118491530418396,0.5280911326408386,0.6975504755973816,0.7344275712966919,0.7417625188827515,0.6994389295578003,0.7770377397537231,0.8105624914169312,0.5689206123352051,0.5398762822151184,0.627417802810669,0.8257341384887695,0.7546262741088867,0.8430715799331665,0.6409665942192078,0.7954764366149902,0.5811586380004883,0.7038673162460327,0.8041579723358154,0.6608673930168152,0.5679287910461426,0.5344243049621582,0.6914992332458496,0.7916494607925415,0.8428465127944946,0.8078089952468872,0.7704046368598938,0.740717351436615,0.7329100370407104,0.8167693614959717,0.8406293392181396,0.8158658742904663,0.8069970607757568,0.7167314291000366,0.6130549907684326,0.5105979442596436,0.6832255125045776,0.6904822587966919,0.6401004791259766,0.5596972107887268,0.5360879898071289,0.5960889458656311,0.7271113991737366,0.7315043210983276,0.6326332092285156,0.5061525106430054,0.659467875957489,0.5592664480209351,0.46247801184654236,0.7237197756767273,0.6273033022880554,0.6105430126190186,0.6482333540916443,0.7024610042572021,0.6397602558135986,0.5330031514167786,0.6578874588012695,0.627066969871521,0.5897170305252075,0.7150818705558777,0.7042756676673889,0.6304502487182617,0.5582512021064758,1.0,0.8500800728797913,0.7080801725387573,0.8212835192680359,0.799858808517456,0.8432964086532593,0.77321457862854,0.9049731492996216,0.8484607934951782,0.8597791194915771,0.7525564432144165,0.7662012577056885,0.7625809907913208,0.8175173401832581,0.7224369049072266,0.7218799591064453,0.6843002438545227,0.8001360893249512,0.7259085178375244,0.5985234975814819,0.7848290205001831,0.6654638051986694,0.7344213128089905,0.7446764707565308,0.7432354092597961,0.5046787858009338,0.6607697010040283,0.7759381532669067,0.8327984809875488,0.625255823135376,0.7464479207992554,0.7360765933990479,0.8358484506607056,0.7452706694602966,0.706661581993103,0.7562340497970581,0.7443089485168457,0.8012442588806152,0.595453679561615,0.7250545024871826,0.7715091109275818,0.8015926480293274,0.5738202929496765,0.7315884828567505,0.6584237813949585,0.36991703510284424,0.6478250026702881,0.13058191537857056,0.815954327583313,0.6531955599784851
Robbery#1,0.2904193103313446,0.13762082159519196,0.12823477387428284,0.21206851303577423,0.3195417523384094,0.19208833575248718,0.20604410767555237,0.14187711477279663,0.1456868201494217,0.3241972327232361,0.7747384309768677,0.7299861311912537,0.8079941272735596,0.41765955090522766,0.7760725021362305,0.7285938858985901,0.7727211713790894,0.7787834405899048,0.7050831317901611,0.6134855151176453,0.6947674751281738,0.5976351499557495,0.34396398067474365,0.697037398815155,0.7176918983459473,0.6541764736175537,0.6828808784484863,0.6775612235069275,0.523593544960022,0.6953648328781128,0.6573803424835205,0.6578260660171509,0.6381741762161255,0.7316457629203796,0.7207374572753906,0.542199969291687,0.5007209181785583,0.6116265058517456,0.7355589866638184,0.6557962894439697,0.8272712826728821,0.7324627041816711,0.7563949823379517,0.6516082286834717,0.7168910503387451,0.7876356244087219,0.6916567087173462,0.6415056586265564,0.613120973110199,0.6595975756645203,0.7418375611305237,0.7923649549484253,0.7121261358261108,0.6755690574645996,0.7019640207290649,0.639474630355835,0.7427933812141418,0.7069649696350098,0.773151695728302,0.7644612193107605,0.6891691088676453,0.5531280040740967,0.5257759690284729,0.636599600315094,0.6555205583572388,0.5991469621658325,0.5598709583282471,0.5468153953552246,0.5873488187789917,0.6624346971511841,0.7849852442741394,0.7052169442176819,0.5895187854766846,0.7289098501205444,0.6317059993743896,0.5192687511444092,0.7732606530189514,0.6740306615829468,0.639100193977356,0.7091692686080933,0.6315165758132935,0.6707801818847656,0.48112791776657104,0.6443136930465698,0.6473784446716309,0.5422972440719604,0.6879693269729614,0.6672161221504211,0.5737216472625732,0.5565301179885864,0.8500800728797913,1.000000238418579,0.7128626108169556,0.7658190727233887,0.8014761209487915,0.8411850929260254,0.7211081981658936,0.830130934715271,0.7296468615531921,0.8207480907440186,0.6995531320571899,0.6776069402694702,0.7129180431365967,0.737328290939331,0.7022049427032471,0.6950109004974365,0.6803795099258423,0.7453009486198425,0.6583382487297058,0.6322808861732483,0.7849335670471191,0.6836423873901367,0.7433969974517822,0.7553825378417969,0.7238447666168213,0.6369752287864685,0.625267505645752,0.7821487188339233,0.7824290990829468,0.6951793432235718,0.713476300239563,0.815666675567627,0.7905573844909668,0.6933563947677612,0.648776113986969,0.7192230820655823,0.7696981430053711,0.7885211706161499,0.6393142938613892,0.7017651796340942,0.7755371332168579,0.7539119720458984,0.5455660223960876,0.7142553925514221,0.7229758501052856,0.47843092679977417,0.633529782295227,0.27870073914527893,0.760796070098877,0.61474609375
Robbery#2,0.41929787397384644,0.25630244612693787,0.3197556734085083,0.40533632040023804,0.4693468511104584,0.3241695463657379,0.3633173108100891,0.27915745973587036,0.2507965564727783,0.38667476177215576,0.7423975467681885,0.6926901340484619,0.6958889961242676,0.6447532773017883,0.7511457204818726,0.6581759452819824,0.7476563453674316,0.6999615430831909,0.7266980409622192,0.6563397645950317,0.740070641040802,0.6910702586174011,0.5051717162132263,0.7270210385322571,0.6864820122718811,0.6991152763366699,0.7442508935928345,0.7220849990844727,0.6935948133468628,0.7320764064788818,0.626700758934021,0.6105235815048218,0.6074039340019226,0.6250789165496826,0.6428300142288208,0.5997710227966309,0.6000946164131165,0.5897551774978638,0.6633166074752808,0.6142895221710205,0.705312967300415,0.7260346412658691,0.6320480704307556,0.6747907400131226,0.7448641061782837,0.7334225177764893,0.7138779163360596,0.6422446966171265,0.6542505025863647,0.7306084632873535,0.6808133125305176,0.6845991611480713,0.6142302751541138,0.6180872321128845,0.7930789589881897,0.6087000370025635,0.6328718662261963,0.591093897819519,0.7037862539291382,0.6792513132095337,0.6278592944145203,0.5183150768280029,0.5628989934921265,0.6614172458648682,0.5494371652603149,0.6025021076202393,0.6361579895019531,0.6155165433883667,0.6076077222824097,0.6783578395843506,0.6586514711380005,0.6637762784957886,0.6299916505813599,0.6540272235870361,0.6368848085403442,0.6116772890090942,0.7035806179046631,0.6174488663673401,0.6122488379478455,0.6398370265960693,0.5452803373336792,0.7122235894203186,0.5289350748062134,0.6120246052742004,0.6458724737167358,0.5846458673477173,0.6765347719192505,0.6649891138076782,0.6420937180519104,0.5684382915496826,0.7080801725387573,0.7128626108169556,1.0,0.6929484605789185,0.6674971580505371,0.7730922698974609,0.7555167078971863,0.7751498818397522,0.7213436365127563,0.736964225769043,0.7312488555908203,0.723463773727417,0.6607373952865601,0.6803680658340454,0.7787820100784302,0.769230842590332,0.7415270209312439,0.7011430263519287,0.7066776752471924,0.7113296389579773,0.7211817502975464,0.6985315680503845,0.7112545967102051,0.6886438131332397,0.7054986953735352,0.637813925743103,0.5855506062507629,0.7322454452514648,0.7484788298606873,0.6847171783447266,0.7238451242446899,0.7024368047714233,0.7454208135604858,0.6541857719421387,0.7092669010162354,0.6964161396026611,0.7737782001495361,0.753385603427887,0.7171361446380615,0.7554260492324829,0.6748642921447754,0.6597328782081604,0.612783670425415,0.6655560731887817,0.6648561954498291,0.5563117265701294,0.686326265335083,0.401043564081192,0.6925144195556641,0.5719045400619507
Robbery#3,0.23659537732601166,0.11174415796995163,0.16244249045848846,0.1954166144132614,0.3158571720123291,0.12756431102752686,0.17372789978981018,0.0955210030078888,0.13441772758960724,0.31858474016189575,0.7499439716339111,0.6859522461891174,0.8247973918914795,0.4095381498336792,0.7015520334243774,0.7830280065536499,0.7664785385131836,0.7387872934341431,0.6666715145111084,0.5219144225120544,0.8059673309326172,0.6004809141159058,0.4042852520942688,0.6678155660629272,0.7500840425491333,0.7403748035430908,0.780992865562439,0.78367018699646,0.599479079246521,0.7046136260032654,0.766472578048706,0.7274876236915588,0.6951223611831665,0.728840708732605,0.8258603811264038,0.6086626052856445,0.6062778830528259,0.6238645911216736,0.7533252239227295,0.771355390548706,0.8134514093399048,0.6336212158203125,0.7804086208343506,0.5793002843856812,0.7016794085502625,0.8420761823654175,0.6181788444519043,0.5747201442718506,0.5194370746612549,0.6649029850959778,0.8007746934890747,0.8011912703514099,0.8138204216957092,0.7454245686531067,0.7921010851860046,0.7840691804885864,0.8346236348152161,0.8170242309570312,0.8140215873718262,0.8186008930206299,0.7015550136566162,0.6156291961669922,0.5943825840950012,0.7766216993331909,0.6547424793243408,0.6207871437072754,0.6354385614395142,0.5924385786056519,0.6596391797065735,0.7369011640548706,0.7728937864303589,0.6430374383926392,0.5647512078285217,0.7352242469787598,0.6277175545692444,0.5252488255500793,0.6776890158653259,0.6354460120201111,0.6688693761825562,0.616102933883667,0.6469918489456177,0.6581173539161682,0.6046869158744812,0.6492915153503418,0.6550532579421997,0.6411464214324951,0.7291245460510254,0.7038239240646362,0.7183414697647095,0.6518470644950867,0.8212835192680359,0.7658190727233887,0.6929484605789185,1.0,0.7778360843658447,0.8214128017425537,0.7887428998947144,0.8461130857467651,0.7860550880432129,0.8754109144210815,0.7981914281845093,0.7882136106491089,0.727299690246582,0.832764744758606,0.7669937610626221,0.7799885272979736,0.7179762125015259,0.8157458901405334,0.7087181806564331,0.6704229116439819,0.7560961246490479,0.7308164238929749,0.7832119464874268,0.7657861709594727,0.7882615327835083,0.6276998519897461,0.6926738619804382,0.7688432931900024,0.8459457159042358,0.6933749914169312,0.7929184436798096,0.7950764894485474,0.8145250082015991,0.7779533863067627,0.7815368175506592,0.8630278706550598,0.7407435178756714,0.7896009683609009,0.5870043039321899,0.8479717969894409,0.7615378499031067,0.8028296232223511,0.6524333953857422,0.7941097021102905,0.704048752784729,0.4792165756225586,0.6953362226486206,0.2653703987598419,0.8185443878173828,0.6374653577804565
Robbery#4,0.3468560576438904,0.20726728439331055,0.2550458014011383,0.3094848394393921,0.43412482738494873,0.23430368304252625,0.24715445935726166,0.20276367664337158,0.20170673727989197,0.3837028741836548,0.6499855518341064,0.6019425392150879,0.7080059051513672,0.4031441807746887,0.6062649488449097,0.681363046169281,0.6669363379478455,0.6241888999938965,0.5541281700134277,0.4687741696834564,0.7255635857582092,0.5552011728286743,0.43019288778305054,0.6313122510910034,0.6925995349884033,0.6477405428886414,0.7002604603767395,0.7009240388870239,0.6205781102180481,0.6265907287597656,0.7058192491531372,0.6631743311882019,0.5795308947563171,0.6597706079483032,0.6952972412109375,0.5510960817337036,0.5784332156181335,0.5331831574440002,0.6918851137161255,0.6535017490386963,0.7360931634902954,0.5776416659355164,0.676598072052002,0.4969733953475952,0.592766284942627,0.7548670768737793,0.5356836318969727,0.4934529662132263,0.48285651206970215,0.5690462589263916,0.6627697348594666,0.6754379868507385,0.5936053991317749,0.6744612455368042,0.6747567653656006,0.6213148832321167,0.6782546043395996,0.6308002471923828,0.6886478066444397,0.6818524599075317,0.6094763875007629,0.529339611530304,0.537711501121521,0.6764127016067505,0.5892870426177979,0.5806897282600403,0.6220412254333496,0.5458191633224487,0.6166969537734985,0.6659305095672607,0.760786771774292,0.5485159754753113,0.4855201244354248,0.6746090650558472,0.5685567855834961,0.5362005233764648,0.6794238686561584,0.6048263311386108,0.6018439531326294,0.5125316381454468,0.5360564589500427,0.6456971168518066,0.5118026733398438,0.5731834173202515,0.6025354862213135,0.5928832292556763,0.6108093857765198,0.6316438317298889,0.6292760372161865,0.5684951543807983,0.799858808517456,0.8014761209487915,0.6674971580505371,0.7778360843658447,0.9999998211860657,0.7100492715835571,0.7061327695846558,0.7317147850990295,0.759880542755127,0.7080047130584717,0.7245945930480957,0.6881252527236938,0.6216191649436951,0.7653736472129822,0.7340017557144165,0.6772395372390747,0.6515194177627563,0.710063099861145,0.6642539501190186,0.6071349382400513,0.7530474662780762,0.7851682901382446,0.7740755081176758,0.7436708211898804,0.7801802158355713,0.7007684111595154,0.6371150016784668,0.7951464653015137,0.7933447360992432,0.6400046348571777,0.6826478242874146,0.6905508041381836,0.6777228713035583,0.6474369168281555,0.6498814225196838,0.6744174361228943,0.6663193702697754,0.6763306260108948,0.5143169164657593,0.6990969181060791,0.6920206546783447,0.6829608678817749,0.6011897325515747,0.7447288036346436,0.7083640694618225,0.48255428671836853,0.6730997562408447,0.31311309337615967,0.7138053178787231,0.5143998861312866
Robbery#5,0.268233060836792,0.07445327192544937,0.1188252791762352,0.17484404146671295,0.28816038370132446,0.14828476309776306,0.168300598859787,0.08611589670181274,0.11846229434013367,0.27853018045425415,0.8581344485282898,0.7734584808349609,0.859110951423645,0.5617090463638306,0.8332141041755676,0.8258065581321716,0.8607915639877319,0.8139954209327698,0.7951771020889282,0.6550475358963013,0.8108880519866943,0.6835460662841797,0.354940265417099,0.7807123064994812,0.763063371181488,0.7328375577926636,0.7498413324356079,0.7452540993690491,0.5812598466873169,0.8018020391464233,0.7194358110427856,0.708078145980835,0.6857348680496216,0.7594794034957886,0.7866823077201843,0.5725272297859192,0.5760365724563599,0.6189848184585571,0.7961606979370117,0.7358070611953735,0.8213494420051575,0.8187711238861084,0.793328046798706,0.7089943885803223,0.8058240413665771,0.8635403513908386,0.7439277172088623,0.6741547584533691,0.6188128590583801,0.7756294012069702,0.8054660558700562,0.8172231912612915,0.7868364453315735,0.7307597398757935,0.8003159165382385,0.7005532383918762,0.7965301871299744,0.7744074463844299,0.8304587006568909,0.8115365505218506,0.746433675289154,0.5915932655334473,0.5675997734069824,0.6878283619880676,0.6703037023544312,0.6838886737823486,0.5902342796325684,0.6321642398834229,0.6273719072341919,0.7341166734695435,0.7443827390670776,0.7566794157028198,0.6068506240844727,0.7107486724853516,0.6292403936386108,0.5155732035636902,0.7872542142868042,0.6339802742004395,0.5998938083648682,0.7282837629318237,0.6767339110374451,0.722051739692688,0.5972771048545837,0.6873470544815063,0.7415717840194702,0.594995379447937,0.8136191368103027,0.7322492599487305,0.6737626791000366,0.6582644581794739,0.8432964086532593,0.8411850929260254,0.7730922698974609,0.8214128017425537,0.7100492715835571,0.9999997615814209,0.7460012435913086,0.8992581367492676,0.7708103656768799,0.9032477140426636,0.7770383358001709,0.7823143005371094,0.7618522644042969,0.7756879329681396,0.8074814081192017,0.8324571847915649,0.7598129510879517,0.81072998046875,0.7668525576591492,0.655846357345581,0.7833645939826965,0.6875173449516296,0.7536783814430237,0.7640798091888428,0.7309479713439941,0.5620428323745728,0.6442434191703796,0.7530494928359985,0.8130149841308594,0.6868844032287598,0.743078351020813,0.8318103551864624,0.8658454418182373,0.7168466448783875,0.7243142127990723,0.7784379720687866,0.8130273818969727,0.8541933298110962,0.6574041843414307,0.7570205926895142,0.7565052509307861,0.7623310089111328,0.6338213682174683,0.7022260427474976,0.7225930690765381,0.44974589347839355,0.6859711408615112,0.24866119027137756,0.8477401733398438,0.6196746826171875
Robbery#6,0.2573389410972595,0.20250248908996582,0.2129773646593094,0.23162369430065155,0.3246316611766815,0.17966197431087494,0.21059894561767578,0.1282666027545929,0.18311086297035217,0.380687415599823,0.8104013204574585,0.7449448704719543,0.8332154154777527,0.5063496232032776,0.8041070699691772,0.756149172782898,0.8186389803886414,0.8036352396011353,0.7867566347122192,0.7337659597396851,0.7265187501907349,0.6054285764694214,0.48735228180885315,0.6365524530410767,0.78155916929245,0.6744984984397888,0.8280720710754395,0.7413478493690491,0.6477208137512207,0.6914423704147339,0.7063941955566406,0.6627485752105713,0.6261870265007019,0.71711266040802,0.761057436466217,0.6131365299224854,0.568690299987793,0.569495677947998,0.7376539707183838,0.708219051361084,0.8581991195678711,0.7296380996704102,0.7262125611305237,0.738215446472168,0.8113824129104614,0.8588575124740601,0.7860503196716309,0.7013765573501587,0.7237457036972046,0.7718394994735718,0.7119157314300537,0.7448765635490417,0.688683032989502,0.6226093769073486,0.6948761343955994,0.6685980558395386,0.744605541229248,0.6404571533203125,0.7264071702957153,0.666265606880188,0.6654586791992188,0.6003236174583435,0.6026387214660645,0.743963897228241,0.6183034181594849,0.6035768389701843,0.6186906099319458,0.5846039056777954,0.6286858320236206,0.649966299533844,0.7632625699043274,0.677531361579895,0.7447540760040283,0.7803126573562622,0.7392815947532654,0.6055169105529785,0.7212187051773071,0.6506298184394836,0.7932273149490356,0.7489355802536011,0.6096749305725098,0.6122680902481079,0.5352558493614197,0.608911395072937,0.5956614017486572,0.602177619934082,0.6621686220169067,0.6587328910827637,0.6790617108345032,0.5852927565574646,0.77321457862854,0.7211081981658936,0.7555167078971863,0.7887428998947144,0.7061327695846558,0.7460012435913086,1.0,0.7683553695678711,0.7411520481109619,0.7100580930709839,0.7564787864685059,0.7943557500839233,0.7723621726036072,0.748360276222229,0.7357653379440308,0.7812057137489319,0.7762724757194519,0.7227178812026978,0.6921711564064026,0.8192062973976135,0.6675924062728882,0.7111164927482605,0.741909384727478,0.7133163809776306,0.7693343162536621,0.6255795955657959,0.6603601574897766,0.7260043025016785,0.7786962389945984,0.6846369504928589,0.7550845742225647,0.6390985250473022,0.7381005883216858,0.7079184055328369,0.6832987070083618,0.7647801041603088,0.6765395402908325,0.7307801246643066,0.7805143594741821,0.7681111693382263,0.6446549892425537,0.826812744140625,0.5691800713539124,0.7829277515411377,0.5810123682022095,0.41934919357299805,0.6927777528762817,0.2757951617240906,0.7730842232704163,0.5478154420852661
Robbery#7,0.2081233561038971,0.011966753751039505,0.044136397540569305,0.14177961647510529,0.246723011136055,0.07728411257266998,0.09974553436040878,0.007462311536073685,0.037491653114557266,0.23548352718353271,0.8401466608047485,0.7539412379264832,0.8333614468574524,0.49837198853492737,0.7616109848022461,0.7932430505752563,0.8180970549583435,0.7843688726425171,0.7485038638114929,0.6325670480728149,0.8135751485824585,0.6228936910629272,0.3346393406391144,0.7264553308486938,0.7313867807388306,0.7042612433433533,0.7508958578109741,0.7406954169273376,0.5987622737884521,0.7350409030914307,0.7277914881706238,0.7519963979721069,0.7001910209655762,0.774537205696106,0.8217496871948242,0.5866228938102722,0.5788298845291138,0.6352357864379883,0.8227905035018921,0.7488964796066284,0.8260526657104492,0.7099220752716064,0.7919430732727051,0.650944709777832,0.7688905596733093,0.8130955696105957,0.7049617767333984,0.6181193590164185,0.5968795418739319,0.7623319625854492,0.839715838432312,0.8490585088729858,0.8204801082611084,0.8017839193344116,0.8305927515029907,0.7464264631271362,0.8345105051994324,0.8429958820343018,0.8292734622955322,0.8444352746009827,0.7370657920837402,0.5975090265274048,0.5328773260116577,0.7009234428405762,0.6663257479667664,0.6527504920959473,0.5709453225135803,0.5691250562667847,0.6036743521690369,0.7335426807403564,0.7259677052497864,0.6615917682647705,0.5742307901382446,0.6794039011001587,0.5959093570709229,0.5194105505943298,0.7600349187850952,0.6018792390823364,0.5952087640762329,0.6827877163887024,0.6854625344276428,0.6717883348464966,0.5651689767837524,0.6610679626464844,0.6744582653045654,0.582066535949707,0.7556666135787964,0.7144216895103455,0.669810950756073,0.6002858281135559,0.9049731492996216,0.830130934715271,0.7751498818397522,0.8461130857467651,0.7317147850990295,0.8992581367492676,0.7683553695678711,1.0,0.8075604438781738,0.9183264970779419,0.7624668478965759,0.8112447261810303,0.7797954082489014,0.800508975982666,0.7778509855270386,0.7849009037017822,0.750516414642334,0.8103548288345337,0.771095871925354,0.6486697196960449,0.8224997520446777,0.7050276398658752,0.7921479940414429,0.8034847974777222,0.7881978750228882,0.5629990100860596,0.6794367432594299,0.7764853835105896,0.8771113157272339,0.6644883751869202,0.7638492584228516,0.7746326923370361,0.8954631090164185,0.7630774974822998,0.743816614151001,0.7880592942237854,0.8276172280311584,0.8538856506347656,0.6682561635971069,0.7890239357948303,0.7648206949234009,0.7852507829666138,0.6274631023406982,0.7359870672225952,0.6715058088302612,0.4001810550689697,0.6666179895401001,0.17422063648700714,0.8463477492332458,0.632999062538147
Robbery#8,0.22480355203151703,0.08716883510351181,0.12516355514526367,0.1537143886089325,0.274208128452301,0.12045484781265259,0.1286979466676712,0.06293757259845734,0.09091995656490326,0.2630155682563782,0.7157749533653259,0.6488794088363647,0.772788405418396,0.4692865014076233,0.6321669816970825,0.7149126529693604,0.7181292176246643,0.6883924603462219,0.611209511756897,0.5169360637664795,0.7342252731323242,0.6025340557098389,0.3322639465332031,0.6187971234321594,0.7053786516189575,0.6197341680526733,0.6561651229858398,0.7398484945297241,0.5649433135986328,0.6697324514389038,0.754899263381958,0.7303643226623535,0.6605244278907776,0.7090401649475098,0.7421339750289917,0.5576542615890503,0.5981451869010925,0.5900932550430298,0.8013383746147156,0.7157482504844666,0.7486236095428467,0.6003613471984863,0.7026896476745605,0.5263639688491821,0.6389995813369751,0.7914316654205322,0.5984008312225342,0.49898797273635864,0.4920921325683594,0.6766932010650635,0.7352583408355713,0.7839232683181763,0.7287042140960693,0.7063418030738831,0.7352206707000732,0.685086190700531,0.7157309055328369,0.7298580408096313,0.7818425297737122,0.7405651211738586,0.6740243434906006,0.5632082223892212,0.5320476293563843,0.6986432075500488,0.6414480805397034,0.6428468227386475,0.5937666296958923,0.56825852394104,0.6171729564666748,0.7162832617759705,0.7175413370132446,0.5872929096221924,0.47374826669692993,0.6096133589744568,0.5537561178207397,0.48350629210472107,0.6939064264297485,0.6110188364982605,0.5716961622238159,0.5483814477920532,0.6027735471725464,0.6499232053756714,0.525173008441925,0.5932117700576782,0.6112192869186401,0.5587159395217896,0.6598758697509766,0.6741766929626465,0.6471337080001831,0.5254096984863281,0.8484607934951782,0.7296468615531921,0.7213436365127563,0.7860550880432129,0.759880542755127,0.7708103656768799,0.7411520481109619,0.8075604438781738,1.0,0.7690126895904541,0.815285325050354,0.8401250839233398,0.7429700493812561,0.8335585594177246,0.8358274698257446,0.7492249011993408,0.7368202209472656,0.8323825597763062,0.8111509084701538,0.614063024520874,0.7343761920928955,0.7107006907463074,0.7337125539779663,0.7122712135314941,0.7248349189758301,0.533810019493103,0.5816407799720764,0.7125572562217712,0.7563340663909912,0.5819010734558105,0.7125797271728516,0.6932406425476074,0.7781878709793091,0.6726923584938049,0.737218976020813,0.7244837284088135,0.7269058227539062,0.7637364864349365,0.5622494220733643,0.7087714672088623,0.7372372150421143,0.7368403077125549,0.6401968598365784,0.7536176443099976,0.6740387678146362,0.44759631156921387,0.6710425019264221,0.2185191661119461,0.7620143890380859,0.5978494882583618
Robbery#9,0.2478942573070526,0.015723638236522675,0.06732843816280365,0.14670640230178833,0.2608415484428406,0.11921463906764984,0.10898825526237488,0.02331792563199997,0.05024398863315582,0.2375451922416687,0.7925342321395874,0.7298917174339294,0.8024652004241943,0.4735817611217499,0.7409136891365051,0.806541919708252,0.7962524890899658,0.7561867237091064,0.7175818681716919,0.5642102360725403,0.7796162366867065,0.591718316078186,0.31893306970596313,0.7211290597915649,0.6820275783538818,0.6974061727523804,0.7098370790481567,0.7076190114021301,0.5505355596542358,0.7091137766838074,0.7152396440505981,0.7284014225006104,0.6869645118713379,0.7421181201934814,0.8153318762779236,0.555046796798706,0.5569757223129272,0.6131173968315125,0.7876161336898804,0.7464004755020142,0.8060595989227295,0.7039937376976013,0.7818673849105835,0.6217924356460571,0.7478922605514526,0.7997931241989136,0.6712589859962463,0.5966617465019226,0.5352076292037964,0.7031559944152832,0.8124605417251587,0.8089654445648193,0.8238610029220581,0.7735123038291931,0.8292909264564514,0.7397546768188477,0.8245054483413696,0.8540784120559692,0.8296889066696167,0.8620554208755493,0.7299567461013794,0.5822018384933472,0.5486189126968384,0.6942360401153564,0.646478533744812,0.669131875038147,0.5665047764778137,0.5921299457550049,0.6083405017852783,0.7235068082809448,0.7080625295639038,0.6474890112876892,0.5315449237823486,0.6422022581100464,0.5566558241844177,0.47005757689476013,0.7149255871772766,0.5937796235084534,0.5699785947799683,0.6514595746994019,0.6839599013328552,0.7129238843917847,0.6425058841705322,0.672939121723175,0.7331463098526001,0.5834914445877075,0.7907203435897827,0.7280527353286743,0.6660524606704712,0.659550666809082,0.8597791194915771,0.8207480907440186,0.736964225769043,0.8754109144210815,0.7080047130584717,0.9032477140426636,0.7100580930709839,0.9183264970779419,0.7690126895904541,0.9999998807907104,0.7559512853622437,0.7768154740333557,0.7415837049484253,0.7835545539855957,0.7697309255599976,0.7834421396255493,0.7104201316833496,0.8032546043395996,0.735001802444458,0.5994296669960022,0.7900995016098022,0.6752820014953613,0.7617279291152954,0.7783644199371338,0.7372847199440002,0.552419126033783,0.6541752815246582,0.7403472065925598,0.8587204813957214,0.6253741383552551,0.7568984031677246,0.808537483215332,0.9025923013687134,0.7677145004272461,0.7352133989334106,0.7997075319290161,0.8163756132125854,0.8617686033248901,0.600417971611023,0.8019947409629822,0.7656896114349365,0.7544720768928528,0.6150434613227844,0.7090599536895752,0.6880434155464172,0.4012150466442108,0.6386409997940063,0.17489871382713318,0.8179198503494263,0.6186786890029907
Shooting#0,0.31478139758110046,0.1846162974834442,0.24074377119541168,0.2261718213558197,0.37998852133750916,0.20983731746673584,0.2582935392856598,0.1946195513010025,0.1969631165266037,0.34959372878074646,0.7306919097900391,0.5877177715301514,0.770856499671936,0.5318179726600647,0.6636135578155518,0.6874899864196777,0.6960393190383911,0.6806209087371826,0.6457438468933105,0.5673075914382935,0.793979287147522,0.6732300519943237,0.4529000520706177,0.7087883949279785,0.7387349605560303,0.740820586681366,0.744592547416687,0.8239232301712036,0.6414476633071899,0.7247398495674133,0.7563203573226929,0.7029075622558594,0.6463996767997742,0.6841030120849609,0.7266405820846558,0.5923925638198853,0.6429306268692017,0.5795979499816895,0.7533940076828003,0.6908459067344666,0.7597878575325012,0.6517601013183594,0.6903802156448364,0.5918881297111511,0.6653839349746704,0.8228742480278015,0.6275317668914795,0.5780630111694336,0.5639787316322327,0.689246654510498,0.7297293543815613,0.7313965559005737,0.6792349219322205,0.6448401212692261,0.7059594988822937,0.6558983325958252,0.7086448669433594,0.6514300107955933,0.7293381690979004,0.6922998428344727,0.7049627304077148,0.5644388198852539,0.6307626366615295,0.7175451517105103,0.6297891139984131,0.6803805828094482,0.6740344762802124,0.6254276037216187,0.6789140701293945,0.7199364900588989,0.709634006023407,0.6029244661331177,0.5700640678405762,0.6143433451652527,0.6169091463088989,0.5148957371711731,0.6742143034934998,0.5750526785850525,0.5958980321884155,0.5841703414916992,0.5694472789764404,0.6675480604171753,0.5842856168746948,0.6154288053512573,0.6343637704849243,0.5803121328353882,0.6554228067398071,0.6741551756858826,0.6863124370574951,0.5960482358932495,0.7525564432144165,0.6995531320571899,0.7312488555908203,0.7981914281845093,0.7245945930480957,0.7770383358001709,0.7564787864685059,0.7624668478965759,0.815285325050354,0.7559512853622437,1.0,0.9025909900665283,0.7783653140068054,0.9092108607292175,0.9020249843597412,0.863833487033844,0.8589022755622864,0.8606195449829102,0.8718198537826538,0.7241809368133545,0.6720581650733948,0.6774129867553711,0.7115678787231445,0.6675004959106445,0.7265434861183167,0.5766891837120056,0.5828865766525269,0.657028317451477,0.742690920829773,0.6099838018417358,0.6844164729118347,0.699344277381897,0.7397871017456055,0.6430176496505737,0.6818336248397827,0.7428689002990723,0.6672621965408325,0.7235361337661743,0.5865051746368408,0.7136602401733398,0.6691800355911255,0.6995118856430054,0.6988611221313477,0.7346554398536682,0.6817684173583984,0.4672987461090088,0.6863548159599304,0.3233916759490967,0.7870893478393555,0.517667293548584
Shooting#1,0.28788989782333374,0.11549466103315353,0.1665007770061493,0.17903493344783783,0.3256683945655823,0.16053332388401031,0.18121592700481415,0.11383827030658722,0.14427220821380615,0.2998771369457245,0.7687534689903259,0.6541988849639893,0.7937610149383545,0.5476869344711304,0.7056878805160522,0.7111804485321045,0.7372316122055054,0.7112421989440918,0.7018862962722778,0.6249536275863647,0.7720814943313599,0.5959511399269104,0.4312132000923157,0.6718353033065796,0.7125526666641235,0.6820971965789795,0.774263858795166,0.7882190346717834,0.6354832053184509,0.6837146282196045,0.7505028247833252,0.724481999874115,0.6365710496902466,0.7221472263336182,0.7668893337249756,0.5944485664367676,0.6208755970001221,0.5591980218887329,0.7868579626083374,0.7083580493927002,0.7854370474815369,0.693124532699585,0.7067388892173767,0.6389957070350647,0.7210999727249146,0.8360272645950317,0.6842247247695923,0.5946010947227478,0.609947919845581,0.7602086067199707,0.753564715385437,0.7477684020996094,0.7069728374481201,0.6658610105514526,0.7166829109191895,0.6804202795028687,0.7280689477920532,0.6747143864631653,0.7259632349014282,0.7067643404006958,0.7212053537368774,0.5882052183151245,0.583526611328125,0.7269607782363892,0.6302006244659424,0.6903026700019836,0.6347996592521667,0.5971698760986328,0.6518035531044006,0.6920746564865112,0.7248828411102295,0.6219378709793091,0.6029050946235657,0.6333446502685547,0.6439023017883301,0.5408315658569336,0.7306092977523804,0.5674276351928711,0.6049785017967224,0.6210201978683472,0.5674728751182556,0.6244303584098816,0.5763133764266968,0.5817786455154419,0.5948797464370728,0.5372194051742554,0.6505385041236877,0.6419451236724854,0.6968802809715271,0.5581003427505493,0.7662012577056885,0.6776069402694702,0.723463773727417,0.7882136106491089,0.6881252527236938,0.7823143005371094,0.7943557500839233,0.8112447261810303,0.8401250839233398,0.7768154740333557,0.9025909900665283,1.0000001192092896,0.8068282008171082,0.8662415742874146,0.862874448299408,0.84625244140625,0.87824547290802,0.8524123430252075,0.8622034788131714,0.7537815570831299,0.6664495468139648,0.6860765218734741,0.7411962747573853,0.6965184211730957,0.7406810522079468,0.5368051528930664,0.6024881601333618,0.6505847573280334,0.7620811462402344,0.5654518604278564,0.6851235628128052,0.647642970085144,0.7588649988174438,0.648577094078064,0.7141225337982178,0.7432186603546143,0.6882098913192749,0.7162296175956726,0.6501314640045166,0.7116836309432983,0.6560443639755249,0.7379946708679199,0.6810539960861206,0.7624238729476929,0.6126129031181335,0.3930675983428955,0.6604020595550537,0.2439003884792328,0.8105916976928711,0.5014616250991821
Shooting#2,0.1414269059896469,0.03435331583023071,0.04565220698714256,0.08758964389562607,0.23008334636688232,0.058646880090236664,0.09062656760215759,0.01264595240354538,0.032792553305625916,0.22188174724578857,0.8465225696563721,0.7185088396072388,0.7735913991928101,0.4489096403121948,0.777118444442749,0.6804543733596802,0.7500702738761902,0.7813098430633545,0.7670223712921143,0.7169054746627808,0.6957814693450928,0.5137696266174316,0.2923192083835602,0.6123446226119995,0.6327645778656006,0.6004347801208496,0.7067155838012695,0.6551926136016846,0.4616052210330963,0.6355758905410767,0.7399560809135437,0.7234711647033691,0.719449520111084,0.8228499293327332,0.7621641159057617,0.6199458837509155,0.6056869029998779,0.6395288705825806,0.7874094247817993,0.7177464962005615,0.8074548244476318,0.7324450016021729,0.7053669691085815,0.7051549553871155,0.782856822013855,0.7986767292022705,0.7562992572784424,0.7067564725875854,0.6979477405548096,0.8048601150512695,0.7871712446212769,0.7728931307792664,0.7529861330986023,0.6695071458816528,0.6516757011413574,0.6591364145278931,0.7476197481155396,0.7090880870819092,0.7239723801612854,0.6951503753662109,0.796160876750946,0.5955035090446472,0.6052819490432739,0.7086904048919678,0.7206721305847168,0.7038362622261047,0.600155234336853,0.6046879291534424,0.6758873462677002,0.7248033881187439,0.6844785809516907,0.6591527462005615,0.6375235319137573,0.6556049585342407,0.6236258745193481,0.4762483835220337,0.7017470598220825,0.6232055425643921,0.6017160415649414,0.7250014543533325,0.6247777938842773,0.595399022102356,0.526688814163208,0.6221568584442139,0.5892347097396851,0.5057373642921448,0.6623239517211914,0.6631102561950684,0.6413385272026062,0.5131984949111938,0.7625809907913208,0.7129180431365967,0.6607373952865601,0.727299690246582,0.6216191649436951,0.7618522644042969,0.7723621726036072,0.7797954082489014,0.7429700493812561,0.7415837049484253,0.7783653140068054,0.8068282008171082,1.0,0.8171089887619019,0.7249309420585632,0.7787659168243408,0.8271546363830566,0.8307991027832031,0.8138426542282104,0.768785834312439,0.6738300323486328,0.6062796711921692,0.6744862794876099,0.6916231513023376,0.6929792165756226,0.5118050575256348,0.6188918352127075,0.6924533843994141,0.718212366104126,0.6368517875671387,0.6792243719100952,0.6453436613082886,0.7490854263305664,0.6528346538543701,0.6311107873916626,0.7103314399719238,0.6701407432556152,0.7199535369873047,0.7135822772979736,0.6223670840263367,0.6827119588851929,0.7834901809692383,0.5656812191009521,0.7147197723388672,0.6178668737411499,0.40911149978637695,0.5655522346496582,0.19316762685775757,0.7967230081558228,0.5883222818374634
Shooting#3,0.23183375597000122,0.09379508346319199,0.1331145465373993,0.13316398859024048,0.3018677830696106,0.1176682859659195,0.16670113801956177,0.08550684154033661,0.10811655223369598,0.2953130006790161,0.7315254211425781,0.6295694708824158,0.8065099716186523,0.4240395426750183,0.6425992846488953,0.7285689115524292,0.7245522737503052,0.6948378086090088,0.6456249952316284,0.5370076298713684,0.7639299631118774,0.5900644063949585,0.36707785725593567,0.6349587440490723,0.722560703754425,0.6977443099021912,0.7223330736160278,0.791104793548584,0.5554134845733643,0.6849642992019653,0.822265625,0.7810909748077393,0.7233824729919434,0.7767930626869202,0.8247885704040527,0.6435935497283936,0.6382295489311218,0.6426149606704712,0.8224787712097168,0.7793856859207153,0.8066273927688599,0.6022452116012573,0.7486463785171509,0.563022255897522,0.6617048978805542,0.8217242956161499,0.6096783876419067,0.5475243330001831,0.5222616195678711,0.6728366613388062,0.751510739326477,0.7806096076965332,0.7357423305511475,0.7147289514541626,0.718278169631958,0.710767388343811,0.7834540605545044,0.7283905148506165,0.7872906923294067,0.7426089644432068,0.7556841373443604,0.6384023427963257,0.6233119964599609,0.749138355255127,0.7125084400177002,0.6941114068031311,0.689900279045105,0.6036168932914734,0.6985564231872559,0.7769547700881958,0.7438433170318604,0.5985819101333618,0.5130003690719604,0.6497021913528442,0.5877577066421509,0.48842552304267883,0.6760954856872559,0.595037579536438,0.5759450197219849,0.5873836278915405,0.6382663249969482,0.6505382061004639,0.6004236340522766,0.6483227014541626,0.6231366395950317,0.5975790619850159,0.6803751587867737,0.6985875368118286,0.7079159021377563,0.5753889083862305,0.8175173401832581,0.737328290939331,0.6803680658340454,0.832764744758606,0.7653736472129822,0.7756879329681396,0.748360276222229,0.800508975982666,0.8335585594177246,0.7835545539855957,0.9092108607292175,0.8662415742874146,0.8171089887619019,0.9999998807907104,0.8184919357299805,0.827299952507019,0.8124575614929199,0.8862702250480652,0.8345734477043152,0.6756255030632019,0.7118273973464966,0.678443193435669,0.728123664855957,0.7057271003723145,0.7610352635383606,0.5581605434417725,0.6484521627426147,0.7037249803543091,0.7663909196853638,0.5854949951171875,0.7566095590591431,0.7100785970687866,0.7681028246879578,0.728327751159668,0.703691303730011,0.7803268432617188,0.6989690065383911,0.750715970993042,0.5604316592216492,0.7162739634513855,0.7369803190231323,0.7785857915878296,0.6872420310974121,0.7693651914596558,0.6821257472038269,0.4245775640010834,0.6889981031417847,0.25644049048423767,0.80667644739151,0.5993515253067017
Shooting#4,0.367824912071228,0.17306487262248993,0.26551175117492676,0.2956922948360443,0.43329840898513794,0.27811360359191895,0.27451467514038086,0.22649766504764557,0.20138022303581238,0.3498336672782898,0.7217791080474854,0.6023294925689697,0.7463846802711487,0.594249963760376,0.6873857975006104,0.6951037645339966,0.6999547481536865,0.656730055809021,0.6595389246940613,0.562660813331604,0.7991294264793396,0.6763778328895569,0.45537269115448,0.7363865375518799,0.7201452255249023,0.7328345775604248,0.7611448764801025,0.7900530695915222,0.6913071870803833,0.73311847448349,0.724605917930603,0.6889300346374512,0.601377010345459,0.6498476266860962,0.6834992170333862,0.5650073289871216,0.6368474960327148,0.5382362604141235,0.7418715953826904,0.6686830520629883,0.7248694896697998,0.6875881552696228,0.6685372591018677,0.6038801670074463,0.6887844204902649,0.8167481422424316,0.6295504570007324,0.5504453182220459,0.5557376146316528,0.7006310224533081,0.7140048742294312,0.7050942182540894,0.6469723582267761,0.6472190618515015,0.768006443977356,0.6061527132987976,0.6784484386444092,0.6118646860122681,0.7387512922286987,0.6894902586936951,0.6652045249938965,0.5215308666229248,0.5925285816192627,0.6984698176383972,0.5812411308288574,0.678119421005249,0.6564819812774658,0.6299958229064941,0.6552647352218628,0.7129479646682739,0.7107870578765869,0.5914217233657837,0.565758466720581,0.6237332820892334,0.6093794107437134,0.5224019289016724,0.7121480703353882,0.5559793710708618,0.5666260719299316,0.5580878257751465,0.5471717119216919,0.6863377094268799,0.588468074798584,0.6021209955215454,0.6760790348052979,0.5842076539993286,0.6817514300346375,0.6704980731010437,0.695949137210846,0.6052107214927673,0.7224369049072266,0.7022049427032471,0.7787820100784302,0.7669937610626221,0.7340017557144165,0.8074814081192017,0.7357653379440308,0.7778509855270386,0.8358274698257446,0.7697309255599976,0.9020249843597412,0.862874448299408,0.7249309420585632,0.8184919357299805,0.9999998211860657,0.8688035607337952,0.820279061794281,0.8198926448822021,0.8361799716949463,0.703136682510376,0.7057645320892334,0.74226975440979,0.7527495622634888,0.7130323052406311,0.7481188178062439,0.6313068866729736,0.5748999118804932,0.6788291931152344,0.7581493854522705,0.6030466556549072,0.6737241148948669,0.6955834627151489,0.7516088485717773,0.6247925162315369,0.6844441890716553,0.7268150448799133,0.7575814723968506,0.7486035823822021,0.603355348110199,0.7354164719581604,0.6643358469009399,0.6798365116119385,0.7162969708442688,0.7394498586654663,0.6847563982009888,0.4616970419883728,0.7018415927886963,0.34307098388671875,0.785547137260437,0.4926510751247406
Shooting#5,0.28712689876556396,0.14603176712989807,0.19511166214942932,0.21128442883491516,0.3530583381652832,0.1904115229845047,0.22910618782043457,0.17457610368728638,0.18942230939865112,0.3067529797554016,0.8108251690864563,0.7211559414863586,0.8013838529586792,0.6431280374526978,0.793292760848999,0.7597452402114868,0.8053893446922302,0.7448132634162903,0.8391077518463135,0.6997370719909668,0.7832680940628052,0.6740604639053345,0.42548155784606934,0.6956208944320679,0.7186084985733032,0.7492985129356384,0.8338146209716797,0.7609606385231018,0.6427615880966187,0.7688207626342773,0.7205797433853149,0.660795271396637,0.6216937303543091,0.6888109445571899,0.734726071357727,0.5785001516342163,0.6157931685447693,0.5462215542793274,0.7507162690162659,0.691257894039154,0.7881059646606445,0.786276638507843,0.685664713382721,0.7659791707992554,0.8436856269836426,0.8304710984230042,0.7695777416229248,0.6735066175460815,0.681938111782074,0.8024805784225464,0.7389553785324097,0.733259916305542,0.6733270883560181,0.6060130596160889,0.7067199945449829,0.6451021432876587,0.7274754047393799,0.622649073600769,0.7358092069625854,0.6684700846672058,0.7082451581954956,0.5526536107063293,0.6139650344848633,0.6930633783340454,0.5979263782501221,0.6828572750091553,0.618721067905426,0.6331434845924377,0.6543844938278198,0.6847063302993774,0.7289472818374634,0.7104854583740234,0.6906623244285583,0.6680982112884521,0.7027409076690674,0.5221167206764221,0.7464977502822876,0.5635077953338623,0.5967445373535156,0.7045914530754089,0.5618575811386108,0.6759496927261353,0.6458519697189331,0.6212023496627808,0.7064620852470398,0.5877382755279541,0.7661289572715759,0.7015900611877441,0.7388189435005188,0.6531130075454712,0.7218799591064453,0.6950109004974365,0.769230842590332,0.7799885272979736,0.6772395372390747,0.8324571847915649,0.7812057137489319,0.7849009037017822,0.7492249011993408,0.7834421396255493,0.863833487033844,0.84625244140625,0.7787659168243408,0.827299952507019,0.8688035607337952,1.0000001192092896,0.8697097301483154,0.8042672872543335,0.825915515422821,0.7866606712341309,0.6643688678741455,0.6806329488754272,0.7377837896347046,0.6884177923202515,0.7035665512084961,0.5988038182258606,0.586493968963623,0.6718273162841797,0.7390168905258179,0.5998711585998535,0.708152174949646,0.6871606111526489,0.7475776672363281,0.6267104148864746,0.6898152828216553,0.7521877288818359,0.7025940418243408,0.7348438501358032,0.6973744630813599,0.7082808017730713,0.6537044048309326,0.7351528406143188,0.6294721364974976,0.7395080327987671,0.6284984946250916,0.42839863896369934,0.6904579997062683,0.31100255250930786,0.8259636163711548,0.5109584331512451
Shooting#6,0.3359241783618927,0.16944491863250732,0.22079148888587952,0.24625806510448456,0.3925955891609192,0.21784648299217224,0.24994111061096191,0.18562665581703186,0.187022402882576,0.337909460067749,0.8089212775230408,0.6862122416496277,0.7648538947105408,0.6116902232170105,0.7938873767852783,0.6938050985336304,0.7440305948257446,0.7522058486938477,0.7869925498962402,0.7454748749732971,0.7540079355239868,0.6181839108467102,0.43884140253067017,0.7168274521827698,0.6815695762634277,0.7036223411560059,0.8154900074005127,0.7513749599456787,0.6091291308403015,0.7140189409255981,0.6766653060913086,0.644321620464325,0.5770566463470459,0.6692157983779907,0.687333345413208,0.5630308389663696,0.5922741889953613,0.5355393886566162,0.7043721675872803,0.6283719539642334,0.7783826589584351,0.7899911403656006,0.6577237248420715,0.7532559633255005,0.8053545355796814,0.8070818781852722,0.8008205890655518,0.7279453277587891,0.7338623404502869,0.8065263032913208,0.7311657667160034,0.7120665907859802,0.6543511152267456,0.5856308937072754,0.6705701351165771,0.6270272731781006,0.6932351589202881,0.5888873934745789,0.6721131801605225,0.6316413879394531,0.6751283407211304,0.5371963977813721,0.6148990988731384,0.6609771251678467,0.5626270771026611,0.6868613362312317,0.5958030819892883,0.6158018112182617,0.6274861097335815,0.6221692562103271,0.7112255096435547,0.7064917087554932,0.7495218515396118,0.6805328130722046,0.7604472637176514,0.5450909733772278,0.7901855707168579,0.5891770124435425,0.6399384140968323,0.7347532510757446,0.5267307162284851,0.628022313117981,0.5752756595611572,0.5807739496231079,0.5978505611419678,0.5244002938270569,0.6577554941177368,0.6462876796722412,0.6802986860275269,0.5617868304252625,0.6843002438545227,0.6803795099258423,0.7415270209312439,0.7179762125015259,0.6515194177627563,0.7598129510879517,0.7762724757194519,0.750516414642334,0.7368202209472656,0.7104201316833496,0.8589022755622864,0.87824547290802,0.8271546363830566,0.8124575614929199,0.820279061794281,0.8697097301483154,0.9999995827674866,0.7913430333137512,0.8314559459686279,0.8644487261772156,0.6365379691123962,0.6526615619659424,0.727802038192749,0.6770720481872559,0.6993151903152466,0.6146512627601624,0.5829570293426514,0.6614725589752197,0.7187202572822571,0.638719916343689,0.6798635125160217,0.6411635875701904,0.729111909866333,0.5927342176437378,0.6747654676437378,0.7213908433914185,0.6569135189056396,0.7096230983734131,0.747194230556488,0.6636384725570679,0.5884048938751221,0.723656177520752,0.6114712357521057,0.6917601227760315,0.5956805348396301,0.4298030436038971,0.6223530173301697,0.2854636609554291,0.7785035371780396,0.47285792231559753
Shooting#7,0.24158108234405518,0.09137392044067383,0.13895577192306519,0.14347416162490845,0.2882881164550781,0.13615918159484863,0.1822543740272522,0.10652341693639755,0.11737611144781113,0.2987382411956787,0.7897566556930542,0.6436201333999634,0.7695297002792358,0.469026654958725,0.6870179176330566,0.693642258644104,0.7311806678771973,0.7324497699737549,0.6679525375366211,0.5656145811080933,0.7653805017471313,0.6006759405136108,0.36538106203079224,0.7025814652442932,0.6842588186264038,0.6855382919311523,0.7096146941184998,0.7498325109481812,0.5449221134185791,0.7088167071342468,0.7695792317390442,0.7226132154464722,0.7450165152549744,0.7896792888641357,0.7769985795021057,0.6153953075408936,0.628071665763855,0.6644359827041626,0.8021212816238403,0.7397067546844482,0.7619372606277466,0.6767034530639648,0.7348744869232178,0.6006207466125488,0.6958228349685669,0.797038197517395,0.6260725855827332,0.5974946022033691,0.559441328048706,0.7150192260742188,0.8038758039474487,0.7980920076370239,0.7620064616203308,0.7201943397521973,0.7457164525985718,0.6839613914489746,0.7578827738761902,0.7397431135177612,0.7773310542106628,0.7780420780181885,0.7880508303642273,0.6136457324028015,0.6023181080818176,0.763573169708252,0.7201458215713501,0.7295161485671997,0.6651296615600586,0.6607136726379395,0.6913278102874756,0.8059325218200684,0.7198566198348999,0.6438031196594238,0.527864396572113,0.6465772390365601,0.598961353302002,0.4714455008506775,0.7152243852615356,0.633934497833252,0.5701414942741394,0.629734992980957,0.6606594324111938,0.6759976744651794,0.5670567154884338,0.6649051904678345,0.6646840572357178,0.580736517906189,0.7180164456367493,0.7239058017730713,0.6922751665115356,0.5765484571456909,0.8001360893249512,0.7453009486198425,0.7011430263519287,0.8157458901405334,0.710063099861145,0.81072998046875,0.7227178812026978,0.8103548288345337,0.8323825597763062,0.8032546043395996,0.8606195449829102,0.8524123430252075,0.8307991027832031,0.8862702250480652,0.8198926448822021,0.8042672872543335,0.7913430333137512,0.9999997019767761,0.8538464307785034,0.6866644620895386,0.7147222757339478,0.6480698585510254,0.691354513168335,0.6905667781829834,0.7148523330688477,0.5391231775283813,0.5916342735290527,0.6900743246078491,0.7499191164970398,0.6656177043914795,0.7021942138671875,0.7402652502059937,0.7931925058364868,0.6722368001937866,0.6717079877853394,0.7368694543838501,0.7300355434417725,0.7713048458099365,0.5925874710083008,0.6786386370658875,0.766139805316925,0.7351692914962769,0.6881792545318604,0.7426910400390625,0.7324144244194031,0.5059221386909485,0.6444451212882996,0.2790444791316986,0.7846757173538208,0.6203299760818481
Shooting#8,0.21529525518417358,0.06286020576953888,0.12574009597301483,0.16906455159187317,0.28155699372291565,0.13903136551380157,0.1426510512828827,0.08647697418928146,0.09657258540391922,0.2294330596923828,0.773520827293396,0.6265842914581299,0.6910178065299988,0.5549460649490356,0.6717187166213989,0.6437545418739319,0.6920770406723022,0.6724548935890198,0.6825716495513916,0.6383897066116333,0.7447766065597534,0.5918763875961304,0.32539039850234985,0.6617146134376526,0.6227757930755615,0.6182469129562378,0.7083470225334167,0.6855189800262451,0.5505355596542358,0.6518853902816772,0.6975622177124023,0.6611415147781372,0.6105393171310425,0.6830751895904541,0.666997492313385,0.5139528512954712,0.6004691123962402,0.536503791809082,0.7360385656356812,0.6205438375473022,0.7064818143844604,0.6877384185791016,0.6040792465209961,0.6302821636199951,0.7018364071846008,0.763557493686676,0.6621416807174683,0.592705249786377,0.6091480255126953,0.7596362233161926,0.7577241659164429,0.7534335851669312,0.6705745458602905,0.6638107299804688,0.6841387152671814,0.6168032884597778,0.6688286066055298,0.6558603644371033,0.7153052091598511,0.669230580329895,0.6947661638259888,0.49634796380996704,0.5340549945831299,0.6468557119369507,0.5940353870391846,0.6813578605651855,0.5529463291168213,0.5878239870071411,0.5865659713745117,0.6821120381355286,0.6308923959732056,0.5856679677963257,0.5535203218460083,0.5387004613876343,0.555840015411377,0.4769885540008545,0.6693543195724487,0.5237947702407837,0.506957471370697,0.5917448997497559,0.5194175243377686,0.6395102739334106,0.5724214315414429,0.5621491074562073,0.612544596195221,0.515656054019928,0.6472876071929932,0.6386762857437134,0.6748962998390198,0.5241769552230835,0.7259085178375244,0.6583382487297058,0.7066776752471924,0.7087181806564331,0.6642539501190186,0.7668525576591492,0.6921711564064026,0.771095871925354,0.8111509084701538,0.735001802444458,0.8718198537826538,0.8622034788131714,0.8138426542282104,0.8345734477043152,0.8361799716949463,0.825915515422821,0.8314559459686279,0.8538464307785034,1.0000001192092896,0.7038487792015076,0.6756680607795715,0.6753131151199341,0.7037981748580933,0.6898914575576782,0.690818190574646,0.5180187225341797,0.534626305103302,0.6603890657424927,0.6950939297676086,0.574705958366394,0.6347470283508301,0.6454441547393799,0.7186707854270935,0.5702414512634277,0.6198247671127319,0.6946516633033752,0.6728274822235107,0.7110401391983032,0.607527494430542,0.6099725961685181,0.6403365135192871,0.6538077592849731,0.6787006258964539,0.6941705942153931,0.6393715739250183,0.4166976809501648,0.6247854232788086,0.2422056794166565,0.7513222694396973,0.49108943343162537
Shooting#9,0.3362760841846466,0.2136363983154297,0.2432333081960678,0.2572482228279114,0.3734092116355896,0.26608866453170776,0.27392369508743286,0.23079733550548553,0.2028205394744873,0.3598729968070984,0.7942615747451782,0.7055012583732605,0.7124086618423462,0.5359537601470947,0.8529490232467651,0.6382606029510498,0.7241158485412598,0.7731983661651611,0.8223208785057068,0.8469802141189575,0.6334151029586792,0.546967089176178,0.44362184405326843,0.647080659866333,0.6317203044891357,0.6437435746192932,0.8234653472900391,0.6610924005508423,0.5690141916275024,0.6409618854522705,0.5857179164886475,0.5225892663002014,0.5010973215103149,0.6081621646881104,0.6106237173080444,0.5338972806930542,0.5084578394889832,0.4838463068008423,0.5771317481994629,0.5448522567749023,0.7554452419281006,0.8169776201248169,0.5812801718711853,0.8466091156005859,0.8547784090042114,0.7444780468940735,0.8438933491706848,0.7889761328697205,0.8556833863258362,0.7748798727989197,0.6520626544952393,0.6373002529144287,0.5551924109458923,0.47868818044662476,0.5916597843170166,0.5410540103912354,0.6187063455581665,0.4978908896446228,0.5674948692321777,0.5344405174255371,0.589722752571106,0.4973967671394348,0.529624342918396,0.6248241662979126,0.509926438331604,0.553391695022583,0.5588017702102661,0.5460660457611084,0.5513019561767578,0.5519053936004639,0.6509732604026794,0.6958293914794922,0.8381885886192322,0.6927571296691895,0.7973707318305969,0.5376567840576172,0.7061926126480103,0.6047033667564392,0.6608113050460815,0.7895994782447815,0.4610826373100281,0.569530725479126,0.501244068145752,0.5401124954223633,0.5403302311897278,0.5135064125061035,0.5865315198898315,0.583325982093811,0.6251745223999023,0.4987149238586426,0.5985234975814819,0.6322808861732483,0.7113296389579773,0.6704229116439819,0.6071349382400513,0.655846357345581,0.8192062973976135,0.6486697196960449,0.614063024520874,0.5994296669960022,0.7241809368133545,0.7537815570831299,0.768785834312439,0.6756255030632019,0.703136682510376,0.7866606712341309,0.8644487261772156,0.6866644620895386,0.7038487792015076,1.0000001192092896,0.5410482287406921,0.608272135257721,0.6557695269584656,0.6102645397186279,0.6460055112838745,0.6606494784355164,0.5506702661514282,0.6262527704238892,0.6319690942764282,0.6867508888244629,0.6663790941238403,0.595931887626648,0.6273375749588013,0.5478985905647278,0.6023271083831787,0.6769547462463379,0.5715658664703369,0.632224977016449,0.8520932197570801,0.6351159811019897,0.5498027205467224,0.7256391048431396,0.5216250419616699,0.6668990254402161,0.5412693619728088,0.45838427543640137,0.5776803493499756,0.3431590795516968,0.6803618669509888,0.45262575149536133
Shoplifting#0,0.23676027357578278,0.059027500450611115,0.10632932186126709,0.3044680655002594,0.35779762268066406,0.12175258994102478,0.13590611517429352,0.05191276594996452,0.06759916245937347,0.27809226512908936,0.6913580298423767,0.6557326316833496,0.7161673307418823,0.45227664709091187,0.635717511177063,0.7143118977546692,0.7191207408905029,0.6735507249832153,0.6073359251022339,0.4810989499092102,0.7416766285896301,0.6199979782104492,0.34412088990211487,0.654102087020874,0.6764310598373413,0.6764066219329834,0.6425819993019104,0.6989520788192749,0.5726789832115173,0.6747381687164307,0.6842467784881592,0.7098004817962646,0.6351732015609741,0.6736936569213867,0.7003379464149475,0.5322245359420776,0.5863281488418579,0.582131564617157,0.744218111038208,0.6739333868026733,0.7317768335342407,0.5701035261154175,0.7133670449256897,0.515235424041748,0.6337969303131104,0.7163094282150269,0.569753885269165,0.507133424282074,0.46292442083358765,0.642967700958252,0.745430052280426,0.7611962556838989,0.7097558975219727,0.7861360311508179,0.7520672678947449,0.684009313583374,0.7690916061401367,0.7624911665916443,0.7670202851295471,0.788044273853302,0.6454626321792603,0.5602469444274902,0.53192138671875,0.6366111040115356,0.6305240392684937,0.5862740874290466,0.5624279975891113,0.5440810918807983,0.5935970544815063,0.664612352848053,0.6788471341133118,0.5849194526672363,0.4647398293018341,0.65555739402771,0.5259034037590027,0.5706468224525452,0.6530353426933289,0.6158775091171265,0.5621236562728882,0.554879903793335,0.6013978719711304,0.6533034443855286,0.5346947908401489,0.6105372309684753,0.636206865310669,0.566487729549408,0.6777914762496948,0.6612840890884399,0.5939574241638184,0.5712584853172302,0.7848290205001831,0.7849335670471191,0.7211817502975464,0.7560961246490479,0.7530474662780762,0.7833645939826965,0.6675924062728882,0.8224997520446777,0.7343761920928955,0.7900995016098022,0.6720581650733948,0.6664495468139648,0.6738300323486328,0.7118273973464966,0.7057645320892334,0.6643688678741455,0.6365379691123962,0.7147222757339478,0.6756680607795715,0.5410482287406921,0.9999996423721313,0.7788683176040649,0.8313608765602112,0.8940953016281128,0.811846137046814,0.6261085271835327,0.7770277261734009,0.8563703894615173,0.845252513885498,0.6944091320037842,0.7020615339279175,0.7559931874275208,0.792598307132721,0.7426009774208069,0.6757293939590454,0.7190667390823364,0.8157000541687012,0.7932828664779663,0.5656654834747314,0.7200686931610107,0.7048547267913818,0.7009137868881226,0.6015841364860535,0.6747887134552002,0.6802652478218079,0.4259783625602722,0.6453596353530884,0.19181644916534424,0.7471953630447388,0.5716132521629333
Shoplifting#1,0.3520355820655823,0.22502470016479492,0.29359886050224304,0.46410685777664185,0.5154634714126587,0.2918800413608551,0.2670140266418457,0.22022268176078796,0.24216552078723907,0.3838490843772888,0.6252286434173584,0.6401066780090332,0.6716342568397522,0.48274141550064087,0.6090331077575684,0.659911036491394,0.6540267467498779,0.5974786877632141,0.5846774578094482,0.5039290189743042,0.6592705845832825,0.5633592009544373,0.4453134536743164,0.6015329360961914,0.6936370134353638,0.6366819143295288,0.7033124566078186,0.6889773607254028,0.6070484519004822,0.61383056640625,0.6624054908752441,0.648444652557373,0.5466586947441101,0.5911776423454285,0.6247735619544983,0.5321979522705078,0.535880982875824,0.4898287355899811,0.6659992933273315,0.5979870557785034,0.6862324476242065,0.5794677734375,0.6222230195999146,0.5355913043022156,0.6164571046829224,0.7396708726882935,0.5658659934997559,0.4854968786239624,0.4919779896736145,0.609530508518219,0.6211315393447876,0.655958890914917,0.5556943416595459,0.6812776923179626,0.70177161693573,0.5967502593994141,0.634951114654541,0.5801299214363098,0.6913117170333862,0.6269807815551758,0.559657096862793,0.5239283442497253,0.5052449107170105,0.6744881868362427,0.5215665102005005,0.5328208208084106,0.5866999626159668,0.5160232782363892,0.5781091451644897,0.6266576051712036,0.7097718715667725,0.546013355255127,0.5182876586914062,0.6614986658096313,0.5779678225517273,0.6363224387168884,0.6220123767852783,0.560161828994751,0.5982871055603027,0.4952901005744934,0.5003179907798767,0.6336748003959656,0.5356714129447937,0.5550516843795776,0.6020901799201965,0.6137053966522217,0.588826596736908,0.613720178604126,0.6543481945991516,0.5985573530197144,0.6654638051986694,0.6836423873901367,0.6985315680503845,0.7308164238929749,0.7851682901382446,0.6875173449516296,0.7111164927482605,0.7050276398658752,0.7107006907463074,0.6752820014953613,0.6774129867553711,0.6860765218734741,0.6062796711921692,0.678443193435669,0.74226975440979,0.6806329488754272,0.6526615619659424,0.6480698585510254,0.6753131151199341,0.608272135257721,0.7788683176040649,1.000000238418579,0.854855477809906,0.8482764959335327,0.7820302248001099,0.7938627004623413,0.7019776105880737,0.8260669708251953,0.7770702838897705,0.6497591137886047,0.6693662405014038,0.6583786010742188,0.6761265993118286,0.6461824178695679,0.6801985502243042,0.6887260675430298,0.7347561120986938,0.7082199454307556,0.5587451457977295,0.7310456037521362,0.6292139887809753,0.6663784384727478,0.6087719202041626,0.7692667245864868,0.6768810749053955,0.4609389305114746,0.7053544521331787,0.3250349760055542,0.7141944169998169,0.4773886799812317
Shoplifting#2,0.31637173891067505,0.17549476027488708,0.2293092906475067,0.38655030727386475,0.4555681645870209,0.2185831367969513,0.24493807554244995,0.15950867533683777,0.1859341263771057,0.37424975633621216,0.7030011415481567,0.6728801727294922,0.7508231401443481,0.49287012219429016,0.6895752549171448,0.7637413740158081,0.7380477786064148,0.7072758674621582,0.6507989168167114,0.5661088228225708,0.7593384385108948,0.5699293613433838,0.4083590507507324,0.6715372800827026,0.6980467438697815,0.6940993666648865,0.7614163756370544,0.7431585788726807,0.6412680149078369,0.6550159454345703,0.7169607877731323,0.7255109548568726,0.5815697908401489,0.6928364038467407,0.740559995174408,0.5762918591499329,0.6094886064529419,0.5618464946746826,0.7496334314346313,0.6912787556648254,0.7632144689559937,0.6417032480239868,0.6856513023376465,0.5867438316345215,0.6955559253692627,0.7613196969032288,0.640629768371582,0.5613498687744141,0.5612316131591797,0.6870614290237427,0.737298309803009,0.7527621984481812,0.6838646531105042,0.7569979429244995,0.7535083293914795,0.6975815892219543,0.7794468998908997,0.7002354264259338,0.7547854781150818,0.7307690382003784,0.6344500780105591,0.5738537311553955,0.6182592511177063,0.6539615392684937,0.600021481513977,0.6155753135681152,0.59424889087677,0.5780264139175415,0.6451407670974731,0.6140702962875366,0.7115955352783203,0.5981484651565552,0.587887167930603,0.6788704991340637,0.6462732553482056,0.5898355841636658,0.684831440448761,0.6552795171737671,0.6658340692520142,0.5880614519119263,0.5596252679824829,0.6283299922943115,0.5832393765449524,0.5904751420021057,0.5932105779647827,0.5916810631752014,0.6606191396713257,0.6483412981033325,0.6669080257415771,0.578235924243927,0.7344213128089905,0.7433969974517822,0.7112545967102051,0.7832119464874268,0.7740755081176758,0.7536783814430237,0.741909384727478,0.7921479940414429,0.7337125539779663,0.7617279291152954,0.7115678787231445,0.7411962747573853,0.6744862794876099,0.728123664855957,0.7527495622634888,0.7377837896347046,0.727802038192749,0.691354513168335,0.7037981748580933,0.6557695269584656,0.8313608765602112,0.854855477809906,1.000000238418579,0.8638252019882202,0.8340423703193665,0.7518847584724426,0.7594290375709534,0.872118353843689,0.8513607978820801,0.685712456703186,0.7536866664886475,0.6960464119911194,0.7715014219284058,0.7305294275283813,0.7160873413085938,0.7444839477539062,0.7444663047790527,0.7671234607696533,0.6467981338500977,0.7563663125038147,0.6473376750946045,0.7390588521957397,0.5970727205276489,0.7476029396057129,0.6261772513389587,0.4352708160877228,0.6789208650588989,0.2536473274230957,0.7834044694900513,0.5324711799621582
Shoplifting#3,0.25476914644241333,0.03787732869386673,0.13202829658985138,0.3445758819580078,0.3425758183002472,0.15620003640651703,0.12859266996383667,0.04544275254011154,0.05311267077922821,0.26417070627212524,0.7189719080924988,0.6905423998832703,0.7480564117431641,0.45379742980003357,0.6742833256721497,0.7618739604949951,0.7307169437408447,0.7063730955123901,0.651352047920227,0.5373102426528931,0.7052265405654907,0.5443398952484131,0.31328004598617554,0.6476263999938965,0.6751975417137146,0.6514612436294556,0.7051289081573486,0.6871126890182495,0.5627778768539429,0.6462262272834778,0.678502082824707,0.6980553269386292,0.5996134281158447,0.6652607321739197,0.7297717332839966,0.5060580968856812,0.5151762962341309,0.5395959615707397,0.7177978754043579,0.6712073683738708,0.766481876373291,0.6271970868110657,0.7385959029197693,0.5730674862861633,0.6913094520568848,0.7563298940658569,0.6165899038314819,0.552908718585968,0.5183640718460083,0.6637135744094849,0.7333235740661621,0.7437280416488647,0.6848205327987671,0.75483238697052,0.7416686415672302,0.6900064945220947,0.7718911170959473,0.731692910194397,0.7377260327339172,0.7652078866958618,0.650215744972229,0.5820425152778625,0.5261963605880737,0.6983665227890015,0.602954626083374,0.5967157483100891,0.5492538213729858,0.5385723114013672,0.6044132113456726,0.6403018236160278,0.7108703851699829,0.5882216691970825,0.5367254018783569,0.673829972743988,0.5876501202583313,0.5867218971252441,0.6666202545166016,0.5817720890045166,0.6003463268280029,0.5899040699005127,0.6105296611785889,0.6569434404373169,0.6096879839897156,0.6174361109733582,0.6612920761108398,0.5820719003677368,0.7096856832504272,0.6940524578094482,0.6635918617248535,0.6268489360809326,0.7446764707565308,0.7553825378417969,0.6886438131332397,0.7657861709594727,0.7436708211898804,0.7640798091888428,0.7133163809776306,0.8034847974777222,0.7122712135314941,0.7783644199371338,0.6675004959106445,0.6965184211730957,0.6916231513023376,0.7057271003723145,0.7130323052406311,0.6884177923202515,0.6770720481872559,0.6905667781829834,0.6898914575576782,0.6102645397186279,0.8940953016281128,0.8482764959335327,0.8638252019882202,0.9999999403953552,0.804665207862854,0.6718141436576843,0.7757890820503235,0.8344717025756836,0.8661022186279297,0.6615054607391357,0.6934758424758911,0.7173107862472534,0.7809487581253052,0.7211788892745972,0.6837909817695618,0.7275972366333008,0.7828813791275024,0.7602603435516357,0.6023826599121094,0.7388728857040405,0.690645694732666,0.7406868934631348,0.5744441151618958,0.7297970652580261,0.6696301698684692,0.35837575793266296,0.637641429901123,0.15626558661460876,0.7641845941543579,0.5163052678108215
Shoplifting#4,0.3227018415927887,0.22574801743030548,0.2424587905406952,0.3700682520866394,0.44589024782180786,0.23880276083946228,0.2716446816921234,0.19418874382972717,0.20106588304042816,0.4373137354850769,0.7091014385223389,0.6417989730834961,0.756780743598938,0.4641568064689636,0.6376208662986755,0.7592711448669434,0.7458076477050781,0.6816105842590332,0.6192229390144348,0.5152558088302612,0.7989224791526794,0.5663633346557617,0.45775943994522095,0.6506327390670776,0.7336603403091431,0.7331914901733398,0.7507109642028809,0.7636455297470093,0.6620336174964905,0.6663699150085449,0.7651735544204712,0.7680863738059998,0.611794114112854,0.7302109003067017,0.7698774337768555,0.6288021802902222,0.6762803196907043,0.5875079035758972,0.7580020427703857,0.7407776117324829,0.7712012529373169,0.5716594457626343,0.7039510607719421,0.5427021980285645,0.662745475769043,0.7958879470825195,0.5922009944915771,0.5321719646453857,0.5217299461364746,0.6645547151565552,0.7358895540237427,0.7380090951919556,0.688021183013916,0.7566221952438354,0.7658981084823608,0.7135722637176514,0.7931985259056091,0.6919167041778564,0.7504926919937134,0.738928496837616,0.6495364904403687,0.6356505155563354,0.6047735214233398,0.7207797765731812,0.6394863128662109,0.6101211905479431,0.6759602427482605,0.5784130692481995,0.6673589944839478,0.6605828404426575,0.7189979553222656,0.5917994976043701,0.5187063813209534,0.7106666564941406,0.5859147310256958,0.6179330348968506,0.6771348714828491,0.6312633752822876,0.6804891228675842,0.5518592596054077,0.5894892811775208,0.6161314249038696,0.5487803816795349,0.6009421944618225,0.6057209968566895,0.6189547181129456,0.6541433930397034,0.6504067182540894,0.6732439994812012,0.5820344686508179,0.7432354092597961,0.7238447666168213,0.7054986953735352,0.7882615327835083,0.7801802158355713,0.7309479713439941,0.7693343162536621,0.7881978750228882,0.7248349189758301,0.7372847199440002,0.7265434861183167,0.7406810522079468,0.6929792165756226,0.7610352635383606,0.7481188178062439,0.7035665512084961,0.6993151903152466,0.7148523330688477,0.690818190574646,0.6460055112838745,0.811846137046814,0.7820302248001099,0.8340423703193665,0.804665207862854,1.0,0.6975786685943604,0.7381726503372192,0.8161500692367554,0.8386256694793701,0.6466679573059082,0.7824612855911255,0.6710717082023621,0.776214599609375,0.7878295183181763,0.7313094735145569,0.7361494302749634,0.7362040281295776,0.7744309902191162,0.6111258268356323,0.8044024705886841,0.6515008211135864,0.7592135667800903,0.6307185888290405,0.7512625455856323,0.6073024272918701,0.4413818120956421,0.7051378488540649,0.3080962300300598,0.7856845259666443,0.5739664435386658
Shoplifting#5,0.47680824995040894,0.42234006524086,0.44841355085372925,0.562687337398529,0.6105891466140747,0.4508823752403259,0.45472341775894165,0.44856253266334534,0.3900141716003418,0.5627068281173706,0.5425176024436951,0.5421731472015381,0.5751340389251709,0.43460413813591003,0.6106455326080322,0.5581423044204712,0.5670394897460938,0.559309720993042,0.5493645668029785,0.5103927850723267,0.5648869872093201,0.47876355051994324,0.4654325246810913,0.5793695449829102,0.5606422424316406,0.6184942722320557,0.6604000329971313,0.6407457590103149,0.5419435501098633,0.5352304577827454,0.5776944160461426,0.5387571454048157,0.45251038670539856,0.5229259729385376,0.5081475973129272,0.558364748954773,0.5079051852226257,0.495738685131073,0.515762448310852,0.5006063580513,0.5972332954406738,0.5637902021408081,0.49654656648635864,0.5574527382850647,0.5894099473953247,0.6319571137428284,0.5545241832733154,0.5238487720489502,0.552342414855957,0.5152971148490906,0.5074625015258789,0.5085409283638,0.4326668381690979,0.5234686136245728,0.6109848618507385,0.47820520401000977,0.5365176200866699,0.42396241426467896,0.5545976161956787,0.508373498916626,0.48608267307281494,0.5076695680618286,0.5464997291564941,0.5889996886253357,0.4713960289955139,0.47249600291252136,0.5870750546455383,0.5270998477935791,0.5820013284683228,0.5052188634872437,0.6374650001525879,0.5724469423294067,0.5865170359611511,0.6790947914123535,0.646484911441803,0.5747570395469666,0.5651592016220093,0.6316379308700562,0.6370143890380859,0.5038421154022217,0.42845970392227173,0.5796889066696167,0.49488019943237305,0.5242012143135071,0.5240669250488281,0.6207021474838257,0.5306186676025391,0.5439884662628174,0.5775504112243652,0.5297860503196716,0.5046787858009338,0.6369752287864685,0.637813925743103,0.6276998519897461,0.7007684111595154,0.5620428323745728,0.6255795955657959,0.5629990100860596,0.533810019493103,0.552419126033783,0.5766891837120056,0.5368051528930664,0.5118050575256348,0.5581605434417725,0.6313068866729736,0.5988038182258606,0.6146512627601624,0.5391231775283813,0.5180187225341797,0.6606494784355164,0.6261085271835327,0.7938627004623413,0.7518847584724426,0.6718141436576843,0.6975786685943604,0.9999999403953552,0.6247485876083374,0.7331345081329346,0.6392048597335815,0.6828649044036865,0.6879060864448547,0.6397454738616943,0.616161584854126,0.62469482421875,0.6156171560287476,0.6291087865829468,0.6269574165344238,0.6539459228515625,0.6143314242362976,0.6976452469825745,0.5390801429748535,0.6090356111526489,0.5294819474220276,0.6177448630332947,0.6005042195320129,0.5753336548805237,0.645521342754364,0.5254192352294922,0.571324348449707,0.4674379229545593
Shoplifting#6,0.22129005193710327,0.12065458297729492,0.1506374627351761,0.29263943433761597,0.34947991371154785,0.12413263320922852,0.1921951025724411,0.08560843765735626,0.09146898984909058,0.36859309673309326,0.6251737475395203,0.6238893270492554,0.7085291147232056,0.3688674569129944,0.5589436292648315,0.7254765033721924,0.6723567843437195,0.6639690399169922,0.5694912672042847,0.48857101798057556,0.6548302173614502,0.519041895866394,0.350450336933136,0.5545265674591064,0.6697326898574829,0.6488842368125916,0.6203378438949585,0.6959619522094727,0.5028591156005859,0.6171520948410034,0.6431522369384766,0.6661446690559387,0.6000056266784668,0.6656907796859741,0.6965804100036621,0.6083214282989502,0.5590481162071228,0.6132334470748901,0.6600291132926941,0.7049355506896973,0.7157310247421265,0.4704478681087494,0.73187655210495,0.513738751411438,0.5878830552101135,0.6693876385688782,0.5496784448623657,0.4742184579372406,0.4507639706134796,0.5552266836166382,0.6483521461486816,0.6549928784370422,0.6459518671035767,0.6954144239425659,0.6539126038551331,0.7198269367218018,0.7714953422546387,0.7086926102638245,0.6672009229660034,0.7050065398216248,0.6077320575714111,0.6962902545928955,0.6027650833129883,0.6458920836448669,0.6336302161216736,0.5210003852844238,0.610413670539856,0.5481958985328674,0.6225838661193848,0.6041824817657471,0.6198248267173767,0.5601949691772461,0.4932488799095154,0.6908820271492004,0.5924242734909058,0.609648585319519,0.559499979019165,0.6652834415435791,0.6411383152008057,0.5496326684951782,0.6486262083053589,0.5266011357307434,0.526139497756958,0.6294516324996948,0.5453660488128662,0.5727369785308838,0.611298680305481,0.6101576685905457,0.5890190601348877,0.5680232048034668,0.6607697010040283,0.625267505645752,0.5855506062507629,0.6926738619804382,0.6371150016784668,0.6442434191703796,0.6603601574897766,0.6794367432594299,0.5816407799720764,0.6541752815246582,0.5828865766525269,0.6024881601333618,0.6188918352127075,0.6484521627426147,0.5748999118804932,0.586493968963623,0.5829570293426514,0.5916342735290527,0.534626305103302,0.5506702661514282,0.7770277261734009,0.7019776105880737,0.7594290375709534,0.7757890820503235,0.7381726503372192,0.6247485876083374,0.9999998807907104,0.7674024701118469,0.764366090297699,0.652859091758728,0.7278695106506348,0.627377986907959,0.696434736251831,0.8254661560058594,0.6500009298324585,0.6881996393203735,0.6450072526931763,0.6828776597976685,0.5658755898475647,0.6934329867362976,0.6079351902008057,0.7618899345397949,0.4677484333515167,0.6253275871276855,0.5793715715408325,0.3918619155883789,0.5829620361328125,0.20582467317581177,0.7108161449432373,0.6359835863113403
Shoplifting#7,0.2290247082710266,0.14270654320716858,0.1673552691936493,0.3255338966846466,0.4560651183128357,0.1436171978712082,0.18831993639469147,0.11381320655345917,0.13258017599582672,0.3366180658340454,0.7310685515403748,0.7273697257041931,0.7360942363739014,0.46130257844924927,0.7014821767807007,0.7091560363769531,0.7459897994995117,0.7312711477279663,0.6577847003936768,0.5775397419929504,0.7406509518623352,0.5926605463027954,0.3742733895778656,0.6239675283432007,0.6755102872848511,0.6784917712211609,0.692208468914032,0.7040011882781982,0.5587553977966309,0.6732800006866455,0.6891109943389893,0.7115664482116699,0.6222947835922241,0.7027998566627502,0.6984107494354248,0.5841159820556641,0.6006922721862793,0.5970398187637329,0.7268878221511841,0.6790903806686401,0.7651695013046265,0.6325374841690063,0.6800845861434937,0.5841500759124756,0.6880626678466797,0.7444078922271729,0.64918053150177,0.5914797782897949,0.5852465629577637,0.676138162612915,0.7421202659606934,0.7429136037826538,0.6838663816452026,0.7990560531616211,0.7421150207519531,0.6727347373962402,0.7408814430236816,0.7172571420669556,0.7536196708679199,0.7211987972259521,0.6567087173461914,0.584828794002533,0.5640667080879211,0.6526034474372864,0.6356709003448486,0.5921262502670288,0.5915765762329102,0.5617731809616089,0.6165561676025391,0.6619464159011841,0.6876958608627319,0.6316097974777222,0.5536096096038818,0.7062408924102783,0.6082662343978882,0.5758478045463562,0.6547949910163879,0.6787238121032715,0.6522579193115234,0.6229391098022461,0.6013461351394653,0.6177126169204712,0.5182334184646606,0.6254696249961853,0.5876504182815552,0.6001862287521362,0.6532421112060547,0.6677836179733276,0.6186419725418091,0.5578534603118896,0.7759381532669067,0.7821487188339233,0.7322454452514648,0.7688432931900024,0.7951464653015137,0.7530494928359985,0.7260043025016785,0.7764853835105896,0.7125572562217712,0.7403472065925598,0.657028317451477,0.6505847573280334,0.6924533843994141,0.7037249803543091,0.6788291931152344,0.6718273162841797,0.6614725589752197,0.6900743246078491,0.6603890657424927,0.6262527704238892,0.8563703894615173,0.8260669708251953,0.872118353843689,0.8344717025756836,0.8161500692367554,0.7331345081329346,0.7674024701118469,0.9999999403953552,0.8266398906707764,0.7634055614471436,0.7468144297599792,0.7330435514450073,0.7572832107543945,0.752372145652771,0.6924577951431274,0.7462770342826843,0.7510319948196411,0.7621258497238159,0.675713300704956,0.7346946001052856,0.7031853795051575,0.7552753686904907,0.5877766609191895,0.7297059297561646,0.6908944845199585,0.5179556608200073,0.6475362777709961,0.2863425314426422,0.7724984884262085,0.6232202053070068
Shoplifting#8,0.31063079833984375,0.06556493043899536,0.16698384284973145,0.27500808238983154,0.33212530612945557,0.17653732001781464,0.181179016828537,0.05896887555718422,0.063562773168087,0.2945362329483032,0.7647631168365479,0.704754650592804,0.8033084869384766,0.47757428884506226,0.6913978457450867,0.8169009685516357,0.7853244543075562,0.7414878606796265,0.6602658033370972,0.5537459850311279,0.8240324258804321,0.6034083366394043,0.3913438022136688,0.7350001335144043,0.7269713878631592,0.7352700233459473,0.7678111791610718,0.7716811299324036,0.6614009737968445,0.6978954076766968,0.7489036917686462,0.7603590488433838,0.6738418936729431,0.7278989553451538,0.826813817024231,0.5931310653686523,0.6322659850120544,0.6060084104537964,0.7809876203536987,0.7700937390327454,0.8137030005455017,0.6331037282943726,0.7960220575332642,0.5553100109100342,0.7094295024871826,0.7973423600196838,0.6423388719558716,0.5622115731239319,0.5226635336875916,0.6670323610305786,0.812476634979248,0.8006322383880615,0.7672396302223206,0.8153947591781616,0.8246208429336548,0.7790478467941284,0.8551092743873596,0.8094667196273804,0.7889882922172546,0.8507729768753052,0.6821770071983337,0.602226734161377,0.5925943851470947,0.7433132529258728,0.6299515962600708,0.6391830444335938,0.6105273962020874,0.5718628168106079,0.652059018611908,0.7124773859977722,0.7233631610870361,0.5822849273681641,0.5468746423721313,0.6787590384483337,0.5987644195556641,0.548447847366333,0.6890323162078857,0.5966182351112366,0.6405614614486694,0.606513261795044,0.6623231768608093,0.7035231590270996,0.6281594038009644,0.6533125638961792,0.6793521642684937,0.6445395946502686,0.7321086525917053,0.7188589572906494,0.6939951777458191,0.641957700252533,0.8327984809875488,0.7824290990829468,0.7484788298606873,0.8459457159042358,0.7933447360992432,0.8130149841308594,0.7786962389945984,0.8771113157272339,0.7563340663909912,0.8587204813957214,0.742690920829773,0.7620811462402344,0.718212366104126,0.7663909196853638,0.7581493854522705,0.7390168905258179,0.7187202572822571,0.7499191164970398,0.6950939297676086,0.6319690942764282,0.845252513885498,0.7770702838897705,0.8513607978820801,0.8661022186279297,0.8386256694793701,0.6392048597335815,0.764366090297699,0.8266398906707764,0.9999998807907104,0.689212441444397,0.7776475548744202,0.7408586740493774,0.8618078827857971,0.7922582626342773,0.7663910388946533,0.7889311909675598,0.7932814359664917,0.8140749931335449,0.5964469313621521,0.8253920078277588,0.7304600477218628,0.7705115079879761,0.6457908749580383,0.736137866973877,0.6964646577835083,0.3776194453239441,0.706937849521637,0.19723564386367798,0.8354612588882446,0.5779389142990112
Shoplifting#9,0.29281628131866455,0.22533783316612244,0.2422027885913849,0.33253905177116394,0.4318365454673767,0.2302570641040802,0.3123962879180908,0.23472058773040771,0.2007998526096344,0.3834421634674072,0.71956467628479,0.6221994161605835,0.6476273536682129,0.4616013765335083,0.7049164772033691,0.5909687876701355,0.6731166243553162,0.7241161465644836,0.6423602104187012,0.6350777745246887,0.6595302820205688,0.5885734558105469,0.40325772762298584,0.6509006023406982,0.6070584654808044,0.6584388017654419,0.6252720355987549,0.6376426219940186,0.5231181383132935,0.658214271068573,0.5802111625671387,0.5183017253875732,0.5718156099319458,0.6214045286178589,0.5628436803817749,0.562005877494812,0.545021653175354,0.6051459312438965,0.5686454772949219,0.5548230409622192,0.6612989902496338,0.6666246056556702,0.6156991124153137,0.6382791996002197,0.6704512238502502,0.642643928527832,0.6598648428916931,0.6986876726150513,0.6248540878295898,0.6310707926750183,0.6516841650009155,0.647006630897522,0.6103044748306274,0.5923478603363037,0.6663908958435059,0.5581785440444946,0.6260385513305664,0.5958303809165955,0.6336135268211365,0.6262743473052979,0.6133835911750793,0.4973793029785156,0.573754072189331,0.6024582982063293,0.586479902267456,0.5394582748413086,0.5645538568496704,0.5764256715774536,0.58110511302948,0.6254441738128662,0.5835635662078857,0.6535418629646301,0.6355981826782227,0.6885677576065063,0.6418015956878662,0.48114532232284546,0.5947638750076294,0.6834663152694702,0.6341984272003174,0.690740704536438,0.5721104741096497,0.5993692874908447,0.4311870038509369,0.6095700263977051,0.5757154226303101,0.5606429576873779,0.6031428575515747,0.619552731513977,0.5107240676879883,0.5365301370620728,0.625255823135376,0.6951793432235718,0.6847171783447266,0.6933749914169312,0.6400046348571777,0.6868844032287598,0.6846369504928589,0.6644883751869202,0.5819010734558105,0.6253741383552551,0.6099838018417358,0.5654518604278564,0.6368517875671387,0.5854949951171875,0.6030466556549072,0.5998711585998535,0.638719916343689,0.6656177043914795,0.574705958366394,0.6867508888244629,0.6944091320037842,0.6497591137886047,0.685712456703186,0.6615054607391357,0.6466679573059082,0.6828649044036865,0.652859091758728,0.7634055614471436,0.689212441444397,1.0000001192092896,0.6701513528823853,0.7634860277175903,0.6621898412704468,0.6302758455276489,0.5966299772262573,0.6799041628837585,0.6588549613952637,0.7365629076957703,0.6914077401161194,0.6473877429962158,0.6371238231658936,0.6411911249160767,0.5098735094070435,0.5727841854095459,0.7161343097686768,0.6181424856185913,0.5723530054092407,0.37551575899124146,0.6358833312988281,0.608183741569519
Stealing#0,0.3712340295314789,0.2506178021430969,0.26935523748397827,0.27606314420700073,0.41819924116134644,0.2551078498363495,0.35592734813690186,0.25198373198509216,0.20153586566448212,0.5155332088470459,0.7153091430664062,0.6849657297134399,0.7998767495155334,0.437883198261261,0.6931210160255432,0.8067401647567749,0.7902336120605469,0.7619011998176575,0.6908212900161743,0.5943245887756348,0.7475861310958862,0.5695002675056458,0.40039801597595215,0.6368114352226257,0.705610990524292,0.7333848476409912,0.7161812782287598,0.7574360966682434,0.5845054388046265,0.6881812810897827,0.7944461107254028,0.764548122882843,0.7300965785980225,0.7641496062278748,0.8144987225532532,0.7754613757133484,0.6490882635116577,0.7429181337356567,0.7445257902145386,0.8246540427207947,0.7874337434768677,0.6134913563728333,0.7330076694488525,0.6426607966423035,0.7146593332290649,0.774714469909668,0.6644771099090576,0.5863912105560303,0.5910374522209167,0.6578831672668457,0.7017449140548706,0.7250851392745972,0.747239351272583,0.6852449178695679,0.7312908172607422,0.7726495265960693,0.8144166469573975,0.7038246989250183,0.7736082673072815,0.7455698251724243,0.6835636496543884,0.7343872785568237,0.6892120242118835,0.7163150310516357,0.6700466275215149,0.6127979755401611,0.7302818298339844,0.648821234703064,0.7122477293014526,0.6944613456726074,0.6765085458755493,0.6874072551727295,0.6023131608963013,0.7573245763778687,0.6565500497817993,0.5542611479759216,0.6400133967399597,0.7380309104919434,0.720258355140686,0.6370809078216553,0.6913244724273682,0.6426372528076172,0.5841265916824341,0.6822759509086609,0.6165074110031128,0.6736124157905579,0.7134449481964111,0.6934295892715454,0.6776537299156189,0.5864536762237549,0.7464479207992554,0.713476300239563,0.7238451242446899,0.7929184436798096,0.6826478242874146,0.743078351020813,0.7550845742225647,0.7638492584228516,0.7125797271728516,0.7568984031677246,0.6844164729118347,0.6851235628128052,0.6792243719100952,0.7566095590591431,0.6737241148948669,0.708152174949646,0.6798635125160217,0.7021942138671875,0.6347470283508301,0.6663790941238403,0.7020615339279175,0.6693662405014038,0.7536866664886475,0.6934758424758911,0.7824612855911255,0.6879060864448547,0.7278695106506348,0.7468144297599792,0.7776475548744202,0.6701513528823853,1.0,0.7103239893913269,0.7945313453674316,0.8769382238388062,0.8280789852142334,0.7931941747665405,0.7386842370033264,0.8354110717773438,0.6714751720428467,0.8026045560836792,0.7212188839912415,0.8432389497756958,0.5845100283622742,0.720288097858429,0.6223047375679016,0.5422806739807129,0.7594358325004578,0.4064998924732208,0.7611639499664307,0.7357016801834106
Stealing#1,0.31183212995529175,0.17239032685756683,0.2095591276884079,0.263965368270874,0.3620174527168274,0.23550090193748474,0.2710645794868469,0.205307275056839,0.19286638498306274,0.3325621485710144,0.717373788356781,0.6395353078842163,0.724085807800293,0.4368956685066223,0.691979706287384,0.681384801864624,0.7148633003234863,0.6951157450675964,0.6433327198028564,0.5209495425224304,0.7148219347000122,0.6272007822990417,0.3297976553440094,0.7125701904296875,0.6560201048851013,0.7004052996635437,0.6525974273681641,0.7157646417617798,0.5163682103157043,0.7059837579727173,0.6561393737792969,0.6279690265655518,0.6418395042419434,0.6699098348617554,0.675302267074585,0.5569202899932861,0.5480213165283203,0.6221531629562378,0.6697324514389038,0.6353400945663452,0.7135010957717896,0.6723592281341553,0.7051299810409546,0.5836003422737122,0.6597678661346436,0.7334928512573242,0.6096241474151611,0.5827239751815796,0.5190014243125916,0.5952048301696777,0.7110380530357361,0.7376567721366882,0.6905058026313782,0.6529502272605896,0.7487069368362427,0.6290727257728577,0.7093421816825867,0.7001694440841675,0.7475317120552063,0.7635916471481323,0.6589564085006714,0.5165442824363708,0.5237393975257874,0.6635929346084595,0.607378363609314,0.5720670223236084,0.5736536979675293,0.5649940967559814,0.6005977392196655,0.6802532076835632,0.6549962759017944,0.6607012748718262,0.5173195004463196,0.6685993075370789,0.5639897584915161,0.4833032488822937,0.6219043731689453,0.640670657157898,0.564312219619751,0.6132227182388306,0.6233314275741577,0.7389553785324097,0.5772866010665894,0.6523936986923218,0.6784769296646118,0.6034977436065674,0.7397239208221436,0.6931958198547363,0.5906895995140076,0.6500856876373291,0.7360765933990479,0.815666675567627,0.7024368047714233,0.7950764894485474,0.6905508041381836,0.8318103551864624,0.6390985250473022,0.7746326923370361,0.6932406425476074,0.808537483215332,0.699344277381897,0.647642970085144,0.6453436613082886,0.7100785970687866,0.6955834627151489,0.6871606111526489,0.6411635875701904,0.7402652502059937,0.6454441547393799,0.595931887626648,0.7559931874275208,0.6583786010742188,0.6960464119911194,0.7173107862472534,0.6710717082023621,0.6397454738616943,0.627377986907959,0.7330435514450073,0.7408586740493774,0.7634860277175903,0.7103239893913269,1.000000238418579,0.7859984636306763,0.7149823307991028,0.6758888959884644,0.8356356620788574,0.7771314382553101,0.8245993852615356,0.5814186334609985,0.7506689429283142,0.7544260621070862,0.6840379238128662,0.6381096839904785,0.6347910761833191,0.7874891757965088,0.5789037942886353,0.660019040107727,0.3758065700531006,0.70353764295578,0.638705849647522
Stealing#2,0.2416229248046875,0.07389038056135178,0.10794863849878311,0.19111625850200653,0.27587854862213135,0.11559519171714783,0.14415483176708221,0.049670230597257614,0.0711696445941925,0.30539268255233765,0.79656583070755,0.7011352777481079,0.8019687533378601,0.4553563594818115,0.7408228516578674,0.8109697699546814,0.8135594129562378,0.7860054969787598,0.7103745937347412,0.585641622543335,0.8008559942245483,0.582704484462738,0.3479498624801636,0.7492679357528687,0.7121751308441162,0.7334517240524292,0.732109785079956,0.7483439445495605,0.5689465999603271,0.7343415021896362,0.7542492151260376,0.7617011070251465,0.6909613609313965,0.7816616296768188,0.8264319896697998,0.5877883434295654,0.6189820170402527,0.6456275582313538,0.8153889179229736,0.765060305595398,0.797148585319519,0.6838971376419067,0.7652143239974976,0.6246875524520874,0.7492302656173706,0.7980124950408936,0.6839691400527954,0.6070709228515625,0.5686444044113159,0.6814589500427246,0.8038011789321899,0.8131998777389526,0.8112947940826416,0.7961721420288086,0.8476543426513672,0.7299750447273254,0.8379716873168945,0.8138903975486755,0.799703061580658,0.8472793102264404,0.7461482286453247,0.6397622227668762,0.6098169088363647,0.7302930951118469,0.6875198483467102,0.695864200592041,0.6117109060287476,0.6384178400039673,0.659807562828064,0.718503475189209,0.6935173869132996,0.6741775274276733,0.5523901581764221,0.6817640066146851,0.5976018309593201,0.48936450481414795,0.7315949201583862,0.6529808640480042,0.6388500928878784,0.6633297204971313,0.7019702196121216,0.6696739196777344,0.600501537322998,0.6827006340026855,0.6960989832878113,0.6200118064880371,0.7830042243003845,0.7477471232414246,0.6810203790664673,0.6141741275787354,0.8358484506607056,0.7905573844909668,0.7454208135604858,0.8145250082015991,0.6777228713035583,0.8658454418182373,0.7381005883216858,0.8954631090164185,0.7781878709793091,0.9025923013687134,0.7397871017456055,0.7588649988174438,0.7490854263305664,0.7681028246879578,0.7516088485717773,0.7475776672363281,0.729111909866333,0.7931925058364868,0.7186707854270935,0.6273375749588013,0.792598307132721,0.6761265993118286,0.7715014219284058,0.7809487581253052,0.776214599609375,0.616161584854126,0.696434736251831,0.7572832107543945,0.8618078827857971,0.6621898412704468,0.7945313453674316,0.7859984636306763,0.9999997615814209,0.809665858745575,0.7575672268867493,0.7742636799812317,0.8192833662033081,0.894149661064148,0.6769222617149353,0.823251485824585,0.7023283243179321,0.7786809206008911,0.5973581075668335,0.6839386224746704,0.6449429988861084,0.4306047558784485,0.6322579383850098,0.18301457166671753,0.8186891078948975,0.6380524039268494
Stealing#3,0.23530817031860352,0.14507456123828888,0.1613944172859192,0.22023725509643555,0.348425030708313,0.12985193729400635,0.2174982726573944,0.1155349388718605,0.10461754351854324,0.42077016830444336,0.6716065406799316,0.6481702327728271,0.7618961930274963,0.3383011519908905,0.5979642868041992,0.7762135863304138,0.7389470338821411,0.7027819752693176,0.601318359375,0.47604209184646606,0.7193573713302612,0.5203894376754761,0.3310823440551758,0.5553908348083496,0.6837536096572876,0.6881094574928284,0.6294715404510498,0.7353522181510925,0.5168046355247498,0.6380959749221802,0.7418423891067505,0.7601319551467896,0.6980558037757874,0.7530722618103027,0.8098434209823608,0.7305192947387695,0.609971821308136,0.7053806781768799,0.7268656492233276,0.821406364440918,0.7676412463188171,0.5143029689788818,0.7781956195831299,0.5245693922042847,0.6172995567321777,0.7328205108642578,0.5710260272026062,0.507784366607666,0.4670044779777527,0.5826384425163269,0.6923186779022217,0.7134814858436584,0.7576364278793335,0.7415884733200073,0.7512063384056091,0.7537647485733032,0.8198201656341553,0.7776080369949341,0.7615591287612915,0.7835096120834351,0.677941083908081,0.744420051574707,0.6372509002685547,0.728312611579895,0.6692764759063721,0.6001293063163757,0.6975847482681274,0.5807123184204102,0.6850289702415466,0.6831631660461426,0.6749800443649292,0.6083004474639893,0.49064645171165466,0.7270698547363281,0.5944735407829285,0.5618308782577515,0.5847676396369934,0.6928873062133789,0.6887975335121155,0.5698500871658325,0.7371270656585693,0.5703470706939697,0.5578718781471252,0.6829313039779663,0.5951424837112427,0.6328694820404053,0.6816883087158203,0.6748225092887878,0.6479799747467041,0.5859907865524292,0.7452706694602966,0.6933563947677612,0.6541857719421387,0.7779533863067627,0.6474369168281555,0.7168466448783875,0.7079184055328369,0.7630774974822998,0.6726923584938049,0.7677145004272461,0.6430176496505737,0.648577094078064,0.6528346538543701,0.728327751159668,0.6247925162315369,0.6267104148864746,0.5927342176437378,0.6722368001937866,0.5702414512634277,0.5478985905647278,0.7426009774208069,0.6461824178695679,0.7305294275283813,0.7211788892745972,0.7878295183181763,0.62469482421875,0.8254661560058594,0.752372145652771,0.7922582626342773,0.6302758455276489,0.8769382238388062,0.7149823307991028,0.809665858745575,0.9999999403953552,0.7382676601409912,0.7651116847991943,0.7077759504318237,0.8027393221855164,0.5926002264022827,0.8098176717758179,0.7021551132202148,0.8246513605117798,0.5372931957244873,0.6798696517944336,0.6116074323654175,0.4688662588596344,0.655562162399292,0.26574021577835083,0.7523012161254883,0.7450459003448486
Stealing#4,0.37291601300239563,0.22662080824375153,0.25724130868911743,0.3072986602783203,0.43538734316825867,0.235317200422287,0.3168949484825134,0.22335797548294067,0.2089947611093521,0.41792067885398865,0.6632426977157593,0.6730295419692993,0.7633429765701294,0.46970659494400024,0.6363167762756348,0.7431123852729797,0.7376654744148254,0.7024928331375122,0.6305974721908569,0.5079466104507446,0.7123005986213684,0.5782296657562256,0.39005768299102783,0.6083344221115112,0.6657860279083252,0.6873550415039062,0.6631380915641785,0.7201077938079834,0.5580580234527588,0.6522606611251831,0.7418292164802551,0.7240467071533203,0.6533681154251099,0.6551801562309265,0.7367889881134033,0.648017168045044,0.649507999420166,0.6266986727714539,0.7138702869415283,0.7235338687896729,0.7222322225570679,0.587810218334198,0.6902634501457214,0.5328316688537598,0.6649451851844788,0.7642833590507507,0.6103525161743164,0.5201601982116699,0.4788716435432434,0.6109733581542969,0.704058051109314,0.7092896699905396,0.7110434174537659,0.6539167165756226,0.7373035550117493,0.819703221321106,0.7586992383003235,0.7011682987213135,0.7668591141700745,0.7497024536132812,0.6130825877189636,0.6418520212173462,0.5901800394058228,0.6977479457855225,0.5949739217758179,0.5924414396286011,0.6558691263198853,0.5937719345092773,0.6432628035545349,0.679648220539093,0.6426472663879395,0.649925708770752,0.5126342177391052,0.6732823848724365,0.571050763130188,0.5097217559814453,0.6249775290489197,0.6381195783615112,0.611485481262207,0.5630002021789551,0.593104362487793,0.6312376260757446,0.5320109724998474,0.5863083004951477,0.5773191452026367,0.6016043424606323,0.6758175492286682,0.6540229320526123,0.6839834451675415,0.5715384483337402,0.706661581993103,0.648776113986969,0.7092669010162354,0.7815368175506592,0.6498814225196838,0.7243142127990723,0.6832987070083618,0.743816614151001,0.737218976020813,0.7352133989334106,0.6818336248397827,0.7141225337982178,0.6311107873916626,0.703691303730011,0.6844441890716553,0.6898152828216553,0.6747654676437378,0.6717079877853394,0.6198247671127319,0.6023271083831787,0.6757293939590454,0.6801985502243042,0.7160873413085938,0.6837909817695618,0.7313094735145569,0.6156171560287476,0.6500009298324585,0.6924577951431274,0.7663910388946533,0.5966299772262573,0.8280789852142334,0.6758888959884644,0.7575672268867493,0.7382676601409912,1.0,0.7478203773498535,0.7109934091567993,0.7746100425720215,0.5760735273361206,0.7954909801483154,0.709952712059021,0.7432156801223755,0.6049689054489136,0.6962035298347473,0.6512874960899353,0.5239754319190979,0.7234780788421631,0.3576609492301941,0.7525752782821655,0.6396595239639282
Stealing#5,0.2605871558189392,0.13319532573223114,0.1934538185596466,0.20044219493865967,0.34864187240600586,0.1831965148448944,0.1987564116716385,0.12238234281539917,0.13976112008094788,0.31495460867881775,0.7536245584487915,0.6853572130203247,0.7875783443450928,0.44466012716293335,0.7021599411964417,0.750720739364624,0.7572317123413086,0.7278387546539307,0.6995195150375366,0.5851113200187683,0.7549348473548889,0.6090395450592041,0.36595356464385986,0.6390829086303711,0.6763042211532593,0.698408842086792,0.7397379875183105,0.7531183958053589,0.5528419017791748,0.6804288029670715,0.7337092161178589,0.717942476272583,0.6704167723655701,0.7101322412490845,0.7530715465545654,0.6199021339416504,0.6173403263092041,0.624886691570282,0.731587290763855,0.71793133020401,0.7885305881500244,0.6421451568603516,0.7355251312255859,0.6193174123764038,0.718878984451294,0.7869315147399902,0.6655706167221069,0.6035526990890503,0.5644938945770264,0.6850110292434692,0.7540196180343628,0.7861870527267456,0.7506334781646729,0.6901196241378784,0.7403401732444763,0.7154372930526733,0.7864387035369873,0.7392364740371704,0.8201223015785217,0.7355619668960571,0.6654770970344543,0.5921351909637451,0.581114649772644,0.720984697341919,0.6063489317893982,0.5994332432746887,0.6053926348686218,0.5645065307617188,0.6397547721862793,0.6849445104598999,0.6909743547439575,0.646943986415863,0.6046357154846191,0.7058511972427368,0.6362774968147278,0.49542543292045593,0.6301491856575012,0.6289501786231995,0.640259861946106,0.6373962163925171,0.647692084312439,0.7067116498947144,0.6683958768844604,0.6739293336868286,0.6460713744163513,0.6673771142959595,0.7327470183372498,0.7266184091567993,0.7014526128768921,0.6619980335235596,0.7562340497970581,0.7192230820655823,0.6964161396026611,0.8630278706550598,0.6744174361228943,0.7784379720687866,0.7647801041603088,0.7880592942237854,0.7244837284088135,0.7997075319290161,0.7428689002990723,0.7432186603546143,0.7103314399719238,0.7803268432617188,0.7268150448799133,0.7521877288818359,0.7213908433914185,0.7368694543838501,0.6946516633033752,0.6769547462463379,0.7190667390823364,0.6887260675430298,0.7444839477539062,0.7275972366333008,0.7361494302749634,0.6291087865829468,0.6881996393203735,0.7462770342826843,0.7889311909675598,0.6799041628837585,0.7931941747665405,0.8356356620788574,0.7742636799812317,0.7651116847991943,0.7478203773498535,1.000000238418579,0.7329984903335571,0.7876195311546326,0.6347755193710327,0.8068541288375854,0.719135582447052,0.8017072081565857,0.6567820310592651,0.7354373335838318,0.6463998556137085,0.4765339493751526,0.7313416004180908,0.31491315364837646,0.7901614308357239,0.638778805732727
Stealing#6,0.33189404010772705,0.0869697853922844,0.1333044022321701,0.28536534309387207,0.3624582886695862,0.24278728663921356,0.2226572036743164,0.14631235599517822,0.09880194067955017,0.29817456007003784,0.716900110244751,0.666192889213562,0.714767336845398,0.5257109999656677,0.6858375072479248,0.7167942523956299,0.7453759908676147,0.6717542409896851,0.667218804359436,0.5373901724815369,0.7383006811141968,0.6353553533554077,0.3796496093273163,0.6988588571548462,0.6729618310928345,0.700088381767273,0.6806482672691345,0.6778954267501831,0.6012687683105469,0.7134789228439331,0.6913687586784363,0.6732084155082703,0.6604412198066711,0.6758696436882019,0.6930923461914062,0.5915523171424866,0.5895068645477295,0.6011502742767334,0.7312180995941162,0.675521969795227,0.7214871048927307,0.6409364938735962,0.7103905081748962,0.5947924852371216,0.68540358543396,0.7169237732887268,0.6195871829986572,0.5522490739822388,0.5233845710754395,0.6710740327835083,0.7274044752120972,0.7119451761245728,0.7413809299468994,0.7259481549263,0.8308844566345215,0.6553520560264587,0.723599910736084,0.6902122497558594,0.7837787866592407,0.7924131155014038,0.6430459022521973,0.5302305221557617,0.5172824859619141,0.6483153104782104,0.5981260538101196,0.6031053066253662,0.5959992408752441,0.5490909218788147,0.5822564363479614,0.7072222828865051,0.6612879037857056,0.6083211898803711,0.5171499848365784,0.6501888632774353,0.5429254770278931,0.5167320370674133,0.6586196422576904,0.5944252610206604,0.553866982460022,0.5882879495620728,0.6305276155471802,0.6922441720962524,0.5555687546730042,0.6220955848693848,0.6853197813034058,0.5924015045166016,0.7045998573303223,0.6564233303070068,0.6038835644721985,0.6007288694381714,0.7443089485168457,0.7696981430053711,0.7737782001495361,0.7407435178756714,0.6663193702697754,0.8130273818969727,0.6765395402908325,0.8276172280311584,0.7269058227539062,0.8163756132125854,0.6672621965408325,0.6882098913192749,0.6701407432556152,0.6989690065383911,0.7575814723968506,0.7025940418243408,0.6569135189056396,0.7300355434417725,0.6728274822235107,0.5715658664703369,0.8157000541687012,0.7347561120986938,0.7444663047790527,0.7828813791275024,0.7362040281295776,0.6269574165344238,0.6450072526931763,0.7510319948196411,0.7932814359664917,0.6588549613952637,0.7386842370033264,0.7771314382553101,0.8192833662033081,0.7077759504318237,0.7109934091567993,0.7329984903335571,0.9999997615814209,0.8425540924072266,0.5983186960220337,0.7423522472381592,0.7396234273910522,0.6968837380409241,0.6677370071411133,0.657163143157959,0.6876519918441772,0.4807971715927124,0.6727781891822815,0.33905595541000366,0.7389654517173767,0.6087383031845093
Stealing#7,0.29191040992736816,0.12575818598270416,0.15529438853263855,0.22169046103954315,0.349719762802124,0.2072376161813736,0.22221890091896057,0.13601911067962646,0.13175970315933228,0.3409039378166199,0.7841460704803467,0.7073922157287598,0.7845578789710999,0.49113476276397705,0.7284150123596191,0.7888635993003845,0.8115495443344116,0.7794946432113647,0.7121082544326782,0.6037936210632324,0.7527927756309509,0.6355882287025452,0.3264692723751068,0.7071148157119751,0.6991105675697327,0.7207056879997253,0.6729216575622559,0.7174882888793945,0.5492089986801147,0.7395590543746948,0.7614841461181641,0.7387088537216187,0.7043258547782898,0.7436695098876953,0.7665176391601562,0.6240373849868774,0.6085256934165955,0.6756528615951538,0.7934372425079346,0.7324705719947815,0.7870827913284302,0.6838415861129761,0.7587929368019104,0.6436636447906494,0.7424051761627197,0.7774218320846558,0.7104191780090332,0.6364001631736755,0.5599936246871948,0.6822038888931274,0.7459348440170288,0.8018515706062317,0.7700546383857727,0.7349839210510254,0.8100019693374634,0.7316968441009521,0.8100458383560181,0.7590799331665039,0.836076021194458,0.7977684736251831,0.718890905380249,0.5971776247024536,0.598758339881897,0.6947265863418579,0.659004271030426,0.6594247817993164,0.6109617352485657,0.6449103355407715,0.6393908262252808,0.7224560976028442,0.6805323362350464,0.7028471827507019,0.5681992769241333,0.7015566229820251,0.5932036638259888,0.4766496419906616,0.6836913228034973,0.6732417941093445,0.6253072023391724,0.6881453394889832,0.728918731212616,0.7218201160430908,0.5890649557113647,0.7134163975715637,0.7312991619110107,0.6422703266143799,0.7698804140090942,0.7547705173492432,0.6408705711364746,0.6602494716644287,0.8012442588806152,0.7885211706161499,0.753385603427887,0.7896009683609009,0.6763306260108948,0.8541933298110962,0.7307801246643066,0.8538856506347656,0.7637364864349365,0.8617686033248901,0.7235361337661743,0.7162296175956726,0.7199535369873047,0.750715970993042,0.7486035823822021,0.7348438501358032,0.7096230983734131,0.7713048458099365,0.7110401391983032,0.632224977016449,0.7932828664779663,0.7082199454307556,0.7671234607696533,0.7602603435516357,0.7744309902191162,0.6539459228515625,0.6828776597976685,0.7621258497238159,0.8140749931335449,0.7365629076957703,0.8354110717773438,0.8245993852615356,0.894149661064148,0.8027393221855164,0.7746100425720215,0.7876195311546326,0.8425540924072266,1.0,0.6693336367607117,0.788106381893158,0.7400224804878235,0.7547569274902344,0.60990309715271,0.687883198261261,0.6874512434005737,0.5053211450576782,0.7173339128494263,0.28076082468032837,0.7819722890853882,0.6721769571304321
Stealing#8,0.23680385947227478,0.19754140079021454,0.18151047825813293,0.24825768172740936,0.37152570486068726,0.17136763036251068,0.25313207507133484,0.18426838517189026,0.17131701111793518,0.36142653226852417,0.8170918822288513,0.7371388673782349,0.6764533519744873,0.5207384824752808,0.8837516903877258,0.6059262752532959,0.755633533000946,0.8032200336456299,0.8551520109176636,0.8845449686050415,0.5979002714157104,0.5243452191352844,0.37382084131240845,0.5952678918838501,0.582656741142273,0.6063013672828674,0.7475982904434204,0.5789092183113098,0.4978346824645996,0.6408109664916992,0.5306711196899414,0.519683301448822,0.4761999547481537,0.6247209310531616,0.5768862962722778,0.5311853885650635,0.499062180519104,0.500685453414917,0.5943056344985962,0.5287522077560425,0.7198828458786011,0.8207211494445801,0.5313814878463745,0.8743507862091064,0.868732213973999,0.67647385597229,0.8778828978538513,0.8052932024002075,0.9156421422958374,0.7961173057556152,0.6472781896591187,0.6365416049957275,0.56389319896698,0.5117925405502319,0.6121450662612915,0.5174322128295898,0.602284848690033,0.5167334079742432,0.5769671201705933,0.5348690748214722,0.592438817024231,0.4961501359939575,0.525862991809845,0.5515817403793335,0.5156940221786499,0.5521799325942993,0.5188025236129761,0.5208687782287598,0.5100372433662415,0.5008544921875,0.5760970115661621,0.7296487092971802,0.8194032907485962,0.6943643093109131,0.7553454041481018,0.5370553731918335,0.6851083040237427,0.6534715294837952,0.658409595489502,0.8364043235778809,0.48040053248405457,0.47776782512664795,0.40644371509552,0.5110653638839722,0.47093817591667175,0.4273774027824402,0.5661370158195496,0.5468401908874512,0.5325195789337158,0.4275398850440979,0.595453679561615,0.6393142938613892,0.7171361446380615,0.5870043039321899,0.5143169164657593,0.6574041843414307,0.7805143594741821,0.6682561635971069,0.5622494220733643,0.600417971611023,0.5865051746368408,0.6501314640045166,0.7135822772979736,0.5604316592216492,0.603355348110199,0.6973744630813599,0.747194230556488,0.5925874710083008,0.607527494430542,0.8520932197570801,0.5656654834747314,0.5587451457977295,0.6467981338500977,0.6023826599121094,0.6111258268356323,0.6143314242362976,0.5658755898475647,0.675713300704956,0.5964469313621521,0.6914077401161194,0.6714751720428467,0.5814186334609985,0.6769222617149353,0.5926002264022827,0.5760735273361206,0.6347755193710327,0.5983186960220337,0.6693336367607117,1.000000238418579,0.6178679466247559,0.5162739157676697,0.716159462928772,0.42951858043670654,0.5959866642951965,0.4827060401439667,0.48321282863616943,0.49021241068840027,0.31389597058296204,0.6488730907440186,0.49251770973205566
Stealing#9,0.3625994324684143,0.2345547378063202,0.2792701721191406,0.3686980903148651,0.40155673027038574,0.27787795662879944,0.29065579175949097,0.21758462488651276,0.22229620814323425,0.41837677359580994,0.6796777248382568,0.6508859395980835,0.7597635984420776,0.4345827102661133,0.6680027842521667,0.7577959299087524,0.7412753105163574,0.676095724105835,0.6213217377662659,0.5198200941085815,0.7483135461807251,0.5767154693603516,0.46527665853500366,0.6759579181671143,0.7492520213127136,0.7177586555480957,0.7526143789291382,0.739291250705719,0.6456852555274963,0.658616840839386,0.7230369448661804,0.7070738077163696,0.6255295276641846,0.6580653190612793,0.7832095623016357,0.6423424482345581,0.61907958984375,0.5681561231613159,0.6856160163879395,0.7306404113769531,0.7501863241195679,0.5979773998260498,0.7158850431442261,0.5532956123352051,0.666332483291626,0.7782737016677856,0.6117724180221558,0.5358532667160034,0.507759153842926,0.601823091506958,0.6848882436752319,0.6899653673171997,0.7078191041946411,0.6949225664138794,0.86430823802948,0.7031369209289551,0.7376714944839478,0.696761429309845,0.7323377132415771,0.7633458375930786,0.6000654101371765,0.6281087398529053,0.5684946775436401,0.7496269941329956,0.5562825202941895,0.5703175067901611,0.6748783588409424,0.5556387901306152,0.6230401992797852,0.6739518642425537,0.7071167230606079,0.5998451709747314,0.5512546300888062,0.7097854614257812,0.6003791093826294,0.6111889481544495,0.6323541402816772,0.5953822135925293,0.6788727045059204,0.5671401619911194,0.6013361811637878,0.6391569375991821,0.5771249532699585,0.5996649265289307,0.617883563041687,0.6528635025024414,0.6956045627593994,0.6575214862823486,0.6773862242698669,0.6249247789382935,0.7250545024871826,0.7017651796340942,0.7554260492324829,0.8479717969894409,0.6990969181060791,0.7570205926895142,0.7681111693382263,0.7890239357948303,0.7087714672088623,0.8019947409629822,0.7136602401733398,0.7116836309432983,0.6223670840263367,0.7162739634513855,0.7354164719581604,0.7082808017730713,0.6636384725570679,0.6786386370658875,0.6099725961685181,0.6351159811019897,0.7200686931610107,0.7310456037521362,0.7563663125038147,0.7388728857040405,0.8044024705886841,0.6976452469825745,0.6934329867362976,0.7346946001052856,0.8253920078277588,0.6473877429962158,0.8026045560836792,0.7506689429283142,0.823251485824585,0.8098176717758179,0.7954909801483154,0.8068541288375854,0.7423522472381592,0.788106381893158,0.6178679466247559,1.000000238418579,0.6677290201187134,0.7475658655166626,0.6183611154556274,0.7229916453361511,0.6246525049209595,0.463460236787796,0.674690842628479,0.3357727825641632,0.7349330186843872,0.6051961779594421
Vandalism#0,0.23989859223365784,0.07316401600837708,0.09487700462341309,0.16598139703273773,0.3087511658668518,0.14395827054977417,0.2055942416191101,0.0752391368150711,0.07365985959768295,0.2668316662311554,0.7193151712417603,0.7006638050079346,0.736388623714447,0.39368411898612976,0.6551246643066406,0.6894712448120117,0.6979466676712036,0.6952691078186035,0.6315488219261169,0.49663305282592773,0.6553357839584351,0.5602287650108337,0.2581535875797272,0.5738741755485535,0.6172946691513062,0.6101610660552979,0.5795931816101074,0.6330512762069702,0.43740522861480713,0.6253478527069092,0.681270956993103,0.6646907329559326,0.7535014152526855,0.7152225971221924,0.7145967483520508,0.6021371483802795,0.5563241243362427,0.7159391045570374,0.7086336016654968,0.697039783000946,0.7519723176956177,0.6072145104408264,0.748347818851471,0.5430086851119995,0.6446187496185303,0.7368914484977722,0.5813999772071838,0.5437028408050537,0.4850781559944153,0.6076526641845703,0.7800821661949158,0.7445083856582642,0.7256667613983154,0.6690912246704102,0.7213019132614136,0.7512196898460388,0.7439314126968384,0.7460817098617554,0.8281949758529663,0.7830812931060791,0.6892106533050537,0.6034337282180786,0.5035870671272278,0.7022477388381958,0.6397601962089539,0.594987154006958,0.6059794425964355,0.5552834272384644,0.6059654951095581,0.8049832582473755,0.7145617008209229,0.6376028060913086,0.4752413034439087,0.6601897478103638,0.5450433492660522,0.4468086063861847,0.6500123143196106,0.6159421801567078,0.5266628861427307,0.5907517075538635,0.6814213991165161,0.7000679969787598,0.5364470481872559,0.6794511079788208,0.6667906641960144,0.603590726852417,0.6993177533149719,0.7003506422042847,0.6395185589790344,0.5655452609062195,0.7715091109275818,0.7755371332168579,0.6748642921447754,0.7615378499031067,0.6920206546783447,0.7565052509307861,0.6446549892425537,0.7648206949234009,0.7372372150421143,0.7656896114349365,0.6691800355911255,0.6560443639755249,0.6827119588851929,0.7369803190231323,0.6643358469009399,0.6537044048309326,0.5884048938751221,0.766139805316925,0.6403365135192871,0.5498027205467224,0.7048547267913818,0.6292139887809753,0.6473376750946045,0.690645694732666,0.6515008211135864,0.5390801429748535,0.6079351902008057,0.7031853795051575,0.7304600477218628,0.6371238231658936,0.7212188839912415,0.7544260621070862,0.7023283243179321,0.7021551132202148,0.709952712059021,0.719135582447052,0.7396234273910522,0.7400224804878235,0.5162739157676697,0.6677290201187134,1.0000004768371582,0.7394366264343262,0.6284438371658325,0.7798923850059509,0.8440583944320679,0.5524163246154785,0.678799033164978,0.3479710817337036,0.7415320873260498,0.7186938524246216
Vandalism#1,0.18023046851158142,0.10041914880275726,0.10834947228431702,0.13350410759449005,0.28175005316734314,0.09754794836044312,0.1665174961090088,0.0707729235291481,0.07181572169065475,0.35329991579055786,0.7999833822250366,0.763057291507721,0.8834656476974487,0.38320788741111755,0.760170578956604,0.8251160383224487,0.8030350208282471,0.8349864482879639,0.7666431665420532,0.6778815388679504,0.7089691162109375,0.5244722366333008,0.29974204301834106,0.5715072154998779,0.719456672668457,0.6735697984695435,0.728767454624176,0.7497926950454712,0.48530882596969604,0.6801967620849609,0.7513769865036011,0.7508098483085632,0.7018554210662842,0.8122211694717407,0.8206852674484253,0.6856855154037476,0.5834100246429443,0.6708868741989136,0.7778363227844238,0.8213186264038086,0.9032287001609802,0.6713507175445557,0.8158700466156006,0.7025266289710999,0.7783072590827942,0.8324038982391357,0.7480913400650024,0.6694062948226929,0.6465654373168945,0.7060051560401917,0.7501866817474365,0.781543493270874,0.7716377377510071,0.6915022134780884,0.6743823289871216,0.7664365172386169,0.8452317714691162,0.7518025636672974,0.7767236232757568,0.7453421354293823,0.7348589897155762,0.7433661222457886,0.6458666324615479,0.7664893865585327,0.716212272644043,0.6351307034492493,0.6681455373764038,0.5976064205169678,0.6928054094314575,0.6921199560165405,0.770631730556488,0.7105653882026672,0.6896837949752808,0.8008573055267334,0.7399358749389648,0.5468007326126099,0.7070382237434387,0.7321061491966248,0.7402352690696716,0.7454997301101685,0.7301607131958008,0.5821534395217896,0.5619572401046753,0.6884806156158447,0.6020380258560181,0.6091722249984741,0.7149018049240112,0.7034499049186707,0.6942055225372314,0.5829118490219116,0.8015926480293274,0.7539119720458984,0.6597328782081604,0.8028296232223511,0.6829608678817749,0.7623310089111328,0.826812744140625,0.7852507829666138,0.7368403077125549,0.7544720768928528,0.6995118856430054,0.7379946708679199,0.7834901809692383,0.7785857915878296,0.6798365116119385,0.7351528406143188,0.723656177520752,0.7351692914962769,0.6538077592849731,0.7256391048431396,0.7009137868881226,0.6663784384727478,0.7390588521957397,0.7406868934631348,0.7592135667800903,0.6090356111526489,0.7618899345397949,0.7552753686904907,0.7705115079879761,0.6411911249160767,0.8432389497756958,0.6840379238128662,0.7786809206008911,0.8246513605117798,0.7432156801223755,0.8017072081565857,0.6968837380409241,0.7547569274902344,0.716159462928772,0.7475658655166626,0.7394366264343262,1.0,0.5391384363174438,0.7683695554733276,0.6183121800422668,0.4316772222518921,0.6608327627182007,0.2676306366920471,0.8489030599594116,0.7213772535324097
Vandalism#2,0.37131065130233765,0.1716032177209854,0.3006061017513275,0.2602766156196594,0.4043620824813843,0.3132845163345337,0.30538129806518555,0.21440467238426208,0.1836409568786621,0.3223913609981537,0.564038872718811,0.44526898860931396,0.5617263913154602,0.44749951362609863,0.5011289119720459,0.5358922481536865,0.525678813457489,0.47110843658447266,0.48665162920951843,0.4030298590660095,0.6727632284164429,0.5681267380714417,0.4100925922393799,0.6111242771148682,0.5385134816169739,0.6110761165618896,0.6151421070098877,0.6467716097831726,0.5632333755493164,0.5472508668899536,0.654861330986023,0.6601437330245972,0.6136240363121033,0.5609114170074463,0.5686514377593994,0.5534840822219849,0.6277276277542114,0.5289663076400757,0.624859094619751,0.5754469633102417,0.561864972114563,0.49955475330352783,0.5474799871444702,0.42176103591918945,0.5132956504821777,0.6144192218780518,0.44974738359451294,0.40708014369010925,0.3994784355163574,0.5523988008499146,0.6231169700622559,0.5894091129302979,0.5500909090042114,0.5884186029434204,0.6627457141876221,0.5583738684654236,0.5810635089874268,0.530823826789856,0.6479635238647461,0.6195119619369507,0.5510083436965942,0.4776878356933594,0.5103189945220947,0.6305822134017944,0.49219733476638794,0.5737706422805786,0.5875492095947266,0.5579431056976318,0.5939784049987793,0.6824088096618652,0.5481855869293213,0.4136393666267395,0.41707998514175415,0.47786837816238403,0.43463897705078125,0.419280469417572,0.5248181223869324,0.44269195199012756,0.42461729049682617,0.39906030893325806,0.4940902888774872,0.6702380776405334,0.5856866836547852,0.5377277135848999,0.5699738264083862,0.6069724559783936,0.5735937356948853,0.6053453087806702,0.6376192569732666,0.5357407331466675,0.5738202929496765,0.5455660223960876,0.612783670425415,0.6524333953857422,0.6011897325515747,0.6338213682174683,0.5691800713539124,0.6274631023406982,0.6401968598365784,0.6150434613227844,0.6988611221313477,0.6810539960861206,0.5656812191009521,0.6872420310974121,0.7162969708442688,0.6294721364974976,0.6114712357521057,0.6881792545318604,0.6787006258964539,0.5216250419616699,0.6015841364860535,0.6087719202041626,0.5970727205276489,0.5744441151618958,0.6307185888290405,0.5294819474220276,0.4677484333515167,0.5877766609191895,0.6457908749580383,0.5098735094070435,0.5845100283622742,0.6381096839904785,0.5973581075668335,0.5372931957244873,0.6049689054489136,0.6567820310592651,0.6677370071411133,0.60990309715271,0.42951858043670654,0.6183611154556274,0.6284438371658325,0.5391384363174438,0.9999998807907104,0.6159188747406006,0.6876093149185181,0.48720502853393555,0.7035810947418213,0.5200992822647095,0.618862509727478,0.45161330699920654
Vandalism#3,0.2849208116531372,0.21244142949581146,0.2123546004295349,0.25872302055358887,0.4156506657600403,0.19847708940505981,0.24288755655288696,0.160248801112175,0.21426114439964294,0.3973170220851898,0.7069668173789978,0.6813051700592041,0.7653499841690063,0.434999018907547,0.6698538064956665,0.7271838784217834,0.7205058336257935,0.6876831650733948,0.6587685942649841,0.5399201512336731,0.6921583414077759,0.5563600063323975,0.4179116487503052,0.5549163818359375,0.7233893871307373,0.6452029943466187,0.7293270230293274,0.7121634483337402,0.5713849067687988,0.6193495988845825,0.7339742183685303,0.7505465745925903,0.6509691476821899,0.6985464096069336,0.7463902831077576,0.5997151136398315,0.5766677856445312,0.5850586891174316,0.7494183778762817,0.7130721807479858,0.7853876352310181,0.6116118431091309,0.716729998588562,0.5965616106987,0.6836764812469482,0.811959981918335,0.6195364594459534,0.5452370047569275,0.549951434135437,0.6650044322013855,0.7032656669616699,0.7343118190765381,0.6533883810043335,0.6468536853790283,0.6640068292617798,0.7115232348442078,0.7264496088027954,0.6506277322769165,0.7603796720504761,0.6708059310913086,0.6624175906181335,0.6167014837265015,0.556471586227417,0.7594118118286133,0.5972592830657959,0.5858732461929321,0.6340222358703613,0.5445793867111206,0.6382430791854858,0.6961458921432495,0.7822259664535522,0.6133400201797485,0.5730241537094116,0.7186151146888733,0.6447943449020386,0.5976755619049072,0.6602579355239868,0.616836667060852,0.6731702089309692,0.585056483745575,0.5758740305900574,0.6087253093719482,0.5506240725517273,0.591204047203064,0.6006639003753662,0.5764799118041992,0.6435723304748535,0.6432976126670837,0.697308361530304,0.5740476846694946,0.7315884828567505,0.7142553925514221,0.6655560731887817,0.7941097021102905,0.7447288036346436,0.7022260427474976,0.7829277515411377,0.7359870672225952,0.7536176443099976,0.7090599536895752,0.7346554398536682,0.7624238729476929,0.7147197723388672,0.7693651914596558,0.7394498586654663,0.7395080327987671,0.6917601227760315,0.7426910400390625,0.6941705942153931,0.6668990254402161,0.6747887134552002,0.7692667245864868,0.7476029396057129,0.7297970652580261,0.7512625455856323,0.6177448630332947,0.6253275871276855,0.7297059297561646,0.736137866973877,0.5727841854095459,0.720288097858429,0.6347910761833191,0.6839386224746704,0.6798696517944336,0.6962035298347473,0.7354373335838318,0.657163143157959,0.687883198261261,0.5959866642951965,0.7229916453361511,0.7798923850059509,0.7683695554733276,0.6159188747406006,1.0,0.6603878736495972,0.485728919506073,0.695096492767334,0.3057251572608948,0.7771992087364197,0.5541691780090332
Vandalism#4,0.3460679352283478,0.21823060512542725,0.26934731006622314,0.3328160047531128,0.41523534059524536,0.2627154290676117,0.33433863520622253,0.23932692408561707,0.20920079946517944,0.3427145779132843,0.6449763178825378,0.5797537565231323,0.6182037591934204,0.42728155851364136,0.6038284301757812,0.5632497668266296,0.5746064186096191,0.5785804986953735,0.5374909043312073,0.45911258459091187,0.6569686532020569,0.567176342010498,0.3582915961742401,0.6321141719818115,0.5727740526199341,0.628546416759491,0.572303831577301,0.6204245686531067,0.4709116220474243,0.5947211384773254,0.626373291015625,0.5960763096809387,0.6825662851333618,0.6207990646362305,0.5847982168197632,0.5643321871757507,0.5745986700057983,0.6422346830368042,0.6149148941040039,0.6001574397087097,0.6338686943054199,0.611771821975708,0.6505774855613708,0.5030108690261841,0.5783022046089172,0.6797289848327637,0.5211896896362305,0.5182451605796814,0.4668693244457245,0.5479572415351868,0.6816291213035583,0.6271802186965942,0.5895406007766724,0.5958229303359985,0.6847118735313416,0.6068841814994812,0.606667160987854,0.6161919832229614,0.7089238166809082,0.6922088861465454,0.6580842733383179,0.5197867155075073,0.5310056805610657,0.6952140927314758,0.5899625420570374,0.6010982990264893,0.6341187953948975,0.6033719778060913,0.606250524520874,0.8029423952102661,0.6404713988304138,0.5547007322311401,0.4550479054450989,0.588890552520752,0.5032854676246643,0.4575310945510864,0.6012481451034546,0.5782963037490845,0.48609673976898193,0.5059756636619568,0.5879623889923096,0.7222179174423218,0.5150203704833984,0.6331847310066223,0.6592141389846802,0.6156299114227295,0.6346239447593689,0.667724072933197,0.6460590362548828,0.5935741662979126,0.6584237813949585,0.7229758501052856,0.6648561954498291,0.704048752784729,0.7083640694618225,0.7225930690765381,0.5810123682022095,0.6715058088302612,0.6740387678146362,0.6880434155464172,0.6817684173583984,0.6126129031181335,0.6178668737411499,0.6821257472038269,0.6847563982009888,0.6284984946250916,0.5956805348396301,0.7324144244194031,0.6393715739250183,0.5412693619728088,0.6802652478218079,0.6768810749053955,0.6261772513389587,0.6696301698684692,0.6073024272918701,0.6005042195320129,0.5793715715408325,0.6908944845199585,0.6964646577835083,0.7161343097686768,0.6223047375679016,0.7874891757965088,0.6449429988861084,0.6116074323654175,0.6512874960899353,0.6463998556137085,0.6876519918441772,0.6874512434005737,0.4827060401439667,0.6246525049209595,0.8440583944320679,0.6183121800422668,0.6876093149185181,0.6603878736495972,0.9999999403953552,0.661095142364502,0.6649305820465088,0.4783979654312134,0.6681159734725952,0.6047530174255371
Vandalism#5,0.471595823764801,0.5446955561637878,0.4984589219093323,0.4910142123699188,0.6345556974411011,0.43714678287506104,0.6256982088088989,0.5771890878677368,0.48279356956481934,0.6113907098770142,0.4526950716972351,0.4196580648422241,0.40306341648101807,0.38324740529060364,0.46279117465019226,0.35212719440460205,0.40459775924682617,0.4402271509170532,0.4069342613220215,0.3854900896549225,0.49888402223587036,0.4977118670940399,0.4207306504249573,0.482621967792511,0.4230973720550537,0.5476694107055664,0.4266582131385803,0.5217049717903137,0.3879750370979309,0.5051955580711365,0.4529721438884735,0.4033460021018982,0.48655954003334045,0.46387380361557007,0.36183983087539673,0.5709030032157898,0.5385074615478516,0.5844244956970215,0.3951531946659088,0.4257633686065674,0.3991643488407135,0.4604426920413971,0.3834826350212097,0.44247597455978394,0.43321162462234497,0.45724719762802124,0.41250744462013245,0.4551411271095276,0.4635218381881714,0.419328510761261,0.4383713901042938,0.40692150592803955,0.38635531067848206,0.3660469651222229,0.49054449796676636,0.41193678975105286,0.362739622592926,0.33616381883621216,0.4828435480594635,0.43634161353111267,0.4904952347278595,0.45500096678733826,0.5402541756629944,0.5023181438446045,0.4580761194229126,0.4610811471939087,0.604658305644989,0.5806559920310974,0.5519306659698486,0.5393674373626709,0.4431118965148926,0.5229655504226685,0.4349369406700134,0.52631676197052,0.488730251789093,0.47238415479660034,0.41379106044769287,0.6449725031852722,0.49972444772720337,0.40849703550338745,0.3927660584449768,0.5061177611351013,0.2999088764190674,0.4703056812286377,0.42770642042160034,0.448686808347702,0.4273664951324463,0.45717668533325195,0.43311530351638794,0.4018474519252777,0.36991703510284424,0.47843092679977417,0.5563117265701294,0.4792165756225586,0.48255428671836853,0.44974589347839355,0.41934919357299805,0.4001810550689697,0.44759631156921387,0.4012150466442108,0.4672987461090088,0.3930675983428955,0.40911149978637695,0.4245775640010834,0.4616970419883728,0.42839863896369934,0.4298030436038971,0.5059221386909485,0.4166976809501648,0.45838427543640137,0.4259783625602722,0.4609389305114746,0.4352708160877228,0.35837575793266296,0.4413818120956421,0.5753336548805237,0.3918619155883789,0.5179556608200073,0.3776194453239441,0.6181424856185913,0.5422806739807129,0.5789037942886353,0.4306047558784485,0.4688662588596344,0.5239754319190979,0.4765339493751526,0.4807971715927124,0.5053211450576782,0.48321282863616943,0.463460236787796,0.5524163246154785,0.4316772222518921,0.48720502853393555,0.485728919506073,0.661095142364502,1.0,0.5081052184104919,0.7216587662696838,0.418770432472229,0.5613911151885986
Vandalism#6,0.4699253737926483,0.3080393075942993,0.4385565221309662,0.3396604061126709,0.4580623209476471,0.38770920038223267,0.3842921853065491,0.31455883383750916,0.31652843952178955,0.46329447627067566,0.6098312139511108,0.5858096480369568,0.6954684853553772,0.5165610909461975,0.5920077562332153,0.6715990304946899,0.6715036034584045,0.597305178642273,0.5974311828613281,0.48098552227020264,0.6861650943756104,0.6314437389373779,0.47520700097084045,0.6221872568130493,0.6507251858711243,0.6640815138816833,0.6552554368972778,0.7374391555786133,0.6260299682617188,0.6336684226989746,0.6978561282157898,0.6460195779800415,0.6897205710411072,0.5953915119171143,0.6214781403541565,0.619745671749115,0.5715535879135132,0.6427587270736694,0.6630364656448364,0.6416550874710083,0.6664915084838867,0.545203447341919,0.668444037437439,0.5396876335144043,0.6015752553939819,0.7188300490379333,0.5492838621139526,0.49141961336135864,0.4628964364528656,0.6154739856719971,0.5817330479621887,0.6226760149002075,0.553345799446106,0.5717485547065735,0.6299175024032593,0.6280561089515686,0.6499879360198975,0.5399655103683472,0.7266908884048462,0.6085827350616455,0.568647563457489,0.5891858339309692,0.5596039295196533,0.7080523371696472,0.5334361791610718,0.5256057381629944,0.6195706129074097,0.6015148162841797,0.6335266828536987,0.6979001760482788,0.6771351099014282,0.5826963782310486,0.5079180598258972,0.648772120475769,0.5638495087623596,0.4914681613445282,0.5909690856933594,0.5887168645858765,0.574099063873291,0.5030066967010498,0.6129337549209595,0.7988654375076294,0.6123926639556885,0.6864256858825684,0.6870641708374023,0.7669044733047485,0.6793409585952759,0.7299308776855469,0.7144237756729126,0.6473343372344971,0.6478250026702881,0.633529782295227,0.686326265335083,0.6953362226486206,0.6730997562408447,0.6859711408615112,0.6927777528762817,0.6666179895401001,0.6710425019264221,0.6386409997940063,0.6863548159599304,0.6604020595550537,0.5655522346496582,0.6889981031417847,0.7018415927886963,0.6904579997062683,0.6223530173301697,0.6444451212882996,0.6247854232788086,0.5776803493499756,0.6453596353530884,0.7053544521331787,0.6789208650588989,0.637641429901123,0.7051378488540649,0.645521342754364,0.5829620361328125,0.6475362777709961,0.706937849521637,0.5723530054092407,0.7594358325004578,0.660019040107727,0.6322579383850098,0.655562162399292,0.7234780788421631,0.7313416004180908,0.6727781891822815,0.7173339128494263,0.49021241068840027,0.674690842628479,0.678799033164978,0.6608327627182007,0.7035810947418213,0.695096492767334,0.6649305820465088,0.5081052184104919,1.0000001192092896,0.46157604455947876,0.6821179389953613,0.543989896774292
Vandalism#7,0.5910400152206421,0.6357593536376953,0.6182652711868286,0.575659453868866,0.6243049502372742,0.6398885846138,0.7566536664962769,0.7448601722717285,0.5736616849899292,0.6437809467315674,0.23475879430770874,0.19586801528930664,0.22933967411518097,0.35932016372680664,0.2977762222290039,0.18784072995185852,0.22999440133571625,0.1956206113100052,0.2826210856437683,0.2869033217430115,0.3147522807121277,0.3755379915237427,0.44684815406799316,0.3302856981754303,0.27887070178985596,0.43320491909980774,0.3362756371498108,0.37486687302589417,0.3495233654975891,0.33379948139190674,0.3007656931877136,0.24957260489463806,0.304973304271698,0.25990617275238037,0.15927955508232117,0.5037698745727539,0.42267462611198425,0.4024888873100281,0.1956765353679657,0.2595939636230469,0.2111474573612213,0.3270813822746277,0.1850842833518982,0.32406851649284363,0.29011887311935425,0.2831176221370697,0.2521686851978302,0.29129093885421753,0.3543592691421509,0.2768356502056122,0.19915693998336792,0.15970143675804138,0.13291379809379578,0.1250160038471222,0.3067288398742676,0.20845864713191986,0.16524142026901245,0.04662613570690155,0.2700221836566925,0.19813653826713562,0.2534601390361786,0.30904966592788696,0.39971446990966797,0.32983943819999695,0.23475196957588196,0.2577536404132843,0.5179953575134277,0.4326930046081543,0.4014606475830078,0.34707048535346985,0.30081239342689514,0.321097731590271,0.3408750593662262,0.37043431401252747,0.3692874312400818,0.4079648554325104,0.24398693442344666,0.4251551032066345,0.358951210975647,0.23668934404850006,0.19018951058387756,0.3876844048500061,0.26285967230796814,0.3164280652999878,0.2815564274787903,0.36560124158859253,0.2507798373699188,0.2610349655151367,0.2958378195762634,0.2926560044288635,0.13058191537857056,0.27870073914527893,0.401043564081192,0.2653703987598419,0.31311309337615967,0.24866119027137756,0.2757951617240906,0.17422063648700714,0.2185191661119461,0.17489871382713318,0.3233916759490967,0.2439003884792328,0.19316762685775757,0.25644049048423767,0.34307098388671875,0.31100255250930786,0.2854636609554291,0.2790444791316986,0.2422056794166565,0.3431590795516968,0.19181644916534424,0.3250349760055542,0.2536473274230957,0.15626558661460876,0.3080962300300598,0.5254192352294922,0.20582467317581177,0.2863425314426422,0.19723564386367798,0.37551575899124146,0.4064998924732208,0.3758065700531006,0.18301457166671753,0.26574021577835083,0.3576609492301941,0.31491315364837646,0.33905595541000366,0.28076082468032837,0.31389597058296204,0.3357727825641632,0.3479710817337036,0.2676306366920471,0.5200992822647095,0.3057251572608948,0.4783979654312134,0.7216587662696838,0.46157604455947876,1.0,0.2422933131456375,0.35178864002227783
Vandalism#8,0.18558114767074585,0.06692089885473251,0.10485249012708664,0.15110743045806885,0.343450665473938,0.05949302762746811,0.15073317289352417,0.03935820609331131,0.08675619959831238,0.30114853382110596,0.8229334354400635,0.7686285376548767,0.8759522438049316,0.507716178894043,0.7611419558525085,0.819915771484375,0.8213027119636536,0.8041388988494873,0.7690787315368652,0.6362802982330322,0.8144091367721558,0.6342867612838745,0.36805230379104614,0.6533729434013367,0.7558466792106628,0.7549302577972412,0.7685232162475586,0.7791748046875,0.5877569913864136,0.7554599642753601,0.7663923501968384,0.7746613025665283,0.6819050312042236,0.7825831174850464,0.8044384121894836,0.6167739629745483,0.6620715856552124,0.6157428622245789,0.8174143433570862,0.7796112298965454,0.8713595867156982,0.7105287313461304,0.7986331582069397,0.6552836298942566,0.7675154209136963,0.8807964324951172,0.7331103086471558,0.6521921157836914,0.6079930067062378,0.7497622966766357,0.8097590804100037,0.8194395899772644,0.7727810144424438,0.7581366300582886,0.7453519701957703,0.7672974467277527,0.8421438932418823,0.774540364742279,0.8393192291259766,0.7675801515579224,0.7476411461830139,0.6761025190353394,0.6111850142478943,0.7200488448143005,0.7015582919120789,0.6796270608901978,0.6410554647445679,0.5997864603996277,0.6764316558837891,0.7377485036849976,0.7651803493499756,0.7107683420181274,0.6319948434829712,0.7245519161224365,0.6698934435844421,0.5150355100631714,0.7590702772140503,0.6423396468162537,0.6640470623970032,0.7010291814804077,0.6951510906219482,0.6209347248077393,0.5989948511123657,0.675940752029419,0.6560415625572205,0.6185173988342285,0.7339293956756592,0.7199086546897888,0.7165077924728394,0.631643533706665,0.815954327583313,0.760796070098877,0.6925144195556641,0.8185443878173828,0.7138053178787231,0.8477401733398438,0.7730842232704163,0.8463477492332458,0.7620143890380859,0.8179198503494263,0.7870893478393555,0.8105916976928711,0.7967230081558228,0.80667644739151,0.785547137260437,0.8259636163711548,0.7785035371780396,0.7846757173538208,0.7513222694396973,0.6803618669509888,0.7471953630447388,0.7141944169998169,0.7834044694900513,0.7641845941543579,0.7856845259666443,0.571324348449707,0.7108161449432373,0.7724984884262085,0.8354612588882446,0.6358833312988281,0.7611639499664307,0.70353764295578,0.8186891078948975,0.7523012161254883,0.7525752782821655,0.7901614308357239,0.7389654517173767,0.7819722890853882,0.6488730907440186,0.7349330186843872,0.7415320873260498,0.8489030599594116,0.618862509727478,0.7771992087364197,0.6681159734725952,0.418770432472229,0.6821179389953613,0.2422933131456375,1.0,0.6323086023330688
Vandalism#9,0.19256757199764252,0.12217622995376587,0.11980733275413513,0.12482385337352753,0.31339913606643677,0.11597689986228943,0.24233520030975342,0.13805654644966125,0.1006871908903122,0.33272916078567505,0.6067901253700256,0.5750018358230591,0.6317138671875,0.32138973474502563,0.5337104797363281,0.6140576601028442,0.6008023023605347,0.6446722745895386,0.531022846698761,0.4505055844783783,0.5948580503463745,0.4839305281639099,0.23945727944374084,0.4894363284111023,0.5489881634712219,0.575354814529419,0.479170560836792,0.5910822153091431,0.35856080055236816,0.5939265489578247,0.6213498115539551,0.6286525726318359,0.7227075099945068,0.7006855010986328,0.6450886726379395,0.7131969928741455,0.5562665462493896,0.7977540493011475,0.6243141293525696,0.7238507270812988,0.6306218504905701,0.45947468280792236,0.6869970560073853,0.48901817202568054,0.5293678045272827,0.5781224370002747,0.5086303949356079,0.4966101050376892,0.42757415771484375,0.5123894810676575,0.6131987571716309,0.6043274402618408,0.6856679916381836,0.5986137390136719,0.6090432405471802,0.6758303046226501,0.6780245304107666,0.6667333245277405,0.668950080871582,0.6575334072113037,0.642754077911377,0.6808204650878906,0.5429449081420898,0.6015300750732422,0.6593601703643799,0.5286561250686646,0.6090425252914429,0.5647540092468262,0.6017504334449768,0.6769434213638306,0.559406042098999,0.5908365249633789,0.4472825527191162,0.5959455370903015,0.529908299446106,0.4374873638153076,0.530349612236023,0.6668846607208252,0.5689904093742371,0.5499299168586731,0.7620400190353394,0.5252381563186646,0.4293074607849121,0.6881828904151917,0.5127511024475098,0.5826748609542847,0.5995022058486938,0.6206021904945374,0.545386552810669,0.4677119553089142,0.6531955599784851,0.61474609375,0.5719045400619507,0.6374653577804565,0.5143998861312866,0.6196746826171875,0.5478154420852661,0.632999062538147,0.5978494882583618,0.6186786890029907,0.517667293548584,0.5014616250991821,0.5883222818374634,0.5993515253067017,0.4926510751247406,0.5109584331512451,0.47285792231559753,0.6203299760818481,0.49108943343162537,0.45262575149536133,0.5716132521629333,0.4773886799812317,0.5324711799621582,0.5163052678108215,0.5739664435386658,0.4674379229545593,0.6359835863113403,0.6232202053070068,0.5779389142990112,0.608183741569519,0.7357016801834106,0.638705849647522,0.6380524039268494,0.7450459003448486,0.6396595239639282,0.638778805732727,0.6087383031845093,0.6721769571304321,0.49251770973205566,0.6051961779594421,0.7186938524246216,0.7213772535324097,0.45161330699920654,0.5541691780090332,0.6047530174255371,0.5613911151885986,0.543989896774292,0.35178864002227783,0.6323086023330688,1.0000001192092896
