label,criterion,rank,video_id,label,num_frames,positive_frames,baseline_classifier_mean,baseline_classifier_max,baseline_classifier_positive_mean,baseline_classifier_negative_mean,baseline_classifier_auc,baseline_classifier_ap,baseline_alignment_mean,baseline_alignment_max,baseline_alignment_positive_mean,baseline_alignment_negative_mean,baseline_alignment_auc,baseline_alignment_ap,manual_classifier_mean,delta_classifier_mean,manual_classifier_max,delta_classifier_max,manual_classifier_positive_mean,delta_classifier_positive_mean,manual_classifier_negative_mean,delta_classifier_negative_mean,manual_classifier_auc,delta_classifier_auc,manual_classifier_ap,delta_classifier_ap,manual_alignment_mean,delta_alignment_mean,manual_alignment_max,delta_alignment_max,manual_alignment_positive_mean,delta_alignment_positive_mean,manual_alignment_negative_mean,delta_alignment_negative_mean,manual_alignment_auc,delta_alignment_auc,manual_alignment_ap,delta_alignment_ap
Abuse,delta_classifier_auc,1,Abuse028_x264,Abuse,1408,75,0.8617116808891296,0.9985138773918152,0.9662609100341797,0.8558292984962463,51.73643410852713,6.367688064496575,0.9958226680755615,0.9996578693389893,0.9981895089149475,0.9956895112991333,49.59189797449362,6.150696596618814,0.8778333067893982,0.016121625900268555,0.9999436140060425,0.001429736614227295,0.9953566193580627,0.029095709323883057,0.8712208867073059,0.01539158821105957,51.73643410852713,0.0,6.3774828767304115,0.009794812233836048,0.9865875244140625,-0.009235143661499023,0.9998577237129211,0.00019985437393188477,0.9990701079368591,0.0008805990219116211,0.9858852624893188,-0.009804248809814453,52.69667416854213,3.1047761940485117,6.4077330077330075,0.2570364111141936
Abuse,delta_classifier_auc,2,Abuse030_x264,Abuse,1536,85,0.9929139614105225,0.9998125433921814,0.999457597732544,0.9925305843353271,69.11541735922488,9.577626597772973,0.9960942268371582,0.9987035393714905,0.9976728558540344,0.9960017800331116,49.40973770624721,6.223381187835201,0.9556453824043274,-0.03726857900619507,0.999785840511322,-2.6702880859375e-05,0.999523937702179,6.633996963500977e-05,0.9530750513076782,-0.039455533027648926,69.20622694287914,0.09080958365426284,9.476890610714142,-0.10073598705883136,0.9961580634117126,6.383657455444336e-05,0.9998349547386169,0.0011314153671264648,0.9988862872123718,0.0012134313583374023,0.995998203754425,-3.5762786865234375e-06,45.050877690842015,-4.358860015405199,5.829536458372474,-0.3938447294627263
Abuse,delta_alignment_auc,1,Abuse030_x264,Abuse,1536,85,0.9929139614105225,0.9998125433921814,0.999457597732544,0.9925305843353271,69.11541735922488,9.577626597772973,0.9960942268371582,0.9987035393714905,0.9976728558540344,0.9960017800331116,49.40973770624721,6.223381187835201,0.9556453824043274,-0.03726857900619507,0.999785840511322,-2.6702880859375e-05,0.999523937702179,6.633996963500977e-05,0.9530750513076782,-0.039455533027648926,69.20622694287914,0.09080958365426284,9.476890610714142,-0.10073598705883136,0.9961580634117126,6.383657455444336e-05,0.9998349547386169,0.0011314153671264648,0.9988862872123718,0.0012134313583374023,0.995998203754425,-3.5762786865234375e-06,45.050877690842015,-4.358860015405199,5.829536458372474,-0.3938447294627263
Abuse,delta_alignment_auc,2,Abuse028_x264,Abuse,1408,75,0.8617116808891296,0.9985138773918152,0.9662609100341797,0.8558292984962463,51.73643410852713,6.367688064496575,0.9958226680755615,0.9996578693389893,0.9981895089149475,0.9956895112991333,49.59189797449362,6.150696596618814,0.8778333067893982,0.016121625900268555,0.9999436140060425,0.001429736614227295,0.9953566193580627,0.029095709323883057,0.8712208867073059,0.01539158821105957,51.73643410852713,0.0,6.3774828767304115,0.009794812233836048,0.9865875244140625,-0.009235143661499023,0.9998577237129211,0.00019985437393188477,0.9990701079368591,0.0008805990219116211,0.9858852624893188,-0.009804248809814453,52.69667416854213,3.1047761940485117,6.4077330077330075,0.2570364111141936
Abuse,delta_classifier_positive_mean,1,Abuse030_x264,Abuse,1536,85,0.9929139614105225,0.9998125433921814,0.999457597732544,0.9925305843353271,69.11541735922488,9.577626597772973,0.9960942268371582,0.9987035393714905,0.9976728558540344,0.9960017800331116,49.40973770624721,6.223381187835201,0.9556453824043274,-0.03726857900619507,0.999785840511322,-2.6702880859375e-05,0.999523937702179,6.633996963500977e-05,0.9530750513076782,-0.039455533027648926,69.20622694287914,0.09080958365426284,9.476890610714142,-0.10073598705883136,0.9961580634117126,6.383657455444336e-05,0.9998349547386169,0.0011314153671264648,0.9988862872123718,0.0012134313583374023,0.995998203754425,-3.5762786865234375e-06,45.050877690842015,-4.358860015405199,5.829536458372474,-0.3938447294627263
Abuse,delta_classifier_positive_mean,2,Abuse028_x264,Abuse,1408,75,0.8617116808891296,0.9985138773918152,0.9662609100341797,0.8558292984962463,51.73643410852713,6.367688064496575,0.9958226680755615,0.9996578693389893,0.9981895089149475,0.9956895112991333,49.59189797449362,6.150696596618814,0.8778333067893982,0.016121625900268555,0.9999436140060425,0.001429736614227295,0.9953566193580627,0.029095709323883057,0.8712208867073059,0.01539158821105957,51.73643410852713,0.0,6.3774828767304115,0.009794812233836048,0.9865875244140625,-0.009235143661499023,0.9998577237129211,0.00019985437393188477,0.9990701079368591,0.0008805990219116211,0.9858852624893188,-0.009804248809814453,52.69667416854213,3.1047761940485117,6.4077330077330075,0.2570364111141936
Abuse,delta_alignment_positive_mean,1,Abuse028_x264,Abuse,1408,75,0.8617116808891296,0.9985138773918152,0.9662609100341797,0.8558292984962463,51.73643410852713,6.367688064496575,0.9958226680755615,0.9996578693389893,0.9981895089149475,0.9956895112991333,49.59189797449362,6.150696596618814,0.8778333067893982,0.016121625900268555,0.9999436140060425,0.001429736614227295,0.9953566193580627,0.029095709323883057,0.8712208867073059,0.01539158821105957,51.73643410852713,0.0,6.3774828767304115,0.009794812233836048,0.9865875244140625,-0.009235143661499023,0.9998577237129211,0.00019985437393188477,0.9990701079368591,0.0008805990219116211,0.9858852624893188,-0.009804248809814453,52.69667416854213,3.1047761940485117,6.4077330077330075,0.2570364111141936
Abuse,delta_alignment_positive_mean,2,Abuse030_x264,Abuse,1536,85,0.9929139614105225,0.9998125433921814,0.999457597732544,0.9925305843353271,69.11541735922488,9.577626597772973,0.9960942268371582,0.9987035393714905,0.9976728558540344,0.9960017800331116,49.40973770624721,6.223381187835201,0.9556453824043274,-0.03726857900619507,0.999785840511322,-2.6702880859375e-05,0.999523937702179,6.633996963500977e-05,0.9530750513076782,-0.039455533027648926,69.20622694287914,0.09080958365426284,9.476890610714142,-0.10073598705883136,0.9961580634117126,6.383657455444336e-05,0.9998349547386169,0.0011314153671264648,0.9988862872123718,0.0012134313583374023,0.995998203754425,-3.5762786865234375e-06,45.050877690842015,-4.358860015405199,5.829536458372474,-0.3938447294627263
Arrest,delta_classifier_auc,1,Arrest030_x264,Arrest,8640,1665,0.9869815111160278,0.9999940395355225,0.9999823570251465,0.9838781356811523,94.27715457392877,78.17053623625138,0.9984167218208313,0.9999738335609436,0.9999187588691711,0.9980581998825073,80.21709020848806,34.57953957658516,0.9907379150390625,0.003756403923034668,0.9999990463256836,5.0067901611328125e-06,0.9999938607215881,1.150369644165039e-05,0.9885283708572388,0.004650235176086426,84.03647949024293,-10.240675083685844,45.706836766596965,-32.463699469654415,0.9994982481002808,0.0010815262794494629,0.9999583959579468,-1.5437602996826172e-05,0.9998926520347595,-2.6106834411621094e-05,0.9994041323661804,0.0013459324836730957,53.40180180180181,-26.81528840668625,18.760263438656267,-15.819276137928895
Arrest,delta_classifier_auc,2,Arrest007_x264,Arrest,3136,630,0.7880198955535889,0.9999284744262695,0.9957724809646606,0.7357915639877319,99.70622886025919,99.15736607142858,0.9165781736373901,0.9999218583106995,0.9993320107460022,0.895774245262146,99.90891701186993,99.6533658140801,0.600059449672699,-0.1879604458808899,0.9999450445175171,1.6570091247558594e-05,0.978969395160675,-0.016803085803985596,0.5048027038574219,-0.23098886013031006,95.99298192275049,-3.7132469375087,87.26775449346692,-11.88961157796166,0.8676861524581909,-0.04889202117919922,0.9989782571792603,-0.000943601131439209,0.9943119883537292,-0.005020022392272949,0.8358527421951294,-0.0599215030670166,98.37254082266054,-1.536376189209392,95.50901331549203,-4.144352498588077
Arrest,delta_classifier_auc,3,Arrest001_x264,Arrest,2368,300,0.4518764019012451,0.9980471134185791,0.9698720574378967,0.3767319321632385,98.38426821405545,90.03403346653347,0.6530710458755493,0.9905329346656799,0.9810068607330322,0.6054981350898743,99.59896840747905,97.37133478437828,0.137563556432724,-0.3143128454685211,0.9908418655395508,-0.00720524787902832,0.7800554037094116,-0.1898166537284851,0.04435877129435539,-0.33237316086888313,98.86911669890392,0.4848484848484702,92.86026163379104,2.826228167257568,0.39407894015312195,-0.25899210572242737,0.969425618648529,-0.02110731601715088,0.8655459880828857,-0.11546087265014648,0.3256842792034149,-0.27981385588645935,98.60348162475823,-0.9954867827208176,92.35316210826402,-5.018172676114261
Arrest,delta_classifier_auc,4,Arrest024_x264,Arrest,3616,2100,0.9995573163032532,0.9999921321868896,0.9998852610588074,0.9991028904914856,51.493152406081165,55.06442484182102,0.9997256398200989,0.9999205470085144,0.9997170567512512,0.9997373223304749,39.684633747958294,48.4604455660679,0.9988034963607788,-0.0007538199424743652,0.9999938011169434,1.6689300537109375e-06,0.9998111724853516,-7.408857345581055e-05,0.9974076747894287,-0.0016952157020568848,54.25706747078779,2.763915064706623,63.11455744160217,8.05013259978115,0.9985830187797546,-0.0011426210403442383,0.9994791150093079,-0.00044143199920654297,0.9986925721168518,-0.001024484634399414,0.9984312653541565,-0.0013060569763183594,52.64304560874482,12.958411860786526,59.91955130276499,11.45910573669709
Arrest,delta_classifier_auc,5,Arrest039_x264,Arrest,15824,3120,0.31562724709510803,0.9983789920806885,0.42451947927474976,0.28888413310050964,59.54397565071369,23.391684099129716,0.3831726312637329,0.9992027878761292,0.4598191976547241,0.364348828792572,60.59185881289155,22.01382464863371,0.11419057846069336,-0.20143666863441467,0.9938206076622009,-0.004558384418487549,0.17520774900913239,-0.24931173026561737,0.09920525550842285,-0.1896788775920868,65.91523768003617,6.37126202932248,27.944942052726418,4.553257953596702,0.1877938210964203,-0.19537881016731262,0.9762793183326721,-0.02292346954345703,0.17812839150428772,-0.2816908061504364,0.19016757607460022,-0.1741812527179718,62.67644351869793,2.0845847058063782,23.539167916686683,1.5253432680529713
Arrest,delta_alignment_auc,1,Arrest030_x264,Arrest,8640,1665,0.9869815111160278,0.9999940395355225,0.9999823570251465,0.9838781356811523,94.27715457392877,78.17053623625138,0.9984167218208313,0.9999738335609436,0.9999187588691711,0.9980581998825073,80.21709020848806,34.57953957658516,0.9907379150390625,0.003756403923034668,0.9999990463256836,5.0067901611328125e-06,0.9999938607215881,1.150369644165039e-05,0.9885283708572388,0.004650235176086426,84.03647949024293,-10.240675083685844,45.706836766596965,-32.463699469654415,0.9994982481002808,0.0010815262794494629,0.9999583959579468,-1.5437602996826172e-05,0.9998926520347595,-2.6106834411621094e-05,0.9994041323661804,0.0013459324836730957,53.40180180180181,-26.81528840668625,18.760263438656267,-15.819276137928895
Arrest,delta_alignment_auc,2,Arrest007_x264,Arrest,3136,630,0.7880198955535889,0.9999284744262695,0.9957724809646606,0.7357915639877319,99.70622886025919,99.15736607142858,0.9165781736373901,0.9999218583106995,0.9993320107460022,0.895774245262146,99.90891701186993,99.6533658140801,0.600059449672699,-0.1879604458808899,0.9999450445175171,1.6570091247558594e-05,0.978969395160675,-0.016803085803985596,0.5048027038574219,-0.23098886013031006,95.99298192275049,-3.7132469375087,87.26775449346692,-11.88961157796166,0.8676861524581909,-0.04889202117919922,0.9989782571792603,-0.000943601131439209,0.9943119883537292,-0.005020022392272949,0.8358527421951294,-0.0599215030670166,98.37254082266054,-1.536376189209392,95.50901331549203,-4.144352498588077
Arrest,delta_alignment_auc,3,Arrest001_x264,Arrest,2368,300,0.4518764019012451,0.9980471134185791,0.9698720574378967,0.3767319321632385,98.38426821405545,90.03403346653347,0.6530710458755493,0.9905329346656799,0.9810068607330322,0.6054981350898743,99.59896840747905,97.37133478437828,0.137563556432724,-0.3143128454685211,0.9908418655395508,-0.00720524787902832,0.7800554037094116,-0.1898166537284851,0.04435877129435539,-0.33237316086888313,98.86911669890392,0.4848484848484702,92.86026163379104,2.826228167257568,0.39407894015312195,-0.25899210572242737,0.969425618648529,-0.02110731601715088,0.8655459880828857,-0.11546087265014648,0.3256842792034149,-0.27981385588645935,98.60348162475823,-0.9954867827208176,92.35316210826402,-5.018172676114261
Arrest,delta_alignment_auc,4,Arrest039_x264,Arrest,15824,3120,0.31562724709510803,0.9983789920806885,0.42451947927474976,0.28888413310050964,59.54397565071369,23.391684099129716,0.3831726312637329,0.9992027878761292,0.4598191976547241,0.364348828792572,60.59185881289155,22.01382464863371,0.11419057846069336,-0.20143666863441467,0.9938206076622009,-0.004558384418487549,0.17520774900913239,-0.24931173026561737,0.09920525550842285,-0.1896788775920868,65.91523768003617,6.37126202932248,27.944942052726418,4.553257953596702,0.1877938210964203,-0.19537881016731262,0.9762793183326721,-0.02292346954345703,0.17812839150428772,-0.2816908061504364,0.19016757607460022,-0.1741812527179718,62.67644351869793,2.0845847058063782,23.539167916686683,1.5253432680529713
Arrest,delta_alignment_auc,5,Arrest024_x264,Arrest,3616,2100,0.9995573163032532,0.9999921321868896,0.9998852610588074,0.9991028904914856,51.493152406081165,55.06442484182102,0.9997256398200989,0.9999205470085144,0.9997170567512512,0.9997373223304749,39.684633747958294,48.4604455660679,0.9988034963607788,-0.0007538199424743652,0.9999938011169434,1.6689300537109375e-06,0.9998111724853516,-7.408857345581055e-05,0.9974076747894287,-0.0016952157020568848,54.25706747078779,2.763915064706623,63.11455744160217,8.05013259978115,0.9985830187797546,-0.0011426210403442383,0.9994791150093079,-0.00044143199920654297,0.9986925721168518,-0.001024484634399414,0.9984312653541565,-0.0013060569763183594,52.64304560874482,12.958411860786526,59.91955130276499,11.45910573669709
Arrest,delta_classifier_positive_mean,1,Arrest039_x264,Arrest,15824,3120,0.31562724709510803,0.9983789920806885,0.42451947927474976,0.28888413310050964,59.54397565071369,23.391684099129716,0.3831726312637329,0.9992027878761292,0.4598191976547241,0.364348828792572,60.59185881289155,22.01382464863371,0.11419057846069336,-0.20143666863441467,0.9938206076622009,-0.004558384418487549,0.17520774900913239,-0.24931173026561737,0.09920525550842285,-0.1896788775920868,65.91523768003617,6.37126202932248,27.944942052726418,4.553257953596702,0.1877938210964203,-0.19537881016731262,0.9762793183326721,-0.02292346954345703,0.17812839150428772,-0.2816908061504364,0.19016757607460022,-0.1741812527179718,62.67644351869793,2.0845847058063782,23.539167916686683,1.5253432680529713
Arrest,delta_classifier_positive_mean,2,Arrest001_x264,Arrest,2368,300,0.4518764019012451,0.9980471134185791,0.9698720574378967,0.3767319321632385,98.38426821405545,90.03403346653347,0.6530710458755493,0.9905329346656799,0.9810068607330322,0.6054981350898743,99.59896840747905,97.37133478437828,0.137563556432724,-0.3143128454685211,0.9908418655395508,-0.00720524787902832,0.7800554037094116,-0.1898166537284851,0.04435877129435539,-0.33237316086888313,98.86911669890392,0.4848484848484702,92.86026163379104,2.826228167257568,0.39407894015312195,-0.25899210572242737,0.969425618648529,-0.02110731601715088,0.8655459880828857,-0.11546087265014648,0.3256842792034149,-0.27981385588645935,98.60348162475823,-0.9954867827208176,92.35316210826402,-5.018172676114261
Arrest,delta_classifier_positive_mean,3,Arrest007_x264,Arrest,3136,630,0.7880198955535889,0.9999284744262695,0.9957724809646606,0.7357915639877319,99.70622886025919,99.15736607142858,0.9165781736373901,0.9999218583106995,0.9993320107460022,0.895774245262146,99.90891701186993,99.6533658140801,0.600059449672699,-0.1879604458808899,0.9999450445175171,1.6570091247558594e-05,0.978969395160675,-0.016803085803985596,0.5048027038574219,-0.23098886013031006,95.99298192275049,-3.7132469375087,87.26775449346692,-11.88961157796166,0.8676861524581909,-0.04889202117919922,0.9989782571792603,-0.000943601131439209,0.9943119883537292,-0.005020022392272949,0.8358527421951294,-0.0599215030670166,98.37254082266054,-1.536376189209392,95.50901331549203,-4.144352498588077
Arrest,delta_classifier_positive_mean,4,Arrest024_x264,Arrest,3616,2100,0.9995573163032532,0.9999921321868896,0.9998852610588074,0.9991028904914856,51.493152406081165,55.06442484182102,0.9997256398200989,0.9999205470085144,0.9997170567512512,0.9997373223304749,39.684633747958294,48.4604455660679,0.9988034963607788,-0.0007538199424743652,0.9999938011169434,1.6689300537109375e-06,0.9998111724853516,-7.408857345581055e-05,0.9974076747894287,-0.0016952157020568848,54.25706747078779,2.763915064706623,63.11455744160217,8.05013259978115,0.9985830187797546,-0.0011426210403442383,0.9994791150093079,-0.00044143199920654297,0.9986925721168518,-0.001024484634399414,0.9984312653541565,-0.0013060569763183594,52.64304560874482,12.958411860786526,59.91955130276499,11.45910573669709
Arrest,delta_classifier_positive_mean,5,Arrest030_x264,Arrest,8640,1665,0.9869815111160278,0.9999940395355225,0.9999823570251465,0.9838781356811523,94.27715457392877,78.17053623625138,0.9984167218208313,0.9999738335609436,0.9999187588691711,0.9980581998825073,80.21709020848806,34.57953957658516,0.9907379150390625,0.003756403923034668,0.9999990463256836,5.0067901611328125e-06,0.9999938607215881,1.150369644165039e-05,0.9885283708572388,0.004650235176086426,84.03647949024293,-10.240675083685844,45.706836766596965,-32.463699469654415,0.9994982481002808,0.0010815262794494629,0.9999583959579468,-1.5437602996826172e-05,0.9998926520347595,-2.6106834411621094e-05,0.9994041323661804,0.0013459324836730957,53.40180180180181,-26.81528840668625,18.760263438656267,-15.819276137928895
Arrest,delta_alignment_positive_mean,1,Arrest039_x264,Arrest,15824,3120,0.31562724709510803,0.9983789920806885,0.42451947927474976,0.28888413310050964,59.54397565071369,23.391684099129716,0.3831726312637329,0.9992027878761292,0.4598191976547241,0.364348828792572,60.59185881289155,22.01382464863371,0.11419057846069336,-0.20143666863441467,0.9938206076622009,-0.004558384418487549,0.17520774900913239,-0.24931173026561737,0.09920525550842285,-0.1896788775920868,65.91523768003617,6.37126202932248,27.944942052726418,4.553257953596702,0.1877938210964203,-0.19537881016731262,0.9762793183326721,-0.02292346954345703,0.17812839150428772,-0.2816908061504364,0.19016757607460022,-0.1741812527179718,62.67644351869793,2.0845847058063782,23.539167916686683,1.5253432680529713
Arrest,delta_alignment_positive_mean,2,Arrest001_x264,Arrest,2368,300,0.4518764019012451,0.9980471134185791,0.9698720574378967,0.3767319321632385,98.38426821405545,90.03403346653347,0.6530710458755493,0.9905329346656799,0.9810068607330322,0.6054981350898743,99.59896840747905,97.37133478437828,0.137563556432724,-0.3143128454685211,0.9908418655395508,-0.00720524787902832,0.7800554037094116,-0.1898166537284851,0.04435877129435539,-0.33237316086888313,98.86911669890392,0.4848484848484702,92.86026163379104,2.826228167257568,0.39407894015312195,-0.25899210572242737,0.969425618648529,-0.02110731601715088,0.8655459880828857,-0.11546087265014648,0.3256842792034149,-0.27981385588645935,98.60348162475823,-0.9954867827208176,92.35316210826402,-5.018172676114261
Arrest,delta_alignment_positive_mean,3,Arrest007_x264,Arrest,3136,630,0.7880198955535889,0.9999284744262695,0.9957724809646606,0.7357915639877319,99.70622886025919,99.15736607142858,0.9165781736373901,0.9999218583106995,0.9993320107460022,0.895774245262146,99.90891701186993,99.6533658140801,0.600059449672699,-0.1879604458808899,0.9999450445175171,1.6570091247558594e-05,0.978969395160675,-0.016803085803985596,0.5048027038574219,-0.23098886013031006,95.99298192275049,-3.7132469375087,87.26775449346692,-11.88961157796166,0.8676861524581909,-0.04889202117919922,0.9989782571792603,-0.000943601131439209,0.9943119883537292,-0.005020022392272949,0.8358527421951294,-0.0599215030670166,98.37254082266054,-1.536376189209392,95.50901331549203,-4.144352498588077
Arrest,delta_alignment_positive_mean,4,Arrest024_x264,Arrest,3616,2100,0.9995573163032532,0.9999921321868896,0.9998852610588074,0.9991028904914856,51.493152406081165,55.06442484182102,0.9997256398200989,0.9999205470085144,0.9997170567512512,0.9997373223304749,39.684633747958294,48.4604455660679,0.9988034963607788,-0.0007538199424743652,0.9999938011169434,1.6689300537109375e-06,0.9998111724853516,-7.408857345581055e-05,0.9974076747894287,-0.0016952157020568848,54.25706747078779,2.763915064706623,63.11455744160217,8.05013259978115,0.9985830187797546,-0.0011426210403442383,0.9994791150093079,-0.00044143199920654297,0.9986925721168518,-0.001024484634399414,0.9984312653541565,-0.0013060569763183594,52.64304560874482,12.958411860786526,59.91955130276499,11.45910573669709
Arrest,delta_alignment_positive_mean,5,Arrest030_x264,Arrest,8640,1665,0.9869815111160278,0.9999940395355225,0.9999823570251465,0.9838781356811523,94.27715457392877,78.17053623625138,0.9984167218208313,0.9999738335609436,0.9999187588691711,0.9980581998825073,80.21709020848806,34.57953957658516,0.9907379150390625,0.003756403923034668,0.9999990463256836,5.0067901611328125e-06,0.9999938607215881,1.150369644165039e-05,0.9885283708572388,0.004650235176086426,84.03647949024293,-10.240675083685844,45.706836766596965,-32.463699469654415,0.9994982481002808,0.0010815262794494629,0.9999583959579468,-1.5437602996826172e-05,0.9998926520347595,-2.6106834411621094e-05,0.9994041323661804,0.0013459324836730957,53.40180180180181,-26.81528840668625,18.760263438656267,-15.819276137928895
Arson,delta_classifier_auc,1,Arson011_x264,Arson,1264,854,0.9950112700462341,0.9997077584266663,0.9945997595787048,0.9958685040473938,62.822299651567945,84.5060374622714,0.9993823170661926,0.9997981786727905,0.9996566772460938,0.9988109469413757,98.08133889301422,99.00797730551056,0.9484854340553284,-0.04652583599090576,0.9950698614120483,-0.00463789701461792,0.9419335722923279,-0.05266618728637695,0.9621325731277466,-0.03373593091964722,49.58873593419775,-13.233563717370195,75.8919015994465,-8.614135862824895,0.9918422698974609,-0.0075400471687316895,0.9956963658332825,-0.004101812839508057,0.9928844571113586,-0.006772220134735107,0.989671528339386,-0.009139418601989746,77.87456445993031,-20.206774433083908,80.11878399379701,-18.889193311713555
Arson,delta_classifier_auc,2,Arson018_x264,Arson,832,330,0.9982958436012268,0.9998984336853027,0.9993827939033508,0.9975813627243042,60.67246166847761,42.24004651313983,0.9996012449264526,0.9998027682304382,0.999603271484375,0.9995996356010437,49.816491609320295,38.86924183618679,0.9956679940223694,-0.002627849578857422,0.9996022582054138,-0.000296175479888916,0.9970580339431763,-0.0023247599601745605,0.9947541356086731,-0.0028272271156311035,55.03199323916456,-5.640468429313053,39.50984420055383,-2.7302023125860018,0.9978978037834167,-0.0017034411430358887,0.9990401864051819,-0.0007625818252563477,0.9975956678390503,-0.002007603645324707,0.9980963468551636,-0.001503288745880127,27.621634673427497,-22.194856935892798,29.804942692260127,-9.064299143926661
Arson,delta_classifier_auc,3,Arson016_x264,Arson,1792,792,0.785133957862854,0.9999029636383057,0.9992296695709229,0.615570068359375,99.99595959595959,99.98989898989899,0.9622316360473633,0.9996755719184875,0.9994420409202576,0.9327608346939087,99.99595959595959,99.98989898989899,0.502016007900238,-0.28311794996261597,0.9999082088470459,5.245208740234375e-06,0.9980705976486206,-0.001159071922302246,0.10914065688848495,-0.50642941147089,99.99595959595959,0.0,99.98989898989899,0.0,0.7533844113349915,-0.20884722471237183,0.996358335018158,-0.00331723690032959,0.9941467642784119,-0.005295276641845703,0.562700629234314,-0.3700602054595947,99.99595959595959,0.0,99.98989898989899,0.0
Arson,delta_classifier_auc,4,Arson009_x264,Arson,736,95,0.9960964918136597,0.9998841285705566,0.9980766177177429,0.9958029389381409,36.82322029723294,11.619719789387476,0.9986822605133057,0.9999508857727051,0.9986799359321594,0.9986826777458191,34.32712045323918,11.23853200278029,0.9957913160324097,-0.00030517578125,0.9996839761734009,-0.00020015239715576172,0.9965255856513977,-0.0015510320663452148,0.9956824779510498,-0.00012046098709106445,37.53263814763117,0.7094178503982249,11.672452582909742,0.05273279352226545,0.998702347278595,2.008676528930664e-05,0.9995540976524353,-0.0003967881202697754,0.9987531304359436,7.319450378417969e-05,0.9986949563026428,1.2278556823730469e-05,35.6408572132359,1.313736759996715,11.33317389774246,0.09464189496216946
Arson,delta_classifier_auc,5,Arson022_x264,Arson,8640,500,0.17088857293128967,0.9978341460227966,0.20723113417625427,0.16865621507167816,75.24855036855037,10.451115560881139,0.19434614479541779,0.9996037483215332,0.1678755283355713,0.19597209990024567,73.00147420147421,9.68167696248114,0.11005094647407532,-0.060837626457214355,0.9993860721588135,0.0015519261360168457,0.01232643611729145,-0.19490469805896282,0.11605367064476013,-0.05260254442691803,76.05995085995086,0.8114004914004909,10.789760186331803,0.3386446254506641,0.1599971503019333,-0.0343489944934845,0.9991549849510193,-0.000448763370513916,0.0656895786523819,-0.10218594968318939,0.16578999161720276,-0.030182108283042908,68.47744471744473,-4.524029484029484,8.380461612921039,-1.3012153495601009
Arson,delta_alignment_auc,1,Arson018_x264,Arson,832,330,0.9982958436012268,0.9998984336853027,0.9993827939033508,0.9975813627243042,60.67246166847761,42.24004651313983,0.9996012449264526,0.9998027682304382,0.999603271484375,0.9995996356010437,49.816491609320295,38.86924183618679,0.9956679940223694,-0.002627849578857422,0.9996022582054138,-0.000296175479888916,0.9970580339431763,-0.0023247599601745605,0.9947541356086731,-0.0028272271156311035,55.03199323916456,-5.640468429313053,39.50984420055383,-2.7302023125860018,0.9978978037834167,-0.0017034411430358887,0.9990401864051819,-0.0007625818252563477,0.9975956678390503,-0.002007603645324707,0.9980963468551636,-0.001503288745880127,27.621634673427497,-22.194856935892798,29.804942692260127,-9.064299143926661
Arson,delta_alignment_auc,2,Arson011_x264,Arson,1264,854,0.9950112700462341,0.9997077584266663,0.9945997595787048,0.9958685040473938,62.822299651567945,84.5060374622714,0.9993823170661926,0.9997981786727905,0.9996566772460938,0.9988109469413757,98.08133889301422,99.00797730551056,0.9484854340553284,-0.04652583599090576,0.9950698614120483,-0.00463789701461792,0.9419335722923279,-0.05266618728637695,0.9621325731277466,-0.03373593091964722,49.58873593419775,-13.233563717370195,75.8919015994465,-8.614135862824895,0.9918422698974609,-0.0075400471687316895,0.9956963658332825,-0.004101812839508057,0.9928844571113586,-0.006772220134735107,0.989671528339386,-0.009139418601989746,77.87456445993031,-20.206774433083908,80.11878399379701,-18.889193311713555
Arson,delta_alignment_auc,3,Arson022_x264,Arson,8640,500,0.17088857293128967,0.9978341460227966,0.20723113417625427,0.16865621507167816,75.24855036855037,10.451115560881139,0.19434614479541779,0.9996037483215332,0.1678755283355713,0.19597209990024567,73.00147420147421,9.68167696248114,0.11005094647407532,-0.060837626457214355,0.9993860721588135,0.0015519261360168457,0.01232643611729145,-0.19490469805896282,0.11605367064476013,-0.05260254442691803,76.05995085995086,0.8114004914004909,10.789760186331803,0.3386446254506641,0.1599971503019333,-0.0343489944934845,0.9991549849510193,-0.000448763370513916,0.0656895786523819,-0.10218594968318939,0.16578999161720276,-0.030182108283042908,68.47744471744473,-4.524029484029484,8.380461612921039,-1.3012153495601009
Arson,delta_alignment_auc,4,Arson010_x264,Arson,3152,345,0.7839153409004211,0.9961961507797241,0.9833076596260071,0.7594085931777954,80.42662494901462,25.722674832918095,0.9570447206497192,0.9945799112319946,0.9928075671195984,0.9526492357254028,82.84542267519606,25.613980936556967,0.7778799533843994,-0.0060353875160217285,0.998741090297699,0.0025449395179748535,0.9954642653465271,0.01215660572052002,0.751137375831604,-0.008271217346191406,87.08657961720957,6.659954668194942,31.71761163130312,5.994936798385027,0.9558820128440857,-0.001162707805633545,0.9973459839820862,0.0027660727500915527,0.9956555962562561,0.002848029136657715,0.9509935975074768,-0.0016556382179260254,78.90165889623766,-3.943763778958399,21.744661017441913,-3.8693199191150534
Arson,delta_alignment_auc,5,Arson016_x264,Arson,1792,792,0.785133957862854,0.9999029636383057,0.9992296695709229,0.615570068359375,99.99595959595959,99.98989898989899,0.9622316360473633,0.9996755719184875,0.9994420409202576,0.9327608346939087,99.99595959595959,99.98989898989899,0.502016007900238,-0.28311794996261597,0.9999082088470459,5.245208740234375e-06,0.9980705976486206,-0.001159071922302246,0.10914065688848495,-0.50642941147089,99.99595959595959,0.0,99.98989898989899,0.0,0.7533844113349915,-0.20884722471237183,0.996358335018158,-0.00331723690032959,0.9941467642784119,-0.005295276641845703,0.562700629234314,-0.3700602054595947,99.99595959595959,0.0,99.98989898989899,0.0
Arson,delta_classifier_positive_mean,1,Arson022_x264,Arson,8640,500,0.17088857293128967,0.9978341460227966,0.20723113417625427,0.16865621507167816,75.24855036855037,10.451115560881139,0.19434614479541779,0.9996037483215332,0.1678755283355713,0.19597209990024567,73.00147420147421,9.68167696248114,0.11005094647407532,-0.060837626457214355,0.9993860721588135,0.0015519261360168457,0.01232643611729145,-0.19490469805896282,0.11605367064476013,-0.05260254442691803,76.05995085995086,0.8114004914004909,10.789760186331803,0.3386446254506641,0.1599971503019333,-0.0343489944934845,0.9991549849510193,-0.000448763370513916,0.0656895786523819,-0.10218594968318939,0.16578999161720276,-0.030182108283042908,68.47744471744473,-4.524029484029484,8.380461612921039,-1.3012153495601009
Arson,delta_classifier_positive_mean,2,Arson007_x264,Arson,6240,3450,0.957899808883667,0.9958055019378662,0.947363555431366,0.9709285497665405,40.183242428964725,47.75016439106431,0.9967396259307861,0.9988159537315369,0.9957154393196106,0.9980061054229736,20.153114123941616,44.81253779436939,0.9140953421592712,-0.04380446672439575,0.9995830655097961,0.0037775635719299316,0.8917569518089294,-0.05560660362243652,0.9417180418968201,-0.02921050786972046,42.9851332398317,2.801890810866972,50.78437539728631,3.0342110062220016,0.9789540767669678,-0.01778554916381836,0.9990587830543518,0.0002428293228149414,0.9666573405265808,-0.029058098793029785,0.9941596388816833,-0.003846466541290283,28.885917614669367,8.73280349072775,45.06929041807163,0.2567526237022406
Arson,delta_classifier_positive_mean,3,Arson011_x264,Arson,1264,854,0.9950112700462341,0.9997077584266663,0.9945997595787048,0.9958685040473938,62.822299651567945,84.5060374622714,0.9993823170661926,0.9997981786727905,0.9996566772460938,0.9988109469413757,98.08133889301422,99.00797730551056,0.9484854340553284,-0.04652583599090576,0.9950698614120483,-0.00463789701461792,0.9419335722923279,-0.05266618728637695,0.9621325731277466,-0.03373593091964722,49.58873593419775,-13.233563717370195,75.8919015994465,-8.614135862824895,0.9918422698974609,-0.0075400471687316895,0.9956963658332825,-0.004101812839508057,0.9928844571113586,-0.006772220134735107,0.989671528339386,-0.009139418601989746,77.87456445993031,-20.206774433083908,80.11878399379701,-18.889193311713555
Arson,delta_classifier_positive_mean,4,Arson018_x264,Arson,832,330,0.9982958436012268,0.9998984336853027,0.9993827939033508,0.9975813627243042,60.67246166847761,42.24004651313983,0.9996012449264526,0.9998027682304382,0.999603271484375,0.9995996356010437,49.816491609320295,38.86924183618679,0.9956679940223694,-0.002627849578857422,0.9996022582054138,-0.000296175479888916,0.9970580339431763,-0.0023247599601745605,0.9947541356086731,-0.0028272271156311035,55.03199323916456,-5.640468429313053,39.50984420055383,-2.7302023125860018,0.9978978037834167,-0.0017034411430358887,0.9990401864051819,-0.0007625818252563477,0.9975956678390503,-0.002007603645324707,0.9980963468551636,-0.001503288745880127,27.621634673427497,-22.194856935892798,29.804942692260127,-9.064299143926661
Arson,delta_classifier_positive_mean,5,Arson009_x264,Arson,736,95,0.9960964918136597,0.9998841285705566,0.9980766177177429,0.9958029389381409,36.82322029723294,11.619719789387476,0.9986822605133057,0.9999508857727051,0.9986799359321594,0.9986826777458191,34.32712045323918,11.23853200278029,0.9957913160324097,-0.00030517578125,0.9996839761734009,-0.00020015239715576172,0.9965255856513977,-0.0015510320663452148,0.9956824779510498,-0.00012046098709106445,37.53263814763117,0.7094178503982249,11.672452582909742,0.05273279352226545,0.998702347278595,2.008676528930664e-05,0.9995540976524353,-0.0003967881202697754,0.9987531304359436,7.319450378417969e-05,0.9986949563026428,1.2278556823730469e-05,35.6408572132359,1.313736759996715,11.33317389774246,0.09464189496216946
Arson,delta_alignment_positive_mean,1,Arson022_x264,Arson,8640,500,0.17088857293128967,0.9978341460227966,0.20723113417625427,0.16865621507167816,75.24855036855037,10.451115560881139,0.19434614479541779,0.9996037483215332,0.1678755283355713,0.19597209990024567,73.00147420147421,9.68167696248114,0.11005094647407532,-0.060837626457214355,0.9993860721588135,0.0015519261360168457,0.01232643611729145,-0.19490469805896282,0.11605367064476013,-0.05260254442691803,76.05995085995086,0.8114004914004909,10.789760186331803,0.3386446254506641,0.1599971503019333,-0.0343489944934845,0.9991549849510193,-0.000448763370513916,0.0656895786523819,-0.10218594968318939,0.16578999161720276,-0.030182108283042908,68.47744471744473,-4.524029484029484,8.380461612921039,-1.3012153495601009
Arson,delta_alignment_positive_mean,2,Arson007_x264,Arson,6240,3450,0.957899808883667,0.9958055019378662,0.947363555431366,0.9709285497665405,40.183242428964725,47.75016439106431,0.9967396259307861,0.9988159537315369,0.9957154393196106,0.9980061054229736,20.153114123941616,44.81253779436939,0.9140953421592712,-0.04380446672439575,0.9995830655097961,0.0037775635719299316,0.8917569518089294,-0.05560660362243652,0.9417180418968201,-0.02921050786972046,42.9851332398317,2.801890810866972,50.78437539728631,3.0342110062220016,0.9789540767669678,-0.01778554916381836,0.9990587830543518,0.0002428293228149414,0.9666573405265808,-0.029058098793029785,0.9941596388816833,-0.003846466541290283,28.885917614669367,8.73280349072775,45.06929041807163,0.2567526237022406
Arson,delta_alignment_positive_mean,3,Arson011_x264,Arson,1264,854,0.9950112700462341,0.9997077584266663,0.9945997595787048,0.9958685040473938,62.822299651567945,84.5060374622714,0.9993823170661926,0.9997981786727905,0.9996566772460938,0.9988109469413757,98.08133889301422,99.00797730551056,0.9484854340553284,-0.04652583599090576,0.9950698614120483,-0.00463789701461792,0.9419335722923279,-0.05266618728637695,0.9621325731277466,-0.03373593091964722,49.58873593419775,-13.233563717370195,75.8919015994465,-8.614135862824895,0.9918422698974609,-0.0075400471687316895,0.9956963658332825,-0.004101812839508057,0.9928844571113586,-0.006772220134735107,0.989671528339386,-0.009139418601989746,77.87456445993031,-20.206774433083908,80.11878399379701,-18.889193311713555
Arson,delta_alignment_positive_mean,4,Arson016_x264,Arson,1792,792,0.785133957862854,0.9999029636383057,0.9992296695709229,0.615570068359375,99.99595959595959,99.98989898989899,0.9622316360473633,0.9996755719184875,0.9994420409202576,0.9327608346939087,99.99595959595959,99.98989898989899,0.502016007900238,-0.28311794996261597,0.9999082088470459,5.245208740234375e-06,0.9980705976486206,-0.001159071922302246,0.10914065688848495,-0.50642941147089,99.99595959595959,0.0,99.98989898989899,0.0,0.7533844113349915,-0.20884722471237183,0.996358335018158,-0.00331723690032959,0.9941467642784119,-0.005295276641845703,0.562700629234314,-0.3700602054595947,99.99595959595959,0.0,99.98989898989899,0.0
Arson,delta_alignment_positive_mean,5,Arson018_x264,Arson,832,330,0.9982958436012268,0.9998984336853027,0.9993827939033508,0.9975813627243042,60.67246166847761,42.24004651313983,0.9996012449264526,0.9998027682304382,0.999603271484375,0.9995996356010437,49.816491609320295,38.86924183618679,0.9956679940223694,-0.002627849578857422,0.9996022582054138,-0.000296175479888916,0.9970580339431763,-0.0023247599601745605,0.9947541356086731,-0.0028272271156311035,55.03199323916456,-5.640468429313053,39.50984420055383,-2.7302023125860018,0.9978978037834167,-0.0017034411430358887,0.9990401864051819,-0.0007625818252563477,0.9975956678390503,-0.002007603645324707,0.9980963468551636,-0.001503288745880127,27.621634673427497,-22.194856935892798,29.804942692260127,-9.064299143926661
Assault,delta_classifier_auc,1,Assault010_x264,Assault,16176,1020,0.8710532188415527,0.9990785121917725,0.9871956706047058,0.8632367849349976,93.37136913356,69.34718317514547,0.9958997964859009,0.9995843172073364,0.9991496801376343,0.9956810474395752,95.35978762051138,49.42276837812105,0.9457329511642456,0.07467973232269287,0.9996414184570312,0.0005629062652587891,0.9952660202980042,0.00807034969329834,0.9423993229866028,0.07916253805160522,86.575639493063,-6.795729640497001,35.007783171133624,-34.33940000401185,0.9985737204551697,0.002673923969268799,0.999904990196228,0.00032067298889160156,0.9994511008262634,0.0003014206886291504,0.9985146522521973,0.0028336048126220703,82.4406563892382,-12.919131231273184,52.65989891140765,3.237130533286603
Assault,delta_classifier_auc,2,Assault011_x264,Assault,2288,585,0.18547077476978302,0.5335298180580139,0.31966912746429443,0.1393720805644989,80.01801747544555,58.97961147964191,0.036148592829704285,0.08189702033996582,0.05701175332069397,0.028981857001781464,82.69042564403692,50.84262171518127,0.15375106036663055,-0.031719714403152466,0.46121013164520264,-0.07231968641281128,0.27922311425209045,-0.04044601321220398,0.110649973154068,-0.028722107410430908,80.79051046167898,0.7724929862334307,60.771628535361174,1.7920170557192634,0.2644784152507782,0.2283298224210739,0.5520520806312561,0.4701550602912903,0.46418502926826477,0.4071732759475708,0.19587691128253937,0.1668950542807579,89.11127171256355,6.420846068526629,56.19214383784008,5.349522122658811
Assault,delta_classifier_auc,3,Assault006_x264,Assault,8096,6911,0.9767820239067078,0.9999532699584961,0.9811534881591797,0.9512874484062195,73.03534938186355,94.0607107569676,0.9967076778411865,0.9996147155761719,0.9974859356880188,0.9921685457229614,87.21578819798681,97.46402989205164,0.9037057161331177,-0.07307630777359009,0.9999591112136841,5.841255187988281e-06,0.9704750776290894,-0.010678410530090332,0.5143020153045654,-0.43698543310165405,94.53400589899182,21.498656517128268,98.91592853083655,4.855217773868958,0.9863678216934204,-0.010339856147766113,0.9998061656951904,0.0001914501190185547,0.9875234365463257,-0.009962499141693115,0.9796275496482849,-0.012540996074676514,54.634304633901685,-32.581483564085126,86.21476343440358,-11.249266457648062
Assault,delta_alignment_auc,1,Assault006_x264,Assault,8096,6911,0.9767820239067078,0.9999532699584961,0.9811534881591797,0.9512874484062195,73.03534938186355,94.0607107569676,0.9967076778411865,0.9996147155761719,0.9974859356880188,0.9921685457229614,87.21578819798681,97.46402989205164,0.9037057161331177,-0.07307630777359009,0.9999591112136841,5.841255187988281e-06,0.9704750776290894,-0.010678410530090332,0.5143020153045654,-0.43698543310165405,94.53400589899182,21.498656517128268,98.91592853083655,4.855217773868958,0.9863678216934204,-0.010339856147766113,0.9998061656951904,0.0001914501190185547,0.9875234365463257,-0.009962499141693115,0.9796275496482849,-0.012540996074676514,54.634304633901685,-32.581483564085126,86.21476343440358,-11.249266457648062
Assault,delta_alignment_auc,2,Assault010_x264,Assault,16176,1020,0.8710532188415527,0.9990785121917725,0.9871956706047058,0.8632367849349976,93.37136913356,69.34718317514547,0.9958997964859009,0.9995843172073364,0.9991496801376343,0.9956810474395752,95.35978762051138,49.42276837812105,0.9457329511642456,0.07467973232269287,0.9996414184570312,0.0005629062652587891,0.9952660202980042,0.00807034969329834,0.9423993229866028,0.07916253805160522,86.575639493063,-6.795729640497001,35.007783171133624,-34.33940000401185,0.9985737204551697,0.002673923969268799,0.999904990196228,0.00032067298889160156,0.9994511008262634,0.0003014206886291504,0.9985146522521973,0.0028336048126220703,82.4406563892382,-12.919131231273184,52.65989891140765,3.237130533286603
Assault,delta_alignment_auc,3,Assault011_x264,Assault,2288,585,0.18547077476978302,0.5335298180580139,0.31966912746429443,0.1393720805644989,80.01801747544555,58.97961147964191,0.036148592829704285,0.08189702033996582,0.05701175332069397,0.028981857001781464,82.69042564403692,50.84262171518127,0.15375106036663055,-0.031719714403152466,0.46121013164520264,-0.07231968641281128,0.27922311425209045,-0.04044601321220398,0.110649973154068,-0.028722107410430908,80.79051046167898,0.7724929862334307,60.771628535361174,1.7920170557192634,0.2644784152507782,0.2283298224210739,0.5520520806312561,0.4701550602912903,0.46418502926826477,0.4071732759475708,0.19587691128253937,0.1668950542807579,89.11127171256355,6.420846068526629,56.19214383784008,5.349522122658811
Assault,delta_classifier_positive_mean,1,Assault011_x264,Assault,2288,585,0.18547077476978302,0.5335298180580139,0.31966912746429443,0.1393720805644989,80.01801747544555,58.97961147964191,0.036148592829704285,0.08189702033996582,0.05701175332069397,0.028981857001781464,82.69042564403692,50.84262171518127,0.15375106036663055,-0.031719714403152466,0.46121013164520264,-0.07231968641281128,0.27922311425209045,-0.04044601321220398,0.110649973154068,-0.028722107410430908,80.79051046167898,0.7724929862334307,60.771628535361174,1.7920170557192634,0.2644784152507782,0.2283298224210739,0.5520520806312561,0.4701550602912903,0.46418502926826477,0.4071732759475708,0.19587691128253937,0.1668950542807579,89.11127171256355,6.420846068526629,56.19214383784008,5.349522122658811
Assault,delta_classifier_positive_mean,2,Assault006_x264,Assault,8096,6911,0.9767820239067078,0.9999532699584961,0.9811534881591797,0.9512874484062195,73.03534938186355,94.0607107569676,0.9967076778411865,0.9996147155761719,0.9974859356880188,0.9921685457229614,87.21578819798681,97.46402989205164,0.9037057161331177,-0.07307630777359009,0.9999591112136841,5.841255187988281e-06,0.9704750776290894,-0.010678410530090332,0.5143020153045654,-0.43698543310165405,94.53400589899182,21.498656517128268,98.91592853083655,4.855217773868958,0.9863678216934204,-0.010339856147766113,0.9998061656951904,0.0001914501190185547,0.9875234365463257,-0.009962499141693115,0.9796275496482849,-0.012540996074676514,54.634304633901685,-32.581483564085126,86.21476343440358,-11.249266457648062
Assault,delta_classifier_positive_mean,3,Assault010_x264,Assault,16176,1020,0.8710532188415527,0.9990785121917725,0.9871956706047058,0.8632367849349976,93.37136913356,69.34718317514547,0.9958997964859009,0.9995843172073364,0.9991496801376343,0.9956810474395752,95.35978762051138,49.42276837812105,0.9457329511642456,0.07467973232269287,0.9996414184570312,0.0005629062652587891,0.9952660202980042,0.00807034969329834,0.9423993229866028,0.07916253805160522,86.575639493063,-6.795729640497001,35.007783171133624,-34.33940000401185,0.9985737204551697,0.002673923969268799,0.999904990196228,0.00032067298889160156,0.9994511008262634,0.0003014206886291504,0.9985146522521973,0.0028336048126220703,82.4406563892382,-12.919131231273184,52.65989891140765,3.237130533286603
Assault,delta_alignment_positive_mean,1,Assault006_x264,Assault,8096,6911,0.9767820239067078,0.9999532699584961,0.9811534881591797,0.9512874484062195,73.03534938186355,94.0607107569676,0.9967076778411865,0.9996147155761719,0.9974859356880188,0.9921685457229614,87.21578819798681,97.46402989205164,0.9037057161331177,-0.07307630777359009,0.9999591112136841,5.841255187988281e-06,0.9704750776290894,-0.010678410530090332,0.5143020153045654,-0.43698543310165405,94.53400589899182,21.498656517128268,98.91592853083655,4.855217773868958,0.9863678216934204,-0.010339856147766113,0.9998061656951904,0.0001914501190185547,0.9875234365463257,-0.009962499141693115,0.9796275496482849,-0.012540996074676514,54.634304633901685,-32.581483564085126,86.21476343440358,-11.249266457648062
Assault,delta_alignment_positive_mean,2,Assault010_x264,Assault,16176,1020,0.8710532188415527,0.9990785121917725,0.9871956706047058,0.8632367849349976,93.37136913356,69.34718317514547,0.9958997964859009,0.9995843172073364,0.9991496801376343,0.9956810474395752,95.35978762051138,49.42276837812105,0.9457329511642456,0.07467973232269287,0.9996414184570312,0.0005629062652587891,0.9952660202980042,0.00807034969329834,0.9423993229866028,0.07916253805160522,86.575639493063,-6.795729640497001,35.007783171133624,-34.33940000401185,0.9985737204551697,0.002673923969268799,0.999904990196228,0.00032067298889160156,0.9994511008262634,0.0003014206886291504,0.9985146522521973,0.0028336048126220703,82.4406563892382,-12.919131231273184,52.65989891140765,3.237130533286603
Assault,delta_alignment_positive_mean,3,Assault011_x264,Assault,2288,585,0.18547077476978302,0.5335298180580139,0.31966912746429443,0.1393720805644989,80.01801747544555,58.97961147964191,0.036148592829704285,0.08189702033996582,0.05701175332069397,0.028981857001781464,82.69042564403692,50.84262171518127,0.15375106036663055,-0.031719714403152466,0.46121013164520264,-0.07231968641281128,0.27922311425209045,-0.04044601321220398,0.110649973154068,-0.028722107410430908,80.79051046167898,0.7724929862334307,60.771628535361174,1.7920170557192634,0.2644784152507782,0.2283298224210739,0.5520520806312561,0.4701550602912903,0.46418502926826477,0.4071732759475708,0.19587691128253937,0.1668950542807579,89.11127171256355,6.420846068526629,56.19214383784008,5.349522122658811
Burglary,delta_classifier_auc,1,Burglary035_x264,Burglary,4048,1739,0.9998481273651123,0.9999809265136719,0.9998738169670105,0.9998289346694946,93.71782192889239,94.96973452237404,0.9994125962257385,0.999835729598999,0.9994889497756958,0.9993550181388855,72.2290903086679,52.261643240017804,0.9996002912521362,-0.0002478361129760742,0.9999645948410034,-1.633167266845703e-05,0.9995220303535461,-0.00035178661346435547,0.9996592402458191,-0.0001696944236755371,63.10171887837453,-30.616103050517864,47.24756580280723,-47.72216871956681,0.9994407296180725,2.8133392333984375e-05,0.9998278617858887,-7.867813110351562e-06,0.999562680721283,7.37309455871582e-05,0.9993488788604736,-6.139278411865234e-06,76.77922801767517,4.5501377090072594,55.88487979985162,3.6232365598338134
Burglary,delta_classifier_auc,2,Burglary017_x264,Burglary,2112,450,0.7980459332466125,0.991346538066864,0.8951343894004822,0.771758496761322,73.40205909881,31.78731746598257,0.9940235018730164,0.9982763528823853,0.9960899353027344,0.993463933467865,85.80157775103623,52.07764934905914,0.3500615358352661,-0.44798439741134644,0.9951130747795105,0.0037665367126464844,0.35201090574264526,-0.5431234836578369,0.34953373670578003,-0.422224760055542,63.35151758256452,-10.050541516245481,25.711467234135643,-6.075850231846928,0.8541587591171265,-0.1398647427558899,0.997878909111023,-0.0003974437713623047,0.8587997555732727,-0.13729017972946167,0.8529021143913269,-0.14056181907653809,49.527209519989306,-36.27436823104693,19.891394726119998,-32.186254622939146
Burglary,delta_classifier_auc,3,Burglary032_x264,Burglary,15792,2400,0.9388415217399597,0.9983882904052734,0.9795198440551758,0.9315515160560608,76.31700517722024,30.64313891182166,0.9984009861946106,0.9996887445449829,0.9989928007125854,0.9982949495315552,75.47361608920748,27.929841785555613,0.6476038694381714,-0.29123765230178833,0.9993851184844971,0.0009968280792236328,0.7633712887763977,-0.21614855527877808,0.6268568634986877,-0.30469465255737305,66.67124651533254,-9.645758661887697,23.91736452586894,-6.725774385952718,0.99813312292099,-0.00026786327362060547,0.9998590350151062,0.00017029047012329102,0.9992455840110779,0.00025278329849243164,0.9979337453842163,-0.0003612041473388672,72.74392672242135,-2.7296893667861326,25.811137311385306,-2.1187044741703076
Burglary,delta_classifier_auc,4,Burglary033_x264,Burglary,1248,270,0.9137561321258545,0.9999761581420898,0.9999242424964905,0.8899674415588379,99.93410588502613,99.70315904139431,0.9904362559318542,0.9995739459991455,0.9992727637290955,0.9879968166351318,93.86275846398546,64.75922455024622,0.6420682072639465,-0.27168792486190796,0.9997660517692566,-0.00021010637283325195,0.9992060661315918,-0.0007181763648986816,0.5434718728065491,-0.3464955687522888,99.31606453078847,-0.6180413542376613,97.3513869585421,-2.3517720828522215,0.9796416163444519,-0.010794639587402344,0.9994794130325317,-9.453296661376953e-05,0.9989858865737915,-0.0002868771553039551,0.974301278591156,-0.01369553804397583,93.64462622131333,-0.2181322426721266,63.635444238901414,-1.1237803113448024
Burglary,delta_classifier_auc,5,Burglary079_x264,Burglary,14848,2960,0.639452338218689,0.9997780919075012,0.9967595338821411,0.5504862070083618,99.85313375286458,99.32603461570008,0.9383410811424255,0.9984244108200073,0.9970770478248596,0.9237163066864014,99.47137244916519,96.71061772012675,0.5734946727752686,-0.06595766544342041,0.9999334812164307,0.00015538930892944336,0.9980292320251465,0.001269698143005371,0.46778959035873413,-0.08269661664962769,99.61914808482777,-0.23398566803680865,98.18969058971896,-1.136344025981117,0.8474678993225098,-0.09087318181991577,0.9984904527664185,6.604194641113281e-05,0.994305431842804,-0.002771615982055664,0.810906708240509,-0.11280959844589233,95.21416099814485,-4.257211451020339,85.27411907583432,-11.436498644292428
Burglary,delta_alignment_auc,1,Burglary017_x264,Burglary,2112,450,0.7980459332466125,0.991346538066864,0.8951343894004822,0.771758496761322,73.40205909881,31.78731746598257,0.9940235018730164,0.9982763528823853,0.9960899353027344,0.993463933467865,85.80157775103623,52.07764934905914,0.3500615358352661,-0.44798439741134644,0.9951130747795105,0.0037665367126464844,0.35201090574264526,-0.5431234836578369,0.34953373670578003,-0.422224760055542,63.35151758256452,-10.050541516245481,25.711467234135643,-6.075850231846928,0.8541587591171265,-0.1398647427558899,0.997878909111023,-0.0003974437713623047,0.8587997555732727,-0.13729017972946167,0.8529021143913269,-0.14056181907653809,49.527209519989306,-36.27436823104693,19.891394726119998,-32.186254622939146
Burglary,delta_alignment_auc,2,Burglary061_x264,Burglary,8976,1500,0.8679232001304626,0.9945023059844971,0.9382994771003723,0.8538027405738831,87.18380595683968,80.5390952942049,0.9933741688728333,0.9973965883255005,0.995332658290863,0.9929812550544739,91.79461387551274,76.61520342424704,0.6506871581077576,-0.21723604202270508,0.9788752794265747,-0.015627026557922363,0.853547990322113,-0.08475148677825928,0.6099847555160522,-0.2438179850578308,89.62190119493489,2.4380952380952152,78.62746241580295,-1.9116328784019458,0.9921873807907104,-0.0011867880821228027,0.9987480640411377,0.001351475715637207,0.995797336101532,0.0004646778106689453,0.9914631247520447,-0.0015181303024291992,56.035883716782585,-35.75873015873015,28.96620116397281,-47.64900226027423
Burglary,delta_alignment_auc,3,Burglary079_x264,Burglary,14848,2960,0.639452338218689,0.9997780919075012,0.9967595338821411,0.5504862070083618,99.85313375286458,99.32603461570008,0.9383410811424255,0.9984244108200073,0.9970770478248596,0.9237163066864014,99.47137244916519,96.71061772012675,0.5734946727752686,-0.06595766544342041,0.9999334812164307,0.00015538930892944336,0.9980292320251465,0.001269698143005371,0.46778959035873413,-0.08269661664962769,99.61914808482777,-0.23398566803680865,98.18969058971896,-1.136344025981117,0.8474678993225098,-0.09087318181991577,0.9984904527664185,6.604194641113281e-05,0.994305431842804,-0.002771615982055664,0.810906708240509,-0.11280959844589233,95.21416099814485,-4.257211451020339,85.27411907583432,-11.436498644292428
Burglary,delta_alignment_auc,4,Burglary032_x264,Burglary,15792,2400,0.9388415217399597,0.9983882904052734,0.9795198440551758,0.9315515160560608,76.31700517722024,30.64313891182166,0.9984009861946106,0.9996887445449829,0.9989928007125854,0.9982949495315552,75.47361608920748,27.929841785555613,0.6476038694381714,-0.29123765230178833,0.9993851184844971,0.0009968280792236328,0.7633712887763977,-0.21614855527877808,0.6268568634986877,-0.30469465255737305,66.67124651533254,-9.645758661887697,23.91736452586894,-6.725774385952718,0.99813312292099,-0.00026786327362060547,0.9998590350151062,0.00017029047012329102,0.9992455840110779,0.00025278329849243164,0.9979337453842163,-0.0003612041473388672,72.74392672242135,-2.7296893667861326,25.811137311385306,-2.1187044741703076
Burglary,delta_alignment_auc,5,Burglary005_x264,Burglary,7728,330,0.9756871461868286,0.9999713897705078,0.9997075796127319,0.9746156930923462,75.0223238057788,8.006216790864459,0.992919921875,0.9983745813369751,0.9978688359260559,0.9926992058753967,93.25755527702,27.219298278077485,0.7437359690666199,-0.23195117712020874,0.999946117401123,-2.5272369384765625e-05,0.9998091459274292,0.00010156631469726562,0.7323134541511536,-0.24230223894119263,93.65471421432491,18.632390408546115,24.492286440457608,16.486069649593148,0.9944922924041748,0.0015723705291748047,0.9997174143791199,0.0013428330421447754,0.9995516538619995,0.0016828179359436035,0.9942666292190552,0.0015674233436584473,92.47241269139079,-0.7851425856292167,21.727042538005364,-5.492255740072121
Burglary,delta_classifier_positive_mean,1,Burglary017_x264,Burglary,2112,450,0.7980459332466125,0.991346538066864,0.8951343894004822,0.771758496761322,73.40205909881,31.78731746598257,0.9940235018730164,0.9982763528823853,0.9960899353027344,0.993463933467865,85.80157775103623,52.07764934905914,0.3500615358352661,-0.44798439741134644,0.9951130747795105,0.0037665367126464844,0.35201090574264526,-0.5431234836578369,0.34953373670578003,-0.422224760055542,63.35151758256452,-10.050541516245481,25.711467234135643,-6.075850231846928,0.8541587591171265,-0.1398647427558899,0.997878909111023,-0.0003974437713623047,0.8587997555732727,-0.13729017972946167,0.8529021143913269,-0.14056181907653809,49.527209519989306,-36.27436823104693,19.891394726119998,-32.186254622939146
Burglary,delta_classifier_positive_mean,2,Burglary024_x264,Burglary,3600,1170,0.8551924228668213,0.9362043142318726,0.8117175102233887,0.8761248588562012,22.45147901938025,22.387743444992562,0.9900637865066528,0.9948983192443848,0.985953688621521,0.9920427203178406,2.444022369948295,18.8487199808797,0.2782120704650879,-0.5769803524017334,0.7410122156143188,-0.1951920986175537,0.38805872201919556,-0.4236587882041931,0.22532296180725098,-0.6508018970489502,64.46421160001408,42.01273258063383,70.71003522831042,48.32229178331785,0.8991847038269043,-0.09087908267974854,0.9690106511116028,-0.025887668132781982,0.9086813926696777,-0.07727229595184326,0.8946122527122498,-0.09743046760559082,55.570257817171395,53.1262354472231,59.127032259416154,40.278312278536454
Burglary,delta_classifier_positive_mean,3,Burglary032_x264,Burglary,15792,2400,0.9388415217399597,0.9983882904052734,0.9795198440551758,0.9315515160560608,76.31700517722024,30.64313891182166,0.9984009861946106,0.9996887445449829,0.9989928007125854,0.9982949495315552,75.47361608920748,27.929841785555613,0.6476038694381714,-0.29123765230178833,0.9993851184844971,0.0009968280792236328,0.7633712887763977,-0.21614855527877808,0.6268568634986877,-0.30469465255737305,66.67124651533254,-9.645758661887697,23.91736452586894,-6.725774385952718,0.99813312292099,-0.00026786327362060547,0.9998590350151062,0.00017029047012329102,0.9992455840110779,0.00025278329849243164,0.9979337453842163,-0.0003612041473388672,72.74392672242135,-2.7296893667861326,25.811137311385306,-2.1187044741703076
Burglary,delta_classifier_positive_mean,4,Burglary061_x264,Burglary,8976,1500,0.8679232001304626,0.9945023059844971,0.9382994771003723,0.8538027405738831,87.18380595683968,80.5390952942049,0.9933741688728333,0.9973965883255005,0.995332658290863,0.9929812550544739,91.79461387551274,76.61520342424704,0.6506871581077576,-0.21723604202270508,0.9788752794265747,-0.015627026557922363,0.853547990322113,-0.08475148677825928,0.6099847555160522,-0.2438179850578308,89.62190119493489,2.4380952380952152,78.62746241580295,-1.9116328784019458,0.9921873807907104,-0.0011867880821228027,0.9987480640411377,0.001351475715637207,0.995797336101532,0.0004646778106689453,0.9914631247520447,-0.0015181303024291992,56.035883716782585,-35.75873015873015,28.96620116397281,-47.64900226027423
Burglary,delta_classifier_positive_mean,5,Burglary092_x264,Burglary,624,180,0.9702184796333313,0.9935245513916016,0.9690423607826233,0.9706951379776001,43.593593593593596,26.12467102141015,0.9919595718383789,0.9981125593185425,0.9892746806144714,0.9930481910705566,16.046046046046044,19.345980227337723,0.9417374730110168,-0.028481006622314453,0.9879924058914185,-0.0055321455001831055,0.9513668417930603,-0.01767551898956299,0.9378337860107422,-0.03286135196685791,46.47647647647648,2.882882882882882,27.081788927289775,0.957117905879624,0.9902566075325012,-0.0017029643058776855,0.9978767037391663,-0.0002358555793762207,0.9876766800880432,-0.0015980005264282227,0.9913024306297302,-0.001745760440826416,21.49149149149149,5.445445445445447,20.535031522468618,1.189051295130895
Burglary,delta_alignment_positive_mean,1,Burglary076_x264,Burglary,12912,2710,0.6242148876190186,0.9609841108322144,0.6466238498687744,0.6182623505592346,49.871525082629766,18.930912727458452,0.9780318737030029,0.997644305229187,0.9904029965400696,0.9747456908226013,50.715292783196396,19.107860101957638,0.4405880570411682,-0.18362683057785034,0.9525081515312195,-0.008475959300994873,0.6460195779800415,-0.0006042718887329102,0.38601845502853394,-0.23224389553070068,80.61927659072708,30.747751508097316,39.25534138673094,20.32442865927249,0.5619217157363892,-0.41611015796661377,0.937343180179596,-0.060301125049591064,0.8524010181427002,-0.13800197839736938,0.48476043343544006,-0.48998525738716125,93.18065121447137,42.46535843127497,76.37211310899605,57.264253007038405
Burglary,delta_alignment_positive_mean,2,Burglary017_x264,Burglary,2112,450,0.7980459332466125,0.991346538066864,0.8951343894004822,0.771758496761322,73.40205909881,31.78731746598257,0.9940235018730164,0.9982763528823853,0.9960899353027344,0.993463933467865,85.80157775103623,52.07764934905914,0.3500615358352661,-0.44798439741134644,0.9951130747795105,0.0037665367126464844,0.35201090574264526,-0.5431234836578369,0.34953373670578003,-0.422224760055542,63.35151758256452,-10.050541516245481,25.711467234135643,-6.075850231846928,0.8541587591171265,-0.1398647427558899,0.997878909111023,-0.0003974437713623047,0.8587997555732727,-0.13729017972946167,0.8529021143913269,-0.14056181907653809,49.527209519989306,-36.27436823104693,19.891394726119998,-32.186254622939146
Burglary,delta_alignment_positive_mean,3,Burglary024_x264,Burglary,3600,1170,0.8551924228668213,0.9362043142318726,0.8117175102233887,0.8761248588562012,22.45147901938025,22.387743444992562,0.9900637865066528,0.9948983192443848,0.985953688621521,0.9920427203178406,2.444022369948295,18.8487199808797,0.2782120704650879,-0.5769803524017334,0.7410122156143188,-0.1951920986175537,0.38805872201919556,-0.4236587882041931,0.22532296180725098,-0.6508018970489502,64.46421160001408,42.01273258063383,70.71003522831042,48.32229178331785,0.8991847038269043,-0.09087908267974854,0.9690106511116028,-0.025887668132781982,0.9086813926696777,-0.07727229595184326,0.8946122527122498,-0.09743046760559082,55.570257817171395,53.1262354472231,59.127032259416154,40.278312278536454
Burglary,delta_alignment_positive_mean,4,Burglary079_x264,Burglary,14848,2960,0.639452338218689,0.9997780919075012,0.9967595338821411,0.5504862070083618,99.85313375286458,99.32603461570008,0.9383410811424255,0.9984244108200073,0.9970770478248596,0.9237163066864014,99.47137244916519,96.71061772012675,0.5734946727752686,-0.06595766544342041,0.9999334812164307,0.00015538930892944336,0.9980292320251465,0.001269698143005371,0.46778959035873413,-0.08269661664962769,99.61914808482777,-0.23398566803680865,98.18969058971896,-1.136344025981117,0.8474678993225098,-0.09087318181991577,0.9984904527664185,6.604194641113281e-05,0.994305431842804,-0.002771615982055664,0.810906708240509,-0.11280959844589233,95.21416099814485,-4.257211451020339,85.27411907583432,-11.436498644292428
Burglary,delta_alignment_positive_mean,5,Burglary092_x264,Burglary,624,180,0.9702184796333313,0.9935245513916016,0.9690423607826233,0.9706951379776001,43.593593593593596,26.12467102141015,0.9919595718383789,0.9981125593185425,0.9892746806144714,0.9930481910705566,16.046046046046044,19.345980227337723,0.9417374730110168,-0.028481006622314453,0.9879924058914185,-0.0055321455001831055,0.9513668417930603,-0.01767551898956299,0.9378337860107422,-0.03286135196685791,46.47647647647648,2.882882882882882,27.081788927289775,0.957117905879624,0.9902566075325012,-0.0017029643058776855,0.9978767037391663,-0.0002358555793762207,0.9876766800880432,-0.0015980005264282227,0.9913024306297302,-0.001745760440826416,21.49149149149149,5.445445445445447,20.535031522468618,1.189051295130895
Explosion,delta_classifier_auc,1,Explosion028_x264,Explosion,1696,420,0.8404602408409119,0.9988874793052673,0.9396986365318298,0.807795524597168,34.899238692342145,19.29539620200448,0.9424685835838318,0.9986956119537354,0.9776875972747803,0.9308761358261108,22.873563218390807,17.145166134662936,0.610805094242096,-0.22965514659881592,0.9986554384231567,-0.0002320408821105957,0.3397921025753021,-0.5999065339565277,0.7000099420547485,-0.10778558254241943,21.942080907598154,-12.957157784743991,17.112525062166924,-2.1828711398375553,0.7631521224975586,-0.1793164610862732,0.9947277307510376,-0.003967881202697754,0.7644826173782349,-0.2132049798965454,0.7627142667770386,-0.16816186904907227,23.781161367368266,0.9075981489774598,17.26055077591923,0.11538464125629488
Explosion,delta_classifier_auc,2,Explosion013_x264,Explosion,3312,450,0.47090575098991394,0.9997779726982117,0.9469028115272522,0.3960634768009186,95.08673033620623,83.76465185475391,0.7144436836242676,0.9997950196266174,0.9878283739089966,0.6714587211608887,97.57139529466573,90.72079450320761,0.637973964214325,0.167068213224411,0.9999995231628418,0.00022155046463012695,0.9117066860198975,-0.035196125507354736,0.5949341654777527,0.1988706886768341,83.73429614100473,-11.352434195201496,39.6127539762962,-44.15189787845771,0.9234637022018433,0.20902001857757568,0.9992446899414062,-0.0005503296852111816,0.9758778810501099,-0.011950492858886719,0.9152224063873291,0.24376368522644043,82.35779175401817,-15.213603540647568,41.64351701489626,-49.07727748831135
Explosion,delta_classifier_auc,3,Explosion004_x264,Explosion,1888,150,0.9966143369674683,0.9999854564666748,0.9922956228256226,0.9969871640205383,16.29996164173379,5.266242163998933,0.9990835785865784,0.999813437461853,0.9995081424713135,0.9990469217300415,74.8500191791331,15.208272820624794,0.9888566732406616,-0.007757663726806641,0.9999942779541016,8.821487426757812e-06,0.9526777863502502,-0.039617836475372314,0.99197918176651,-0.00500798225402832,7.855005753739931,-8.44495588799386,4.728487949543065,-0.5377542144558678,0.9971209764480591,-0.001962602138519287,0.9990743398666382,-0.0007390975952148438,0.9964286088943481,-0.003079533576965332,0.997180700302124,-0.0018662214279174805,33.729957805907176,-41.12006137322592,6.543726695799928,-8.664546124824867
Explosion,delta_classifier_auc,4,Explosion029_x264,Explosion,2400,190,0.9535583257675171,0.9955360889434814,0.9707807898521423,0.9520777463912964,64.87211240771612,10.871317032070875,0.9952470064163208,0.9981523752212524,0.9980370998382568,0.9950070381164551,99.34889259347464,91.865447418079,0.8070751428604126,-0.1464831829071045,0.9980499744415283,0.002513885498046875,0.8347259759902954,-0.13605481386184692,0.8046978712081909,-0.14737987518310547,58.21909978566325,-6.653012622052863,9.259545145997382,-1.6117718860734929,0.9841652512550354,-0.0110817551612854,0.9977244138717651,-0.0004279613494873047,0.991487979888916,-0.00654911994934082,0.983535647392273,-0.011471390724182129,80.21290783519886,-19.135984758275782,17.505989100462724,-74.35945831761627
Explosion,delta_classifier_auc,5,Explosion016_x264,Explosion,960,270,0.5266688466072083,0.9549422264099121,0.42185279726982117,0.5676839351654053,39.03274288781535,23.32750355269849,0.6205200552940369,0.9301756024360657,0.5782278776168823,0.6370692849159241,36.12989801395599,22.628724976016677,0.4779186248779297,-0.048750221729278564,0.9562983512878418,0.0013561248779296875,0.24962931871414185,-0.17222347855567932,0.5672491788864136,-0.0004347562789916992,33.03811057434246,-5.994632313472891,21.77867391888667,-1.5488296338118204,0.6854690313339233,0.06494897603988647,0.9432494640350342,0.013073861598968506,0.673250675201416,0.09502279758453369,0.6902502179145813,0.05318093299865723,33.227053140096615,-2.9028448738593724,21.957226669371526,-0.6714983066451516
Explosion,delta_alignment_auc,1,Explosion004_x264,Explosion,1888,150,0.9966143369674683,0.9999854564666748,0.9922956228256226,0.9969871640205383,16.29996164173379,5.266242163998933,0.9990835785865784,0.999813437461853,0.9995081424713135,0.9990469217300415,74.8500191791331,15.208272820624794,0.9888566732406616,-0.007757663726806641,0.9999942779541016,8.821487426757812e-06,0.9526777863502502,-0.039617836475372314,0.99197918176651,-0.00500798225402832,7.855005753739931,-8.44495588799386,4.728487949543065,-0.5377542144558678,0.9971209764480591,-0.001962602138519287,0.9990743398666382,-0.0007390975952148438,0.9964286088943481,-0.003079533576965332,0.997180700302124,-0.0018662214279174805,33.729957805907176,-41.12006137322592,6.543726695799928,-8.664546124824867
Explosion,delta_alignment_auc,2,Explosion036_x264,Explosion,5312,120,0.9990744590759277,0.9999945163726807,0.9997060298919678,0.9990599155426025,23.045711350796097,1.6229619927456127,0.999206006526947,0.9999295473098755,0.9997339844703674,0.9991938471794128,76.93888032871084,5.118190056697529,0.9988124966621399,-0.0002619624137878418,0.9999988079071045,4.291534423828125e-06,0.9999028444290161,0.00019681453704833984,0.9987872242927551,-0.0002726912498474121,22.013353877760657,-1.0323574730354395,1.589513134439848,-0.033448858305764606,0.9978215098381042,-0.0013844966888427734,0.999728262424469,-0.00020128488540649414,0.9985918402671814,-0.0011421442031860352,0.9978036880493164,-0.0013901591300964355,42.07498715973293,-34.86389316897791,2.1487498623791774,-2.9694401943183513
Explosion,delta_alignment_auc,3,Explosion039_x264,Explosion,992,90,0.9581896066665649,0.9994409680366516,0.957200288772583,0.9582883715629578,35.59251047055925,7.850786268663898,0.9925411343574524,0.999336838722229,0.9944822788238525,0.9923473000526428,39.219019462921906,8.262708142396663,0.9784519076347351,0.020262300968170166,0.9996496438980103,0.00020867586135864258,0.9863393306732178,0.029139041900634766,0.9776649475097656,0.01937657594680786,36.34146341463415,0.748952944074901,7.8970755831167265,0.04628931445282891,0.9978026151657104,0.005261480808258057,0.9998282194137573,0.0004913806915283203,0.9973117113113403,0.002829432487487793,0.9978516697883606,0.0055043697357177734,10.640551860064056,-28.57846760285785,5.898683176271818,-2.3640249661248456
Explosion,delta_alignment_auc,4,Explosion002_x264,Explosion,4000,600,0.8620659112930298,0.9966289401054382,0.9303942918777466,0.8500080704689026,55.681568627450986,48.19821437488159,0.9225325584411621,0.9951122403144836,0.9870256781578064,0.9111514687538147,59.160784313725486,48.51015656525753,0.8792281150817871,0.017162203788757324,0.9996868371963501,0.0030578970909118652,0.9524418115615845,0.02204751968383789,0.8663079738616943,0.016299903392791748,57.190588235294115,1.509019607843129,50.589324218857435,2.3911098439758476,0.9227066040039062,0.00017404556274414062,0.9981951117515564,0.003082871437072754,0.9938458204269409,0.0068201422691345215,0.9101526737213135,-0.0009987950325012207,31.634509803921567,-27.52627450980392,10.656361671088415,-37.85379489416911
Explosion,delta_alignment_auc,5,Explosion029_x264,Explosion,2400,190,0.9535583257675171,0.9955360889434814,0.9707807898521423,0.9520777463912964,64.87211240771612,10.871317032070875,0.9952470064163208,0.9981523752212524,0.9980370998382568,0.9950070381164551,99.34889259347464,91.865447418079,0.8070751428604126,-0.1464831829071045,0.9980499744415283,0.002513885498046875,0.8347259759902954,-0.13605481386184692,0.8046978712081909,-0.14737987518310547,58.21909978566325,-6.653012622052863,9.259545145997382,-1.6117718860734929,0.9841652512550354,-0.0110817551612854,0.9977244138717651,-0.0004279613494873047,0.991487979888916,-0.00654911994934082,0.983535647392273,-0.011471390724182129,80.21290783519886,-19.135984758275782,17.505989100462724,-74.35945831761627
Explosion,delta_classifier_positive_mean,1,Explosion028_x264,Explosion,1696,420,0.8404602408409119,0.9988874793052673,0.9396986365318298,0.807795524597168,34.899238692342145,19.29539620200448,0.9424685835838318,0.9986956119537354,0.9776875972747803,0.9308761358261108,22.873563218390807,17.145166134662936,0.610805094242096,-0.22965514659881592,0.9986554384231567,-0.0002320408821105957,0.3397921025753021,-0.5999065339565277,0.7000099420547485,-0.10778558254241943,21.942080907598154,-12.957157784743991,17.112525062166924,-2.1828711398375553,0.7631521224975586,-0.1793164610862732,0.9947277307510376,-0.003967881202697754,0.7644826173782349,-0.2132049798965454,0.7627142667770386,-0.16816186904907227,23.781161367368266,0.9075981489774598,17.26055077591923,0.11538464125629488
Explosion,delta_classifier_positive_mean,2,Explosion010_x264,Explosion,2496,795,0.7032913565635681,0.9755982160568237,0.7785751819610596,0.6681057214736938,47.02135998432295,28.147962241911983,0.9427421689033508,0.9989928007125854,0.9923860430717468,0.9195398092269897,42.80926129283921,26.93747686989986,0.5024753212928772,-0.20081603527069092,0.9774565100669861,0.0018582940101623535,0.5006263852119446,-0.277948796749115,0.5033394694328308,-0.16476625204086304,46.51377842852336,-0.5075815557995895,28.13993949281006,-0.008022749101922244,0.8463174700737,-0.09642469882965088,0.9894458055496216,-0.009546995162963867,0.9487251043319702,-0.04366093873977661,0.7984551191329956,-0.12108469009399414,47.48871363127128,4.679452338432071,28.574880121760714,1.637403251860853
Explosion,delta_classifier_positive_mean,3,Explosion027_x264,Explosion,768,75,0.9326238632202148,0.9891167283058167,0.9210697412490845,0.933874249458313,23.87974987974988,7.411341815320241,0.9858519434928894,0.9917867183685303,0.9837878346443176,0.9860753417015076,26.003848003848002,7.831110418835752,0.7299731373786926,-0.20265072584152222,0.9572600722312927,-0.031856656074523926,0.6634761691093445,-0.25759357213974,0.7371698617935181,-0.19670438766479492,23.602693602693602,-0.27705627705627833,7.3180345760134,-0.09330723930684126,0.9349028468132019,-0.0509490966796875,0.9907341003417969,-0.0010526180267333984,0.9725772142410278,-0.011210620403289795,0.9308255314826965,-0.055249810218811035,50.96969696969696,24.96584896584896,11.302085523172481,3.4709751043367296
Explosion,delta_classifier_positive_mean,4,Explosion016_x264,Explosion,960,270,0.5266688466072083,0.9549422264099121,0.42185279726982117,0.5676839351654053,39.03274288781535,23.32750355269849,0.6205200552940369,0.9301756024360657,0.5782278776168823,0.6370692849159241,36.12989801395599,22.628724976016677,0.4779186248779297,-0.048750221729278564,0.9562983512878418,0.0013561248779296875,0.24962931871414185,-0.17222347855567932,0.5672491788864136,-0.0004347562789916992,33.03811057434246,-5.994632313472891,21.77867391888667,-1.5488296338118204,0.6854690313339233,0.06494897603988647,0.9432494640350342,0.013073861598968506,0.673250675201416,0.09502279758453369,0.6902502179145813,0.05318093299865723,33.227053140096615,-2.9028448738593724,21.957226669371526,-0.6714983066451516
Explosion,delta_classifier_positive_mean,5,Explosion035_x264,Explosion,2864,100,0.8181776404380798,0.99608314037323,0.7730225920677185,0.8198113441467285,24.784370477568736,2.6044357353967054,0.9882277250289917,0.9996622800827026,0.9875171184539795,0.9882535338401794,18.67149059334298,2.434556554624819,0.8028823733329773,-0.015295267105102539,0.999897837638855,0.003814697265625,0.6130226850509644,-0.15999990701675415,0.8097513914108276,-0.010059952735900879,20.269175108538352,-4.515195369030383,2.486988953506507,-0.11744678189019853,0.9785751104354858,-0.00965261459350586,0.9995287656784058,-0.000133514404296875,0.9627622961997986,-0.024754822254180908,0.9791472554206848,-0.009106278419494629,17.45586107091172,-1.2156295224312608,2.387354681806618,-0.047201872818201096
Explosion,delta_alignment_positive_mean,1,Explosion028_x264,Explosion,1696,420,0.8404602408409119,0.9988874793052673,0.9396986365318298,0.807795524597168,34.899238692342145,19.29539620200448,0.9424685835838318,0.9986956119537354,0.9776875972747803,0.9308761358261108,22.873563218390807,17.145166134662936,0.610805094242096,-0.22965514659881592,0.9986554384231567,-0.0002320408821105957,0.3397921025753021,-0.5999065339565277,0.7000099420547485,-0.10778558254241943,21.942080907598154,-12.957157784743991,17.112525062166924,-2.1828711398375553,0.7631521224975586,-0.1793164610862732,0.9947277307510376,-0.003967881202697754,0.7644826173782349,-0.2132049798965454,0.7627142667770386,-0.16816186904907227,23.781161367368266,0.9075981489774598,17.26055077591923,0.11538464125629488
Explosion,delta_alignment_positive_mean,2,Explosion033_x264,Explosion,3152,1982,0.7355179190635681,0.9996402263641357,0.98082435131073,0.31996458768844604,98.44420295479833,99.09836102261956,0.9019203782081604,0.9998772144317627,0.9932818412780762,0.7471523284912109,93.9842341759597,93.73873989008435,0.5887176394462585,-0.14680027961730957,0.9991564750671387,-0.0004837512969970703,0.86077880859375,-0.12004554271697998,0.12784148752689362,-0.19212310016155243,95.3752145376767,-3.0689884171216306,97.5347358722663,-1.5636251503532606,0.8175155520439148,-0.0844048261642456,0.9979625940322876,-0.0019146203994750977,0.928535521030426,-0.06474632024765015,0.6294459104537964,-0.11770641803741455,90.43778622991539,-3.54644794604431,92.69730716705365,-1.0414327230306952
Explosion,delta_alignment_positive_mean,3,Explosion010_x264,Explosion,2496,795,0.7032913565635681,0.9755982160568237,0.7785751819610596,0.6681057214736938,47.02135998432295,28.147962241911983,0.9427421689033508,0.9989928007125854,0.9923860430717468,0.9195398092269897,42.80926129283921,26.93747686989986,0.5024753212928772,-0.20081603527069092,0.9774565100669861,0.0018582940101623535,0.5006263852119446,-0.277948796749115,0.5033394694328308,-0.16476625204086304,46.51377842852336,-0.5075815557995895,28.13993949281006,-0.008022749101922244,0.8463174700737,-0.09642469882965088,0.9894458055496216,-0.009546995162963867,0.9487251043319702,-0.04366093873977661,0.7984551191329956,-0.12108469009399414,47.48871363127128,4.679452338432071,28.574880121760714,1.637403251860853
Explosion,delta_alignment_positive_mean,4,Explosion020_x264,Explosion,1280,210,0.9505796432495117,0.9994738698005676,0.9955364465713501,0.9417563676834106,72.66488651535381,25.874869389516803,0.9978550672531128,0.9996650218963623,0.9992405772209167,0.9975832104682922,76.25367156208279,28.167871045690596,0.8670638799667358,-0.08351576328277588,0.9989535808563232,-0.0005202889442443848,0.9849799871444702,-0.010556459426879883,0.8439214825630188,-0.09783488512039185,74.48776145972407,1.8228749443702554,29.118976338516983,3.24410694900018,0.9482024312019348,-0.04965263605117798,0.9893361330032349,-0.010328888893127441,0.9656673073768616,-0.033573269844055176,0.9447746872901917,-0.052808523178100586,62.866933689363606,-13.38673787271918,20.541517896056405,-7.626353149634191
Explosion,delta_alignment_positive_mean,5,Explosion008_x264,Explosion,1744,240,0.8950331211090088,0.9999692440032959,0.9955767393112183,0.8789888620376587,82.26507092198581,33.006703491357186,0.9899248480796814,0.9998602271080017,0.9992057681083679,0.988443911075592,69.3395390070922,20.15136958110005,0.4238376319408417,-0.4711954891681671,0.9998844861984253,-8.475780487060547e-05,0.9369305372238159,-0.058646202087402344,0.3419611155986786,-0.5370277464389801,84.10904255319149,1.843971631205676,34.91932164869163,1.9126181573344425,0.5712836384773254,-0.41864120960235596,0.9937149882316589,-0.0061452388763427734,0.968828558921814,-0.030377209186553955,0.5078456401824951,-0.4805982708930969,67.92553191489361,-1.4140070921985881,19.69204678956318,-0.45932279153687006
Fighting,delta_classifier_auc,1,Fighting003_x264,Fighting,3088,1268,0.9872317910194397,0.9998700618743896,0.9958733916282654,0.9812111854553223,62.84292994072174,63.62918269825446,0.9992665648460388,0.9998982548713684,0.9994403719902039,0.9991454482078552,66.46757028460499,64.33597124574729,0.9472143650054932,-0.04001742601394653,0.9999247789382935,5.4717063903808594e-05,0.9789799451828003,-0.016893446445465088,0.9250832796096802,-0.05612790584564209,58.93541789440844,-3.9075120463133004,61.27164505900291,-2.3575376392515537,0.991104781627655,-0.008161783218383789,0.9991674423217773,-0.0007308125495910645,0.9930941462516785,-0.006346225738525391,0.9897187352180481,-0.009426712989807129,58.100669047041286,-8.366901237563702,60.813491770020576,-3.522479475726712
Fighting,delta_classifier_auc,2,Fighting042_x264,Fighting,2224,910,0.9744382500648499,0.9998427629470825,0.99827641248703,0.9579294323921204,99.26823556960542,99.05989028381748,0.9965881705284119,0.9992939233779907,0.9985870122909546,0.995203971862793,96.25754762741063,94.5787647798097,0.871797502040863,-0.10264074802398682,0.9993903636932373,-0.00045239925384521484,0.9971652030944824,-0.0011112093925476074,0.7849751114845276,-0.17295432090759277,98.01043705153293,-1.2577985180724909,96.91053482685376,-2.1493554569637183,0.981828510761261,-0.014759659767150879,0.9998166561126709,0.0005227327346801758,0.9992028474807739,0.0006158351898193359,0.9697960615158081,-0.025407910346984863,98.23791125160987,1.9803636241992422,97.21750840781237,2.638743628002672
Fighting,delta_classifier_auc,3,Fighting047_x264,Fighting,4448,1630,0.7970758080482483,0.9998224377632141,0.7414877414703369,0.8292292356491089,59.583614537569616,63.49653837011955,0.9417999982833862,0.9993445873260498,0.8897968530654907,0.9718798398971558,61.29182686237029,66.35695540417888,0.6619948744773865,-0.13508093357086182,0.9998722076416016,4.976987838745117e-05,0.6463679075241089,-0.09511983394622803,0.6710338592529297,-0.1581953763961792,59.394819455994984,-0.1887950815746322,66.98096954185695,3.4844311717373984,0.8449914455413818,-0.0968085527420044,0.9979222416877747,-0.0014223456382751465,0.7647793292999268,-0.12501752376556396,0.8913879990577698,-0.08049184083938599,59.85949222134656,-1.4323346410237363,66.63484232597929,0.2778869218004161
Fighting,delta_classifier_auc,4,Fighting033_x264,Fighting,1104,270,0.9892849922180176,0.9999953508377075,0.9999523162841797,0.985831618309021,88.92352784439116,78.21823642919273,0.9987578392028809,0.9999605417251587,0.9999231696128845,0.9983805418014526,82.61390887290169,49.059542326737024,0.9785664677619934,-0.01071852445602417,0.9999985694885254,3.2186508178710938e-06,0.9999850988388062,3.2782554626464844e-05,0.9716322422027588,-0.014199376106262207,89.9467092992273,1.0231814548361342,82.06338209115987,3.8451456619671376,0.9974915981292725,-0.0012662410736083984,0.9998264908790588,-0.00013405084609985352,0.9997473955154419,-0.00017577409744262695,0.9967612028121948,-0.0016193389892578125,94.93471889155343,12.320810018651741,90.7890076676506,41.72946534091357
Fighting,delta_classifier_auc,5,Fighting018_x264,Fighting,1376,340,0.9669985175132751,0.9999903440475464,0.9979129433631897,0.9568527936935425,69.93186463774698,54.54344239512856,0.9951386451721191,0.999989926815033,0.9999691843986511,0.9935533404350281,88.89166477401773,83.35119740652506,0.9581598043441772,-0.0088387131690979,0.9999992847442627,8.940696716308594e-06,0.9998500347137451,0.00193709135055542,0.9444776773452759,-0.012375116348266602,79.39813763343176,9.466272995684776,68.86091697710842,14.317474581979859,0.9897035360336304,-0.0054351091384887695,0.9999315738677979,-5.835294723510742e-05,0.9998616576194763,-0.00010752677917480469,0.986369788646698,-0.007183551788330078,84.6218487394958,-4.269816034521924,73.55823133633967,-9.792966070185386
Fighting,delta_alignment_auc,1,Fighting003_x264,Fighting,3088,1268,0.9872317910194397,0.9998700618743896,0.9958733916282654,0.9812111854553223,62.84292994072174,63.62918269825446,0.9992665648460388,0.9998982548713684,0.9994403719902039,0.9991454482078552,66.46757028460499,64.33597124574729,0.9472143650054932,-0.04001742601394653,0.9999247789382935,5.4717063903808594e-05,0.9789799451828003,-0.016893446445465088,0.9250832796096802,-0.05612790584564209,58.93541789440844,-3.9075120463133004,61.27164505900291,-2.3575376392515537,0.991104781627655,-0.008161783218383789,0.9991674423217773,-0.0007308125495910645,0.9930941462516785,-0.006346225738525391,0.9897187352180481,-0.009426712989807129,58.100669047041286,-8.366901237563702,60.813491770020576,-3.522479475726712
Fighting,delta_alignment_auc,2,Fighting018_x264,Fighting,1376,340,0.9669985175132751,0.9999903440475464,0.9979129433631897,0.9568527936935425,69.93186463774698,54.54344239512856,0.9951386451721191,0.999989926815033,0.9999691843986511,0.9935533404350281,88.89166477401773,83.35119740652506,0.9581598043441772,-0.0088387131690979,0.9999992847442627,8.940696716308594e-06,0.9998500347137451,0.00193709135055542,0.9444776773452759,-0.012375116348266602,79.39813763343176,9.466272995684776,68.86091697710842,14.317474581979859,0.9897035360336304,-0.0054351091384887695,0.9999315738677979,-5.835294723510742e-05,0.9998616576194763,-0.00010752677917480469,0.986369788646698,-0.007183551788330078,84.6218487394958,-4.269816034521924,73.55823133633967,-9.792966070185386
Fighting,delta_alignment_auc,3,Fighting047_x264,Fighting,4448,1630,0.7970758080482483,0.9998224377632141,0.7414877414703369,0.8292292356491089,59.583614537569616,63.49653837011955,0.9417999982833862,0.9993445873260498,0.8897968530654907,0.9718798398971558,61.29182686237029,66.35695540417888,0.6619948744773865,-0.13508093357086182,0.9998722076416016,4.976987838745117e-05,0.6463679075241089,-0.09511983394622803,0.6710338592529297,-0.1581953763961792,59.394819455994984,-0.1887950815746322,66.98096954185695,3.4844311717373984,0.8449914455413818,-0.0968085527420044,0.9979222416877747,-0.0014223456382751465,0.7647793292999268,-0.12501752376556396,0.8913879990577698,-0.08049184083938599,59.85949222134656,-1.4323346410237363,66.63484232597929,0.2778869218004161
Fighting,delta_alignment_auc,4,Fighting042_x264,Fighting,2224,910,0.9744382500648499,0.9998427629470825,0.99827641248703,0.9579294323921204,99.26823556960542,99.05989028381748,0.9965881705284119,0.9992939233779907,0.9985870122909546,0.995203971862793,96.25754762741063,94.5787647798097,0.871797502040863,-0.10264074802398682,0.9993903636932373,-0.00045239925384521484,0.9971652030944824,-0.0011112093925476074,0.7849751114845276,-0.17295432090759277,98.01043705153293,-1.2577985180724909,96.91053482685376,-2.1493554569637183,0.981828510761261,-0.014759659767150879,0.9998166561126709,0.0005227327346801758,0.9992028474807739,0.0006158351898193359,0.9697960615158081,-0.025407910346984863,98.23791125160987,1.9803636241992422,97.21750840781237,2.638743628002672
Fighting,delta_alignment_auc,5,Fighting033_x264,Fighting,1104,270,0.9892849922180176,0.9999953508377075,0.9999523162841797,0.985831618309021,88.92352784439116,78.21823642919273,0.9987578392028809,0.9999605417251587,0.9999231696128845,0.9983805418014526,82.61390887290169,49.059542326737024,0.9785664677619934,-0.01071852445602417,0.9999985694885254,3.2186508178710938e-06,0.9999850988388062,3.2782554626464844e-05,0.9716322422027588,-0.014199376106262207,89.9467092992273,1.0231814548361342,82.06338209115987,3.8451456619671376,0.9974915981292725,-0.0012662410736083984,0.9998264908790588,-0.00013405084609985352,0.9997473955154419,-0.00017577409744262695,0.9967612028121948,-0.0016193389892578125,94.93471889155343,12.320810018651741,90.7890076676506,41.72946534091357
Fighting,delta_classifier_positive_mean,1,Fighting047_x264,Fighting,4448,1630,0.7970758080482483,0.9998224377632141,0.7414877414703369,0.8292292356491089,59.583614537569616,63.49653837011955,0.9417999982833862,0.9993445873260498,0.8897968530654907,0.9718798398971558,61.29182686237029,66.35695540417888,0.6619948744773865,-0.13508093357086182,0.9998722076416016,4.976987838745117e-05,0.6463679075241089,-0.09511983394622803,0.6710338592529297,-0.1581953763961792,59.394819455994984,-0.1887950815746322,66.98096954185695,3.4844311717373984,0.8449914455413818,-0.0968085527420044,0.9979222416877747,-0.0014223456382751465,0.7647793292999268,-0.12501752376556396,0.8913879990577698,-0.08049184083938599,59.85949222134656,-1.4323346410237363,66.63484232597929,0.2778869218004161
Fighting,delta_classifier_positive_mean,2,Fighting003_x264,Fighting,3088,1268,0.9872317910194397,0.9998700618743896,0.9958733916282654,0.9812111854553223,62.84292994072174,63.62918269825446,0.9992665648460388,0.9998982548713684,0.9994403719902039,0.9991454482078552,66.46757028460499,64.33597124574729,0.9472143650054932,-0.04001742601394653,0.9999247789382935,5.4717063903808594e-05,0.9789799451828003,-0.016893446445465088,0.9250832796096802,-0.05612790584564209,58.93541789440844,-3.9075120463133004,61.27164505900291,-2.3575376392515537,0.991104781627655,-0.008161783218383789,0.9991674423217773,-0.0007308125495910645,0.9930941462516785,-0.006346225738525391,0.9897187352180481,-0.009426712989807129,58.100669047041286,-8.366901237563702,60.813491770020576,-3.522479475726712
Fighting,delta_classifier_positive_mean,3,Fighting042_x264,Fighting,2224,910,0.9744382500648499,0.9998427629470825,0.99827641248703,0.9579294323921204,99.26823556960542,99.05989028381748,0.9965881705284119,0.9992939233779907,0.9985870122909546,0.995203971862793,96.25754762741063,94.5787647798097,0.871797502040863,-0.10264074802398682,0.9993903636932373,-0.00045239925384521484,0.9971652030944824,-0.0011112093925476074,0.7849751114845276,-0.17295432090759277,98.01043705153293,-1.2577985180724909,96.91053482685376,-2.1493554569637183,0.981828510761261,-0.014759659767150879,0.9998166561126709,0.0005227327346801758,0.9992028474807739,0.0006158351898193359,0.9697960615158081,-0.025407910346984863,98.23791125160987,1.9803636241992422,97.21750840781237,2.638743628002672
Fighting,delta_classifier_positive_mean,4,Fighting033_x264,Fighting,1104,270,0.9892849922180176,0.9999953508377075,0.9999523162841797,0.985831618309021,88.92352784439116,78.21823642919273,0.9987578392028809,0.9999605417251587,0.9999231696128845,0.9983805418014526,82.61390887290169,49.059542326737024,0.9785664677619934,-0.01071852445602417,0.9999985694885254,3.2186508178710938e-06,0.9999850988388062,3.2782554626464844e-05,0.9716322422027588,-0.014199376106262207,89.9467092992273,1.0231814548361342,82.06338209115987,3.8451456619671376,0.9974915981292725,-0.0012662410736083984,0.9998264908790588,-0.00013405084609985352,0.9997473955154419,-0.00017577409744262695,0.9967612028121948,-0.0016193389892578125,94.93471889155343,12.320810018651741,90.7890076676506,41.72946534091357
Fighting,delta_classifier_positive_mean,5,Fighting018_x264,Fighting,1376,340,0.9669985175132751,0.9999903440475464,0.9979129433631897,0.9568527936935425,69.93186463774698,54.54344239512856,0.9951386451721191,0.999989926815033,0.9999691843986511,0.9935533404350281,88.89166477401773,83.35119740652506,0.9581598043441772,-0.0088387131690979,0.9999992847442627,8.940696716308594e-06,0.9998500347137451,0.00193709135055542,0.9444776773452759,-0.012375116348266602,79.39813763343176,9.466272995684776,68.86091697710842,14.317474581979859,0.9897035360336304,-0.0054351091384887695,0.9999315738677979,-5.835294723510742e-05,0.9998616576194763,-0.00010752677917480469,0.986369788646698,-0.007183551788330078,84.6218487394958,-4.269816034521924,73.55823133633967,-9.792966070185386
Fighting,delta_alignment_positive_mean,1,Fighting047_x264,Fighting,4448,1630,0.7970758080482483,0.9998224377632141,0.7414877414703369,0.8292292356491089,59.583614537569616,63.49653837011955,0.9417999982833862,0.9993445873260498,0.8897968530654907,0.9718798398971558,61.29182686237029,66.35695540417888,0.6619948744773865,-0.13508093357086182,0.9998722076416016,4.976987838745117e-05,0.6463679075241089,-0.09511983394622803,0.6710338592529297,-0.1581953763961792,59.394819455994984,-0.1887950815746322,66.98096954185695,3.4844311717373984,0.8449914455413818,-0.0968085527420044,0.9979222416877747,-0.0014223456382751465,0.7647793292999268,-0.12501752376556396,0.8913879990577698,-0.08049184083938599,59.85949222134656,-1.4323346410237363,66.63484232597929,0.2778869218004161
Fighting,delta_alignment_positive_mean,2,Fighting003_x264,Fighting,3088,1268,0.9872317910194397,0.9998700618743896,0.9958733916282654,0.9812111854553223,62.84292994072174,63.62918269825446,0.9992665648460388,0.9998982548713684,0.9994403719902039,0.9991454482078552,66.46757028460499,64.33597124574729,0.9472143650054932,-0.04001742601394653,0.9999247789382935,5.4717063903808594e-05,0.9789799451828003,-0.016893446445465088,0.9250832796096802,-0.05612790584564209,58.93541789440844,-3.9075120463133004,61.27164505900291,-2.3575376392515537,0.991104781627655,-0.008161783218383789,0.9991674423217773,-0.0007308125495910645,0.9930941462516785,-0.006346225738525391,0.9897187352180481,-0.009426712989807129,58.100669047041286,-8.366901237563702,60.813491770020576,-3.522479475726712
Fighting,delta_alignment_positive_mean,3,Fighting033_x264,Fighting,1104,270,0.9892849922180176,0.9999953508377075,0.9999523162841797,0.985831618309021,88.92352784439116,78.21823642919273,0.9987578392028809,0.9999605417251587,0.9999231696128845,0.9983805418014526,82.61390887290169,49.059542326737024,0.9785664677619934,-0.01071852445602417,0.9999985694885254,3.2186508178710938e-06,0.9999850988388062,3.2782554626464844e-05,0.9716322422027588,-0.014199376106262207,89.9467092992273,1.0231814548361342,82.06338209115987,3.8451456619671376,0.9974915981292725,-0.0012662410736083984,0.9998264908790588,-0.00013405084609985352,0.9997473955154419,-0.00017577409744262695,0.9967612028121948,-0.0016193389892578125,94.93471889155343,12.320810018651741,90.7890076676506,41.72946534091357
Fighting,delta_alignment_positive_mean,4,Fighting018_x264,Fighting,1376,340,0.9669985175132751,0.9999903440475464,0.9979129433631897,0.9568527936935425,69.93186463774698,54.54344239512856,0.9951386451721191,0.999989926815033,0.9999691843986511,0.9935533404350281,88.89166477401773,83.35119740652506,0.9581598043441772,-0.0088387131690979,0.9999992847442627,8.940696716308594e-06,0.9998500347137451,0.00193709135055542,0.9444776773452759,-0.012375116348266602,79.39813763343176,9.466272995684776,68.86091697710842,14.317474581979859,0.9897035360336304,-0.0054351091384887695,0.9999315738677979,-5.835294723510742e-05,0.9998616576194763,-0.00010752677917480469,0.986369788646698,-0.007183551788330078,84.6218487394958,-4.269816034521924,73.55823133633967,-9.792966070185386
Fighting,delta_alignment_positive_mean,5,Fighting042_x264,Fighting,2224,910,0.9744382500648499,0.9998427629470825,0.99827641248703,0.9579294323921204,99.26823556960542,99.05989028381748,0.9965881705284119,0.9992939233779907,0.9985870122909546,0.995203971862793,96.25754762741063,94.5787647798097,0.871797502040863,-0.10264074802398682,0.9993903636932373,-0.00045239925384521484,0.9971652030944824,-0.0011112093925476074,0.7849751114845276,-0.17295432090759277,98.01043705153293,-1.2577985180724909,96.91053482685376,-2.1493554569637183,0.981828510761261,-0.014759659767150879,0.9998166561126709,0.0005227327346801758,0.9992028474807739,0.0006158351898193359,0.9697960615158081,-0.025407910346984863,98.23791125160987,1.9803636241992422,97.21750840781237,2.638743628002672
RoadAccidents,delta_classifier_auc,1,RoadAccidents021_x264,RoadAccidents,144,60,0.6819291710853577,0.7395853400230408,0.7276223301887512,0.6492911577224731,98.88888888888889,97.60416666666667,0.881031334400177,0.9436544179916382,0.9148710370063782,0.8568602800369263,63.96825396825396,51.45833333333334,0.6685442328453064,-0.01338493824005127,0.9326432943344116,0.19305795431137085,0.5879335999488831,-0.13968873023986816,0.7261231541633606,0.07683199644088745,35.39682539682539,-63.492063492063494,38.135912698412696,-59.468253968253975,0.9722999930381775,0.09126865863800049,0.9896900057792664,0.046035587787628174,0.9787073731422424,0.06383633613586426,0.9677233099937439,0.11086302995681763,60.7936507936508,-3.1746031746031633,49.970238095238095,-1.488095238095248
RoadAccidents,delta_classifier_auc,2,RoadAccidents011_x264,RoadAccidents,2144,40,0.25385889410972595,0.8780470490455627,0.19609491527080536,0.25495702028274536,45.057034220532316,2.198153409090909,0.20975500345230103,0.7893293499946594,0.28218793869018555,0.20837794244289398,79.73384030418251,5.697595588899937,0.15828880667686462,-0.09557008743286133,0.9959086179733276,0.11786156892776489,0.04501678794622421,-0.15107812732458115,0.1604422777891159,-0.09451474249362946,13.954372623574146,-31.10266159695817,1.4378217503217503,-0.7603316587691589,0.7597871422767639,0.5500321388244629,0.9962315559387207,0.20690220594406128,0.7552725672721863,0.47308462858200073,0.7598729729652405,0.5514950305223465,46.882129277566534,-32.85171102661597,2.274977992957747,-3.4226175959421896
RoadAccidents,delta_classifier_auc,3,RoadAccidents133_x264,RoadAccidents,672,180,0.8995576500892639,0.9999926090240479,0.9998279213905334,0.8628734350204468,82.61065943992773,62.87763337179813,0.966171145439148,0.9997375011444092,0.9994440674781799,0.9539982080459595,80.96657633242998,67.61227871099152,0.7877495884895325,-0.11180806159973145,0.9999876022338867,-5.0067901611328125e-06,0.9997116327285767,-0.00011628866195678711,0.7102025747299194,-0.15267086029052734,58.09394760614273,-24.516711833785003,29.62023578802755,-33.25739758377058,0.9486972093582153,-0.017473936080932617,0.9994856715202332,-0.0002518296241760254,0.997619092464447,-0.0018249750137329102,0.9307990074157715,-0.02319920063018799,54.878048780487795,-26.088527551942185,28.659645996555405,-38.95263271443611
RoadAccidents,delta_classifier_auc,4,RoadAccidents012_x264,RoadAccidents,464,140,0.2515156865119934,0.6008828282356262,0.28886398673057556,0.23537757992744446,75.96119929453262,45.95262723387724,0.14482852816581726,0.19423264265060425,0.16919776797294617,0.134298637509346,91.26984126984127,73.32522239665097,0.057494401931762695,-0.1940212845802307,0.28695178031921387,-0.31393104791641235,0.0397585853934288,-0.24910540133714676,0.06515801697969437,-0.1702195629477501,57.61904761904761,-18.342151675485006,33.30749524076592,-12.64513199311132,0.2979770004749298,0.15314847230911255,0.4155271649360657,0.22129452228546143,0.2628350257873535,0.09363725781440735,0.3131617307662964,0.17886309325695038,4.285714285714288,-86.98412698412697,18.941708244223154,-54.38351415242782
RoadAccidents,delta_classifier_auc,5,RoadAccidents127_x264,RoadAccidents,2576,140,0.04902702942490578,0.4704607129096985,0.14968861639499664,0.04324187710881233,85.56181093126906,20.765222953476513,0.05918541178107262,0.39956390857696533,0.06790756434202194,0.05868413671851158,81.1705371803894,14.115404739350563,0.00901938695460558,-0.0400076424703002,0.1468440443277359,-0.3236166685819626,0.0031001344323158264,-0.14658848196268082,0.009359573945403099,-0.03388230316340923,69.25404644616468,-16.307764485104386,9.648968851854523,-11.11625410162199,0.08886442333459854,0.029679011553525925,0.470708966255188,0.07114505767822266,0.09877654910087585,0.030868984758853912,0.08829475939273834,0.02961062267422676,68.84119164907344,-12.329345531315965,9.56926268389402,-4.546142055456542
RoadAccidents,delta_alignment_auc,1,RoadAccidents012_x264,RoadAccidents,464,140,0.2515156865119934,0.6008828282356262,0.28886398673057556,0.23537757992744446,75.96119929453262,45.95262723387724,0.14482852816581726,0.19423264265060425,0.16919776797294617,0.134298637509346,91.26984126984127,73.32522239665097,0.057494401931762695,-0.1940212845802307,0.28695178031921387,-0.31393104791641235,0.0397585853934288,-0.24910540133714676,0.06515801697969437,-0.1702195629477501,57.61904761904761,-18.342151675485006,33.30749524076592,-12.64513199311132,0.2979770004749298,0.15314847230911255,0.4155271649360657,0.22129452228546143,0.2628350257873535,0.09363725781440735,0.3131617307662964,0.17886309325695038,4.285714285714288,-86.98412698412697,18.941708244223154,-54.38351415242782
RoadAccidents,delta_alignment_auc,2,RoadAccidents011_x264,RoadAccidents,2144,40,0.25385889410972595,0.8780470490455627,0.19609491527080536,0.25495702028274536,45.057034220532316,2.198153409090909,0.20975500345230103,0.7893293499946594,0.28218793869018555,0.20837794244289398,79.73384030418251,5.697595588899937,0.15828880667686462,-0.09557008743286133,0.9959086179733276,0.11786156892776489,0.04501678794622421,-0.15107812732458115,0.1604422777891159,-0.09451474249362946,13.954372623574146,-31.10266159695817,1.4378217503217503,-0.7603316587691589,0.7597871422767639,0.5500321388244629,0.9962315559387207,0.20690220594406128,0.7552725672721863,0.47308462858200073,0.7598729729652405,0.5514950305223465,46.882129277566534,-32.85171102661597,2.274977992957747,-3.4226175959421896
RoadAccidents,delta_alignment_auc,3,RoadAccidents017_x264,RoadAccidents,240,70,0.12218689918518066,0.1779962033033371,0.08856066316366196,0.13603298366069794,11.008403361344534,20.544574473145904,0.33798232674598694,0.4539145231246948,0.41584059596061707,0.30592310428619385,64.78991596638654,38.78684807256236,0.6418139338493347,0.519627034664154,0.9674659371376038,0.7894697338342667,0.5021963119506836,0.41363564878702164,0.6993035078048706,0.5632705241441727,34.67226890756302,23.66386554621849,26.299494156637017,5.754919683491114,0.923019528388977,0.5850372016429901,0.9897633194923401,0.5358487963676453,0.918095052242279,0.502254456281662,0.9250470995903015,0.6191239953041077,34.67226890756302,-30.117647058823522,26.299494156637017,-12.48735391592534
RoadAccidents,delta_alignment_auc,4,RoadAccidents133_x264,RoadAccidents,672,180,0.8995576500892639,0.9999926090240479,0.9998279213905334,0.8628734350204468,82.61065943992773,62.87763337179813,0.966171145439148,0.9997375011444092,0.9994440674781799,0.9539982080459595,80.96657633242998,67.61227871099152,0.7877495884895325,-0.11180806159973145,0.9999876022338867,-5.0067901611328125e-06,0.9997116327285767,-0.00011628866195678711,0.7102025747299194,-0.15267086029052734,58.09394760614273,-24.516711833785003,29.62023578802755,-33.25739758377058,0.9486972093582153,-0.017473936080932617,0.9994856715202332,-0.0002518296241760254,0.997619092464447,-0.0018249750137329102,0.9307990074157715,-0.02319920063018799,54.878048780487795,-26.088527551942185,28.659645996555405,-38.95263271443611
RoadAccidents,delta_alignment_auc,5,RoadAccidents127_x264,RoadAccidents,2576,140,0.04902702942490578,0.4704607129096985,0.14968861639499664,0.04324187710881233,85.56181093126906,20.765222953476513,0.05918541178107262,0.39956390857696533,0.06790756434202194,0.05868413671851158,81.1705371803894,14.115404739350563,0.00901938695460558,-0.0400076424703002,0.1468440443277359,-0.3236166685819626,0.0031001344323158264,-0.14658848196268082,0.009359573945403099,-0.03388230316340923,69.25404644616468,-16.307764485104386,9.648968851854523,-11.11625410162199,0.08886442333459854,0.029679011553525925,0.470708966255188,0.07114505767822266,0.09877654910087585,0.030868984758853912,0.08829475939273834,0.02961062267422676,68.84119164907344,-12.329345531315965,9.56926268389402,-4.546142055456542
RoadAccidents,delta_classifier_positive_mean,1,RoadAccidents016_x264,RoadAccidents,2192,190,0.19329096376895905,0.8276540040969849,0.4597426950931549,0.16800332069396973,79.34328829065672,42.60026931875713,0.010253619402647018,0.048538804054260254,0.02547089196741581,0.008809422142803669,83.88611388611389,46.062039675631404,0.005773005075752735,-0.1875179586932063,0.0880817100405693,-0.7395722940564156,0.031032318249344826,-0.4287103768438101,0.003375768195837736,-0.164627552498132,83.22151532677849,3.878227036121771,47.415690621936136,4.815421303179008,0.02485145814716816,0.014597838744521141,0.4172734022140503,0.36873459815979004,0.0679798498749733,0.04250895790755749,0.020758355036377907,0.011948932893574238,87.20910668279089,3.322992796676999,40.497048542408656,-5.5649911332227475
RoadAccidents,delta_classifier_positive_mean,2,RoadAccidents012_x264,RoadAccidents,464,140,0.2515156865119934,0.6008828282356262,0.28886398673057556,0.23537757992744446,75.96119929453262,45.95262723387724,0.14482852816581726,0.19423264265060425,0.16919776797294617,0.134298637509346,91.26984126984127,73.32522239665097,0.057494401931762695,-0.1940212845802307,0.28695178031921387,-0.31393104791641235,0.0397585853934288,-0.24910540133714676,0.06515801697969437,-0.1702195629477501,57.61904761904761,-18.342151675485006,33.30749524076592,-12.64513199311132,0.2979770004749298,0.15314847230911255,0.4155271649360657,0.22129452228546143,0.2628350257873535,0.09363725781440735,0.3131617307662964,0.17886309325695038,4.285714285714288,-86.98412698412697,18.941708244223154,-54.38351415242782
RoadAccidents,delta_classifier_positive_mean,3,RoadAccidents009_x264,RoadAccidents,912,30,0.37581169605255127,0.5244616270065308,0.2331099659204483,0.38066551089286804,21.21693121693122,3.1020122051789545,0.7066810727119446,0.8081365823745728,0.6505087018013,0.7085916996002197,29.198790627362055,3.4674796747967482,0.11711673438549042,-0.25869496166706085,0.29717227816581726,-0.2272893488407135,0.040020886808633804,-0.1930890791118145,0.11973904073238373,-0.2609264701604843,21.09599395313681,-0.12093726379440994,3.114295125164691,0.012282919985736385,0.493712455034256,-0.2129686176776886,0.6172471046447754,-0.19088947772979736,0.40056952834129333,-0.2499391734600067,0.49688053131103516,-0.21171116828918457,23.75661375661376,-5.442176870748295,3.228946441155743,-0.2385332336410051
RoadAccidents,delta_classifier_positive_mean,4,RoadAccidents019_x264,RoadAccidents,1312,150,0.6096227169036865,0.9985917210578918,0.9034808278083801,0.5716891884803772,64.42111302352266,15.991720855020827,0.9439534544944763,0.9988415837287903,0.984790563583374,0.9386818408966064,65.54102122776821,16.192529017521785,0.41632941365242004,-0.19329330325126648,0.9999978542327881,0.0014061331748962402,0.7181742787361145,-0.18530654907226562,0.3773649334907532,-0.19432425498962402,63.94377510040161,-0.4773379231210555,15.778848042875898,-0.21287281214492815,0.7008854150772095,-0.24306803941726685,0.9996005892753601,0.0007590055465698242,0.9344293475151062,-0.05036121606826782,0.6707376837730408,-0.2679441571235657,64.5312679288583,-1.0097532989099136,16.0614644939134,-0.1310645236083836
RoadAccidents,delta_classifier_positive_mean,5,RoadAccidents132_x264,RoadAccidents,1856,100,0.12562952935695648,0.497145414352417,0.19069918990135193,0.12192394584417343,85.80865603644646,17.553621783161425,0.05336591973900795,0.31883853673934937,0.06220332160592079,0.05286264792084694,88.25056947608202,20.443380830593107,0.010039882734417915,-0.11558964662253857,0.08931589871644974,-0.40782951563596725,0.025029540061950684,-0.16566964983940125,0.009186258539557457,-0.11273768730461597,89.1617312072893,3.3530751708428284,21.7110674413306,4.157445658169173,0.07807843387126923,0.024712514132261276,0.5848264694213867,0.26598793268203735,0.09593991190195084,0.033736590296030045,0.0770612582564354,0.024198610335588455,87.8496583143508,-0.40091116173121577,19.97738526570048,-0.4659955648926264
RoadAccidents,delta_alignment_positive_mean,1,RoadAccidents009_x264,RoadAccidents,912,30,0.37581169605255127,0.5244616270065308,0.2331099659204483,0.38066551089286804,21.21693121693122,3.1020122051789545,0.7066810727119446,0.8081365823745728,0.6505087018013,0.7085916996002197,29.198790627362055,3.4674796747967482,0.11711673438549042,-0.25869496166706085,0.29717227816581726,-0.2272893488407135,0.040020886808633804,-0.1930890791118145,0.11973904073238373,-0.2609264701604843,21.09599395313681,-0.12093726379440994,3.114295125164691,0.012282919985736385,0.493712455034256,-0.2129686176776886,0.6172471046447754,-0.19088947772979736,0.40056952834129333,-0.2499391734600067,0.49688053131103516,-0.21171116828918457,23.75661375661376,-5.442176870748295,3.228946441155743,-0.2385332336410051
RoadAccidents,delta_alignment_positive_mean,2,RoadAccidents123_x264,RoadAccidents,992,80,0.6784880757331848,0.9150828123092651,0.5762304067611694,0.6874580979347229,29.60526315789474,6.691837688351937,0.9717664122581482,0.9927240610122681,0.9736019372940063,0.9716054201126099,30.13157894736842,6.813079867554084,0.5090079307556152,-0.16948014497756958,0.8233397006988525,-0.0917431116104126,0.7776995897293091,0.20146918296813965,0.4854384958744049,-0.202019602060318,89.64912280701753,60.043859649122794,57.20643939393939,50.51460170558745,0.8530780673027039,-0.11868834495544434,0.9442396759986877,-0.04848438501358032,0.9033500552177429,-0.07025188207626343,0.8486682176589966,-0.12293720245361328,91.1842105263158,61.05263157894737,35.10412157287157,28.291041705317486
RoadAccidents,delta_alignment_positive_mean,3,RoadAccidents131_x264,RoadAccidents,1520,60,0.7509441375732422,0.9472881555557251,0.8707655668258667,0.7460200190544128,57.01369863013698,5.54958426271529,0.9875722527503967,0.9971773028373718,0.9931020140647888,0.9873450994491577,49.78082191780822,4.747937036266555,0.3794659972190857,-0.3714781403541565,0.7744728326797485,-0.17281532287597656,0.7286463379859924,-0.14211922883987427,0.3651161193847656,-0.3809038996696472,91.20547945205479,34.19178082191781,21.830357142857142,16.280772880141853,0.8229867815971375,-0.16458547115325928,0.9630420804023743,-0.03413522243499756,0.9253284335136414,-0.06777358055114746,0.8187810182571411,-0.1685640811920166,97.34246575342466,47.561643835616444,47.59722222222222,42.849285185955665
RoadAccidents,delta_alignment_positive_mean,4,RoadAccidents019_x264,RoadAccidents,1312,150,0.6096227169036865,0.9985917210578918,0.9034808278083801,0.5716891884803772,64.42111302352266,15.991720855020827,0.9439534544944763,0.9988415837287903,0.984790563583374,0.9386818408966064,65.54102122776821,16.192529017521785,0.41632941365242004,-0.19329330325126648,0.9999978542327881,0.0014061331748962402,0.7181742787361145,-0.18530654907226562,0.3773649334907532,-0.19432425498962402,63.94377510040161,-0.4773379231210555,15.778848042875898,-0.21287281214492815,0.7008854150772095,-0.24306803941726685,0.9996005892753601,0.0007590055465698242,0.9344293475151062,-0.05036121606826782,0.6707376837730408,-0.2679441571235657,64.5312679288583,-1.0097532989099136,16.0614644939134,-0.1310645236083836
RoadAccidents,delta_alignment_positive_mean,5,RoadAccidents004_x264,RoadAccidents,384,49,0.19503384828567505,0.7156179547309875,0.06792813539505005,0.21362543106079102,34.64818763326226,12.203251601392436,0.13545723259449005,0.5910197496414185,0.0597001388669014,0.1465381383895874,41.76363082546452,13.570517492711371,0.008145817555487156,-0.1868880307301879,0.10542450845241547,-0.6101934462785721,0.00011541259300429374,-0.06781272280204576,0.009320411831140518,-0.2043050192296505,21.58696314346634,-13.061224489795922,10.363439883529168,-1.8398117178632685,0.0668817088007927,-0.06857552379369736,0.3320528268814087,-0.25896692276000977,0.03211667016148567,-0.027583468705415726,0.071966752409935,-0.0745713859796524,39.8141943344502,-1.9494364910143176,13.095952666780999,-0.4745648259303721
Robbery,delta_classifier_auc,1,Robbery050_x264,Robbery,1696,915,0.03775212913751602,0.1826968789100647,0.06292809545993805,0.00825660489499569,84.35808092469371,88.90832060042261,0.010178390890359879,0.01830953359603882,0.012926989234983921,0.006958199664950371,85.38800612917444,90.78960700872818,0.006632199045270681,-0.03111993009224534,0.05139445513486862,-0.13130242377519608,0.008006195537745953,-0.0549218999221921,0.005022457800805569,-0.0032341470941901207,73.21473800577934,-11.143342918914371,72.40343783507484,-16.504882765347773,0.04516070708632469,0.03498231619596481,0.06597298383712769,0.04766345024108887,0.047234922647476196,0.034307933412492275,0.04273059591650963,0.03577239625155926,58.1935027952114,-27.19450333396304,58.9967039321204,-31.792903076607786
Robbery,delta_classifier_auc,2,Robbery048_x264,Robbery,1408,480,0.948886513710022,0.9997454285621643,0.998911440372467,0.9230114221572876,97.35632183908046,94.86360457170268,0.9887657165527344,0.9979891180992126,0.9971846342086792,0.9844111204147339,95.45977011494251,90.48800856790666,0.9118032455444336,-0.03708326816558838,0.9998867511749268,0.00014132261276245117,0.9994725584983826,0.0005611181259155273,0.8664570450782776,-0.05655437707901001,96.27155172413794,-1.084770114942529,93.36445644235545,-1.4991481293472333,0.9844366312026978,-0.004329085350036621,0.9997396469116211,0.0017505288124084473,0.9995409846305847,0.0023563504219055176,0.976624071598053,-0.007787048816680908,99.99281609195401,4.533045977011497,99.97440636200716,9.486397794100498
Robbery,delta_classifier_auc,3,Robbery102_x264,Robbery,1824,480,0.9774832725524902,0.9999916553497314,0.9999755620956421,0.9694501161575317,99.92063492063492,99.76419366074538,0.9949145317077637,0.9995980262756348,0.9993635416030884,0.9933257102966309,99.5436507936508,98.58204991691777,0.8525519371032715,-0.12493133544921875,0.9999963045120239,4.649162292480469e-06,0.9999915957450867,1.6033649444580078e-05,0.7998948097229004,-0.16955530643463135,99.25595238095238,-0.6646825396825449,97.92133637021358,-1.8428572905317964,0.9744256138801575,-0.0204889178276062,0.9996363520622253,3.832578659057617e-05,0.9987674951553345,-0.0005960464477539062,0.9657320380210876,-0.027593672275543213,91.07142857142857,-8.472222222222229,74.12401122421237,-24.4580386927054
Robbery,delta_classifier_auc,4,Robbery137_x264,Robbery,2192,1815,0.9521539807319641,0.9999629259109497,0.9934781789779663,0.7532063722610474,98.0335547420187,99.59512687255557,0.9777076840400696,0.9958757758140564,0.9887369871139526,0.9246096611022949,91.77156177156178,98.14970279826196,0.8950357437133789,-0.057118237018585205,0.9999983310699463,3.540515899658203e-05,0.9855238795280457,-0.007954299449920654,0.45939671993255615,-0.2938096523284912,98.87066956032473,0.8371148183060342,99.77604190202473,0.18091502946916194,0.9695679545402527,-0.008139729499816895,0.9991627931594849,0.003287017345428467,0.993746280670166,0.005009293556213379,0.8531657457351685,-0.07144391536712646,98.01017164653528,6.2386098749735055,99.60396987661504,1.4542670783530838
Robbery,delta_classifier_auc,5,Robbery106_x264,Robbery,1184,120,0.5343584418296814,0.9666337370872498,0.9536124467849731,0.48707419633865356,96.06516290726816,59.830687830687836,0.8468530774116516,0.971706748008728,0.9698381423950195,0.83298259973526,97.86967418546367,86.16849816849816,0.34122955799102783,-0.19312888383865356,0.9501873254776001,-0.016446411609649658,0.9328097701072693,-0.020802676677703857,0.274509996175766,-0.21256420016288757,98.57142857142857,2.5062656641604093,87.93915343915344,28.108465608465607,0.6651064157485962,-0.18174666166305542,0.9583433866500854,-0.013363361358642578,0.9508817791938782,-0.018956363201141357,0.6328760385513306,-0.20010656118392944,98.37092731829574,0.5012531328320762,87.03006253006254,0.8615643615643762
Robbery,delta_alignment_auc,1,Robbery050_x264,Robbery,1696,915,0.03775212913751602,0.1826968789100647,0.06292809545993805,0.00825660489499569,84.35808092469371,88.90832060042261,0.010178390890359879,0.01830953359603882,0.012926989234983921,0.006958199664950371,85.38800612917444,90.78960700872818,0.006632199045270681,-0.03111993009224534,0.05139445513486862,-0.13130242377519608,0.008006195537745953,-0.0549218999221921,0.005022457800805569,-0.0032341470941901207,73.21473800577934,-11.143342918914371,72.40343783507484,-16.504882765347773,0.04516070708632469,0.03498231619596481,0.06597298383712769,0.04766345024108887,0.047234922647476196,0.034307933412492275,0.04273059591650963,0.03577239625155926,58.1935027952114,-27.19450333396304,58.9967039321204,-31.792903076607786
Robbery,delta_alignment_auc,2,Robbery102_x264,Robbery,1824,480,0.9774832725524902,0.9999916553497314,0.9999755620956421,0.9694501161575317,99.92063492063492,99.76419366074538,0.9949145317077637,0.9995980262756348,0.9993635416030884,0.9933257102966309,99.5436507936508,98.58204991691777,0.8525519371032715,-0.12493133544921875,0.9999963045120239,4.649162292480469e-06,0.9999915957450867,1.6033649444580078e-05,0.7998948097229004,-0.16955530643463135,99.25595238095238,-0.6646825396825449,97.92133637021358,-1.8428572905317964,0.9744256138801575,-0.0204889178276062,0.9996363520622253,3.832578659057617e-05,0.9987674951553345,-0.0005960464477539062,0.9657320380210876,-0.027593672275543213,91.07142857142857,-8.472222222222229,74.12401122421237,-24.4580386927054
Robbery,delta_alignment_auc,3,Robbery106_x264,Robbery,1184,120,0.5343584418296814,0.9666337370872498,0.9536124467849731,0.48707419633865356,96.06516290726816,59.830687830687836,0.8468530774116516,0.971706748008728,0.9698381423950195,0.83298259973526,97.86967418546367,86.16849816849816,0.34122955799102783,-0.19312888383865356,0.9501873254776001,-0.016446411609649658,0.9328097701072693,-0.020802676677703857,0.274509996175766,-0.21256420016288757,98.57142857142857,2.5062656641604093,87.93915343915344,28.108465608465607,0.6651064157485962,-0.18174666166305542,0.9583433866500854,-0.013363361358642578,0.9508817791938782,-0.018956363201141357,0.6328760385513306,-0.20010656118392944,98.37092731829574,0.5012531328320762,87.03006253006254,0.8615643615643762
Robbery,delta_alignment_auc,4,Robbery048_x264,Robbery,1408,480,0.948886513710022,0.9997454285621643,0.998911440372467,0.9230114221572876,97.35632183908046,94.86360457170268,0.9887657165527344,0.9979891180992126,0.9971846342086792,0.9844111204147339,95.45977011494251,90.48800856790666,0.9118032455444336,-0.03708326816558838,0.9998867511749268,0.00014132261276245117,0.9994725584983826,0.0005611181259155273,0.8664570450782776,-0.05655437707901001,96.27155172413794,-1.084770114942529,93.36445644235545,-1.4991481293472333,0.9844366312026978,-0.004329085350036621,0.9997396469116211,0.0017505288124084473,0.9995409846305847,0.0023563504219055176,0.976624071598053,-0.007787048816680908,99.99281609195401,4.533045977011497,99.97440636200716,9.486397794100498
Robbery,delta_alignment_auc,5,Robbery137_x264,Robbery,2192,1815,0.9521539807319641,0.9999629259109497,0.9934781789779663,0.7532063722610474,98.0335547420187,99.59512687255557,0.9777076840400696,0.9958757758140564,0.9887369871139526,0.9246096611022949,91.77156177156178,98.14970279826196,0.8950357437133789,-0.057118237018585205,0.9999983310699463,3.540515899658203e-05,0.9855238795280457,-0.007954299449920654,0.45939671993255615,-0.2938096523284912,98.87066956032473,0.8371148183060342,99.77604190202473,0.18091502946916194,0.9695679545402527,-0.008139729499816895,0.9991627931594849,0.003287017345428467,0.993746280670166,0.005009293556213379,0.8531657457351685,-0.07144391536712646,98.01017164653528,6.2386098749735055,99.60396987661504,1.4542670783530838
Robbery,delta_classifier_positive_mean,1,Robbery050_x264,Robbery,1696,915,0.03775212913751602,0.1826968789100647,0.06292809545993805,0.00825660489499569,84.35808092469371,88.90832060042261,0.010178390890359879,0.01830953359603882,0.012926989234983921,0.006958199664950371,85.38800612917444,90.78960700872818,0.006632199045270681,-0.03111993009224534,0.05139445513486862,-0.13130242377519608,0.008006195537745953,-0.0549218999221921,0.005022457800805569,-0.0032341470941901207,73.21473800577934,-11.143342918914371,72.40343783507484,-16.504882765347773,0.04516070708632469,0.03498231619596481,0.06597298383712769,0.04766345024108887,0.047234922647476196,0.034307933412492275,0.04273059591650963,0.03577239625155926,58.1935027952114,-27.19450333396304,58.9967039321204,-31.792903076607786
Robbery,delta_classifier_positive_mean,2,Robbery106_x264,Robbery,1184,120,0.5343584418296814,0.9666337370872498,0.9536124467849731,0.48707419633865356,96.06516290726816,59.830687830687836,0.8468530774116516,0.971706748008728,0.9698381423950195,0.83298259973526,97.86967418546367,86.16849816849816,0.34122955799102783,-0.19312888383865356,0.9501873254776001,-0.016446411609649658,0.9328097701072693,-0.020802676677703857,0.274509996175766,-0.21256420016288757,98.57142857142857,2.5062656641604093,87.93915343915344,28.108465608465607,0.6651064157485962,-0.18174666166305542,0.9583433866500854,-0.013363361358642578,0.9508817791938782,-0.018956363201141357,0.6328760385513306,-0.20010656118392944,98.37092731829574,0.5012531328320762,87.03006253006254,0.8615643615643762
Robbery,delta_classifier_positive_mean,3,Robbery137_x264,Robbery,2192,1815,0.9521539807319641,0.9999629259109497,0.9934781789779663,0.7532063722610474,98.0335547420187,99.59512687255557,0.9777076840400696,0.9958757758140564,0.9887369871139526,0.9246096611022949,91.77156177156178,98.14970279826196,0.8950357437133789,-0.057118237018585205,0.9999983310699463,3.540515899658203e-05,0.9855238795280457,-0.007954299449920654,0.45939671993255615,-0.2938096523284912,98.87066956032473,0.8371148183060342,99.77604190202473,0.18091502946916194,0.9695679545402527,-0.008139729499816895,0.9991627931594849,0.003287017345428467,0.993746280670166,0.005009293556213379,0.8531657457351685,-0.07144391536712646,98.01017164653528,6.2386098749735055,99.60396987661504,1.4542670783530838
Robbery,delta_classifier_positive_mean,4,Robbery102_x264,Robbery,1824,480,0.9774832725524902,0.9999916553497314,0.9999755620956421,0.9694501161575317,99.92063492063492,99.76419366074538,0.9949145317077637,0.9995980262756348,0.9993635416030884,0.9933257102966309,99.5436507936508,98.58204991691777,0.8525519371032715,-0.12493133544921875,0.9999963045120239,4.649162292480469e-06,0.9999915957450867,1.6033649444580078e-05,0.7998948097229004,-0.16955530643463135,99.25595238095238,-0.6646825396825449,97.92133637021358,-1.8428572905317964,0.9744256138801575,-0.0204889178276062,0.9996363520622253,3.832578659057617e-05,0.9987674951553345,-0.0005960464477539062,0.9657320380210876,-0.027593672275543213,91.07142857142857,-8.472222222222229,74.12401122421237,-24.4580386927054
Robbery,delta_classifier_positive_mean,5,Robbery048_x264,Robbery,1408,480,0.948886513710022,0.9997454285621643,0.998911440372467,0.9230114221572876,97.35632183908046,94.86360457170268,0.9887657165527344,0.9979891180992126,0.9971846342086792,0.9844111204147339,95.45977011494251,90.48800856790666,0.9118032455444336,-0.03708326816558838,0.9998867511749268,0.00014132261276245117,0.9994725584983826,0.0005611181259155273,0.8664570450782776,-0.05655437707901001,96.27155172413794,-1.084770114942529,93.36445644235545,-1.4991481293472333,0.9844366312026978,-0.004329085350036621,0.9997396469116211,0.0017505288124084473,0.9995409846305847,0.0023563504219055176,0.976624071598053,-0.007787048816680908,99.99281609195401,4.533045977011497,99.97440636200716,9.486397794100498
Robbery,delta_alignment_positive_mean,1,Robbery106_x264,Robbery,1184,120,0.5343584418296814,0.9666337370872498,0.9536124467849731,0.48707419633865356,96.06516290726816,59.830687830687836,0.8468530774116516,0.971706748008728,0.9698381423950195,0.83298259973526,97.86967418546367,86.16849816849816,0.34122955799102783,-0.19312888383865356,0.9501873254776001,-0.016446411609649658,0.9328097701072693,-0.020802676677703857,0.274509996175766,-0.21256420016288757,98.57142857142857,2.5062656641604093,87.93915343915344,28.108465608465607,0.6651064157485962,-0.18174666166305542,0.9583433866500854,-0.013363361358642578,0.9508817791938782,-0.018956363201141357,0.6328760385513306,-0.20010656118392944,98.37092731829574,0.5012531328320762,87.03006253006254,0.8615643615643762
Robbery,delta_alignment_positive_mean,2,Robbery102_x264,Robbery,1824,480,0.9774832725524902,0.9999916553497314,0.9999755620956421,0.9694501161575317,99.92063492063492,99.76419366074538,0.9949145317077637,0.9995980262756348,0.9993635416030884,0.9933257102966309,99.5436507936508,98.58204991691777,0.8525519371032715,-0.12493133544921875,0.9999963045120239,4.649162292480469e-06,0.9999915957450867,1.6033649444580078e-05,0.7998948097229004,-0.16955530643463135,99.25595238095238,-0.6646825396825449,97.92133637021358,-1.8428572905317964,0.9744256138801575,-0.0204889178276062,0.9996363520622253,3.832578659057617e-05,0.9987674951553345,-0.0005960464477539062,0.9657320380210876,-0.027593672275543213,91.07142857142857,-8.472222222222229,74.12401122421237,-24.4580386927054
Robbery,delta_alignment_positive_mean,3,Robbery048_x264,Robbery,1408,480,0.948886513710022,0.9997454285621643,0.998911440372467,0.9230114221572876,97.35632183908046,94.86360457170268,0.9887657165527344,0.9979891180992126,0.9971846342086792,0.9844111204147339,95.45977011494251,90.48800856790666,0.9118032455444336,-0.03708326816558838,0.9998867511749268,0.00014132261276245117,0.9994725584983826,0.0005611181259155273,0.8664570450782776,-0.05655437707901001,96.27155172413794,-1.084770114942529,93.36445644235545,-1.4991481293472333,0.9844366312026978,-0.004329085350036621,0.9997396469116211,0.0017505288124084473,0.9995409846305847,0.0023563504219055176,0.976624071598053,-0.007787048816680908,99.99281609195401,4.533045977011497,99.97440636200716,9.486397794100498
Robbery,delta_alignment_positive_mean,4,Robbery137_x264,Robbery,2192,1815,0.9521539807319641,0.9999629259109497,0.9934781789779663,0.7532063722610474,98.0335547420187,99.59512687255557,0.9777076840400696,0.9958757758140564,0.9887369871139526,0.9246096611022949,91.77156177156178,98.14970279826196,0.8950357437133789,-0.057118237018585205,0.9999983310699463,3.540515899658203e-05,0.9855238795280457,-0.007954299449920654,0.45939671993255615,-0.2938096523284912,98.87066956032473,0.8371148183060342,99.77604190202473,0.18091502946916194,0.9695679545402527,-0.008139729499816895,0.9991627931594849,0.003287017345428467,0.993746280670166,0.005009293556213379,0.8531657457351685,-0.07144391536712646,98.01017164653528,6.2386098749735055,99.60396987661504,1.4542670783530838
Robbery,delta_alignment_positive_mean,5,Robbery050_x264,Robbery,1696,915,0.03775212913751602,0.1826968789100647,0.06292809545993805,0.00825660489499569,84.35808092469371,88.90832060042261,0.010178390890359879,0.01830953359603882,0.012926989234983921,0.006958199664950371,85.38800612917444,90.78960700872818,0.006632199045270681,-0.03111993009224534,0.05139445513486862,-0.13130242377519608,0.008006195537745953,-0.0549218999221921,0.005022457800805569,-0.0032341470941901207,73.21473800577934,-11.143342918914371,72.40343783507484,-16.504882765347773,0.04516070708632469,0.03498231619596481,0.06597298383712769,0.04766345024108887,0.047234922647476196,0.034307933412492275,0.04273059591650963,0.03577239625155926,58.1935027952114,-27.19450333396304,58.9967039321204,-31.792903076607786
Shooting,delta_classifier_auc,1,Shooting002_x264,Shooting,1200,80,0.9941193461418152,0.9986022114753723,0.9984310269355774,0.9938113689422607,96.78571428571429,85.00986842105263,0.999533474445343,0.999927282333374,0.999664306640625,0.9995242357254028,11.785714285714286,4.443996901585737,0.9981286525726318,0.00400930643081665,0.9994931221008301,0.0008909106254577637,0.9990682601928711,0.0006372332572937012,0.99806147813797,0.0042501091957092285,78.57142857142857,-18.214285714285722,21.34012539184953,-63.669743029203104,0.9924471974372864,-0.007086277008056641,0.9983444809913635,-0.001582801342010498,0.9963588714599609,-0.0033054351806640625,0.9921678900718689,-0.0073563456535339355,88.64285714285714,76.85714285714285,25.845238095238095,21.401241193652357
Shooting,delta_classifier_auc,2,Shooting026_x264,Shooting,1392,405,0.992069661617279,0.9995100498199463,0.9985238313674927,0.9894211292266846,67.35149536567975,55.02251015141692,0.9988416433334351,0.9996306896209717,0.9992469549179077,0.9986752271652222,39.7852327166748,30.159971830815486,0.9805799722671509,-0.011489689350128174,0.9967955946922302,-0.0027144551277160645,0.9898462891578674,-0.008677542209625244,0.9767775535583496,-0.012643575668334961,52.42960961637084,-14.921885749308913,28.107890979129124,-26.914619172287793,0.992353081703186,-0.0064885616302490234,0.9988014698028564,-0.0008292198181152344,0.9972978830337524,-0.0019490718841552734,0.9903240203857422,-0.00835120677947998,41.97068057588152,2.185447859206718,33.90800573282336,3.748033902007876
Shooting,delta_classifier_auc,3,Shooting046_x264,Shooting,5088,553,0.9515215754508972,0.9994412064552307,0.9893534779548645,0.9469083547592163,39.68265709141876,8.773508743741921,0.9822192192077637,0.9994860291481018,0.9984588623046875,0.9802389740943909,73.0038818033738,55.31788276804984,0.9317337274551392,-0.019787847995758057,0.9994208812713623,-2.0325183868408203e-05,0.9691808819770813,-0.020172595977783203,0.9271674156188965,-0.019740939140319824,30.864284418357524,-8.818372673061237,16.020544720515357,7.247035976773436,0.9828258156776428,0.0006065964698791504,0.9997730255126953,0.00028699636459350586,0.99745774269104,-0.001001119613647461,0.981041669845581,0.0008026957511901855,43.010441193769175,-29.993440609604626,25.252886054242214,-30.064996713807627
Shooting,delta_classifier_auc,4,Shooting013_x264,Shooting,1072,85,0.9998451471328735,0.9999973773956299,0.9999611973762512,0.9998351335525513,21.92681327850289,6.066139962352963,0.9994640946388245,0.9998502731323242,0.9996339082717896,0.9994494318962097,75.72739734191548,18.33545539427892,0.9996634125709534,-0.00018173456192016602,0.9999988079071045,1.430511474609375e-06,0.9998475909233093,-0.00011360645294189453,0.9996475577354431,-0.0001875758171081543,16.186304308957624,-5.740508969545267,5.610527516599867,-0.4556124457530961,0.999710738658905,0.0002466440200805664,0.9999295473098755,7.927417755126953e-05,0.9997407793998718,0.00010687112808227539,0.9997081160545349,0.0002586841583251953,52.460218129805114,-23.267179212110364,9.110330445979534,-9.225124948299387
Shooting,delta_classifier_auc,5,Shooting021_x264,Shooting,1264,150,0.9583021998405457,0.9979092478752136,0.9971775412559509,0.9530676007270813,98.25852782764811,92.55065789473684,0.9929836392402649,0.9979361891746521,0.9977205395698547,0.9923457503318787,98.62238180730102,92.26406926406926,0.8703790903091431,-0.08792310953140259,0.9983059167861938,0.0003966689109802246,0.9963299632072449,-0.0008475780487060547,0.8534198999404907,-0.09964770078659058,94.44763614602034,-3.8108916816277656,77.59857978279031,-14.952078111946534,0.9871212244033813,-0.005862414836883545,0.998792827129364,0.0008566379547119141,0.9984221458435059,0.000701606273651123,0.9855996370315552,-0.006746113300323486,96.59245960502693,-2.0299222022740935,82.75468975468976,-9.5093795093795
Shooting,delta_alignment_auc,1,Shooting033_x264,Shooting,3616,320,0.9894141554832458,0.9998610019683838,0.9995702505111694,0.9884282350540161,91.2135922330097,57.35069613941487,0.9987508058547974,0.9995734095573425,0.9994325637817383,0.9986847043037415,93.93203883495146,41.595938419509714,0.9938604235649109,0.004446268081665039,0.9999262094497681,6.520748138427734e-05,0.9998621940612793,0.0002919435501098633,0.9932777881622314,0.004849553108215332,97.24514563106796,6.03155339805825,81.87979941093919,24.529103271524313,0.9991165995597839,0.00036579370498657227,0.9996556043624878,8.219480514526367e-05,0.9992519617080688,-0.0001806020736694336,0.9991034269332886,0.00041872262954711914,35.509708737864074,-58.42233009708738,6.956948046006199,-34.63899037350352
Shooting,delta_alignment_auc,2,Shooting046_x264,Shooting,5088,553,0.9515215754508972,0.9994412064552307,0.9893534779548645,0.9469083547592163,39.68265709141876,8.773508743741921,0.9822192192077637,0.9994860291481018,0.9984588623046875,0.9802389740943909,73.0038818033738,55.31788276804984,0.9317337274551392,-0.019787847995758057,0.9994208812713623,-2.0325183868408203e-05,0.9691808819770813,-0.020172595977783203,0.9271674156188965,-0.019740939140319824,30.864284418357524,-8.818372673061237,16.020544720515357,7.247035976773436,0.9828258156776428,0.0006065964698791504,0.9997730255126953,0.00028699636459350586,0.99745774269104,-0.001001119613647461,0.981041669845581,0.0008026957511901855,43.010441193769175,-29.993440609604626,25.252886054242214,-30.064996713807627
Shooting,delta_alignment_auc,3,Shooting013_x264,Shooting,1072,85,0.9998451471328735,0.9999973773956299,0.9999611973762512,0.9998351335525513,21.92681327850289,6.066139962352963,0.9994640946388245,0.9998502731323242,0.9996339082717896,0.9994494318962097,75.72739734191548,18.33545539427892,0.9996634125709534,-0.00018173456192016602,0.9999988079071045,1.430511474609375e-06,0.9998475909233093,-0.00011360645294189453,0.9996475577354431,-0.0001875758171081543,16.186304308957624,-5.740508969545267,5.610527516599867,-0.4556124457530961,0.999710738658905,0.0002466440200805664,0.9999295473098755,7.927417755126953e-05,0.9997407793998718,0.00010687112808227539,0.9997081160545349,0.0002586841583251953,52.460218129805114,-23.267179212110364,9.110330445979534,-9.225124948299387
Shooting,delta_alignment_auc,4,Shooting015_x264,Shooting,1712,857,0.8537434935569763,0.9997720122337341,0.9053929448127747,0.8019733428955078,56.06822384627457,49.63909448542789,0.9960247874259949,0.99979168176651,0.9983808398246765,0.9936631917953491,62.62775764771712,56.40667573488627,0.9724383354187012,0.11869484186172485,0.999757707118988,-1.430511474609375e-05,0.9774141311645508,0.07202118635177612,0.9674507975578308,0.165477454662323,61.0490149917774,4.9807911455028275,57.06387398032533,7.424779494897443,0.9754319190979004,-0.020592868328094482,0.9968996047973633,-0.0028920769691467285,0.9744958281517029,-0.023885011672973633,0.9763702154159546,-0.01729297637939453,44.968986059080024,-17.658771588637094,44.828816143315386,-11.577859591570885
Shooting,delta_alignment_auc,5,Shooting024_x264,Shooting,2000,585,0.8713719248771667,0.9932379722595215,0.9836461544036865,0.8249546885490417,77.55338105161427,44.29184737213973,0.9386434555053711,0.9959802031517029,0.9922563433647156,0.9164783954620361,86.5413306756063,56.737489451652515,0.854095995426178,-0.01727592945098877,0.9967300891876221,0.003492116928100586,0.9892266988754272,0.005580544471740723,0.7982292175292969,-0.026725471019744873,74.60185436863883,-2.951526682975441,44.21121317775007,-0.0806341943896598,0.9654601812362671,0.026816725730895996,0.9976913928985596,0.0017111897468566895,0.9945218563079834,0.0022655129432678223,0.9534453749656677,0.03696697950363159,71.3256017637643,-15.215728911842007,43.01319957948706,-13.724289872165457
Shooting,delta_classifier_positive_mean,1,Shooting028_x264,Shooting,1888,270,0.7892069220542908,0.9996213912963867,0.82718425989151,0.7828695178031921,30.229821910909678,10.531688834807333,0.9554376602172852,0.999311089515686,0.9696899652481079,0.9530593752861023,27.4389964748432,10.045477130283963,0.6843212842941284,-0.10488563776016235,0.998916506767273,-0.0007048845291137695,0.5060011148452759,-0.32118314504623413,0.7140780687332153,-0.0687914490699768,30.405621938378424,0.17580002746874612,10.545677130939755,0.01398829613242114,0.902511477470398,-0.05292618274688721,0.9993801116943359,6.902217864990234e-05,0.9685983061790466,-0.0010916590690612793,0.8914833664894104,-0.061576008796691895,47.978299684109324,20.539303209266123,20.31523885819787,10.269761727913906
Shooting,delta_classifier_positive_mean,2,Shooting048_x264,Shooting,2736,320,0.033469270914793015,0.26033300161361694,0.1536930650472641,0.017545592039823532,98.9362582781457,91.75589203377035,0.02521713450551033,0.08907365798950195,0.06763158738613129,0.019599327817559242,99.50745033112582,96.11329205413517,0.00038311269599944353,-0.03308615821879357,0.008621170185506344,-0.2517118314281106,0.001190396724268794,-0.1525026683229953,0.0002761876967269927,-0.01726940434309654,95.55877483443709,-3.3774834437086128,59.17178534824814,-32.58410668552221,0.0625133067369461,0.037296172231435776,0.1567813754081726,0.06770771741867065,0.13987703621387482,0.07224544882774353,0.05226645991206169,0.03266713209450245,98.5223509933775,-0.9850993377483235,93.89620535714288,-2.217086696992297
Shooting,delta_classifier_positive_mean,3,Shooting034_x264,Shooting,1408,90,0.4355591833591461,0.9770957231521606,0.9563177227973938,0.3999989926815033,93.90490642387455,37.08680825347492,0.9198688268661499,0.9973093867301941,0.9963746666908264,0.914644718170166,95.46956668352723,48.96296296296297,0.22317977249622345,-0.21237941086292267,0.9543334245681763,-0.022762298583984375,0.8685795068740845,-0.08773821592330933,0.17910847067832947,-0.22089052200317383,92.55606137244983,-1.3488450514247177,32.47619047619048,-4.610617777284439,0.518497884273529,-0.40137094259262085,0.9746875166893005,-0.022621870040893555,0.9553977251052856,-0.04097694158554077,0.48866403102874756,-0.42598068714141846,92.55606137244983,-2.913505311077401,32.47619047619048,-16.486772486772487
Shooting,delta_classifier_positive_mean,4,Shooting022_x264,Shooting,4544,450,0.2864677906036377,0.9394246339797974,0.8881983757019043,0.22032739222049713,92.79780708896487,40.87537853753729,0.2862392067909241,0.8200026750564575,0.7321662306785583,0.2372242957353592,90.3678011181675,42.08104369780561,0.14998367428779602,-0.13648411631584167,0.8827822208404541,-0.05664241313934326,0.8130683302879333,-0.07513004541397095,0.07709944248199463,-0.1432279497385025,99.98708136568419,7.189274276719317,99.86103502464614,58.985656487108855,0.34830227494239807,0.062063068151474,0.9536153078079224,0.13361263275146484,0.9146051406860352,0.1824389100074768,0.2860560119152069,0.04883171617984772,98.66004450958042,8.29224339141291,90.60540448468699,48.524360786881374
Shooting,delta_classifier_positive_mean,5,Shooting008_x264,Shooting,1616,240,0.302552729845047,0.9945724606513977,0.9911523461341858,0.18244817852973938,99.92732558139534,99.51370652427639,0.3087828755378723,0.9726930856704712,0.9644907712936401,0.19441519677639008,99.94670542635659,99.61805555555556,0.25560036301612854,-0.04695236682891846,0.9439805746078491,-0.050591886043548584,0.9370208978652954,-0.05413144826889038,0.13674794137477875,-0.04570023715496063,99.73352713178294,-0.19379844961240167,98.35592606433599,-1.1577804599403976,0.560986340045929,0.25220346450805664,0.9983752965927124,0.02568221092224121,0.9933475255966187,0.028856754302978516,0.4855744540691376,0.2911592572927475,94.54941860465115,-5.3972868217054355,57.38834404759328,-42.22971150796228
Shooting,delta_alignment_positive_mean,1,Shooting034_x264,Shooting,1408,90,0.4355591833591461,0.9770957231521606,0.9563177227973938,0.3999989926815033,93.90490642387455,37.08680825347492,0.9198688268661499,0.9973093867301941,0.9963746666908264,0.914644718170166,95.46956668352723,48.96296296296297,0.22317977249622345,-0.21237941086292267,0.9543334245681763,-0.022762298583984375,0.8685795068740845,-0.08773821592330933,0.17910847067832947,-0.22089052200317383,92.55606137244983,-1.3488450514247177,32.47619047619048,-4.610617777284439,0.518497884273529,-0.40137094259262085,0.9746875166893005,-0.022621870040893555,0.9553977251052856,-0.04097694158554077,0.48866403102874756,-0.42598068714141846,92.55606137244983,-2.913505311077401,32.47619047619048,-16.486772486772487
Shooting,delta_alignment_positive_mean,2,Shooting015_x264,Shooting,1712,857,0.8537434935569763,0.9997720122337341,0.9053929448127747,0.8019733428955078,56.06822384627457,49.63909448542789,0.9960247874259949,0.99979168176651,0.9983808398246765,0.9936631917953491,62.62775764771712,56.40667573488627,0.9724383354187012,0.11869484186172485,0.999757707118988,-1.430511474609375e-05,0.9774141311645508,0.07202118635177612,0.9674507975578308,0.165477454662323,61.0490149917774,4.9807911455028275,57.06387398032533,7.424779494897443,0.9754319190979004,-0.020592868328094482,0.9968996047973633,-0.0028920769691467285,0.9744958281517029,-0.023885011672973633,0.9763702154159546,-0.01729297637939453,44.968986059080024,-17.658771588637094,44.828816143315386,-11.577859591570885
Shooting,delta_alignment_positive_mean,3,Shooting032_x264,Shooting,21696,210,0.42490753531455994,0.9991525411605835,0.8228208422660828,0.42101842164993286,70.39653728008936,1.6291317020727973,0.45601069927215576,0.9994556307792664,0.7677744626998901,0.45296356081962585,63.94165857723523,1.3440027121270302,0.345453679561615,-0.07945385575294495,0.9981574416160583,-0.0009950995445251465,0.7799339890480042,-0.04288685321807861,0.3412071466445923,-0.07981127500534058,81.89212909402801,11.495591813938645,4.255174487475339,2.626042785402542,0.3944849669933319,-0.06152573227882385,0.9951627254486084,-0.004292905330657959,0.7449191212654114,-0.02285534143447876,0.391059935092926,-0.06190362572669983,75.63866615248911,11.697007575253878,2.3520474754142744,1.0080447632872442
Shooting,delta_alignment_positive_mean,4,Shooting002_x264,Shooting,1200,80,0.9941193461418152,0.9986022114753723,0.9984310269355774,0.9938113689422607,96.78571428571429,85.00986842105263,0.999533474445343,0.999927282333374,0.999664306640625,0.9995242357254028,11.785714285714286,4.443996901585737,0.9981286525726318,0.00400930643081665,0.9994931221008301,0.0008909106254577637,0.9990682601928711,0.0006372332572937012,0.99806147813797,0.0042501091957092285,78.57142857142857,-18.214285714285722,21.34012539184953,-63.669743029203104,0.9924471974372864,-0.007086277008056641,0.9983444809913635,-0.001582801342010498,0.9963588714599609,-0.0033054351806640625,0.9921678900718689,-0.0073563456535339355,88.64285714285714,76.85714285714285,25.845238095238095,21.401241193652357
Shooting,delta_alignment_positive_mean,5,Shooting019_x264,Shooting,2752,435,0.9825859665870667,0.9998725652694702,0.9967925548553467,0.9799187183380127,85.8156355572753,68.64836598944989,0.9975740909576416,0.9998441338539124,0.9993293285369873,0.9972445964813232,83.47253434137484,72.59746334012553,0.9918251633644104,0.00923919677734375,0.9999909400939941,0.00011837482452392578,0.999399721622467,0.0026071667671203613,0.9904031753540039,0.010484457015991211,83.80907733444457,-2.0065582228307335,64.962671163358,-3.68569482609189,0.99355149269104,-0.0040225982666015625,0.9987753629684448,-0.0010687708854675293,0.9971133470535278,-0.0022159814834594727,0.9928827285766602,-0.004361867904663086,68.66623011325584,-14.806304228119004,24.119986990556644,-48.47747634956889
Shoplifting,delta_classifier_auc,1,Shoplifting017_x264,Shoplifting,448,60,0.9147397875785828,0.9852215647697449,0.9819477200508118,0.9043468832969666,97.14776632302404,86.23611111111111,0.9795833230018616,0.9899181127548218,0.9851066470146179,0.9787291884422302,71.58075601374571,26.846153846153847,0.9674774408340454,0.052737653255462646,0.9808968305587769,-0.004324734210968018,0.9676711559295654,-0.014276564121246338,0.9674475193023682,0.06310063600540161,22.646048109965637,-74.50171821305841,10.602944559466298,-75.63316655164482,0.9892967939376831,0.009713470935821533,0.9972972869873047,0.00737917423248291,0.9841305017471313,-0.0009761452674865723,0.9900957345962524,0.011366546154022217,7.250859106529206,-64.32989690721651,9.138857921466617,-17.70729592468723
Shoplifting,delta_classifier_auc,2,Shoplifting037_x264,Shoplifting,1376,60,0.09621285647153854,0.40337324142456055,0.25721070170402527,0.0888725221157074,88.78419452887539,19.538961038961038,0.10849485546350479,0.4226663112640381,0.15018931031227112,0.10659391433000565,86.59574468085106,17.03907203907204,0.08494644612073898,-0.01126641035079956,0.2267870455980301,-0.17658619582653046,0.09579989314079285,-0.16141080856323242,0.08445160835981369,-0.004420913755893707,57.659574468085104,-31.124620060790285,6.19636485735557,-13.342596181605469,0.7376104593276978,0.629115603864193,0.9205374717712402,0.49787116050720215,0.8992324471473694,0.7490431368350983,0.7302416563034058,0.6236477419734001,91.78318135764944,5.187436676798384,25.0,7.960927960927961
Shoplifting,delta_classifier_auc,3,Shoplifting010_x264,Shoplifting,2736,590,0.03173794597387314,0.20464679598808289,0.021288270130753517,0.03461087867617607,40.23425529562291,17.364137826576943,0.02512356825172901,0.07951897382736206,0.020998597145080566,0.026257645338773727,43.466757230637995,18.594998599043986,0.002637288300320506,-0.029100657673552632,0.05685192346572876,-0.14779487252235413,0.0002747757826000452,-0.021013494348153472,0.0032868143171072006,-0.03132406435906887,14.601702813274994,-25.632552482347915,13.11407407099112,-4.250063755585824,0.11558287590742111,0.0904593076556921,0.5588988065719604,0.4793798327445984,0.07073558866977692,0.04973699152469635,0.1279127597808838,0.10165511444211006,15.28409180659327,-28.182665424044725,13.042991491249875,-5.552007107794111
Shoplifting,delta_classifier_auc,4,Shoplifting039_x264,Shoplifting,2800,150,0.00825576763600111,0.21473658084869385,0.00029435649048537016,0.008706414140760899,70.76981132075471,9.168850626642653,0.008829070255160332,0.04685467481613159,0.007994096726179123,0.008876333013176918,70.72955974842768,9.133600977510978,0.0015086111379787326,-0.0067471564980223775,0.2058376669883728,-0.008898913860321045,1.1810713829163433e-07,-0.0002942383833470785,0.0015939977020025253,-0.007112416438758373,50.79698113207547,-19.97283018867924,5.726746905095277,-3.442103721547376,0.014919297769665718,0.006090227514505386,0.7490786910057068,0.7022240161895752,0.003215649165213108,-0.004778447560966015,0.015581768937408924,0.006705435924232006,62.29283018867924,-8.436729559748436,7.3695718416247,-1.764029135886278
Shoplifting,delta_classifier_auc,5,Shoplifting049_x264,Shoplifting,2144,330,0.960145890712738,0.9964122176170349,0.9277225136756897,0.9660441875457764,16.81166683371755,9.440550969254765,0.9970570802688599,0.9988831281661987,0.9943914413452148,0.9975419044494629,3.3941398549998323,8.61009780742541,0.8261144757270813,-0.13403141498565674,0.9859061241149902,-0.010506093502044678,0.5776602029800415,-0.3500623106956482,0.8713128566741943,-0.09473133087158203,3.3834485984430853,-13.428218235274464,8.56787516293475,-0.8726758063200162,0.9788759350776672,-0.018181145191192627,0.9959846138954163,-0.0028985142707824707,0.9538419842720032,-0.04054945707321167,0.9834301471710205,-0.014111757278442383,4.361698573385453,0.9675587183856211,8.69613565956026,0.08603785213485082
Shoplifting,delta_alignment_auc,1,Shoplifting017_x264,Shoplifting,448,60,0.9147397875785828,0.9852215647697449,0.9819477200508118,0.9043468832969666,97.14776632302404,86.23611111111111,0.9795833230018616,0.9899181127548218,0.9851066470146179,0.9787291884422302,71.58075601374571,26.846153846153847,0.9674774408340454,0.052737653255462646,0.9808968305587769,-0.004324734210968018,0.9676711559295654,-0.014276564121246338,0.9674475193023682,0.06310063600540161,22.646048109965637,-74.50171821305841,10.602944559466298,-75.63316655164482,0.9892967939376831,0.009713470935821533,0.9972972869873047,0.00737917423248291,0.9841305017471313,-0.0009761452674865723,0.9900957345962524,0.011366546154022217,7.250859106529206,-64.32989690721651,9.138857921466617,-17.70729592468723
Shoplifting,delta_alignment_auc,2,Shoplifting027_x264,Shoplifting,1872,320,7.86676537245512e-05,0.0022599687799811363,7.315556285902858e-05,7.98041801317595e-05,73.96907216494846,26.642091007822817,0.005712881684303284,0.017051637172698975,0.005616579204797745,0.005732737947255373,57.4548969072165,19.720383878113505,1.9629389953479404e-06,-7.670471472920326e-05,0.00010721227590693161,-0.0021527565040742047,1.4662945204690914e-06,-7.168926833855949e-05,2.065339913315256e-06,-7.773884021844424e-05,75.9020618556701,1.9329896907216408,28.525311747144777,1.8832207393219598,0.002703973790630698,-0.0030089078936725855,0.011456072330474854,-0.005595564842224121,0.0018427014583721757,-0.003773877746425569,0.0028815558180212975,-0.0028511821292340755,16.86211340206186,-40.59278350515464,10.760603931456615,-8.95977994665689
Shoplifting,delta_alignment_auc,3,Shoplifting010_x264,Shoplifting,2736,590,0.03173794597387314,0.20464679598808289,0.021288270130753517,0.03461087867617607,40.23425529562291,17.364137826576943,0.02512356825172901,0.07951897382736206,0.020998597145080566,0.026257645338773727,43.466757230637995,18.594998599043986,0.002637288300320506,-0.029100657673552632,0.05685192346572876,-0.14779487252235413,0.0002747757826000452,-0.021013494348153472,0.0032868143171072006,-0.03132406435906887,14.601702813274994,-25.632552482347915,13.11407407099112,-4.250063755585824,0.11558287590742111,0.0904593076556921,0.5588988065719604,0.4793798327445984,0.07073558866977692,0.04973699152469635,0.1279127597808838,0.10165511444211006,15.28409180659327,-28.182665424044725,13.042991491249875,-5.552007107794111
Shoplifting,delta_alignment_auc,4,Shoplifting034_x264,Shoplifting,11936,120,0.8247857093811035,0.9955762624740601,0.9696729183197021,0.8233143091201782,70.16249153689913,1.8592260292344738,0.9837526082992554,0.9979693293571472,0.995245099067688,0.9836359620094299,81.36989392913563,2.8977823853403026,0.6263437867164612,-0.19844192266464233,0.9992508292198181,0.0036745667457580566,0.9856128692626953,0.015939950942993164,0.6226952075958252,-0.20061910152435303,79.90972692394493,9.747235387045805,2.675920455486612,0.8166944262521383,0.887409508228302,-0.09634310007095337,0.9972133636474609,-0.0007559657096862793,0.9881274104118347,-0.0071176886558532715,0.8863866925239563,-0.09724926948547363,71.9927781539156,-9.377115775220034,1.966324585257978,-0.9314578000823246
Shoplifting,delta_alignment_auc,5,Shoplifting007_x264,Shoplifting,5120,500,0.8175856471061707,0.9984691739082336,0.9585680365562439,0.8023278117179871,56.78787878787879,10.680395345482527,0.986862301826477,0.9978458285331726,0.9944190382957458,0.9860443472862244,72.25316017316018,15.18431255378682,0.7538408041000366,-0.06374484300613403,0.9966071844100952,-0.0018619894981384277,0.9083685874938965,-0.05019944906234741,0.7371171116828918,-0.06521070003509521,58.126060606060605,1.3381818181818161,10.76275639392103,0.08236104843850356,0.9737025499343872,-0.013159751892089844,0.9926812052726746,-0.005164623260498047,0.9797661900520325,-0.014652848243713379,0.9730462431907654,-0.012998104095458984,63.76277056277056,-8.49038961038962,15.626383314376865,0.44207076059004535
Shoplifting,delta_classifier_positive_mean,1,Shoplifting015_x264,Shoplifting,2256,150,0.38923993706703186,0.7292248010635376,0.3935851454734802,0.38893043994903564,50.94207027540361,6.971339858897885,0.4481220841407776,0.7914173603057861,0.3613814413547516,0.4543001651763916,33.86324786324786,5.298227987710118,0.08838187158107758,-0.3008580654859543,0.6090579628944397,-0.1201668381690979,0.01413780078291893,-0.3794473446905613,0.09366989135742188,-0.29526054859161377,42.362139917695465,-8.579930357708143,6.130741879611504,-0.8405979792863807,0.45746925473213196,0.00934717059135437,0.9458552002906799,0.1544378399848938,0.3595946729183197,-0.0017867684364318848,0.46444034576416016,0.010140180587768555,42.12915479582146,8.2659069325736,6.1367911075187065,0.8385631198085886
Shoplifting,delta_classifier_positive_mean,2,Shoplifting016_x264,Shoplifting,1472,90,0.6580471992492676,0.9368927478790283,0.7727301716804504,0.6505787372589111,66.19552982794661,9.548695525779708,0.9567623734474182,0.9797725081443787,0.9736714959144592,0.9556612968444824,73.83662968322882,11.928780284043441,0.33187785744667053,-0.32616934180259705,0.9917194843292236,0.05482673645019531,0.42086589336395264,-0.3518642783164978,0.32608267664909363,-0.3244960606098175,67.50763788390417,1.3121080559575518,10.154116800594913,0.605421274815205,0.864057719707489,-0.0927046537399292,0.9941038489341736,0.014331340789794922,0.8873441815376282,-0.08632731437683105,0.8625412583351135,-0.0931200385093689,66.29844026370799,-7.538189419520833,9.672950763214455,-2.2558295208289856
Shoplifting,delta_classifier_positive_mean,3,Shoplifting049_x264,Shoplifting,2144,330,0.960145890712738,0.9964122176170349,0.9277225136756897,0.9660441875457764,16.81166683371755,9.440550969254765,0.9970570802688599,0.9988831281661987,0.9943914413452148,0.9975419044494629,3.3941398549998323,8.61009780742541,0.8261144757270813,-0.13403141498565674,0.9859061241149902,-0.010506093502044678,0.5776602029800415,-0.3500623106956482,0.8713128566741943,-0.09473133087158203,3.3834485984430853,-13.428218235274464,8.56787516293475,-0.8726758063200162,0.9788759350776672,-0.018181145191192627,0.9959846138954163,-0.0028985142707824707,0.9538419842720032,-0.04054945707321167,0.9834301471710205,-0.014111757278442383,4.361698573385453,0.9675587183856211,8.69613565956026,0.08603785213485082
Shoplifting,delta_classifier_positive_mean,4,Shoplifting005_x264,Shoplifting,1952,210,0.4413074851036072,0.890461266040802,0.3374907672405243,0.45382267236709595,35.623530698157566,8.505354025058294,0.6531397104263306,0.8470761775970459,0.5944858193397522,0.6602104902267456,35.45732874091084,8.635724971474627,0.08526074886322021,-0.35604673624038696,0.35097017884254456,-0.5394910871982574,0.10023444145917892,-0.23725632578134537,0.0834556594491005,-0.37036701291799545,64.88382264501669,29.260291946859127,15.284148260090186,6.778794235031892,0.24019500613212585,-0.4129447042942047,0.5513875484466553,-0.2956886291503906,0.2526651620864868,-0.3418206572532654,0.23869171738624573,-0.4215187728404999,61.813460171669135,26.356131430758296,14.16087486616856,5.525149894693934
Shoplifting,delta_classifier_positive_mean,5,Shoplifting022_x264,Shoplifting,2176,270,0.17045094072818756,0.5252758264541626,0.28090700507164,0.15480394661426544,83.1522288290389,40.566476684125945,0.053487543016672134,0.2989630103111267,0.0786178782582283,0.04992762953042984,91.52189965411371,49.699701054735954,0.03978698328137398,-0.13066395744681358,0.46315327286720276,-0.06212255358695984,0.08388243615627289,-0.19702456891536713,0.0335405133664608,-0.12126343324780464,95.47666239166763,12.324433562628727,64.97979421441156,24.41331753028561,0.10868343710899353,0.055195894092321396,0.7860943078994751,0.4871312975883484,0.1619514524936676,0.0833335742354393,0.10113760083913803,0.05120997130870819,92.2680813027088,0.7461816485950834,49.873839180054944,0.17413812531898998
Shoplifting,delta_alignment_positive_mean,1,Shoplifting005_x264,Shoplifting,1952,210,0.4413074851036072,0.890461266040802,0.3374907672405243,0.45382267236709595,35.623530698157566,8.505354025058294,0.6531397104263306,0.8470761775970459,0.5944858193397522,0.6602104902267456,35.45732874091084,8.635724971474627,0.08526074886322021,-0.35604673624038696,0.35097017884254456,-0.5394910871982574,0.10023444145917892,-0.23725632578134537,0.0834556594491005,-0.37036701291799545,64.88382264501669,29.260291946859127,15.284148260090186,6.778794235031892,0.24019500613212585,-0.4129447042942047,0.5513875484466553,-0.2956886291503906,0.2526651620864868,-0.3418206572532654,0.23869171738624573,-0.4215187728404999,61.813460171669135,26.356131430758296,14.16087486616856,5.525149894693934
Shoplifting,delta_alignment_positive_mean,2,Shoplifting016_x264,Shoplifting,1472,90,0.6580471992492676,0.9368927478790283,0.7727301716804504,0.6505787372589111,66.19552982794661,9.548695525779708,0.9567623734474182,0.9797725081443787,0.9736714959144592,0.9556612968444824,73.83662968322882,11.928780284043441,0.33187785744667053,-0.32616934180259705,0.9917194843292236,0.05482673645019531,0.42086589336395264,-0.3518642783164978,0.32608267664909363,-0.3244960606098175,67.50763788390417,1.3121080559575518,10.154116800594913,0.605421274815205,0.864057719707489,-0.0927046537399292,0.9941038489341736,0.014331340789794922,0.8873441815376282,-0.08632731437683105,0.8625412583351135,-0.0931200385093689,66.29844026370799,-7.538189419520833,9.672950763214455,-2.2558295208289856
Shoplifting,delta_alignment_positive_mean,3,Shoplifting049_x264,Shoplifting,2144,330,0.960145890712738,0.9964122176170349,0.9277225136756897,0.9660441875457764,16.81166683371755,9.440550969254765,0.9970570802688599,0.9988831281661987,0.9943914413452148,0.9975419044494629,3.3941398549998323,8.61009780742541,0.8261144757270813,-0.13403141498565674,0.9859061241149902,-0.010506093502044678,0.5776602029800415,-0.3500623106956482,0.8713128566741943,-0.09473133087158203,3.3834485984430853,-13.428218235274464,8.56787516293475,-0.8726758063200162,0.9788759350776672,-0.018181145191192627,0.9959846138954163,-0.0028985142707824707,0.9538419842720032,-0.04054945707321167,0.9834301471710205,-0.014111757278442383,4.361698573385453,0.9675587183856211,8.69613565956026,0.08603785213485082
Shoplifting,delta_alignment_positive_mean,4,Shoplifting007_x264,Shoplifting,5120,500,0.8175856471061707,0.9984691739082336,0.9585680365562439,0.8023278117179871,56.78787878787879,10.680395345482527,0.986862301826477,0.9978458285331726,0.9944190382957458,0.9860443472862244,72.25316017316018,15.18431255378682,0.7538408041000366,-0.06374484300613403,0.9966071844100952,-0.0018619894981384277,0.9083685874938965,-0.05019944906234741,0.7371171116828918,-0.06521070003509521,58.126060606060605,1.3381818181818161,10.76275639392103,0.08236104843850356,0.9737025499343872,-0.013159751892089844,0.9926812052726746,-0.005164623260498047,0.9797661900520325,-0.014652848243713379,0.9730462431907654,-0.012998104095458984,63.76277056277056,-8.49038961038962,15.626383314376865,0.44207076059004535
Shoplifting,delta_alignment_positive_mean,5,Shoplifting034_x264,Shoplifting,11936,120,0.8247857093811035,0.9955762624740601,0.9696729183197021,0.8233143091201782,70.16249153689913,1.8592260292344738,0.9837526082992554,0.9979693293571472,0.995245099067688,0.9836359620094299,81.36989392913563,2.8977823853403026,0.6263437867164612,-0.19844192266464233,0.9992508292198181,0.0036745667457580566,0.9856128692626953,0.015939950942993164,0.6226952075958252,-0.20061910152435303,79.90972692394493,9.747235387045805,2.675920455486612,0.8166944262521383,0.887409508228302,-0.09634310007095337,0.9972133636474609,-0.0007559657096862793,0.9881274104118347,-0.0071176886558532715,0.8863866925239563,-0.09724926948547363,71.9927781539156,-9.377115775220034,1.966324585257978,-0.9314578000823246
Stealing,delta_classifier_auc,1,Stealing062_x264,Stealing,1552,690,0.9768028855323792,0.9971867203712463,0.995166540145874,0.9621034860610962,99.94922492350112,99.92613189529267,0.99637770652771,0.9994243383407593,0.9963402152061462,0.9964078664779663,19.887353307105148,31.37931310218749,0.8738927841186523,-0.1029101014137268,0.9760620594024658,-0.021124660968780518,0.9229937195777893,-0.07217282056808472,0.8345893621444702,-0.12751412391662598,72.23612091865901,-27.71310400484211,56.363383819205495,-43.562748076087175,0.974999189376831,-0.021378517150878906,0.9914876222610474,-0.007936716079711914,0.986405074596405,-0.009935140609741211,0.9658691883087158,-0.03053867816925049,89.63011533676317,69.74276202965802,75.1289070914644,43.74959398927691
Stealing,delta_classifier_auc,2,Stealing019_x264,Stealing,4896,240,0.7818924188613892,0.9881167411804199,0.9599151611328125,0.7727159857749939,80.2548682703322,15.627935996765085,0.9398738741874695,0.996086835861206,0.9886444211006165,0.9373598694801331,52.59163802978236,14.788176165773073,0.4668968915939331,-0.31499552726745605,0.9641356468200684,-0.023981094360351562,0.6974669694900513,-0.26244819164276123,0.45501184463500977,-0.31770414113998413,71.52348224513172,-8.731386025200479,8.456162695680746,-7.17177330108434,0.7644187211990356,-0.17545515298843384,0.9977477788925171,0.0016609430313110352,0.9840701818466187,-0.004574239253997803,0.7530964612960815,-0.1842634081840515,94.22107674684995,41.629438717067586,29.843556251201125,15.055380085428052
Stealing,delta_classifier_auc,3,Stealing058_x264,Stealing,4976,3090,0.9445491433143616,0.9999969005584717,0.9999619722366333,0.8537614941596985,98.8477523019215,99.2969326993603,0.9789743423461914,0.9996278285980225,0.9993952512741089,0.9455171823501587,98.29975256274301,98.95576548727017,0.9406207203865051,-0.003928422927856445,0.9999985694885254,1.6689300537109375e-06,0.9999644160270691,2.4437904357910156e-06,0.8433927297592163,-0.010368764400482178,95.27834117513822,-3.5694111267832795,96.91180397739888,-2.385128721961422,0.9745046496391296,-0.004469692707061768,0.9994163513183594,-0.00021147727966308594,0.998382568359375,-0.0010126829147338867,0.9353834390640259,-0.010133743286132812,59.46974298784777,-38.830009574895236,60.751377750460264,-38.204387736809906
Stealing,delta_classifier_auc,4,Stealing036_x264,Stealing,2496,330,0.48478513956069946,0.9306153655052185,0.8370294570922852,0.43111908435821533,96.26654355186211,64.04410792253287,0.7403317093849182,0.8860145211219788,0.866243302822113,0.7211484909057617,98.49156383782423,81.6850798007631,0.19724994897842407,-0.2875351905822754,0.6803267002105713,-0.2502886652946472,0.5470464825630188,-0.28998297452926636,0.14395682513713837,-0.28716225922107697,96.54858837684321,0.2820448249810994,84.23414299326227,20.190035070729394,0.8270989656448364,0.08676725625991821,0.970937967300415,0.08492344617843628,0.9653843641281128,0.09914106130599976,0.8060305118560791,0.08488202095031738,98.09311956126359,-0.39844427656063885,91.12708849887643,9.442008698113327
Stealing,delta_classifier_auc,5,Stealing079_x264,Stealing,5840,1650,0.8969659805297852,0.9994423985481262,0.9903517365455627,0.8601910471916199,80.53550300137414,52.99064017985469,0.9892528057098389,0.9973735213279724,0.9949586391448975,0.9870060086250305,88.1898604180227,82.18056016275732,0.7887895703315735,-0.10817641019821167,0.9999895095825195,0.0005471110343933105,0.9937193989753723,0.0033676624298095703,0.7080894112586975,-0.15210163593292236,82.3452954364649,1.8097924350907562,59.98610590034008,6.995465720485392,0.9962162971496582,0.006963491439819336,0.9997406005859375,0.002367079257965088,0.9993610978126526,0.004402458667755127,0.9949780702590942,0.00797206163406372,95.10502639762782,6.915165979605121,91.79154024940223,9.610980086644915
Stealing,delta_alignment_auc,1,Stealing058_x264,Stealing,4976,3090,0.9445491433143616,0.9999969005584717,0.9999619722366333,0.8537614941596985,98.8477523019215,99.2969326993603,0.9789743423461914,0.9996278285980225,0.9993952512741089,0.9455171823501587,98.29975256274301,98.95576548727017,0.9406207203865051,-0.003928422927856445,0.9999985694885254,1.6689300537109375e-06,0.9999644160270691,2.4437904357910156e-06,0.8433927297592163,-0.010368764400482178,95.27834117513822,-3.5694111267832795,96.91180397739888,-2.385128721961422,0.9745046496391296,-0.004469692707061768,0.9994163513183594,-0.00021147727966308594,0.998382568359375,-0.0010126829147338867,0.9353834390640259,-0.010133743286132812,59.46974298784777,-38.830009574895236,60.751377750460264,-38.204387736809906
Stealing,delta_alignment_auc,2,Stealing036_x264,Stealing,2496,330,0.48478513956069946,0.9306153655052185,0.8370294570922852,0.43111908435821533,96.26654355186211,64.04410792253287,0.7403317093849182,0.8860145211219788,0.866243302822113,0.7211484909057617,98.49156383782423,81.6850798007631,0.19724994897842407,-0.2875351905822754,0.6803267002105713,-0.2502886652946472,0.5470464825630188,-0.28998297452926636,0.14395682513713837,-0.28716225922107697,96.54858837684321,0.2820448249810994,84.23414299326227,20.190035070729394,0.8270989656448364,0.08676725625991821,0.970937967300415,0.08492344617843628,0.9653843641281128,0.09914106130599976,0.8060305118560791,0.08488202095031738,98.09311956126359,-0.39844427656063885,91.12708849887643,9.442008698113327
Stealing,delta_alignment_auc,3,Stealing079_x264,Stealing,5840,1650,0.8969659805297852,0.9994423985481262,0.9903517365455627,0.8601910471916199,80.53550300137414,52.99064017985469,0.9892528057098389,0.9973735213279724,0.9949586391448975,0.9870060086250305,88.1898604180227,82.18056016275732,0.7887895703315735,-0.10817641019821167,0.9999895095825195,0.0005471110343933105,0.9937193989753723,0.0033676624298095703,0.7080894112586975,-0.15210163593292236,82.3452954364649,1.8097924350907562,59.98610590034008,6.995465720485392,0.9962162971496582,0.006963491439819336,0.9997406005859375,0.002367079257965088,0.9993610978126526,0.004402458667755127,0.9949780702590942,0.00797206163406372,95.10502639762782,6.915165979605121,91.79154024940223,9.610980086644915
Stealing,delta_alignment_auc,4,Stealing019_x264,Stealing,4896,240,0.7818924188613892,0.9881167411804199,0.9599151611328125,0.7727159857749939,80.2548682703322,15.627935996765085,0.9398738741874695,0.996086835861206,0.9886444211006165,0.9373598694801331,52.59163802978236,14.788176165773073,0.4668968915939331,-0.31499552726745605,0.9641356468200684,-0.023981094360351562,0.6974669694900513,-0.26244819164276123,0.45501184463500977,-0.31770414113998413,71.52348224513172,-8.731386025200479,8.456162695680746,-7.17177330108434,0.7644187211990356,-0.17545515298843384,0.9977477788925171,0.0016609430313110352,0.9840701818466187,-0.004574239253997803,0.7530964612960815,-0.1842634081840515,94.22107674684995,41.629438717067586,29.843556251201125,15.055380085428052
Stealing,delta_alignment_auc,5,Stealing062_x264,Stealing,1552,690,0.9768028855323792,0.9971867203712463,0.995166540145874,0.9621034860610962,99.94922492350112,99.92613189529267,0.99637770652771,0.9994243383407593,0.9963402152061462,0.9964078664779663,19.887353307105148,31.37931310218749,0.8738927841186523,-0.1029101014137268,0.9760620594024658,-0.021124660968780518,0.9229937195777893,-0.07217282056808472,0.8345893621444702,-0.12751412391662598,72.23612091865901,-27.71310400484211,56.363383819205495,-43.562748076087175,0.974999189376831,-0.021378517150878906,0.9914876222610474,-0.007936716079711914,0.986405074596405,-0.009935140609741211,0.9658691883087158,-0.03053867816925049,89.63011533676317,69.74276202965802,75.1289070914644,43.74959398927691
Stealing,delta_classifier_positive_mean,1,Stealing036_x264,Stealing,2496,330,0.48478513956069946,0.9306153655052185,0.8370294570922852,0.43111908435821533,96.26654355186211,64.04410792253287,0.7403317093849182,0.8860145211219788,0.866243302822113,0.7211484909057617,98.49156383782423,81.6850798007631,0.19724994897842407,-0.2875351905822754,0.6803267002105713,-0.2502886652946472,0.5470464825630188,-0.28998297452926636,0.14395682513713837,-0.28716225922107697,96.54858837684321,0.2820448249810994,84.23414299326227,20.190035070729394,0.8270989656448364,0.08676725625991821,0.970937967300415,0.08492344617843628,0.9653843641281128,0.09914106130599976,0.8060305118560791,0.08488202095031738,98.09311956126359,-0.39844427656063885,91.12708849887643,9.442008698113327
Stealing,delta_classifier_positive_mean,2,Stealing019_x264,Stealing,4896,240,0.7818924188613892,0.9881167411804199,0.9599151611328125,0.7727159857749939,80.2548682703322,15.627935996765085,0.9398738741874695,0.996086835861206,0.9886444211006165,0.9373598694801331,52.59163802978236,14.788176165773073,0.4668968915939331,-0.31499552726745605,0.9641356468200684,-0.023981094360351562,0.6974669694900513,-0.26244819164276123,0.45501184463500977,-0.31770414113998413,71.52348224513172,-8.731386025200479,8.456162695680746,-7.17177330108434,0.7644187211990356,-0.17545515298843384,0.9977477788925171,0.0016609430313110352,0.9840701818466187,-0.004574239253997803,0.7530964612960815,-0.1842634081840515,94.22107674684995,41.629438717067586,29.843556251201125,15.055380085428052
Stealing,delta_classifier_positive_mean,3,Stealing062_x264,Stealing,1552,690,0.9768028855323792,0.9971867203712463,0.995166540145874,0.9621034860610962,99.94922492350112,99.92613189529267,0.99637770652771,0.9994243383407593,0.9963402152061462,0.9964078664779663,19.887353307105148,31.37931310218749,0.8738927841186523,-0.1029101014137268,0.9760620594024658,-0.021124660968780518,0.9229937195777893,-0.07217282056808472,0.8345893621444702,-0.12751412391662598,72.23612091865901,-27.71310400484211,56.363383819205495,-43.562748076087175,0.974999189376831,-0.021378517150878906,0.9914876222610474,-0.007936716079711914,0.986405074596405,-0.009935140609741211,0.9658691883087158,-0.03053867816925049,89.63011533676317,69.74276202965802,75.1289070914644,43.74959398927691
Stealing,delta_classifier_positive_mean,4,Stealing058_x264,Stealing,4976,3090,0.9445491433143616,0.9999969005584717,0.9999619722366333,0.8537614941596985,98.8477523019215,99.2969326993603,0.9789743423461914,0.9996278285980225,0.9993952512741089,0.9455171823501587,98.29975256274301,98.95576548727017,0.9406207203865051,-0.003928422927856445,0.9999985694885254,1.6689300537109375e-06,0.9999644160270691,2.4437904357910156e-06,0.8433927297592163,-0.010368764400482178,95.27834117513822,-3.5694111267832795,96.91180397739888,-2.385128721961422,0.9745046496391296,-0.004469692707061768,0.9994163513183594,-0.00021147727966308594,0.998382568359375,-0.0010126829147338867,0.9353834390640259,-0.010133743286132812,59.46974298784777,-38.830009574895236,60.751377750460264,-38.204387736809906
Stealing,delta_classifier_positive_mean,5,Stealing079_x264,Stealing,5840,1650,0.8969659805297852,0.9994423985481262,0.9903517365455627,0.8601910471916199,80.53550300137414,52.99064017985469,0.9892528057098389,0.9973735213279724,0.9949586391448975,0.9870060086250305,88.1898604180227,82.18056016275732,0.7887895703315735,-0.10817641019821167,0.9999895095825195,0.0005471110343933105,0.9937193989753723,0.0033676624298095703,0.7080894112586975,-0.15210163593292236,82.3452954364649,1.8097924350907562,59.98610590034008,6.995465720485392,0.9962162971496582,0.006963491439819336,0.9997406005859375,0.002367079257965088,0.9993610978126526,0.004402458667755127,0.9949780702590942,0.00797206163406372,95.10502639762782,6.915165979605121,91.79154024940223,9.610980086644915
Stealing,delta_alignment_positive_mean,1,Stealing062_x264,Stealing,1552,690,0.9768028855323792,0.9971867203712463,0.995166540145874,0.9621034860610962,99.94922492350112,99.92613189529267,0.99637770652771,0.9994243383407593,0.9963402152061462,0.9964078664779663,19.887353307105148,31.37931310218749,0.8738927841186523,-0.1029101014137268,0.9760620594024658,-0.021124660968780518,0.9229937195777893,-0.07217282056808472,0.8345893621444702,-0.12751412391662598,72.23612091865901,-27.71310400484211,56.363383819205495,-43.562748076087175,0.974999189376831,-0.021378517150878906,0.9914876222610474,-0.007936716079711914,0.986405074596405,-0.009935140609741211,0.9658691883087158,-0.03053867816925049,89.63011533676317,69.74276202965802,75.1289070914644,43.74959398927691
Stealing,delta_alignment_positive_mean,2,Stealing019_x264,Stealing,4896,240,0.7818924188613892,0.9881167411804199,0.9599151611328125,0.7727159857749939,80.2548682703322,15.627935996765085,0.9398738741874695,0.996086835861206,0.9886444211006165,0.9373598694801331,52.59163802978236,14.788176165773073,0.4668968915939331,-0.31499552726745605,0.9641356468200684,-0.023981094360351562,0.6974669694900513,-0.26244819164276123,0.45501184463500977,-0.31770414113998413,71.52348224513172,-8.731386025200479,8.456162695680746,-7.17177330108434,0.7644187211990356,-0.17545515298843384,0.9977477788925171,0.0016609430313110352,0.9840701818466187,-0.004574239253997803,0.7530964612960815,-0.1842634081840515,94.22107674684995,41.629438717067586,29.843556251201125,15.055380085428052
Stealing,delta_alignment_positive_mean,3,Stealing058_x264,Stealing,4976,3090,0.9445491433143616,0.9999969005584717,0.9999619722366333,0.8537614941596985,98.8477523019215,99.2969326993603,0.9789743423461914,0.9996278285980225,0.9993952512741089,0.9455171823501587,98.29975256274301,98.95576548727017,0.9406207203865051,-0.003928422927856445,0.9999985694885254,1.6689300537109375e-06,0.9999644160270691,2.4437904357910156e-06,0.8433927297592163,-0.010368764400482178,95.27834117513822,-3.5694111267832795,96.91180397739888,-2.385128721961422,0.9745046496391296,-0.004469692707061768,0.9994163513183594,-0.00021147727966308594,0.998382568359375,-0.0010126829147338867,0.9353834390640259,-0.010133743286132812,59.46974298784777,-38.830009574895236,60.751377750460264,-38.204387736809906
Stealing,delta_alignment_positive_mean,4,Stealing079_x264,Stealing,5840,1650,0.8969659805297852,0.9994423985481262,0.9903517365455627,0.8601910471916199,80.53550300137414,52.99064017985469,0.9892528057098389,0.9973735213279724,0.9949586391448975,0.9870060086250305,88.1898604180227,82.18056016275732,0.7887895703315735,-0.10817641019821167,0.9999895095825195,0.0005471110343933105,0.9937193989753723,0.0033676624298095703,0.7080894112586975,-0.15210163593292236,82.3452954364649,1.8097924350907562,59.98610590034008,6.995465720485392,0.9962162971496582,0.006963491439819336,0.9997406005859375,0.002367079257965088,0.9993610978126526,0.004402458667755127,0.9949780702590942,0.00797206163406372,95.10502639762782,6.915165979605121,91.79154024940223,9.610980086644915
Stealing,delta_alignment_positive_mean,5,Stealing036_x264,Stealing,2496,330,0.48478513956069946,0.9306153655052185,0.8370294570922852,0.43111908435821533,96.26654355186211,64.04410792253287,0.7403317093849182,0.8860145211219788,0.866243302822113,0.7211484909057617,98.49156383782423,81.6850798007631,0.19724994897842407,-0.2875351905822754,0.6803267002105713,-0.2502886652946472,0.5470464825630188,-0.28998297452926636,0.14395682513713837,-0.28716225922107697,96.54858837684321,0.2820448249810994,84.23414299326227,20.190035070729394,0.8270989656448364,0.08676725625991821,0.970937967300415,0.08492344617843628,0.9653843641281128,0.09914106130599976,0.8060305118560791,0.08488202095031738,98.09311956126359,-0.39844427656063885,91.12708849887643,9.442008698113327
Vandalism,delta_classifier_auc,1,Vandalism028_x264,Vandalism,4480,420,0.8682906031608582,0.9913813471794128,0.9556661248207092,0.8592516779899597,87.81749941355852,55.70923985579302,0.9788314700126648,0.9938700199127197,0.9876819252967834,0.9779158234596252,64.38986629134413,38.21983698069512,0.24359489977359772,-0.6246957033872604,0.843963086605072,-0.14741826057434082,0.4380577504634857,-0.5176083743572235,0.2234780639410019,-0.6357736140489578,73.93619516772226,-13.881304245836262,33.82763740953026,-21.88160244626276,0.3490612804889679,-0.6297701895236969,0.8079463243484497,-0.18592369556427002,0.4359402656555176,-0.5517416596412659,0.340073823928833,-0.6378419995307922,77.0645085620455,12.67464227070137,18.43994108713915,-19.77989589355597
Vandalism,delta_classifier_auc,2,Vandalism036_x264,Vandalism,1440,330,0.9980108737945557,0.9998557567596436,0.999666154384613,0.99751877784729,82.5984165984166,57.258205950105335,0.995774507522583,0.9982473850250244,0.9971073865890503,0.9953780174255371,84.86104286104286,68.83652951411278,0.9940248131752014,-0.003986060619354248,0.9998586177825928,2.86102294921875e-06,0.9977146983146667,-0.001951456069946289,0.9929278492927551,-0.004590928554534912,68.84793884793885,-13.750477750477756,51.705990649096776,-5.552215301008559,0.998386561870575,0.0026120543479919434,0.9995705485343933,0.0013231635093688965,0.9994092583656311,0.0023018717765808105,0.9980825185775757,0.0027045011520385742,89.73573573573572,4.874692874692855,75.82477129403988,6.988241779927094
Vandalism,delta_classifier_auc,3,Vandalism015_x264,Vandalism,2976,690,0.9840109348297119,0.9993346333503723,0.9983965158462524,0.9796688556671143,99.28702752735619,97.9011774720896,0.9960429072380066,0.9982289671897888,0.9973437190055847,0.9956501126289368,94.01435327830397,68.72910316963315,0.9424160122871399,-0.04159492254257202,0.9990805387496948,-0.00025409460067749023,0.995468020439148,-0.002928495407104492,0.9264030456542969,-0.05326581001281738,95.05915021491879,-4.2278773124374,89.36546594514348,-8.535711526946116,0.9893578886985779,-0.006685018539428711,0.9983945488929749,0.00016558170318603516,0.9952906370162964,-0.00205308198928833,0.9875671863555908,-0.008082926273345947,83.28844763969721,-10.725905638606761,62.64274024911348,-6.086362920519669
Vandalism,delta_classifier_auc,4,Vandalism017_x264,Vandalism,1008,120,0.9990658164024353,0.9999685287475586,0.9999582767486572,0.9989452362060547,85.64564564564564,50.3084505541347,0.998262345790863,0.998886227607727,0.9987480044364929,0.9981967210769653,94.83483483483484,73.72751322751321,0.9953800439834595,-0.00368577241897583,0.9999687671661377,2.384185791015625e-07,0.9999544620513916,-3.814697265625e-06,0.9947618842124939,-0.004183351993560791,94.2042042042042,8.558558558558559,71.4306396218161,21.122189067681397,0.9997751712799072,0.0015128254890441895,0.9999344944953918,0.001048266887664795,0.9998964667320251,0.0011484622955322266,0.9997587203979492,0.0015619993209838867,77.35735735735736,-17.47747747747748,23.115162925802508,-50.612350301710705
Vandalism,delta_classifier_auc,5,Vandalism007_x264,Vandalism,1136,510,0.9358597993850708,0.9959834814071655,0.9418294429779053,0.9309963583946228,63.71170832550273,68.24150890661662,0.9924126267433167,0.9968969225883484,0.9946610331535339,0.9905809164047241,60.754870638351186,46.961837222905054,0.9726632237434387,0.03680342435836792,0.9995637536048889,0.0035802721977233887,0.9818816184997559,0.040052175521850586,0.9651530385017395,0.0341566801071167,72.82277767336967,9.111069347866945,75.83958775355535,7.5980788469387335,0.9891204833984375,-0.0032921433448791504,0.9981216788291931,0.0012247562408447266,0.9945651292800903,-9.590387344360352e-05,0.9846846461296082,-0.005896270275115967,62.288416964229775,1.5335463258785893,48.34475922581392,1.3829220029088631
Vandalism,delta_alignment_auc,1,Vandalism017_x264,Vandalism,1008,120,0.9990658164024353,0.9999685287475586,0.9999582767486572,0.9989452362060547,85.64564564564564,50.3084505541347,0.998262345790863,0.998886227607727,0.9987480044364929,0.9981967210769653,94.83483483483484,73.72751322751321,0.9953800439834595,-0.00368577241897583,0.9999687671661377,2.384185791015625e-07,0.9999544620513916,-3.814697265625e-06,0.9947618842124939,-0.004183351993560791,94.2042042042042,8.558558558558559,71.4306396218161,21.122189067681397,0.9997751712799072,0.0015128254890441895,0.9999344944953918,0.001048266887664795,0.9998964667320251,0.0011484622955322266,0.9997587203979492,0.0015619993209838867,77.35735735735736,-17.47747747747748,23.115162925802508,-50.612350301710705
Vandalism,delta_alignment_auc,2,Vandalism015_x264,Vandalism,2976,690,0.9840109348297119,0.9993346333503723,0.9983965158462524,0.9796688556671143,99.28702752735619,97.9011774720896,0.9960429072380066,0.9982289671897888,0.9973437190055847,0.9956501126289368,94.01435327830397,68.72910316963315,0.9424160122871399,-0.04159492254257202,0.9990805387496948,-0.00025409460067749023,0.995468020439148,-0.002928495407104492,0.9264030456542969,-0.05326581001281738,95.05915021491879,-4.2278773124374,89.36546594514348,-8.535711526946116,0.9893578886985779,-0.006685018539428711,0.9983945488929749,0.00016558170318603516,0.9952906370162964,-0.00205308198928833,0.9875671863555908,-0.008082926273345947,83.28844763969721,-10.725905638606761,62.64274024911348,-6.086362920519669
Vandalism,delta_alignment_auc,3,Vandalism007_x264,Vandalism,1136,510,0.9358597993850708,0.9959834814071655,0.9418294429779053,0.9309963583946228,63.71170832550273,68.24150890661662,0.9924126267433167,0.9968969225883484,0.9946610331535339,0.9905809164047241,60.754870638351186,46.961837222905054,0.9726632237434387,0.03680342435836792,0.9995637536048889,0.0035802721977233887,0.9818816184997559,0.040052175521850586,0.9651530385017395,0.0341566801071167,72.82277767336967,9.111069347866945,75.83958775355535,7.5980788469387335,0.9891204833984375,-0.0032921433448791504,0.9981216788291931,0.0012247562408447266,0.9945651292800903,-9.590387344360352e-05,0.9846846461296082,-0.005896270275115967,62.288416964229775,1.5335463258785893,48.34475922581392,1.3829220029088631
Vandalism,delta_alignment_auc,4,Vandalism036_x264,Vandalism,1440,330,0.9980108737945557,0.9998557567596436,0.999666154384613,0.99751877784729,82.5984165984166,57.258205950105335,0.995774507522583,0.9982473850250244,0.9971073865890503,0.9953780174255371,84.86104286104286,68.83652951411278,0.9940248131752014,-0.003986060619354248,0.9998586177825928,2.86102294921875e-06,0.9977146983146667,-0.001951456069946289,0.9929278492927551,-0.004590928554534912,68.84793884793885,-13.750477750477756,51.705990649096776,-5.552215301008559,0.998386561870575,0.0026120543479919434,0.9995705485343933,0.0013231635093688965,0.9994092583656311,0.0023018717765808105,0.9980825185775757,0.0027045011520385742,89.73573573573572,4.874692874692855,75.82477129403988,6.988241779927094
Vandalism,delta_alignment_auc,5,Vandalism028_x264,Vandalism,4480,420,0.8682906031608582,0.9913813471794128,0.9556661248207092,0.8592516779899597,87.81749941355852,55.70923985579302,0.9788314700126648,0.9938700199127197,0.9876819252967834,0.9779158234596252,64.38986629134413,38.21983698069512,0.24359489977359772,-0.6246957033872604,0.843963086605072,-0.14741826057434082,0.4380577504634857,-0.5176083743572235,0.2234780639410019,-0.6357736140489578,73.93619516772226,-13.881304245836262,33.82763740953026,-21.88160244626276,0.3490612804889679,-0.6297701895236969,0.8079463243484497,-0.18592369556427002,0.4359402656555176,-0.5517416596412659,0.340073823928833,-0.6378419995307922,77.0645085620455,12.67464227070137,18.43994108713915,-19.77989589355597
Vandalism,delta_classifier_positive_mean,1,Vandalism028_x264,Vandalism,4480,420,0.8682906031608582,0.9913813471794128,0.9556661248207092,0.8592516779899597,87.81749941355852,55.70923985579302,0.9788314700126648,0.9938700199127197,0.9876819252967834,0.9779158234596252,64.38986629134413,38.21983698069512,0.24359489977359772,-0.6246957033872604,0.843963086605072,-0.14741826057434082,0.4380577504634857,-0.5176083743572235,0.2234780639410019,-0.6357736140489578,73.93619516772226,-13.881304245836262,33.82763740953026,-21.88160244626276,0.3490612804889679,-0.6297701895236969,0.8079463243484497,-0.18592369556427002,0.4359402656555176,-0.5517416596412659,0.340073823928833,-0.6378419995307922,77.0645085620455,12.67464227070137,18.43994108713915,-19.77989589355597
Vandalism,delta_classifier_positive_mean,2,Vandalism015_x264,Vandalism,2976,690,0.9840109348297119,0.9993346333503723,0.9983965158462524,0.9796688556671143,99.28702752735619,97.9011774720896,0.9960429072380066,0.9982289671897888,0.9973437190055847,0.9956501126289368,94.01435327830397,68.72910316963315,0.9424160122871399,-0.04159492254257202,0.9990805387496948,-0.00025409460067749023,0.995468020439148,-0.002928495407104492,0.9264030456542969,-0.05326581001281738,95.05915021491879,-4.2278773124374,89.36546594514348,-8.535711526946116,0.9893578886985779,-0.006685018539428711,0.9983945488929749,0.00016558170318603516,0.9952906370162964,-0.00205308198928833,0.9875671863555908,-0.008082926273345947,83.28844763969721,-10.725905638606761,62.64274024911348,-6.086362920519669
Vandalism,delta_classifier_positive_mean,3,Vandalism036_x264,Vandalism,1440,330,0.9980108737945557,0.9998557567596436,0.999666154384613,0.99751877784729,82.5984165984166,57.258205950105335,0.995774507522583,0.9982473850250244,0.9971073865890503,0.9953780174255371,84.86104286104286,68.83652951411278,0.9940248131752014,-0.003986060619354248,0.9998586177825928,2.86102294921875e-06,0.9977146983146667,-0.001951456069946289,0.9929278492927551,-0.004590928554534912,68.84793884793885,-13.750477750477756,51.705990649096776,-5.552215301008559,0.998386561870575,0.0026120543479919434,0.9995705485343933,0.0013231635093688965,0.9994092583656311,0.0023018717765808105,0.9980825185775757,0.0027045011520385742,89.73573573573572,4.874692874692855,75.82477129403988,6.988241779927094
Vandalism,delta_classifier_positive_mean,4,Vandalism017_x264,Vandalism,1008,120,0.9990658164024353,0.9999685287475586,0.9999582767486572,0.9989452362060547,85.64564564564564,50.3084505541347,0.998262345790863,0.998886227607727,0.9987480044364929,0.9981967210769653,94.83483483483484,73.72751322751321,0.9953800439834595,-0.00368577241897583,0.9999687671661377,2.384185791015625e-07,0.9999544620513916,-3.814697265625e-06,0.9947618842124939,-0.004183351993560791,94.2042042042042,8.558558558558559,71.4306396218161,21.122189067681397,0.9997751712799072,0.0015128254890441895,0.9999344944953918,0.001048266887664795,0.9998964667320251,0.0011484622955322266,0.9997587203979492,0.0015619993209838867,77.35735735735736,-17.47747747747748,23.115162925802508,-50.612350301710705
Vandalism,delta_classifier_positive_mean,5,Vandalism007_x264,Vandalism,1136,510,0.9358597993850708,0.9959834814071655,0.9418294429779053,0.9309963583946228,63.71170832550273,68.24150890661662,0.9924126267433167,0.9968969225883484,0.9946610331535339,0.9905809164047241,60.754870638351186,46.961837222905054,0.9726632237434387,0.03680342435836792,0.9995637536048889,0.0035802721977233887,0.9818816184997559,0.040052175521850586,0.9651530385017395,0.0341566801071167,72.82277767336967,9.111069347866945,75.83958775355535,7.5980788469387335,0.9891204833984375,-0.0032921433448791504,0.9981216788291931,0.0012247562408447266,0.9945651292800903,-9.590387344360352e-05,0.9846846461296082,-0.005896270275115967,62.288416964229775,1.5335463258785893,48.34475922581392,1.3829220029088631
Vandalism,delta_alignment_positive_mean,1,Vandalism028_x264,Vandalism,4480,420,0.8682906031608582,0.9913813471794128,0.9556661248207092,0.8592516779899597,87.81749941355852,55.70923985579302,0.9788314700126648,0.9938700199127197,0.9876819252967834,0.9779158234596252,64.38986629134413,38.21983698069512,0.24359489977359772,-0.6246957033872604,0.843963086605072,-0.14741826057434082,0.4380577504634857,-0.5176083743572235,0.2234780639410019,-0.6357736140489578,73.93619516772226,-13.881304245836262,33.82763740953026,-21.88160244626276,0.3490612804889679,-0.6297701895236969,0.8079463243484497,-0.18592369556427002,0.4359402656555176,-0.5517416596412659,0.340073823928833,-0.6378419995307922,77.0645085620455,12.67464227070137,18.43994108713915,-19.77989589355597
Vandalism,delta_alignment_positive_mean,2,Vandalism015_x264,Vandalism,2976,690,0.9840109348297119,0.9993346333503723,0.9983965158462524,0.9796688556671143,99.28702752735619,97.9011774720896,0.9960429072380066,0.9982289671897888,0.9973437190055847,0.9956501126289368,94.01435327830397,68.72910316963315,0.9424160122871399,-0.04159492254257202,0.9990805387496948,-0.00025409460067749023,0.995468020439148,-0.002928495407104492,0.9264030456542969,-0.05326581001281738,95.05915021491879,-4.2278773124374,89.36546594514348,-8.535711526946116,0.9893578886985779,-0.006685018539428711,0.9983945488929749,0.00016558170318603516,0.9952906370162964,-0.00205308198928833,0.9875671863555908,-0.008082926273345947,83.28844763969721,-10.725905638606761,62.64274024911348,-6.086362920519669
Vandalism,delta_alignment_positive_mean,3,Vandalism007_x264,Vandalism,1136,510,0.9358597993850708,0.9959834814071655,0.9418294429779053,0.9309963583946228,63.71170832550273,68.24150890661662,0.9924126267433167,0.9968969225883484,0.9946610331535339,0.9905809164047241,60.754870638351186,46.961837222905054,0.9726632237434387,0.03680342435836792,0.9995637536048889,0.0035802721977233887,0.9818816184997559,0.040052175521850586,0.9651530385017395,0.0341566801071167,72.82277767336967,9.111069347866945,75.83958775355535,7.5980788469387335,0.9891204833984375,-0.0032921433448791504,0.9981216788291931,0.0012247562408447266,0.9945651292800903,-9.590387344360352e-05,0.9846846461296082,-0.005896270275115967,62.288416964229775,1.5335463258785893,48.34475922581392,1.3829220029088631
Vandalism,delta_alignment_positive_mean,4,Vandalism017_x264,Vandalism,1008,120,0.9990658164024353,0.9999685287475586,0.9999582767486572,0.9989452362060547,85.64564564564564,50.3084505541347,0.998262345790863,0.998886227607727,0.9987480044364929,0.9981967210769653,94.83483483483484,73.72751322751321,0.9953800439834595,-0.00368577241897583,0.9999687671661377,2.384185791015625e-07,0.9999544620513916,-3.814697265625e-06,0.9947618842124939,-0.004183351993560791,94.2042042042042,8.558558558558559,71.4306396218161,21.122189067681397,0.9997751712799072,0.0015128254890441895,0.9999344944953918,0.001048266887664795,0.9998964667320251,0.0011484622955322266,0.9997587203979492,0.0015619993209838867,77.35735735735736,-17.47747747747748,23.115162925802508,-50.612350301710705
Vandalism,delta_alignment_positive_mean,5,Vandalism036_x264,Vandalism,1440,330,0.9980108737945557,0.9998557567596436,0.999666154384613,0.99751877784729,82.5984165984166,57.258205950105335,0.995774507522583,0.9982473850250244,0.9971073865890503,0.9953780174255371,84.86104286104286,68.83652951411278,0.9940248131752014,-0.003986060619354248,0.9998586177825928,2.86102294921875e-06,0.9977146983146667,-0.001951456069946289,0.9929278492927551,-0.004590928554534912,68.84793884793885,-13.750477750477756,51.705990649096776,-5.552215301008559,0.998386561870575,0.0026120543479919434,0.9995705485343933,0.0013231635093688965,0.9994092583656311,0.0023018717765808105,0.9980825185775757,0.0027045011520385742,89.73573573573572,4.874692874692855,75.82477129403988,6.988241779927094
