video_id,label,num_frames,positive_frames,baseline_classifier_mean,baseline_classifier_max,baseline_classifier_positive_mean,baseline_classifier_negative_mean,baseline_classifier_auc,baseline_classifier_ap,baseline_alignment_mean,baseline_alignment_max,baseline_alignment_positive_mean,baseline_alignment_negative_mean,baseline_alignment_auc,baseline_alignment_ap,manual_classifier_mean,delta_classifier_mean,manual_classifier_max,delta_classifier_max,manual_classifier_positive_mean,delta_classifier_positive_mean,manual_classifier_negative_mean,delta_classifier_negative_mean,manual_classifier_auc,delta_classifier_auc,manual_classifier_ap,delta_classifier_ap,manual_alignment_mean,delta_alignment_mean,manual_alignment_max,delta_alignment_max,manual_alignment_positive_mean,delta_alignment_positive_mean,manual_alignment_negative_mean,delta_alignment_negative_mean,manual_alignment_auc,delta_alignment_auc,manual_alignment_ap,delta_alignment_ap
Abuse028_x264,Abuse,1408,75,0.8617116808891296,0.9985138773918152,0.9662609100341797,0.8558292984962463,51.73643410852713,6.367688064496575,0.9958226680755615,0.9996578693389893,0.9981895089149475,0.9956895112991333,49.59189797449362,6.150696596618814,0.926882803440094,0.06517112255096436,0.9996098875999451,0.0010960102081298828,0.9935230612754822,0.02726215124130249,0.9231334328651428,0.06730413436889648,49.607901975493874,-2.1285321330332536,6.042959481610359,-0.3247285828862161,0.977508008480072,-0.018314659595489502,0.9984005689620972,-0.0012573003768920898,0.9952753782272339,-0.002914130687713623,0.976508378982544,-0.019181132316589355,53.46486621655414,3.872968242060523,6.5632756132756125,0.41257901665679864
Abuse030_x264,Abuse,1536,85,0.9929139614105225,0.9998125433921814,0.999457597732544,0.9925305843353271,69.11541735922488,9.577626597772973,0.9960942268371582,0.9987035393714905,0.9976728558540344,0.9960017800331116,49.40973770624721,6.223381187835201,0.9598415493965149,-0.03307241201400757,0.9983032941818237,-0.001509249210357666,0.9980702996253967,-0.0013872981071472168,0.9576021432876587,-0.03492844104766846,94.91831191470385,25.80289455547897,39.64279878618114,30.065172188408166,0.991034984588623,-0.005059242248535156,0.9957575798034668,-0.0029459595680236816,0.9955109357833862,-0.0021619200706481934,0.9907727837562561,-0.005228996276855469,89.59946487209632,40.189727165849106,23.605328495034378,17.381947307199177
Arrest001_x264,Arrest,2368,300,0.4518764019012451,0.9980471134185791,0.9698720574378967,0.3767319321632385,98.38426821405545,90.03403346653347,0.6530710458755493,0.9905329346656799,0.9810068607330322,0.6054981350898743,99.59896840747905,97.37133478437828,0.2524281442165375,-0.19944825768470764,0.9959751963615417,-0.0020719170570373535,0.9683563113212585,-0.0015157461166381836,0.14857007563114166,-0.22816185653209686,99.31528046421663,0.9310122501611744,95.80565426421404,5.771620797680569,0.5836141109466553,-0.06945693492889404,0.9828236103057861,-0.007709324359893799,0.9682397246360779,-0.012767136096954346,0.5278173685073853,-0.07768076658248901,99.15022566086395,-0.44874274661509617,94.64990725780915,-2.72142752656913
Arrest007_x264,Arrest,3136,630,0.7880198955535889,0.9999284744262695,0.9957724809646606,0.7357915639877319,99.70622886025919,99.15736607142858,0.9165781736373901,0.9999218583106995,0.9993320107460022,0.895774245262146,99.90891701186993,99.6533658140801,0.6132298111915588,-0.17479008436203003,0.9980025887489319,-0.0019258856773376465,0.9592257738113403,-0.03654670715332031,0.5262475609779358,-0.20954400300979614,91.82774040714983,-7.878488453109355,70.13611776747526,-29.021248303953328,0.8443127274513245,-0.07226544618606567,0.9867362976074219,-0.013185560703277588,0.9670225977897644,-0.03230941295623779,0.8134638667106628,-0.08231037855148315,83.64319284510825,-16.265724166761686,53.11445502643557,-46.53891078764453
Arrest024_x264,Arrest,3616,2100,0.9995573163032532,0.9999921321868896,0.9998852610588074,0.9991028904914856,51.493152406081165,55.06442484182102,0.9997256398200989,0.9999205470085144,0.9997170567512512,0.9997373223304749,39.684633747958294,48.4604455660679,0.9995779395103455,2.0623207092285156e-05,0.9999958276748657,3.6954879760742188e-06,0.9999517798423767,6.651878356933594e-05,0.9990599751472473,-4.291534423828125e-05,65.16873979143108,13.675587385349914,73.16412453528187,18.09969969346085,0.9957850575447083,-0.003940582275390625,0.9984054565429688,-0.0015150904655456543,0.996752917766571,-0.0029641389846801758,0.9944441914558411,-0.005293130874633789,89.606483226536,49.921849478577705,92.11192622084141,43.651480654773515
Arrest030_x264,Arrest,8640,1665,0.9869815111160278,0.9999940395355225,0.9999823570251465,0.9838781356811523,94.27715457392877,78.17053623625138,0.9984167218208313,0.9999738335609436,0.9999187588691711,0.9980581998825073,80.21709020848806,34.57953957658516,0.9677916169166565,-0.019189894199371338,0.999993085861206,-9.5367431640625e-07,0.9999620318412781,-2.0325183868408203e-05,0.9601122736930847,-0.023765861988067627,81.05522727028104,-13.221927303647732,36.520125073377976,-41.650411162873404,0.9889083504676819,-0.009508371353149414,0.9993107914924622,-0.0006630420684814453,0.9985434412956238,-0.0013753175735473633,0.9866083264350891,-0.011449873447418213,35.8421862722938,-44.37490393619426,14.276256365842121,-20.30328321074304
Arrest039_x264,Arrest,15824,3120,0.31562724709510803,0.9983789920806885,0.42451947927474976,0.28888413310050964,59.54397565071369,23.391684099129716,0.3831726312637329,0.9992027878761292,0.4598191976547241,0.364348828792572,60.59185881289155,22.01382464863371,0.18464840948581696,-0.13097883760929108,0.9743295311927795,-0.024049460887908936,0.2400428205728531,-0.18447665870189667,0.1710439920425415,-0.11784014105796814,60.39797681327907,0.8540011625653818,23.587733524520377,0.19604942539066172,0.3307509422302246,-0.0524216890335083,0.9664249420166016,-0.03277784585952759,0.3256708085536957,-0.13414838910102844,0.3319985270500183,-0.03235030174255371,58.408577149131304,-2.1832816637602477,21.4339444698365,-0.579880178797211
Arson007_x264,Arson,6240,3450,0.957899808883667,0.9958055019378662,0.947363555431366,0.9709285497665405,40.183242428964725,47.75016439106431,0.9967396259307861,0.9988159537315369,0.9957154393196106,0.9980061054229736,20.153114123941616,44.81253779436939,0.9850106239318848,0.027110815048217773,0.9994081258773804,0.00360262393951416,0.9804049730300903,0.033041417598724365,0.9907058477401733,0.019777297973632812,38.05489584956626,-2.1283465793984675,51.05397499248606,3.303810601421752,0.9866302609443665,-0.010109364986419678,0.9967569708824158,-0.0020589828491210938,0.9807514548301697,-0.014963984489440918,0.9938996434211731,-0.004106462001800537,16.279403667341956,-3.8737104565996603,38.04808116772278,-6.764456626646613
Arson009_x264,Arson,736,95,0.9960964918136597,0.9998841285705566,0.9980766177177429,0.9958029389381409,36.82322029723294,11.619719789387476,0.9986822605133057,0.9999508857727051,0.9986799359321594,0.9986826777458191,34.32712045323918,11.23853200278029,0.9983000755310059,0.0022035837173461914,0.9998902082443237,6.079673767089844e-06,0.9992738962173462,0.0011972784996032715,0.9981558322906494,0.002352893352508545,39.923639050825194,3.100418753592251,12.05954457503913,0.4398247856516537,0.9966832995414734,-0.0019989609718322754,0.9972647428512573,-0.002686142921447754,0.9971874952316284,-0.0014924407005310059,0.9966084957122803,-0.0020741820335388184,99.1206174562772,64.79349700303803,96.11167341430499,84.8731414115247
Arson010_x264,Arson,3152,345,0.7839153409004211,0.9961961507797241,0.9833076596260071,0.7594085931777954,80.42662494901462,25.722674832918095,0.9570447206497192,0.9945799112319946,0.9928075671195984,0.9526492357254028,82.84542267519606,25.613980936556967,0.8904790878295898,0.1065637469291687,0.9997275471687317,0.0035313963890075684,0.9973477125167847,0.014040052890777588,0.8773441910743713,0.11793559789657593,79.03548581961246,-1.3911391294021627,23.023898152707755,-2.69877668021034,0.9612566232681274,0.004211902618408203,0.994861364364624,0.00028145313262939453,0.9916418790817261,-0.0011656880378723145,0.9575221538543701,0.004872918128967285,84.69586902309445,1.8504463478983837,26.885705833026428,1.2717248964694612
Arson011_x264,Arson,1264,854,0.9950112700462341,0.9997077584266663,0.9945997595787048,0.9958685040473938,62.822299651567945,84.5060374622714,0.9993823170661926,0.9997981786727905,0.9996566772460938,0.9988109469413757,98.08133889301422,99.00797730551056,0.986441433429718,-0.008569836616516113,0.9978329539299011,-0.0018748044967651367,0.9829728603363037,-0.011626899242401123,0.9936661720275879,-0.002202332019805908,25.57091449134632,-37.25138516022163,57.54197612661168,-26.964061335659714,0.9896374344825745,-0.009744882583618164,0.9938164353370667,-0.005981743335723877,0.9893898367881775,-0.01026684045791626,0.9901533722877502,-0.008657574653625488,46.04272576683612,-52.0386131261781,68.85517224240382,-30.15280506310674
Arson016_x264,Arson,1792,792,0.785133957862854,0.9999029636383057,0.9992296695709229,0.615570068359375,99.99595959595959,99.98989898989899,0.9622316360473633,0.9996755719184875,0.9994420409202576,0.9327608346939087,99.99595959595959,99.98989898989899,0.7520168423652649,-0.03311711549758911,0.9996128678321838,-0.00029009580612182617,0.9978211522102356,-0.0014085173606872559,0.5573399066925049,-0.05823016166687012,99.99595959595959,0.0,99.98989898989899,0.0,0.9553725123405457,-0.006859123706817627,0.9913337826728821,-0.008341789245605469,0.9892899394035339,-0.010152101516723633,0.9285098910331726,-0.004250943660736084,99.99595959595959,0.0,99.98989898989899,0.0
Arson018_x264,Arson,832,330,0.9982958436012268,0.9998984336853027,0.9993827939033508,0.9975813627243042,60.67246166847761,42.24004651313983,0.9996012449264526,0.9998027682304382,0.999603271484375,0.9995996356010437,49.816491609320295,38.86924183618679,0.9975553750991821,-0.0007404685020446777,0.9996917247772217,-0.0002067089080810547,0.9987131953239441,-0.0006695985794067383,0.9967942833900452,-0.0007870793342590332,55.2831099843052,-5.389351684172411,39.58559443071582,-2.654452082424008,0.9951518774032593,-0.004449367523193359,0.9960113763809204,-0.0037913918495178223,0.9951473474502563,-0.004455924034118652,0.9951549768447876,-0.0044446587562561035,37.627671133647226,-12.188820475673069,32.54288687030685,-6.326354965879936
Arson022_x264,Arson,8640,500,0.17088857293128967,0.9978341460227966,0.20723113417625427,0.16865621507167816,75.24855036855037,10.451115560881139,0.19434614479541779,0.9996037483215332,0.1678755283355713,0.19597209990024567,73.00147420147421,9.68167696248114,0.15840965509414673,-0.012478917837142944,0.9976389408111572,-0.0001952052116394043,0.15322133898735046,-0.05400979518890381,0.15872836112976074,-0.00992785394191742,73.29395577395577,-1.954594594594596,10.06906997835152,-0.38204558252961895,0.2939950227737427,0.09964887797832489,0.9935393929481506,-0.006064355373382568,0.3903205692768097,0.2224450409412384,0.2880781888961792,0.09210608899593353,72.41965601965602,-0.5818181818181927,9.647552577284145,-0.03412438519699457
Arson035_x264,Arson,1424,300,0.7763559818267822,0.9992513060569763,0.9986855983734131,0.717015266418457,88.60498220640571,70.8615977989792,0.9473569989204407,0.9996225833892822,0.9994032979011536,0.9334656000137329,99.67022538552787,98.72760270774977,0.7919047474861145,0.015548765659332275,0.9996981620788574,0.0004468560218811035,0.9989896416664124,0.0003040432929992676,0.7366330027580261,0.019617736339569092,77.88137603795967,-10.72360616844604,35.28610485957848,-35.575492939400725,0.9297636151313782,-0.0175933837890625,0.9952614307403564,-0.004361152648925781,0.9935102462768555,-0.005893051624298096,0.9127492904663086,-0.020716309547424316,83.63226571767497,-16.037959667852903,43.399968968954326,-55.32763373879544
Arson041_x264,Arson,3744,1485,0.9899712204933167,0.9999760389328003,0.9986900091171265,0.9842398166656494,87.8709330280822,86.85469927528348,0.9993581771850586,0.9999215006828308,0.9996099472045898,0.9991926550865173,73.5513166190457,73.44281433032872,0.9949687719345093,0.004997551441192627,0.9999643564224243,-1.1682510375976562e-05,0.9996134638786316,0.000923454761505127,0.9919154644012451,0.007675647735595703,98.61434173519169,10.74340870710948,97.80535547169995,10.950656196416475,0.997069239616394,-0.0022889375686645508,0.9988933801651001,-0.0010281205177307129,0.9971845746040344,-0.00242537260055542,0.9969936013221741,-0.0021990537643432617,58.31833161182431,-15.232985007221394,64.88008915025058,-8.562725180078132
Assault006_x264,Assault,8096,6911,0.9767820239067078,0.9999532699584961,0.9811534881591797,0.9512874484062195,73.03534938186355,94.0607107569676,0.9967076778411865,0.9996147155761719,0.9974859356880188,0.9921685457229614,87.21578819798681,97.46402989205164,0.921542227268219,-0.05523979663848877,0.9999357461929321,-1.7523765563964844e-05,0.9798111319541931,-0.0013423562049865723,0.5817143321037292,-0.36957311630249023,97.22465927552663,24.18930989366308,99.49953680171993,5.438826044752332,0.9836394190788269,-0.01306825876235962,0.9990725517272949,-0.0005421638488769531,0.9858741164207458,-0.01161181926727295,0.9706069231033325,-0.021561622619628906,74.5340425311083,-12.681745666878513,93.97634464221674,-3.4876852498348967
Assault010_x264,Assault,16176,1020,0.8710532188415527,0.9990785121917725,0.9871956706047058,0.8632367849349976,93.37136913356,69.34718317514547,0.9958997964859009,0.9995843172073364,0.9991496801376343,0.9956810474395752,95.35978762051138,49.42276837812105,0.7673890590667725,-0.10366415977478027,0.9956597685813904,-0.00341874361038208,0.965740978717804,-0.021454691886901855,0.7540398836135864,-0.10919690132141113,93.50094960127096,0.12958046771096576,44.34251906076572,-25.004664114379757,0.9846290349960327,-0.011270761489868164,0.9963244199752808,-0.003259897232055664,0.9945380687713623,-0.004611611366271973,0.9839622378349304,-0.011718809604644775,97.14596949891067,1.7861818783992902,72.40632998287366,22.98356160475261
Assault011_x264,Assault,2288,585,0.18547077476978302,0.5335298180580139,0.31966912746429443,0.1393720805644989,80.01801747544555,58.97961147964191,0.036148592829704285,0.08189702033996582,0.05701175332069397,0.028981857001781464,82.69042564403692,50.84262171518127,0.6709165573120117,0.4854457825422287,0.9806652069091797,0.44713538885116577,0.9531112313270569,0.6334421038627625,0.5739794373512268,0.4346073567867279,76.83489668809692,-3.183120787348628,43.8416411885414,-15.137970291100508,0.8977601528167725,0.8616115599870682,0.9691525101661682,0.8872554898262024,0.9653915166854858,0.9083797633647919,0.8745280504226685,0.845546193420887,90.08130448529744,7.390878841260516,75.72405230612279,24.88143059094152
Burglary005_x264,Burglary,7728,330,0.9756871461868286,0.9999713897705078,0.9997075796127319,0.9746156930923462,75.0223238057788,8.006216790864459,0.992919921875,0.9983745813369751,0.9978688359260559,0.9926992058753967,93.25755527702,27.219298278077485,0.8262463212013245,-0.14944082498550415,0.999426007270813,-0.0005453824996948242,0.9984752535820007,-0.0012323260307312012,0.81856369972229,-0.15605199337005615,92.22074762220748,17.198423816428686,21.063876456694707,13.057659665830249,0.986283004283905,-0.006636917591094971,0.9986717700958252,0.00029718875885009766,0.9981651306152344,0.0002962946891784668,0.9857529997825623,-0.006946206092834473,91.97694708643613,-1.2806081905838766,20.823268160116726,-6.396030117960759
Burglary017_x264,Burglary,2112,450,0.7980459332466125,0.991346538066864,0.8951343894004822,0.771758496761322,73.40205909881,31.78731746598257,0.9940235018730164,0.9982763528823853,0.9960899353027344,0.993463933467865,85.80157775103623,52.07764934905914,0.8240569233894348,0.026010990142822266,0.9985677003860474,0.00722116231918335,0.8825216889381409,-0.012612700462341309,0.8082271814346313,0.036468684673309326,64.5709319427731,-8.8311271560369,26.554900318294592,-5.232417147687979,0.9650454521179199,-0.028978049755096436,0.9970052242279053,-0.0012711286544799805,0.968074381351471,-0.028015553951263428,0.9642252922058105,-0.029238641262054443,55.012434817488966,-30.789142933547268,21.640147547976706,-30.437501801082437
Burglary018_x264,Burglary,1120,330,0.9775689244270325,0.9986891150474548,0.99517822265625,0.9702132940292358,57.86191024165708,31.479371430385296,0.9956235885620117,0.9968234896659851,0.9961881041526794,0.9953876733779907,48.680475642500966,27.689003435399574,0.9911433458328247,0.013574421405792236,0.9986721277236938,-1.6987323760986328e-05,0.9968017339706421,0.0016235113143920898,0.9887797236442566,0.018566429615020752,53.57805907172995,-4.283851169927125,29.262338296054956,-2.2170331343303395,0.9934679269790649,-0.0021556615829467773,0.9959161877632141,-0.0009073019027709961,0.9944742918014526,-0.0017138123512268066,0.9930475354194641,-0.0023401379585266113,60.3536632144227,11.673187571921737,32.46710856765161,4.778105132252033
Burglary021_x264,Burglary,1536,640,0.9900563359260559,0.9975433945655823,0.9905263781547546,0.9897207021713257,23.69419642857143,29.291380330247502,0.9954221844673157,0.9986902475357056,0.9941042065620422,0.9963637590408325,23.482142857142858,29.84153722856754,0.9803816676139832,-0.009674668312072754,0.9945113658905029,-0.0030320286750793457,0.9860762357711792,-0.0044501423835754395,0.9763140082359314,-0.013406693935394287,72.72321428571429,49.02901785714286,60.30357658401253,31.01219625376503,0.9945306181907654,-0.000891566276550293,0.9973923563957214,-0.0012978911399841309,0.9954912066459656,0.0013870000839233398,0.9938444495201111,-0.0025193095207214355,74.16294642857142,50.680803571428555,59.64294001782664,29.8014027892591
Burglary024_x264,Burglary,3600,1170,0.8551924228668213,0.9362043142318726,0.8117175102233887,0.8761248588562012,22.45147901938025,22.387743444992562,0.9900637865066528,0.9948983192443848,0.985953688621521,0.9920427203178406,2.444022369948295,18.8487199808797,0.3497382700443268,-0.5054541528224945,0.6060208678245544,-0.3301834464073181,0.3785947561264038,-0.43312275409698486,0.3358444273471832,-0.5402804315090179,58.56980056980057,36.11832155042032,58.00079446077437,35.61305101578181,0.8397204875946045,-0.15034329891204834,0.9194175004959106,-0.07548081874847412,0.8780553340911865,-0.10789835453033447,0.8212629556655884,-0.1707797646522522,97.13615419788259,94.69213182793429,93.49913090966271,74.650410928783
Burglary032_x264,Burglary,15792,2400,0.9388415217399597,0.9983882904052734,0.9795198440551758,0.9315515160560608,76.31700517722024,30.64313891182166,0.9984009861946106,0.9996887445449829,0.9989928007125854,0.9982949495315552,75.47361608920748,27.929841785555613,0.9172433614730835,-0.02159816026687622,0.9998972415924072,0.001508951187133789,0.9423167109489441,-0.03720313310623169,0.9127498865127563,-0.018801629543304443,68.29958183990443,-8.017423337315805,23.192817585670653,-7.4503213261510055,0.9964180588722229,-0.0019829273223876953,0.9991692900657654,-0.0005194544792175293,0.9968194365501404,-0.0021733641624450684,0.9963460564613342,-0.0019488930702209473,63.60772600557546,-11.865890083632024,19.237365561806623,-8.69247622374899
Burglary033_x264,Burglary,1248,270,0.9137561321258545,0.9999761581420898,0.9999242424964905,0.8899674415588379,99.93410588502613,99.70315904139431,0.9904362559318542,0.9995739459991455,0.9992727637290955,0.9879968166351318,93.86275846398546,64.75922455024622,0.8874426484107971,-0.026313483715057373,0.9996001124382019,-0.00037604570388793945,0.9989988207817078,-0.0009254217147827148,0.8566450476646423,-0.03332239389419556,99.55843368931303,-0.3756721957130935,98.35619913982487,-1.3469599015694484,0.9746615886688232,-0.015774667263031006,0.9984372854232788,-0.0011366605758666992,0.9977496266365051,-0.001523137092590332,0.9682877063751221,-0.019709110260009766,93.86275846398546,0.0,64.2301240211457,-0.5291005291005177
Burglary035_x264,Burglary,4048,1739,0.9998481273651123,0.9999809265136719,0.9998738169670105,0.9998289346694946,93.71782192889239,94.96973452237404,0.9994125962257385,0.999835729598999,0.9994889497756958,0.9993550181388855,72.2290903086679,52.261643240017804,0.999488353729248,-0.0003597736358642578,0.9998718500137329,-0.00010907649993896484,0.9994556307792664,-0.0004181861877441406,0.9995129704475403,-0.0003159642219543457,78.82457847396157,-14.893243454930825,64.45746793980885,-30.51226658256519,0.9981981515884399,-0.001214444637298584,0.9990339875221252,-0.0008017420768737793,0.9983221888542175,-0.0011667609214782715,0.9981046319007874,-0.0012503862380981445,78.2471943299602,6.018104021292288,58.23580028526808,5.974157045250273
Burglary037_x264,Burglary,1920,1410,0.9947213530540466,0.9998849630355835,0.9990273118019104,0.982816755771637,96.40244750382423,98.65586217621929,0.9992823004722595,0.9997537136077881,0.9993818402290344,0.9990074038505554,84.55652899457655,93.67289336119022,0.9956109523773193,0.0008895993232727051,0.999894380569458,9.417533874511719e-06,0.9990561008453369,2.8789043426513672e-05,0.9860861897468567,0.0032694339752197266,94.14629397858435,-2.256153525239881,98.10253461539769,-0.5533275608216002,0.9977850317955017,-0.0014972686767578125,0.9989450573921204,-0.0008086562156677246,0.9981858134269714,-0.0011960268020629883,0.9966769814491272,-0.0023304224014282227,86.78153247114449,2.2250034765679345,95.86411055367073,2.191217192480508
Burglary061_x264,Burglary,8976,1500,0.8679232001304626,0.9945023059844971,0.9382994771003723,0.8538027405738831,87.18380595683968,80.5390952942049,0.9933741688728333,0.9973965883255005,0.995332658290863,0.9929812550544739,91.79461387551274,76.61520342424704,0.7138797044754028,-0.15404349565505981,0.9836888313293457,-0.010813474655151367,0.8759625554084778,-0.06233692169189453,0.6813591122627258,-0.17244362831115723,92.92006420545746,5.736258248617787,86.2409878366657,5.701892542460797,0.967809796333313,-0.025564372539520264,0.990265965461731,-0.007130622863769531,0.9794026613235474,-0.015929996967315674,0.9654838442802429,-0.027497410774230957,80.6222935616194,-11.172320313893337,62.611417162553415,-14.003786261693627
Burglary076_x264,Burglary,12912,2710,0.6242148876190186,0.9609841108322144,0.6466238498687744,0.6182623505592346,49.871525082629766,18.930912727458452,0.9780318737030029,0.997644305229187,0.9904029965400696,0.9747456908226013,50.715292783196396,19.107860101957638,0.6962943077087402,0.07207942008972168,0.9561462998390198,-0.00483781099319458,0.7752615213394165,0.1286376714706421,0.6753179430961609,0.05705559253692627,57.43059569392008,7.559070611290316,22.668123469218436,3.7372107417599842,0.96915203332901,-0.00887984037399292,0.9918261170387268,-0.005818188190460205,0.9786015748977661,-0.011801421642303467,0.9666420221328735,-0.008103668689727783,62.920757162874516,12.20546437967812,24.7520628282283,5.644202726270663
Burglary079_x264,Burglary,14848,2960,0.639452338218689,0.9997780919075012,0.9967595338821411,0.5504862070083618,99.85313375286458,99.32603461570008,0.9383410811424255,0.9984244108200073,0.9970770478248596,0.9237163066864014,99.47137244916519,96.71061772012675,0.7829152941703796,0.14346295595169067,0.999355137348175,-0.0004229545593261719,0.9956293702125549,-0.0011301636695861816,0.7299515604972839,0.17946535348892212,99.63342548470409,-0.21970826816048827,98.02730376453076,-1.2987308511693243,0.981768012046814,0.04342693090438843,0.9982451796531677,-0.0001792311668395996,0.9963410496711731,-0.0007359981536865234,0.9781394004821777,0.05442309379577637,99.7807464261031,0.3093739769379056,98.9757160789944,2.2650983588676468
Burglary092_x264,Burglary,624,180,0.9702184796333313,0.9935245513916016,0.9690423607826233,0.9706951379776001,43.593593593593596,26.12467102141015,0.9919595718383789,0.9981125593185425,0.9892746806144714,0.9930481910705566,16.046046046046044,19.345980227337723,0.9826574921607971,0.01243901252746582,0.9983730316162109,0.004848480224609375,0.9846718907356262,0.01562952995300293,0.9818406701087952,0.011145532131195068,41.27127127127127,-2.3223223223223286,25.258558779637212,-0.8661122417729388,0.9887898564338684,-0.003169715404510498,0.99483722448349,-0.0032753348350524902,0.9890197515487671,-0.0002549290657043457,0.9886966943740845,-0.004351496696472168,48.55855855855856,32.512512512512515,28.486473267906014,9.140493040568291
Explosion002_x264,Explosion,4000,600,0.8620659112930298,0.9966289401054382,0.9303942918777466,0.8500080704689026,55.681568627450986,48.19821437488159,0.9225325584411621,0.9951122403144836,0.9870256781578064,0.9111514687538147,59.160784313725486,48.51015656525753,0.8440127968788147,-0.018053114414215088,0.9967028498649597,7.390975952148438e-05,0.931508481502533,0.001114189624786377,0.8285723328590393,-0.02143573760986328,63.929411764705875,8.24784313725489,57.63762908075755,9.439414705875961,0.9017148017883301,-0.02081775665283203,0.9838444590568542,-0.011267781257629395,0.9689618945121765,-0.018063783645629883,0.8898476362228394,-0.021303832530975342,50.00941176470588,-9.151372549019605,15.224512587417818,-33.28564397783971
Explosion004_x264,Explosion,1888,150,0.9966143369674683,0.9999854564666748,0.9922956228256226,0.9969871640205383,16.29996164173379,5.266242163998933,0.9990835785865784,0.999813437461853,0.9995081424713135,0.9990469217300415,74.8500191791331,15.208272820624794,0.9988330006599426,0.0022186636924743652,0.9999873638153076,1.9073486328125e-06,0.9963838458061218,0.004088222980499268,0.9990443587303162,0.002057194709777832,6.075182201764481,-10.22477943996931,4.700124173884357,-0.5661179901145754,0.995974063873291,-0.0031095147132873535,0.9980447888374329,-0.001768648624420166,0.9948183298110962,-0.004689812660217285,0.9960737824440002,-0.0029731392860412598,24.646720368239354,-50.20329881089374,5.748186228814068,-9.460086591810725
Explosion007_x264,Explosion,16288,690,0.9774187207221985,0.9999226331710815,0.9927476048469543,0.9767406582832336,56.64983061745188,4.525786014732006,0.9960662126541138,0.9999722242355347,0.9994826912879944,0.9959150552749634,64.3820742532952,5.737626892805835,0.9943774938583374,0.016958773136138916,0.9999351501464844,1.2516975402832031e-05,0.9870898127555847,-0.005657792091369629,0.9946999549865723,0.017959296703338623,39.105255040129634,-17.54457557732225,3.4908469977042493,-1.0349390170277566,0.9897144436836243,-0.006351768970489502,0.9966703057289124,-0.0033019185066223145,0.9894570112228394,-0.01002568006515503,0.9897258877754211,-0.006189167499542236,56.834469673741154,-7.547604579554047,16.452170999460208,10.714544106654373
Explosion008_x264,Explosion,1744,240,0.8950331211090088,0.9999692440032959,0.9955767393112183,0.8789888620376587,82.26507092198581,33.006703491357186,0.9899248480796814,0.9998602271080017,0.9992057681083679,0.988443911075592,69.3395390070922,20.15136958110005,0.6862016320228577,-0.20883148908615112,0.9993466734886169,-0.0006225705146789551,0.9825356602668762,-0.013041079044342041,0.6389142870903015,-0.24007457494735718,82.23847517730496,-0.026595744680847133,36.34755647511281,3.3408529837556245,0.9340944886207581,-0.05583035945892334,0.9949260950088501,-0.004934132099151611,0.9754922389984131,-0.023713529109954834,0.9274885058403015,-0.06095540523529053,67.18971631205673,-2.1498226950354677,19.454517598758052,-0.6968519823419967
Explosion010_x264,Explosion,2496,795,0.7032913565635681,0.9755982160568237,0.7785751819610596,0.6681057214736938,47.02135998432295,28.147962241911983,0.9427421689033508,0.9989928007125854,0.9923860430717468,0.9195398092269897,42.80926129283921,26.93747686989986,0.6503866910934448,-0.05290466547012329,0.9717725515365601,-0.003825664520263672,0.6960265040397644,-0.08254867792129517,0.6290559768676758,-0.039049744606018066,45.573155265677975,-1.4482047186449734,27.726323685852183,-0.4216385560598006,0.8569217324256897,-0.08582043647766113,0.9720715880393982,-0.026921212673187256,0.9223421812057495,-0.07004386186599731,0.8263460993766785,-0.09319370985031128,44.62070036493517,1.8114390720959577,27.388306953141655,0.45083008324179374
Explosion011_x264,Explosion,1568,150,0.12501445412635803,0.6799665689468384,0.08717291057109833,0.1290174424648285,66.5867418899859,13.802216723420882,0.1502983570098877,0.6938276290893555,0.12983325123786926,0.15246321260929108,69.77621062529384,14.940343851821854,0.23702114820480347,0.11200669407844543,0.8641745448112488,0.1842079758644104,0.2991705536842346,0.2119976431131363,0.23044681549072266,0.10142937302589417,70.40808650681713,3.821344616831226,15.295782023895882,1.4935653004749998,0.3649454712867737,0.214647114276886,0.8453389406204224,0.1515113115310669,0.45936349034309387,0.3295302391052246,0.3549576997756958,0.20249448716640472,70.18241654913022,0.40620592383638154,15.243956489282057,0.30361263746020306
Explosion013_x264,Explosion,3312,450,0.47090575098991394,0.9997779726982117,0.9469028115272522,0.3960634768009186,95.08673033620623,83.76465185475391,0.7144436836242676,0.9997950196266174,0.9878283739089966,0.6714587211608887,97.57139529466573,90.72079450320761,0.7866621017456055,0.31575635075569153,0.9998507499694824,7.277727127075195e-05,0.9769862294197083,0.030083417892456055,0.7567368745803833,0.3606733977794647,92.0703470766364,-3.016383259569835,48.94900846015141,-34.815643394602496,0.9721585512161255,0.2577148675918579,0.9953862428665161,-0.004408776760101318,0.9916777610778809,0.0038493871688842773,0.9690895080566406,0.29763078689575195,92.86792452830188,-4.70347076636385,53.98802881552095,-36.732765687686666
Explosion016_x264,Explosion,960,270,0.5266688466072083,0.9549422264099121,0.42185279726982117,0.5676839351654053,39.03274288781535,23.32750355269849,0.6205200552940369,0.9301756024360657,0.5782278776168823,0.6370692849159241,36.12989801395599,22.628724976016677,0.30415457487106323,-0.22251427173614502,0.6327263712882996,-0.32221585512161255,0.17128168046474457,-0.2505711168050766,0.3561483919620514,-0.21153554320335388,34.46376811594203,-4.568974771873322,22.117709214042467,-1.2097943386560246,0.5253987908363342,-0.09512126445770264,0.7303264141082764,-0.1998491883277893,0.47233834862709045,-0.10588952898979187,0.5461615920066833,-0.09090769290924072,32.79763821792807,-3.3322597960279197,21.875492207687458,-0.7532327683292195
Explosion017_x264,Explosion,1632,450,0.7852763533592224,0.9998602867126465,0.9979177117347717,0.7043216228485107,98.14438804286519,96.37931830099852,0.9634385108947754,0.9992538690567017,0.9978712201118469,0.9503295421600342,97.71122391426961,95.56106981023541,0.9985862970352173,0.21330994367599487,0.9999876022338867,0.00012731552124023438,0.9999659061431885,0.002048194408416748,0.9980611205101013,0.2937394976615906,96.4839255499154,-1.6604624929497902,92.0492121154221,-4.330106185576426,0.9882098436355591,0.02477133274078369,0.9965267777442932,-0.0027270913124084473,0.9936863780021667,-0.004184842109680176,0.9861248731613159,0.03579533100128174,84.49971799210377,-13.211505922165841,50.65258030469245,-44.90848950554296
Explosion020_x264,Explosion,1280,210,0.9505796432495117,0.9994738698005676,0.9955364465713501,0.9417563676834106,72.66488651535381,25.874869389516803,0.9978550672531128,0.9996650218963623,0.9992405772209167,0.9975832104682922,76.25367156208279,28.167871045690596,0.9924445152282715,0.041864871978759766,0.9998076558113098,0.0003337860107421875,0.9976720809936523,0.002135634422302246,0.9914186000823975,0.049662232398986816,72.46550956831331,-0.19937694704050557,50.27799713099896,24.40312774148216,0.9906759262084961,-0.007179141044616699,0.9962908029556274,-0.0033742189407348633,0.9949390888214111,-0.004301488399505615,0.9898391962051392,-0.007744014263153076,77.1935914552737,0.9399198931909183,29.150857296886052,0.9829862511954559
Explosion021_x264,Explosion,768,135,0.9552720189094543,0.9999903440475464,0.9990637898445129,0.9459325671195984,31.73541630097712,14.06620191260714,0.993546724319458,0.9998800754547119,0.9995329976081848,0.9922700524330139,42.52003978702241,15.993608788761652,0.933482825756073,-0.021789193153381348,0.9999359846115112,-5.435943603515625e-05,0.9969139099121094,-0.0021498799324035645,0.9199548363685608,-0.025977730751037598,34.263062430518985,2.527646129541864,14.527342773517832,0.4611408609106924,0.9816024899482727,-0.011944234371185303,0.9959353804588318,-0.003944694995880127,0.9941538572311401,-0.005379140377044678,0.9789255857467651,-0.01334446668624878,53.435726405710604,10.915686618688191,19.657934802815603,3.6643260140539518
Explosion022_x264,Explosion,3584,190,0.11346597969532013,0.99854576587677,0.9924660921096802,0.06425854563713074,99.98790435133206,99.65334008097166,0.24750439822673798,0.9951902031898499,0.9841138124465942,0.20626814663410187,99.9184319077009,98.53127136021872,0.11237548291683197,-0.0010904967784881592,0.9978955984115601,-0.0006501674652099609,0.9878843426704407,-0.004581749439239502,0.06336348503828049,-0.0008950605988502502,99.79437397264523,-0.19353037868683032,96.52866541353384,-3.124674667437816,0.3362932801246643,0.08878888189792633,0.9668855667114258,-0.028304636478424072,0.9552800059318542,-0.02883380651473999,0.3016417324542999,0.09537358582019806,99.898582638092,-0.019849269608911868,98.18626548889706,-0.3450058713216606
Explosion025_x264,Explosion,496,160,0.001150451134890318,0.009439682587981224,0.0009470013901591301,0.0012473318492993712,66.30952380952381,40.297428266178265,0.014958448708057404,0.025424182415008545,0.02144240215420723,0.011870852671563625,99.52380952380952,98.96474358974359,0.0009325484279543161,-0.00021790270693600178,0.008615344762802124,-0.0008243378251791,0.0005262572667561471,-0.00042074412340298295,0.001126020448282361,-0.00012131140101701021,66.3095238095238,-1.4210854715202004e-14,40.074550266984474,-0.22287799919379125,0.06354334205389023,0.048584893345832825,0.11738830804824829,0.09196412563323975,0.10102327167987823,0.079580869525671,0.04569576308131218,0.033824910409748554,99.88095238095238,0.3571428571428612,99.58522727272727,0.6204836829836751
Explosion027_x264,Explosion,768,75,0.9326238632202148,0.9891167283058167,0.9210697412490845,0.933874249458313,23.87974987974988,7.411341815320241,0.9858519434928894,0.9917867183685303,0.9837878346443176,0.9860753417015076,26.003848003848002,7.831110418835752,0.9114384651184082,-0.02118539810180664,0.9828128218650818,-0.006303906440734863,0.9124365448951721,-0.008633196353912354,0.9113303422927856,-0.022543907165527344,23.202501202501207,-0.6772486772486737,7.332109277226248,-0.07923253809399267,0.9866746068000793,0.0008226633071899414,0.9942052960395813,0.0024185776710510254,0.9897147417068481,0.005926907062530518,0.9863455891609192,0.0002702474594116211,54.786916786916784,28.78306878306878,11.959288014722798,4.128177595887046
Explosion028_x264,Explosion,1696,420,0.8404602408409119,0.9988874793052673,0.9396986365318298,0.807795524597168,34.899238692342145,19.29539620200448,0.9424685835838318,0.9986956119537354,0.9776875972747803,0.9308761358261108,22.873563218390807,17.145166134662936,0.8653658032417297,0.02490556240081787,0.9994606375694275,0.0005731582641601562,0.8991914391517639,-0.04050719738006592,0.8542320728302002,0.04643654823303223,21.942080907598154,-12.957157784743991,17.112525062166924,-2.1828711398375553,0.9592146277427673,0.016746044158935547,0.9928579330444336,-0.005837678909301758,0.9623810052871704,-0.015306591987609863,0.9581724405288696,0.02729630470275879,22.180922525750116,-0.6926406926406905,17.11819128436931,-0.026974850293626673
Explosion029_x264,Explosion,2400,190,0.9535583257675171,0.9955360889434814,0.9707807898521423,0.9520777463912964,64.87211240771612,10.871317032070875,0.9952470064163208,0.9981523752212524,0.9980370998382568,0.9950070381164551,99.34889259347464,91.865447418079,0.9903940558433533,0.03683573007583618,0.9995360374450684,0.003999948501586914,0.9960348606109619,0.02525407075881958,0.9899091720581055,0.03783142566680908,39.334603477018334,-25.537508930697783,6.788728561550378,-4.082588470520498,0.9963523149490356,0.0011053085327148438,0.9980021119117737,-0.00015026330947875977,0.9968116879463196,-0.0012254118919372559,0.9963127970695496,0.0013057589530944824,51.299356989759474,-48.04953560371517,8.006512413293697,-83.85893500478531
Explosion033_x264,Explosion,3152,1982,0.7355179190635681,0.9996402263641357,0.98082435131073,0.31996458768844604,98.44420295479833,99.09836102261956,0.9019203782081604,0.9998772144317627,0.9932818412780762,0.7471523284912109,93.9842341759597,93.73873989008435,0.743137001991272,0.007619082927703857,0.9987371563911438,-0.0009030699729919434,0.9516814947128296,-0.02914285659790039,0.3898594081401825,0.06989482045173645,97.40648744685072,-1.0377155079476097,98.62396281628746,-0.47439820633209706,0.9187104105949402,0.016790032386779785,0.9925060868263245,-0.007371127605438232,0.9423976540565491,-0.0508841872215271,0.8785838484764099,0.13143151998519897,86.14341035128119,-7.840823824678509,89.21282566740555,-4.525914222678793
Explosion035_x264,Explosion,2864,100,0.8181776404380798,0.99608314037323,0.7730225920677185,0.8198113441467285,24.784370477568736,2.6044357353967054,0.9882277250289917,0.9996622800827026,0.9875171184539795,0.9882535338401794,18.67149059334298,2.434556554624819,0.8790490627288818,0.060871422290802,0.999829888343811,0.0037467479705810547,0.8301025629043579,0.057079970836639404,0.8808199167251587,0.061008572578430176,18.984081041968164,-5.800289435600572,2.4290850422495005,-0.17535069314720486,0.9823176860809326,-0.005910038948059082,0.9977952837944031,-0.0018669962882995605,0.9891384840011597,0.0016213655471801758,0.9820709228515625,-0.006182610988616943,20.08393632416787,1.4124457308248886,2.4669478987594013,0.03239134413458222
Explosion036_x264,Explosion,5312,120,0.9990744590759277,0.9999945163726807,0.9997060298919678,0.9990599155426025,23.045711350796097,1.6229619927456127,0.999206006526947,0.9999295473098755,0.9997339844703674,0.9991938471794128,76.93888032871084,5.118190056697529,0.999507486820221,0.0004330277442932129,0.9999911785125732,-3.337860107421875e-06,0.9989068508148193,-0.0007991790771484375,0.9995214343070984,0.0004615187644958496,6.769388803287107,-16.27632254750899,1.3601737410258568,-0.26278825171975595,0.9958474040031433,-0.003358602523803711,0.9984753727912903,-0.001454174518585205,0.9951011538505554,-0.004632830619812012,0.9958646297454834,-0.0033292174339294434,30.77041602465332,-46.16846430405752,1.7039370347746219,-3.4142530219229066
Explosion039_x264,Explosion,992,90,0.9581896066665649,0.9994409680366516,0.957200288772583,0.9582883715629578,35.59251047055925,7.850786268663898,0.9925411343574524,0.999336838722229,0.9944822788238525,0.9923473000526428,39.219019462921906,8.262708142396663,0.9790001511573792,0.02081054449081421,0.9999086856842041,0.00046771764755249023,0.9829733967781067,0.02577310800552368,0.978603720664978,0.020315349102020264,24.279379157427936,-11.313131313131311,6.646587950400612,-1.2041983182632858,0.9950580596923828,0.00251692533493042,0.998309314250946,-0.001027524471282959,0.9928702712059021,-0.0016120076179504395,0.9952763915061951,0.002929091453552246,8.117762995811779,-31.101256467110126,5.799299444535146,-2.4634086978615173
Explosion043_x264,Explosion,7632,140,0.5442110300064087,0.9998316764831543,0.977740466594696,0.5361098647117615,68.01235603691556,2.8915917867783416,0.5109182000160217,0.9995599985122681,0.9887679815292358,0.5019888877868652,59.59194569445504,2.479055930086418,0.8919286727905273,0.34771764278411865,0.999915361404419,8.368492126464844e-05,0.9986035227775574,0.020863056182861328,0.8899352550506592,0.3538253903388977,77.32362138662192,9.31126534970636,4.322573805542,1.4309820187636588,0.9760595560073853,0.4651413559913635,0.9975728988647461,-0.0019870996475219727,0.9943026900291443,0.005534708499908447,0.97571861743927,0.4737297296524048,83.86469376859125,24.27274807413621,7.248060647984962,4.769004717898545
Fighting003_x264,Fighting,3088,1268,0.9872317910194397,0.9998700618743896,0.9958733916282654,0.9812111854553223,62.84292994072174,63.62918269825446,0.9992665648460388,0.9998982548713684,0.9994403719902039,0.9991454482078552,66.46757028460499,64.33597124574729,0.9922487735748291,0.005016982555389404,0.9998844861984253,1.4424324035644531e-05,0.995712399482727,-0.00016099214553833008,0.9898356795310974,0.008624494075775146,61.10410094637224,-1.7388289943494968,64.82355915886184,1.19437646060738,0.9904723763465881,-0.008794188499450684,0.9978124499320984,-0.0020858049392700195,0.9913901686668396,-0.008050203323364258,0.989832878112793,-0.009312570095062256,57.14944361632058,-9.318126668284407,60.69057981870182,-3.6453914270454675
Fighting018_x264,Fighting,1376,340,0.9669985175132751,0.9999903440475464,0.9979129433631897,0.9568527936935425,69.93186463774698,54.54344239512856,0.9951386451721191,0.999989926815033,0.9999691843986511,0.9935533404350281,88.89166477401773,83.35119740652506,0.9308736324310303,-0.03612488508224487,0.9999618530273438,-2.849102020263672e-05,0.9978869557380676,-2.5987625122070312e-05,0.9088807702064514,-0.047972023487091064,76.00953895071542,6.0776743129684405,64.02189092660227,9.47844853147371,0.9857591986656189,-0.009379446506500244,0.9989063739776611,-0.0010835528373718262,0.9983896613121033,-0.0015795230865478516,0.9816140532493591,-0.011939287185668945,91.45355439473086,2.5618896207131314,85.17398520811837,1.8227878015933072
Fighting033_x264,Fighting,1104,270,0.9892849922180176,0.9999953508377075,0.9999523162841797,0.985831618309021,88.92352784439116,78.21823642919273,0.9987578392028809,0.9999605417251587,0.9999231696128845,0.9983805418014526,82.61390887290169,49.059542326737024,0.9863366484642029,-0.0029483437538146973,0.9999920129776001,-3.337860107421875e-06,0.9999386072158813,-1.3709068298339844e-05,0.9819329977035522,-0.00389862060546875,91.25410782485123,2.3305799804600724,84.31546322232595,6.097226793133217,0.9963316917419434,-0.0024261474609375,0.9991022944450378,-0.0008582472801208496,0.9988757967948914,-0.001047372817993164,0.9955080151557922,-0.0028725266456604004,94.01101341149304,11.39710453859135,89.95162159514011,40.89207926840309
Fighting042_x264,Fighting,2224,910,0.9744382500648499,0.9998427629470825,0.99827641248703,0.9579294323921204,99.26823556960542,99.05989028381748,0.9965881705284119,0.9992939233779907,0.9985870122909546,0.995203971862793,96.25754762741063,94.5787647798097,0.938819944858551,-0.03561830520629883,0.999562680721283,-0.00028008222579956055,0.9967067837715149,-0.0015696287155151367,0.8987307548522949,-0.05919867753982544,97.279843444227,-1.9883921253784251,95.54032328033645,-3.519567003481029,0.9932808876037598,-0.0033072829246520996,0.9984496235847473,-0.0008442997932434082,0.9976432919502258,-0.0009437203407287598,0.9902598261833191,-0.004944145679473877,97.70267783966413,1.4451302122535026,95.36910899868775,0.7903442188780474
Fighting047_x264,Fighting,4448,1630,0.7970758080482483,0.9998224377632141,0.7414877414703369,0.8292292356491089,59.583614537569616,63.49653837011955,0.9417999982833862,0.9993445873260498,0.8897968530654907,0.9718798398971558,61.29182686237029,66.35695540417888,0.7464462518692017,-0.05062955617904663,0.9986121654510498,-0.0012102723121643066,0.7073086500167847,-0.034179091453552246,0.7690844535827637,-0.060144782066345215,61.505005072561566,1.92139053499195,67.84489366890382,4.34835529878427,0.9056355357170105,-0.03616446256637573,0.9960904121398926,-0.0032541751861572266,0.8921364545822144,0.002339601516723633,0.9134437441825867,-0.05843609571456909,64.90749650581058,3.6156696434402917,70.22732381271946,3.8703684085405854
RoadAccidents001_x264,RoadAccidents,1360,90,0.9955945014953613,0.9999200105667114,0.9956112504005432,0.9955931901931763,16.544181977252848,4.672321795406358,0.9988023042678833,0.9998025298118591,0.9982947707176208,0.9988382458686829,16.65616797900263,4.616834779704153,0.9987435936927795,0.003149092197418213,0.9999926090240479,7.259845733642578e-05,0.9992760419845581,0.0036647915840148926,0.9987058639526367,0.0031126737594604492,16.544181977252848,0.0,4.672321795406358,0.0,0.9979479908943176,-0.0008543133735656738,0.9988390803337097,-0.0009634494781494141,0.9973510503768921,-0.0009437203407287598,0.9979903697967529,-0.0008478760719299316,18.22397200349957,1.5678040244969402,4.676681339724818,0.059846560020665684
RoadAccidents002_x264,RoadAccidents,336,60,0.3034098744392395,0.9980212450027466,0.8929956555366516,0.17523904144763947,87.10144927536231,48.00000000000001,0.4440094530582428,0.9995854496955872,0.9641193151473999,0.3309420645236969,87.10144927536231,48.00000000000001,0.29465699195861816,-0.008752882480621338,0.9960348010063171,-0.0019864439964294434,0.8769283294677734,-0.016067326068878174,0.1680762618780136,-0.0071627795696258545,87.10144927536231,0.0,48.00000000000001,0.0,0.557488739490509,0.11347928643226624,0.9843329787254333,-0.015252470970153809,0.9372025728225708,-0.0269167423248291,0.47494229674339294,0.14400023221969604,87.10144927536231,0.0,48.00000000000001,0.0
RoadAccidents004_x264,RoadAccidents,384,49,0.19503384828567505,0.7156179547309875,0.06792813539505005,0.21362543106079102,34.64818763326226,12.203251601392436,0.13545723259449005,0.5910197496414185,0.0597001388669014,0.1465381383895874,41.76363082546452,13.570517492711371,0.24526309967041016,0.05022925138473511,0.9096090793609619,0.19399112462997437,0.06282234191894531,-0.005105793476104736,0.27194851636886597,0.05832308530807495,34.64818763326226,0.0,12.203251601392436,0.0,0.45968136191368103,0.324224129319191,0.7349036335945129,0.14388388395309448,0.39651918411254883,0.33681904524564743,0.4689200222492218,0.3223818838596344,41.76363082546452,0.0,13.570517492711371,0.0
RoadAccidents009_x264,RoadAccidents,912,30,0.37581169605255127,0.5244616270065308,0.2331099659204483,0.38066551089286804,21.21693121693122,3.1020122051789545,0.7066810727119446,0.8081365823745728,0.6505087018013,0.7085916996002197,29.198790627362055,3.4674796747967482,0.5519807934761047,0.17616909742355347,0.6731138825416565,0.14865225553512573,0.42542174458503723,0.19231177866458893,0.5562855005264282,0.17561998963356018,19.28193499622071,-1.9349962207105094,3.04688731284476,-0.055124892334194264,0.8905777335166931,0.18389666080474854,0.926946759223938,0.11881017684936523,0.9007042050361633,0.2501955032348633,0.8902333378791809,0.18164163827896118,35.608465608465615,6.40967498110356,3.78411306042885,0.31663338563210175
RoadAccidents010_x264,RoadAccidents,528,40,0.7588064074516296,0.9797652363777161,0.8798812627792358,0.7488822937011719,47.049180327868854,9.257610939112487,0.9483808279037476,0.9899402260780334,0.954055666923523,0.9479156732559204,50.32786885245901,9.798049428104576,0.9342619180679321,0.1754555106163025,0.9967544674873352,0.01698923110961914,0.9954055547714233,0.1155242919921875,0.9292500615119934,0.18036776781082153,57.213114754098356,10.163934426229503,11.032239819004525,1.7746288798920382,0.9742493033409119,0.025868475437164307,0.9910091161727905,0.00106889009475708,0.9898117184638977,0.035756051540374756,0.9729737043380737,0.02505803108215332,91.63934426229508,41.31147540983607,41.87499999999999,32.076950571895416
RoadAccidents011_x264,RoadAccidents,2144,40,0.25385889410972595,0.8780470490455627,0.19609491527080536,0.25495702028274536,45.057034220532316,2.198153409090909,0.20975500345230103,0.7893293499946594,0.28218793869018555,0.20837794244289398,79.73384030418251,5.697595588899937,0.6241901516914368,0.3703312575817108,0.9947786331176758,0.11673158407211304,0.461447536945343,0.26535262167453766,0.627284049987793,0.3723270297050476,13.574144486692013,-31.482889733840302,1.4435889611354975,-0.7545644479554117,0.9632065296173096,0.7534515261650085,0.9915919303894043,0.20226258039474487,0.9561750292778015,0.673987090587616,0.9633402228355408,0.7549622803926468,25.513307984790877,-54.22053231939163,1.6579959514170042,-4.039599637482932
RoadAccidents012_x264,RoadAccidents,464,140,0.2515156865119934,0.6008828282356262,0.28886398673057556,0.23537757992744446,75.96119929453262,45.95262723387724,0.14482852816581726,0.19423264265060425,0.16919776797294617,0.134298637509346,91.26984126984127,73.32522239665097,0.3491998016834259,0.0976841151714325,0.867705225944519,0.2668223977088928,0.3971409201622009,0.10827693343162537,0.32848453521728516,0.0931069552898407,76.17283950617283,0.21164021164021563,46.165539321789325,0.2129120879120876,0.6008478403091431,0.4560193121433258,0.7563844919204712,0.5621518492698669,0.6593595147132874,0.4901617467403412,0.5755651593208313,0.4412665218114853,77.1604938271605,-14.109347442680772,47.02626341912056,-26.29895897753041
RoadAccidents016_x264,RoadAccidents,2192,190,0.19329096376895905,0.8276540040969849,0.4597426950931549,0.16800332069396973,79.34328829065672,42.60026931875713,0.010253619402647018,0.048538804054260254,0.02547089196741581,0.008809422142803669,83.88611388611389,46.062039675631404,0.12907981872558594,-0.06421114504337311,0.7966387271881104,-0.03101527690887451,0.4368330240249634,-0.02290967106819153,0.09987246245145798,-0.06813085824251175,83.93658972606342,4.593301435406701,49.57144225089665,6.971172932139524,0.1433207094669342,0.13306709006428719,0.5234456062316895,0.4749068021774292,0.3575708866119385,0.33209999464452267,0.1229872778058052,0.11417785566300154,90.38067195961933,6.494558073505445,61.91411423948039,15.852074563848987
RoadAccidents017_x264,RoadAccidents,240,70,0.12218689918518066,0.1779962033033371,0.08856066316366196,0.13603298366069794,11.008403361344534,20.544574473145904,0.33798232674598694,0.4539145231246948,0.41584059596061707,0.30592310428619385,64.78991596638654,38.78684807256236,0.6528111696243286,0.530624270439148,0.9452306032180786,0.7672343999147415,0.5248310565948486,0.4362703934311867,0.7055087089538574,0.5694757252931595,32.52100840336134,21.51260504201681,25.5852084423513,5.040633969205395,0.9437692165374756,0.6057868897914886,0.9711921215057373,0.5172775983810425,0.9388534426689148,0.5230128467082977,0.9457934498786926,0.6398703455924988,35.21008403361344,-29.579831932773104,26.459750566893426,-12.327097505668931
RoadAccidents019_x264,RoadAccidents,1312,150,0.6096227169036865,0.9985917210578918,0.9034808278083801,0.5716891884803772,64.42111302352266,15.991720855020827,0.9439534544944763,0.9988415837287903,0.984790563583374,0.9386818408966064,65.54102122776821,16.192529017521785,0.7777494192123413,0.16812670230865479,0.9999500513076782,0.001358330249786377,0.981781005859375,0.07830017805099487,0.7514113783836365,0.17972218990325928,64.54962707974757,0.1285140562249012,16.070848878297785,0.079128023276958,0.9553280472755432,0.011374592781066895,0.9969446063041687,-0.001896977424621582,0.9905745387077332,0.005783975124359131,0.9507781267166138,0.012096285820007324,67.0281124497992,1.4870912220309833,16.56996644969172,0.3774374321699341
RoadAccidents020_x264,RoadAccidents,1760,120,0.8899043798446655,0.9997559189796448,0.9867387413978577,0.8828189969062805,65.3821138211382,10.098970213723577,0.9746208786964417,0.9963893890380859,0.9889376759529114,0.9735732674598694,76.14634146341463,13.787758099180515,0.9948316812515259,0.10492730140686035,0.9999804496765137,0.00022453069686889648,0.9996572136878967,0.012918472290039062,0.9944786429405212,0.11165964603424072,76.52032520325204,11.138211382113838,14.091454163626343,3.9924839499027662,0.9823700785636902,0.007749199867248535,0.9930093884468079,-0.003380000591278076,0.9911984801292419,0.0022608041763305664,0.981723964214325,0.008150696754455566,82.11382113821138,5.967479674796749,17.3105385924889,3.5227804933083853
RoadAccidents021_x264,RoadAccidents,144,60,0.6819291710853577,0.7395853400230408,0.7276223301887512,0.6492911577224731,98.88888888888889,97.60416666666667,0.881031334400177,0.9436544179916382,0.9148710370063782,0.8568602800369263,63.96825396825396,51.45833333333334,0.7788522243499756,0.09692305326461792,0.9429817199707031,0.20339637994766235,0.7356892824172974,0.008066952228546143,0.8096827268600464,0.16039156913757324,35.39682539682539,-63.492063492063494,38.135912698412696,-59.468253968253975,0.980284571647644,0.09925323724746704,0.9837366938591003,0.04008227586746216,0.9800040125846863,0.0651329755783081,0.9804852604866028,0.12362498044967651,41.74603174603174,-22.22222222222222,40.67361111111111,-10.784722222222236
RoadAccidents022_x264,RoadAccidents,704,100,0.17696410417556763,0.8547824025154114,0.07636935263872147,0.19361886382102966,39.88079470198676,12.748840361116576,0.4720703363418579,0.9548161029815674,0.43790191411972046,0.47772738337516785,47.29801324503312,14.289413021944783,0.2319440394639969,0.05497993528842926,0.9697562456130981,0.11497384309768677,0.1321583092212677,0.055788956582546234,0.24846486747264862,0.05484600365161896,53.65562913907284,13.774834437086085,15.806468253968253,3.057627892851677,0.6407589316368103,0.1686885952949524,0.9703375101089478,0.015521407127380371,0.683732271194458,0.24583035707473755,0.633644163608551,0.15591678023338318,54.185430463576154,6.887417218543035,15.97264743054217,1.6832344085973858
RoadAccidents121_x264,RoadAccidents,1824,60,0.9882077574729919,0.9999569654464722,0.9968435764312744,0.9879140257835388,19.463340891912324,2.5131596573506028,0.9920257925987244,0.9996816515922546,0.9958040714263916,0.9918972849845886,20.521541950113377,2.519827492541676,0.9978806376457214,0.009672880172729492,0.9999953508377075,3.838539123535156e-05,0.9996954798698425,0.0028519034385681152,0.9978189468383789,0.009904921054840088,20.279667422524565,0.8163265306122405,2.540278846722988,0.027119189372385222,0.9967758655548096,0.004750072956085205,0.9981932044029236,-0.0014884471893310547,0.9978116154670715,0.0020075440406799316,0.9967406392097473,0.004843354225158691,59.221466364323504,38.69992441421013,4.757219646025616,2.23739215348394
RoadAccidents122_x264,RoadAccidents,640,60,0.3345372974872589,0.5556278824806213,0.3832860589027405,0.32949429750442505,51.74712643678161,11.389774942406522,0.4449911117553711,0.623375415802002,0.4629538953304291,0.4431329071521759,51.74712643678161,11.389774942406522,0.8547849655151367,0.5202476680278778,0.9917820692062378,0.43615418672561646,0.9726029634475708,0.5893169045448303,0.8425968885421753,0.5131025910377502,51.74712643678161,0.0,11.389774942406522,0.0,0.9708963632583618,0.5259052515029907,0.993924081325531,0.37054866552352905,0.983584463596344,0.5206305682659149,0.9695838689804077,0.5264509618282318,51.74712643678161,0.0,11.389774942406522,0.0
RoadAccidents123_x264,RoadAccidents,992,80,0.6784880757331848,0.9150828123092651,0.5762304067611694,0.6874580979347229,29.60526315789474,6.691837688351937,0.9717664122581482,0.9927240610122681,0.9736019372940063,0.9716054201126099,30.13157894736842,6.813079867554084,0.8134430646896362,0.13495498895645142,0.940453290939331,0.025370478630065918,0.9107210040092468,0.3344905972480774,0.8049099445343018,0.11745184659957886,69.69298245614036,40.08771929824562,18.814665740438052,12.122828052086115,0.9308611750602722,-0.04090523719787598,0.9534396529197693,-0.03928440809249878,0.9400081634521484,-0.03359377384185791,0.9300587773323059,-0.041546642780303955,59.82456140350877,29.692982456140346,11.099807891383978,4.286728023829895
RoadAccidents124_x264,RoadAccidents,1488,170,0.9427472352981567,0.9999669790267944,0.899517297744751,0.948323130607605,18.651254128358477,7.773926946136717,0.9941414594650269,0.9993900060653687,0.9883479475975037,0.9948887228965759,18.922610015174506,7.811578586194351,0.9975845813751221,0.05483734607696533,0.9999936819076538,2.6702880859375e-05,0.9990546703338623,0.09953737258911133,0.9973950386047363,0.04907190799713135,18.96545568151388,0.314201553155403,7.817664272659785,0.043737326523068276,0.9941350221633911,-6.4373016357421875e-06,0.9969491362571716,-0.0024408698081970215,0.9922916293144226,0.003943681716918945,0.9943727254867554,-0.0005159974098205566,18.96545568151388,0.04284566633937459,7.817664272659785,0.006085686465434392
RoadAccidents125_x264,RoadAccidents,1760,110,0.859211802482605,0.995455265045166,0.9882308840751648,0.8506106734275818,93.36308539944905,58.02207792207792,0.9921458959579468,0.9973435997962952,0.9964838027954102,0.9918566346168518,94.80881542699724,62.46517296517297,0.8084073662757874,-0.05080443620681763,0.986758291721344,-0.008696973323822021,0.9759312272071838,-0.012299656867980957,0.7972391247749329,-0.053371548652648926,94.73829201101928,1.3752066115702348,50.58314673831915,-7.438931183758768,0.9490384459495544,-0.043107450008392334,0.9744643568992615,-0.02287924289703369,0.9696800112724304,-0.026803791522979736,0.9476622939109802,-0.04419434070587158,87.35096418732782,-7.457851239669424,28.95438563219312,-33.510787332979845
RoadAccidents127_x264,RoadAccidents,2576,140,0.04902702942490578,0.4704607129096985,0.14968861639499664,0.04324187710881233,85.56181093126906,20.765222953476513,0.05918541178107262,0.39956390857696533,0.06790756434202194,0.05868413671851158,81.1705371803894,14.115404739350563,0.07621782273054123,0.027190793305635452,0.40353110432624817,-0.06692960858345032,0.3055749833583832,0.15588636696338654,0.06303637474775314,0.01979449763894081,97.5158339197748,11.954022988505741,81.51322751322752,60.74800455975101,0.2532006800174713,0.1940152682363987,0.5443025827407837,0.14473867416381836,0.4816456437110901,0.41373807936906815,0.24007166922092438,0.1813875325024128,98.02251935256862,16.85198217217922,80.53320023661638,66.41779549726581
RoadAccidents128_x264,RoadAccidents,560,110,0.9743351340293884,0.9977400302886963,0.9835569858551025,0.9720808863639832,20.262626262626256,14.278540947036245,0.9966121315956116,0.9985485076904297,0.9960199594497681,0.9967568516731262,21.038383838383833,14.304639250646511,0.9887440204620361,0.014408886432647705,0.9997569918632507,0.0020169615745544434,0.9941216111183167,0.010564625263214111,0.9874294996261597,0.015348613262176514,20.0040404040404,-0.2585858585858567,14.271354457636315,-0.0071864893999293855,0.9925454258918762,-0.0040667057037353516,0.9947189092636108,-0.0038295984268188477,0.9914581179618835,-0.0045618414878845215,0.9928111433982849,-0.003945708274841309,22.589898989898984,1.5515151515151508,14.507984231024984,0.20334498037847304
RoadAccidents131_x264,RoadAccidents,1520,60,0.7509441375732422,0.9472881555557251,0.8707655668258667,0.7460200190544128,57.01369863013698,5.54958426271529,0.9875722527503967,0.9971773028373718,0.9931020140647888,0.9873450994491577,49.78082191780822,4.747937036266555,0.894299328327179,0.14335519075393677,0.9819197058677673,0.034631550312042236,0.9525851011276245,0.08181953430175781,0.8919039964675903,0.1458839774131775,57.67123287671232,0.657534246575338,5.606516290726817,0.05693202801152708,0.9512735605239868,-0.03629869222640991,0.9699344038963318,-0.02724289894104004,0.9577925205230713,-0.03530949354171753,0.9510056376457214,-0.03633946180343628,54.38356164383562,4.6027397260274014,5.196997446997447,0.4490604107308913
RoadAccidents132_x264,RoadAccidents,1856,100,0.12562952935695648,0.497145414352417,0.19069918990135193,0.12192394584417343,85.80865603644646,17.553621783161425,0.05336591973900795,0.31883853673934937,0.06220332160592079,0.05286264792084694,88.25056947608202,20.443380830593107,0.20660577714443207,0.08097624778747559,0.5542353987693787,0.05708998441696167,0.4466659426689148,0.25596675276756287,0.19293494522571564,0.0710109993815422,94.66514806378132,8.856492027334852,38.69296846943906,21.139346686277634,0.5198491811752319,0.466483261436224,0.7129124402999878,0.3940739035606384,0.6472566723823547,0.585053350776434,0.5125936269760132,0.45973097905516624,90.0,1.7494305239179795,23.26766917293233,2.824288342339223
RoadAccidents133_x264,RoadAccidents,672,180,0.8995576500892639,0.9999926090240479,0.9998279213905334,0.8628734350204468,82.61065943992773,62.87763337179813,0.966171145439148,0.9997375011444092,0.9994440674781799,0.9539982080459595,80.96657633242998,67.61227871099152,0.9725251197814941,0.07296746969223022,0.9999759197235107,-1.6689300537109375e-05,0.9998691082000732,4.118680953979492e-05,0.9625211954116821,0.09964776039123535,76.99186991869918,-5.61878952122855,55.72544093051339,-7.15219244128474,0.9847719073295593,0.018600761890411377,0.9971842169761658,-0.002553284168243408,0.9938405156135559,-0.0056035518646240234,0.9814541339874268,0.027455925941467285,54.878048780487795,-26.088527551942185,28.659645996555405,-38.95263271443611
Robbery048_x264,Robbery,1408,480,0.948886513710022,0.9997454285621643,0.998911440372467,0.9230114221572876,97.35632183908046,94.86360457170268,0.9887657165527344,0.9979891180992126,0.9971846342086792,0.9844111204147339,95.45977011494251,90.48800856790666,0.9647378325462341,0.015851318836212158,0.9997734427452087,2.8014183044433594e-05,0.99898362159729,7.218122482299805e-05,0.9470245242118835,0.024013102054595947,91.95402298850574,-5.402298850574724,86.14461387356513,-8.718990698137546,0.9912307262420654,0.0024650096893310547,0.998426079750061,0.00043696165084838867,0.997797966003418,0.0006133317947387695,0.9878339171409607,0.0034227967262268066,99.25287356321839,3.793103448275872,98.47090238802771,7.982893820121049
Robbery050_x264,Robbery,1696,915,0.03775212913751602,0.1826968789100647,0.06292809545993805,0.00825660489499569,84.35808092469371,88.90832060042261,0.010178390890359879,0.01830953359603882,0.012926989234983921,0.006958199664950371,85.38800612917444,90.78960700872818,0.10325969755649567,0.06550756841897964,0.2826731503009796,0.09997627139091492,0.15032339096069336,0.08739529550075531,0.04812106117606163,0.03986445628106594,85.16187037775586,0.8037894530621514,89.76648898858144,0.8581683881588305,0.13549788296222687,0.125319492071867,0.21044695377349854,0.19213742017745972,0.15886831283569336,0.14594132360070944,0.10811764746904373,0.10115944780409336,83.00798331968961,-2.380022809484828,89.51259898954451,-1.2770080191836684
Robbery102_x264,Robbery,1824,480,0.9774832725524902,0.9999916553497314,0.9999755620956421,0.9694501161575317,99.92063492063492,99.76419366074538,0.9949145317077637,0.9995980262756348,0.9993635416030884,0.9933257102966309,99.5436507936508,98.58204991691777,0.9784190058708191,0.0009357333183288574,0.9999934434890747,1.7881393432617188e-06,0.9999796152114868,4.0531158447265625e-06,0.9707187414169312,0.001268625259399414,99.60317460317461,-0.31746031746031633,98.98246664257101,-0.7817270181743652,0.9857214093208313,-0.009193122386932373,0.9982786178588867,-0.0013194084167480469,0.9975674748420715,-0.0017960667610168457,0.9814906120300293,-0.011835098266601562,92.18253968253968,-7.361111111111114,74.84772795495812,-23.73432196195965
Robbery106_x264,Robbery,1184,120,0.5343584418296814,0.9666337370872498,0.9536124467849731,0.48707419633865356,96.06516290726816,59.830687830687836,0.8468530774116516,0.971706748008728,0.9698381423950195,0.83298259973526,97.86967418546367,86.16849816849816,0.6598249673843384,0.12546652555465698,0.992511510848999,0.025877773761749268,0.9917005300521851,0.038088083267211914,0.6223953366279602,0.13532114028930664,99.97493734335839,3.909774436090231,99.58333333333333,39.75264550264549,0.9180463552474976,0.07119327783584595,0.9845610857009888,0.012854337692260742,0.9813864827156067,0.011548340320587158,0.9109027981758118,0.07792019844055176,94.56140350877193,-3.308270676691734,52.79365079365079,-33.37484737484737
Robbery137_x264,Robbery,2192,1815,0.9521539807319641,0.9999629259109497,0.9934781789779663,0.7532063722610474,98.0335547420187,99.59512687255557,0.9777076840400696,0.9958757758140564,0.9887369871139526,0.9246096611022949,91.77156177156178,98.14970279826196,0.9288855791091919,-0.023268401622772217,0.9999934434890747,3.0517578125e-05,0.9897427558898926,-0.0037354230880737305,0.6358994841575623,-0.11730688810348511,98.52693805671862,0.49338331469992625,99.70789746215375,0.11277058959818476,0.9891828298568726,0.011475145816802979,0.9981129765510559,0.0022372007369995117,0.995439887046814,0.006702899932861328,0.9590595960617065,0.03444993495941162,97.73191281028272,5.960351038720944,99.54741654691338,1.3977137486514266
Shooting002_x264,Shooting,1200,80,0.9941193461418152,0.9986022114753723,0.9984310269355774,0.9938113689422607,96.78571428571429,85.00986842105263,0.999533474445343,0.999927282333374,0.999664306640625,0.9995242357254028,11.785714285714286,4.443996901585737,0.9996828436851501,0.005563497543334961,0.9999022483825684,0.001300036907196045,0.9998906254768372,0.0014595985412597656,0.9996680021286011,0.005856633186340332,96.57142857142857,-0.2142857142857224,63.33333333333333,-21.6765350877193,0.9981404542922974,-0.0013930201530456543,0.9987343549728394,-0.001192927360534668,0.9985271692276001,-0.0011371374130249023,0.998112678527832,-0.0014115571975708008,83.85714285714285,72.07142857142856,19.869455423803252,15.425458522217514
Shooting004_x264,Shooting,1792,160,0.7481067776679993,0.9660001397132874,0.9629374742507935,0.727044939994812,99.92647058823529,99.13068181818183,0.8690720796585083,0.9983130097389221,0.9982013702392578,0.856412410736084,98.89705882352942,84.68371212121212,0.8276379704475403,0.07953119277954102,0.9992784857749939,0.03327834606170654,0.9991413354873657,0.036203861236572266,0.8108238577842712,0.08377891778945923,99.92647058823529,0.0,99.13068181818183,0.0,0.875122606754303,0.006050527095794678,0.9962217807769775,-0.00209122896194458,0.9959145784378052,-0.0022867918014526367,0.8632803559303284,0.006867945194244385,99.92647058823529,1.0294117647058698,99.13068181818183,14.446969696969703
Shooting007_x264,Shooting,1424,120,0.9888675808906555,0.9997623562812805,0.9726460576057434,0.9903603792190552,8.640081799591002,5.175190031595873,0.9952447414398193,0.9993986487388611,0.9910239577293396,0.9956331849098206,18.261758691206545,5.734221373031297,0.998715877532959,0.009848296642303467,0.99994957447052,0.00018721818923950195,0.9978166222572327,0.025170564651489258,0.9987986087799072,0.00843822956085205,5.961145194274026,-2.6789366053169754,5.066974072805546,-0.10821595879032753,0.996671199798584,0.0014264583587646484,0.9982070922851562,-0.001191556453704834,0.9956318140029907,0.004607856273651123,0.9967668056488037,0.0011336207389831543,9.846625766871167,-8.415132924335378,5.247967803125712,-0.48625356990558544
Shooting008_x264,Shooting,1616,240,0.302552729845047,0.9945724606513977,0.9911523461341858,0.18244817852973938,99.92732558139534,99.51370652427639,0.3087828755378723,0.9726930856704712,0.9644907712936401,0.19441519677639008,99.94670542635659,99.61805555555556,0.24744001030921936,-0.05511271953582764,0.977800726890564,-0.01677173376083374,0.9659936428070068,-0.025158703327178955,0.12211087346076965,-0.06033730506896973,99.97577519379844,0.04844961240310397,99.77430555555556,0.2605990312791704,0.4370875656604767,0.12830469012260437,0.9855173826217651,0.012824296951293945,0.9759532809257507,0.011462509632110596,0.3430993854999542,0.14868418872356415,94.54941860465115,-5.3972868217054355,57.38834404759328,-42.22971150796228
Shooting010_x264,Shooting,2640,165,0.5634546875953674,0.7922945618629456,0.4638664424419403,0.5700939297676086,26.139577594123047,4.591441836606893,0.9139925837516785,0.9572708010673523,0.8952533006668091,0.9152418971061707,17.33198653198653,3.998386819886017,0.9791159629821777,0.4156612753868103,0.9985052347183228,0.2062106728553772,0.9809187650680542,0.5170523226261139,0.9789958000183105,0.4089018702507019,38.57520661157025,12.435629017447205,5.372778945434237,0.7813371088273442,0.9795554280281067,0.06556284427642822,0.9896796941757202,0.03240889310836792,0.9801565408706665,0.08490324020385742,0.9795152544975281,0.06427335739135742,58.21597796143251,40.88399142944598,7.466739493994118,3.468352674108101
Shooting011_x264,Shooting,4000,270,0.9915577173233032,0.9999852180480957,0.9942877888679504,0.9913601279258728,11.04934961771423,4.056081153984936,0.9994109869003296,0.999954342842102,0.9984918832778931,0.9994776248931885,7.557342865653857,3.841779209565663,0.9976979494094849,0.006140232086181641,0.9999953508377075,1.0132789611816406e-05,0.9993600249290466,0.005072236061096191,0.9975775480270386,0.0062174201011657715,11.850064541753548,0.800714924039319,4.078485308431609,0.022404154446673097,0.9959216117858887,-0.003489375114440918,0.9985592365264893,-0.001395106315612793,0.9959719181060791,-0.002519965171813965,0.9959179162979126,-0.003559708595275879,42.97309105352001,35.41574818786615,5.8154924736570885,1.9737132640914257
Shooting013_x264,Shooting,1072,85,0.9998451471328735,0.9999973773956299,0.9999611973762512,0.9998351335525513,21.92681327850289,6.066139962352963,0.9994640946388245,0.9998502731323242,0.9996339082717896,0.9994494318962097,75.72739734191548,18.33545539427892,0.9996454119682312,-0.00019973516464233398,0.99998939037323,-7.987022399902344e-06,0.9998162388801575,-0.00014495849609375,0.9996306300163269,-0.00020450353622436523,17.12080576911616,-4.806007509386731,5.677642618979655,-0.38849734337330855,0.998870849609375,-0.0005932450294494629,0.9992761611938477,-0.0005741119384765625,0.9988934397697449,-0.0007404685020446777,0.9988688826560974,-0.0005805492401123047,40.006555813814884,-35.72084152810059,7.551007576949758,-10.784447817329163
Shooting015_x264,Shooting,1712,857,0.8537434935569763,0.9997720122337341,0.9053929448127747,0.8019733428955078,56.06822384627457,49.63909448542789,0.9960247874259949,0.99979168176651,0.9983808398246765,0.9936631917953491,62.62775764771712,56.40667573488627,0.9789600968360901,0.12521660327911377,0.9998611211776733,8.910894393920898e-05,0.9975678324699402,0.09217488765716553,0.9603090286254883,0.15833568572998047,82.9286849952575,26.860461148982928,83.26819848301803,33.629103997590136,0.9789791107177734,-0.017045676708221436,0.9917394518852234,-0.008052229881286621,0.9868335127830505,-0.011547327041625977,0.9711064100265503,-0.022556781768798828,84.85243641971518,22.224678771998057,83.97916806018304,27.57249232529677
Shooting018_x264,Shooting,1792,165,0.9693892598152161,0.9999649524688721,0.9988784193992615,0.9663986563682556,20.810750405095828,6.425606522839668,0.9983372092247009,0.999924898147583,0.9994291067123413,0.9982264637947083,19.63662438769999,6.341430756493378,0.995503842830658,0.026114583015441895,0.9999371767044067,-2.777576446533203e-05,0.99981689453125,0.0009384751319885254,0.9950664043426514,0.028667747974395752,58.537743755936745,37.726993350840914,12.589755999113061,6.164149476273393,0.9948500394821167,-0.0034871697425842285,0.9982017874717712,-0.0017231106758117676,0.9980218410491943,-0.0014072656631469727,0.9945282936096191,-0.0036981701850891113,99.93015589204896,80.29353150434898,99.37354312354313,93.03211236704975
Shooting019_x264,Shooting,2752,435,0.9825859665870667,0.9998725652694702,0.9967925548553467,0.9799187183380127,85.8156355572753,68.64836598944989,0.9975740909576416,0.9998441338539124,0.9993293285369873,0.9972445964813232,83.47253434137484,72.59746334012553,0.998160183429718,0.015574216842651367,0.9999963045120239,0.00012373924255371094,0.9998165965080261,0.0030240416526794434,0.9978492259979248,0.01793050765991211,84.92189166530243,-0.8937438919728748,70.09397205925751,1.4456060698076243,0.9944486618041992,-0.003125429153442383,0.9972015619277954,-0.0026425719261169434,0.9965265989303589,-0.002802729606628418,0.9940585494041443,-0.003186047077178955,90.30181715357256,6.829282812197718,71.77758070220699,-0.8198826379185391
Shooting021_x264,Shooting,1264,150,0.9583021998405457,0.9979092478752136,0.9971775412559509,0.9530676007270813,98.25852782764811,92.55065789473684,0.9929836392402649,0.9979361891746521,0.9977205395698547,0.9923457503318787,98.62238180730102,92.26406926406926,0.962011992931366,0.0037097930908203125,0.9971489310264587,-0.0007603168487548828,0.9949625730514526,-0.002214968204498291,0.9575752019882202,0.004507601261138916,93.01137043686415,-5.247157390783954,80.81309523809524,-11.7375626566416,0.9931900501251221,0.00020641088485717773,0.9976507425308228,-0.0002854466438293457,0.9971441626548767,-0.0005763769149780273,0.9926576018333435,0.00031185150146484375,93.87312986235786,-4.749251944943168,84.5079365079365,-7.756132756132757
Shooting022_x264,Shooting,4544,450,0.2864677906036377,0.9394246339797974,0.8881983757019043,0.22032739222049713,92.79780708896487,40.87537853753729,0.2862392067909241,0.8200026750564575,0.7321662306785583,0.2372242957353592,90.3678011181675,42.08104369780561,0.4689525067806244,0.1824847161769867,0.9921594858169556,0.0527348518371582,0.9791998267173767,0.09100145101547241,0.4128676652908325,0.1925402730703354,99.50941757585626,6.711610486891388,94.41517965522057,53.53980111768328,0.6356983184814453,0.34945911169052124,0.9861313104629517,0.16612863540649414,0.9782969951629639,0.24613076448440552,0.5980409383773804,0.3608166426420212,99.91065515931172,9.54285404114421,99.16534046961817,57.08429677181256
Shooting024_x264,Shooting,2000,585,0.8713719248771667,0.9932379722595215,0.9836461544036865,0.8249546885490417,77.55338105161427,44.29184737213973,0.9386434555053711,0.9959802031517029,0.9922563433647156,0.9164783954620361,86.5413306756063,56.737489451652515,0.9267868399620056,0.05541491508483887,0.9995531439781189,0.006315171718597412,0.9989708662033081,0.015324711799621582,0.896943986415863,0.07198929786682129,66.6054785418743,-10.947902509739961,35.35646940906806,-8.935377963071666,0.9684616327285767,0.029818177223205566,0.9942439794540405,-0.0017362236976623535,0.991803765296936,-0.000452578067779541,0.958811342716217,0.04233294725418091,75.44652834405484,-11.094802331551463,57.4621508990401,0.7246614473875823
Shooting026_x264,Shooting,1392,405,0.992069661617279,0.9995100498199463,0.9985238313674927,0.9894211292266846,67.35149536567975,55.02251015141692,0.9988416433334351,0.9996306896209717,0.9992469549179077,0.9986752271652222,39.7852327166748,30.159971830815486,0.997123122215271,0.005053460597991943,0.9989149570465088,-0.0005950927734375,0.9984164237976074,-0.0001074075698852539,0.9965922236442566,0.0071710944175720215,69.52093261785932,2.169437252179563,38.69820966830747,-16.324300483109447,0.9954109787940979,-0.003430664539337158,0.9975143671035767,-0.0021163225173950195,0.9966402053833008,-0.0026067495346069336,0.994906485080719,-0.003768742084503174,78.39481156266027,38.60957884598547,59.623616685651996,29.46364485483651
Shooting028_x264,Shooting,1888,270,0.7892069220542908,0.9996213912963867,0.82718425989151,0.7828695178031921,30.229821910909678,10.531688834807333,0.9554376602172852,0.999311089515686,0.9696899652481079,0.9530593752861023,27.4389964748432,10.045477130283963,0.7448200583457947,-0.044386863708496094,0.9991903901100159,-0.0004310011863708496,0.6227675080299377,-0.20441675186157227,0.7651872634887695,-0.017682254314422607,30.947672023073753,0.7178501121640757,10.406676039343818,-0.1250127954635154,0.9133388996124268,-0.0420987606048584,0.9988886713981628,-0.00042241811752319336,0.9231485724449158,-0.04654139280319214,0.9117019176483154,-0.041357457637786865,36.93219795815593,9.493201483312731,12.353339377223463,2.3078622469395
Shooting032_x264,Shooting,21696,210,0.42490753531455994,0.9991525411605835,0.8228208422660828,0.42101842164993286,70.39653728008936,1.6291317020727973,0.45601069927215576,0.9994556307792664,0.7677744626998901,0.45296356081962585,63.94165857723523,1.3440027121270302,0.5149608850479126,0.09005334973335266,0.999583899974823,0.00043135881423950195,0.89841228723526,0.07559144496917725,0.5112131237983704,0.0901947021484375,73.70110326547076,3.3045659853814016,1.8405027195017594,0.21137101742896203,0.6019065976142883,0.14589589834213257,0.9940553307533264,-0.005400300025939941,0.8804477453231812,0.11267328262329102,0.5991841554641724,0.1462205946445465,68.76287106111178,4.82121248387655,1.524754946778409,0.1807522346513788
Shooting033_x264,Shooting,3616,320,0.9894141554832458,0.9998610019683838,0.9995702505111694,0.9884282350540161,91.2135922330097,57.35069613941487,0.9987508058547974,0.9995734095573425,0.9994325637817383,0.9986847043037415,93.93203883495146,41.595938419509714,0.9956629872322083,0.006248831748962402,0.9999675750732422,0.00010657310485839844,0.9999343156814575,0.00036406517028808594,0.9952483177185059,0.006820082664489746,95.18203883495146,3.96844660194175,71.05463218698513,13.70393604757026,0.9977844953536987,-0.0009663105010986328,0.9987525343894958,-0.0008208751678466797,0.9982790946960449,-0.0011534690856933594,0.9977365136146545,-0.0009481906890869141,86.99029126213593,-6.94174757281553,25.614238044257647,-15.981700375252068
Shooting034_x264,Shooting,1408,90,0.4355591833591461,0.9770957231521606,0.9563177227973938,0.3999989926815033,93.90490642387455,37.08680825347492,0.9198688268661499,0.9973093867301941,0.9963746666908264,0.914644718170166,95.46956668352723,48.96296296296297,0.8273197412490845,0.39176055788993835,0.996515154838562,0.019419431686401367,0.9931986331939697,0.03688091039657593,0.8159925937652588,0.4159936010837555,92.34024616422188,-1.564660259652669,31.788359788359788,-5.298448465115133,0.9375215768814087,0.01765275001525879,0.9872918725013733,-0.0100175142288208,0.9839532375335693,-0.01242142915725708,0.9343509674072266,0.019706249237060547,91.12628561793964,-4.34328106558759,28.902948902948904,-20.060014060014066
Shooting037_x264,Shooting,304,120,0.9558072090148926,0.9827467203140259,0.9742078185081482,0.9438069462776184,73.18840579710144,57.88467088467088,0.9965755343437195,0.9977178573608398,0.9969529509544373,0.9963292479515076,24.492753623188403,30.550882940588824,0.9877339601516724,0.031926751136779785,0.9989726543426514,0.01622593402862549,0.9973810911178589,0.023173272609710693,0.981442391872406,0.0376354455947876,76.08695652173914,2.898550724637701,55.71055796055795,-2.174112924112933,0.9920800924301147,-0.004495441913604736,0.9965577125549316,-0.0011601448059082031,0.992975115776062,-0.003977835178375244,0.9914962649345398,-0.0048329830169677734,75.79710144927536,51.30434782608695,55.52116402116402,24.970281080575194
Shooting043_x264,Shooting,1872,285,0.9986116886138916,0.9999167919158936,0.9996646046638489,0.9984226226806641,69.8171547330835,21.99531914113265,0.998885989189148,0.9993917346000671,0.999144434928894,0.9988394379615784,53.75330260117843,15.943919673932545,0.9989644885063171,0.0003527998924255371,0.9999786615371704,6.186962127685547e-05,0.9998009204864502,0.00013631582260131836,0.9988142848014832,0.0003916621208190918,74.95716291358517,5.140008180501667,26.14764082099971,4.152321679867061,0.9969778656959534,-0.00190812349319458,0.9991100430488586,-0.0002816915512084961,0.9981781244277954,-0.0009663105010986328,0.9967623949050903,-0.002077043056488037,71.30644822516278,17.55314562398435,23.078260026891474,7.1343403529589295
Shooting046_x264,Shooting,5088,553,0.9515215754508972,0.9994412064552307,0.9893534779548645,0.9469083547592163,39.68265709141876,8.773508743741921,0.9822192192077637,0.9994860291481018,0.9984588623046875,0.9802389740943909,73.0038818033738,55.31788276804984,0.8927413821220398,-0.05878019332885742,0.9968068599700928,-0.0026343464851379395,0.9481119513511658,-0.04124152660369873,0.8859894871711731,-0.06091886758804321,56.46895454482017,16.78629745340141,19.600482853722802,10.826974109980881,0.966215193271637,-0.01600402593612671,0.9972720742225647,-0.0022139549255371094,0.9888217449188232,-0.009637117385864258,0.9634584784507751,-0.016780495643615723,70.87999505553549,-2.1238867478383128,27.69302733811947,-27.62485542993037
Shooting047_x264,Shooting,8272,3480,0.8839629888534546,0.9998915195465088,0.9734777808189392,0.8189564943313599,62.99215167040854,50.606029376310815,0.9428699016571045,0.9988834857940674,0.9940117001533508,0.905730128288269,61.20373035518968,57.50809422368596,0.9123767614364624,0.028413772583007812,0.9999315738677979,4.00543212890625e-05,0.9914889335632324,0.018011152744293213,0.8549246191978455,0.035968124866485596,75.05017941780362,12.05802774739508,73.9996649803353,23.39363560402448,0.9470792412757874,0.004209339618682861,0.9983807802200317,-0.0005027055740356445,0.9965158104896545,0.002504110336303711,0.9111778736114502,0.005447745323181152,73.21992593019017,12.016195575000495,65.05972503595838,7.551630812272421
Shooting048_x264,Shooting,2736,320,0.033469270914793015,0.26033300161361694,0.1536930650472641,0.017545592039823532,98.9362582781457,91.75589203377035,0.02521713450551033,0.08907365798950195,0.06763158738613129,0.019599327817559242,99.50745033112582,96.11329205413517,0.028468694537878036,-0.005000576376914978,0.08960399776697159,-0.17072900384664536,0.031226003542542458,-0.12246706150472164,0.028103487566113472,0.01055789552628994,57.40480132450331,-41.53145695364239,16.96182669856645,-74.7940653352039,0.245882049202919,0.22066491469740868,0.45645517110824585,0.3673815131187439,0.31846028566360474,0.25082869827747345,0.2362690567970276,0.21666972897946835,72.59519867549669,-26.912251655629134,34.96392569597218,-61.14936635816299
Shoplifting001_x264,Shoplifting,4336,450,0.9554311633110046,0.9987484216690063,0.9919727444648743,0.9511997699737549,76.86887402070109,18.71742987444724,0.9625085592269897,0.9921022653579712,0.976574718952179,0.9608796238899231,62.077543317893294,12.547738021023868,0.6821686029434204,-0.27326256036758423,0.998673677444458,-7.474422454833984e-05,0.9940455555915833,0.0020728111267089844,0.64605313539505,-0.30514663457870483,82.96071367301424,6.091839652313155,24.028065727059563,5.310635852612322,0.9411792159080505,-0.02132934331893921,0.9953790903091431,0.003276824951171875,0.9931415319442749,0.016566812992095947,0.9351618885993958,-0.025717735290527344,82.92960484931665,20.852061531423352,36.5063268896164,23.958588868592535
Shoplifting004_x264,Shoplifting,6672,2700,0.9827414155006409,0.9997145533561707,0.9968745708465576,0.9731342196464539,80.6268322703368,78.37602000062208,0.9948650002479553,0.9993399381637573,0.9975231289863586,0.9930580854415894,70.23587333557121,51.58151334827957,0.9917517900466919,0.009010374546051025,0.9999045133590698,0.00018996000289916992,0.9994454383850098,0.0025708675384521484,0.98652184009552,0.013387620449066162,91.38957890418112,10.762746633844316,90.14347745826147,11.767457457639395,0.9947253465652466,-0.00013965368270874023,0.9987263083457947,-0.0006136298179626465,0.9978618025779724,0.00033867359161376953,0.99259352684021,-0.00046455860137939453,93.28313005855806,23.047256722986845,93.71304719896406,42.13153385068449
Shoplifting005_x264,Shoplifting,1952,210,0.4413074851036072,0.890461266040802,0.3374907672405243,0.45382267236709595,35.623530698157566,8.505354025058294,0.6531397104263306,0.8470761775970459,0.5944858193397522,0.6602104902267456,35.45732874091084,8.635724971474627,0.07580815255641937,-0.3654993325471878,0.19780109822750092,-0.6926601678133011,0.1422348916530609,-0.19525587558746338,0.06780033558607101,-0.38602233678102493,91.15247936143459,55.52894866327702,66.08764636458871,57.58229233953041,0.226507306098938,-0.4266324043273926,0.3537673354148865,-0.4933088421821594,0.3157918155193329,-0.2786940038204193,0.21574395895004272,-0.4444665312767029,95.65742714996446,60.20009840905362,83.43402520022121,74.79830022874658
Shoplifting007_x264,Shoplifting,5120,500,0.8175856471061707,0.9984691739082336,0.9585680365562439,0.8023278117179871,56.78787878787879,10.680395345482527,0.986862301826477,0.9978458285331726,0.9944190382957458,0.9860443472862244,72.25316017316018,15.18431255378682,0.8153291940689087,-0.002256453037261963,0.9882237911224365,-0.01024538278579712,0.9204631447792053,-0.038104891777038574,0.8039510250091553,0.0016232132911682129,63.440000000000005,6.652121212121216,12.014976522450164,1.334581176967637,0.9392096400260925,-0.04765266180038452,0.9768423438072205,-0.02100348472595215,0.9498331546783447,-0.04458588361740112,0.93805992603302,-0.047984421253204346,60.07238095238095,-12.180779220779229,21.445299841139338,6.260987287352519
Shoplifting010_x264,Shoplifting,2736,590,0.03173794597387314,0.20464679598808289,0.021288270130753517,0.03461087867617607,40.23425529562291,17.364137826576943,0.02512356825172901,0.07951897382736206,0.020998597145080566,0.026257645338773727,43.466757230637995,18.594998599043986,0.008715487085282803,-0.023022458888590336,0.0853484645485878,-0.11929833143949509,0.004901310428977013,-0.016386959701776505,0.009764118120074272,-0.0248467605561018,34.35307311987616,-5.881182175746751,15.955306991310497,-1.4088308352664463,0.17823083698749542,0.1531072687357664,0.2820884585380554,0.20256948471069336,0.13998673856258392,0.11898814141750336,0.18874527513980865,0.16248762980103493,21.72382201020424,-21.742935220433754,13.95965254491186,-4.6353460541321265
Shoplifting015_x264,Shoplifting,2256,150,0.38923993706703186,0.7292248010635376,0.3935851454734802,0.38893043994903564,50.94207027540361,6.971339858897885,0.4481220841407776,0.7914173603057861,0.3613814413547516,0.4543001651763916,33.86324786324786,5.298227987710118,0.18044748902320862,-0.20879244804382324,0.7608910799026489,0.03166627883911133,0.06481291353702545,-0.3287722319364548,0.18868358433246613,-0.20024685561656952,42.11902500791389,-8.823045267489718,6.078713547175046,-0.8926263117228386,0.3846103250980377,-0.06351175904273987,0.8665173053741455,0.07509994506835938,0.3246667981147766,-0.036714643239974976,0.38887977600097656,-0.06542038917541504,44.337448559670776,10.474200696422919,6.314758118558558,1.01653013084844
Shoplifting016_x264,Shoplifting,1472,90,0.6580471992492676,0.9368927478790283,0.7727301716804504,0.6505787372589111,66.19552982794661,9.548695525779708,0.9567623734474182,0.9797725081443787,0.9736714959144592,0.9556612968444824,73.83662968322882,11.928780284043441,0.564134418964386,-0.09391278028488159,0.9125789999961853,-0.024313747882843018,0.7569897770881653,-0.015740394592285156,0.5515750646591187,-0.09900367259979248,78.39041646566973,12.194886637723116,14.051462585945346,4.502767060165638,0.9261466860771179,-0.030615687370300293,0.9624003767967224,-0.01737213134765625,0.9488518834114075,-0.024819612503051758,0.9246681332588196,-0.030993163585662842,85.46550892426436,11.628879241035534,19.644412414020255,7.7156321299768145
Shoplifting017_x264,Shoplifting,448,60,0.9147397875785828,0.9852215647697449,0.9819477200508118,0.9043468832969666,97.14776632302404,86.23611111111111,0.9795833230018616,0.9899181127548218,0.9851066470146179,0.9787291884422302,71.58075601374571,26.846153846153847,0.9477296471595764,0.03298985958099365,0.9743203520774841,-0.010901212692260742,0.925189733505249,-0.056757986545562744,0.9512151479721069,0.04686826467514038,16.04810996563574,-81.09965635738831,9.813449081641302,-76.42266202946982,0.9857967495918274,0.00621342658996582,0.9940066337585449,0.0040885210037231445,0.9770587086677551,-0.008047938346862793,0.9871479272842407,0.008418738842010498,7.250859106529206,-64.32989690721651,9.138857921466617,-17.70729592468723
Shoplifting020_x264,Shoplifting,5760,120,0.8307396769523621,0.9980071187019348,0.996722936630249,0.8272079825401306,99.54137115839244,82.42327117327117,0.987302303314209,0.9984267950057983,0.9970354437828064,0.9870951771736145,90.89834515366431,10.91379381812736,0.8705321550369263,0.03979247808456421,0.9978502988815308,-0.00015681982040405273,0.9947090744972229,-0.002013862133026123,0.8678901195526123,0.04068213701248169,92.43026004728132,-7.111111111111114,12.77602427349239,-69.64724689977879,0.9862273335456848,-0.00107496976852417,0.9985731244087219,0.00014632940292358398,0.9976787567138672,0.000643312931060791,0.9859837293624878,-0.001111447811126709,92.36406619385343,1.4657210401891234,12.707881932881932,1.7940881147545724
Shoplifting021_x264,Shoplifting,3536,150,0.7163552045822144,0.9834097623825073,0.825904369354248,0.711502194404602,60.91238432762355,5.74909405130106,0.9873394966125488,0.996908962726593,0.9942527413368225,0.9870332479476929,75.81925575900767,8.739698016610777,0.9367892742156982,0.2204340696334839,0.9983970522880554,0.014987289905548096,0.9937957525253296,0.16789138317108154,0.9342637062072754,0.22276151180267334,82.54183894467414,21.62945461705059,11.682502127130137,5.933408075829077,0.9937939047813416,0.006454408168792725,0.9971224665641785,0.00021350383758544922,0.9955935478210449,0.0013408064842224121,0.9937141537666321,0.006680905818939209,72.95254971451074,-2.8667060444969366,7.91682525273737,-0.8228727638734075
Shoplifting022_x264,Shoplifting,2176,270,0.17045094072818756,0.5252758264541626,0.28090700507164,0.15480394661426544,83.1522288290389,40.566476684125945,0.053487543016672134,0.2989630103111267,0.0786178782582283,0.04992762953042984,91.52189965411371,49.699701054735954,0.0850348025560379,-0.08541613817214966,0.5146524906158447,-0.010623335838317871,0.16487160325050354,-0.11603540182113647,0.07372529059648514,-0.0810786560177803,91.15502701022113,8.002798181182229,49.35488330802917,8.788406623903228,0.3775622248649597,0.3240746818482876,0.6940179467201233,0.3950549364089966,0.512650191783905,0.4340323135256767,0.35842591524124146,0.3084982857108116,92.236990400684,0.7150907465702829,48.10340141680167,-1.5962996379342869
Shoplifting027_x264,Shoplifting,1872,320,7.86676537245512e-05,0.0022599687799811363,7.315556285902858e-05,7.98041801317595e-05,73.96907216494846,26.642091007822817,0.005712881684303284,0.017051637172698975,0.005616579204797745,0.005732737947255373,57.4548969072165,19.720383878113505,0.00016058137407526374,8.191372035071254e-05,0.0034928354434669018,0.0012328666634857655,0.0002474928041920066,0.000174337241332978,0.0001426614762749523,6.28572961431928e-05,83.13788659793815,9.168814432989691,35.37825417762489,8.736163169802072,0.009624399244785309,0.003911517560482025,0.022892117500305176,0.005840480327606201,0.010149195790290833,0.004532616585493088,0.009516194462776184,0.003783456515520811,63.89175257731959,6.436855670103093,21.144326021810823,1.4239421436973174
Shoplifting028_x264,Shoplifting,1344,270,0.6381649971008301,0.9945629239082336,0.9830966591835022,0.551450252532959,82.74708600593144,40.83894156957807,0.7497797608375549,0.9981792569160461,0.9966717958450317,0.6877118349075317,83.01193185736948,43.009469416321686,0.6365616321563721,-0.0016033649444580078,0.9966486096382141,0.0020856857299804688,0.993365466594696,0.010268807411193848,0.5468622446060181,-0.004588007926940918,88.04400303469204,5.296917028760603,57.69398547984855,16.85504391027048,0.7583475708961487,0.00856781005859375,0.9961743354797363,-0.0020049214363098145,0.9960013031959534,-0.0006704926490783691,0.6986022591590881,0.010890424251556396,99.90689013035382,16.89495827298434,99.58691663800022,56.57744722167853
Shoplifting029_x264,Shoplifting,2176,450,0.46686244010925293,0.9634280204772949,0.9133870005607605,0.3504452705383301,92.3020471224411,68.87088141286424,0.6113755702972412,0.9245925545692444,0.8933303356170654,0.5378646850585938,94.71636410454487,73.06455371973519,0.3444868326187134,-0.12237560749053955,0.9762715101242065,0.012843489646911621,0.8535894155502319,-0.059797585010528564,0.21175439655780792,-0.13869087398052216,94.84820393974506,2.5461568173039666,78.23777932985824,9.366897916994006,0.5041401386260986,-0.10723543167114258,0.9205160737037659,-0.004076480865478516,0.8477300405502319,-0.045600295066833496,0.41455990076065063,-0.12330478429794312,93.94592506759365,-0.7704390369512168,75.15318275175045,2.0886290320152625
Shoplifting031_x264,Shoplifting,432,210,0.0866309106349945,0.32525399327278137,0.032562676817178726,0.13777655363082886,1.1282711282711269,31.430509885255763,0.21931485831737518,0.33362650871276855,0.18491999804973602,0.25185054540634155,15.954525954525952,34.59466892544696,0.7160865068435669,0.6294555962085724,0.8584749698638916,0.5332209765911102,0.6544123291969299,0.6218496523797512,0.7744268178939819,0.6366502642631531,8.266838266838265,7.138567138567138,32.546444820960716,1.1159349357049528,0.8539130091667175,0.6345981508493423,0.9344236254692078,0.6007971167564392,0.8661438822746277,0.6812238842248917,0.8423432111740112,0.5904926657676697,45.95023595023594,29.99570999570999,44.363856326483486,9.769187401036525
Shoplifting033_x264,Shoplifting,896,120,0.05196865275502205,0.13128596544265747,0.06602303683757782,0.04979528859257698,69.89690721649484,20.959064737005917,0.03948822617530823,0.07545799016952515,0.042382676154375076,0.03904062882065773,61.786941580756015,17.61267515114769,0.009053935296833515,-0.042914717458188534,0.046454377472400665,-0.0848315879702568,0.014265711419284344,-0.051757325418293476,0.00824799109250307,-0.04154729750007391,90.6529209621993,20.756013745704465,52.23024891774892,31.271184180743006,0.07941950857639313,0.0399312824010849,0.13793808221817017,0.06248009204864502,0.10196523368358612,0.059582557529211044,0.0759330615401268,0.03689243271946907,70.9278350515464,9.140893470790381,21.515205329623488,3.9025301784757964
Shoplifting034_x264,Shoplifting,11936,120,0.8247857093811035,0.9955762624740601,0.9696729183197021,0.8233143091201782,70.16249153689913,1.8592260292344738,0.9837526082992554,0.9979693293571472,0.995245099067688,0.9836359620094299,81.36989392913563,2.8977823853403026,0.6353569030761719,-0.18942880630493164,0.9971994161605835,0.0016231536865234375,0.9818394184112549,0.012166500091552734,0.6318381428718567,-0.19147616624832153,87.93726021214174,17.774768675242612,4.305128382987605,2.445902353753131,0.8214339017868042,-0.16231870651245117,0.9932813048362732,-0.0046880245208740234,0.9854844808578491,-0.009760618209838867,0.8197677731513977,-0.16386818885803223,86.30331753554502,4.9334236064093915,3.928393582577109,1.0306111972368064
Shoplifting037_x264,Shoplifting,1376,60,0.09621285647153854,0.40337324142456055,0.25721070170402527,0.0888725221157074,88.78419452887539,19.538961038961038,0.10849485546350479,0.4226663112640381,0.15018931031227112,0.10659391433000565,86.59574468085106,17.03907203907204,0.31709912419319153,0.22088626772165298,0.9531744122505188,0.5498011708259583,0.7190338373184204,0.46182313561439514,0.2987738251686096,0.20990130305290222,86.59574468085106,-2.1884498480243337,17.03907203907204,-2.4998889998889986,0.8180040121078491,0.7095091566443443,0.955531656742096,0.5328653454780579,0.9348604679107666,0.7846711575984955,0.8126762509346008,0.7060823366045952,89.6757852077001,3.0800405268490465,20.732193732193732,3.693121693121693
Shoplifting039_x264,Shoplifting,2800,150,0.00825576763600111,0.21473658084869385,0.00029435649048537016,0.008706414140760899,70.76981132075471,9.168850626642653,0.008829070255160332,0.04685467481613159,0.007994096726179123,0.008876333013176918,70.72955974842768,9.133600977510978,0.0009481995366513729,-0.007307568099349737,0.04890744760632515,-0.1658291332423687,3.325855504954234e-05,-0.0002610979354358278,0.0009999886387959123,-0.007706425501964986,75.48729559748428,4.717484276729564,10.633303359800566,1.4644527331579127,0.02108505740761757,0.012255987152457237,0.16495221853256226,0.11809754371643066,0.020169906318187714,0.01217580959200859,0.02113686129450798,0.012260528281331062,79.85056603773585,9.12100628930817,12.479315264737155,3.3457142872261763
Shoplifting044_x264,Shoplifting,14544,180,0.7833876609802246,0.9949668049812317,0.8699579834938049,0.782302737236023,41.206411089452025,1.135231150804418,0.9796584248542786,0.997698187828064,0.981095552444458,0.9796404838562012,32.916550635848886,0.9915009577866267,0.9334649443626404,0.15007728338241577,0.9996640682220459,0.004697263240814209,0.9910430908203125,0.12108510732650757,0.932743489742279,0.1504407525062561,44.32655713357468,3.120146044122656,1.176858579354932,0.041627428550514045,0.9907207489013672,0.011062324047088623,0.9981787204742432,0.0004805326461791992,0.9912900328636169,0.010194480419158936,0.9907136559486389,0.011073172092437744,31.297688666109718,-1.618861969739168,0.9637007527279665,-0.02780020505866021
Shoplifting049_x264,Shoplifting,2144,330,0.960145890712738,0.9964122176170349,0.9277225136756897,0.9660441875457764,16.81166683371755,9.440550969254765,0.9970570802688599,0.9988831281661987,0.9943914413452148,0.9975419044494629,3.3941398549998323,8.61009780742541,0.9442353844642639,-0.01591050624847412,0.994686484336853,-0.0017257332801818848,0.7894148230552673,-0.13830769062042236,0.9724001288414001,0.006355941295623779,1.5605893555176904,-15.251077478199859,8.520042123359117,-0.9205088458956485,0.9859213829040527,-0.011135697364807129,0.9957396984100342,-0.0031434297561645508,0.9718527793884277,-0.02253866195678711,0.9884806871414185,-0.009061217308044434,4.137182185693762,0.7430423306939296,8.656650891364553,0.046553083939143036
Stealing019_x264,Stealing,4896,240,0.7818924188613892,0.9881167411804199,0.9599151611328125,0.7727159857749939,80.2548682703322,15.627935996765085,0.9398738741874695,0.996086835861206,0.9886444211006165,0.9373598694801331,52.59163802978236,14.788176165773073,0.7656229734420776,-0.016269445419311523,0.9931432008743286,0.005026459693908691,0.9544540643692017,-0.00546109676361084,0.755889356136322,-0.016826629638671875,68.10137457044674,-12.153493699885459,7.651381769053877,-7.976554227711208,0.9380930066108704,-0.001780867576599121,0.9960841536521912,-2.682209014892578e-06,0.9920101165771484,0.0033656954765319824,0.9353136420249939,-0.00204622745513916,73.24742268041237,20.65578465063001,10.688738250052236,-4.099437915720838
Stealing036_x264,Stealing,2496,330,0.48478513956069946,0.9306153655052185,0.8370294570922852,0.43111908435821533,96.26654355186211,64.04410792253287,0.7403317093849182,0.8860145211219788,0.866243302822113,0.7211484909057617,98.49156383782423,81.6850798007631,0.7499628067016602,0.2651776671409607,0.9649603962898254,0.034345030784606934,0.9437182545661926,0.10668879747390747,0.7204431891441345,0.2893241047859192,89.6944514396038,-6.572092112258318,46.48437430411349,-17.559733618419386,0.9569612145423889,0.2166295051574707,0.98444002866745,0.09842550754547119,0.982674777507782,0.11643147468566895,0.9530436396598816,0.23189514875411987,99.92864937463276,1.4370855368085245,99.57950719314354,17.894427392380436
Stealing058_x264,Stealing,4976,3090,0.9445491433143616,0.9999969005584717,0.9999619722366333,0.8537614941596985,98.8477523019215,99.2969326993603,0.9789743423461914,0.9996278285980225,0.9993952512741089,0.9455171823501587,98.29975256274301,98.95576548727017,0.9504266977310181,0.005877554416656494,0.9999974966049194,5.960464477539062e-07,0.9999582767486572,-3.6954879760742188e-06,0.8692746162414551,0.015513122081756592,98.55123941699526,-0.29651288492624417,99.19573500285226,-0.1011976965080379,0.9708380699157715,-0.008136272430419922,0.9987762570381165,-0.0008515715599060059,0.9978396892547607,-0.0015555620193481445,0.926598846912384,-0.018918335437774658,94.61860000617736,-3.6811525565656495,96.76736991451442,-2.188395572755752
Stealing062_x264,Stealing,1552,690,0.9768028855323792,0.9971867203712463,0.995166540145874,0.9621034860610962,99.94922492350112,99.92613189529267,0.99637770652771,0.9994243383407593,0.9963402152061462,0.9964078664779663,19.887353307105148,31.37931310218749,0.9964956045150757,0.019692718982696533,0.9996309280395508,0.0024442076683044434,0.9994446635246277,0.004278123378753662,0.9941349625587463,0.032031476497650146,92.77211742156763,-7.177107501933492,88.12747110277421,-11.798660792518461,0.996584951877594,0.0002072453498840332,0.9978761672973633,-0.001548171043395996,0.9976622462272644,0.001322031021118164,0.9957226514816284,-0.0006852149963378906,94.24627593395877,74.35892262685363,90.60003413521923,59.220721033031744
Stealing079_x264,Stealing,5840,1650,0.8969659805297852,0.9994423985481262,0.9903517365455627,0.8601910471916199,80.53550300137414,52.99064017985469,0.9892528057098389,0.9973735213279724,0.9949586391448975,0.9870060086250305,88.1898604180227,82.18056016275732,0.9573028087615967,0.06033682823181152,0.9998596906661987,0.00041729211807250977,0.995415985584259,0.005064249038696289,0.9422938823699951,0.08210283517837524,80.2832429304983,-0.2522600708758347,56.052294441142955,3.0616542612882682,0.9929973483085632,0.0037445425987243652,0.9984440207481384,0.0010704994201660156,0.9970132112503052,0.002054572105407715,0.9914160370826721,0.0044100284576416016,89.24379836551675,1.053937947494049,78.63393199912527,-3.5466281636320502
Vandalism007_x264,Vandalism,1136,510,0.9358597993850708,0.9959834814071655,0.9418294429779053,0.9309963583946228,63.71170832550273,68.24150890661662,0.9924126267433167,0.9968969225883484,0.9946610331535339,0.9905809164047241,60.754870638351186,46.961837222905054,0.976688027381897,0.04082822799682617,0.9991534948348999,0.003170013427734375,0.9941473603248596,0.052317917346954346,0.9624640345573425,0.03146767616271973,85.10117145899893,21.389463133496207,83.84230769555538,15.60079878893876,0.9875876307487488,-0.004824995994567871,0.9955493211746216,-0.0013476014137268066,0.9917680621147156,-0.0028929710388183594,0.9841817617416382,-0.0063991546630859375,51.09252646745599,-9.662344170895196,41.97871243167718,-4.983124791227873
Vandalism015_x264,Vandalism,2976,690,0.9840109348297119,0.9993346333503723,0.9983965158462524,0.9796688556671143,99.28702752735619,97.9011774720896,0.9960429072380066,0.9982289671897888,0.9973437190055847,0.9956501126289368,94.01435327830397,68.72910316963315,0.8863943815231323,-0.09761655330657959,0.9976492524147034,-0.0016853809356689453,0.9934878349304199,-0.0049086809158325195,0.8540695309638977,-0.12559932470321655,98.45321870998008,-0.8338088173761093,90.6166106251665,-7.284566846923099,0.9728050827980042,-0.02323782444000244,0.9967018961906433,-0.0015270709991455078,0.9873900413513184,-0.009953677654266357,0.9684028029441833,-0.027247309684753418,91.05037594938314,-2.9639773289208335,61.90431902397702,-6.824784145656132
Vandalism017_x264,Vandalism,1008,120,0.9990658164024353,0.9999685287475586,0.9999582767486572,0.9989452362060547,85.64564564564564,50.3084505541347,0.998262345790863,0.998886227607727,0.9987480044364929,0.9981967210769653,94.83483483483484,73.72751322751321,0.9945486187934875,-0.004517197608947754,0.9998757839202881,-9.274482727050781e-05,0.9997283816337585,-0.00022989511489868164,0.9938485622406006,-0.0050966739654541016,77.08708708708708,-8.558558558558559,23.71918424308656,-26.589266311048142,0.9985679984092712,0.0003056526184082031,0.9990407228469849,0.0001544952392578125,0.9989365339279175,0.00018852949142456055,0.9985181093215942,0.00032138824462890625,90.72072072072072,-4.114114114114116,50.321123899248896,-23.406389328264318
Vandalism028_x264,Vandalism,4480,420,0.8682906031608582,0.9913813471794128,0.9556661248207092,0.8592516779899597,87.81749941355852,55.70923985579302,0.9788314700126648,0.9938700199127197,0.9876819252967834,0.9779158234596252,64.38986629134413,38.21983698069512,0.9463198781013489,0.07802927494049072,0.9841310381889343,-0.007250308990478516,0.9772017598152161,0.021535634994506836,0.9431251883506775,0.08387351036071777,98.82383298146844,11.00633356790992,94.28823828736343,38.578998431570405,0.9833389520645142,0.004507482051849365,0.990527331829071,-0.0033426880836486816,0.9879438281059265,0.0002619028091430664,0.9828625917434692,0.004946768283843994,88.78958479943702,24.39971850809289,50.4707702317689,12.250933251073782
Vandalism036_x264,Vandalism,1440,330,0.9980108737945557,0.9998557567596436,0.999666154384613,0.99751877784729,82.5984165984166,57.258205950105335,0.995774507522583,0.9982473850250244,0.9971073865890503,0.9953780174255371,84.86104286104286,68.83652951411278,0.9698494672775269,-0.02816140651702881,0.9979974627494812,-0.0018582940101623535,0.9847281575202942,-0.014937996864318848,0.965425968170166,-0.03209280967712402,66.71635271635272,-15.882063882063889,49.95717967062845,-7.301026279476886,0.9881784319877625,-0.007596075534820557,0.9962353110313416,-0.0020120739936828613,0.9942620396614075,-0.0028453469276428223,0.986369788646698,-0.009008228778839111,91.91100191100192,7.049959049959057,85.32739530886782,16.490865794755038
Normal_Videos_003_x264,Normal,2816,0,0.0008227672078646719,0.0545252226293087,nan,0.0008227672078646719,nan,nan,0.007244844920933247,0.03374248743057251,nan,0.007244844920933247,nan,nan,0.03193087875843048,0.03110811155056581,0.9588519930839539,0.9043267704546452,nan,nan,0.03193087875843048,0.03110811155056581,nan,nan,nan,nan,0.11677201092243195,0.1095271660014987,0.914688766002655,0.8809462785720825,nan,nan,0.11677201092243195,0.1095271660014987,nan,nan,nan,nan
Normal_Videos_006_x264,Normal,448,0,0.0031427890062332153,0.030095933005213737,nan,0.0031427890062332153,nan,nan,0.004665791988372803,0.012701213359832764,nan,0.004665791988372803,nan,nan,0.054184701293706894,0.05104191228747368,0.5837928652763367,0.5536969322711229,nan,nan,0.054184701293706894,0.05104191228747368,nan,nan,nan,nan,0.11138056218624115,0.10671477019786835,0.3342275619506836,0.32152634859085083,nan,nan,0.11138056218624115,0.10671477019786835,nan,nan,nan,nan
Normal_Videos_010_x264,Normal,1040,0,0.0016126155387610197,0.0320335328578949,nan,0.0016126155387610197,nan,nan,0.028579095378518105,0.05839627981185913,nan,0.028579095378518105,nan,nan,0.003273789305239916,0.0016611737664788961,0.0556829497218132,0.023649416863918304,nan,nan,0.003273789305239916,0.0016611737664788961,nan,nan,nan,nan,0.09430022537708282,0.06572112999856472,0.18623483180999756,0.12783855199813843,nan,nan,0.09430022537708282,0.06572112999856472,nan,nan,nan,nan
Normal_Videos_014_x264,Normal,1488,0,0.0008576693362556398,0.01663801819086075,nan,0.0008576693362556398,nan,nan,0.010986573062837124,0.013474464416503906,nan,0.010986573062837124,nan,nan,0.0007192124030552804,-0.00013845693320035934,0.024792715907096863,0.008154697716236115,nan,nan,0.0007192124030552804,-0.00013845693320035934,nan,nan,nan,nan,0.038063254207372665,0.02707668114453554,0.06054961681365967,0.04707515239715576,nan,nan,0.038063254207372665,0.02707668114453554,nan,nan,nan,nan
Normal_Videos_015_x264,Normal,480,0,6.340054096654058e-05,0.0011411982122808695,nan,6.340054096654058e-05,nan,nan,0.001954855630174279,0.003213047981262207,nan,0.001954855630174279,nan,nan,0.00017171613581012934,0.00010831559484358877,0.003223112318664789,0.0020819141063839197,nan,nan,0.00017171613581012934,0.00010831559484358877,nan,nan,nan,nan,0.008832761086523533,0.006877905456349254,0.01086646318435669,0.007653415203094482,nan,nan,0.008832761086523533,0.006877905456349254,nan,nan,nan,nan
Normal_Videos_018_x264,Normal,1168,0,1.8872960936278105e-05,0.0007922699442133307,nan,1.8872960936278105e-05,nan,nan,0.0012804432772099972,0.004840552806854248,nan,0.0012804432772099972,nan,nan,3.614171509980224e-05,1.7268754163524136e-05,0.0013972019078209996,0.0006049319636076689,nan,nan,3.614171509980224e-05,1.7268754163524136e-05,nan,nan,nan,nan,0.002683136612176895,0.001402693334966898,0.012177765369415283,0.007337212562561035,nan,nan,0.002683136612176895,0.001402693334966898,nan,nan,nan,nan
Normal_Videos_019_x264,Normal,2832,0,0.13978716731071472,0.5425789952278137,nan,0.13978716731071472,nan,nan,0.04385831207036972,0.10375535488128662,nan,0.04385831207036972,nan,nan,0.07067722082138062,-0.0691099464893341,0.9881209135055542,0.4455419182777405,nan,nan,0.07067722082138062,-0.0691099464893341,nan,nan,nan,nan,0.3293483853340149,0.28549007326364517,0.9063937664031982,0.8026384115219116,nan,nan,0.3293483853340149,0.28549007326364517,nan,nan,nan,nan
Normal_Videos_024_x264,Normal,1072,0,7.917640687082894e-06,0.0003207725239917636,nan,7.917640687082894e-06,nan,nan,0.0007015261799097061,0.0008820891380310059,nan,0.0007015261799097061,nan,nan,3.178247789037414e-05,2.3864837203291245e-05,0.0013524326495826244,0.0010316601255908608,nan,nan,3.178247789037414e-05,2.3864837203291245e-05,nan,nan,nan,nan,0.0027614280115813017,0.0020599018316715956,0.004448235034942627,0.003566145896911621,nan,nan,0.0027614280115813017,0.0020599018316715956,nan,nan,nan,nan
Normal_Videos_025_x264,Normal,592,0,4.2766087062773295e-06,0.0001301886368310079,nan,4.2766087062773295e-06,nan,nan,0.0007216092781163752,0.0009114742279052734,nan,0.0007216092781163752,nan,nan,4.905115474684862e-06,6.285067684075329e-07,0.00010705852037062868,-2.3130116460379213e-05,nan,nan,4.905115474684862e-06,6.285067684075329e-07,nan,nan,nan,nan,0.003184929024428129,0.002463319746311754,0.004226744174957275,0.003315269947052002,nan,nan,0.003184929024428129,0.002463319746311754,nan,nan,nan,nan
Normal_Videos_027_x264,Normal,4912,0,0.00010861898044822738,0.008046969771385193,nan,0.00010861898044822738,nan,nan,0.0024305868428200483,0.00537484884262085,nan,0.0024305868428200483,nan,nan,0.00013462177594192326,2.6002795493695885e-05,0.008156892843544483,0.00010992307215929031,nan,nan,0.00013462177594192326,2.6002795493695885e-05,nan,nan,nan,nan,0.019355284050107002,0.016924697207286954,0.053148865699768066,0.04777401685714722,nan,nan,0.019355284050107002,0.016924697207286954,nan,nan,nan,nan
Normal_Videos_033_x264,Normal,1680,0,2.6575626179692335e-05,0.001325747580267489,nan,2.6575626179692335e-05,nan,nan,0.0007720799767412245,0.0027332305908203125,nan,0.0007720799767412245,nan,nan,0.0001668148033786565,0.00014023917719896417,0.0055238972418010235,0.0041981496615335345,nan,nan,0.0001668148033786565,0.00014023917719896417,nan,nan,nan,nan,0.00824699830263853,0.007474918325897306,0.02139866352081299,0.018665432929992676,nan,nan,0.00824699830263853,0.007474918325897306,nan,nan,nan,nan
Normal_Videos_034_x264,Normal,1312,0,4.199070190225029e-06,0.0001654961524764076,nan,4.199070190225029e-06,nan,nan,0.0005685549112968147,0.00177842378616333,nan,0.0005685549112968147,nan,nan,7.229315087897703e-05,6.8094080688752e-05,0.003645597491413355,0.0034801013389369473,nan,nan,7.229315087897703e-05,6.8094080688752e-05,nan,nan,nan,nan,0.0031042774207890034,0.0025357225094921887,0.02065032720565796,0.01887190341949463,nan,nan,0.0031042774207890034,0.0025357225094921887,nan,nan,nan,nan
Normal_Videos_041_x264,Normal,1264,0,0.001500184298492968,0.02227400243282318,nan,0.001500184298492968,nan,nan,0.009444309398531914,0.03424942493438721,nan,0.009444309398531914,nan,nan,0.002580511849373579,0.001080327550880611,0.032176174223423004,0.009902171790599823,nan,nan,0.002580511849373579,0.001080327550880611,nan,nan,nan,nan,0.07335304468870163,0.06390873529016972,0.28061139583587646,0.24636197090148926,nan,nan,0.07335304468870163,0.06390873529016972,nan,nan,nan,nan
Normal_Videos_042_x264,Normal,3152,0,4.71359953735373e-06,0.00038136442890390754,nan,4.71359953735373e-06,nan,nan,0.001556607079692185,0.002502620220184326,nan,0.001556607079692185,nan,nan,2.7396306450100383e-06,-1.9739688923436916e-06,0.00024419554392807186,-0.00013716888497583568,nan,nan,2.7396306450100383e-06,-1.9739688923436916e-06,nan,nan,nan,nan,0.005504023749381304,0.003947416669689119,0.0114058256149292,0.008903205394744873,nan,nan,0.005504023749381304,0.003947416669689119,nan,nan,nan,nan
Normal_Videos_048_x264,Normal,1648,0,6.90404194756411e-05,0.002958604833111167,nan,6.90404194756411e-05,nan,nan,0.0014581425348296762,0.002237558364868164,nan,0.0014581425348296762,nan,nan,0.00011058153177145869,4.1541112295817584e-05,0.004141762387007475,0.001183157553896308,nan,nan,0.00011058153177145869,4.1541112295817584e-05,nan,nan,nan,nan,0.00884060375392437,0.007382461219094694,0.012143909931182861,0.009906351566314697,nan,nan,0.00884060375392437,0.007382461219094694,nan,nan,nan,nan
Normal_Videos_050_x264,Normal,4192,0,0.0047172363847494125,0.32213911414146423,nan,0.0047172363847494125,nan,nan,0.014867848716676235,0.5140637159347534,nan,0.014867848716676235,nan,nan,0.02617644891142845,0.02145921252667904,0.9597234725952148,0.6375843584537506,nan,nan,0.02617644891142845,0.02145921252667904,nan,nan,nan,nan,0.08028651773929596,0.06541866902261972,0.9741995930671692,0.46013587713241577,nan,nan,0.08028651773929596,0.06541866902261972,nan,nan,nan,nan
Normal_Videos_051_x264,Normal,2352,0,0.0669846385717392,0.3988797068595886,nan,0.0669846385717392,nan,nan,0.0510995127260685,0.20504474639892578,nan,0.0510995127260685,nan,nan,0.07611024379730225,0.00912560522556305,0.7297021150588989,0.3308224081993103,nan,nan,0.07611024379730225,0.00912560522556305,nan,nan,nan,nan,0.16331197321414948,0.11221246048808098,0.7105593681335449,0.5055146217346191,nan,nan,0.16331197321414948,0.11221246048808098,nan,nan,nan,nan
Normal_Videos_056_x264,Normal,1568,0,0.09549008309841156,0.22800810635089874,nan,0.09549008309841156,nan,nan,0.029613198712468147,0.049156129360198975,nan,0.029613198712468147,nan,nan,0.024655764922499657,-0.0708343181759119,0.08431801199913025,-0.1436900943517685,nan,nan,0.024655764922499657,-0.0708343181759119,nan,nan,nan,nan,0.3873513340950012,0.3577381353825331,0.5954043865203857,0.5462482571601868,nan,nan,0.3873513340950012,0.3577381353825331,nan,nan,nan,nan
Normal_Videos_059_x264,Normal,1824,0,0.12458581477403641,0.5700345635414124,nan,0.12458581477403641,nan,nan,0.09133341163396835,0.40262484550476074,nan,0.09133341163396835,nan,nan,0.22598648071289062,0.10140066593885422,0.47991394996643066,-0.09012061357498169,nan,nan,0.22598648071289062,0.10140066593885422,nan,nan,nan,nan,0.5738908648490906,0.4825574532151222,0.8981561660766602,0.4955313205718994,nan,nan,0.5738908648490906,0.4825574532151222,nan,nan,nan,nan
Normal_Videos_063_x264,Normal,352,0,0.026301639154553413,0.10914211720228195,nan,0.026301639154553413,nan,nan,0.01693110354244709,0.04231029748916626,nan,0.01693110354244709,nan,nan,0.006953401491045952,-0.01934823766350746,0.04153245687484741,-0.06760966032743454,nan,nan,0.006953401491045952,-0.01934823766350746,nan,nan,nan,nan,0.20608069002628326,0.18914958648383617,0.3831087350845337,0.34079843759536743,nan,nan,0.20608069002628326,0.18914958648383617,nan,nan,nan,nan
Normal_Videos_067_x264,Normal,1056,0,8.739832992432639e-06,0.00036204117350280285,nan,8.739832992432639e-06,nan,nan,0.0010678578400984406,0.0019645094871520996,nan,0.0010678578400984406,nan,nan,2.5097540856222622e-05,1.6357707863789983e-05,0.0011279790196567774,0.0007659378461539745,nan,nan,2.5097540856222622e-05,1.6357707863789983e-05,nan,nan,nan,nan,0.003717295126989484,0.002649437286891043,0.00712209939956665,0.005157589912414551,nan,nan,0.003717295126989484,0.002649437286891043,nan,nan,nan,nan
Normal_Videos_070_x264,Normal,992,0,1.8137188817490824e-05,0.0008418344659730792,nan,1.8137188817490824e-05,nan,nan,0.0016058539040386677,0.001973092555999756,nan,0.0016058539040386677,nan,nan,1.243532187800156e-05,-5.701866939489264e-06,0.0005961148417554796,-0.00024571962421759963,nan,nan,1.243532187800156e-05,-5.701866939489264e-06,nan,nan,nan,nan,0.0023419116623699665,0.0007360577583312988,0.0028898119926452637,0.0009167194366455078,nan,nan,0.0023419116623699665,0.0007360577583312988,nan,nan,nan,nan
Normal_Videos_100_x264,Normal,624,0,0.0006836723769083619,0.011517981998622417,nan,0.0006836723769083619,nan,nan,0.004263593815267086,0.00713115930557251,nan,0.004263593815267086,nan,nan,0.0005264406208880246,-0.00015723175602033734,0.010469373315572739,-0.0010486086830496788,nan,nan,0.0005264406208880246,-0.00015723175602033734,nan,nan,nan,nan,0.017451616004109383,0.013188022188842297,0.029400289058685303,0.022269129753112793,nan,nan,0.017451616004109383,0.013188022188842297,nan,nan,nan,nan
Normal_Videos_129_x264,Normal,464,0,0.09642569720745087,0.18074554204940796,nan,0.09642569720745087,nan,nan,0.1155468299984932,0.17163395881652832,nan,0.1155468299984932,nan,nan,0.5158162117004395,0.4193905144929886,0.6457655429840088,0.46502000093460083,nan,nan,0.5158162117004395,0.4193905144929886,nan,nan,nan,nan,0.7210830450057983,0.6055362150073051,0.7855010032653809,0.6138670444488525,nan,nan,0.7210830450057983,0.6055362150073051,nan,nan,nan,nan
Normal_Videos_150_x264,Normal,864,0,4.644996806746349e-05,0.00094470230396837,nan,4.644996806746349e-05,nan,nan,0.0034872060641646385,0.015116214752197266,nan,0.0034872060641646385,nan,nan,3.064594420720823e-05,-1.5804023860255256e-05,0.0004895068123005331,-0.0004551954916678369,nan,nan,3.064594420720823e-05,-1.5804023860255256e-05,nan,nan,nan,nan,0.0047111487947404385,0.0012239427305758,0.01205676794052124,-0.0030594468116760254,nan,nan,0.0047111487947404385,0.0012239427305758,nan,nan,nan,nan
Normal_Videos_168_x264,Normal,1728,0,7.25186982890591e-05,0.002296507591381669,nan,7.25186982890591e-05,nan,nan,0.00143653922714293,0.0023345947265625,nan,0.00143653922714293,nan,nan,0.00017689586093183607,0.00010437716264277697,0.005206993781030178,0.002910486189648509,nan,nan,0.00017689586093183607,0.00010437716264277697,nan,nan,nan,nan,0.011007028631865978,0.009570489404723048,0.02174091339111328,0.01940631866455078,nan,nan,0.011007028631865978,0.009570489404723048,nan,nan,nan,nan
Normal_Videos_175_x264,Normal,8832,0,0.014474384486675262,0.27772611379623413,nan,0.014474384486675262,nan,nan,0.07962337136268616,0.5892958641052246,nan,0.07962337136268616,nan,nan,0.024242794141173363,0.0097684096544981,0.3854653537273407,0.10773923993110657,nan,nan,0.024242794141173363,0.0097684096544981,nan,nan,nan,nan,0.11213259398937225,0.032509222626686096,0.682073712348938,0.09277784824371338,nan,nan,0.11213259398937225,0.032509222626686096,nan,nan,nan,nan
Normal_Videos_182_x264,Normal,4080,0,0.15216097235679626,0.798118531703949,nan,0.15216097235679626,nan,nan,0.04329606890678406,0.2630738615989685,nan,0.04329606890678406,nan,nan,0.08928597718477249,-0.06287499517202377,0.691702663898468,-0.10641586780548096,nan,nan,0.08928597718477249,-0.06287499517202377,nan,nan,nan,nan,0.20016127824783325,0.1568652093410492,0.8402034044265747,0.5771295428276062,nan,nan,0.20016127824783325,0.1568652093410492,nan,nan,nan,nan
Normal_Videos_189_x264,Normal,736,0,0.15108278393745422,0.5715938210487366,nan,0.15108278393745422,nan,nan,0.1393737643957138,0.33047664165496826,nan,0.1393737643957138,nan,nan,0.5570492148399353,0.4059664309024811,0.9003693461418152,0.3287755250930786,nan,nan,0.5570492148399353,0.4059664309024811,nan,nan,nan,nan,0.7851681709289551,0.6457944065332413,0.9315845966339111,0.6011079549789429,nan,nan,0.7851681709289551,0.6457944065332413,nan,nan,nan,nan
Normal_Videos_196_x264,Normal,2000,0,4.201382398605347e-05,0.0026198269333690405,nan,4.201382398605347e-05,nan,nan,0.003061791881918907,0.007041811943054199,nan,0.003061791881918907,nan,nan,0.0008390471921302378,0.0007970333681441844,0.03779831901192665,0.03517849207855761,nan,nan,0.0008390471921302378,0.0007970333681441844,nan,nan,nan,nan,0.012234027497470379,0.009172235615551472,0.0290488600730896,0.0220070481300354,nan,nan,0.012234027497470379,0.009172235615551472,nan,nan,nan,nan
Normal_Videos_203_x264,Normal,2560,0,0.00017030540038831532,0.005864334758371115,nan,0.00017030540038831532,nan,nan,0.002587325870990753,0.00593644380569458,nan,0.002587325870990753,nan,nan,0.00024873774964362383,7.843234925530851e-05,0.009070402011275291,0.0032060672529041767,nan,nan,0.00024873774964362383,7.843234925530851e-05,nan,nan,nan,nan,0.02009967342019081,0.017512347549200058,0.047580838203430176,0.041644394397735596,nan,nan,0.02009967342019081,0.017512347549200058,nan,nan,nan,nan
Normal_Videos_210_x264,Normal,5408,0,0.00020913839398417622,0.02981461212038994,nan,0.00020913839398417622,nan,nan,0.0017981467535719275,0.034833431243896484,nan,0.0017981467535719275,nan,nan,0.014419527724385262,0.014210389330401085,0.9759449362754822,0.9461303241550922,nan,nan,0.014419527724385262,0.014210389330401085,nan,nan,nan,nan,0.042175017297267914,0.040376870543695986,0.9028311967849731,0.8679977655410767,nan,nan,0.042175017297267914,0.040376870543695986,nan,nan,nan,nan
Normal_Videos_217_x264,Normal,1808,0,0.08769474178552628,0.41414675116539,nan,0.08769474178552628,nan,nan,0.0259158406406641,0.06133919954299927,nan,0.0259158406406641,nan,nan,0.059790391474962234,-0.02790435031056404,0.34091484546661377,-0.07323190569877625,nan,nan,0.059790391474962234,-0.02790435031056404,nan,nan,nan,nan,0.24791115522384644,0.22199531458318233,0.5144802331924438,0.4531410336494446,nan,nan,0.24791115522384644,0.22199531458318233,nan,nan,nan,nan
Normal_Videos_224_x264,Normal,6944,0,0.03586305305361748,0.3754129409790039,nan,0.03586305305361748,nan,nan,0.04447637125849724,0.17381501197814941,nan,0.04447637125849724,nan,nan,0.056417129933834076,0.0205540768802166,0.986133873462677,0.6107209324836731,nan,nan,0.056417129933834076,0.0205540768802166,nan,nan,nan,nan,0.09587861597537994,0.051402244716882706,0.8390517234802246,0.6652367115020752,nan,nan,0.09587861597537994,0.051402244716882706,nan,nan,nan,nan
Normal_Videos_246_x264,Normal,4992,0,0.005995288956910372,0.14562258124351501,nan,0.005995288956910372,nan,nan,0.017702803015708923,0.14186692237854004,nan,0.017702803015708923,nan,nan,0.036685507744550705,0.030690218787640333,0.49958348274230957,0.35396090149879456,nan,nan,0.036685507744550705,0.030690218787640333,nan,nan,nan,nan,0.09754426032304764,0.07984145730733871,0.7188433408737183,0.5769764184951782,nan,nan,0.09754426032304764,0.07984145730733871,nan,nan,nan,nan
Normal_Videos_247_x264,Normal,8208,0,0.00025322791771031916,0.010258507914841175,nan,0.00025322791771031916,nan,nan,0.004067564848810434,0.013307034969329834,nan,0.004067564848810434,nan,nan,0.00024469231721013784,-8.535600500181317e-06,0.03479604795575142,0.024537540040910244,nan,nan,0.00024469231721013784,-8.535600500181317e-06,nan,nan,nan,nan,0.01506493054330349,0.010997365694493055,0.06582045555114746,0.05251342058181763,nan,nan,0.01506493054330349,0.010997365694493055,nan,nan,nan,nan
Normal_Videos_248_x264,Normal,1136,0,2.384282197454013e-05,0.0008483074489049613,nan,2.384282197454013e-05,nan,nan,0.0008731207344681025,0.002255678176879883,nan,0.0008731207344681025,nan,nan,0.00019154066103510559,0.00016769783906056546,0.00574495131149888,0.004896643862593919,nan,nan,0.00019154066103510559,0.00016769783906056546,nan,nan,nan,nan,0.005978040397167206,0.005104919662699103,0.02033752202987671,0.018081843852996826,nan,nan,0.005978040397167206,0.005104919662699103,nan,nan,nan,nan
Normal_Videos_251_x264,Normal,400,0,0.009248110465705395,0.11976222693920135,nan,0.009248110465705395,nan,nan,0.021086368709802628,0.0735282301902771,nan,0.021086368709802628,nan,nan,0.0549948513507843,0.04574674088507891,0.6003612875938416,0.4805990606546402,nan,nan,0.0549948513507843,0.04574674088507891,nan,nan,nan,nan,0.15205176174640656,0.13096539303660393,0.39101386070251465,0.31748563051223755,nan,nan,0.15205176174640656,0.13096539303660393,nan,nan,nan,nan
Normal_Videos_289_x264,Normal,848,0,1.610072831681464e-05,0.0006559820030815899,nan,1.610072831681464e-05,nan,nan,0.0008159628487192094,0.0013535618782043457,nan,0.0008159628487192094,nan,nan,4.439002805156633e-05,2.8289299734751694e-05,0.0016114716418087482,0.0009554896387271583,nan,nan,4.439002805156633e-05,2.8289299734751694e-05,nan,nan,nan,nan,0.0029255275148898363,0.002109564666170627,0.00435405969619751,0.003000497817993164,nan,nan,0.0029255275148898363,0.002109564666170627,nan,nan,nan,nan
Normal_Videos_310_x264,Normal,2512,0,0.0006699658115394413,0.04362505301833153,nan,0.0006699658115394413,nan,nan,0.004840111825615168,0.02535414695739746,nan,0.004840111825615168,nan,nan,0.00013860108447261155,-0.0005313647270668298,0.0041017052717506886,-0.03952334774658084,nan,nan,0.00013860108447261155,-0.0005313647270668298,nan,nan,nan,nan,0.02257048338651657,0.017730371560901403,0.05100846290588379,0.025654315948486328,nan,nan,0.02257048338651657,0.017730371560901403,nan,nan,nan,nan
Normal_Videos_312_x264,Normal,1248,0,8.081351552391425e-06,0.0002636861754581332,nan,8.081351552391425e-06,nan,nan,0.0013360946904867887,0.00177079439163208,nan,0.0013360946904867887,nan,nan,3.424891838221811e-05,2.6167566829826683e-05,0.0009346089791506529,0.0006709228036925197,nan,nan,3.424891838221811e-05,2.6167566829826683e-05,nan,nan,nan,nan,0.00553457485511899,0.004198480164632201,0.01134943962097168,0.0095786452293396,nan,nan,0.00553457485511899,0.004198480164632201,nan,nan,nan,nan
Normal_Videos_317_x264,Normal,928,0,0.0001649399782763794,0.005671242251992226,nan,0.0001649399782763794,nan,nan,0.005792111158370972,0.007253706455230713,nan,0.005792111158370972,nan,nan,0.00017367054533679038,8.730567060410976e-06,0.006110380403697491,0.00043913815170526505,nan,nan,0.00017367054533679038,8.730567060410976e-06,nan,nan,nan,nan,0.008400220423936844,0.002608109265565872,0.01154470443725586,0.0042909979820251465,nan,nan,0.008400220423936844,0.002608109265565872,nan,nan,nan,nan
Normal_Videos_345_x264,Normal,208,0,0.003056246554479003,0.015581555664539337,nan,0.003056246554479003,nan,nan,0.014728812500834465,0.020372629165649414,nan,0.014728812500834465,nan,nan,0.0042785583063960075,0.0012223117519170046,0.01946190744638443,0.0038803517818450928,nan,nan,0.0042785583063960075,0.0012223117519170046,nan,nan,nan,nan,0.06560645252466202,0.05087764002382755,0.06990200281143188,0.04952937364578247,nan,nan,0.06560645252466202,0.05087764002382755,nan,nan,nan,nan
Normal_Videos_352_x264,Normal,5392,0,1.5214178347378038e-05,0.00256680091843009,nan,1.5214178347378038e-05,nan,nan,0.0012349857715889812,0.005112588405609131,nan,0.0012349857715889812,nan,nan,0.0006204990786500275,0.0006052849003026495,0.14601357281208038,0.1434467718936503,nan,nan,0.0006204990786500275,0.0006052849003026495,nan,nan,nan,nan,0.012896421365439892,0.01166143559385091,0.33808642625808716,0.332973837852478,nan,nan,0.012896421365439892,0.01166143559385091,nan,nan,nan,nan
Normal_Videos_360_x264,Normal,976,0,0.0019195699132978916,0.034296758472919464,nan,0.0019195699132978916,nan,nan,0.007996720261871815,0.010367989540100098,nan,0.007996720261871815,nan,nan,0.0019446255173534155,2.5055604055523872e-05,0.044454820454120636,0.010158061981201172,nan,nan,0.0019446255173534155,2.5055604055523872e-05,nan,nan,nan,nan,0.0663619190454483,0.05836519878357649,0.1619088053703308,0.1515408158302307,nan,nan,0.0663619190454483,0.05836519878357649,nan,nan,nan,nan
Normal_Videos_365_x264,Normal,6624,0,5.919096292927861e-05,0.010716411285102367,nan,5.919096292927861e-05,nan,nan,0.0038625842425972223,0.0114707350730896,nan,0.0038625842425972223,nan,nan,9.924301411956549e-05,4.0052051190286875e-05,0.004764852579683065,-0.005951558705419302,nan,nan,9.924301411956549e-05,4.0052051190286875e-05,nan,nan,nan,nan,0.018299249932169914,0.014436665689572692,0.04281353950500488,0.03134280443191528,nan,nan,0.018299249932169914,0.014436665689572692,nan,nan,nan,nan
Normal_Videos_401_x264,Normal,1616,0,0.001960793975740671,0.007067174185067415,nan,0.001960793975740671,nan,nan,0.004425663035362959,0.0074201226234436035,nan,0.004425663035362959,nan,nan,0.00010538190690567717,-0.001855412068834994,0.0011384066892787814,-0.005928767495788634,nan,nan,0.00010538190690567717,-0.001855412068834994,nan,nan,nan,nan,0.022623838856816292,0.018198175821453333,0.03475940227508545,0.027339279651641846,nan,nan,0.022623838856816292,0.018198175821453333,nan,nan,nan,nan
Normal_Videos_417_x264,Normal,1072,0,0.003214385360479355,0.020030539482831955,nan,0.003214385360479355,nan,nan,0.01003086008131504,0.03640580177307129,nan,0.01003086008131504,nan,nan,0.004090762231498957,0.0008763768710196018,0.025030016899108887,0.004999477416276932,nan,nan,0.004090762231498957,0.0008763768710196018,nan,nan,nan,nan,0.09785198420286179,0.08782112412154675,0.32521307468414307,0.2888072729110718,nan,nan,0.09785198420286179,0.08782112412154675,nan,nan,nan,nan
Normal_Videos_439_x264,Normal,4224,0,0.005088503938168287,0.09151182323694229,nan,0.005088503938168287,nan,nan,0.012524263001978397,0.18816614151000977,nan,0.012524263001978397,nan,nan,0.003102044342085719,-0.001986459596082568,0.15944428741931915,0.06793246418237686,nan,nan,0.003102044342085719,-0.001986459596082568,nan,nan,nan,nan,0.032966844737529755,0.020442581735551357,0.35768234729766846,0.1695162057876587,nan,nan,0.032966844737529755,0.020442581735551357,nan,nan,nan,nan
Normal_Videos_452_x264,Normal,432,0,2.1964768166071735e-05,0.0002844620612449944,nan,2.1964768166071735e-05,nan,nan,0.00043880718294531107,0.0009233951568603516,nan,0.00043880718294531107,nan,nan,5.5468804930569604e-05,3.350403676449787e-05,0.0007674097432754934,0.000482947682030499,nan,nan,5.5468804930569604e-05,3.350403676449787e-05,nan,nan,nan,nan,0.0027629334945231676,0.0023241263115778565,0.0048972368240356445,0.003973841667175293,nan,nan,0.0027629334945231676,0.0023241263115778565,nan,nan,nan,nan
Normal_Videos_453_x264,Normal,5312,0,0.0009279710939154029,0.028418945148587227,nan,0.0009279710939154029,nan,nan,0.002841380424797535,0.00535738468170166,nan,0.002841380424797535,nan,nan,0.00025490688858553767,-0.0006730642053298652,0.029638221487402916,0.001219276338815689,nan,nan,0.00025490688858553767,-0.0006730642053298652,nan,nan,nan,nan,0.006340759340673685,0.00349937891587615,0.0654367208480835,0.060079336166381836,nan,nan,0.006340759340673685,0.00349937891587615,nan,nan,nan,nan
Normal_Videos_478_x264,Normal,4496,0,0.022037625312805176,0.5917888283729553,nan,0.022037625312805176,nan,nan,0.03918022662401199,0.42395561933517456,nan,0.03918022662401199,nan,nan,0.07318004220724106,0.05114241689443588,0.8109219670295715,0.2191331386566162,nan,nan,0.07318004220724106,0.05114241689443588,nan,nan,nan,nan,0.1948302537202835,0.15565002709627151,0.7010051012039185,0.2770494818687439,nan,nan,0.1948302537202835,0.15565002709627151,nan,nan,nan,nan
Normal_Videos_576_x264,Normal,11264,0,0.013481208123266697,0.40814027190208435,nan,0.013481208123266697,nan,nan,0.025099987164139748,0.3396672010421753,nan,0.025099987164139748,nan,nan,0.013084400445222855,-0.0003968076780438423,0.40903040766716003,0.0008901357650756836,nan,nan,0.013084400445222855,-0.0003968076780438423,nan,nan,nan,nan,0.08067136257886887,0.05557137541472912,0.28444135189056396,-0.05522584915161133,nan,nan,0.08067136257886887,0.05557137541472912,nan,nan,nan,nan
Normal_Videos_597_x264,Normal,2224,0,0.0038596594240516424,0.03691171854734421,nan,0.0038596594240516424,nan,nan,0.020252782851457596,0.08438622951507568,nan,0.020252782851457596,nan,nan,0.020536966621875763,0.01667730719782412,0.19366689026355743,0.15675517171621323,nan,nan,0.020536966621875763,0.01667730719782412,nan,nan,nan,nan,0.12273796647787094,0.10248518362641335,0.5778476595878601,0.4934614300727844,nan,nan,0.12273796647787094,0.10248518362641335,nan,nan,nan,nan
Normal_Videos_603_x264,Normal,3264,0,6.127721462689806e-06,0.0005472027696669102,nan,6.127721462689806e-06,nan,nan,0.0008189321961253881,0.0015445947647094727,nan,0.0008189321961253881,nan,nan,0.00012400856940075755,0.00011788084793806775,0.009144337847828865,0.008597135078161955,nan,nan,0.00012400856940075755,0.00011788084793806775,nan,nan,nan,nan,0.008717253804206848,0.00789832160808146,0.04318743944168091,0.041642844676971436,nan,nan,0.008717253804206848,0.00789832160808146,nan,nan,nan,nan
Normal_Videos_606_x264,Normal,1232,0,1.2747350410791114e-05,0.0005720565095543861,nan,1.2747350410791114e-05,nan,nan,0.0012356205843389034,0.0018254518508911133,nan,0.0012356205843389034,nan,nan,0.00043696368811652064,0.00042421633770572953,0.0187714584171772,0.018199401907622814,nan,nan,0.00043696368811652064,0.00042421633770572953,nan,nan,nan,nan,0.005162306595593691,0.0039266860112547874,0.05173921585083008,0.049913763999938965,nan,nan,0.005162306595593691,0.0039266860112547874,nan,nan,nan,nan
Normal_Videos_621_x264,Normal,4800,0,0.00010787885548779741,0.0067179249599576,nan,0.00010787885548779741,nan,nan,0.002550888806581497,0.007481575012207031,nan,0.002550888806581497,nan,nan,0.00012494144903030246,1.7062593542505056e-05,0.013268000446259975,0.006550075486302376,nan,nan,0.00012494144903030246,1.7062593542505056e-05,nan,nan,nan,nan,0.008516756817698479,0.0059658680111169815,0.031439125537872314,0.023957550525665283,nan,nan,0.008516756817698479,0.0059658680111169815,nan,nan,nan,nan
Normal_Videos_634_x264,Normal,13456,0,4.812425231648376e-06,0.0008059972897171974,nan,4.812425231648376e-06,nan,nan,0.0009183610673062503,0.001233816146850586,nan,0.0009183610673062503,nan,nan,6.072307223803364e-05,5.591064700638526e-05,0.015377805568277836,0.014571808278560638,nan,nan,6.072307223803364e-05,5.591064700638526e-05,nan,nan,nan,nan,0.0029062216635793447,0.0019878605962730944,0.03587585687637329,0.034642040729522705,nan,nan,0.0029062216635793447,0.0019878605962730944,nan,nan,nan,nan
Normal_Videos_641_x264,Normal,3600,0,0.002636960009112954,0.05329899117350578,nan,0.002636960009112954,nan,nan,0.024200525134801865,0.07161462306976318,nan,0.024200525134801865,nan,nan,0.0012472369708120823,-0.0013897230383008718,0.01807429827749729,-0.03522469289600849,nan,nan,0.0012472369708120823,-0.0013897230383008718,nan,nan,nan,nan,0.08395446836948395,0.05975394323468208,0.2589842677116394,0.18736964464187622,nan,nan,0.08395446836948395,0.05975394323468208,nan,nan,nan,nan
Normal_Videos_656_x264,Normal,1808,0,0.00013096090697217733,0.00280230725184083,nan,0.00013096090697217733,nan,nan,0.001035293098539114,0.0023345947265625,nan,0.001035293098539114,nan,nan,0.0002580789150670171,0.00012711800809483975,0.005454797297716141,0.002652490045875311,nan,nan,0.0002580789150670171,0.00012711800809483975,nan,nan,nan,nan,0.0056746723130345345,0.0046393792144954205,0.012956559658050537,0.010621964931488037,nan,nan,0.0056746723130345345,0.0046393792144954205,nan,nan,nan,nan
Normal_Videos_686_x264,Normal,2400,0,0.004493632819503546,0.26480305194854736,nan,0.004493632819503546,nan,nan,0.0036817300133407116,0.06296032667160034,nan,0.0036817300133407116,nan,nan,0.0050285146571695805,0.0005348818376660347,0.31728729605674744,0.05248424410820007,nan,nan,0.0050285146571695805,0.0005348818376660347,nan,nan,nan,nan,0.027693137526512146,0.024011407513171434,0.37712448835372925,0.3141641616821289,nan,nan,0.027693137526512146,0.024011407513171434,nan,nan,nan,nan
Normal_Videos_696_x264,Normal,3616,0,0.007230503484606743,0.5262178778648376,nan,0.007230503484606743,nan,nan,0.011087107472121716,0.08976525068283081,nan,0.011087107472121716,nan,nan,0.10866615176200867,0.10143564827740192,0.7333384156227112,0.20712053775787354,nan,nan,0.10866615176200867,0.10143564827740192,nan,nan,nan,nan,0.1587275266647339,0.14764041919261217,0.33946752548217773,0.24970227479934692,nan,nan,0.1587275266647339,0.14764041919261217,nan,nan,nan,nan
Normal_Videos_702_x264,Normal,2512,0,0.0001821199693949893,0.00587425334379077,nan,0.0001821199693949893,nan,nan,0.00339135923422873,0.00966501235961914,nan,0.00339135923422873,nan,nan,4.969963265466504e-05,-0.00013242033674032427,0.0036808461882174015,-0.002193407155573368,nan,nan,4.969963265466504e-05,-0.00013242033674032427,nan,nan,nan,nan,0.019906984642148018,0.016515625407919288,0.04554259777069092,0.03587758541107178,nan,nan,0.019906984642148018,0.016515625407919288,nan,nan,nan,nan
Normal_Videos_704_x264,Normal,1680,0,0.26096558570861816,0.9208404421806335,nan,0.26096558570861816,nan,nan,0.2965297996997833,0.748517632484436,nan,0.2965297996997833,nan,nan,0.09729328006505966,-0.1636723056435585,0.9010154604911804,-0.019824981689453125,nan,nan,0.09729328006505966,-0.1636723056435585,nan,nan,nan,nan,0.22028590738773346,-0.07624389231204987,0.8334076404571533,0.08489000797271729,nan,nan,0.22028590738773346,-0.07624389231204987,nan,nan,nan,nan
Normal_Videos_710_x264,Normal,1792,0,0.0007043105433695018,0.018116028979420662,nan,0.0007043105433695018,nan,nan,0.006397281773388386,0.012527763843536377,nan,0.006397281773388386,nan,nan,0.0022989457938820124,0.0015946352505125105,0.01389435213059187,-0.004221676848828793,nan,nan,0.0022989457938820124,0.0015946352505125105,nan,nan,nan,nan,0.05978458374738693,0.05338730197399855,0.17585867643356323,0.16333091259002686,nan,nan,0.05978458374738693,0.05338730197399855,nan,nan,nan,nan
Normal_Videos_717_x264,Normal,1248,0,0.00010928873234661296,0.0029473418835550547,nan,0.00010928873234661296,nan,nan,0.004030338488519192,0.011980593204498291,nan,0.004030338488519192,nan,nan,0.0031729447655379772,0.0030636560331913643,0.15939663350582123,0.15644929162226617,nan,nan,0.0031729447655379772,0.0030636560331913643,nan,nan,nan,nan,0.025930238887667656,0.021899900399148464,0.17332327365875244,0.16134268045425415,nan,nan,0.025930238887667656,0.021899900399148464,nan,nan,nan,nan
Normal_Videos_722_x264,Normal,8720,0,3.511613977025263e-05,0.0025420249439775944,nan,3.511613977025263e-05,nan,nan,0.0014530529733747244,0.014939963817596436,nan,0.0014530529733747244,nan,nan,3.740548709174618e-05,2.289347321493551e-06,0.003086584387347102,0.0005445594433695078,nan,nan,3.740548709174618e-05,2.289347321493551e-06,nan,nan,nan,nan,0.006029697600752115,0.004576644627377391,0.030007600784301758,0.015067636966705322,nan,nan,0.006029697600752115,0.004576644627377391,nan,nan,nan,nan
Normal_Videos_725_x264,Normal,912,0,0.23889006674289703,0.5181824564933777,nan,0.23889006674289703,nan,nan,0.2559581995010376,0.46418190002441406,nan,0.2559581995010376,nan,nan,0.5065486431121826,0.2676585763692856,0.807163417339325,0.28898096084594727,nan,nan,0.5065486431121826,0.2676585763692856,nan,nan,nan,nan,0.8768670558929443,0.6209088563919067,0.9486637711524963,0.4844818711280823,nan,nan,0.8768670558929443,0.6209088563919067,nan,nan,nan,nan
Normal_Videos_745_x264,Normal,304,0,0.0002032025222433731,0.002379386452957988,nan,0.0002032025222433731,nan,nan,0.008338946849107742,0.009091734886169434,nan,0.008338946849107742,nan,nan,0.00013557114289142191,-6.763137935195118e-05,0.0016326522454619408,-0.000746734207496047,nan,nan,0.00013557114289142191,-6.763137935195118e-05,nan,nan,nan,nan,0.013986603356897831,0.005647656507790089,0.019017279148101807,0.009925544261932373,nan,nan,0.013986603356897831,0.005647656507790089,nan,nan,nan,nan
Normal_Videos_758_x264,Normal,1584,0,3.575673690647818e-05,0.0016398020088672638,nan,3.575673690647818e-05,nan,nan,0.001318307826295495,0.0020759105682373047,nan,0.001318307826295495,nan,nan,0.00014339180779643357,0.00010763507088995539,0.00605813367292285,0.004418331664055586,nan,nan,0.00014339180779643357,0.00010763507088995539,nan,nan,nan,nan,0.008027489297091961,0.006709181470796466,0.011637628078460693,0.009561717510223389,nan,nan,0.008027489297091961,0.006709181470796466,nan,nan,nan,nan
Normal_Videos_778_x264,Normal,1248,0,3.5133347410010174e-05,0.001045769895426929,nan,3.5133347410010174e-05,nan,nan,0.0022766506299376488,0.005279541015625,nan,0.0022766506299376488,nan,nan,0.0002531516656745225,0.00021801831826451235,0.008730821311473846,0.0076850514160469174,nan,nan,0.0002531516656745225,0.00021801831826451235,nan,nan,nan,nan,0.0076528810895979404,0.005376230459660292,0.038018643856048584,0.032739102840423584,nan,nan,0.0076528810895979404,0.005376230459660292,nan,nan,nan,nan
Normal_Videos_780_x264,Normal,2016,0,1.499470727139851e-06,9.008294000523165e-05,nan,1.499470727139851e-06,nan,nan,0.0005401401431299746,0.0008724331855773926,nan,0.0005401401431299746,nan,nan,1.0945566828013398e-05,9.446096100873547e-06,0.0008874002378433943,0.0007973172978381626,nan,nan,1.0945566828013398e-05,9.446096100873547e-06,nan,nan,nan,nan,0.002217744942754507,0.0016776047996245325,0.009578108787536621,0.008705675601959229,nan,nan,0.002217744942754507,0.0016776047996245325,nan,nan,nan,nan
Normal_Videos_781_x264,Normal,3968,0,9.090674097933515e-07,0.00012911886733490974,nan,9.090674097933515e-07,nan,nan,0.0004322391760069877,0.000637352466583252,nan,0.0004322391760069877,nan,nan,4.0186416299548e-05,3.927734888975465e-05,0.00895642302930355,0.008827304161968641,nan,nan,4.0186416299548e-05,3.927734888975465e-05,nan,nan,nan,nan,0.001625680597499013,0.0011934414214920253,0.010390758514404297,0.009753406047821045,nan,nan,0.001625680597499013,0.0011934414214920253,nan,nan,nan,nan
Normal_Videos_782_x264,Normal,5536,0,8.607162271800917e-06,0.0011921210680156946,nan,8.607162271800917e-06,nan,nan,0.0012164122890681028,0.002883434295654297,nan,0.0012164122890681028,nan,nan,2.3086342480382882e-05,1.4479180208581965e-05,0.0030148345977067947,0.0018227135296911001,nan,nan,2.3086342480382882e-05,1.4479180208581965e-05,nan,nan,nan,nan,0.004099144600331783,0.0028827323112636805,0.0077751874923706055,0.004891753196716309,nan,nan,0.004099144600331783,0.0028827323112636805,nan,nan,nan,nan
Normal_Videos_783_x264,Normal,9584,0,3.066486169700511e-05,0.004807329270988703,nan,3.066486169700511e-05,nan,nan,0.0017960831755772233,0.004671692848205566,nan,0.0017960831755772233,nan,nan,3.0442572096944787e-05,-2.222896000603214e-07,0.00489756790921092,9.023863822221756e-05,nan,nan,3.0442572096944787e-05,-2.222896000603214e-07,nan,nan,nan,nan,0.004930176306515932,0.0031340931309387088,0.012991130352020264,0.008319437503814697,nan,nan,0.004930176306515932,0.0031340931309387088,nan,nan,nan,nan
Normal_Videos_798_x264,Normal,6000,0,0.0003472869284451008,0.014384904876351357,nan,0.0003472869284451008,nan,nan,0.0057068271562457085,0.0077582597732543945,nan,0.0057068271562457085,nan,nan,0.00010824720084201545,-0.00023903972760308534,0.007760054897516966,-0.006624849978834391,nan,nan,0.00010824720084201545,-0.00023903972760308534,nan,nan,nan,nan,0.007685602642595768,0.0019787754863500595,0.010247349739074707,0.0024890899658203125,nan,nan,0.007685602642595768,0.0019787754863500595,nan,nan,nan,nan
Normal_Videos_801_x264,Normal,2736,0,0.0002676003787200898,0.014319621957838535,nan,0.0002676003787200898,nan,nan,0.0035314043052494526,0.009694337844848633,nan,0.0035314043052494526,nan,nan,0.0006240627844817936,0.00035646240576170385,0.018319880589842796,0.004000258632004261,nan,nan,0.0006240627844817936,0.00035646240576170385,nan,nan,nan,nan,0.03396465256810188,0.03043324826285243,0.09079235792160034,0.08109802007675171,nan,nan,0.03396465256810188,0.03043324826285243,nan,nan,nan,nan
Normal_Videos_828_x264,Normal,928,0,0.00014790242130402476,0.0031357300467789173,nan,0.00014790242130402476,nan,nan,0.0027492581866681576,0.004190206527709961,nan,0.0027492581866681576,nan,nan,8.467268344247714e-05,-6.322973786154762e-05,0.0033650286495685577,0.00022929860278964043,nan,nan,8.467268344247714e-05,-6.322973786154762e-05,nan,nan,nan,nan,0.00869628693908453,0.005947028752416372,0.015461444854736328,0.011271238327026367,nan,nan,0.00869628693908453,0.005947028752416372,nan,nan,nan,nan
Normal_Videos_831_x264,Normal,448,0,0.0029770084656774998,0.026413388550281525,nan,0.0029770084656774998,nan,nan,0.010038440115749836,0.018274366855621338,nan,0.010038440115749836,nan,nan,0.025631943717598915,0.022654935251921415,0.2994387149810791,0.2730253264307976,nan,nan,0.025631943717598915,0.022654935251921415,nan,nan,nan,nan,0.06079975143074989,0.05076131131500006,0.19868743419647217,0.18041306734085083,nan,nan,0.06079975143074989,0.05076131131500006,nan,nan,nan,nan
Normal_Videos_866_x264,Normal,1184,0,0.000328676775097847,0.0032186927273869514,nan,0.000328676775097847,nan,nan,0.01099712960422039,0.029395341873168945,nan,0.01099712960422039,nan,nan,0.003771842224523425,0.003443165449425578,0.11875026673078537,0.11553157400339842,nan,nan,0.003771842224523425,0.003443165449425578,nan,nan,nan,nan,0.03868838772177696,0.027691258117556572,0.1744576096534729,0.14506226778030396,nan,nan,0.03868838772177696,0.027691258117556572,nan,nan,nan,nan
Normal_Videos_867_x264,Normal,624,0,2.2108155462774448e-05,0.0005739644402638078,nan,2.2108155462774448e-05,nan,nan,0.001782874227501452,0.00194549560546875,nan,0.001782874227501452,nan,nan,0.0010452874703332782,0.0010231793148705037,0.019710607826709747,0.01913664338644594,nan,nan,0.0010452874703332782,0.0010231793148705037,nan,nan,nan,nan,0.01456855982542038,0.012785685597918928,0.046658873558044434,0.044713377952575684,nan,nan,0.01456855982542038,0.012785685597918928,nan,nan,nan,nan
Normal_Videos_868_x264,Normal,2400,0,0.013261071406304836,0.47486189007759094,nan,0.013261071406304836,nan,nan,0.04135939106345177,0.3092508912086487,nan,0.04135939106345177,nan,nan,0.02519114315509796,0.011930071748793125,0.5032391548156738,0.028377264738082886,nan,nan,0.02519114315509796,0.011930071748793125,nan,nan,nan,nan,0.2629077732563019,0.2215483821928501,0.724846601486206,0.4155957102775574,nan,nan,0.2629077732563019,0.2215483821928501,nan,nan,nan,nan
Normal_Videos_869_x264,Normal,2400,0,0.0024660304188728333,0.2216765582561493,nan,0.0024660304188728333,nan,nan,0.01080603338778019,0.15315324068069458,nan,0.01080603338778019,nan,nan,0.0051804413087666035,0.0027144108898937702,0.3273930549621582,0.10571649670600891,nan,nan,0.0051804413087666035,0.0027144108898937702,nan,nan,nan,nan,0.028252385556697845,0.017446352168917656,0.47452473640441895,0.32137149572372437,nan,nan,0.028252385556697845,0.017446352168917656,nan,nan,nan,nan
Normal_Videos_870_x264,Normal,592,0,5.6474686971341725e-06,0.00016953598242253065,nan,5.6474686971341725e-06,nan,nan,0.002963974606245756,0.00549548864364624,nan,0.002963974606245756,nan,nan,3.997199746663682e-05,3.432452876950265e-05,0.0009640033240430057,0.000794467341620475,nan,nan,3.997199746663682e-05,3.432452876950265e-05,nan,nan,nan,nan,0.010623833164572716,0.00765985855832696,0.013003826141357422,0.007508337497711182,nan,nan,0.010623833164572716,0.00765985855832696,nan,nan,nan,nan
Normal_Videos_871_x264,Normal,4352,0,0.00011485263530630618,0.008037842810153961,nan,0.00011485263530630618,nan,nan,0.006104535423219204,0.020898103713989258,nan,0.006104535423219204,nan,nan,0.0002975636161863804,0.0001827109808800742,0.011263386346399784,0.003225543536245823,nan,nan,0.0002975636161863804,0.0001827109808800742,nan,nan,nan,nan,0.019352566450834274,0.01324803102761507,0.07324934005737305,0.05235123634338379,nan,nan,0.019352566450834274,0.01324803102761507,nan,nan,nan,nan
Normal_Videos_872_x264,Normal,528,0,0.024034734815359116,0.09791620075702667,nan,0.024034734815359116,nan,nan,0.020688258111476898,0.0492132306098938,nan,0.020688258111476898,nan,nan,0.058477453887462616,0.0344427190721035,0.21018774807453156,0.11227154731750488,nan,nan,0.058477453887462616,0.0344427190721035,nan,nan,nan,nan,0.22077490389347076,0.20008664578199387,0.36316269636154175,0.31394946575164795,nan,nan,0.22077490389347076,0.20008664578199387,nan,nan,nan,nan
Normal_Videos_873_x264,Normal,1792,0,4.966580036125379e-06,0.00021759212540928274,nan,4.966580036125379e-06,nan,nan,0.0010430131806060672,0.0016766190528869629,nan,0.0010430131806060672,nan,nan,0.0001087576529243961,0.00010379107288827072,0.0056309886276721954,0.005413396502262913,nan,nan,0.0001087576529243961,0.00010379107288827072,nan,nan,nan,nan,0.012523417361080647,0.01148040418047458,0.031887590885162354,0.03021097183227539,nan,nan,0.012523417361080647,0.01148040418047458,nan,nan,nan,nan
Normal_Videos_874_x264,Normal,4224,0,0.032112762331962585,0.32412952184677124,nan,0.032112762331962585,nan,nan,0.032514650374650955,0.4827668070793152,nan,0.032514650374650955,nan,nan,0.011755825951695442,-0.020356936380267143,0.43789055943489075,0.1137610375881195,nan,nan,0.011755825951695442,-0.020356936380267143,nan,nan,nan,nan,0.0642823725938797,0.031767722219228745,0.5130485892295837,0.030281782150268555,nan,nan,0.0642823725938797,0.031767722219228745,nan,nan,nan,nan
Normal_Videos_875_x264,Normal,2560,0,7.0074629547889344e-06,0.0006132646230980754,nan,7.0074629547889344e-06,nan,nan,0.0010115473996847868,0.0017998218536376953,nan,0.0010115473996847868,nan,nan,4.415039711602731e-06,-2.5924232431862038e-06,0.0005044960416853428,-0.0001087685814127326,nan,nan,4.415039711602731e-06,-2.5924232431862038e-06,nan,nan,nan,nan,0.0032567852176725864,0.0022452378179877996,0.008142292499542236,0.006342470645904541,nan,nan,0.0032567852176725864,0.0022452378179877996,nan,nan,nan,nan
Normal_Videos_876_x264,Normal,336,0,0.003220392856746912,0.011115789413452148,nan,0.003220392856746912,nan,nan,0.007664178032428026,0.011535465717315674,nan,0.007664178032428026,nan,nan,0.002700773999094963,-0.0005196188576519489,0.013351598754525185,0.002235809341073036,nan,nan,0.002700773999094963,-0.0005196188576519489,nan,nan,nan,nan,0.12521103024482727,0.11754685221239924,0.1985509991645813,0.18701553344726562,nan,nan,0.12521103024482727,0.11754685221239924,nan,nan,nan,nan
Normal_Videos_877_x264,Normal,10016,0,0.026906693354249,0.21477007865905762,nan,0.026906693354249,nan,nan,0.03718496859073639,0.20312219858169556,nan,0.03718496859073639,nan,nan,0.02814425714313984,0.0012375637888908386,0.3047003448009491,0.08993026614189148,nan,nan,0.02814425714313984,0.0012375637888908386,nan,nan,nan,nan,0.10640072077512741,0.06921575218439102,0.5303173065185547,0.32719510793685913,nan,nan,0.10640072077512741,0.06921575218439102,nan,nan,nan,nan
Normal_Videos_878_x264,Normal,256,0,0.6025195717811584,0.7044395208358765,nan,0.6025195717811584,nan,nan,0.7662554979324341,0.8407465219497681,nan,0.7662554979324341,nan,nan,0.9627230167388916,0.36020344495773315,0.9898359179496765,0.28539639711380005,nan,nan,0.9627230167388916,0.36020344495773315,nan,nan,nan,nan,0.9721132516860962,0.2058577537536621,0.9808568954467773,0.14011037349700928,nan,nan,0.9721132516860962,0.2058577537536621,nan,nan,nan,nan
Normal_Videos_879_x264,Normal,1136,0,0.0002916188968811184,0.008130778558552265,nan,0.0002916188968811184,nan,nan,0.006505649536848068,0.028195679187774658,nan,0.006505649536848068,nan,nan,0.0006759440875612199,0.0003843251906801015,0.021948672831058502,0.013817894272506237,nan,nan,0.0006759440875612199,0.0003843251906801015,nan,nan,nan,nan,0.039191871881484985,0.03268622234463692,0.09135645627975464,0.06316077709197998,nan,nan,0.039191871881484985,0.03268622234463692,nan,nan,nan,nan
Normal_Videos_880_x264,Normal,18048,0,0.026754874736070633,0.2821395993232727,nan,0.026754874736070633,nan,nan,0.019612452015280724,0.05803626775741577,nan,0.019612452015280724,nan,nan,0.006095988675951958,-0.020658886060118675,0.150718554854393,-0.1314210444688797,nan,nan,0.006095988675951958,-0.020658886060118675,nan,nan,nan,nan,0.036389466375112534,0.01677701435983181,0.10054874420166016,0.042512476444244385,nan,nan,0.036389466375112534,0.01677701435983181,nan,nan,nan,nan
Normal_Videos_881_x264,Normal,224,0,4.448673644219525e-05,0.0004776734858751297,nan,4.448673644219525e-05,nan,nan,0.0009313566260971129,0.0012041330337524414,nan,0.0009313566260971129,nan,nan,3.273517722846009e-05,-1.1751559213735163e-05,0.0003335066430736333,-0.0001441668428014964,nan,nan,3.273517722846009e-05,-1.1751559213735163e-05,nan,nan,nan,nan,0.005741877015680075,0.004810520389582962,0.0073386430740356445,0.006134510040283203,nan,nan,0.005741877015680075,0.004810520389582962,nan,nan,nan,nan
Normal_Videos_882_x264,Normal,1648,0,1.4491895854007453e-05,0.00031118374317884445,nan,1.4491895854007453e-05,nan,nan,0.002377580152824521,0.008579850196838379,nan,0.002377580152824521,nan,nan,8.608069947513286e-06,-5.883825906494167e-06,0.0005161099252291024,0.00020492618205025792,nan,nan,8.608069947513286e-06,-5.883825906494167e-06,nan,nan,nan,nan,0.008191514760255814,0.0058139346074312925,0.02449357509613037,0.015913724899291992,nan,nan,0.008191514760255814,0.0058139346074312925,nan,nan,nan,nan
Normal_Videos_883_x264,Normal,320,0,0.012434695847332478,0.049651164561510086,nan,0.012434695847332478,nan,nan,0.013698282651603222,0.01812875270843506,nan,0.013698282651603222,nan,nan,0.48151344060897827,0.4690787447616458,0.8824651837348938,0.8328140191733837,nan,nan,0.48151344060897827,0.4690787447616458,nan,nan,nan,nan,0.6930278539657593,0.679329571314156,0.8378371000289917,0.8197083473205566,nan,nan,0.6930278539657593,0.679329571314156,nan,nan,nan,nan
Normal_Videos_884_x264,Normal,9024,0,0.4347715973854065,0.9047473073005676,nan,0.4347715973854065,nan,nan,0.3765639066696167,0.8404020071029663,nan,0.3765639066696167,nan,nan,0.5291054844856262,0.09433388710021973,0.9760578274726868,0.07131052017211914,nan,nan,0.5291054844856262,0.09433388710021973,nan,nan,nan,nan,0.954801619052887,0.5782377123832703,0.9976101517677307,0.1572081446647644,nan,nan,0.954801619052887,0.5782377123832703,nan,nan,nan,nan
Normal_Videos_885_x264,Normal,464,0,1.613773019926157e-05,0.00033237822935916483,nan,1.613773019926157e-05,nan,nan,0.0009487826027907431,0.0010874271392822266,nan,0.0009487826027907431,nan,nan,7.386907236650586e-05,5.773134216724429e-05,0.0013882105704396963,0.0010558323410805315,nan,nan,7.386907236650586e-05,5.773134216724429e-05,nan,nan,nan,nan,0.0033450783230364323,0.002396295720245689,0.004400491714477539,0.0033130645751953125,nan,nan,0.0033450783230364323,0.002396295720245689,nan,nan,nan,nan
Normal_Videos_886_x264,Normal,2736,0,5.229126600170275e-06,0.0006305498536676168,nan,5.229126600170275e-06,nan,nan,0.0011561264982447028,0.0015260577201843262,nan,0.0011561264982447028,nan,nan,6.021769513608888e-05,5.49885685359186e-05,0.0036787204444408417,0.003048170590773225,nan,nan,6.021769513608888e-05,5.49885685359186e-05,nan,nan,nan,nan,0.003950995393097401,0.002794868894852698,0.006622612476348877,0.005096554756164551,nan,nan,0.003950995393097401,0.002794868894852698,nan,nan,nan,nan
Normal_Videos_887_x264,Normal,7616,0,0.4483366310596466,0.9901512861251831,nan,0.4483366310596466,nan,nan,0.6404661536216736,0.999484121799469,nan,0.6404661536216736,nan,nan,0.5482630133628845,0.09992638230323792,0.999201238155365,0.009049952030181885,nan,nan,0.5482630133628845,0.09992638230323792,nan,nan,nan,nan,0.7011069655418396,0.060640811920166016,0.9958183765411377,-0.003665745258331299,nan,nan,0.7011069655418396,0.060640811920166016,nan,nan,nan,nan
Normal_Videos_888_x264,Normal,560,0,0.00045496958773583174,0.006093725562095642,nan,0.00045496958773583174,nan,nan,0.005655745044350624,0.011228501796722412,nan,0.005655745044350624,nan,nan,0.0020544773433357477,0.001599507755599916,0.02539411373436451,0.019300388172268867,nan,nan,0.0020544773433357477,0.001599507755599916,nan,nan,nan,nan,0.045244816690683365,0.03958907164633274,0.08479088544845581,0.0735623836517334,nan,nan,0.045244816690683365,0.03958907164633274,nan,nan,nan,nan
Normal_Videos_889_x264,Normal,304,0,0.00019506782700773329,0.002358029130846262,nan,0.00019506782700773329,nan,nan,0.001222641789354384,0.0014230012893676758,nan,0.001222641789354384,nan,nan,0.0008956824312917888,0.0007006146042840555,0.005014752969145775,0.002656723838299513,nan,nan,0.0008956824312917888,0.0007006146042840555,nan,nan,nan,nan,0.056736938655376434,0.05551429686602205,0.06498539447784424,0.06356239318847656,nan,nan,0.056736938655376434,0.05551429686602205,nan,nan,nan,nan
Normal_Videos_890_x264,Normal,3568,0,0.0007100653019733727,0.057231612503528595,nan,0.0007100653019733727,nan,nan,0.004153952933847904,0.008500516414642334,nan,0.004153952933847904,nan,nan,0.0002497339155524969,-0.0004603313864208758,0.026119129732251167,-0.031112482771277428,nan,nan,0.0002497339155524969,-0.0004603313864208758,nan,nan,nan,nan,0.012443291954696178,0.008289339020848274,0.0390583872795105,0.030557870864868164,nan,nan,0.012443291954696178,0.008289339020848274,nan,nan,nan,nan
Normal_Videos_891_x264,Normal,1792,0,9.516153113509063e-06,0.0006332494085654616,nan,9.516153113509063e-06,nan,nan,0.0014809152344241738,0.0020951032638549805,nan,0.0014809152344241738,nan,nan,7.267897217388963e-06,-2.2482558961200994e-06,0.0005549700581468642,-7.827935041859746e-05,nan,nan,7.267897217388963e-06,-2.2482558961200994e-06,nan,nan,nan,nan,0.003387056291103363,0.0019061410566791892,0.0046471357345581055,0.002552032470703125,nan,nan,0.003387056291103363,0.0019061410566791892,nan,nan,nan,nan
Normal_Videos_892_x264,Normal,1760,0,0.011420669965445995,0.07652538269758224,nan,0.011420669965445995,nan,nan,0.011091005057096481,0.02315610647201538,nan,0.011091005057096481,nan,nan,0.045885663479566574,0.03446499351412058,0.1933249980211258,0.11679961532354355,nan,nan,0.045885663479566574,0.03446499351412058,nan,nan,nan,nan,0.11369438469409943,0.10260337963700294,0.26752543449401855,0.24436932802200317,nan,nan,0.11369438469409943,0.10260337963700294,nan,nan,nan,nan
Normal_Videos_893_x264,Normal,6368,0,2.3634534954908304e-05,0.001817918149754405,nan,2.3634534954908304e-05,nan,nan,0.0026959870010614395,0.004862964153289795,nan,0.0026959870010614395,nan,nan,0.00022899724717717618,0.00020536271222226787,0.004720756784081459,0.002902838634327054,nan,nan,0.00022899724717717618,0.00020536271222226787,nan,nan,nan,nan,0.02664920501410961,0.023953218013048172,0.0810043215751648,0.076141357421875,nan,nan,0.02664920501410961,0.023953218013048172,nan,nan,nan,nan
Normal_Videos_894_x264,Normal,2560,0,0.022676467895507812,0.4687609374523163,nan,0.022676467895507812,nan,nan,0.01734262704849243,0.1723628044128418,nan,0.01734262704849243,nan,nan,0.010859506204724312,-0.0118169616907835,0.03913342207670212,-0.42962751537561417,nan,nan,0.010859506204724312,-0.0118169616907835,nan,nan,nan,nan,0.17204073071479797,0.15469810366630554,0.32033801078796387,0.14797520637512207,nan,nan,0.17204073071479797,0.15469810366630554,nan,nan,nan,nan
Normal_Videos_895_x264,Normal,3024,0,0.22918866574764252,0.7900612950325012,nan,0.22918866574764252,nan,nan,0.07741758227348328,0.22611117362976074,nan,0.07741758227348328,nan,nan,0.5983776450157166,0.36918897926807404,0.9766297340393066,0.18656843900680542,nan,nan,0.5983776450157166,0.36918897926807404,nan,nan,nan,nan,0.924069344997406,0.8466517627239227,0.9879059195518494,0.7617947459220886,nan,nan,0.924069344997406,0.8466517627239227,nan,nan,nan,nan
Normal_Videos_896_x264,Normal,2288,0,0.18884247541427612,0.5528483390808105,nan,0.18884247541427612,nan,nan,0.12856709957122803,0.2369077205657959,nan,0.12856709957122803,nan,nan,0.2646907866001129,0.07584831118583679,0.6065793633460999,0.05373102426528931,nan,nan,0.2646907866001129,0.07584831118583679,nan,nan,nan,nan,0.6699602603912354,0.5413931608200073,0.7573398351669312,0.5204321146011353,nan,nan,0.6699602603912354,0.5413931608200073,nan,nan,nan,nan
Normal_Videos_897_x264,Normal,864,0,0.0010926180984824896,0.01735341176390648,nan,0.0010926180984824896,nan,nan,0.009040902368724346,0.01071774959564209,nan,0.009040902368724346,nan,nan,0.0009299467201344669,-0.0001626713783480227,0.017744332551956177,0.0003909207880496979,nan,nan,0.0009299467201344669,-0.0001626713783480227,nan,nan,nan,nan,0.033603910356760025,0.02456300798803568,0.041820645332336426,0.031102895736694336,nan,nan,0.033603910356760025,0.02456300798803568,nan,nan,nan,nan
Normal_Videos_898_x264,Normal,992,0,0.0009407304460182786,0.0074223000556230545,nan,0.0009407304460182786,nan,nan,0.012880460359156132,0.048770010471343994,nan,0.012880460359156132,nan,nan,0.0012808202300220728,0.0003400897840037942,0.004361646715551615,-0.0030606533400714397,nan,nan,0.0012808202300220728,0.0003400897840037942,nan,nan,nan,nan,0.06698212772607803,0.0541016673669219,0.2497987151145935,0.2010287046432495,nan,nan,0.06698212772607803,0.0541016673669219,nan,nan,nan,nan
Normal_Videos_899_x264,Normal,1376,0,0.0009014176903292537,0.013337095268070698,nan,0.0009014176903292537,nan,nan,0.003040152136236429,0.00811004638671875,nan,0.003040152136236429,nan,nan,0.006702021230012178,0.005800603539682925,0.13733644783496857,0.12399935256689787,nan,nan,0.006702021230012178,0.005800603539682925,nan,nan,nan,nan,0.02051687240600586,0.01747672026976943,0.12083923816680908,0.11272919178009033,nan,nan,0.02051687240600586,0.01747672026976943,nan,nan,nan,nan
Normal_Videos_900_x264,Normal,1440,0,0.025783276185393333,0.07387738674879074,nan,0.025783276185393333,nan,nan,0.019424693658947945,0.03084707260131836,nan,0.019424693658947945,nan,nan,0.032273828983306885,0.006490552797913551,0.31849026679992676,0.24461288005113602,nan,nan,0.032273828983306885,0.006490552797913551,nan,nan,nan,nan,0.09120623022317886,0.07178153656423092,0.2706069350242615,0.23975986242294312,nan,nan,0.09120623022317886,0.07178153656423092,nan,nan,nan,nan
Normal_Videos_901_x264,Normal,1168,0,0.3664814233779907,0.69297856092453,nan,0.3664814233779907,nan,nan,0.49900490045547485,0.7888944149017334,nan,0.49900490045547485,nan,nan,0.2952318489551544,-0.0712495744228363,0.7336685061454773,0.040689945220947266,nan,nan,0.2952318489551544,-0.0712495744228363,nan,nan,nan,nan,0.7417890429496765,0.24278414249420166,0.9364973902702332,0.14760297536849976,nan,nan,0.7417890429496765,0.24278414249420166,nan,nan,nan,nan
Normal_Videos_902_x264,Normal,1376,0,0.04586288705468178,0.2894172966480255,nan,0.04586288705468178,nan,nan,0.053485698997974396,0.1856907606124878,nan,0.053485698997974396,nan,nan,0.13154956698417664,0.08568667992949486,0.9890761375427246,0.6996588408946991,nan,nan,0.13154956698417664,0.08568667992949486,nan,nan,nan,nan,0.3104482591152191,0.2569625601172447,0.9557908177375793,0.7701000571250916,nan,nan,0.3104482591152191,0.2569625601172447,nan,nan,nan,nan
Normal_Videos_903_x264,Normal,784,0,0.0015444706659764051,0.01308841910213232,nan,0.0015444706659764051,nan,nan,0.003355886321514845,0.00579911470413208,nan,0.003355886321514845,nan,nan,0.0016815485432744026,0.00013707787729799747,0.023160750046372414,0.010072330944240093,nan,nan,0.0016815485432744026,0.00013707787729799747,nan,nan,nan,nan,0.04126998409628868,0.037914097774773836,0.07713770866394043,0.07133859395980835,nan,nan,0.04126998409628868,0.037914097774773836,nan,nan,nan,nan
Normal_Videos_904_x264,Normal,896,0,0.002126543316990137,0.01858336851000786,nan,0.002126543316990137,nan,nan,0.005372452083975077,0.012870490550994873,nan,0.005372452083975077,nan,nan,0.007406235672533512,0.005279692355543375,0.04768209904432297,0.02909873053431511,nan,nan,0.007406235672533512,0.005279692355543375,nan,nan,nan,nan,0.09598121792078018,0.0906087658368051,0.21245020627975464,0.19957971572875977,nan,nan,0.09598121792078018,0.0906087658368051,nan,nan,nan,nan
Normal_Videos_905_x264,Normal,1184,0,0.002609559567645192,0.03835184872150421,nan,0.002609559567645192,nan,nan,0.005427798721939325,0.015184164047241211,nan,0.005427798721939325,nan,nan,0.019018050283193588,0.016408490715548396,0.6132664680480957,0.5749146193265915,nan,nan,0.019018050283193588,0.016408490715548396,nan,nan,nan,nan,0.09801118075847626,0.09258338203653693,0.8158966302871704,0.8007124662399292,nan,nan,0.09801118075847626,0.09258338203653693,nan,nan,nan,nan
Normal_Videos_906_x264,Normal,672,0,0.008129562251269817,0.059759825468063354,nan,0.008129562251269817,nan,nan,0.0066153863444924355,0.009984850883483887,nan,0.0066153863444924355,nan,nan,0.02283049002289772,0.014700927771627903,0.44722890853881836,0.387469083070755,nan,nan,0.02283049002289772,0.014700927771627903,nan,nan,nan,nan,0.12161527574062347,0.11499988939613104,0.6670615077018738,0.6570766568183899,nan,nan,0.12161527574062347,0.11499988939613104,nan,nan,nan,nan
Normal_Videos_907_x264,Normal,592,0,0.003966355696320534,0.03978654369711876,nan,0.003966355696320534,nan,nan,0.009767276234924793,0.020911753177642822,nan,0.009767276234924793,nan,nan,0.03629302978515625,0.032326674088835716,0.5077690482139587,0.46798250451684,nan,nan,0.03629302978515625,0.032326674088835716,nan,nan,nan,nan,0.12505459785461426,0.11528732161968946,0.518761396408081,0.49784964323043823,nan,nan,0.12505459785461426,0.11528732161968946,nan,nan,nan,nan
Normal_Videos_908_x264,Normal,880,0,0.0039623635821044445,0.04899071529507637,nan,0.0039623635821044445,nan,nan,0.007118477486073971,0.009492874145507812,nan,0.007118477486073971,nan,nan,0.0005122799193486571,-0.0034500836627557874,0.011551091447472572,-0.0374396238476038,nan,nan,0.0005122799193486571,-0.0034500836627557874,nan,nan,nan,nan,0.028689971193671227,0.021571493707597256,0.034609317779541016,0.025116443634033203,nan,nan,0.028689971193671227,0.021571493707597256,nan,nan,nan,nan
Normal_Videos_909_x264,Normal,864,0,0.013981020078063011,0.06540265679359436,nan,0.013981020078063011,nan,nan,0.051471028476953506,0.14671725034713745,nan,0.051471028476953506,nan,nan,0.02793857641518116,0.013957556337118149,0.20031210780143738,0.13490945100784302,nan,nan,0.02793857641518116,0.013957556337118149,nan,nan,nan,nan,0.14107368886470795,0.08960266038775444,0.42722249031066895,0.2805052399635315,nan,nan,0.14107368886470795,0.08960266038775444,nan,nan,nan,nan
Normal_Videos_910_x264,Normal,560,0,0.003650077385827899,0.021135538816452026,nan,0.003650077385827899,nan,nan,0.01946062408387661,0.02354598045349121,nan,0.01946062408387661,nan,nan,0.01100651640444994,0.007356439018622041,0.10912781208753586,0.08799227327108383,nan,nan,0.01100651640444994,0.007356439018622041,nan,nan,nan,nan,0.10533566772937775,0.08587504364550114,0.17196673154830933,0.14842075109481812,nan,nan,0.10533566772937775,0.08587504364550114,nan,nan,nan,nan
Normal_Videos_911_x264,Normal,768,0,0.03831930831074715,0.11317591369152069,nan,0.03831930831074715,nan,nan,0.032515425235033035,0.04041069746017456,nan,0.032515425235033035,nan,nan,0.004166840109974146,-0.034152468200773,0.045542020350694656,-0.06763389334082603,nan,nan,0.004166840109974146,-0.034152468200773,nan,nan,nan,nan,0.052915796637535095,0.02040037140250206,0.06897258758544922,0.028561890125274658,nan,nan,0.052915796637535095,0.02040037140250206,nan,nan,nan,nan
Normal_Videos_912_x264,Normal,736,0,0.07081525772809982,0.18373775482177734,nan,0.07081525772809982,nan,nan,0.06835736334323883,0.1313035488128662,nan,0.06835736334323883,nan,nan,0.033823128789663315,-0.03699212893843651,0.1459372639656067,-0.037800490856170654,nan,nan,0.033823128789663315,-0.03699212893843651,nan,nan,nan,nan,0.13322106003761292,0.06486369669437408,0.2622358798980713,0.13093233108520508,nan,nan,0.13322106003761292,0.06486369669437408,nan,nan,nan,nan
Normal_Videos_913_x264,Normal,608,0,0.07501725107431412,0.2342967987060547,nan,0.07501725107431412,nan,nan,0.10305168479681015,0.1770254373550415,nan,0.10305168479681015,nan,nan,0.07232717424631119,-0.0026900768280029297,0.4573380649089813,0.22304126620292664,nan,nan,0.07232717424631119,-0.0026900768280029297,nan,nan,nan,nan,0.4640454351902008,0.36099375039339066,0.8002315759658813,0.6232061386108398,nan,nan,0.4640454351902008,0.36099375039339066,nan,nan,nan,nan
Normal_Videos_914_x264,Normal,880,0,0.00010377976286690682,0.002437066286802292,nan,0.00010377976286690682,nan,nan,0.0014739144826307893,0.0018079876899719238,nan,0.0014739144826307893,nan,nan,0.00016417847655247897,6.039871368557215e-05,0.0044538057409226894,0.0020167394541203976,nan,nan,0.00016417847655247897,6.039871368557215e-05,nan,nan,nan,nan,0.012685369700193405,0.011211455217562616,0.01599133014678955,0.014183342456817627,nan,nan,0.012685369700193405,0.011211455217562616,nan,nan,nan,nan
Normal_Videos_915_x264,Normal,1232,0,0.003580918535590172,0.03779055178165436,nan,0.003580918535590172,nan,nan,0.007011587731540203,0.021011829376220703,nan,0.007011587731540203,nan,nan,0.050493061542510986,0.046912143006920815,0.9663976430892944,0.9286070913076401,nan,nan,0.050493061542510986,0.046912143006920815,nan,nan,nan,nan,0.10779844224452972,0.10078685451298952,0.866889238357544,0.8458774089813232,nan,nan,0.10779844224452972,0.10078685451298952,nan,nan,nan,nan
Normal_Videos_923_x264,Normal,18224,0,0.0008616088889539242,0.04439001530408859,nan,0.0008616088889539242,nan,nan,0.006855856627225876,0.01762557029724121,nan,0.006855856627225876,nan,nan,0.0009164839284494519,5.4875039495527744e-05,0.043108463287353516,-0.001281552016735077,nan,nan,0.0009164839284494519,5.4875039495527744e-05,nan,nan,nan,nan,0.02361404523253441,0.016758188605308533,0.05725133419036865,0.03962576389312744,nan,nan,0.02361404523253441,0.016758188605308533,nan,nan,nan,nan
Normal_Videos_924_x264,Normal,108000,0,0.02689782716333866,0.9449535608291626,nan,0.02689782716333866,nan,nan,0.08853640407323837,0.9046536684036255,nan,0.08853640407323837,nan,nan,0.08946449309587479,0.06256666593253613,0.9943231344223022,0.04936957359313965,nan,nan,0.08946449309587479,0.06256666593253613,nan,nan,nan,nan,0.24123647809028625,0.15270007401704788,0.9889066219329834,0.08425295352935791,nan,nan,0.24123647809028625,0.15270007401704788,nan,nan,nan,nan
Normal_Videos_925_x264,Normal,7712,0,0.9477088451385498,0.9957723021507263,nan,0.9477088451385498,nan,nan,0.9973363876342773,0.9995518922805786,nan,0.9973363876342773,nan,nan,0.9816002249717712,0.033891379833221436,0.9968859553337097,0.0011136531829833984,nan,nan,0.9816002249717712,0.033891379833221436,nan,nan,nan,nan,0.9818713665008545,-0.015465021133422852,0.9913791418075562,-0.008172750473022461,nan,nan,0.9818713665008545,-0.015465021133422852,nan,nan,nan,nan
Normal_Videos_926_x264,Normal,1792,0,0.003132776590064168,0.05621180310845375,nan,0.003132776590064168,nan,nan,0.021712463349103928,0.053980886936187744,nan,0.021712463349103928,nan,nan,0.0010451370617374778,-0.00208763952832669,0.044363923370838165,-0.011847879737615585,nan,nan,0.0010451370617374778,-0.00208763952832669,nan,nan,nan,nan,0.02416871301829815,0.0024562496691942215,0.11844384670257568,0.06446295976638794,nan,nan,0.02416871301829815,0.0024562496691942215,nan,nan,nan,nan
Normal_Videos_927_x264,Normal,1632,0,0.2240167111158371,0.5919232368469238,nan,0.2240167111158371,nan,nan,0.2233702391386032,0.47738051414489746,nan,0.2233702391386032,nan,nan,0.025365913286805153,-0.19865079782903194,0.1023777574300766,-0.48954547941684723,nan,nan,0.025365913286805153,-0.19865079782903194,nan,nan,nan,nan,0.1807275414466858,-0.04264269769191742,0.3681930899620056,-0.10918742418289185,nan,nan,0.1807275414466858,-0.04264269769191742,nan,nan,nan,nan
Normal_Videos_928_x264,Normal,912,0,4.021802669740282e-05,0.0015722248936071992,nan,4.021802669740282e-05,nan,nan,0.0016638531815260649,0.0022412538528442383,nan,0.0016638531815260649,nan,nan,4.764625555253588e-05,7.428228855133057e-06,0.0019357685232535005,0.00036354362964630127,nan,nan,4.764625555253588e-05,7.428228855133057e-06,nan,nan,nan,nan,0.003174715908244252,0.0015108627267181873,0.004162788391113281,0.001921534538269043,nan,nan,0.003174715908244252,0.0015108627267181873,nan,nan,nan,nan
Normal_Videos_929_x264,Normal,912,0,0.00036125825135968626,0.010347466915845871,nan,0.00036125825135968626,nan,nan,0.005328928120434284,0.007696092128753662,nan,0.005328928120434284,nan,nan,0.000194016465684399,-0.00016724178567528725,0.006515044718980789,-0.003832422196865082,nan,nan,0.000194016465684399,-0.00016724178567528725,nan,nan,nan,nan,0.015394562855362892,0.010065634734928608,0.02717381715774536,0.0194777250289917,nan,nan,0.015394562855362892,0.010065634734928608,nan,nan,nan,nan
Normal_Videos_930_x264,Normal,3184,0,1.3004671018279623e-05,0.000965199782513082,nan,1.3004671018279623e-05,nan,nan,0.0017287281807512045,0.003026723861694336,nan,0.0017287281807512045,nan,nan,4.3211963202338666e-05,3.0207292184059042e-05,0.0037687907461076975,0.0028035909635946155,nan,nan,4.3211963202338666e-05,3.0207292184059042e-05,nan,nan,nan,nan,0.007647865917533636,0.005919137736782432,0.02056729793548584,0.017540574073791504,nan,nan,0.007647865917533636,0.005919137736782432,nan,nan,nan,nan
Normal_Videos_931_x264,Normal,1760,0,0.006838301662355661,0.121428482234478,nan,0.006838301662355661,nan,nan,0.013733631931245327,0.026140809059143066,nan,0.013733631931245327,nan,nan,0.020340651273727417,0.013502349611371756,0.2549573481082916,0.13352886587381363,nan,nan,0.020340651273727417,0.013502349611371756,nan,nan,nan,nan,0.1715671867132187,0.15783355478197336,0.27926892042160034,0.2531281113624573,nan,nan,0.1715671867132187,0.15783355478197336,nan,nan,nan,nan
Normal_Videos_932_x264,Normal,1776,0,0.7616239786148071,0.9502394199371338,nan,0.7616239786148071,nan,nan,0.9443206787109375,0.9770009517669678,nan,0.9443206787109375,nan,nan,0.020993933081626892,-0.7406300455331802,0.20074254274368286,-0.7494968771934509,nan,nan,0.020993933081626892,-0.7406300455331802,nan,nan,nan,nan,0.09495271742343903,-0.8493679612874985,0.22776776552200317,-0.7492331862449646,nan,nan,0.09495271742343903,-0.8493679612874985,nan,nan,nan,nan
Normal_Videos_933_x264,Normal,1760,0,5.455192422232358e-06,0.00033311801962554455,nan,5.455192422232358e-06,nan,nan,0.0013783806934952736,0.0019683241844177246,nan,0.0013783806934952736,nan,nan,3.234730684198439e-05,2.6892114419752033e-05,0.0021193064749240875,0.001786188455298543,nan,nan,3.234730684198439e-05,2.6892114419752033e-05,nan,nan,nan,nan,0.008618297055363655,0.0072399163618683815,0.01200014352798462,0.010031819343566895,nan,nan,0.008618297055363655,0.0072399163618683815,nan,nan,nan,nan
Normal_Videos_934_x264,Normal,1760,0,1.7372181901009753e-05,0.0003395586973056197,nan,1.7372181901009753e-05,nan,nan,0.0023107111919671297,0.009029626846313477,nan,0.0023107111919671297,nan,nan,6.98254443705082e-05,5.245326246949844e-05,0.0022252800408750772,0.0018857213435694575,nan,nan,6.98254443705082e-05,5.245326246949844e-05,nan,nan,nan,nan,0.013984495773911476,0.011673784581944346,0.07342416048049927,0.06439453363418579,nan,nan,0.013984495773911476,0.011673784581944346,nan,nan,nan,nan
Normal_Videos_935_x264,Normal,108000,0,2.2356398403644562e-05,0.009299111552536488,nan,2.2356398403644562e-05,nan,nan,0.004052387084811926,0.0379982590675354,nan,0.004052387084811926,nan,nan,4.647324749385007e-05,2.4116849090205505e-05,0.010591864585876465,0.0012927530333399773,nan,nan,4.647324749385007e-05,2.4116849090205505e-05,nan,nan,nan,nan,0.010553468018770218,0.006501080933958292,0.06861680746078491,0.03061854839324951,nan,nan,0.010553468018770218,0.006501080933958292,nan,nan,nan,nan
Normal_Videos_936_x264,Normal,1136,0,0.007948976941406727,0.03349481150507927,nan,0.007948976941406727,nan,nan,0.011490442790091038,0.016828477382659912,nan,0.011490442790091038,nan,nan,0.04472867399454117,0.03677969705313444,0.27311500906944275,0.23962019756436348,nan,nan,0.04472867399454117,0.03677969705313444,nan,nan,nan,nan,0.24429775774478912,0.23280731495469809,0.4093474745750427,0.3925189971923828,nan,nan,0.24429775774478912,0.23280731495469809,nan,nan,nan,nan
Normal_Videos_937_x264,Normal,1136,0,0.007948976941406727,0.03349481150507927,nan,0.007948976941406727,nan,nan,0.011490442790091038,0.016828477382659912,nan,0.011490442790091038,nan,nan,0.04472867399454117,0.03677969705313444,0.27311500906944275,0.23962019756436348,nan,nan,0.04472867399454117,0.03677969705313444,nan,nan,nan,nan,0.24429775774478912,0.23280731495469809,0.4093474745750427,0.3925189971923828,nan,nan,0.24429775774478912,0.23280731495469809,nan,nan,nan,nan
Normal_Videos_938_x264,Normal,4816,0,0.00038351473631337285,0.022087804973125458,nan,0.00038351473631337285,nan,nan,0.0031445196364074945,0.014409542083740234,nan,0.0031445196364074945,nan,nan,0.00023464499099645764,-0.00014886974531691521,0.011109182611107826,-0.010978622362017632,nan,nan,0.00023464499099645764,-0.00014886974531691521,nan,nan,nan,nan,0.013551414012908936,0.010406894376501441,0.039594054222106934,0.0251845121383667,nan,nan,0.013551414012908936,0.010406894376501441,nan,nan,nan,nan
Normal_Videos_939_x264,Normal,800,0,9.22592735150829e-05,0.003071823623031378,nan,9.22592735150829e-05,nan,nan,0.0023338389582931995,0.004945158958435059,nan,0.0023338389582931995,nan,nan,0.0006469786749221385,0.0005547194014070556,0.016885623335838318,0.01381379971280694,nan,nan,0.0006469786749221385,0.0005547194014070556,nan,nan,nan,nan,0.029208378866314888,0.02687453990802169,0.06878483295440674,0.06383967399597168,nan,nan,0.029208378866314888,0.02687453990802169,nan,nan,nan,nan
Normal_Videos_940_x264,Normal,36032,0,0.04074007272720337,0.7465588450431824,nan,0.04074007272720337,nan,nan,0.020793410018086433,0.13191312551498413,nan,0.020793410018086433,nan,nan,0.03598520904779434,-0.004754863679409027,0.8919965028762817,0.14543765783309937,nan,nan,0.03598520904779434,-0.004754863679409027,nan,nan,nan,nan,0.039057474583387375,0.01826406456530094,0.582166314125061,0.4502531886100769,nan,nan,0.039057474583387375,0.01826406456530094,nan,nan,nan,nan
Normal_Videos_941_x264,Normal,2016,0,0.0016549174906685948,0.10244613140821457,nan,0.0016549174906685948,nan,nan,0.006633405108004808,0.03721821308135986,nan,0.006633405108004808,nan,nan,0.020496957004070282,0.018842039513401687,0.8221190571784973,0.7196729257702827,nan,nan,0.020496957004070282,0.018842039513401687,nan,nan,nan,nan,0.05274674668908119,0.046113341581076384,0.512771487236023,0.4755532741546631,nan,nan,0.05274674668908119,0.046113341581076384,nan,nan,nan,nan
Normal_Videos_943_x264,Normal,1008,0,0.3679324984550476,0.8288537263870239,nan,0.3679324984550476,nan,nan,0.51324063539505,0.8073126673698425,nan,0.51324063539505,nan,nan,0.04107239842414856,-0.32686010003089905,0.12589794397354126,-0.7029557824134827,nan,nan,0.04107239842414856,-0.32686010003089905,nan,nan,nan,nan,0.38025492429733276,-0.13298571109771729,0.6847538948059082,-0.12255877256393433,nan,nan,0.38025492429733276,-0.13298571109771729,nan,nan,nan,nan
Normal_Videos_944_x264,Normal,7168,0,0.00031470012618228793,0.1020960584282875,nan,0.00031470012618228793,nan,nan,0.0012185551458969712,0.02651667594909668,nan,0.0012185551458969712,nan,nan,8.541385614080355e-05,-0.00022928627004148439,0.023957446217536926,-0.07813861221075058,nan,nan,8.541385614080355e-05,-0.00022928627004148439,nan,nan,nan,nan,0.0039121550507843494,0.002693599904887378,0.02627474069595337,-0.00024193525314331055,nan,nan,0.0039121550507843494,0.002693599904887378,nan,nan,nan,nan
