eval_video_label,prompt_class_name,prompt_class_index,prompt_index,prompt_text,auc,ap,positive_mean,negative_mean,margin
Abuse,Normal,0,0,pedestrians walking calmly along a quiet street,53.67816091954023,8.760551917512734,0.7004621028900146,0.6907004714012146,0.009761631488800049
Abuse,Normal,0,1,people chatting casually in an ordinary public area,38.638649425287355,4.574143621828834,0.5940048098564148,0.612101137638092,-0.018096327781677246
Abuse,Normal,0,2,vehicles moving normally through regular traffic flow,58.57758620689655,9.728112745574963,0.7609363794326782,0.7486472129821777,0.012289166450500488
Abuse,Normal,0,3,shoppers browsing shelves and paying at checkout,31.13864942528736,4.092630303839113,0.6205156445503235,0.6744793653488159,-0.05396372079849243
Abuse,Normal,0,4,workers performing routine tasks in a calm store,24.82758620689655,3.8647372177420634,0.5529778599739075,0.5984277129173279,-0.04544985294342041
Abuse,Normal,0,5,pedestrians crossing a walkway with regular spacing,55.272988505747136,9.316220114813818,0.675359845161438,0.6580142974853516,0.017345547676086426
Abuse,Normal,0,6,people entering and exiting buildings at a steady pace,63.19683908045977,7.530740427822974,0.6617891192436218,0.6315135955810547,0.03027552366256714
Abuse,Normal,0,7,a public area with ordinary walking and waiting,68.49137931034483,9.23230312214437,0.6165573000907898,0.5974135398864746,0.019143760204315186
Abuse,Normal,0,8,people standing calmly near counters and doorways,52.381465517241374,5.724752828238851,0.5651289224624634,0.5571489930152893,0.007979929447174072
Abuse,Normal,0,9,an orderly scene with predictable everyday activity,29.86350574712644,4.060852220244036,0.681863009929657,0.7238044142723083,-0.04194140434265137
Abuse,Abuse,1,0,a surveillance frame of an aggressor striking a vulnerable victim,58.272270114942536,6.654283770694683,0.961135983467102,0.8753822445869446,0.08575373888015747
Abuse,Abuse,1,1,a person forcefully pushing a helpless victim against furniture,58.14655172413793,6.678859031518625,0.9659473299980164,0.9078449606895447,0.05810236930847168
Abuse,Abuse,1,2,a dominant person grabbing and controlling a weaker victim,59.90301724137931,7.128280335749551,0.9752309918403625,0.9177330136299133,0.05749797821044922
Abuse,Abuse,1,3,a victim shielding their body from repeated physical mistreatment,66.40086206896552,9.252345484646385,0.9476709365844727,0.8409167528152466,0.10675418376922607
Abuse,Abuse,1,4,an attacker cornering someone and delivering forceful blows,56.87859195402298,6.361892157971926,0.9651347398757935,0.8807020783424377,0.08443266153335571
Abuse,Abuse,1,5,a person dragging a resisting victim across the floor,67.5933908045977,10.402726246837538,0.9780885577201843,0.9390992522239685,0.03898930549621582
Abuse,Abuse,1,6,a vulnerable person recoiling from sustained aggressive contact,62.514367816091955,7.444886540871814,0.970716118812561,0.9169867634773254,0.053729355335235596
Abuse,Abuse,1,7,a stronger aggressor overpowering a weaker person indoors,59.02298850574712,6.704237614370811,0.969524085521698,0.9012114405632019,0.0683126449584961
Abuse,Abuse,1,8,a victim collapsing after repeated blows from another person,58.61350574712644,6.637137559517853,0.9578245282173157,0.8654420375823975,0.09238249063491821
Abuse,Abuse,1,9,a hostile person hurting a defenseless target at close range,56.28591954022988,6.323249351751099,0.9419463872909546,0.8497422933578491,0.09220409393310547
Abuse,Arrest,2,0,uniformed police placing handcuffs on a detained suspect,69.9676724137931,10.366561237634128,0.8688409924507141,0.7410415410995483,0.12779945135116577
Abuse,Arrest,2,1,officers escorting a handcuffed person toward a patrol car,67.30603448275862,8.240688437285026,0.935886561870575,0.8451856374740601,0.09070092439651489
Abuse,Arrest,2,2,law enforcement surrounding a suspect beside a police vehicle,81.76005747126437,23.717871868614022,0.9118270874023438,0.8129025101661682,0.09892457723617554
Abuse,Arrest,2,3,a detained suspect kneeling while officers secure handcuffs,66.98635057471265,8.202855097577375,0.9483653903007507,0.8531691431999207,0.09519624710083008
Abuse,Arrest,2,4,police guiding a restrained person during formal detention,72.22701149425288,13.501103534268863,0.9362228512763977,0.8685358762741089,0.06768697500228882
Abuse,Arrest,2,5,uniformed officers searching a suspect beside a patrol car,77.8448275862069,53.01820410499022,0.8824254870414734,0.7680262327194214,0.114399254322052
Abuse,Arrest,2,6,a handcuffed suspect standing between multiple police officers,63.69971264367816,7.5780499892222215,0.9490469098091125,0.8330795168876648,0.11596739292144775
Abuse,Arrest,2,7,officers controlling a detainee during a roadside arrest,67.27011494252874,8.221946593127125,0.787973940372467,0.6768251657485962,0.11114877462387085
Abuse,Arrest,2,8,a patrol team moving a suspect into police custody,63.656609195402304,7.373302716625546,0.9226648211479187,0.8163262605667114,0.10633856058120728
Abuse,Arrest,2,9,law enforcement securing wrists of a compliant detained person,70.10775862068965,8.837929213838262,0.9384281039237976,0.851774275302887,0.08665382862091064
Abuse,Arson,3,0,a person deliberately igniting material near a property entrance,74.85272988505747,11.88162260335478,0.9773048162460327,0.9424203634262085,0.03488445281982422
Abuse,Arson,3,1,a suspicious individual using a lighter on a flammable surface,71.78520114942529,9.32215285653636,0.985167384147644,0.9513013958930969,0.03386598825454712
Abuse,Arson,3,2,a small flame spreading gradually after human ignition,67.70474137931035,8.275703967711054,0.9651558995246887,0.9327578544616699,0.0323980450630188
Abuse,Arson,3,3,a person pouring accelerant before fire begins growing,70.14008620689656,8.802003917993716,0.9600448608398438,0.9136475324630737,0.04639732837677002
Abuse,Arson,3,4,deliberate fire starting near property without an explosive blast,67.7155172413793,10.885928180939326,0.8210554122924805,0.7274500727653503,0.09360533952713013
Abuse,Arson,3,5,a person crouching near combustible material before flames appear,80.44540229885058,16.417075516594977,0.9521101117134094,0.9055088758468628,0.04660123586654663
Abuse,Arson,3,6,a slow fire growing after someone lights an object,69.371408045977,9.533102888628596,0.972457766532898,0.9361607432365417,0.0362970232963562
Abuse,Arson,3,7,a suspicious person leaving as a small fire spreads,64.65876436781609,7.688955158835624,0.9832523465156555,0.9608718156814575,0.022380530834197998
Abuse,Arson,3,8,visible accelerant or lighter use before property begins burning,68.97629310344828,9.352438842068768,0.9400720596313477,0.8915769457817078,0.04849511384963989
Abuse,Arson,3,9,human ignition causing flames to spread across property,70.19755747126437,9.665441953696698,0.9612183570861816,0.9355734586715698,0.025644898414611816
Abuse,Assault,4,0,an attacker lunging toward a victim with a forceful strike,56.68103448275863,6.3455060036122415,0.977756679058075,0.9116886258125305,0.06606805324554443
Abuse,Assault,4,1,"a close range attack with punches, kicks, and defense",59.44683908045977,6.846834755381559,0.9528881311416626,0.8756005167961121,0.07728761434555054
Abuse,Assault,4,2,a victim shielding their face during a rapid attack,54.701867816091955,6.080352424235272,0.9443464279174805,0.8594642877578735,0.08488214015960693
Abuse,Assault,4,3,an aggressor swinging arms repeatedly at another person,58.430316091954026,6.622506999122154,0.9277715682983398,0.8291255235671997,0.09864604473114014
Abuse,Assault,4,4,a person punching a victim during a one-sided confrontation,59.38218390804598,6.798582059254063,0.9428398013114929,0.8740941882133484,0.06874561309814453
Abuse,Assault,4,5,an attacker kicking a fallen victim on the ground,64.64439655172414,8.115064830201696,0.972541332244873,0.9076033234596252,0.0649380087852478
Abuse,Assault,4,6,a victim stumbling backward after a direct body hit,59.7198275862069,6.851325316344944,0.9668804407119751,0.8861210346221924,0.08075940608978271
Abuse,Assault,4,7,an aggressor pursuing a target while continuing to strike,55.62140804597702,6.208283683707412,0.9469457864761353,0.8611995577812195,0.08574622869491577
Abuse,Assault,4,8,a person shoving an opponent hard enough to lose balance,57.036637931034484,6.4272403015652,0.9708224534988403,0.8931617140769958,0.07766073942184448
Abuse,Assault,4,9,a victim recoiling from repeated close range hits,55.25502873563218,6.15055841323083,0.9406855702400208,0.8550829887390137,0.08560258150100708
Abuse,Burglary,5,0,a surveillance frame of an intruder forcing a doorway,59.956896551724135,6.839407007468154,0.9726072549819946,0.9345591068267822,0.0380481481552124
Abuse,Burglary,5,1,a person prying a lock to enter a restricted room,62.51077586206897,7.15871937583347,0.9796085357666016,0.9603273272514343,0.019281208515167236
Abuse,Burglary,5,2,a masked intruder breaking a barrier into private property,61.46192528735632,6.976330624041616,0.986587405204773,0.9758259654045105,0.010761439800262451
Abuse,Burglary,5,3,a suspect searching drawers and shelves after unauthorized entry,49.74856321839081,5.62891985698222,0.9164835214614868,0.9041160345077515,0.012367486953735352
Abuse,Burglary,5,4,an intruder exiting through a damaged entry point,62.29885057471265,7.316294819010405,0.9808963537216187,0.9426388740539551,0.038257479667663574
Abuse,Burglary,5,5,a person climbing through a window into closed property,67.86637931034483,8.267890193780117,0.9755531549453735,0.9625699520111084,0.012983202934265137
Abuse,Burglary,5,6,a suspicious person slipping inside after a doorway opens,64.54382183908046,7.712281596521896,0.981209397315979,0.9635709524154663,0.017638444900512695
Abuse,Burglary,5,7,a burglar moving quietly through a room collecting valuables,48.997844827586206,5.763444423528574,0.9756729006767273,0.971314549446106,0.004358351230621338
Abuse,Burglary,5,8,a person damaging a lock to access an interior space,73.38362068965517,10.058225261337682,0.9834966659545898,0.9548803567886353,0.02861630916595459
Abuse,Burglary,5,9,an intruder exiting a building with bags or electronics,60.94827586206897,6.97180529422849,0.9747263789176941,0.9678722620010376,0.006854116916656494
Abuse,Explosion,6,0,an instant blast wave with fireball and flying fragments,74.89583333333333,13.413325931597031,0.9177196621894836,0.8305892944335938,0.08713036775588989
Abuse,Explosion,6,1,a sudden detonation producing shockwave and expanding smoke plume,64.13074712643679,9.483928732408128,0.9342266917228699,0.886451780796051,0.04777491092681885
Abuse,Explosion,6,2,a bright flash followed by rapid explosive pressure burst,72.51436781609195,9.629681162719034,0.9522756338119507,0.8708380460739136,0.08143758773803711
Abuse,Explosion,6,3,an object erupting violently with an outward debris cloud,79.85632183908046,13.153095785289851,0.9686071276664734,0.932759165763855,0.03584796190261841
Abuse,Explosion,6,4,a large fireball appearing immediately after explosive detonation,70.1580459770115,13.930797084178037,0.9442359805107117,0.8754037618637085,0.06883221864700317
Abuse,Explosion,6,5,a shockwave pushing smoke and fragments away from impact,66.51221264367815,7.916607924584591,0.9639397859573364,0.8994410634040833,0.06449872255325317
Abuse,Explosion,6,6,a violent pressure burst scattering debris in every direction,66.6882183908046,8.208641950271597,0.9654310941696167,0.9082807302474976,0.05715036392211914
Abuse,Explosion,6,7,a sudden explosive plume rising from a detonation point,69.16307471264366,10.805792430442485,0.9324739575386047,0.857537031173706,0.07493692636489868
Abuse,Explosion,6,8,"a rapid blast creating flash, shockwave, and airborne debris",77.61494252873564,11.380981229328013,0.926201343536377,0.8230908513069153,0.10311049222946167
Abuse,Explosion,6,9,a concentrated detonation expanding outward within seconds,61.246408045977006,7.110450463900661,0.8455045819282532,0.7994896769523621,0.04601490497589111
Abuse,Fighting,7,0,two groups mutually exchanging punches in a crowded brawl,56.469109195402304,6.428496163011974,0.9133186340332031,0.820536732673645,0.0927819013595581
Abuse,Fighting,7,1,several participants striking each other during mutual combat,54.82399425287356,6.128480304371024,0.9296630024909973,0.8506147861480713,0.07904821634292603
Abuse,Fighting,7,2,opponents separating and reengaging repeatedly in a group fight,56.38290229885057,6.295811280391805,0.9370309114456177,0.834878146648407,0.1021527647972107
Abuse,Fighting,7,3,multiple people wrestling and swinging arms at each other,63.527298850574724,7.490596494599953,0.9643144607543945,0.9086048603057861,0.0557096004486084
Abuse,Fighting,7,4,a crowd circling two sides fighting each other,59.94612068965517,6.886112337350125,0.9267851114273071,0.8721849918365479,0.05460011959075928
Abuse,Fighting,7,5,"several combatants pushing, grappling, and striking simultaneously",58.67097701149425,6.650785937036079,0.9475257992744446,0.8616636395454407,0.0858621597290039
Abuse,Fighting,7,6,two sides clashing back and forth in public space,59.195402298850574,6.709613056486509,0.953403115272522,0.8801963925361633,0.07320672273635864
Abuse,Fighting,7,7,multiple participants falling and rejoining a chaotic brawl,58.45545977011495,6.60589401682661,0.948309600353241,0.8526393175125122,0.09567028284072876
Abuse,Fighting,7,8,people on both sides trading blows in close quarters,55.57830459770115,6.229345120012888,0.9341220855712891,0.8507766723632812,0.08334541320800781
Abuse,Fighting,7,9,a mutual street fight with several active combatants,60.190373563218394,6.8743307331292165,0.9666310548782349,0.8992454409599304,0.06738561391830444
Abuse,RoadAccidents,8,0,"a vehicle collision causing impact, debris, and disruption",77.5,16.84913301665098,0.9675549268722534,0.9225903153419495,0.044964611530303955
Abuse,RoadAccidents,8,1,a car striking a pedestrian or cyclist on the road,77.19827586206895,15.996726570238545,0.966571033000946,0.9244070053100586,0.04216402769088745
Abuse,RoadAccidents,8,2,a motorbike sliding across a lane after a crash,75.69683908045978,15.702134938418064,0.9733959436416626,0.9419068098068237,0.03148913383483887
Abuse,RoadAccidents,8,3,vehicles swerving and colliding during a sudden accident,77.98132183908046,16.17766073289443,0.9489017724990845,0.8654028177261353,0.08349895477294922
Abuse,RoadAccidents,8,4,a pedestrian knocked down by a vehicle near a crossing,76.46551724137932,15.844484840456074,0.9552884101867676,0.9011992812156677,0.054089128971099854
Abuse,RoadAccidents,8,5,a damaged vehicle stopped and blocking the roadway,80.56752873563218,20.315233691962572,0.9787967801094055,0.9512688517570496,0.027527928352355957
Abuse,RoadAccidents,8,6,a rider thrown onto pavement after a high speed impact,77.97772988505747,16.18874133937182,0.9819049835205078,0.9483219981193542,0.033582985401153564
Abuse,RoadAccidents,8,7,a traffic accident with a vehicle spinning to a halt,77.4425287356322,16.054749173283682,0.9681156277656555,0.904244601726532,0.06387102603912354
Abuse,RoadAccidents,8,8,a car hitting an obstacle with sudden debris,88.3117816091954,19.680656915880924,0.9781991839408875,0.9498328566551208,0.0283663272857666
Abuse,RoadAccidents,8,9,a motorbike rider falling during an intersection collision,75.2550287356322,15.620321151312943,0.9656333923339844,0.9281908869743347,0.03744250535964966
Abuse,Robbery,9,0,a threatening person forcing a victim to surrender valuables,58.15732758620689,6.48845339014335,0.9716255068778992,0.9516834020614624,0.019942104816436768
Abuse,Robbery,9,1,an aggressor confronting someone and taking a purse or wallet,53.59913793103448,6.078510668094369,0.9615579843521118,0.9379916787147522,0.02356630563735962
Abuse,Robbery,9,2,a victim handing over belongings under close range intimidation,64.2169540229885,8.490002156578571,0.959368884563446,0.8868571519851685,0.07251173257827759
Abuse,Robbery,9,3,a robber snatching property and escaping quickly,59.48275862068966,6.837176939134363,0.9812746047973633,0.9756283760070801,0.005646228790283203
Abuse,Robbery,9,4,a person threatening a clerk and demanding money,44.798850574712645,5.118145339131116,0.8411582708358765,0.8545488119125366,-0.013390541076660156
Abuse,Robbery,9,5,an attacker cornering a victim and seizing personal items,63.19324712643678,7.780489636244415,0.9842103719711304,0.9435540437698364,0.040656328201293945
Abuse,Robbery,9,6,a coerced handover of valuables during visible intimidation,57.2485632183908,6.5809328661766715,0.9157787561416626,0.8599079847335815,0.055870771408081055
Abuse,Robbery,9,7,a suspect taking valuables while the victim backs away,57.99928160919541,6.52417067143482,0.9682449102401733,0.9161427617073059,0.05210214853286743
Abuse,Robbery,9,8,a person brandishing a weapon to demand property,60.50646551724138,6.864251333984758,0.9651473760604858,0.9317958354949951,0.03335154056549072
Abuse,Robbery,9,9,a robber approaching a victim and leaving with belongings,69.375,8.800063749614564,0.9889243841171265,0.9748340249061584,0.014090359210968018
Abuse,Shooting,10,0,an armed person aiming a firearm and firing shots,71.28951149425288,9.189737454260785,0.9344844818115234,0.8290246725082397,0.10545980930328369
Abuse,Shooting,10,1,a gunman pointing a weapon as people scatter,67.01867816091954,8.171183766862505,0.9544079899787903,0.876679003238678,0.0777289867401123
Abuse,Shooting,10,2,a muzzle flash appearing as a shooter targets someone,64.57974137931035,7.6578268175020785,0.955062210559845,0.8637160658836365,0.0913461446762085
Abuse,Shooting,10,3,a person firing a handgun and causing panic,65.73635057471266,7.922443493745074,0.9644634127616882,0.8993273973464966,0.06513601541519165
Abuse,Shooting,10,4,an armed attacker discharging a weapon in public,65.9087643678161,7.785624568794301,0.9177902340888977,0.8413229584693909,0.07646727561950684
Abuse,Shooting,10,5,a victim falling after a nearby firearm is fired,63.81824712643679,7.567087206702254,0.9573415517807007,0.8706738948822021,0.08666765689849854
Abuse,Shooting,10,6,a shooter raising a gun while a crowd runs,63.979885057471265,7.534223353355178,0.9408668279647827,0.8442993760108948,0.09656745195388794
Abuse,Shooting,10,7,a gunfire scene with fear and rapid dispersal,67.3455459770115,8.171444118229223,0.942844569683075,0.850547730922699,0.09229683876037598
Abuse,Shooting,10,8,a person aiming a rifle or handgun at a target,64.36781609195403,7.571495785871002,0.9268951416015625,0.8398972153663635,0.08699792623519897
Abuse,Shooting,10,9,an armed shooter firing as people flee the scene,62.72988505747126,7.4140604623973845,0.9173187017440796,0.8359047770500183,0.08141392469406128
Abuse,Shoplifting,11,0,a shopper concealing merchandise inside clothing or a bag,50.30531609195402,5.827672739298179,0.8081945180892944,0.7853928208351135,0.022801697254180908
Abuse,Shoplifting,11,1,a person removing a store item without checkout,43.089080459770116,4.905479424871577,0.8589801788330078,0.8455682396888733,0.013411939144134521
Abuse,Shoplifting,11,2,a customer hiding a product and exiting an aisle,51.242816091954026,6.061866137246328,0.8758589029312134,0.8553937077522278,0.020465195178985596
Abuse,Shoplifting,11,3,a shopper slipping goods into a bag while browsing,54.54022988505747,6.596500659722981,0.871002197265625,0.8478546142578125,0.0231475830078125
Abuse,Shoplifting,11,4,a person scanning surroundings before pocketing merchandise,62.04741379310346,7.332174428222649,0.8936040997505188,0.8683028221130371,0.02530127763748169
Abuse,Shoplifting,11,5,someone carrying an unpaid item past the cashier,38.50574712643678,4.575626022431649,0.8053439259529114,0.7976372241973877,0.007706701755523682
Abuse,Shoplifting,11,6,concealed goods disappearing beneath a jacket in a store,72.19109195402298,18.05050532865981,0.8175695538520813,0.7851093411445618,0.03246021270751953
Abuse,Shoplifting,11,7,a customer hiding one item while handling shelf products,58.34051724137932,9.922134597313173,0.82025146484375,0.7837152481079102,0.036536216735839844
Abuse,Shoplifting,11,8,a shopper leaving a store with concealed unpaid merchandise,64.11997126436782,7.51745150778764,0.9089849591255188,0.8882867097854614,0.020698249340057373
Abuse,Shoplifting,11,9,a retail theft scene with discreet concealment and exit,71.72413793103449,9.366988748620077,0.919359564781189,0.8808513283729553,0.03850823640823364
Abuse,Stealing,12,0,a person taking unattended property and leaving quickly,76.871408045977,11.353095324399868,0.9816787838935852,0.9549774527549744,0.02670133113861084
Abuse,Stealing,12,1,"a thief grabbing a bicycle, bag, phone, or object",77.30244252873564,56.87303093245044,0.9919610023498535,0.9853194952011108,0.006641507148742676
Abuse,Stealing,12,2,a suspect approaching a valuable item and carrying it away,69.52945402298852,16.59513361363764,0.9759975671768188,0.9379155039787292,0.0380820631980896
Abuse,Stealing,12,3,unattended belongings disappearing after suspicious human contact,91.43318965517241,31.81655208018875,0.9721983671188354,0.9554293155670166,0.016769051551818848
Abuse,Stealing,12,4,a person lifting property while the owner is distracted,75.50287356321839,28.110856556358073,0.9784744381904602,0.9595591425895691,0.018915295600891113
Abuse,Stealing,12,5,a thief cutting a lock and taking a bicycle,88.49497126436782,39.541632620097296,0.9941337704658508,0.9805346727371216,0.013599097728729248
Abuse,Stealing,12,6,a suspect removing a package or bag from public space,67.63649425287358,32.571413645073605,0.9409894943237305,0.907134473323822,0.03385502099990845
Abuse,Stealing,12,7,a person pocketing an unattended item and changing direction,72.08692528735632,56.15770600173667,0.9757497906684875,0.9415835738182068,0.03416621685028076
Abuse,Stealing,12,8,a thief quietly taking property during owner distraction,63.189655172413794,7.407670974370315,0.9812875986099243,0.9627596139907837,0.018527984619140625
Abuse,Stealing,12,9,a thief carrying stolen property away from the scene,69.42528735632185,39.806832674223756,0.9868585467338562,0.9713431000709534,0.015515446662902832
Abuse,Vandalism,13,0,a person smashing a window or door with force,70.31968390804597,8.952111125801288,0.9829490780830383,0.9626457095146179,0.02030336856842041
Abuse,Vandalism,13,1,someone kicking a fixture until visible pieces break,60.69324712643678,7.060708875811149,0.9440888166427612,0.904009222984314,0.040079593658447266
Abuse,Vandalism,13,2,a suspect spraying graffiti onto a wall with a can,70.99497126436782,9.124572304275484,0.8868423700332642,0.8228742480278015,0.06396812200546265
Abuse,Vandalism,13,3,a person breaking glass with repeated tool impacts,61.752873563218394,7.1889352967050515,0.9684649705886841,0.9379644393920898,0.03050053119659424
Abuse,Vandalism,13,4,a vandal throwing an object at a storefront or car,83.14655172413792,23.14473580799854,0.9664170145988464,0.9302304983139038,0.03618651628494263
Abuse,Vandalism,13,5,someone striking public property until visible damage appears,66.03807471264368,8.226133806258714,0.9819540977478027,0.9699962139129639,0.011957883834838867
Abuse,Vandalism,13,6,a person scratching and denting a parked vehicle,75.90876436781609,56.65167973734223,0.913986086845398,0.8351075649261475,0.07887852191925049
Abuse,Vandalism,13,7,a person painting graffiti directly onto public property,73.66738505747125,10.025010682389214,0.8928459882736206,0.854624330997467,0.038221657276153564
Abuse,Vandalism,13,8,a suspect repeatedly hitting a fixture until it breaks,59.421695402298845,6.737285499311158,0.9654733538627625,0.8945196866989136,0.07095366716384888
Abuse,Vandalism,13,9,a person deliberately damaging property without taking anything,63.22557471264367,7.443677224426745,0.9877594113349915,0.9728323221206665,0.014927089214324951
Arrest,Normal,0,0,pedestrians walking calmly along a quiet street,52.948561121080004,28.35880805133353,0.5834946632385254,0.5429751873016357,0.04051947593688965
Arrest,Normal,0,1,people chatting casually in an ordinary public area,51.167699230033506,25.653646416110032,0.5766551494598389,0.5734850168228149,0.0031701326370239258
Arrest,Normal,0,2,vehicles moving normally through regular traffic flow,49.89808959452661,27.338691125360953,0.6105271577835083,0.5977603197097778,0.012766838073730469
Arrest,Normal,0,3,shoppers browsing shelves and paying at checkout,33.81072924916578,16.853882135557797,0.6376803517341614,0.7234978675842285,-0.08581751585006714
Arrest,Normal,0,4,workers performing routine tasks in a calm store,50.85461095152023,24.27577124913641,0.5453646779060364,0.5431413054466248,0.002223372459411621
Arrest,Normal,0,5,pedestrians crossing a walkway with regular spacing,53.81320659681579,31.958320490060967,0.5158160924911499,0.4574284851551056,0.05838760733604431
Arrest,Normal,0,6,people entering and exiting buildings at a steady pace,63.55377407329309,32.40912870971212,0.5482581257820129,0.4674190878868103,0.08083903789520264
Arrest,Normal,0,7,a public area with ordinary walking and waiting,57.877006169310704,29.085835127956567,0.5370744466781616,0.46572190523147583,0.07135254144668579
Arrest,Normal,0,8,people standing calmly near counters and doorways,60.38856892504787,30.28202690172559,0.5563329458236694,0.5033753514289856,0.05295759439468384
Arrest,Normal,0,9,an orderly scene with predictable everyday activity,40.78056834844012,19.324601486436723,0.6693486571311951,0.730535626411438,-0.06118696928024292
Arrest,Abuse,1,0,a surveillance frame of an aggressor striking a vulnerable victim,61.29658610917059,30.881662742164206,0.5845364332199097,0.4627721309661865,0.12176430225372314
Arrest,Abuse,1,1,a person forcefully pushing a helpless victim against furniture,59.90988318950789,33.27642840288258,0.5860481262207031,0.49394723773002625,0.09210088849067688
Arrest,Abuse,1,2,a dominant person grabbing and controlling a weaker victim,60.857943130595274,32.84047431609294,0.5825347900390625,0.4807298183441162,0.10180497169494629
Arrest,Abuse,1,3,a victim shielding their body from repeated physical mistreatment,62.54754090472646,32.58660302303138,0.5830917954444885,0.47600647807121277,0.10708531737327576
Arrest,Abuse,1,4,an attacker cornering someone and delivering forceful blows,61.42454019665393,32.34017523386116,0.5894860029220581,0.4767148792743683,0.11277112364768982
Arrest,Abuse,1,5,a person dragging a resisting victim across the floor,59.24164584768551,27.100774081369867,0.586942732334137,0.5013795495033264,0.08556318283081055
Arrest,Abuse,1,6,a vulnerable person recoiling from sustained aggressive contact,59.7088749055384,32.115991032867015,0.5764992237091064,0.47973376512527466,0.09676545858383179
Arrest,Abuse,1,7,a stronger aggressor overpowering a weaker person indoors,60.24188054769891,32.45477928601064,0.5887241363525391,0.49095410108566284,0.09777003526687622
Arrest,Abuse,1,8,a victim collapsing after repeated blows from another person,61.879081103143186,31.799649437717857,0.5851274728775024,0.4726855456829071,0.11244192719459534
Arrest,Abuse,1,9,a hostile person hurting a defenseless target at close range,61.63361264695658,31.913876026903328,0.588581919670105,0.471290647983551,0.11729127168655396
Arrest,Arrest,2,0,uniformed police placing handcuffs on a detained suspect,66.0463641894208,45.04461281333836,0.5779191851615906,0.4728812873363495,0.10503789782524109
Arrest,Arrest,2,1,officers escorting a handcuffed person toward a patrol car,65.8001568490283,48.19172902058248,0.5800855755805969,0.47822636365890503,0.1018592119216919
Arrest,Arrest,2,2,law enforcement surrounding a suspect beside a police vehicle,64.44036361544482,41.49092500291624,0.5453129410743713,0.40820062160491943,0.1371123194694519
Arrest,Arrest,2,3,a detained suspect kneeling while officers secure handcuffs,63.58586389380505,35.65962520560736,0.586726725101471,0.48609793186187744,0.1006287932395935
Arrest,Arrest,2,4,police guiding a restrained person during formal detention,65.39972927938157,43.40716125550112,0.5781785249710083,0.49846261739730835,0.07971590757369995
Arrest,Arrest,2,5,uniformed officers searching a suspect beside a patrol car,64.94479509581498,46.30434123505572,0.5603936910629272,0.43488985300064087,0.12550383806228638
Arrest,Arrest,2,6,a handcuffed suspect standing between multiple police officers,61.61939111224096,31.93291806884291,0.5878389477729797,0.4765252470970154,0.11131370067596436
Arrest,Arrest,2,7,officers controlling a detainee during a roadside arrest,65.99860684574728,42.89967417423423,0.5679750442504883,0.4454118311405182,0.12256321310997009
Arrest,Arrest,2,8,a patrol team moving a suspect into police custody,63.692215549505285,36.458977933723006,0.57770174741745,0.45927417278289795,0.118427574634552
Arrest,Arrest,2,9,law enforcement securing wrists of a compliant detained person,60.36936588068605,34.814223749448836,0.5774396061897278,0.4915049374103546,0.08593466877937317
Arrest,Arson,3,0,a person deliberately igniting material near a property entrance,64.31128928416545,45.901695770666535,0.5594297051429749,0.4765741229057312,0.08285558223724365
Arrest,Arson,3,1,a suspicious individual using a lighter on a flammable surface,62.82813416816325,33.71122340104549,0.5750771164894104,0.48156896233558655,0.09350815415382385
Arrest,Arson,3,2,a small flame spreading gradually after human ignition,64.69083741625204,34.60032767607848,0.5753576159477234,0.5034324526786804,0.07192516326904297
Arrest,Arson,3,3,a person pouring accelerant before fire begins growing,65.08258905522307,47.52610723247594,0.5588228702545166,0.4658881425857544,0.09293472766876221
Arrest,Arson,3,4,deliberate fire starting near property without an explosive blast,67.82496175790087,38.55274456420834,0.5586221218109131,0.44373971223831177,0.11488240957260132
Arrest,Arson,3,5,a person crouching near combustible material before flames appear,65.05380435115899,49.107724847679115,0.5534445643424988,0.4572300910949707,0.09621447324752808
Arrest,Arson,3,6,a slow fire growing after someone lights an object,65.46034956423087,41.30325322433477,0.5679543018341064,0.48911839723587036,0.07883590459823608
Arrest,Arson,3,7,a suspicious person leaving as a small fire spreads,62.031180019677265,32.24919880870139,0.5709190368652344,0.4880998134613037,0.08281922340393066
Arrest,Arson,3,8,visible accelerant or lighter use before property begins burning,66.82027786266919,38.121143792415054,0.5607201457023621,0.4751847982406616,0.08553534746170044
Arrest,Arson,3,9,human ignition causing flames to spread across property,66.59289220704837,39.34664513103871,0.5743718147277832,0.5132002234458923,0.06117159128189087
Arrest,Assault,4,0,an attacker lunging toward a victim with a forceful strike,60.398627284237804,31.728618541609592,0.5956307649612427,0.4967767000198364,0.09885406494140625
Arrest,Assault,4,1,"a close range attack with punches, kicks, and defense",62.576627518466076,32.023816266396835,0.5940350890159607,0.47939252853393555,0.11464256048202515
Arrest,Assault,4,2,a victim shielding their face during a rapid attack,61.353154448374646,33.29380041712985,0.5848479866981506,0.46912333369255066,0.11572465300559998
Arrest,Assault,4,3,an aggressor swinging arms repeatedly at another person,60.40594462137363,32.22557762642613,0.5795210003852844,0.4692625105381012,0.11025848984718323
Arrest,Assault,4,4,a person punching a victim during a one-sided confrontation,58.87899273994128,26.494853103967642,0.5776102542877197,0.4615617096424103,0.11604854464530945
Arrest,Assault,4,5,an attacker kicking a fallen victim on the ground,63.30965626565489,33.871740686025554,0.582595944404602,0.4754176437854767,0.10717830061912537
Arrest,Assault,4,6,a victim stumbling backward after a direct body hit,62.07758671480239,32.1287454892307,0.5846253037452698,0.47006580233573914,0.11455950140953064
Arrest,Assault,4,7,an aggressor pursuing a target while continuing to strike,61.25524037360628,32.254315439782715,0.5888342261314392,0.476570188999176,0.11226403713226318
Arrest,Assault,4,8,a person shoving an opponent hard enough to lose balance,61.17830107629558,31.68248707178703,0.5934664607048035,0.4831090569496155,0.11035740375518799
Arrest,Assault,4,9,a victim recoiling from repeated close range hits,61.559263416862244,32.852078689342896,0.5846676230430603,0.4709206521511078,0.11374697089195251
Arrest,Burglary,5,0,a surveillance frame of an intruder forcing a doorway,57.59302833951144,25.7673778893018,0.5833038687705994,0.5132372975349426,0.07006657123565674
Arrest,Burglary,5,1,a person prying a lock to enter a restricted room,54.0283569655863,23.305953385260636,0.5875531435012817,0.5468182563781738,0.04073488712310791
Arrest,Burglary,5,2,a masked intruder breaking a barrier into private property,55.197406844168206,24.055359493150654,0.6056410670280457,0.5562544465065002,0.04938662052154541
Arrest,Burglary,5,3,a suspect searching drawers and shelves after unauthorized entry,54.36676593188654,24.117714662986785,0.5433658957481384,0.49474114179611206,0.04862475395202637
Arrest,Burglary,5,4,an intruder exiting through a damaged entry point,58.49024828023832,29.15766824130408,0.5851861238479614,0.4969354271888733,0.08825069665908813
Arrest,Burglary,5,5,a person climbing through a window into closed property,54.72475930213876,23.91057491111314,0.5808185338973999,0.5382835865020752,0.04253494739532471
Arrest,Burglary,5,6,a suspicious person slipping inside after a doorway opens,55.68654024347973,24.326328185704455,0.5878425240516663,0.5293441414833069,0.058498382568359375
Arrest,Burglary,5,7,a burglar moving quietly through a room collecting valuables,48.154886963006405,20.77490466467981,0.591249942779541,0.6003397703170776,-0.009089827537536621
Arrest,Burglary,5,8,a person damaging a lock to access an interior space,56.906207662661224,24.838970664748164,0.5677019357681274,0.48628589510917664,0.0814160406589508
Arrest,Burglary,5,9,an intruder exiting a building with bags or electronics,52.29146265728632,23.13389376676086,0.5804506540298462,0.5515494346618652,0.028901219367980957
Arrest,Explosion,6,0,an instant blast wave with fireball and flying fragments,66.74723955616597,43.84132693768459,0.54623943567276,0.4224776029586792,0.12376183271408081
Arrest,Explosion,6,1,a sudden detonation producing shockwave and expanding smoke plume,66.2321180897847,42.85201876050363,0.5602706074714661,0.4678691029548645,0.09240150451660156
Arrest,Explosion,6,2,a bright flash followed by rapid explosive pressure burst,66.43735310921159,40.15360565419821,0.5645991563796997,0.4326167702674866,0.13198238611221313
Arrest,Explosion,6,3,an object erupting violently with an outward debris cloud,66.0586471462199,49.76661284584976,0.5577765107154846,0.44799700379371643,0.10977950692176819
Arrest,Explosion,6,4,a large fireball appearing immediately after explosive detonation,65.71243619830472,44.89050001782392,0.5501956343650818,0.4327510893344879,0.11744454503059387
Arrest,Explosion,6,5,a shockwave pushing smoke and fragments away from impact,64.10096947020338,34.66375677592605,0.5710150003433228,0.4457405209541321,0.12527447938919067
Arrest,Explosion,6,6,a violent pressure burst scattering debris in every direction,64.95802747909369,37.0685559291246,0.5725527405738831,0.4598909318447113,0.11266180872917175
Arrest,Explosion,6,7,a sudden explosive plume rising from a detonation point,65.9060794751896,41.054392817448004,0.55573970079422,0.4463784694671631,0.10936123132705688
Arrest,Explosion,6,8,"a rapid blast creating flash, shockwave, and airborne debris",66.74279036094765,48.85989864020245,0.5580641627311707,0.42288243770599365,0.135181725025177
Arrest,Explosion,6,9,a concentrated detonation expanding outward within seconds,64.94354375965983,37.878580825337686,0.5721586346626282,0.49053823947906494,0.08162039518356323
Arrest,Fighting,7,0,two groups mutually exchanging punches in a crowded brawl,61.5029810973508,31.46337826838259,0.5808727741241455,0.46286579966545105,0.11800697445869446
Arrest,Fighting,7,1,several participants striking each other during mutual combat,60.770826299222726,31.314558407173198,0.5902937650680542,0.4832421541213989,0.10705161094665527
Arrest,Fighting,7,2,opponents separating and reengaging repeatedly in a group fight,61.930842722513205,31.245913424185034,0.5861982107162476,0.46492546796798706,0.1212727427482605
Arrest,Fighting,7,3,multiple people wrestling and swinging arms at each other,62.141241986389886,34.52616758658185,0.5852097272872925,0.4931575357913971,0.09205219149589539
Arrest,Fighting,7,4,a crowd circling two sides fighting each other,60.63219414321548,36.26783875915168,0.5870383977890015,0.498790442943573,0.08824795484542847
Arrest,Fighting,7,5,"several combatants pushing, grappling, and striking simultaneously",63.80439882893805,32.93664623498291,0.5986579060554504,0.48388534784317017,0.11477255821228027
Arrest,Fighting,7,6,two sides clashing back and forth in public space,62.023513102917164,31.883802015778674,0.5819758772850037,0.47580239176750183,0.10617348551750183
Arrest,Fighting,7,7,multiple participants falling and rejoining a chaotic brawl,63.23680863894674,32.72289636481057,0.5838468074798584,0.4605564773082733,0.12329033017158508
Arrest,Fighting,7,8,people on both sides trading blows in close quarters,62.45150979293441,32.344106854705636,0.5818049311637878,0.4646350145339966,0.11716991662979126
Arrest,Fighting,7,9,a mutual street fight with several active combatants,62.774298906021855,33.145611174905,0.5820258855819702,0.4686489701271057,0.1133769154548645
Arrest,RoadAccidents,8,0,"a vehicle collision causing impact, debris, and disruption",65.41927395837624,43.64522405111991,0.5438823699951172,0.4172126054763794,0.1266697645187378
Arrest,RoadAccidents,8,1,a car striking a pedestrian or cyclist on the road,63.32612623295404,41.21476526590888,0.5183345079421997,0.3887084722518921,0.12962603569030762
Arrest,RoadAccidents,8,2,a motorbike sliding across a lane after a crash,63.23617303962985,42.27344723805353,0.521008312702179,0.40861567854881287,0.11239263415336609
Arrest,RoadAccidents,8,3,vehicles swerving and colliding during a sudden accident,66.92217237815964,42.835845461514445,0.5323106646537781,0.3615482747554779,0.17076238989830017
Arrest,RoadAccidents,8,4,a pedestrian knocked down by a vehicle near a crossing,64.84162540919499,41.852993221447335,0.5392440557479858,0.41262099146842957,0.12662306427955627
Arrest,RoadAccidents,8,5,a damaged vehicle stopped and blocking the roadway,63.14993810230949,40.67195160096673,0.5249252915382385,0.4167153537273407,0.10820993781089783
Arrest,RoadAccidents,8,6,a rider thrown onto pavement after a high speed impact,65.92478198508938,43.631908222258666,0.5528249144554138,0.443926602602005,0.10889831185340881
Arrest,RoadAccidents,8,7,a traffic accident with a vehicle spinning to a halt,65.84761228302631,42.891462469439276,0.530220091342926,0.3676008880138397,0.1626192033290863
Arrest,RoadAccidents,8,8,a car hitting an obstacle with sudden debris,63.834677191396864,48.797828598728444,0.5425596237182617,0.43068525195121765,0.11187437176704407
Arrest,RoadAccidents,8,9,a motorbike rider falling during an intersection collision,64.7809534819012,41.23566016829158,0.5327426195144653,0.4305504858493805,0.10219213366508484
Arrest,Robbery,9,0,a threatening person forcing a victim to surrender valuables,54.10251551588555,23.54040533942484,0.5899369120597839,0.5529164671897888,0.03702044486999512
Arrest,Robbery,9,1,an aggressor confronting someone and taking a purse or wallet,54.743263187252,23.945740746129417,0.5934309363365173,0.5526008009910583,0.040830135345458984
Arrest,Robbery,9,2,a victim handing over belongings under close range intimidation,61.07896484805564,30.998013122473477,0.5669844150543213,0.44098663330078125,0.12599778175354004
Arrest,Robbery,9,3,a robber snatching property and escaping quickly,52.6843742650107,23.458395217775575,0.5908324718475342,0.5654783844947815,0.025354087352752686
Arrest,Robbery,9,4,a person threatening a clerk and demanding money,50.10726532971827,21.75082992610722,0.5497061014175415,0.5515877604484558,-0.0018816590309143066
Arrest,Robbery,9,5,an attacker cornering a victim and seizing personal items,60.03654224338304,28.755123493239807,0.5858955979347229,0.49552401900291443,0.09037157893180847
Arrest,Robbery,9,6,a coerced handover of valuables during visible intimidation,56.2744537216289,25.38813901400324,0.5593118667602539,0.4559680223464966,0.10334384441375732
Arrest,Robbery,9,7,a suspect taking valuables while the victim backs away,56.43951886422772,25.057032886267518,0.5772256255149841,0.480863094329834,0.09636253118515015
Arrest,Robbery,9,8,a person brandishing a weapon to demand property,56.54583873996209,25.58705505721346,0.5807889699935913,0.5140659809112549,0.06672298908233643
Arrest,Robbery,9,9,a robber approaching a victim and leaving with belongings,54.94051349026032,24.414664396952073,0.5840480327606201,0.5175693035125732,0.06647872924804688
Arrest,Shooting,10,0,an armed person aiming a firearm and firing shots,60.909831869828665,29.961364743230266,0.5628105401992798,0.4409869909286499,0.12182354927062988
Arrest,Shooting,10,1,a gunman pointing a weapon as people scatter,59.331400416223204,29.953792451677774,0.5744122862815857,0.4659564793109894,0.10845580697059631
Arrest,Shooting,10,2,a muzzle flash appearing as a shooter targets someone,61.50298904234226,32.25380372035289,0.5802774429321289,0.45948514342308044,0.12079229950904846
Arrest,Shooting,10,3,a person firing a handgun and causing panic,59.69902311612645,28.3933612021363,0.568341076374054,0.45284247398376465,0.1154986023902893
Arrest,Shooting,10,4,an armed attacker discharging a weapon in public,62.52380127024026,37.61218205492786,0.5641094446182251,0.45291823148727417,0.11119121313095093
Arrest,Shooting,10,5,a victim falling after a nearby firearm is fired,62.245694789130866,32.421593692515074,0.569966733455658,0.45104068517684937,0.1189260482788086
Arrest,Shooting,10,6,a shooter raising a gun while a crowd runs,61.05982536362551,32.79416696935726,0.5745207667350769,0.45013320446014404,0.12438756227493286
Arrest,Shooting,10,7,a gunfire scene with fear and rapid dispersal,61.79176564698412,31.584645862740825,0.5716670751571655,0.44809049367904663,0.1235765814781189
Arrest,Shooting,10,8,a person aiming a rifle or handgun at a target,60.36614021415277,29.03000706334973,0.5705500245094299,0.4586484432220459,0.11190158128738403
Arrest,Shooting,10,9,an armed shooter firing as people flee the scene,61.55739634386887,31.658329263159473,0.5686947703361511,0.45718511939048767,0.11150965094566345
Arrest,Shoplifting,11,0,a shopper concealing merchandise inside clothing or a bag,53.52722662916829,24.743937109937285,0.5194342732429504,0.4316921532154083,0.08774212002754211
Arrest,Shoplifting,11,1,a person removing a store item without checkout,52.9119903253839,23.807879763330735,0.5226725935935974,0.4752093553543091,0.04746323823928833
Arrest,Shoplifting,11,2,a customer hiding a product and exiting an aisle,53.894086609891254,24.235707974687553,0.5168600678443909,0.45309218764305115,0.06376788020133972
Arrest,Shoplifting,11,3,a shopper slipping goods into a bag while browsing,54.961758397427694,26.413379785809575,0.522149920463562,0.4347401559352875,0.08740976452827454
Arrest,Shoplifting,11,4,a person scanning surroundings before pocketing merchandise,52.69988288834306,23.800781428519624,0.5477744340896606,0.5026004910469055,0.04517394304275513
Arrest,Shoplifting,11,5,someone carrying an unpaid item past the cashier,52.19853009216414,23.94097012451912,0.5082083344459534,0.4432177245616913,0.06499060988426208
Arrest,Shoplifting,11,6,concealed goods disappearing beneath a jacket in a store,59.574747559689655,31.803970032198336,0.5281263589859009,0.45223549008369446,0.07589086890220642
Arrest,Shoplifting,11,7,a customer hiding one item while handling shelf products,54.633129715616235,24.964923919349097,0.5031250715255737,0.408164918422699,0.09496015310287476
Arrest,Shoplifting,11,8,a shopper leaving a store with concealed unpaid merchandise,53.57793156467395,25.162822154444953,0.5117914080619812,0.42907944321632385,0.08271196484565735
Arrest,Shoplifting,11,9,a retail theft scene with discreet concealment and exit,58.00115460588411,29.043810030127926,0.5441460013389587,0.4738571345806122,0.07028886675834656
Arrest,Stealing,12,0,a person taking unattended property and leaving quickly,55.954715485262575,24.8799005465138,0.567009449005127,0.490718811750412,0.07629063725471497
Arrest,Stealing,12,1,"a thief grabbing a bicycle, bag, phone, or object",54.93704550148749,41.30477062712445,0.5605348944664001,0.5296303033828735,0.03090459108352661
Arrest,Stealing,12,2,a suspect approaching a valuable item and carrying it away,58.56543173443608,29.15167487979006,0.5707201361656189,0.48149511218070984,0.08922502398490906
Arrest,Stealing,12,3,unattended belongings disappearing after suspicious human contact,57.95634485404268,44.243093474853154,0.550432562828064,0.48599714040756226,0.06443542242050171
Arrest,Stealing,12,4,a person lifting property while the owner is distracted,56.21917247104157,29.841144537615804,0.5619953274726868,0.5192410349845886,0.042754292488098145
Arrest,Stealing,12,5,a thief cutting a lock and taking a bicycle,61.59689884141417,43.7459410512298,0.5652210116386414,0.4987551271915436,0.06646588444709778
Arrest,Stealing,12,6,a suspect removing a package or bag from public space,59.64502895415583,42.59175868631776,0.541774332523346,0.45063093304634094,0.091143399477005
Arrest,Stealing,12,7,a person pocketing an unattended item and changing direction,58.827958087289986,38.60621079344702,0.5511729121208191,0.4647955000400543,0.08637741208076477
Arrest,Stealing,12,8,a thief quietly taking property during owner distraction,56.00319582315909,24.60684293667354,0.5734261274337769,0.5140190720558167,0.059407055377960205
Arrest,Stealing,12,9,a thief carrying stolen property away from the scene,59.339480472539286,42.06446335370561,0.5617840886116028,0.4910489022731781,0.07073518633842468
Arrest,Vandalism,13,0,a person smashing a window or door with force,56.53508916651503,24.87897857335679,0.576025664806366,0.5068867802619934,0.06913888454437256
Arrest,Vandalism,13,1,someone kicking a fixture until visible pieces break,59.74995845638449,33.71183017942406,0.5778716206550598,0.4997093379497528,0.078162282705307
Arrest,Vandalism,13,2,a suspect spraying graffiti onto a wall with a can,63.52103276348131,45.12699141332444,0.5544189810752869,0.4656892716884613,0.08872970938682556
Arrest,Vandalism,13,3,a person breaking glass with repeated tool impacts,57.966633617984996,26.464269640109833,0.5895768404006958,0.5280634760856628,0.06151336431503296
Arrest,Vandalism,13,4,a vandal throwing an object at a storefront or car,61.35682503442974,45.2928295532916,0.5530094504356384,0.45204824209213257,0.10096120834350586
Arrest,Vandalism,13,5,someone striking public property until visible damage appears,64.13956623872211,47.36695532889846,0.5779885053634644,0.5182676315307617,0.05972087383270264
Arrest,Vandalism,13,6,a person scratching and denting a parked vehicle,61.651091628171315,42.165444724362914,0.5229017734527588,0.4111000597476959,0.11180171370506287
Arrest,Vandalism,13,7,a person painting graffiti directly onto public property,63.82538949637866,46.66573634666498,0.5625090599060059,0.4936656355857849,0.06884342432022095
Arrest,Vandalism,13,8,a suspect repeatedly hitting a fixture until it breaks,59.5844563392553,28.08096945083974,0.579917311668396,0.47400254011154175,0.10591477155685425
Arrest,Vandalism,13,9,a person deliberately damaging property without taking anything,55.07543533525517,24.140755581365145,0.5821413397789001,0.521926999092102,0.060214340686798096
Arson,Normal,0,0,pedestrians walking calmly along a quiet street,74.58867182145413,46.911460351771765,0.7631610035896301,0.5082066655158997,0.25495433807373047
Arson,Normal,0,1,people chatting casually in an ordinary public area,76.31987479400578,50.00549321925787,0.6863526105880737,0.4653497636318207,0.22100284695625305
Arson,Normal,0,2,vehicles moving normally through regular traffic flow,72.83118709960735,49.88924037604448,0.7941669821739197,0.6022021770477295,0.19196480512619019
Arson,Normal,0,3,shoppers browsing shelves and paying at checkout,53.9456349194248,29.66157153837372,0.6685971617698669,0.6434807181358337,0.025116443634033203
Arson,Normal,0,4,workers performing routine tasks in a calm store,74.15450410806054,44.651460150034396,0.6213313341140747,0.40511807799339294,0.21621325612068176
Arson,Normal,0,5,pedestrians crossing a walkway with regular spacing,72.17469215090856,43.75663543579828,0.7160024642944336,0.4705784320831299,0.2454240322113037
Arson,Normal,0,6,people entering and exiting buildings at a steady pace,80.37368994344489,53.686410135947646,0.7748605608940125,0.4532341957092285,0.32162636518478394
Arson,Normal,0,7,a public area with ordinary walking and waiting,74.61211985138712,46.35136541153425,0.7144193053245544,0.4455838203430176,0.26883548498153687
Arson,Normal,0,8,people standing calmly near counters and doorways,78.8866258629787,50.9975535343678,0.6663398742675781,0.4018668830394745,0.26447299122810364
Arson,Normal,0,9,an orderly scene with predictable everyday activity,62.72370925034073,39.331249638857756,0.7406755089759827,0.6674202084541321,0.07325530052185059
Arson,Abuse,1,0,a surveillance frame of an aggressor striking a vulnerable victim,71.64911703231655,49.186535898679736,0.8184531927108765,0.4863649606704712,0.3320882320404053
Arson,Abuse,1,1,a person forcefully pushing a helpless victim against furniture,69.3349760798602,45.725844528896346,0.8555311560630798,0.5193327069282532,0.33619844913482666
Arson,Abuse,1,2,a dominant person grabbing and controlling a weaker victim,71.1542837776495,50.00109339822919,0.8700365424156189,0.5295986533164978,0.3404378890991211
Arson,Abuse,1,3,a victim shielding their body from repeated physical mistreatment,76.32329720858749,50.448027587230825,0.8750572800636292,0.5067410469055176,0.3683162331581116
Arson,Abuse,1,4,an attacker cornering someone and delivering forceful blows,70.75303310712783,48.671840412082304,0.8320146203041077,0.5000171661376953,0.33199745416641235
Arson,Abuse,1,5,a person dragging a resisting victim across the floor,73.04679921825515,49.61505799890043,0.8970797657966614,0.5442496538162231,0.35283011198043823
Arson,Abuse,1,6,a vulnerable person recoiling from sustained aggressive contact,69.614267061075,46.31647151908063,0.8749097585678101,0.5307857394218445,0.3441240191459656
Arson,Abuse,1,7,a stronger aggressor overpowering a weaker person indoors,69.6538094196386,46.671186493071524,0.8444284796714783,0.5108135342597961,0.33361494541168213
Arson,Abuse,1,8,a victim collapsing after repeated blows from another person,71.98569105176344,49.72071564151214,0.8422452807426453,0.49910464882850647,0.3431406319141388
Arson,Abuse,1,9,a hostile person hurting a defenseless target at close range,70.69768577860084,48.693798119263604,0.7838243246078491,0.4731994569301605,0.3106248676776886
Arson,Arrest,2,0,uniformed police placing handcuffs on a detained suspect,74.53124909283095,43.12945099203775,0.8396908640861511,0.47427311539649963,0.3654177486896515
Arson,Arrest,2,1,officers escorting a handcuffed person toward a patrol car,75.3589146600407,43.646030985865615,0.8740387558937073,0.5147011876106262,0.35933756828308105
Arson,Arrest,2,2,law enforcement surrounding a suspect beside a police vehicle,73.32724763413898,41.46263608990272,0.866705060005188,0.49480560421943665,0.37189945578575134
Arson,Arrest,2,3,a detained suspect kneeling while officers secure handcuffs,73.47526955926928,45.081897566662995,0.8685681223869324,0.5100929737091064,0.3584751486778259
Arson,Arrest,2,4,police guiding a restrained person during formal detention,75.29547526671556,45.52800586586561,0.868634045124054,0.5255977511405945,0.3430362939834595
Arson,Arrest,2,5,uniformed officers searching a suspect beside a patrol car,74.28447603908495,41.960539993219484,0.8418089747428894,0.4794665277004242,0.3623424470424652
Arson,Arrest,2,6,a handcuffed suspect standing between multiple police officers,71.3690377981806,46.798179907643075,0.8392816185951233,0.48714354634284973,0.35213807225227356
Arson,Arrest,2,7,officers controlling a detainee during a roadside arrest,76.05028231708667,47.193634429692835,0.7598862051963806,0.4081669747829437,0.3517192304134369
Arson,Arrest,2,8,a patrol team moving a suspect into police custody,75.32446102286681,46.56460234500794,0.8339263200759888,0.47377970814704895,0.3601466119289398
Arson,Arrest,2,9,law enforcement securing wrists of a compliant detained person,73.36234983384296,47.6208412474003,0.8847947120666504,0.5228976011276245,0.3618971109390259
Arson,Arson,3,0,a person deliberately igniting material near a property entrance,75.93528719156416,45.34125634386618,0.9241275191307068,0.5756819248199463,0.3484455943107605
Arson,Arson,3,1,a suspicious individual using a lighter on a flammable surface,70.28334412285699,43.169404188567036,0.9209864735603333,0.5624585151672363,0.3585279583930969
Arson,Arson,3,2,a small flame spreading gradually after human ignition,72.47040673096154,49.776856540755574,0.9011841416358948,0.5651329755783081,0.33605116605758667
Arson,Arson,3,3,a person pouring accelerant before fire begins growing,77.36534761458047,50.056792681928584,0.9137030839920044,0.55196613073349,0.3617369532585144
Arson,Arson,3,4,deliberate fire starting near property without an explosive blast,79.8336868030303,54.05848661420355,0.8809682726860046,0.5212401747703552,0.3597280979156494
Arson,Arson,3,5,a person crouching near combustible material before flames appear,76.9641368555991,48.84029018786551,0.9121088981628418,0.5601625442504883,0.3519463539123535
Arson,Arson,3,6,a slow fire growing after someone lights an object,73.58861833375394,48.23179599059396,0.9167287349700928,0.5741444826126099,0.3425842523574829
Arson,Arson,3,7,a suspicious person leaving as a small fire spreads,72.53485389067956,46.08302522977504,0.919671356678009,0.5696799159049988,0.34999144077301025
Arson,Arson,3,8,visible accelerant or lighter use before property begins burning,78.79447011639944,50.11567185886937,0.9190272688865662,0.5702891945838928,0.34873807430267334
Arson,Arson,3,9,human ignition causing flames to spread across property,78.72596195745474,51.83489525812786,0.9205253720283508,0.5842743515968323,0.33625102043151855
Arson,Assault,4,0,an attacker lunging toward a victim with a forceful strike,70.49375776337924,45.85658009728688,0.8802514672279358,0.5206667184829712,0.3595847487449646
Arson,Assault,4,1,"a close range attack with punches, kicks, and defense",70.87603049648278,50.96724584087672,0.8093670010566711,0.49415627121925354,0.3152107298374176
Arson,Assault,4,2,a victim shielding their face during a rapid attack,72.14181501957695,51.89654400823365,0.7926416993141174,0.4695342481136322,0.32310745120048523
Arson,Assault,4,3,an aggressor swinging arms repeatedly at another person,70.8052673355105,49.12020977766438,0.7679952383041382,0.45805978775024414,0.30993545055389404
Arson,Assault,4,4,a person punching a victim during a one-sided confrontation,73.61707526199602,48.07592871924384,0.8244139552116394,0.4691436290740967,0.3552703261375427
Arson,Assault,4,5,an attacker kicking a fallen victim on the ground,75.98903805847867,51.40412752623795,0.8888595104217529,0.5318255424499512,0.35703396797180176
Arson,Assault,4,6,a victim stumbling backward after a direct body hit,72.9700992156615,49.890154582963994,0.8619891405105591,0.5084260702133179,0.3535630702972412
Arson,Assault,4,7,an aggressor pursuing a target while continuing to strike,69.96455069461886,48.22390230406642,0.7941404581069946,0.48292332887649536,0.31121712923049927
Arson,Assault,4,8,a person shoving an opponent hard enough to lose balance,70.31372678291912,47.64416576527951,0.83391934633255,0.5057112574577332,0.3282080888748169
Arson,Assault,4,9,a victim recoiling from repeated close range hits,72.6399908657451,50.622274787630985,0.7964393496513367,0.4721539318561554,0.3242854177951813
Arson,Burglary,5,0,a surveillance frame of an intruder forcing a doorway,68.8082734602544,43.701889795726,0.8639846444129944,0.5226595401763916,0.3413251042366028
Arson,Burglary,5,1,a person prying a lock to enter a restricted room,70.8428340728287,39.46196827572549,0.9122856855392456,0.5766944885253906,0.335591197013855
Arson,Burglary,5,2,a masked intruder breaking a barrier into private property,67.96910339154987,41.06792837355766,0.9087696075439453,0.5890018343925476,0.3197677731513977
Arson,Burglary,5,3,a suspect searching drawers and shelves after unauthorized entry,67.14686579382247,35.65968980017765,0.8278145790100098,0.5355072021484375,0.29230737686157227
Arson,Burglary,5,4,an intruder exiting through a damaged entry point,69.94547297834998,45.6071416201,0.8986886739730835,0.5399611592292786,0.35872751474380493
Arson,Burglary,5,5,a person climbing through a window into closed property,70.99606445396964,41.02793955228285,0.9048631191253662,0.574202835559845,0.33066028356552124
Arson,Burglary,5,6,a suspicious person slipping inside after a doorway opens,70.0717431140105,40.88414560941278,0.9107402563095093,0.5690686106681824,0.3416716456413269
Arson,Burglary,5,7,a burglar moving quietly through a room collecting valuables,68.52188820274922,36.88808166851154,0.9115839004516602,0.6290436387062073,0.2825402617454529
Arson,Burglary,5,8,a person damaging a lock to access an interior space,70.21538474759159,46.88812333291837,0.9103980660438538,0.557415783405304,0.3529822826385498
Arson,Burglary,5,9,an intruder exiting a building with bags or electronics,71.0860450216019,49.19934038850673,0.9193953275680542,0.5991358160972595,0.3202595114707947
Arson,Explosion,6,0,an instant blast wave with fireball and flying fragments,81.26684037042075,54.11333789167065,0.8958954811096191,0.5317597389221191,0.3641357421875
Arson,Explosion,6,1,a sudden detonation producing shockwave and expanding smoke plume,80.73448028997579,53.16240636274259,0.9138099551200867,0.5576820969581604,0.35612785816192627
Arson,Explosion,6,2,a bright flash followed by rapid explosive pressure burst,74.86563795544579,51.64094326152582,0.8495425581932068,0.5033093094825745,0.3462332487106323
Arson,Explosion,6,3,an object erupting violently with an outward debris cloud,80.11542236608918,51.30398060140844,0.9184603095054626,0.5618383884429932,0.3566219210624695
Arson,Explosion,6,4,a large fireball appearing immediately after explosive detonation,81.62907751028793,53.78401944741951,0.9116232991218567,0.5472754836082458,0.36434781551361084
Arson,Explosion,6,5,a shockwave pushing smoke and fragments away from impact,73.22175145521062,50.2602058478951,0.8557120561599731,0.5105921030044556,0.3451199531555176
Arson,Explosion,6,6,a violent pressure burst scattering debris in every direction,76.24186768846695,51.79690398843335,0.8852550983428955,0.5287177562713623,0.3565373420715332
Arson,Explosion,6,7,a sudden explosive plume rising from a detonation point,81.15241398434767,53.99458843993007,0.9093858003616333,0.5440805554389954,0.36530524492263794
Arson,Explosion,6,8,"a rapid blast creating flash, shockwave, and airborne debris",80.32069739579633,53.14087051377163,0.8843440413475037,0.513945460319519,0.3703985810279846
Arson,Explosion,6,9,a concentrated detonation expanding outward within seconds,83.74037803699615,59.10391434084071,0.8936375379562378,0.5214904546737671,0.3721470832824707
Arson,Fighting,7,0,two groups mutually exchanging punches in a crowded brawl,72.26195873379964,52.04741165491327,0.7206013798713684,0.41685518622398376,0.30374619364738464
Arson,Fighting,7,1,several participants striking each other during mutual combat,72.26581019743969,52.29006650736614,0.765727698802948,0.45448601245880127,0.31124168634414673
Arson,Fighting,7,2,opponents separating and reengaging repeatedly in a group fight,72.69456989712108,52.97583095929331,0.7799705862998962,0.4582066237926483,0.3217639625072479
Arson,Fighting,7,3,multiple people wrestling and swinging arms at each other,76.12931714478852,52.6526742855208,0.8910290598869324,0.5336402058601379,0.35738885402679443
Arson,Fighting,7,4,a crowd circling two sides fighting each other,69.38387769462686,51.76533470152926,0.7529593110084534,0.4777891933917999,0.27517011761665344
Arson,Fighting,7,5,"several combatants pushing, grappling, and striking simultaneously",73.88421317918599,54.61365988501259,0.8191530108451843,0.4795985221862793,0.33955448865890503
Arson,Fighting,7,6,two sides clashing back and forth in public space,71.3198767584019,50.52461020451741,0.828148365020752,0.5036186575889587,0.3245297074317932
Arson,Fighting,7,7,multiple participants falling and rejoining a chaotic brawl,74.033482339951,54.148844916250006,0.802788496017456,0.46387526392936707,0.338913232088089
Arson,Fighting,7,8,people on both sides trading blows in close quarters,70.89502838967105,50.84084371140559,0.7546289563179016,0.45670589804649353,0.2979230582714081
Arson,Fighting,7,9,a mutual street fight with several active combatants,73.94706387729151,52.39995966095399,0.8545092344284058,0.5042607188224792,0.3502485156059265
Arson,RoadAccidents,8,0,"a vehicle collision causing impact, debris, and disruption",74.6440191499811,44.65240049482277,0.9146345853805542,0.5599624514579773,0.3546721339225769
Arson,RoadAccidents,8,1,a car striking a pedestrian or cyclist on the road,72.72443370715915,40.84354940992317,0.901591956615448,0.5290504693984985,0.37254148721694946
Arson,RoadAccidents,8,2,a motorbike sliding across a lane after a crash,71.37491477249146,46.03454848670423,0.8980436325073242,0.5514292120933533,0.34661442041397095
Arson,RoadAccidents,8,3,vehicles swerving and colliding during a sudden accident,74.14786881448376,44.47369052676026,0.8911574482917786,0.5107922554016113,0.38036519289016724
Arson,RoadAccidents,8,4,a pedestrian knocked down by a vehicle near a crossing,74.49166682272701,43.66575626763057,0.9008616209030151,0.5281236171722412,0.3727380037307739
Arson,RoadAccidents,8,5,a damaged vehicle stopped and blocking the roadway,71.50269156879874,44.35620418174203,0.9015132188796997,0.5585008263587952,0.34301239252090454
Arson,RoadAccidents,8,6,a rider thrown onto pavement after a high speed impact,74.99001229294149,44.77629889943782,0.921399712562561,0.5653095245361328,0.3560901880264282
Arson,RoadAccidents,8,7,a traffic accident with a vehicle spinning to a halt,73.63113410207076,42.85511362239791,0.9065057039260864,0.5320829153060913,0.3744227886199951
Arson,RoadAccidents,8,8,a car hitting an obstacle with sudden debris,74.08311234032834,44.010529196956824,0.9081701636314392,0.5678136348724365,0.3403565287590027
Arson,RoadAccidents,8,9,a motorbike rider falling during an intersection collision,71.29879348723236,44.27584047993897,0.9030910134315491,0.5514997243881226,0.3515912890434265
Arson,Robbery,9,0,a threatening person forcing a victim to surrender valuables,69.55084762352001,39.35273614257305,0.8651555776596069,0.5375795960426331,0.3275759816169739
Arson,Robbery,9,1,an aggressor confronting someone and taking a purse or wallet,69.3979764462419,41.747005372198764,0.8771183490753174,0.5406692624092102,0.3364490866661072
Arson,Robbery,9,2,a victim handing over belongings under close range intimidation,67.7870269446488,43.21128046501199,0.8425454497337341,0.5128697156906128,0.32967573404312134
Arson,Robbery,9,3,a robber snatching property and escaping quickly,68.00770782891617,36.94685592832296,0.9063441157341003,0.5856006741523743,0.3207434415817261
Arson,Robbery,9,4,a person threatening a clerk and demanding money,73.42634798873243,43.13765314285828,0.7084298729896545,0.4303499460220337,0.27807992696762085
Arson,Robbery,9,5,an attacker cornering a victim and seizing personal items,71.9717319905395,46.1055064351972,0.911855161190033,0.5523122549057007,0.3595429062843323
Arson,Robbery,9,6,a coerced handover of valuables during visible intimidation,67.665077233227,41.43016595302972,0.8065252304077148,0.4884585738182068,0.31806665658950806
Arson,Robbery,9,7,a suspect taking valuables while the victim backs away,66.38600216720911,41.029533153352126,0.8347868323326111,0.5104233622550964,0.32436347007751465
Arson,Robbery,9,8,a person brandishing a weapon to demand property,65.29848253891626,41.14044679929365,0.8394527435302734,0.5397685766220093,0.29968416690826416
Arson,Robbery,9,9,a robber approaching a victim and leaving with belongings,68.16057900619428,43.265743063301294,0.9060762524604797,0.5694208741188049,0.3366553783416748
Arson,Shooting,10,0,an armed person aiming a firearm and firing shots,70.34668373733136,46.24401637716002,0.8229379653930664,0.4819738268852234,0.340964138507843
Arson,Shooting,10,1,a gunman pointing a weapon as people scatter,67.70239452341826,43.06567450544715,0.7921462655067444,0.4816761016845703,0.3104701638221741
Arson,Shooting,10,2,a muzzle flash appearing as a shooter targets someone,71.43232752322956,50.189955120163276,0.8072868585586548,0.47612982988357544,0.33115702867507935
Arson,Shooting,10,3,a person firing a handgun and causing panic,72.18885076983406,47.734539595728776,0.8636276721954346,0.509800374507904,0.3538272976875305
Arson,Shooting,10,4,an armed attacker discharging a weapon in public,70.30383869880696,44.72537871544161,0.8087658882141113,0.48013225197792053,0.3286336362361908
Arson,Shooting,10,5,a victim falling after a nearby firearm is fired,72.8530785794682,50.17630778388356,0.8557591438293457,0.500392735004425,0.35536640882492065
Arson,Shooting,10,6,a shooter raising a gun while a crowd runs,70.06524751082479,47.6058546552416,0.7502684593200684,0.451783686876297,0.29848477244377136
Arson,Shooting,10,7,a gunfire scene with fear and rapid dispersal,72.16832626022887,48.040913307978315,0.8533345460891724,0.4956554174423218,0.3576791286468506
Arson,Shooting,10,8,a person aiming a rifle or handgun at a target,69.38930566410923,45.2900787148682,0.7810028195381165,0.4700441062450409,0.31095871329307556
Arson,Shooting,10,9,an armed shooter firing as people flee the scene,72.19918785877472,47.923066436243865,0.8286933302879333,0.47701525688171387,0.3516780734062195
Arson,Shoplifting,11,0,a shopper concealing merchandise inside clothing or a bag,69.5710229071475,41.72480861584455,0.7570104002952576,0.4664202034473419,0.29059019684791565
Arson,Shoplifting,11,1,a person removing a store item without checkout,64.2190350196514,33.715581772459316,0.669384777545929,0.44823652505874634,0.22114825248718262
Arson,Shoplifting,11,2,a customer hiding a product and exiting an aisle,65.09167091490716,39.17831979091397,0.6530497670173645,0.4307635426521301,0.22228622436523438
Arson,Shoplifting,11,3,a shopper slipping goods into a bag while browsing,67.29877909413314,40.59781473577173,0.7612839341163635,0.4898529350757599,0.27143099904060364
Arson,Shoplifting,11,4,a person scanning surroundings before pocketing merchandise,67.5809736399056,36.40182712410852,0.7904008626937866,0.5009486079216003,0.2894522547721863
Arson,Shoplifting,11,5,someone carrying an unpaid item past the cashier,64.94801930344097,34.7305368315966,0.596564769744873,0.40192875266075134,0.1946360170841217
Arson,Shoplifting,11,6,concealed goods disappearing beneath a jacket in a store,75.80656249617451,48.89708821876951,0.8081170916557312,0.49446412920951843,0.31365296244621277
Arson,Shoplifting,11,7,a customer hiding one item while handling shelf products,66.81063102246824,37.11288178869585,0.6634498834609985,0.4190473258495331,0.24440255761146545
Arson,Shoplifting,11,8,a shopper leaving a store with concealed unpaid merchandise,68.48018064312372,45.12035606529911,0.7650370001792908,0.4812456965446472,0.28379130363464355
Arson,Shoplifting,11,9,a retail theft scene with discreet concealment and exit,68.58635531823738,37.267496826110126,0.8581103086471558,0.5308380126953125,0.32727229595184326
Arson,Stealing,12,0,a person taking unattended property and leaving quickly,66.55072707195974,41.01526718236136,0.9045717120170593,0.5671859979629517,0.33738571405410767
Arson,Stealing,12,1,"a thief grabbing a bicycle, bag, phone, or object",66.8508818108724,47.680336318540824,0.9340188503265381,0.6122106909751892,0.3218081593513489
Arson,Stealing,12,2,a suspect approaching a valuable item and carrying it away,64.06477691634747,36.915267406349464,0.8958237171173096,0.5587158799171448,0.3371078372001648
Arson,Stealing,12,3,unattended belongings disappearing after suspicious human contact,65.81522722921433,39.49978999771847,0.9157387614250183,0.5903449654579163,0.32539379596710205
Arson,Stealing,12,4,a person lifting property while the owner is distracted,65.90625048583725,36.39764507071376,0.9063137173652649,0.5852392911911011,0.3210744261741638
Arson,Stealing,12,5,a thief cutting a lock and taking a bicycle,66.08187623003548,37.44621826200055,0.9282408952713013,0.5872961282730103,0.340944766998291
Arson,Stealing,12,6,a suspect removing a package or bag from public space,66.19764963059407,35.51510431766323,0.8699625134468079,0.5414704084396362,0.32849210500717163
Arson,Stealing,12,7,a person pocketing an unattended item and changing direction,66.58821398619733,37.46859301569428,0.9037216901779175,0.5639563798904419,0.3397653102874756
Arson,Stealing,12,8,a thief quietly taking property during owner distraction,65.56293640502025,37.08351200256494,0.8904837369918823,0.5662388205528259,0.3242449164390564
Arson,Stealing,12,9,a thief carrying stolen property away from the scene,64.49539250265332,35.14333491844677,0.9105119109153748,0.5818229913711548,0.32868891954421997
Arson,Vandalism,13,0,a person smashing a window or door with force,70.89662485128352,42.86372518390989,0.90418940782547,0.5517330765724182,0.35245633125305176
Arson,Vandalism,13,1,someone kicking a fixture until visible pieces break,70.41078167107162,50.829328964988626,0.8147979378700256,0.510004997253418,0.30479294061660767
Arson,Vandalism,13,2,a suspect spraying graffiti onto a wall with a can,74.77461968776541,44.426214249207945,0.8528370261192322,0.4999009668827057,0.3529360592365265
Arson,Vandalism,13,3,a person breaking glass with repeated tool impacts,67.16148339546156,41.84129107677255,0.8401288986206055,0.5340938568115234,0.30603504180908203
Arson,Vandalism,13,4,a vandal throwing an object at a storefront or car,73.79869272618352,41.474768255140006,0.8982093930244446,0.535690188407898,0.36251920461654663
Arson,Vandalism,13,5,someone striking public property until visible damage appears,72.95003368876992,43.95895728928168,0.918250322341919,0.5794358849525452,0.3388144373893738
Arson,Vandalism,13,6,a person scratching and denting a parked vehicle,72.76039400497982,40.206728815437934,0.8792897462844849,0.5157161355018616,0.3635736107826233
Arson,Vandalism,13,7,a person painting graffiti directly onto public property,72.6588889800826,41.04759385607745,0.8446370959281921,0.517181396484375,0.32745569944381714
Arson,Vandalism,13,8,a suspect repeatedly hitting a fixture until it breaks,69.80622161420317,45.808539239207384,0.8430861234664917,0.4987947344779968,0.3442913889884949
Arson,Vandalism,13,9,a person deliberately damaging property without taking anything,67.35268960720889,37.22458109972535,0.914513349533081,0.5796115398406982,0.3349018096923828
Assault,Normal,0,0,pedestrians walking calmly along a quiet street,75.01361163083529,53.51481761210002,0.8400930762290955,0.7668338418006897,0.07325923442840576
Assault,Normal,0,1,people chatting casually in an ordinary public area,69.60878678797687,51.77488233355292,0.8774966597557068,0.8410420417785645,0.036454617977142334
Assault,Normal,0,2,vehicles moving normally through regular traffic flow,67.01029548458291,48.41024045639779,0.8309881091117859,0.7911853194236755,0.03980278968811035
Assault,Normal,0,3,shoppers browsing shelves and paying at checkout,70.93373548860626,52.866434786750304,0.9020227193832397,0.8616427779197693,0.04037994146347046
Assault,Normal,0,4,workers performing routine tasks in a calm store,82.99959110442309,76.05457587883791,0.9192959666252136,0.8469247817993164,0.07237118482589722
Assault,Normal,0,5,pedestrians crossing a walkway with regular spacing,78.9185279467684,56.157438389256995,0.755781888961792,0.6071639060974121,0.14861798286437988
Assault,Normal,0,6,people entering and exiting buildings at a steady pace,54.48710573256604,40.975932383730964,0.7210044264793396,0.7081671357154846,0.01283729076385498
Assault,Normal,0,7,a public area with ordinary walking and waiting,77.61137406510821,54.154732483783405,0.757724404335022,0.6525653600692749,0.10515904426574707
Assault,Normal,0,8,people standing calmly near counters and doorways,77.19944847514853,73.95233380431345,0.8375998139381409,0.7749850749969482,0.06261473894119263
Assault,Normal,0,9,an orderly scene with predictable everyday activity,61.79679878599559,44.3039079985846,0.8828094005584717,0.8735576868057251,0.009251713752746582
Assault,Abuse,1,0,a surveillance frame of an aggressor striking a vulnerable victim,76.88736754235434,72.8809081285259,0.9611185789108276,0.8878107666969299,0.0733078122138977
Assault,Abuse,1,1,a person forcefully pushing a helpless victim against furniture,71.28772639585985,67.36755400443907,0.9753794074058533,0.9341819286346436,0.04119747877120972
Assault,Abuse,1,2,a dominant person grabbing and controlling a weaker victim,74.84180676659184,71.04945820093698,0.9765164256095886,0.9269738793373108,0.04954254627227783
Assault,Abuse,1,3,a victim shielding their body from repeated physical mistreatment,83.85857377597624,80.52010136411803,0.971439003944397,0.886562168598175,0.08487683534622192
Assault,Abuse,1,4,an attacker cornering someone and delivering forceful blows,72.49513974451472,67.78010136524635,0.9609650373458862,0.89637690782547,0.06458812952041626
Assault,Abuse,1,5,a person dragging a resisting victim across the floor,73.31870978920168,70.36046049269808,0.9797340631484985,0.947591245174408,0.032142817974090576
Assault,Abuse,1,6,a vulnerable person recoiling from sustained aggressive contact,77.96149155360432,74.59760421370075,0.9791255593299866,0.9339888095855713,0.04513674974441528
Assault,Abuse,1,7,a stronger aggressor overpowering a weaker person indoors,70.68146347340081,66.45066908076583,0.9720593690872192,0.9262104034423828,0.045848965644836426
Assault,Abuse,1,8,a victim collapsing after repeated blows from another person,72.80044219448331,68.33351534638905,0.9530977606773376,0.8818528652191162,0.07124489545822144
Assault,Abuse,1,9,a hostile person hurting a defenseless target at close range,73.52432376824504,69.37386368413858,0.9489692449569702,0.8767614364624023,0.07220780849456787
Assault,Arrest,2,0,uniformed police placing handcuffs on a detained suspect,74.54433445346633,69.9476559710229,0.9086222052574158,0.8172661662101746,0.09135603904724121
Assault,Arrest,2,1,officers escorting a handcuffed person toward a patrol car,83.8299500443517,78.19735809178206,0.9394515752792358,0.8378816843032837,0.10156989097595215
Assault,Arrest,2,2,law enforcement surrounding a suspect beside a police vehicle,83.6510543248022,60.58983433987165,0.7926447987556458,0.5543627738952637,0.23828202486038208
Assault,Arrest,2,3,a detained suspect kneeling while officers secure handcuffs,67.08744107483622,60.34100294987492,0.9557855725288391,0.9028509855270386,0.05293458700180054
Assault,Arrest,2,4,police guiding a restrained person during formal detention,68.02209077356858,62.52791305486348,0.9307578206062317,0.8848168849945068,0.045940935611724854
Assault,Arrest,2,5,uniformed officers searching a suspect beside a patrol car,84.18218125329881,71.76369098597429,0.8613953590393066,0.6943851709365845,0.16701018810272217
Assault,Arrest,2,6,a handcuffed suspect standing between multiple police officers,78.22997570054476,74.19544143257112,0.9744043350219727,0.8992887735366821,0.07511556148529053
Assault,Arrest,2,7,officers controlling a detainee during a roadside arrest,72.57371183576204,64.76369287062012,0.8294529318809509,0.738285481929779,0.09116744995117188
Assault,Arrest,2,8,a patrol team moving a suspect into police custody,79.52187539274331,75.53342815403353,0.9243414402008057,0.8143501281738281,0.10999131202697754
Assault,Arrest,2,9,law enforcement securing wrists of a compliant detained person,72.17907085638686,67.64017031779392,0.9626799821853638,0.9089823365211487,0.05369764566421509
Assault,Arson,3,0,a person deliberately igniting material near a property entrance,61.58479158351919,50.293198452489364,0.8680119514465332,0.8460525274276733,0.021959424018859863
Assault,Arson,3,1,a suspicious individual using a lighter on a flammable surface,68.42059475928525,64.9756465610404,0.9557901620864868,0.9126532673835754,0.04313689470291138
Assault,Arson,3,2,a small flame spreading gradually after human ignition,51.868518466263616,41.69862056158457,0.9185508489608765,0.9065660238265991,0.011984825134277344
Assault,Arson,3,3,a person pouring accelerant before fire begins growing,63.67634400081883,56.76556829777573,0.8914610147476196,0.8501237630844116,0.04133725166320801
Assault,Arson,3,4,deliberate fire starting near property without an explosive blast,36.924015081759855,28.702449364136218,0.5477054119110107,0.6201080679893494,-0.07240265607833862
Assault,Arson,3,5,a person crouching near combustible material before flames appear,73.74410904548445,61.07386314999606,0.8380100727081299,0.7684231400489807,0.06958693265914917
Assault,Arson,3,6,a slow fire growing after someone lights an object,57.234234274570625,52.173738544111416,0.9229947924613953,0.8985512852668762,0.024443507194519043
Assault,Arson,3,7,a suspicious person leaving as a small fire spreads,73.7191608967131,69.55588316078247,0.9574861526489258,0.9135362505912781,0.043949902057647705
Assault,Arson,3,8,visible accelerant or lighter use before property begins burning,27.0718286982637,23.318492598329243,0.6652339100837708,0.7673133611679077,-0.10207945108413696
Assault,Arson,3,9,human ignition causing flames to spread across property,25.791819985153975,22.501655546469053,0.8552125692367554,0.8994155526161194,-0.044202983379364014
Assault,Assault,4,0,an attacker lunging toward a victim with a forceful strike,73.31831411739313,67.81645424523803,0.9836927056312561,0.9436085224151611,0.04008418321609497
Assault,Assault,4,1,"a close range attack with punches, kicks, and defense",75.52142515987484,71.3488197775639,0.9637700319290161,0.904193639755249,0.05957639217376709
Assault,Assault,4,2,a victim shielding their face during a rapid attack,85.0990153082299,82.86098487525672,0.9650314450263977,0.8740427494049072,0.09098869562149048
Assault,Assault,4,3,an aggressor swinging arms repeatedly at another person,72.23932750786423,68.2364931083269,0.9630540609359741,0.8987948894500732,0.06425917148590088
Assault,Assault,4,4,a person punching a victim during a one-sided confrontation,92.5233594743979,88.65184296969565,0.9752732515335083,0.896372377872467,0.07890087366104126
Assault,Assault,4,5,an attacker kicking a fallen victim on the ground,82.00774600452169,77.32244265793365,0.9724334478378296,0.9044783711433411,0.06795507669448853
Assault,Assault,4,6,a victim stumbling backward after a direct body hit,78.18606654221053,74.83100147426796,0.9661978483200073,0.890514612197876,0.07568323612213135
Assault,Assault,4,7,an aggressor pursuing a target while continuing to strike,69.3630745948607,64.3305229948319,0.9477993845939636,0.8874899744987488,0.060309410095214844
Assault,Assault,4,8,a person shoving an opponent hard enough to lose balance,78.0835042444652,74.99094473470335,0.9785255789756775,0.9193243980407715,0.059201180934906006
Assault,Assault,4,9,a victim recoiling from repeated close range hits,79.86786956449757,77.09756260599242,0.959432065486908,0.8758540749549866,0.08357799053192139
Assault,Burglary,5,0,a surveillance frame of an intruder forcing a doorway,67.6618940663702,65.33545925622968,0.9686426520347595,0.9398918151855469,0.028750836849212646
Assault,Burglary,5,1,a person prying a lock to enter a restricted room,67.43173802278008,59.36846549820939,0.9794023036956787,0.9619179368019104,0.01748436689376831
Assault,Burglary,5,2,a masked intruder breaking a barrier into private property,70.2163096127737,65.8884957899081,0.9883807897567749,0.9777636528015137,0.01061713695526123
Assault,Burglary,5,3,a suspect searching drawers and shelves after unauthorized entry,93.71690348492109,93.1092141725797,0.9788669943809509,0.9436307549476624,0.035236239433288574
Assault,Burglary,5,4,an intruder exiting through a damaged entry point,80.18787434587902,78.27292534717185,0.9779053330421448,0.9360960125923157,0.0418093204498291
Assault,Burglary,5,5,a person climbing through a window into closed property,62.39205578472705,58.01560898832029,0.961983323097229,0.9495757222175598,0.01240760087966919
Assault,Burglary,5,6,a suspicious person slipping inside after a doorway opens,80.42161226057821,76.20087595548041,0.983640730381012,0.9645510911941528,0.01908963918685913
Assault,Burglary,5,7,a burglar moving quietly through a room collecting valuables,44.142932692372774,38.33516120298208,0.9841091632843018,0.98100346326828,0.0031057000160217285
Assault,Burglary,5,8,a person damaging a lock to access an interior space,88.25837140025857,86.53421404076313,0.9458353519439697,0.8797925114631653,0.06604284048080444
Assault,Burglary,5,9,an intruder exiting a building with bags or electronics,55.27437809502559,52.58948361684354,0.9531696438789368,0.9496632814407349,0.0035063624382019043
Assault,Explosion,6,0,an instant blast wave with fireball and flying fragments,72.5745344166272,67.43377471359597,0.6987650394439697,0.61614590883255,0.08261913061141968
Assault,Explosion,6,1,a sudden detonation producing shockwave and expanding smoke plume,61.23219594001157,48.666896835989085,0.7581064105033875,0.7404890656471252,0.017617344856262207
Assault,Explosion,6,2,a bright flash followed by rapid explosive pressure burst,72.07711247877039,68.10432059597993,0.8461561799049377,0.7499580979347229,0.09619808197021484
Assault,Explosion,6,3,an object erupting violently with an outward debris cloud,75.26263497224413,69.46494185637609,0.8215343356132507,0.7457199096679688,0.07581442594528198
Assault,Explosion,6,4,a large fireball appearing immediately after explosive detonation,64.76790880889354,54.01478362219285,0.7229632139205933,0.678401529788971,0.044561684131622314
Assault,Explosion,6,5,a shockwave pushing smoke and fragments away from impact,66.3444214804394,62.27334075559118,0.8691867589950562,0.808525025844574,0.06066173315048218
Assault,Explosion,6,6,a violent pressure burst scattering debris in every direction,71.96278415092839,67.37078292089872,0.9246003031730652,0.858874499797821,0.06572580337524414
Assault,Explosion,6,7,a sudden explosive plume rising from a detonation point,68.97695097178558,60.52871177931281,0.7016159892082214,0.6314778327941895,0.07013815641403198
Assault,Explosion,6,8,"a rapid blast creating flash, shockwave, and airborne debris",77.77100681503042,72.86871018243059,0.784471869468689,0.642225444316864,0.14224642515182495
Assault,Explosion,6,9,a concentrated detonation expanding outward within seconds,56.197532486477655,43.23133695936201,0.8549799919128418,0.8365631699562073,0.01841682195663452
Assault,Fighting,7,0,two groups mutually exchanging punches in a crowded brawl,76.66981052214206,72.0712333700834,0.9526233077049255,0.8688540458679199,0.08376926183700562
Assault,Fighting,7,1,several participants striking each other during mutual combat,75.4296605375368,70.77082822373306,0.9645857214927673,0.9007310271263123,0.06385469436645508
Assault,Fighting,7,2,opponents separating and reengaging repeatedly in a group fight,70.54560226924029,65.40773868562907,0.9343230724334717,0.8626317381858826,0.07169133424758911
Assault,Fighting,7,3,multiple people wrestling and swinging arms at each other,69.07175601959993,62.60064379063015,0.9723952412605286,0.9302965998649597,0.04209864139556885
Assault,Fighting,7,4,a crowd circling two sides fighting each other,83.78357314342198,78.39205339871118,0.9741954207420349,0.9171025156974792,0.057092905044555664
Assault,Fighting,7,5,"several combatants pushing, grappling, and striking simultaneously",74.36753162953582,70.90352748807518,0.9518781900405884,0.8879210948944092,0.0639570951461792
Assault,Fighting,7,6,two sides clashing back and forth in public space,74.35442239777325,68.22396730885842,0.9506230354309082,0.8767186999320984,0.07390433549880981
Assault,Fighting,7,7,multiple participants falling and rejoining a chaotic brawl,77.73541717709197,74.24301156110309,0.9577064514160156,0.8722710013389587,0.08543545007705688
Assault,Fighting,7,8,people on both sides trading blows in close quarters,74.33182745502123,70.05416139135274,0.937645673751831,0.8552173972129822,0.08242827653884888
Assault,Fighting,7,9,a mutual street fight with several active combatants,76.40128472553756,71.2593487058713,0.961719810962677,0.8919966220855713,0.06972318887710571
Assault,RoadAccidents,8,0,"a vehicle collision causing impact, debris, and disruption",75.63068264111766,57.51910816063093,0.7987344264984131,0.6985095739364624,0.10022485256195068
Assault,RoadAccidents,8,1,a car striking a pedestrian or cyclist on the road,87.25882111250625,61.807856429944465,0.6964453458786011,0.3266853094100952,0.36976003646850586
Assault,RoadAccidents,8,2,a motorbike sliding across a lane after a crash,87.11159996247368,63.47069498170951,0.8445203900337219,0.4847119450569153,0.35980844497680664
Assault,RoadAccidents,8,3,vehicles swerving and colliding during a sudden accident,80.01466380547357,59.007815675731756,0.6557171940803528,0.374810129404068,0.2809070646762848
Assault,RoadAccidents,8,4,a pedestrian knocked down by a vehicle near a crossing,83.97683799707181,60.60288612411555,0.7613608837127686,0.47170865535736084,0.2896522283554077
Assault,RoadAccidents,8,5,a damaged vehicle stopped and blocking the roadway,83.5631839460537,59.5577648320324,0.8074385523796082,0.589759349822998,0.2176792025566101
Assault,RoadAccidents,8,6,a rider thrown onto pavement after a high speed impact,81.83455628894829,65.19140541028621,0.8596122860908508,0.6697769165039062,0.18983536958694458
Assault,RoadAccidents,8,7,a traffic accident with a vehicle spinning to a halt,84.21843728586215,63.22259202653381,0.7273228764533997,0.37903934717178345,0.3482835292816162
Assault,RoadAccidents,8,8,a car hitting an obstacle with sudden debris,89.2662412084067,65.24003429558624,0.9012532234191895,0.6586511731147766,0.24260205030441284
Assault,RoadAccidents,8,9,a motorbike rider falling during an intersection collision,83.25160280922819,59.44293378364603,0.8326823115348816,0.58453768491745,0.24814462661743164
Assault,Robbery,9,0,a threatening person forcing a victim to surrender valuables,69.35138145167615,63.718794306711736,0.9920588135719299,0.980837881565094,0.011220932006835938
Assault,Robbery,9,1,an aggressor confronting someone and taking a purse or wallet,80.55038260943267,75.25467714670252,0.9942249059677124,0.9832635521888733,0.010961353778839111
Assault,Robbery,9,2,a victim handing over belongings under close range intimidation,96.92917547513676,94.78094363999726,0.9767422080039978,0.846839427947998,0.12990278005599976
Assault,Robbery,9,3,a robber snatching property and escaping quickly,87.3817813332245,84.20862502200335,0.991466224193573,0.9826670289039612,0.008799195289611816
Assault,Robbery,9,4,a person threatening a clerk and demanding money,90.11837251022213,85.45643293692777,0.9886114001274109,0.9692979454994202,0.019313454627990723
Assault,Robbery,9,5,an attacker cornering a victim and seizing personal items,90.2824409493666,85.45643168007075,0.9884505271911621,0.9467119574546814,0.04173856973648071
Assault,Robbery,9,6,a coerced handover of valuables during visible intimidation,98.35116789302369,97.5306387994496,0.9826642870903015,0.9104124307632446,0.07225185632705688
Assault,Robbery,9,7,a suspect taking valuables while the victim backs away,98.5098322882565,97.4886874569563,0.9916216731071472,0.9414977431297302,0.05012392997741699
Assault,Robbery,9,8,a person brandishing a weapon to demand property,96.58484728994485,95.16732883611692,0.9847517013549805,0.9409990310668945,0.04375267028808594
Assault,Robbery,9,9,a robber approaching a victim and leaving with belongings,96.36095952079562,92.56560344453905,0.9903351664543152,0.9653825759887695,0.024952590465545654
Assault,Shooting,10,0,an armed person aiming a firearm and firing shots,81.58014972845982,78.42764563250178,0.9180282354354858,0.8016392588615417,0.11638897657394409
Assault,Shooting,10,1,a gunman pointing a weapon as people scatter,86.95443495514695,84.45448664346489,0.973265528678894,0.8938616514205933,0.07940387725830078
Assault,Shooting,10,2,a muzzle flash appearing as a shooter targets someone,66.50140947669385,61.803740975818734,0.9157755374908447,0.8559442758560181,0.05983126163482666
Assault,Shooting,10,3,a person firing a handgun and causing panic,82.00164432873704,79.5906655938301,0.9563342332839966,0.8699774742126465,0.0863567590713501
Assault,Shooting,10,4,an armed attacker discharging a weapon in public,96.2609482649739,93.34947648137721,0.9343178868293762,0.7442417144775391,0.19007617235183716
Assault,Shooting,10,5,a victim falling after a nearby firearm is fired,87.93013039780946,85.13573444842153,0.9594186544418335,0.8440108299255371,0.11540782451629639
Assault,Shooting,10,6,a shooter raising a gun while a crowd runs,83.785707688705,81.14014082299072,0.9606158137321472,0.8544393181800842,0.10617649555206299
Assault,Shooting,10,7,a gunfire scene with fear and rapid dispersal,79.52262508669638,74.7682447117084,0.9403978586196899,0.8480538129806519,0.09234404563903809
Assault,Shooting,10,8,a person aiming a rifle or handgun at a target,88.00511020553172,85.16039222277875,0.9450522065162659,0.8320032954216003,0.11304891109466553
Assault,Shooting,10,9,an armed shooter firing as people flee the scene,81.45569011983544,77.91854007067577,0.9101811051368713,0.7909085154533386,0.11927258968353271
Assault,Shoplifting,11,0,a shopper concealing merchandise inside clothing or a bag,96.46747853662656,92.7259065368228,0.9689075350761414,0.8207851052284241,0.14812242984771729
Assault,Shoplifting,11,1,a person removing a store item without checkout,94.53763094003604,89.60449911556995,0.985315203666687,0.9145440459251404,0.07077115774154663
Assault,Shoplifting,11,2,a customer hiding a product and exiting an aisle,96.24922388454131,93.96917822182047,0.9792471528053284,0.8942187428474426,0.08502840995788574
Assault,Shoplifting,11,3,a shopper slipping goods into a bag while browsing,93.55976971484246,86.83239195190232,0.9714465737342834,0.8285601139068604,0.1428864598274231
Assault,Shoplifting,11,4,a person scanning surroundings before pocketing merchandise,95.08246060800805,93.02908304007111,0.9831624627113342,0.9453180432319641,0.03784441947937012
Assault,Shoplifting,11,5,someone carrying an unpaid item past the cashier,94.2900965741173,90.18798311927051,0.9782823920249939,0.8793075084686279,0.09897488355636597
Assault,Shoplifting,11,6,concealed goods disappearing beneath a jacket in a store,94.10593217206434,92.16851899086369,0.9322186708450317,0.8056895732879639,0.12652909755706787
Assault,Shoplifting,11,7,a customer hiding one item while handling shelf products,96.54538423324895,94.53941118547847,0.9670346975326538,0.8145794868469238,0.15245521068572998
Assault,Shoplifting,11,8,a shopper leaving a store with concealed unpaid merchandise,95.45036250305733,90.38409071919868,0.9587773680686951,0.7958042621612549,0.16297310590744019
Assault,Shoplifting,11,9,a retail theft scene with discreet concealment and exit,97.11919165499,96.1062351683664,0.9493370652198792,0.8790295124053955,0.07030755281448364
Assault,Stealing,12,0,a person taking unattended property and leaving quickly,93.08444292376893,90.48347348868606,0.9826759696006775,0.9502090811729431,0.032466888427734375
Assault,Stealing,12,1,"a thief grabbing a bicycle, bag, phone, or object",89.4089433698889,64.93588516242956,0.9767947196960449,0.9377187490463257,0.03907597064971924
Assault,Stealing,12,2,a suspect approaching a valuable item and carrying it away,94.81378903757935,89.86232149824612,0.9881593585014343,0.9376860857009888,0.05047327280044556
Assault,Stealing,12,3,unattended belongings disappearing after suspicious human contact,92.08191468503638,74.17188820963999,0.970547616481781,0.9171889424324036,0.05335867404937744
Assault,Stealing,12,4,a person lifting property while the owner is distracted,94.09773760066071,88.67637931121287,0.9757723808288574,0.9416345357894897,0.034137845039367676
Assault,Stealing,12,5,a thief cutting a lock and taking a bicycle,95.18073299035528,88.58974945574411,0.9774478673934937,0.9264847040176392,0.05096316337585449
Assault,Stealing,12,6,a suspect removing a package or bag from public space,93.21852360479092,74.373411730762,0.9525618553161621,0.7740752696990967,0.17848658561706543
Assault,Stealing,12,7,a person pocketing an unattended item and changing direction,95.40311095918238,88.32519354453356,0.9833860397338867,0.9024712443351746,0.08091479539871216
Assault,Stealing,12,8,a thief quietly taking property during owner distraction,82.40722875734376,80.12532996851921,0.9814038872718811,0.9609600305557251,0.020443856716156006
Assault,Stealing,12,9,a thief carrying stolen property away from the scene,94.27739342657931,83.31507263416297,0.9853765368461609,0.9263375997543335,0.05903893709182739
Assault,Vandalism,13,0,a person smashing a window or door with force,84.82921919687162,81.93313525116743,0.9714849591255188,0.9379861354827881,0.03349882364273071
Assault,Vandalism,13,1,someone kicking a fixture until visible pieces break,89.80121031841271,87.78749059136825,0.973911464214325,0.9276010394096375,0.0463104248046875
Assault,Vandalism,13,2,a suspect spraying graffiti onto a wall with a can,86.81614765805502,84.6650608099707,0.8368481397628784,0.7146725654602051,0.12217557430267334
Assault,Vandalism,13,3,a person breaking glass with repeated tool impacts,80.54928930575113,74.47814382356923,0.9881537556648254,0.9676711559295654,0.02048259973526001
Assault,Vandalism,13,4,a vandal throwing an object at a storefront or car,91.3426643852369,72.92705679956055,0.9045462608337402,0.749247670173645,0.15529859066009521
Assault,Vandalism,13,5,someone striking public property until visible damage appears,85.61336783452673,73.8156148019956,0.9709773063659668,0.9464161396026611,0.024561166763305664
Assault,Vandalism,13,6,a person scratching and denting a parked vehicle,92.41794417466453,72.56061682085804,0.8798696398735046,0.6258063316345215,0.25406330823898315
Assault,Vandalism,13,7,a person painting graffiti directly onto public property,86.54452937389414,79.56989337458918,0.886078417301178,0.7972375154495239,0.08884090185165405
Assault,Vandalism,13,8,a suspect repeatedly hitting a fixture until it breaks,77.21546277097922,73.38749174043674,0.9703312516212463,0.90867018699646,0.06166106462478638
Assault,Vandalism,13,9,a person deliberately damaging property without taking anything,95.10254615850052,91.79195556556297,0.9891911745071411,0.9704511165618896,0.018740057945251465
Burglary,Normal,0,0,pedestrians walking calmly along a quiet street,45.85198925181576,19.113942550854954,0.6373724341392517,0.6672143936157227,-0.029841959476470947
Burglary,Normal,0,1,people chatting casually in an ordinary public area,48.914676449722535,20.948440666638003,0.6750704646110535,0.6897201538085938,-0.014649689197540283
Burglary,Normal,0,2,vehicles moving normally through regular traffic flow,41.010500982693706,18.015345943535365,0.6458421349525452,0.7078617811203003,-0.06201964616775513
Burglary,Normal,0,3,shoppers browsing shelves and paying at checkout,37.43021755151565,16.851284570800008,0.6769800186157227,0.7551077008247375,-0.07812768220901489
Burglary,Normal,0,4,workers performing routine tasks in a calm store,46.94407436275469,23.220007260728202,0.6575383543968201,0.6808343529701233,-0.023295998573303223
Burglary,Normal,0,5,pedestrians crossing a walkway with regular spacing,43.81804756590121,18.830018217754247,0.552767276763916,0.5938695669174194,-0.04110229015350342
Burglary,Normal,0,6,people entering and exiting buildings at a steady pace,61.334698153529274,25.279206484597605,0.6282417178153992,0.5999125242233276,0.028329193592071533
Burglary,Normal,0,7,a public area with ordinary walking and waiting,52.89230739930461,20.995011067892776,0.5523038506507874,0.544621467590332,0.007682383060455322
Burglary,Normal,0,8,people standing calmly near counters and doorways,63.67276511979752,32.091051122800316,0.6059356927871704,0.5739198327064514,0.032015860080718994
Burglary,Normal,0,9,an orderly scene with predictable everyday activity,35.886414068122875,16.004551944769908,0.7042562961578369,0.7873865365982056,-0.08313024044036865
Burglary,Abuse,1,0,a surveillance frame of an aggressor striking a vulnerable victim,74.73103650797512,48.54429046765095,0.8281340003013611,0.6611664295196533,0.16696757078170776
Burglary,Abuse,1,1,a person forcefully pushing a helpless victim against furniture,74.7030102096426,47.086011633403544,0.877621054649353,0.8030590415000916,0.07456201314926147
Burglary,Abuse,1,2,a dominant person grabbing and controlling a weaker victim,75.21618054437614,44.76330017920454,0.8745831847190857,0.7742471098899841,0.10033607482910156
Burglary,Abuse,1,3,a victim shielding their body from repeated physical mistreatment,76.30529089805452,50.20305674373154,0.8289652466773987,0.6969374418258667,0.13202780485153198
Burglary,Abuse,1,4,an attacker cornering someone and delivering forceful blows,76.38290142552034,49.36224429467941,0.8443419337272644,0.6853492259979248,0.1589927077293396
Burglary,Abuse,1,5,a person dragging a resisting victim across the floor,74.32781524406103,40.75480091258964,0.8942506909370422,0.8653949499130249,0.028855741024017334
Burglary,Abuse,1,6,a vulnerable person recoiling from sustained aggressive contact,74.86086341413261,44.51472298961174,0.8859238624572754,0.8244794011116028,0.06144446134567261
Burglary,Abuse,1,7,a stronger aggressor overpowering a weaker person indoors,73.12617143742487,47.548461928835515,0.8765909075737,0.7847436666488647,0.0918472409248352
Burglary,Abuse,1,8,a victim collapsing after repeated blows from another person,75.54866155354527,47.53442838357025,0.832726001739502,0.6738128066062927,0.15891319513320923
Burglary,Abuse,1,9,a hostile person hurting a defenseless target at close range,74.70994307415518,47.74699741852452,0.7911405563354492,0.6053974628448486,0.18574309349060059
Burglary,Arrest,2,0,uniformed police placing handcuffs on a detained suspect,75.48765926387472,49.13703851437672,0.7292369604110718,0.5783267617225647,0.15091019868850708
Burglary,Arrest,2,1,officers escorting a handcuffed person toward a patrol car,75.12676652270812,42.97777332565981,0.7795727252960205,0.624800980091095,0.15477174520492554
Burglary,Arrest,2,2,law enforcement surrounding a suspect beside a police vehicle,66.8653945245308,29.783212217411997,0.6472184658050537,0.5199512839317322,0.12726718187332153
Burglary,Arrest,2,3,a detained suspect kneeling while officers secure handcuffs,76.01618105911128,49.25972559575462,0.8333361744880676,0.7109614610671997,0.12237471342086792
Burglary,Arrest,2,4,police guiding a restrained person during formal detention,69.2909335197704,32.595362752815724,0.8018496632575989,0.7247573137283325,0.07709234952926636
Burglary,Arrest,2,5,uniformed officers searching a suspect beside a patrol car,72.17891055537733,35.182765636820406,0.6764488220214844,0.52403724193573,0.1524115800857544
Burglary,Arrest,2,6,a handcuffed suspect standing between multiple police officers,76.27531272411085,51.786360601333506,0.8294010162353516,0.6566283106803894,0.17277270555496216
Burglary,Arrest,2,7,officers controlling a detainee during a roadside arrest,67.82429583269153,31.374724246263746,0.5565827488899231,0.4128631353378296,0.1437196135520935
Burglary,Arrest,2,8,a patrol team moving a suspect into police custody,75.78418787729281,47.904097309943594,0.7567590475082397,0.5757191181182861,0.1810399293899536
Burglary,Arrest,2,9,law enforcement securing wrists of a compliant detained person,75.10308211814021,46.357856463873134,0.8697097897529602,0.7980967164039612,0.07161307334899902
Burglary,Arson,3,0,a person deliberately igniting material near a property entrance,65.71727822990825,32.178570451982566,0.8919196724891663,0.8906209468841553,0.0012987256050109863
Burglary,Arson,3,1,a suspicious individual using a lighter on a flammable surface,69.80836009634298,36.63056527979087,0.9023613333702087,0.8817919492721558,0.02056938409805298
Burglary,Arson,3,2,a small flame spreading gradually after human ignition,68.80026328701877,34.43855877659565,0.8795596957206726,0.8524975180625916,0.027062177658081055
Burglary,Arson,3,3,a person pouring accelerant before fire begins growing,66.8334677692808,33.696434586040404,0.8774128556251526,0.8516139388084412,0.025798916816711426
Burglary,Arson,3,4,deliberate fire starting near property without an explosive blast,61.49081773010301,26.398040686173534,0.680317759513855,0.6082019805908203,0.07211577892303467
Burglary,Arson,3,5,a person crouching near combustible material before flames appear,62.53723142246924,28.025797767555694,0.8296717405319214,0.7912735939025879,0.038398146629333496
Burglary,Arson,3,6,a slow fire growing after someone lights an object,68.9636163334207,35.587478795070474,0.8923630118370056,0.8701757192611694,0.02218729257583618
Burglary,Arson,3,7,a suspicious person leaving as a small fire spreads,69.3731692512161,36.67850527921766,0.9070293307304382,0.8977934718132019,0.009235858917236328
Burglary,Arson,3,8,visible accelerant or lighter use before property begins burning,60.39876473863617,29.175280929091308,0.8609871864318848,0.8494873642921448,0.01149982213973999
Burglary,Arson,3,9,human ignition causing flames to spread across property,61.25236853439596,28.357320665955044,0.88631272315979,0.888817548751831,-0.0025048255920410156
Burglary,Assault,4,0,an attacker lunging toward a victim with a forceful strike,75.37664119113825,51.72272693514213,0.8894732594490051,0.8052720427513123,0.08420121669769287
Burglary,Assault,4,1,"a close range attack with punches, kicks, and defense",74.2319789751289,46.17749153199438,0.8037601709365845,0.6169583201408386,0.18680185079574585
Burglary,Assault,4,2,a victim shielding their face during a rapid attack,74.60138419997358,48.27325230872254,0.7979793548583984,0.6095890998840332,0.18839025497436523
Burglary,Assault,4,3,an aggressor swinging arms repeatedly at another person,73.97255411699956,48.23055941835497,0.8115743398666382,0.6401720643043518,0.17140227556228638
Burglary,Assault,4,4,a person punching a victim during a one-sided confrontation,72.34966425757757,48.75179503422339,0.8396177887916565,0.7475480437278748,0.09206974506378174
Burglary,Assault,4,5,an attacker kicking a fallen victim on the ground,74.95548573173524,43.42686511276939,0.8544372320175171,0.7326878309249878,0.1217494010925293
Burglary,Assault,4,6,a victim stumbling backward after a direct body hit,76.43166701990364,48.43832955409233,0.8436917066574097,0.6877331733703613,0.15595853328704834
Burglary,Assault,4,7,an aggressor pursuing a target while continuing to strike,73.43206411231932,46.25499005646019,0.8073996305465698,0.64175945520401,0.16564017534255981
Burglary,Assault,4,8,a person shoving an opponent hard enough to lose balance,76.10319353255899,49.976122511873086,0.850782573223114,0.6960428953170776,0.15473967790603638
Burglary,Assault,4,9,a victim recoiling from repeated close range hits,73.61041283430275,47.18441832749381,0.7979081273078918,0.6267301440238953,0.17117798328399658
Burglary,Burglary,5,0,a surveillance frame of an intruder forcing a doorway,65.6112856191884,38.336600236298636,0.892695426940918,0.8795850276947021,0.01311039924621582
Burglary,Burglary,5,1,a person prying a lock to enter a restricted room,60.205361043584304,27.771060192586383,0.9240655303001404,0.9312622547149658,-0.0071967244148254395
Burglary,Burglary,5,2,a masked intruder breaking a barrier into private property,66.28403866844714,37.5984603507822,0.9324732422828674,0.9438848495483398,-0.011411607265472412
Burglary,Burglary,5,3,a suspect searching drawers and shelves after unauthorized entry,56.35484743443786,25.522924721999875,0.8954440951347351,0.902874231338501,-0.007430136203765869
Burglary,Burglary,5,4,an intruder exiting through a damaged entry point,69.21620715618234,40.937429862358314,0.8984666466712952,0.8704705834388733,0.027996063232421875
Burglary,Burglary,5,5,a person climbing through a window into closed property,62.47969968293603,29.191530556810243,0.9119585752487183,0.9275593161582947,-0.015600740909576416
Burglary,Burglary,5,6,a suspicious person slipping inside after a doorway opens,63.69365760102288,33.00747171498211,0.9190916419029236,0.9300472140312195,-0.010955572128295898
Burglary,Burglary,5,7,a burglar moving quietly through a room collecting valuables,56.340812048714014,24.563035145351897,0.9666653275489807,0.968336284160614,-0.0016709566116333008
Burglary,Burglary,5,8,a person damaging a lock to access an interior space,66.17188406054468,36.9327005528236,0.898812472820282,0.8969636559486389,0.0018488168716430664
Burglary,Burglary,5,9,an intruder exiting a building with bags or electronics,55.0841080547426,26.178663664792456,0.9248677492141724,0.9452798962593079,-0.020412147045135498
Burglary,Explosion,6,0,an instant blast wave with fireball and flying fragments,65.5727323697749,30.12628858027127,0.7505480647087097,0.6708652973175049,0.07968276739120483
Burglary,Explosion,6,1,a sudden detonation producing shockwave and expanding smoke plume,66.47592698327767,32.853653262508466,0.8321006894111633,0.787434458732605,0.04466623067855835
Burglary,Explosion,6,2,a bright flash followed by rapid explosive pressure burst,72.89979175103497,36.26536599243912,0.7320947051048279,0.5521404147148132,0.17995429039001465
Burglary,Explosion,6,3,an object erupting violently with an outward debris cloud,68.13649380702861,32.84801033931962,0.835992157459259,0.7795469760894775,0.056445181369781494
Burglary,Explosion,6,4,a large fireball appearing immediately after explosive detonation,64.93695789222141,30.10110468812151,0.7804667353630066,0.695698618888855,0.08476811647415161
Burglary,Explosion,6,5,a shockwave pushing smoke and fragments away from impact,71.88703020607292,40.13029189367799,0.8157531023025513,0.6701084971427917,0.14564460515975952
Burglary,Explosion,6,6,a violent pressure burst scattering debris in every direction,72.91720709351335,38.88433076087428,0.8308609127998352,0.7062582969665527,0.12460261583328247
Burglary,Explosion,6,7,a sudden explosive plume rising from a detonation point,66.56421599984661,31.9460792664332,0.7672257423400879,0.6677098274230957,0.09951591491699219
Burglary,Explosion,6,8,"a rapid blast creating flash, shockwave, and airborne debris",72.79390949952689,37.332958142226836,0.734232485294342,0.5759411454200745,0.15829133987426758
Burglary,Explosion,6,9,a concentrated detonation expanding outward within seconds,67.67798093086502,34.33621857711229,0.8113270998001099,0.745462954044342,0.06586414575576782
Burglary,Fighting,7,0,two groups mutually exchanging punches in a crowded brawl,72.46615252348253,46.39045469168351,0.745540201663971,0.5463283061981201,0.19921189546585083
Burglary,Fighting,7,1,several participants striking each other during mutual combat,71.9750392067314,45.59739546280206,0.7918567061424255,0.6197382211685181,0.17211848497390747
Burglary,Fighting,7,2,opponents separating and reengaging repeatedly in a group fight,73.85376148486672,46.32785372753276,0.7625285983085632,0.5582733154296875,0.20425528287887573
Burglary,Fighting,7,3,multiple people wrestling and swinging arms at each other,75.7600274456771,46.637097396833674,0.8718817234039307,0.7820584177970886,0.08982330560684204
Burglary,Fighting,7,4,a crowd circling two sides fighting each other,69.76663113707437,43.41059518096885,0.7952103018760681,0.6848090887069702,0.1104012131690979
Burglary,Fighting,7,5,"several combatants pushing, grappling, and striking simultaneously",72.66880003788451,44.099133613561506,0.7606046795845032,0.5541102290153503,0.20649445056915283
Burglary,Fighting,7,6,two sides clashing back and forth in public space,75.87889255251618,47.532909318263634,0.8296661972999573,0.6935635209083557,0.13610267639160156
Burglary,Fighting,7,7,multiple participants falling and rejoining a chaotic brawl,74.00958045612481,44.302148221674074,0.7562198042869568,0.5337496995925903,0.22247010469436646
Burglary,Fighting,7,8,people on both sides trading blows in close quarters,72.63001124567575,44.91868492947766,0.7496890425682068,0.5648654103279114,0.1848236322402954
Burglary,Fighting,7,9,a mutual street fight with several active combatants,73.82678936407949,41.515740142112854,0.8196057677268982,0.6410055756568909,0.17860019207000732
Burglary,RoadAccidents,8,0,"a vehicle collision causing impact, debris, and disruption",63.30832441233012,31.56913268560373,0.8011434078216553,0.7561184763908386,0.04502493143081665
Burglary,RoadAccidents,8,1,a car striking a pedestrian or cyclist on the road,56.64551218526038,27.35568989129059,0.6768418550491333,0.6367157101631165,0.040126144886016846
Burglary,RoadAccidents,8,2,a motorbike sliding across a lane after a crash,52.28085477430344,26.48067639510266,0.7271150946617126,0.728567361831665,-0.0014522671699523926
Burglary,RoadAccidents,8,3,vehicles swerving and colliding during a sudden accident,62.62513665252561,28.2354954041949,0.5883219242095947,0.4725143611431122,0.11580756306648254
Burglary,RoadAccidents,8,4,a pedestrian knocked down by a vehicle near a crossing,58.81454178214427,26.806570951351393,0.668893039226532,0.6098850965499878,0.05900794267654419
Burglary,RoadAccidents,8,5,a damaged vehicle stopped and blocking the roadway,51.423292871291636,26.371941573577267,0.7632037997245789,0.7716445326805115,-0.008440732955932617
Burglary,RoadAccidents,8,6,a rider thrown onto pavement after a high speed impact,61.64518967796497,28.607744268579292,0.7619021534919739,0.6909651756286621,0.07093697786331177
Burglary,RoadAccidents,8,7,a traffic accident with a vehicle spinning to a halt,62.081591180116504,28.84752096891885,0.6472436189651489,0.5457248687744141,0.10151875019073486
Burglary,RoadAccidents,8,8,a car hitting an obstacle with sudden debris,61.19823816459865,33.02869567311214,0.8348877429962158,0.818286120891571,0.016601622104644775
Burglary,RoadAccidents,8,9,a motorbike rider falling during an intersection collision,50.75416026303995,24.242289637906854,0.7035225629806519,0.7073068618774414,-0.0037842988967895508
Burglary,Robbery,9,0,a threatening person forcing a victim to surrender valuables,61.32339539366107,32.123224195836386,0.9348149299621582,0.9188873171806335,0.015927612781524658
Burglary,Robbery,9,1,an aggressor confronting someone and taking a purse or wallet,64.26858956269005,44.83104294332434,0.9316402673721313,0.9197960495948792,0.011844217777252197
Burglary,Robbery,9,2,a victim handing over belongings under close range intimidation,73.51939942764028,54.170852450206596,0.8388850092887878,0.7406322956085205,0.09825271368026733
Burglary,Robbery,9,3,a robber snatching property and escaping quickly,60.435275519055686,35.976354171243905,0.9433245658874512,0.9496884942054749,-0.006363928318023682
Burglary,Robbery,9,4,a person threatening a clerk and demanding money,54.64470955877292,27.471322422250545,0.8837336301803589,0.8652156591415405,0.01851797103881836
Burglary,Robbery,9,5,an attacker cornering a victim and seizing personal items,73.45442420634598,49.34818994004959,0.9022767543792725,0.8736785650253296,0.02859818935394287
Burglary,Robbery,9,6,a coerced handover of valuables during visible intimidation,69.01355470032313,48.59109807827439,0.8448558449745178,0.7992944717407227,0.045561373233795166
Burglary,Robbery,9,7,a suspect taking valuables while the victim backs away,70.0017143768224,49.343579519454565,0.8844738006591797,0.8547064065933228,0.029767394065856934
Burglary,Robbery,9,8,a person brandishing a weapon to demand property,68.18183991299946,47.084037300558116,0.8858100175857544,0.8694635629653931,0.016346454620361328
Burglary,Robbery,9,9,a robber approaching a victim and leaving with belongings,66.20511371335455,43.56524912149346,0.9209273457527161,0.9296988248825073,-0.00877147912979126
Burglary,Shooting,10,0,an armed person aiming a firearm and firing shots,72.7327079044142,47.53007869104864,0.7959681749343872,0.6419593691825867,0.15400880575180054
Burglary,Shooting,10,1,a gunman pointing a weapon as people scatter,71.53182014073631,47.392801806471155,0.8378483653068542,0.7280450463294983,0.10980331897735596
Burglary,Shooting,10,2,a muzzle flash appearing as a shooter targets someone,71.47520751225038,44.5638831160713,0.8089733123779297,0.6385031342506409,0.17047017812728882
Burglary,Shooting,10,3,a person firing a handgun and causing panic,72.16744802172491,46.398354930105754,0.8662216663360596,0.7774564623832703,0.0887652039527893
Burglary,Shooting,10,4,an armed attacker discharging a weapon in public,75.32936626969007,55.860518411642744,0.7854258418083191,0.6568897366523743,0.12853610515594482
Burglary,Shooting,10,5,a victim falling after a nearby firearm is fired,76.07359255651822,48.53499975353549,0.8302493095397949,0.6817858815193176,0.1484634280204773
Burglary,Shooting,10,6,a shooter raising a gun while a crowd runs,74.72855754359131,49.90873949435639,0.7798569202423096,0.59297114610672,0.1868857741355896
Burglary,Shooting,10,7,a gunfire scene with fear and rapid dispersal,75.00236698375637,48.24208621796746,0.8249576687812805,0.671977162361145,0.1529805064201355
Burglary,Shooting,10,8,a person aiming a rifle or handgun at a target,71.49101523397222,47.108345728722114,0.7843499183654785,0.6478977799415588,0.13645213842391968
Burglary,Shooting,10,9,an armed shooter firing as people flee the scene,74.54209989027133,50.07517618433157,0.7972254157066345,0.6531617641448975,0.14406365156173706
Burglary,Shoplifting,11,0,a shopper concealing merchandise inside clothing or a bag,58.99205210354875,36.85683991919534,0.8196672797203064,0.8051672577857971,0.014500021934509277
Burglary,Shoplifting,11,1,a person removing a store item without checkout,55.772715769566986,31.71260304779092,0.8463123440742493,0.8379013538360596,0.008410990238189697
Burglary,Shoplifting,11,2,a customer hiding a product and exiting an aisle,59.253045050776684,31.19315746010498,0.8310694098472595,0.8178820013999939,0.013187408447265625
Burglary,Shoplifting,11,3,a shopper slipping goods into a bag while browsing,58.01082858586689,31.998168053995112,0.8405765891075134,0.8352761268615723,0.005300462245941162
Burglary,Shoplifting,11,4,a person scanning surroundings before pocketing merchandise,62.980834274976914,33.645011306073094,0.8776524662971497,0.87249755859375,0.005154907703399658
Burglary,Shoplifting,11,5,someone carrying an unpaid item past the cashier,58.872149290688554,34.78923792261563,0.793674647808075,0.7703461647033691,0.02332848310470581
Burglary,Shoplifting,11,6,concealed goods disappearing beneath a jacket in a store,64.74114606033956,38.43527050060055,0.7968162298202515,0.7836986184120178,0.013117611408233643
Burglary,Shoplifting,11,7,a customer hiding one item while handling shelf products,66.66912313712533,38.217661161121335,0.7823843359947205,0.7392060160636902,0.04317831993103027
Burglary,Shoplifting,11,8,a shopper leaving a store with concealed unpaid merchandise,56.694483673695494,25.407452461245434,0.8428726196289062,0.839461624622345,0.0034109950065612793
Burglary,Shoplifting,11,9,a retail theft scene with discreet concealment and exit,70.8120326542819,43.06365660759571,0.8699631094932556,0.8581732511520386,0.011789858341217041
Burglary,Stealing,12,0,a person taking unattended property and leaving quickly,70.4542118523683,46.27285467341018,0.9087968468666077,0.9083204865455627,0.0004763603210449219
Burglary,Stealing,12,1,"a thief grabbing a bicycle, bag, phone, or object",54.643306184915765,32.072667454709844,0.9257137775421143,0.9469859600067139,-0.02127218246459961
Burglary,Stealing,12,2,a suspect approaching a valuable item and carrying it away,70.03492920526054,54.87563450065732,0.9006381630897522,0.8904136419296265,0.010224521160125732
Burglary,Stealing,12,3,unattended belongings disappearing after suspicious human contact,60.55368930613319,39.38740114945966,0.9050748348236084,0.91606605052948,-0.010991215705871582
Burglary,Stealing,12,4,a person lifting property while the owner is distracted,61.814703074397116,38.947589289076525,0.9117592573165894,0.9289498329162598,-0.01719057559967041
Burglary,Stealing,12,5,a thief cutting a lock and taking a bicycle,66.78553563401921,44.69197381552033,0.9138088226318359,0.9259217381477356,-0.012112915515899658
Burglary,Stealing,12,6,a suspect removing a package or bag from public space,63.201682823558954,42.12474678635616,0.8584469556808472,0.8490382432937622,0.009408712387084961
Burglary,Stealing,12,7,a person pocketing an unattended item and changing direction,66.86001163044024,50.18014315598756,0.8957387208938599,0.8886169195175171,0.0071218013763427734
Burglary,Stealing,12,8,a thief quietly taking property during owner distraction,69.1515761897427,44.67996040129098,0.9172434210777283,0.9230751395225525,-0.005831718444824219
Burglary,Stealing,12,9,a thief carrying stolen property away from the scene,63.907648230527215,46.459361258591784,0.9062514305114746,0.9129163026809692,-0.006664872169494629
Burglary,Vandalism,13,0,a person smashing a window or door with force,66.87024868269629,37.494634498672255,0.9030826687812805,0.9021464586257935,0.0009362101554870605
Burglary,Vandalism,13,1,someone kicking a fixture until visible pieces break,68.18045465781888,46.59730680049845,0.8637402653694153,0.8256661295890808,0.03807413578033447
Burglary,Vandalism,13,2,a suspect spraying graffiti onto a wall with a can,67.98497060926752,37.19994882033086,0.7935042381286621,0.742679238319397,0.05082499980926514
Burglary,Vandalism,13,3,a person breaking glass with repeated tool impacts,67.48243264336948,47.74386445921729,0.9009434580802917,0.8861793279647827,0.014764130115509033
Burglary,Vandalism,13,4,a vandal throwing an object at a storefront or car,65.8433496285607,44.52410412307828,0.8656729459762573,0.8444960117340088,0.021176934242248535
Burglary,Vandalism,13,5,someone striking public property until visible damage appears,72.85869529829353,46.39593748353526,0.9118480682373047,0.9181839823722839,-0.006335914134979248
Burglary,Vandalism,13,6,a person scratching and denting a parked vehicle,64.80663354603476,38.764135010937885,0.7743813395500183,0.7221032977104187,0.05227804183959961
Burglary,Vandalism,13,7,a person painting graffiti directly onto public property,70.59093538568524,36.4552744311825,0.8056970238685608,0.7741332650184631,0.031563758850097656
Burglary,Vandalism,13,8,a suspect repeatedly hitting a fixture until it breaks,72.72819800110334,48.52018696307667,0.876168429851532,0.801225483417511,0.074942946434021
Burglary,Vandalism,13,9,a person deliberately damaging property without taking anything,69.52443714035297,50.08204964248073,0.9233534336090088,0.9314172863960266,-0.008063852787017822
Explosion,Normal,0,0,pedestrians walking calmly along a quiet street,61.303523237403546,37.889749576911846,0.8698337078094482,0.8212563991546631,0.048577308654785156
Explosion,Normal,0,1,people chatting casually in an ordinary public area,59.126969635414895,34.97829032907368,0.8226363062858582,0.7802423238754272,0.04239398241043091
Explosion,Normal,0,2,vehicles moving normally through regular traffic flow,63.236216005090164,32.475079720167514,0.9014133810997009,0.8526568412780762,0.048756539821624756
Explosion,Normal,0,3,shoppers browsing shelves and paying at checkout,59.77964571616484,16.476222696926285,0.8149464130401611,0.7820941209793091,0.03285229206085205
Explosion,Normal,0,4,workers performing routine tasks in a calm store,56.72166165501492,17.388729593600164,0.7489196062088013,0.708302915096283,0.04061669111251831
Explosion,Normal,0,5,pedestrians crossing a walkway with regular spacing,60.43020836330475,36.097281709859864,0.8302217721939087,0.7835257649421692,0.0466960072517395
Explosion,Normal,0,6,people entering and exiting buildings at a steady pace,59.98490606390621,31.390922836121753,0.803259551525116,0.7348092794418335,0.06845027208328247
Explosion,Normal,0,7,a public area with ordinary walking and waiting,62.2673518785984,36.48525628579773,0.8232914805412292,0.7612820863723755,0.06200939416885376
Explosion,Normal,0,8,people standing calmly near counters and doorways,59.13123693353878,27.362414193926078,0.7603466510772705,0.7017233371734619,0.058623313903808594
Explosion,Normal,0,9,an orderly scene with predictable everyday activity,63.117466764964306,19.64829446499696,0.8734614253044128,0.8328415155410767,0.04061990976333618
Explosion,Abuse,1,0,a surveillance frame of an aggressor striking a vulnerable victim,44.57300204572333,9.60471013902771,0.784879744052887,0.7519730925559998,0.03290665149688721
Explosion,Abuse,1,1,a person forcefully pushing a helpless victim against furniture,39.99197113463186,8.906216613877554,0.7741906642913818,0.7718988060951233,0.002291858196258545
Explosion,Abuse,1,2,a dominant person grabbing and controlling a weaker victim,43.31482907347243,9.402672297566458,0.8258136510848999,0.7869969010353088,0.038816750049591064
Explosion,Abuse,1,3,a victim shielding their body from repeated physical mistreatment,44.77921068193668,9.699832679921757,0.8030622601509094,0.7891396880149841,0.013922572135925293
Explosion,Abuse,1,4,an attacker cornering someone and delivering forceful blows,45.547908754571374,9.740244712944529,0.8146104216575623,0.7540553212165833,0.060555100440979004
Explosion,Abuse,1,5,a person dragging a resisting victim across the floor,39.83782647595915,8.93868645012196,0.8362957835197449,0.8230151534080505,0.013280630111694336
Explosion,Abuse,1,6,a vulnerable person recoiling from sustained aggressive contact,41.02074283400995,9.056902630351459,0.823452889919281,0.8039138913154602,0.0195389986038208
Explosion,Abuse,1,7,a stronger aggressor overpowering a weaker person indoors,43.40500101565418,9.401840423719356,0.7911339402198792,0.7560969591140747,0.03503698110580444
Explosion,Abuse,1,8,a victim collapsing after repeated blows from another person,45.53913892397399,9.755699441610611,0.8020841479301453,0.7504708170890808,0.05161333084106445
Explosion,Abuse,1,9,a hostile person hurting a defenseless target at close range,46.81954154226553,9.976957455904008,0.7759591937065125,0.721979558467865,0.05397963523864746
Explosion,Arrest,2,0,uniformed police placing handcuffs on a detained suspect,46.761460711125615,10.091933152127112,0.7920860052108765,0.7728084921836853,0.019277513027191162
Explosion,Arrest,2,1,officers escorting a handcuffed person toward a patrol car,47.57333163799202,10.265162770254372,0.8357015252113342,0.8093357682228088,0.02636575698852539
Explosion,Arrest,2,2,law enforcement surrounding a suspect beside a police vehicle,52.17762502094051,11.80614344348344,0.8332331776618958,0.7923352718353271,0.040897905826568604
Explosion,Arrest,2,3,a detained suspect kneeling while officers secure handcuffs,44.83529569664142,9.724224983710947,0.8169427514076233,0.8062177300453186,0.010725021362304688
Explosion,Arrest,2,4,police guiding a restrained person during formal detention,48.711391745996515,10.465589509638859,0.8537278771400452,0.815556526184082,0.038171350955963135
Explosion,Arrest,2,5,uniformed officers searching a suspect beside a patrol car,48.72072393371101,10.601416242651128,0.8054773211479187,0.7801070809364319,0.025370240211486816
Explosion,Arrest,2,6,a handcuffed suspect standing between multiple police officers,44.07551815160934,9.539888269164132,0.8000239133834839,0.7768483757972717,0.023175537586212158
Explosion,Arrest,2,7,officers controlling a detainee during a roadside arrest,53.98063015124317,12.324377677176921,0.7933052182197571,0.7420196533203125,0.05128556489944458
Explosion,Arrest,2,8,a patrol team moving a suspect into police custody,50.63425245297568,11.018715151504491,0.8108739852905273,0.771410346031189,0.03946363925933838
Explosion,Arrest,2,9,law enforcement securing wrists of a compliant detained person,44.153369694728866,9.544802158395301,0.8298117518424988,0.7993595600128174,0.030452191829681396
Explosion,Arson,3,0,a person deliberately igniting material near a property entrance,53.563761803856934,12.336888987008468,0.9032682180404663,0.8636115789413452,0.039656639099121094
Explosion,Arson,3,1,a suspicious individual using a lighter on a flammable surface,44.12294911512315,9.572658400787423,0.883916437625885,0.8521682620048523,0.031748175621032715
Explosion,Arson,3,2,a small flame spreading gradually after human ignition,53.22479645710422,11.763599123502676,0.9184869527816772,0.8507495522499084,0.0677374005317688
Explosion,Arson,3,3,a person pouring accelerant before fire begins growing,52.236327017784944,12.667579971389548,0.8946803212165833,0.8479045629501343,0.046775758266448975
Explosion,Arson,3,4,deliberate fire starting near property without an explosive blast,63.81431912146862,20.532874848502825,0.8905368447303772,0.7847760319709778,0.10576081275939941
Explosion,Arson,3,5,a person crouching near combustible material before flames appear,57.05390444511944,13.67469132501961,0.9263978600502014,0.8710116147994995,0.055386245250701904
Explosion,Arson,3,6,a slow fire growing after someone lights an object,53.33872706859923,13.605249383816664,0.9157638549804688,0.8652452826499939,0.050518572330474854
Explosion,Arson,3,7,a suspicious person leaving as a small fire spreads,48.117226534181945,10.543590481552226,0.9100476503372192,0.867692232131958,0.04235541820526123
Explosion,Arson,3,8,visible accelerant or lighter use before property begins burning,57.827281475989864,12.867318992766247,0.9124745726585388,0.8434592485427856,0.06901532411575317
Explosion,Arson,3,9,human ignition causing flames to spread across property,59.41076150056773,13.995534241805546,0.9382715821266174,0.8784441351890564,0.059827446937561035
Explosion,Assault,4,0,an attacker lunging toward a victim with a forceful strike,41.68540667774956,9.16480516344,0.8342946767807007,0.8052973747253418,0.028997302055358887
Explosion,Assault,4,1,"a close range attack with punches, kicks, and defense",47.91651650089134,10.172323087120574,0.8309255242347717,0.7635012269020081,0.06742429733276367
Explosion,Assault,4,2,a victim shielding their face during a rapid attack,47.77127766767439,10.193722272461674,0.7958099842071533,0.7453340291976929,0.05047595500946045
Explosion,Assault,4,3,an aggressor swinging arms repeatedly at another person,46.61936078626163,9.95518163867885,0.770100474357605,0.7212038040161133,0.0488966703414917
Explosion,Assault,4,4,a person punching a victim during a one-sided confrontation,39.55570698001076,8.87985597691787,0.7575235366821289,0.7935089468955994,-0.03598541021347046
Explosion,Assault,4,5,an attacker kicking a fallen victim on the ground,46.73919063418113,10.004254761048173,0.867072343826294,0.820180356502533,0.046891987323760986
Explosion,Assault,4,6,a victim stumbling backward after a direct body hit,45.594275650206754,9.770627693496339,0.8182229399681091,0.7695390582084656,0.048683881759643555
Explosion,Assault,4,7,an aggressor pursuing a target while continuing to strike,45.978082544858914,9.818176183246146,0.786489725112915,0.7296517491340637,0.05683797597885132
Explosion,Assault,4,8,a person shoving an opponent hard enough to lose balance,43.57073096604648,9.431542278046491,0.8143698573112488,0.772141695022583,0.04222816228866577
Explosion,Assault,4,9,a victim recoiling from repeated close range hits,47.62356152271283,10.15022222580548,0.7857980132102966,0.730059027671814,0.055738985538482666
Explosion,Burglary,5,0,a surveillance frame of an intruder forcing a doorway,40.13268538215503,8.940269678437843,0.771200954914093,0.7792214751243591,-0.008020520210266113
Explosion,Burglary,5,1,a person prying a lock to enter a restricted room,37.570035026141966,9.155353345293163,0.819242000579834,0.8320974111557007,-0.0128554105758667
Explosion,Burglary,5,2,a masked intruder breaking a barrier into private property,35.53448971461353,8.540535941832132,0.8604731559753418,0.8545474410057068,0.00592571496963501
Explosion,Burglary,5,3,a suspect searching drawers and shelves after unauthorized entry,38.26876190636995,8.78451854555858,0.7493583559989929,0.7798004150390625,-0.03044205904006958
Explosion,Burglary,5,4,an intruder exiting through a damaged entry point,42.527981200548595,9.271618649143065,0.8377571105957031,0.8132220506668091,0.024535059928894043
Explosion,Burglary,5,5,a person climbing through a window into closed property,36.96457489000812,8.817728820573755,0.8392845392227173,0.8367491960525513,0.0025353431701660156
Explosion,Burglary,5,6,a suspicious person slipping inside after a doorway opens,37.192807342206194,8.851319692518974,0.8514204025268555,0.8458759188652039,0.005544483661651611
Explosion,Burglary,5,7,a burglar moving quietly through a room collecting valuables,36.079792341364545,8.568693944483863,0.7582687139511108,0.8145586252212524,-0.0562899112701416
Explosion,Burglary,5,8,a person damaging a lock to access an interior space,38.304311697458765,8.910499442844392,0.8248879909515381,0.8234536051750183,0.0014343857765197754
Explosion,Burglary,5,9,an intruder exiting a building with bags or electronics,36.21476907607861,8.465055076888802,0.8422675132751465,0.8413241505622864,0.0009433627128601074
Explosion,Explosion,6,0,an instant blast wave with fireball and flying fragments,62.82027756849233,18.067961259833538,0.9150725603103638,0.830496072769165,0.08457648754119873
Explosion,Explosion,6,1,a sudden detonation producing shockwave and expanding smoke plume,62.93763745574065,19.089123656608546,0.9292247295379639,0.8588929176330566,0.07033181190490723
Explosion,Explosion,6,2,a bright flash followed by rapid explosive pressure burst,55.75139347349878,12.21525480832491,0.8664814829826355,0.7694737315177917,0.09700775146484375
Explosion,Explosion,6,3,an object erupting violently with an outward debris cloud,58.540129768269466,15.405185454148587,0.9187296628952026,0.8570389747619629,0.061690688133239746
Explosion,Explosion,6,4,a large fireball appearing immediately after explosive detonation,64.02386146948074,21.778889894558535,0.9235808849334717,0.8552520871162415,0.06832879781723022
Explosion,Explosion,6,5,a shockwave pushing smoke and fragments away from impact,51.027332726754906,10.902722209755808,0.8655062913894653,0.7763020396232605,0.08920425176620483
Explosion,Explosion,6,6,a violent pressure burst scattering debris in every direction,50.815537274737686,10.784902471084765,0.8808163404464722,0.8025712370872498,0.07824510335922241
Explosion,Explosion,6,7,a sudden explosive plume rising from a detonation point,63.27476870967354,20.04641562535076,0.9245656728744507,0.8475627899169922,0.0770028829574585
Explosion,Explosion,6,8,"a rapid blast creating flash, shockwave, and airborne debris",56.058230953842546,13.532148202721576,0.8781974911689758,0.7954537272453308,0.08274376392364502
Explosion,Explosion,6,9,a concentrated detonation expanding outward within seconds,60.664053360063676,17.124256362278825,0.911409318447113,0.8380951881408691,0.0733141303062439
Explosion,Fighting,7,0,two groups mutually exchanging punches in a crowded brawl,49.48998803899951,10.588157838949824,0.7753052711486816,0.7111031413078308,0.06420212984085083
Explosion,Fighting,7,1,several participants striking each other during mutual combat,50.90419857133037,10.822274321278492,0.8353086113929749,0.7533358335494995,0.08197277784347534
Explosion,Fighting,7,2,opponents separating and reengaging repeatedly in a group fight,49.74486813236734,10.540635361536076,0.806183934211731,0.718974769115448,0.08720916509628296
Explosion,Fighting,7,3,multiple people wrestling and swinging arms at each other,48.31522769691502,10.27223079138911,0.8838542103767395,0.827045738697052,0.0568084716796875
Explosion,Fighting,7,4,a crowd circling two sides fighting each other,51.85467031210992,11.182843832507311,0.8660122156143188,0.8013322949409485,0.06467992067337036
Explosion,Fighting,7,5,"several combatants pushing, grappling, and striking simultaneously",51.98505997700607,11.06242809506439,0.8527304530143738,0.7642331123352051,0.0884973406791687
Explosion,Fighting,7,6,two sides clashing back and forth in public space,46.74814424161416,9.965876665561895,0.8264200091362,0.7655051946640015,0.060914814472198486
Explosion,Fighting,7,7,multiple participants falling and rejoining a chaotic brawl,50.722377121208226,10.793732622301443,0.8299461603164673,0.7503189444541931,0.07962721586227417
Explosion,Fighting,7,8,people on both sides trading blows in close quarters,49.25862770505862,10.46259778309962,0.7864546775817871,0.7115911841392517,0.0748634934425354
Explosion,Fighting,7,9,a mutual street fight with several active combatants,50.20781668352532,10.66651755964189,0.8591137528419495,0.7841077446937561,0.07500600814819336
Explosion,RoadAccidents,8,0,"a vehicle collision causing impact, debris, and disruption",53.54534001385103,12.445301699127832,0.9066247940063477,0.8569980263710022,0.04962676763534546
Explosion,RoadAccidents,8,1,a car striking a pedestrian or cyclist on the road,49.668288324950524,11.57375669136947,0.8873167037963867,0.8450034856796265,0.042313218116760254
Explosion,RoadAccidents,8,2,a motorbike sliding across a lane after a crash,51.98921700902854,13.948791217698918,0.9230004549026489,0.8724085688591003,0.050591886043548584
Explosion,RoadAccidents,8,3,vehicles swerving and colliding during a sudden accident,55.32590231698369,15.41082325064383,0.8988071084022522,0.83370041847229,0.06510668992996216
Explosion,RoadAccidents,8,4,a pedestrian knocked down by a vehicle near a crossing,51.775870480518414,12.470303267162869,0.8958495259284973,0.8467416167259216,0.049107909202575684
Explosion,RoadAccidents,8,5,a damaged vehicle stopped and blocking the roadway,54.27189438253367,15.205576921714847,0.9242430329322815,0.8767910599708557,0.04745197296142578
Explosion,RoadAccidents,8,6,a rider thrown onto pavement after a high speed impact,51.19375000251257,12.206567740526637,0.9304981827735901,0.87131267786026,0.05918550491333008
Explosion,RoadAccidents,8,7,a traffic accident with a vehicle spinning to a halt,52.541098846495984,12.540224112471227,0.8993310928344727,0.8419251441955566,0.057405948638916016
Explosion,RoadAccidents,8,8,a car hitting an obstacle with sudden debris,51.59000226447519,13.471767176406773,0.9231350421905518,0.88011234998703,0.04302269220352173
Explosion,RoadAccidents,8,9,a motorbike rider falling during an intersection collision,55.01972643324826,15.523165238618928,0.9392227530479431,0.8824885487556458,0.05673420429229736
Explosion,Robbery,9,0,a threatening person forcing a victim to surrender valuables,32.75972781042592,8.122321688146005,0.7785845398902893,0.827523946762085,-0.048939406871795654
Explosion,Robbery,9,1,an aggressor confronting someone and taking a purse or wallet,34.11939337793482,8.331017271779501,0.815333902835846,0.8391465544700623,-0.02381265163421631
Explosion,Robbery,9,2,a victim handing over belongings under close range intimidation,39.68616280456775,8.901134800319321,0.7911673784255981,0.7975232601165771,-0.006355881690979004
Explosion,Robbery,9,3,a robber snatching property and escaping quickly,32.62850379869591,8.072372593564618,0.8659529089927673,0.8670892119407654,-0.0011363029479980469
Explosion,Robbery,9,4,a person threatening a clerk and demanding money,44.35188910813849,9.812167766985247,0.7406607270240784,0.762566328048706,-0.021905601024627686
Explosion,Robbery,9,5,an attacker cornering a victim and seizing personal items,38.37565386505945,8.748843460049766,0.8586037755012512,0.8481332659721375,0.01047050952911377
Explosion,Robbery,9,6,a coerced handover of valuables during visible intimidation,36.00051836553707,8.463760582294674,0.7575821876525879,0.7967193722724915,-0.039137184619903564
Explosion,Robbery,9,7,a suspect taking valuables while the victim backs away,33.1039969566556,8.155079823979095,0.7563557028770447,0.8096714019775391,-0.053315699100494385
Explosion,Robbery,9,8,a person brandishing a weapon to demand property,31.909697461404424,7.994067189791821,0.7930215001106262,0.8269451856613159,-0.0339236855506897
Explosion,Robbery,9,9,a robber approaching a victim and leaving with belongings,30.628004729726587,7.942003787664065,0.8344838619232178,0.855972409248352,-0.021488547325134277
Explosion,Shooting,10,0,an armed person aiming a firearm and firing shots,42.6976439752239,9.324174845920068,0.7468534708023071,0.7505667805671692,-0.0037133097648620605
Explosion,Shooting,10,1,a gunman pointing a weapon as people scatter,40.060086180998475,8.929101541662911,0.7539026737213135,0.7696495652198792,-0.015746891498565674
Explosion,Shooting,10,2,a muzzle flash appearing as a shooter targets someone,48.171396594259164,10.237807060089727,0.7928233742713928,0.7223329544067383,0.07049041986465454
Explosion,Shooting,10,3,a person firing a handgun and causing panic,43.72323633534517,9.507859756895073,0.8233572244644165,0.8088306784629822,0.014526546001434326
Explosion,Shooting,10,4,an armed attacker discharging a weapon in public,42.15353222236791,9.297351348695887,0.7440868616104126,0.7590938806533813,-0.01500701904296875
Explosion,Shooting,10,5,a victim falling after a nearby firearm is fired,44.45673011734208,9.608792942248208,0.8074774146080017,0.7835026979446411,0.023974716663360596
Explosion,Shooting,10,6,a shooter raising a gun while a crowd runs,45.96712944545397,9.86897020378823,0.7542843818664551,0.7278232574462891,0.026461124420166016
Explosion,Shooting,10,7,a gunfire scene with fear and rapid dispersal,47.60060779593972,10.203713258519109,0.8143914937973022,0.7746092677116394,0.03978222608566284
Explosion,Shooting,10,8,a person aiming a rifle or handgun at a target,42.40875414065004,9.266603598949075,0.7477346062660217,0.7525238990783691,-0.004789292812347412
Explosion,Shooting,10,9,an armed shooter firing as people flee the scene,47.11797674568323,10.163003775550331,0.7771977782249451,0.7540773153305054,0.023120462894439697
Explosion,Shoplifting,11,0,a shopper concealing merchandise inside clothing or a bag,41.07807385566041,9.124740747423887,0.6865154504776001,0.7294163703918457,-0.042900919914245605
Explosion,Shoplifting,11,1,a person removing a store item without checkout,35.603045825385706,8.380229369308923,0.6789969801902771,0.7400213479995728,-0.061024367809295654
Explosion,Shoplifting,11,2,a customer hiding a product and exiting an aisle,38.98591425214055,8.817730747651911,0.6523953080177307,0.7058887481689453,-0.0534934401512146
Explosion,Shoplifting,11,3,a shopper slipping goods into a bag while browsing,39.12326170803455,8.836069051408128,0.7078036069869995,0.7506335377693176,-0.042829930782318115
Explosion,Shoplifting,11,4,a person scanning surroundings before pocketing merchandise,40.46891245405651,8.998893287801272,0.7936456799507141,0.8040953874588013,-0.010449707508087158
Explosion,Shoplifting,11,5,someone carrying an unpaid item past the cashier,42.73716702149953,9.45584298694465,0.6971904635429382,0.7240003347396851,-0.026809871196746826
Explosion,Shoplifting,11,6,concealed goods disappearing beneath a jacket in a store,54.933296187440426,13.555186294660182,0.7911916375160217,0.7616994380950928,0.029492199420928955
Explosion,Shoplifting,11,7,a customer hiding one item while handling shelf products,37.47868691221204,8.621777396342015,0.6051116585731506,0.6751245856285095,-0.07001292705535889
Explosion,Shoplifting,11,8,a shopper leaving a store with concealed unpaid merchandise,42.231563866786374,9.281971016620103,0.7024013996124268,0.7338607311248779,-0.03145933151245117
Explosion,Shoplifting,11,9,a retail theft scene with discreet concealment and exit,41.72916210455029,9.216903540725676,0.8228829503059387,0.8106011152267456,0.012281835079193115
Explosion,Stealing,12,0,a person taking unattended property and leaving quickly,34.13908139033839,8.390709384949322,0.8562192916870117,0.8510284423828125,0.005190849304199219
Explosion,Stealing,12,1,"a thief grabbing a bicycle, bag, phone, or object",30.547841274014537,7.825732996833226,0.8854544162750244,0.8854024410247803,5.1975250244140625e-05
Explosion,Stealing,12,2,a suspect approaching a valuable item and carrying it away,32.8151769572793,8.309996427582329,0.841852605342865,0.8515010476112366,-0.009648442268371582
Explosion,Stealing,12,3,unattended belongings disappearing after suspicious human contact,35.20548874788994,8.306894768139626,0.8874533176422119,0.8733450770378113,0.014108240604400635
Explosion,Stealing,12,4,a person lifting property while the owner is distracted,28.511281514353286,7.705330740440982,0.8359028100967407,0.8517736196517944,-0.01587080955505371
Explosion,Stealing,12,5,a thief cutting a lock and taking a bicycle,33.078970227176306,8.110232832520456,0.8708013296127319,0.869745135307312,0.0010561943054199219
Explosion,Stealing,12,6,a suspect removing a package or bag from public space,32.32974147251074,8.217166872854346,0.7820998430252075,0.8201462030410767,-0.03804636001586914
Explosion,Stealing,12,7,a person pocketing an unattended item and changing direction,31.519620101119756,7.999175955232318,0.8406463861465454,0.854032576084137,-0.013386189937591553
Explosion,Stealing,12,8,a thief quietly taking property during owner distraction,33.80682941139208,9.558203123815757,0.8375057578086853,0.8350998163223267,0.0024059414863586426
Explosion,Stealing,12,9,a thief carrying stolen property away from the scene,31.030310600655636,8.068375544515337,0.8537282347679138,0.8651314973831177,-0.011403262615203857
Explosion,Vandalism,13,0,a person smashing a window or door with force,36.59224669651088,8.566855189331799,0.8338594436645508,0.840978741645813,-0.007119297981262207
Explosion,Vandalism,13,1,someone kicking a fixture until visible pieces break,47.50024359045264,10.171723537911017,0.8601422905921936,0.8191295266151428,0.04101276397705078
Explosion,Vandalism,13,2,a suspect spraying graffiti onto a wall with a can,44.7866683459275,9.696487121590527,0.7601077556610107,0.7487207651138306,0.011386990547180176
Explosion,Vandalism,13,3,a person breaking glass with repeated tool impacts,34.69890054933767,8.27733354363266,0.8103929758071899,0.8255656957626343,-0.015172719955444336
Explosion,Vandalism,13,4,a vandal throwing an object at a storefront or car,38.506462541140884,8.779543264765952,0.8185665607452393,0.8270407915115356,-0.008474230766296387
Explosion,Vandalism,13,5,someone striking public property until visible damage appears,44.115066926641965,9.56536181916891,0.9159663319587708,0.8807313442230225,0.03523498773574829
Explosion,Vandalism,13,6,a person scratching and denting a parked vehicle,42.451335233470964,9.584441777384328,0.8174999952316284,0.8156247735023499,0.0018752217292785645
Explosion,Vandalism,13,7,a person painting graffiti directly onto public property,47.133123632477805,10.133169122755373,0.8183870315551758,0.7939373850822449,0.024449646472930908
Explosion,Vandalism,13,8,a suspect repeatedly hitting a fixture until it breaks,41.999178058102544,9.21352879773164,0.762347400188446,0.7597284317016602,0.0026189684867858887
Explosion,Vandalism,13,9,a person deliberately damaging property without taking anything,32.83075020633257,8.164689190620278,0.884040355682373,0.8692599534988403,0.014780402183532715
Fighting,Normal,0,0,pedestrians walking calmly along a quiet street,45.345879962252006,31.67581774152769,0.8327621817588806,0.8462189435958862,-0.013456761837005615
Fighting,Normal,0,1,people chatting casually in an ordinary public area,49.5079287343946,33.87370150123776,0.872175931930542,0.8735593557357788,-0.0013834238052368164
Fighting,Normal,0,2,vehicles moving normally through regular traffic flow,41.64877093881183,30.350427497137666,0.7968093752861023,0.8243278861045837,-0.027518510818481445
Fighting,Normal,0,3,shoppers browsing shelves and paying at checkout,43.60436993360302,31.79186695096542,0.8120651841163635,0.8376001119613647,-0.02553492784500122
Fighting,Normal,0,4,workers performing routine tasks in a calm store,48.68074156547232,33.287538118893075,0.8793485164642334,0.8783413171768188,0.0010071992874145508
Fighting,Normal,0,5,pedestrians crossing a walkway with regular spacing,42.389563209200084,30.091290534928085,0.7622030377388,0.7812352776527405,-0.01903223991394043
Fighting,Normal,0,6,people entering and exiting buildings at a steady pace,51.1727667630584,37.789625662160056,0.7832688689231873,0.7848595976829529,-0.001590728759765625
Fighting,Normal,0,7,a public area with ordinary walking and waiting,48.27339841579258,33.09590325419683,0.7857646346092224,0.7984366416931152,-0.012672007083892822
Fighting,Normal,0,8,people standing calmly near counters and doorways,50.39049012552841,34.203045423940786,0.8400892019271851,0.8367912173271179,0.0032979846000671387
Fighting,Normal,0,9,an orderly scene with predictable everyday activity,43.11266906413282,31.53109268180481,0.8192912340164185,0.8488509058952332,-0.029559671878814697
Fighting,Abuse,1,0,a surveillance frame of an aggressor striking a vulnerable victim,61.20263110894635,53.1792663031025,0.8992793560028076,0.8988968133926392,0.00038254261016845703
Fighting,Abuse,1,1,a person forcefully pushing a helpless victim against furniture,61.51793081903036,50.799502769805116,0.9182446599006653,0.9258491396903992,-0.007604479789733887
Fighting,Abuse,1,2,a dominant person grabbing and controlling a weaker victim,61.182907514747264,52.15415245060604,0.9185177087783813,0.9283730983734131,-0.009855389595031738
Fighting,Abuse,1,3,a victim shielding their body from repeated physical mistreatment,61.61090024896407,55.047869999611855,0.9132161736488342,0.9076030850410461,0.005613088607788086
Fighting,Abuse,1,4,an attacker cornering someone and delivering forceful blows,60.491840925508825,51.53192436026208,0.9036752581596375,0.9108957052230835,-0.007220447063446045
Fighting,Abuse,1,5,a person dragging a resisting victim across the floor,65.71646361048955,54.93599431347255,0.9415282607078552,0.9494752883911133,-0.007947027683258057
Fighting,Abuse,1,6,a vulnerable person recoiling from sustained aggressive contact,64.99604312753699,52.09650874756666,0.9303706288337708,0.9380016922950745,-0.007631063461303711
Fighting,Abuse,1,7,a stronger aggressor overpowering a weaker person indoors,61.706832847979356,52.09921853209999,0.9173141121864319,0.9294067621231079,-0.012092649936676025
Fighting,Abuse,1,8,a victim collapsing after repeated blows from another person,59.56853595950366,51.45290852103022,0.8947021961212158,0.8923938274383545,0.002308368682861328
Fighting,Abuse,1,9,a hostile person hurting a defenseless target at close range,59.130449930602815,52.99925454479617,0.8963282108306885,0.8914704918861389,0.0048577189445495605
Fighting,Arrest,2,0,uniformed police placing handcuffs on a detained suspect,57.78387478110457,48.14945207650197,0.8527368903160095,0.8515772223472595,0.00115966796875
Fighting,Arrest,2,1,officers escorting a handcuffed person toward a patrol car,58.07982129312467,46.87481571753448,0.8977348804473877,0.8793419599533081,0.01839292049407959
Fighting,Arrest,2,2,law enforcement surrounding a suspect beside a police vehicle,60.608886104230166,56.35651346620442,0.8272870182991028,0.7910919785499573,0.03619503974914551
Fighting,Arrest,2,3,a detained suspect kneeling while officers secure handcuffs,62.11482419089569,51.71299701446828,0.9152712225914001,0.9143251776695251,0.000946044921875
Fighting,Arrest,2,4,police guiding a restrained person during formal detention,57.01604359284714,47.47839371478923,0.8971436023712158,0.8926892280578613,0.004454374313354492
Fighting,Arrest,2,5,uniformed officers searching a suspect beside a patrol car,61.13077425871869,56.833834447253025,0.8432764410972595,0.8160060048103333,0.02727043628692627
Fighting,Arrest,2,6,a handcuffed suspect standing between multiple police officers,61.047898123469004,51.35782266490092,0.9078205227851868,0.9096946120262146,-0.001874089241027832
Fighting,Arrest,2,7,officers controlling a detainee during a roadside arrest,56.99872757352682,48.92378286967657,0.8002638816833496,0.798876941204071,0.0013869404792785645
Fighting,Arrest,2,8,a patrol team moving a suspect into police custody,59.72086137010225,53.19186051287349,0.8918219804763794,0.8805209398269653,0.011301040649414062
Fighting,Arrest,2,9,law enforcement securing wrists of a compliant detained person,63.414729427359475,50.55112393128257,0.9040805101394653,0.9158480763435364,-0.011767566204071045
Fighting,Arson,3,0,a person deliberately igniting material near a property entrance,65.22365155261379,49.758135023283856,0.9040119647979736,0.891488254070282,0.01252371072769165
Fighting,Arson,3,1,a suspicious individual using a lighter on a flammable surface,70.58661719408953,56.98526848893161,0.9213394522666931,0.9244662523269653,-0.003126800060272217
Fighting,Arson,3,2,a small flame spreading gradually after human ignition,57.592750375344394,46.5886853756351,0.9184765815734863,0.932346522808075,-0.013869941234588623
Fighting,Arson,3,3,a person pouring accelerant before fire begins growing,65.42681383276776,53.23091066300536,0.8985399603843689,0.889840841293335,0.008699119091033936
Fighting,Arson,3,4,deliberate fire starting near property without an explosive blast,50.45179068590304,42.43126483497217,0.7483925223350525,0.7667734622955322,-0.018380939960479736
Fighting,Arson,3,5,a person crouching near combustible material before flames appear,58.29381766023308,46.90544078530881,0.8994262218475342,0.8720589280128479,0.02736729383468628
Fighting,Arson,3,6,a slow fire growing after someone lights an object,62.72560741783081,48.99551202969425,0.9253256916999817,0.9346396327018738,-0.00931394100189209
Fighting,Arson,3,7,a suspicious person leaving as a small fire spreads,68.79352950361476,53.92664601865139,0.9377970695495605,0.9461905360221863,-0.008393466472625732
Fighting,Arson,3,8,visible accelerant or lighter use before property begins burning,63.45260243218307,46.98742641890872,0.8485369086265564,0.8382793664932251,0.010257542133331299
Fighting,Arson,3,9,human ignition causing flames to spread across property,59.17147130257556,42.3013209133335,0.921427309513092,0.922806978225708,-0.0013796687126159668
Fighting,Assault,4,0,an attacker lunging toward a victim with a forceful strike,64.02625344656498,53.226377241279735,0.9245412349700928,0.9500638246536255,-0.025522589683532715
Fighting,Assault,4,1,"a close range attack with punches, kicks, and defense",59.34139052959586,53.356644133876564,0.9021060466766357,0.8991776704788208,0.0029283761978149414
Fighting,Assault,4,2,a victim shielding their face during a rapid attack,59.08970635573145,53.01556199018198,0.9032290577888489,0.8919921517372131,0.011236906051635742
Fighting,Assault,4,3,an aggressor swinging arms repeatedly at another person,59.194991457160384,51.333452163049905,0.8970059752464294,0.8984809517860413,-0.0014749765396118164
Fighting,Assault,4,4,a person punching a victim during a one-sided confrontation,69.17772289484489,60.621529521218996,0.926044225692749,0.9342982769012451,-0.008254051208496094
Fighting,Assault,4,5,an attacker kicking a fallen victim on the ground,63.44010156262028,57.813694050957956,0.9286837577819824,0.9334262609481812,-0.0047425031661987305
Fighting,Assault,4,6,a victim stumbling backward after a direct body hit,60.29701255839671,53.92974050963697,0.9047707319259644,0.901908278465271,0.0028624534606933594
Fighting,Assault,4,7,an aggressor pursuing a target while continuing to strike,59.15804444267477,51.90559687052016,0.8948974609375,0.8923422694206238,0.0025551915168762207
Fighting,Assault,4,8,a person shoving an opponent hard enough to lose balance,60.6643529254755,53.22265697606139,0.9175860285758972,0.9232248663902283,-0.005638837814331055
Fighting,Assault,4,9,a victim recoiling from repeated close range hits,59.73021387251589,54.95146564831932,0.9059378504753113,0.8989032506942749,0.007034599781036377
Fighting,Burglary,5,0,a surveillance frame of an intruder forcing a doorway,63.171934760739724,49.95182795378909,0.9406688809394836,0.9482879042625427,-0.007619023323059082
Fighting,Burglary,5,1,a person prying a lock to enter a restricted room,59.59455628800106,52.03496176082505,0.9521252512931824,0.9508844017982483,0.001240849494934082
Fighting,Burglary,5,2,a masked intruder breaking a barrier into private property,68.30275462448256,61.62368024027437,0.974469780921936,0.9695727825164795,0.004896998405456543
Fighting,Burglary,5,3,a suspect searching drawers and shelves after unauthorized entry,64.57777329186902,56.72540254277456,0.9300427436828613,0.9150598049163818,0.014982938766479492
Fighting,Burglary,5,4,an intruder exiting through a damaged entry point,65.70951868295468,53.951365956254335,0.9428505301475525,0.9540873169898987,-0.011236786842346191
Fighting,Burglary,5,5,a person climbing through a window into closed property,66.1688098905954,56.4637783667162,0.9520407915115356,0.9390237927436829,0.013016998767852783
Fighting,Burglary,5,6,a suspicious person slipping inside after a doorway opens,69.56997240201545,63.71157645255162,0.9602233171463013,0.9590845108032227,0.0011388063430786133
Fighting,Burglary,5,7,a burglar moving quietly through a room collecting valuables,56.850106124280174,47.613778664123565,0.9653245210647583,0.9490078687667847,0.016316652297973633
Fighting,Burglary,5,8,a person damaging a lock to access an interior space,67.02414716579244,61.40848033518751,0.8877377510070801,0.8692594766616821,0.01847827434539795
Fighting,Burglary,5,9,an intruder exiting a building with bags or electronics,59.62715114789814,47.01073882547653,0.9408872723579407,0.9052981734275818,0.03558909893035889
Fighting,Explosion,6,0,an instant blast wave with fireball and flying fragments,53.91342036639355,50.9832426736507,0.7862302660942078,0.7954767346382141,-0.009246468544006348
Fighting,Explosion,6,1,a sudden detonation producing shockwave and expanding smoke plume,53.77702198960831,47.308721902065805,0.8707797527313232,0.8747777938842773,-0.0039980411529541016
Fighting,Explosion,6,2,a bright flash followed by rapid explosive pressure burst,59.057204094868176,57.631516574614494,0.8203778862953186,0.8299826979637146,-0.009604811668395996
Fighting,Explosion,6,3,an object erupting violently with an outward debris cloud,57.91684699363926,51.37892626234739,0.8781372308731079,0.8706405758857727,0.007496654987335205
Fighting,Explosion,6,4,a large fireball appearing immediately after explosive detonation,53.84341549684185,49.11746137604579,0.8516729474067688,0.8535858988761902,-0.0019129514694213867
Fighting,Explosion,6,5,a shockwave pushing smoke and fragments away from impact,60.55258589168066,53.16086061425125,0.8658366799354553,0.8614199757575989,0.004416704177856445
Fighting,Explosion,6,6,a violent pressure burst scattering debris in every direction,59.41389557306012,53.67429354415899,0.8887856006622314,0.8886210322380066,0.00016456842422485352
Fighting,Explosion,6,7,a sudden explosive plume rising from a detonation point,52.71602226034473,50.77543274929886,0.8388007283210754,0.8441632390022278,-0.005362510681152344
Fighting,Explosion,6,8,"a rapid blast creating flash, shockwave, and airborne debris",56.93900119672676,56.98611309793805,0.8141506314277649,0.8081887364387512,0.005961894989013672
Fighting,Explosion,6,9,a concentrated detonation expanding outward within seconds,53.129662144322765,46.00971358477418,0.8952550888061523,0.9037452936172485,-0.008490204811096191
Fighting,Fighting,7,0,two groups mutually exchanging punches in a crowded brawl,57.92369932214035,51.540405004878,0.8804181814193726,0.8737490177154541,0.006669163703918457
Fighting,Fighting,7,1,several participants striking each other during mutual combat,57.17475833677782,50.366267806412665,0.9091410040855408,0.9097520112991333,-0.0006110072135925293
Fighting,Fighting,7,2,opponents separating and reengaging repeatedly in a group fight,57.870547476739986,51.20388153582245,0.8700148463249207,0.8644983768463135,0.005516469478607178
Fighting,Fighting,7,3,multiple people wrestling and swinging arms at each other,61.931015108805596,53.09492384283793,0.9245511293411255,0.9403639435768127,-0.015812814235687256
Fighting,Fighting,7,4,a crowd circling two sides fighting each other,59.5349225102348,52.7118788090591,0.9370439648628235,0.9263158440589905,0.010728120803833008
Fighting,Fighting,7,5,"several combatants pushing, grappling, and striking simultaneously",57.753317099951055,52.56879699656201,0.8860158920288086,0.877204179763794,0.008811712265014648
Fighting,Fighting,7,6,two sides clashing back and forth in public space,59.55723887738025,51.893080820260295,0.9066702127456665,0.8953968286514282,0.011273384094238281
Fighting,Fighting,7,7,multiple participants falling and rejoining a chaotic brawl,58.61198794036483,53.36579152384837,0.8784579038619995,0.8675511479377747,0.010906755924224854
Fighting,Fighting,7,8,people on both sides trading blows in close quarters,57.26420900342721,52.044273587933446,0.8679670095443726,0.8631455302238464,0.004821479320526123
Fighting,Fighting,7,9,a mutual street fight with several active combatants,59.1061889837476,52.933905522177774,0.9038347601890564,0.904109537601471,-0.0002747774124145508
Fighting,RoadAccidents,8,0,"a vehicle collision causing impact, debris, and disruption",62.983958722128705,52.798173945025795,0.8643618226051331,0.8400428891181946,0.024318933486938477
Fighting,RoadAccidents,8,1,a car striking a pedestrian or cyclist on the road,58.519388906566306,49.54705300496305,0.8198645710945129,0.7779621481895447,0.04190242290496826
Fighting,RoadAccidents,8,2,a motorbike sliding across a lane after a crash,53.031599767530125,35.41218654446535,0.8475963473320007,0.8084049224853516,0.03919142484664917
Fighting,RoadAccidents,8,3,vehicles swerving and colliding during a sudden accident,55.32842620186889,48.974171359711924,0.755181074142456,0.7535222768783569,0.001658797264099121
Fighting,RoadAccidents,8,4,a pedestrian knocked down by a vehicle near a crossing,55.31379555452873,47.75819334257666,0.8299772143363953,0.8146871328353882,0.01529008150100708
Fighting,RoadAccidents,8,5,a damaged vehicle stopped and blocking the roadway,55.353983535197294,37.33713310312175,0.8824907541275024,0.8517847657203674,0.03070598840713501
Fighting,RoadAccidents,8,6,a rider thrown onto pavement after a high speed impact,59.303980519941256,55.28478646951691,0.8824963569641113,0.8565104603767395,0.025985896587371826
Fighting,RoadAccidents,8,7,a traffic accident with a vehicle spinning to a halt,56.728708790970295,48.3054989202155,0.7903252243995667,0.7633751034736633,0.02695012092590332
Fighting,RoadAccidents,8,8,a car hitting an obstacle with sudden debris,58.559669486268675,40.66814942254901,0.931763768196106,0.8907424211502075,0.04102134704589844
Fighting,RoadAccidents,8,9,a motorbike rider falling during an intersection collision,52.40535250195067,35.40042833327122,0.8634849786758423,0.840695858001709,0.0227891206741333
Fighting,Robbery,9,0,a threatening person forcing a victim to surrender valuables,67.00284938801879,57.24958820368953,0.977165699005127,0.9734885096549988,0.003677189350128174
Fighting,Robbery,9,1,an aggressor confronting someone and taking a purse or wallet,66.61430384220014,58.012830480505315,0.9832296967506409,0.9809718728065491,0.002257823944091797
Fighting,Robbery,9,2,a victim handing over belongings under close range intimidation,65.46653881826734,58.45336984984528,0.9161534905433655,0.9063403606414795,0.009813129901885986
Fighting,Robbery,9,3,a robber snatching property and escaping quickly,64.64796335948833,55.04281094888389,0.9841417074203491,0.9772911071777344,0.006850600242614746
Fighting,Robbery,9,4,a person threatening a clerk and demanding money,63.56122109882876,54.18445902064286,0.9744422435760498,0.9674301743507385,0.007012069225311279
Fighting,Robbery,9,5,an attacker cornering a victim and seizing personal items,70.99979408289859,61.663566832175334,0.9460238218307495,0.9592468738555908,-0.013223052024841309
Fighting,Robbery,9,6,a coerced handover of valuables during visible intimidation,73.23013441097001,69.6155862866514,0.9396077394485474,0.9315454363822937,0.008062303066253662
Fighting,Robbery,9,7,a suspect taking valuables while the victim backs away,75.50742244917731,69.55463858834408,0.9567423462867737,0.957854151725769,-0.0011118054389953613
Fighting,Robbery,9,8,a person brandishing a weapon to demand property,73.58747408239856,62.65105741169494,0.9648200869560242,0.9633201360702515,0.001499950885772705
Fighting,Robbery,9,9,a robber approaching a victim and leaving with belongings,73.67535056547337,67.64738551517027,0.9673976898193359,0.958906352519989,0.008491337299346924
Fighting,Shooting,10,0,an armed person aiming a firearm and firing shots,65.06901116617023,59.463055648684396,0.8943622708320618,0.8815906047821045,0.012771666049957275
Fighting,Shooting,10,1,a gunman pointing a weapon as people scatter,66.21010905966955,59.27148811835834,0.9323999285697937,0.9333701133728027,-0.0009701848030090332
Fighting,Shooting,10,2,a muzzle flash appearing as a shooter targets someone,60.115240655050194,51.07770449706359,0.8783845901489258,0.8695662617683411,0.008818328380584717
Fighting,Shooting,10,3,a person firing a handgun and causing panic,69.80508134882993,63.940418555974766,0.9284891486167908,0.9330631494522095,-0.004574000835418701
Fighting,Shooting,10,4,an armed attacker discharging a weapon in public,64.51378735951425,61.01827193484076,0.9092007875442505,0.889517068862915,0.01968371868133545
Fighting,Shooting,10,5,a victim falling after a nearby firearm is fired,63.44343512783702,60.32983149394118,0.9089246988296509,0.8989052772521973,0.010019421577453613
Fighting,Shooting,10,6,a shooter raising a gun while a crowd runs,61.52432015236244,56.53733378696874,0.9062979221343994,0.8883712291717529,0.017926692962646484
Fighting,Shooting,10,7,a gunfire scene with fear and rapid dispersal,63.74836374613558,60.564980783844206,0.9140487909317017,0.9005467891693115,0.013502001762390137
Fighting,Shooting,10,8,a person aiming a rifle or handgun at a target,64.51712092473099,63.08121987613091,0.9183743596076965,0.911960780620575,0.006413578987121582
Fighting,Shooting,10,9,an armed shooter firing as people flee the scene,61.75757711850096,55.26187756817629,0.8863155841827393,0.8711040019989014,0.01521158218383789
Fighting,Shoplifting,11,0,a shopper concealing merchandise inside clothing or a bag,68.63750013166425,56.376027921787355,0.9177639484405518,0.8797619342803955,0.03800201416015625
Fighting,Shoplifting,11,1,a person removing a store item without checkout,63.88115076060268,47.50465387185163,0.9535166621208191,0.9348799586296082,0.018636703491210938
Fighting,Shoplifting,11,2,a customer hiding a product and exiting an aisle,66.2499266442029,53.81569950143978,0.9478369951248169,0.9167247414588928,0.031112253665924072
Fighting,Shoplifting,11,3,a shopper slipping goods into a bag while browsing,65.03113816134663,47.729327883113925,0.9325113296508789,0.8969361782073975,0.035575151443481445
Fighting,Shoplifting,11,4,a person scanning surroundings before pocketing merchandise,65.7843387022639,61.17769991740316,0.9548130035400391,0.9397168159484863,0.015096187591552734
Fighting,Shoplifting,11,5,someone carrying an unpaid item past the cashier,62.759498664201075,46.234610539474794,0.9390373229980469,0.9106531739234924,0.028384149074554443
Fighting,Shoplifting,11,6,concealed goods disappearing beneath a jacket in a store,60.415168925523645,56.90476041804591,0.890472412109375,0.8666890859603882,0.023783326148986816
Fighting,Shoplifting,11,7,a customer hiding one item while handling shelf products,62.92673251924121,56.18380810320204,0.9092237949371338,0.8692365884780884,0.03998720645904541
Fighting,Shoplifting,11,8,a shopper leaving a store with concealed unpaid merchandise,67.23971771647543,52.33402615715407,0.9243720173835754,0.8882008790969849,0.036171138286590576
Fighting,Shoplifting,11,9,a retail theft scene with discreet concealment and exit,69.24791296246417,64.13237212883847,0.9233363270759583,0.9088512659072876,0.014485061168670654
Fighting,Stealing,12,0,a person taking unattended property and leaving quickly,72.81149417916686,62.60816237280243,0.9584810733795166,0.9541717171669006,0.004309356212615967
Fighting,Stealing,12,1,"a thief grabbing a bicycle, bag, phone, or object",65.74850287618386,52.40045569260675,0.9616165161132812,0.9334105849266052,0.028205931186676025
Fighting,Stealing,12,2,a suspect approaching a valuable item and carrying it away,75.43417661344267,69.8260902372262,0.9573469161987305,0.9530907869338989,0.004256129264831543
Fighting,Stealing,12,3,unattended belongings disappearing after suspicious human contact,63.01525719555261,50.547666219918696,0.9425972104072571,0.925643265247345,0.01695394515991211
Fighting,Stealing,12,4,a person lifting property while the owner is distracted,68.84566275964335,60.830336400076646,0.9540676474571228,0.9352428913116455,0.018824756145477295
Fighting,Stealing,12,5,a thief cutting a lock and taking a bicycle,72.24238051744109,64.67620422079952,0.9493533372879028,0.9349622130393982,0.014391124248504639
Fighting,Stealing,12,6,a suspect removing a package or bag from public space,72.5822189714817,63.479297955685475,0.9132898449897766,0.8735166788101196,0.03977316617965698
Fighting,Stealing,12,7,a person pocketing an unattended item and changing direction,73.12170094239194,70.04206331461508,0.94927978515625,0.9299858808517456,0.019293904304504395
Fighting,Stealing,12,8,a thief quietly taking property during owner distraction,67.50455095313922,49.752378267540124,0.9593228101730347,0.9531018137931824,0.006220996379852295
Fighting,Stealing,12,9,a thief carrying stolen property away from the scene,73.82212003404405,67.95339147314193,0.9663523435592651,0.9521892666816711,0.014163076877593994
Fighting,Vandalism,13,0,a person smashing a window or door with force,69.61006778365024,66.36145325369378,0.9563627243041992,0.9584935903549194,-0.002130866050720215
Fighting,Vandalism,13,1,someone kicking a fixture until visible pieces break,65.2280037072023,52.163588633136456,0.94776451587677,0.9513142108917236,-0.0035496950149536133
Fighting,Vandalism,13,2,a suspect spraying graffiti onto a wall with a can,64.98057908889265,62.11384462840807,0.8440289497375488,0.8272570371627808,0.016771912574768066
Fighting,Vandalism,13,3,a person breaking glass with repeated tool impacts,71.99134453681326,61.20325145215998,0.9745547771453857,0.977523148059845,-0.0029683709144592285
Fighting,Vandalism,13,4,a vandal throwing an object at a storefront or car,71.58696455621508,67.90841679678614,0.9206297397613525,0.8914080858230591,0.029221653938293457
Fighting,Vandalism,13,5,someone striking public property until visible damage appears,70.19973843087928,51.20619665803417,0.9643198847770691,0.9607340097427368,0.0035858750343322754
Fighting,Vandalism,13,6,a person scratching and denting a parked vehicle,63.52334809400515,48.86637832388967,0.8683369159698486,0.8182995915412903,0.05003732442855835
Fighting,Vandalism,13,7,a person painting graffiti directly onto public property,63.45501000706183,54.41377238694418,0.8767502903938293,0.8608559966087341,0.015894293785095215
Fighting,Vandalism,13,8,a suspect repeatedly hitting a fixture until it breaks,67.02599914646841,54.805576436487335,0.9151448607444763,0.9259175658226013,-0.010772705078125
Fighting,Vandalism,13,9,a person deliberately damaging property without taking anything,70.6078223728294,62.63273319993385,0.969876766204834,0.9687423706054688,0.0011343955993652344
Normal,Normal,0,0,pedestrians walking calmly along a quiet street,nan,nan,nan,0.4399203956127167,nan
Normal,Normal,0,1,people chatting casually in an ordinary public area,nan,nan,nan,0.4153664708137512,nan
Normal,Normal,0,2,vehicles moving normally through regular traffic flow,nan,nan,nan,0.7030673623085022,nan
Normal,Normal,0,3,shoppers browsing shelves and paying at checkout,nan,nan,nan,0.8650537729263306,nan
Normal,Normal,0,4,workers performing routine tasks in a calm store,nan,nan,nan,0.3385348916053772,nan
Normal,Normal,0,5,pedestrians crossing a walkway with regular spacing,nan,nan,nan,0.35605257749557495,nan
Normal,Normal,0,6,people entering and exiting buildings at a steady pace,nan,nan,nan,0.10914494097232819,nan
Normal,Normal,0,7,a public area with ordinary walking and waiting,nan,nan,nan,0.2666291892528534,nan
Normal,Normal,0,8,people standing calmly near counters and doorways,nan,nan,nan,0.17387619614601135,nan
Normal,Normal,0,9,an orderly scene with predictable everyday activity,nan,nan,nan,0.8541105389595032,nan
Normal,Abuse,1,0,a surveillance frame of an aggressor striking a vulnerable victim,nan,nan,nan,0.027560247108340263,nan
Normal,Abuse,1,1,a person forcefully pushing a helpless victim against furniture,nan,nan,nan,0.03425517678260803,nan
Normal,Abuse,1,2,a dominant person grabbing and controlling a weaker victim,nan,nan,nan,0.03269556164741516,nan
Normal,Abuse,1,3,a victim shielding their body from repeated physical mistreatment,nan,nan,nan,0.02937624417245388,nan
Normal,Abuse,1,4,an attacker cornering someone and delivering forceful blows,nan,nan,nan,0.029187357053160667,nan
Normal,Abuse,1,5,a person dragging a resisting victim across the floor,nan,nan,nan,0.037960708141326904,nan
Normal,Abuse,1,6,a vulnerable person recoiling from sustained aggressive contact,nan,nan,nan,0.034110382199287415,nan
Normal,Abuse,1,7,a stronger aggressor overpowering a weaker person indoors,nan,nan,nan,0.0326620489358902,nan
Normal,Abuse,1,8,a victim collapsing after repeated blows from another person,nan,nan,nan,0.027309026569128036,nan
Normal,Abuse,1,9,a hostile person hurting a defenseless target at close range,nan,nan,nan,0.02782672829926014,nan
Normal,Arrest,2,0,uniformed police placing handcuffs on a detained suspect,nan,nan,nan,0.030021708458662033,nan
Normal,Arrest,2,1,officers escorting a handcuffed person toward a patrol car,nan,nan,nan,0.034756820648908615,nan
Normal,Arrest,2,2,law enforcement surrounding a suspect beside a police vehicle,nan,nan,nan,0.03723100945353508,nan
Normal,Arrest,2,3,a detained suspect kneeling while officers secure handcuffs,nan,nan,nan,0.03312688320875168,nan
Normal,Arrest,2,4,police guiding a restrained person during formal detention,nan,nan,nan,0.03795494884252548,nan
Normal,Arrest,2,5,uniformed officers searching a suspect beside a patrol car,nan,nan,nan,0.034526437520980835,nan
Normal,Arrest,2,6,a handcuffed suspect standing between multiple police officers,nan,nan,nan,0.028642255812883377,nan
Normal,Arrest,2,7,officers controlling a detainee during a roadside arrest,nan,nan,nan,0.030461451038718224,nan
Normal,Arrest,2,8,a patrol team moving a suspect into police custody,nan,nan,nan,0.027122018858790398,nan
Normal,Arrest,2,9,law enforcement securing wrists of a compliant detained person,nan,nan,nan,0.031075654551386833,nan
Normal,Arson,3,0,a person deliberately igniting material near a property entrance,nan,nan,nan,0.036057911813259125,nan
Normal,Arson,3,1,a suspicious individual using a lighter on a flammable surface,nan,nan,nan,0.03431691601872444,nan
Normal,Arson,3,2,a small flame spreading gradually after human ignition,nan,nan,nan,0.03845216706395149,nan
Normal,Arson,3,3,a person pouring accelerant before fire begins growing,nan,nan,nan,0.033544283360242844,nan
Normal,Arson,3,4,deliberate fire starting near property without an explosive blast,nan,nan,nan,0.048274438828229904,nan
Normal,Arson,3,5,a person crouching near combustible material before flames appear,nan,nan,nan,0.04089423641562462,nan
Normal,Arson,3,6,a slow fire growing after someone lights an object,nan,nan,nan,0.03524848446249962,nan
Normal,Arson,3,7,a suspicious person leaving as a small fire spreads,nan,nan,nan,0.03673546016216278,nan
Normal,Arson,3,8,visible accelerant or lighter use before property begins burning,nan,nan,nan,0.04007520154118538,nan
Normal,Arson,3,9,human ignition causing flames to spread across property,nan,nan,nan,0.04865485057234764,nan
Normal,Assault,4,0,an attacker lunging toward a victim with a forceful strike,nan,nan,nan,0.03569018468260765,nan
Normal,Assault,4,1,"a close range attack with punches, kicks, and defense",nan,nan,nan,0.030934400856494904,nan
Normal,Assault,4,2,a victim shielding their face during a rapid attack,nan,nan,nan,0.0279859509319067,nan
Normal,Assault,4,3,an aggressor swinging arms repeatedly at another person,nan,nan,nan,0.02725744992494583,nan
Normal,Assault,4,4,a person punching a victim during a one-sided confrontation,nan,nan,nan,0.031489402055740356,nan
Normal,Assault,4,5,an attacker kicking a fallen victim on the ground,nan,nan,nan,0.032854046672582626,nan
Normal,Assault,4,6,a victim stumbling backward after a direct body hit,nan,nan,nan,0.029096821323037148,nan
Normal,Assault,4,7,an aggressor pursuing a target while continuing to strike,nan,nan,nan,0.028994286432862282,nan
Normal,Assault,4,8,a person shoving an opponent hard enough to lose balance,nan,nan,nan,0.032125070691108704,nan
Normal,Assault,4,9,a victim recoiling from repeated close range hits,nan,nan,nan,0.029262645170092583,nan
Normal,Burglary,5,0,a surveillance frame of an intruder forcing a doorway,nan,nan,nan,0.04213416203856468,nan
Normal,Burglary,5,1,a person prying a lock to enter a restricted room,nan,nan,nan,0.0542350672185421,nan
Normal,Burglary,5,2,a masked intruder breaking a barrier into private property,nan,nan,nan,0.06250757724046707,nan
Normal,Burglary,5,3,a suspect searching drawers and shelves after unauthorized entry,nan,nan,nan,0.06911398470401764,nan
Normal,Burglary,5,4,an intruder exiting through a damaged entry point,nan,nan,nan,0.037562161684036255,nan
Normal,Burglary,5,5,a person climbing through a window into closed property,nan,nan,nan,0.05429641157388687,nan
Normal,Burglary,5,6,a suspicious person slipping inside after a doorway opens,nan,nan,nan,0.04945479705929756,nan
Normal,Burglary,5,7,a burglar moving quietly through a room collecting valuables,nan,nan,nan,0.09594409167766571,nan
Normal,Burglary,5,8,a person damaging a lock to access an interior space,nan,nan,nan,0.03804681822657585,nan
Normal,Burglary,5,9,an intruder exiting a building with bags or electronics,nan,nan,nan,0.06231730803847313,nan
Normal,Explosion,6,0,an instant blast wave with fireball and flying fragments,nan,nan,nan,0.03232916444540024,nan
Normal,Explosion,6,1,a sudden detonation producing shockwave and expanding smoke plume,nan,nan,nan,0.040562521666288376,nan
Normal,Explosion,6,2,a bright flash followed by rapid explosive pressure burst,nan,nan,nan,0.025011850520968437,nan
Normal,Explosion,6,3,an object erupting violently with an outward debris cloud,nan,nan,nan,0.03387352451682091,nan
Normal,Explosion,6,4,a large fireball appearing immediately after explosive detonation,nan,nan,nan,0.03290737420320511,nan
Normal,Explosion,6,5,a shockwave pushing smoke and fragments away from impact,nan,nan,nan,0.0257390346378088,nan
Normal,Explosion,6,6,a violent pressure burst scattering debris in every direction,nan,nan,nan,0.029478343203663826,nan
Normal,Explosion,6,7,a sudden explosive plume rising from a detonation point,nan,nan,nan,0.03265472501516342,nan
Normal,Explosion,6,8,"a rapid blast creating flash, shockwave, and airborne debris",nan,nan,nan,0.02682485058903694,nan
Normal,Explosion,6,9,a concentrated detonation expanding outward within seconds,nan,nan,nan,0.03945076838135719,nan
Normal,Fighting,7,0,two groups mutually exchanging punches in a crowded brawl,nan,nan,nan,0.02424635924398899,nan
Normal,Fighting,7,1,several participants striking each other during mutual combat,nan,nan,nan,0.030562693253159523,nan
Normal,Fighting,7,2,opponents separating and reengaging repeatedly in a group fight,nan,nan,nan,0.025162650272250175,nan
Normal,Fighting,7,3,multiple people wrestling and swinging arms at each other,nan,nan,nan,0.034061405807733536,nan
Normal,Fighting,7,4,a crowd circling two sides fighting each other,nan,nan,nan,0.041239701211452484,nan
Normal,Fighting,7,5,"several combatants pushing, grappling, and striking simultaneously",nan,nan,nan,0.03061344102025032,nan
Normal,Fighting,7,6,two sides clashing back and forth in public space,nan,nan,nan,0.030173996463418007,nan
Normal,Fighting,7,7,multiple participants falling and rejoining a chaotic brawl,nan,nan,nan,0.02535969577729702,nan
Normal,Fighting,7,8,people on both sides trading blows in close quarters,nan,nan,nan,0.026093576103448868,nan
Normal,Fighting,7,9,a mutual street fight with several active combatants,nan,nan,nan,0.029848355799913406,nan
Normal,RoadAccidents,8,0,"a vehicle collision causing impact, debris, and disruption",nan,nan,nan,0.04127567633986473,nan
Normal,RoadAccidents,8,1,a car striking a pedestrian or cyclist on the road,nan,nan,nan,0.04698353633284569,nan
Normal,RoadAccidents,8,2,a motorbike sliding across a lane after a crash,nan,nan,nan,0.06695986539125443,nan
Normal,RoadAccidents,8,3,vehicles swerving and colliding during a sudden accident,nan,nan,nan,0.03884940966963768,nan
Normal,RoadAccidents,8,4,a pedestrian knocked down by a vehicle near a crossing,nan,nan,nan,0.04592732712626457,nan
Normal,RoadAccidents,8,5,a damaged vehicle stopped and blocking the roadway,nan,nan,nan,0.0716806948184967,nan
Normal,RoadAccidents,8,6,a rider thrown onto pavement after a high speed impact,nan,nan,nan,0.044021569192409515,nan
Normal,RoadAccidents,8,7,a traffic accident with a vehicle spinning to a halt,nan,nan,nan,0.03638118878006935,nan
Normal,RoadAccidents,8,8,a car hitting an obstacle with sudden debris,nan,nan,nan,0.047769080847501755,nan
Normal,RoadAccidents,8,9,a motorbike rider falling during an intersection collision,nan,nan,nan,0.08529916405677795,nan
Normal,Robbery,9,0,a threatening person forcing a victim to surrender valuables,nan,nan,nan,0.06205558776855469,nan
Normal,Robbery,9,1,an aggressor confronting someone and taking a purse or wallet,nan,nan,nan,0.06589175015687943,nan
Normal,Robbery,9,2,a victim handing over belongings under close range intimidation,nan,nan,nan,0.03048420511186123,nan
Normal,Robbery,9,3,a robber snatching property and escaping quickly,nan,nan,nan,0.07288011908531189,nan
Normal,Robbery,9,4,a person threatening a clerk and demanding money,nan,nan,nan,0.0941941887140274,nan
Normal,Robbery,9,5,an attacker cornering a victim and seizing personal items,nan,nan,nan,0.03850531950592995,nan
Normal,Robbery,9,6,a coerced handover of valuables during visible intimidation,nan,nan,nan,0.03855904936790466,nan
Normal,Robbery,9,7,a suspect taking valuables while the victim backs away,nan,nan,nan,0.03929676115512848,nan
Normal,Robbery,9,8,a person brandishing a weapon to demand property,nan,nan,nan,0.04734284058213234,nan
Normal,Robbery,9,9,a robber approaching a victim and leaving with belongings,nan,nan,nan,0.050269514322280884,nan
Normal,Shooting,10,0,an armed person aiming a firearm and firing shots,nan,nan,nan,0.025931524112820625,nan
Normal,Shooting,10,1,a gunman pointing a weapon as people scatter,nan,nan,nan,0.03120272047817707,nan
Normal,Shooting,10,2,a muzzle flash appearing as a shooter targets someone,nan,nan,nan,0.02604958973824978,nan
Normal,Shooting,10,3,a person firing a handgun and causing panic,nan,nan,nan,0.029475325718522072,nan
Normal,Shooting,10,4,an armed attacker discharging a weapon in public,nan,nan,nan,0.031111961230635643,nan
Normal,Shooting,10,5,a victim falling after a nearby firearm is fired,nan,nan,nan,0.027617011219263077,nan
Normal,Shooting,10,6,a shooter raising a gun while a crowd runs,nan,nan,nan,0.025581885129213333,nan
Normal,Shooting,10,7,a gunfire scene with fear and rapid dispersal,nan,nan,nan,0.026485690847039223,nan
Normal,Shooting,10,8,a person aiming a rifle or handgun at a target,nan,nan,nan,0.02938336506485939,nan
Normal,Shooting,10,9,an armed shooter firing as people flee the scene,nan,nan,nan,0.02706676535308361,nan
Normal,Shoplifting,11,0,a shopper concealing merchandise inside clothing or a bag,nan,nan,nan,0.046334248036146164,nan
Normal,Shoplifting,11,1,a person removing a store item without checkout,nan,nan,nan,0.07518714666366577,nan
Normal,Shoplifting,11,2,a customer hiding a product and exiting an aisle,nan,nan,nan,0.05294309929013252,nan
Normal,Shoplifting,11,3,a shopper slipping goods into a bag while browsing,nan,nan,nan,0.05343018099665642,nan
Normal,Shoplifting,11,4,a person scanning surroundings before pocketing merchandise,nan,nan,nan,0.06026795133948326,nan
Normal,Shoplifting,11,5,someone carrying an unpaid item past the cashier,nan,nan,nan,0.06562522053718567,nan
Normal,Shoplifting,11,6,concealed goods disappearing beneath a jacket in a store,nan,nan,nan,0.048667557537555695,nan
Normal,Shoplifting,11,7,a customer hiding one item while handling shelf products,nan,nan,nan,0.039218008518218994,nan
Normal,Shoplifting,11,8,a shopper leaving a store with concealed unpaid merchandise,nan,nan,nan,0.04614459350705147,nan
Normal,Shoplifting,11,9,a retail theft scene with discreet concealment and exit,nan,nan,nan,0.041910696774721146,nan
Normal,Stealing,12,0,a person taking unattended property and leaving quickly,nan,nan,nan,0.04186363145709038,nan
Normal,Stealing,12,1,"a thief grabbing a bicycle, bag, phone, or object",nan,nan,nan,0.0693143755197525,nan
Normal,Stealing,12,2,a suspect approaching a valuable item and carrying it away,nan,nan,nan,0.04254787787795067,nan
Normal,Stealing,12,3,unattended belongings disappearing after suspicious human contact,nan,nan,nan,0.0525418296456337,nan
Normal,Stealing,12,4,a person lifting property while the owner is distracted,nan,nan,nan,0.05354280397295952,nan
Normal,Stealing,12,5,a thief cutting a lock and taking a bicycle,nan,nan,nan,0.04250558838248253,nan
Normal,Stealing,12,6,a suspect removing a package or bag from public space,nan,nan,nan,0.04171435907483101,nan
Normal,Stealing,12,7,a person pocketing an unattended item and changing direction,nan,nan,nan,0.042689643800258636,nan
Normal,Stealing,12,8,a thief quietly taking property during owner distraction,nan,nan,nan,0.046665869653224945,nan
Normal,Stealing,12,9,a thief carrying stolen property away from the scene,nan,nan,nan,0.0479963943362236,nan
Normal,Vandalism,13,0,a person smashing a window or door with force,nan,nan,nan,0.04428922012448311,nan
Normal,Vandalism,13,1,someone kicking a fixture until visible pieces break,nan,nan,nan,0.04335743188858032,nan
Normal,Vandalism,13,2,a suspect spraying graffiti onto a wall with a can,nan,nan,nan,0.033759955316782,nan
Normal,Vandalism,13,3,a person breaking glass with repeated tool impacts,nan,nan,nan,0.050116054713726044,nan
Normal,Vandalism,13,4,a vandal throwing an object at a storefront or car,nan,nan,nan,0.03864536061882973,nan
Normal,Vandalism,13,5,someone striking public property until visible damage appears,nan,nan,nan,0.04965994879603386,nan
Normal,Vandalism,13,6,a person scratching and denting a parked vehicle,nan,nan,nan,0.0356883704662323,nan
Normal,Vandalism,13,7,a person painting graffiti directly onto public property,nan,nan,nan,0.04998602718114853,nan
Normal,Vandalism,13,8,a suspect repeatedly hitting a fixture until it breaks,nan,nan,nan,0.031400371342897415,nan
Normal,Vandalism,13,9,a person deliberately damaging property without taking anything,nan,nan,nan,0.05009651929140091,nan
RoadAccidents,Normal,0,0,pedestrians walking calmly along a quiet street,46.856632865212745,7.476140190332075,0.7952481508255005,0.7978959679603577,-0.0026478171348571777
RoadAccidents,Normal,0,1,people chatting casually in an ordinary public area,47.96871604599458,7.7262736782088535,0.6609657406806946,0.6751503348350525,-0.01418459415435791
RoadAccidents,Normal,0,2,vehicles moving normally through regular traffic flow,45.98553651771815,7.3529356741433265,0.9123170375823975,0.9171009659767151,-0.004783928394317627
RoadAccidents,Normal,0,3,shoppers browsing shelves and paying at checkout,42.99379801061816,7.595462778814543,0.786080539226532,0.8097399473190308,-0.02365940809249878
RoadAccidents,Normal,0,4,workers performing routine tasks in a calm store,46.938181034725226,7.57229401299595,0.5471365451812744,0.5728897452354431,-0.0257532000541687
RoadAccidents,Normal,0,5,pedestrians crossing a walkway with regular spacing,46.14836302824106,7.202378780795837,0.8028196692466736,0.7997848391532898,0.003034830093383789
RoadAccidents,Normal,0,6,people entering and exiting buildings at a steady pace,49.093061433147994,8.354813672380033,0.5755441188812256,0.5752475261688232,0.00029659271240234375
RoadAccidents,Normal,0,7,a public area with ordinary walking and waiting,47.467014917824756,7.63016755035362,0.7113825678825378,0.718219518661499,-0.006836950778961182
RoadAccidents,Normal,0,8,people standing calmly near counters and doorways,46.87609049830598,7.5574184499969945,0.5089958310127258,0.5299404859542847,-0.020944654941558838
RoadAccidents,Normal,0,9,an orderly scene with predictable everyday activity,43.443632104502484,7.659183251535731,0.8560046553611755,0.8709415197372437,-0.014936864376068115
RoadAccidents,Abuse,1,0,a surveillance frame of an aggressor striking a vulnerable victim,53.8359569376946,8.913340582954104,0.5102882981300354,0.47826164960861206,0.03202664852142334
RoadAccidents,Abuse,1,1,a person forcefully pushing a helpless victim against furniture,54.05053055872432,8.891777509379207,0.4738759994506836,0.43038782477378845,0.04348817467689514
RoadAccidents,Abuse,1,2,a dominant person grabbing and controlling a weaker victim,54.08605797816266,8.973664028935982,0.5052674412727356,0.4622648358345032,0.04300260543823242
RoadAccidents,Abuse,1,3,a victim shielding their body from repeated physical mistreatment,53.239456062466495,8.625918418033205,0.5858383178710938,0.5675891637802124,0.018249154090881348
RoadAccidents,Abuse,1,4,an attacker cornering someone and delivering forceful blows,54.46072984374999,9.056742698844504,0.4938960373401642,0.4421515464782715,0.0517444908618927
RoadAccidents,Abuse,1,5,a person dragging a resisting victim across the floor,53.18429112426687,8.596202836654236,0.572117269039154,0.5420516729354858,0.030065596103668213
RoadAccidents,Abuse,1,6,a vulnerable person recoiling from sustained aggressive contact,53.74454503738446,8.801316073399459,0.5168319940567017,0.4775382876396179,0.03929370641708374
RoadAccidents,Abuse,1,7,a stronger aggressor overpowering a weaker person indoors,54.29091777311812,9.007514469060784,0.4473942816257477,0.39392709732055664,0.05346718430519104
RoadAccidents,Abuse,1,8,a victim collapsing after repeated blows from another person,54.55891743755639,9.077239740415324,0.5077160596847534,0.4622171223163605,0.045498937368392944
RoadAccidents,Abuse,1,9,a hostile person hurting a defenseless target at close range,54.17579094557108,9.030521252358431,0.47437164187431335,0.4315943121910095,0.04277732968330383
RoadAccidents,Arrest,2,0,uniformed police placing handcuffs on a detained suspect,53.44713406622128,8.680833384006483,0.6338488459587097,0.6075767874717712,0.026272058486938477
RoadAccidents,Arrest,2,1,officers escorting a handcuffed person toward a patrol car,52.617111612929655,8.465638388778205,0.6803480982780457,0.6540302634239197,0.026317834854125977
RoadAccidents,Arrest,2,2,law enforcement surrounding a suspect beside a police vehicle,50.81756537077968,8.22426741061332,0.7226445078849792,0.6955375671386719,0.027106940746307373
RoadAccidents,Arrest,2,3,a detained suspect kneeling while officers secure handcuffs,52.59879325573403,8.42086702082487,0.6438106298446655,0.6220043301582336,0.021806299686431885
RoadAccidents,Arrest,2,4,police guiding a restrained person during formal detention,53.05165542503039,8.629425426156182,0.6357071995735168,0.6164242029190063,0.019282996654510498
RoadAccidents,Arrest,2,5,uniformed officers searching a suspect beside a patrol car,51.680356996599656,8.375176991304405,0.688913106918335,0.663685142993927,0.02522796392440796
RoadAccidents,Arrest,2,6,a handcuffed suspect standing between multiple police officers,53.61583684190023,8.697877031883767,0.5549940466880798,0.5325767397880554,0.022417306900024414
RoadAccidents,Arrest,2,7,officers controlling a detainee during a roadside arrest,51.01346086327769,8.35102064080287,0.6368411779403687,0.6236366629600525,0.013204514980316162
RoadAccidents,Arrest,2,8,a patrol team moving a suspect into police custody,52.95256840288379,8.611812222864945,0.5840263962745667,0.5743010640144348,0.009725332260131836
RoadAccidents,Arrest,2,9,law enforcement securing wrists of a compliant detained person,53.270936054373884,8.646966480810809,0.5492743849754333,0.5219272375106812,0.027347147464752197
RoadAccidents,Arson,3,0,a person deliberately igniting material near a property entrance,54.94201394859704,9.239855023750515,0.671550989151001,0.6420295238494873,0.029521465301513672
RoadAccidents,Arson,3,1,a suspicious individual using a lighter on a flammable surface,54.700667343973684,9.069406344824845,0.6292836666107178,0.594580352306366,0.03470331430435181
RoadAccidents,Arson,3,2,a small flame spreading gradually after human ignition,54.16910519490884,9.086030376479098,0.6146158576011658,0.5859420895576477,0.028673768043518066
RoadAccidents,Arson,3,3,a person pouring accelerant before fire begins growing,55.130084414535204,9.166296991316639,0.6115905046463013,0.5725705623626709,0.03901994228363037
RoadAccidents,Arson,3,4,deliberate fire starting near property without an explosive blast,52.98263929039151,9.093407386001589,0.6608142852783203,0.6307345628738403,0.03007972240447998
RoadAccidents,Arson,3,5,a person crouching near combustible material before flames appear,54.7519647403104,9.305389972931607,0.7523416876792908,0.7119755744934082,0.04036611318588257
RoadAccidents,Arson,3,6,a slow fire growing after someone lights an object,55.41796144529215,9.366502081481462,0.6387162208557129,0.6101382970809937,0.02857792377471924
RoadAccidents,Arson,3,7,a suspicious person leaving as a small fire spreads,54.99900772442176,9.183450672441875,0.6221942901611328,0.5906229019165039,0.031571388244628906
RoadAccidents,Arson,3,8,visible accelerant or lighter use before property begins burning,55.0786670944198,9.752307018971175,0.6900375485420227,0.6537364721298218,0.03630107641220093
RoadAccidents,Arson,3,9,human ignition causing flames to spread across property,55.011269930793304,10.206901327501628,0.709597110748291,0.6759623885154724,0.033634722232818604
RoadAccidents,Assault,4,0,an attacker lunging toward a victim with a forceful strike,53.445934828434325,8.708419470527673,0.546068549156189,0.5126011371612549,0.03346741199493408
RoadAccidents,Assault,4,1,"a close range attack with punches, kicks, and defense",53.78355024640496,8.933714563280857,0.5405383110046387,0.5198560953140259,0.020682215690612793
RoadAccidents,Assault,4,2,a victim shielding their face during a rapid attack,53.60465394953693,8.8740714195923,0.5163964629173279,0.49389728903770447,0.022499173879623413
RoadAccidents,Assault,4,3,an aggressor swinging arms repeatedly at another person,54.1842155910244,8.998189316595964,0.41236719489097595,0.3722432851791382,0.04012390971183777
RoadAccidents,Assault,4,4,a person punching a victim during a one-sided confrontation,52.10554675396219,8.36905051696645,0.5609043836593628,0.5441355109214783,0.01676887273788452
RoadAccidents,Assault,4,5,an attacker kicking a fallen victim on the ground,53.454749226168396,8.749790937385779,0.6099895238876343,0.599730908870697,0.010258615016937256
RoadAccidents,Assault,4,6,a victim stumbling backward after a direct body hit,54.217764268114266,9.001746236999598,0.5266230702400208,0.4902912378311157,0.03633183240890503
RoadAccidents,Assault,4,7,an aggressor pursuing a target while continuing to strike,54.33837760853659,9.055914043806725,0.4656517803668976,0.420665442943573,0.044986337423324585
RoadAccidents,Assault,4,8,a person shoving an opponent hard enough to lose balance,54.00624870344126,8.954584696711054,0.5229491591453552,0.488699734210968,0.03424942493438721
RoadAccidents,Assault,4,9,a victim recoiling from repeated close range hits,53.9169054883136,8.970283272198447,0.4777652323246002,0.4454415738582611,0.03232365846633911
RoadAccidents,Burglary,5,0,a surveillance frame of an intruder forcing a doorway,53.91969371616827,8.785808993444093,0.4322885274887085,0.39604467153549194,0.03624385595321655
RoadAccidents,Burglary,5,1,a person prying a lock to enter a restricted room,53.5011597285233,8.675312523524083,0.5501759052276611,0.505193293094635,0.04498261213302612
RoadAccidents,Burglary,5,2,a masked intruder breaking a barrier into private property,53.41319563685063,8.64989604734156,0.5870205163955688,0.5509694814682007,0.036051034927368164
RoadAccidents,Burglary,5,3,a suspect searching drawers and shelves after unauthorized entry,52.01254586358435,8.290506430804792,0.5772261023521423,0.5489171147346497,0.028308987617492676
RoadAccidents,Burglary,5,4,an intruder exiting through a damaged entry point,54.129470386050194,8.891271009528928,0.5305179953575134,0.48641669750213623,0.0441012978553772
RoadAccidents,Burglary,5,5,a person climbing through a window into closed property,52.79405914839389,8.581162885959762,0.5787326693534851,0.5505508780479431,0.028181791305541992
RoadAccidents,Burglary,5,6,a suspicious person slipping inside after a doorway opens,53.40659982902242,8.588393217084013,0.56661456823349,0.530036449432373,0.03657811880111694
RoadAccidents,Burglary,5,7,a burglar moving quietly through a room collecting valuables,52.52953727353776,8.598591476793317,0.5324012041091919,0.49804461002349854,0.03435659408569336
RoadAccidents,Burglary,5,8,a person damaging a lock to access an interior space,53.43334283167136,8.682226101203854,0.5900149941444397,0.5573695302009583,0.032645463943481445
RoadAccidents,Burglary,5,9,an intruder exiting a building with bags or electronics,52.59702437999828,9.202982227045503,0.6188992261886597,0.5864745378494263,0.0324246883392334
RoadAccidents,Explosion,6,0,an instant blast wave with fireball and flying fragments,54.728099908350124,9.270473042934185,0.6854107975959778,0.6620616912841797,0.023349106311798096
RoadAccidents,Explosion,6,1,a sudden detonation producing shockwave and expanding smoke plume,53.97665751104831,9.075499181078571,0.6927188038825989,0.6720759272575378,0.020642876625061035
RoadAccidents,Explosion,6,2,a bright flash followed by rapid explosive pressure burst,54.61174386207147,9.113597169581004,0.5757870078086853,0.5506755709648132,0.02511143684387207
RoadAccidents,Explosion,6,3,an object erupting violently with an outward debris cloud,55.59961598907015,9.617951099597853,0.6898862719535828,0.6682295799255371,0.021656692028045654
RoadAccidents,Explosion,6,4,a large fireball appearing immediately after explosive detonation,54.98386734736154,9.290915636325096,0.6862720251083374,0.6644588112831116,0.02181321382522583
RoadAccidents,Explosion,6,5,a shockwave pushing smoke and fragments away from impact,54.86649194896397,9.220967591828204,0.5267717242240906,0.4862249791622162,0.04054674506187439
RoadAccidents,Explosion,6,6,a violent pressure burst scattering debris in every direction,54.43875381130417,9.137190370629227,0.5682186484336853,0.5414578914642334,0.026760756969451904
RoadAccidents,Explosion,6,7,a sudden explosive plume rising from a detonation point,54.29151739201159,9.087882442577008,0.6642662286758423,0.6485922336578369,0.01567399501800537
RoadAccidents,Explosion,6,8,"a rapid blast creating flash, shockwave, and airborne debris",54.64376351098298,9.231744782596321,0.6260298490524292,0.6078722476959229,0.018157601356506348
RoadAccidents,Explosion,6,9,a concentrated detonation expanding outward within seconds,52.61998978361835,8.697039951695226,0.6082237362861633,0.5886600613594055,0.019563674926757812
RoadAccidents,Fighting,7,0,two groups mutually exchanging punches in a crowded brawl,53.882007668713406,8.946788286627614,0.45588448643684387,0.4213615953922272,0.0345228910446167
RoadAccidents,Fighting,7,1,several participants striking each other during mutual combat,53.88575528679763,8.95971220634048,0.4802539050579071,0.45313215255737305,0.027121752500534058
RoadAccidents,Fighting,7,2,opponents separating and reengaging repeatedly in a group fight,54.164188319982344,9.028922949030123,0.4681437313556671,0.42347419261932373,0.044669538736343384
RoadAccidents,Fighting,7,3,multiple people wrestling and swinging arms at each other,53.73399174485931,8.858346388929641,0.5690680742263794,0.5465643405914307,0.02250373363494873
RoadAccidents,Fighting,7,4,a crowd circling two sides fighting each other,52.68714709968745,8.63354710422162,0.5575977563858032,0.5514189600944519,0.006178796291351318
RoadAccidents,Fighting,7,5,"several combatants pushing, grappling, and striking simultaneously",53.53857594747608,8.850281076565972,0.5588635206222534,0.5451240539550781,0.013739466667175293
RoadAccidents,Fighting,7,6,two sides clashing back and forth in public space,54.16757616673048,8.98748544157358,0.5211589932441711,0.4871017336845398,0.03405725955963135
RoadAccidents,Fighting,7,7,multiple participants falling and rejoining a chaotic brawl,54.1461098103441,9.003437099671675,0.5279698371887207,0.504733145236969,0.02323669195175171
RoadAccidents,Fighting,7,8,people on both sides trading blows in close quarters,53.93303523654806,8.958419042733631,0.4621846675872803,0.42419007420539856,0.037994593381881714
RoadAccidents,Fighting,7,9,a mutual street fight with several active combatants,53.73183311684281,8.90101882524329,0.5518161058425903,0.5371137261390686,0.014702379703521729
RoadAccidents,RoadAccidents,8,0,"a vehicle collision causing impact, debris, and disruption",53.72044035786679,9.01000961612234,0.7800106406211853,0.7357999682426453,0.04421067237854004
RoadAccidents,RoadAccidents,8,1,a car striking a pedestrian or cyclist on the road,51.673881112550134,8.44865260193647,0.8436903357505798,0.7847703695297241,0.05891996622085571
RoadAccidents,RoadAccidents,8,2,a motorbike sliding across a lane after a crash,52.96033346755428,9.177584981592304,0.9109240770339966,0.840661883354187,0.07026219367980957
RoadAccidents,RoadAccidents,8,3,vehicles swerving and colliding during a sudden accident,53.43178382254834,9.036421735520667,0.8370296955108643,0.7806376218795776,0.05639207363128662
RoadAccidents,RoadAccidents,8,4,a pedestrian knocked down by a vehicle near a crossing,52.37504546563415,8.52977687246574,0.8555052280426025,0.7946327924728394,0.060872435569763184
RoadAccidents,RoadAccidents,8,5,a damaged vehicle stopped and blocking the roadway,52.644124444080674,9.63157575781102,0.9001968502998352,0.8425248265266418,0.05767202377319336
RoadAccidents,RoadAccidents,8,6,a rider thrown onto pavement after a high speed impact,53.27696222425331,8.871399291014082,0.8453566431999207,0.7839948534965515,0.06136178970336914
RoadAccidents,RoadAccidents,8,7,a traffic accident with a vehicle spinning to a halt,53.168671052091874,8.832860674569776,0.8328815698623657,0.7681344151496887,0.064747154712677
RoadAccidents,RoadAccidents,8,8,a car hitting an obstacle with sudden debris,52.5285778833082,8.790171857920926,0.7986929416656494,0.742580235004425,0.056112706661224365
RoadAccidents,RoadAccidents,8,9,a motorbike rider falling during an intersection collision,52.83867079406836,9.750289625634146,0.94923335313797,0.8968071937561035,0.052426159381866455
RoadAccidents,Robbery,9,0,a threatening person forcing a victim to surrender valuables,51.759686576206285,8.252171380333289,0.5324963331222534,0.4992738664150238,0.033222466707229614
RoadAccidents,Robbery,9,1,an aggressor confronting someone and taking a purse or wallet,51.200931710322386,8.150863150542989,0.5852125883102417,0.5567450523376465,0.028467535972595215
RoadAccidents,Robbery,9,2,a victim handing over belongings under close range intimidation,53.0510857870816,8.58152358114152,0.5670425295829773,0.5398357510566711,0.027206778526306152
RoadAccidents,Robbery,9,3,a robber snatching property and escaping quickly,51.67454069333296,8.227203758263366,0.6618110537528992,0.6273078918457031,0.034503161907196045
RoadAccidents,Robbery,9,4,a person threatening a clerk and demanding money,49.130327747377414,7.777651270564732,0.49304601550102234,0.49733486771583557,-0.004288852214813232
RoadAccidents,Robbery,9,5,an attacker cornering a victim and seizing personal items,52.03458185791953,8.308714385576888,0.6328247785568237,0.6121716499328613,0.020653128623962402
RoadAccidents,Robbery,9,6,a coerced handover of valuables during visible intimidation,52.308577711292536,8.331951943782013,0.5319748520851135,0.49973055720329285,0.03224429488182068
RoadAccidents,Robbery,9,7,a suspect taking valuables while the victim backs away,51.81401204795504,8.204353980911339,0.5566168427467346,0.5286528468132019,0.027963995933532715
RoadAccidents,Robbery,9,8,a person brandishing a weapon to demand property,52.077334685024226,8.234080662316998,0.5661200881004333,0.5397757291793823,0.026344358921051025
RoadAccidents,Robbery,9,9,a robber approaching a victim and leaving with belongings,51.263082208631,8.086292228832184,0.6519384384155273,0.6230491995811462,0.028889238834381104
RoadAccidents,Shooting,10,0,an armed person aiming a firearm and firing shots,53.09410844268836,8.626914079759304,0.5103099942207336,0.48340627551078796,0.02690371870994568
RoadAccidents,Shooting,10,1,a gunman pointing a weapon as people scatter,53.374190427830136,8.62966465112222,0.47440335154533386,0.43939653038978577,0.035006821155548096
RoadAccidents,Shooting,10,2,a muzzle flash appearing as a shooter targets someone,54.42805061405566,9.032261426619339,0.4493662416934967,0.400459349155426,0.04890689253807068
RoadAccidents,Shooting,10,3,a person firing a handgun and causing panic,54.08126102701487,8.891868213116116,0.5465639233589172,0.5122426152229309,0.03432130813598633
RoadAccidents,Shooting,10,4,an armed attacker discharging a weapon in public,51.630648590330644,8.202317751308117,0.557257890701294,0.5411866307258606,0.01607125997543335
RoadAccidents,Shooting,10,5,a victim falling after a nearby firearm is fired,53.5647792931209,8.77497125502341,0.5598663687705994,0.5375046133995056,0.02236175537109375
RoadAccidents,Shooting,10,6,a shooter raising a gun while a crowd runs,53.45420956916427,8.78768231304379,0.47494128346443176,0.4460184872150421,0.02892279624938965
RoadAccidents,Shooting,10,7,a gunfire scene with fear and rapid dispersal,53.62645009631473,8.88268461019572,0.5362179279327393,0.5150879621505737,0.021129965782165527
RoadAccidents,Shooting,10,8,a person aiming a rifle or handgun at a target,52.63525008445726,8.532637658305797,0.5224706530570984,0.5047103762626648,0.017760276794433594
RoadAccidents,Shooting,10,9,an armed shooter firing as people flee the scene,53.48206186676615,8.75245732910956,0.5197280645370483,0.5018283128738403,0.017899751663208008
RoadAccidents,Shoplifting,11,0,a shopper concealing merchandise inside clothing or a bag,51.59656025623664,8.096798612454828,0.5536696314811707,0.5336503386497498,0.0200192928314209
RoadAccidents,Shoplifting,11,1,a person removing a store item without checkout,50.454196321334344,7.864396812977874,0.5567928552627563,0.5426390767097473,0.014153778553009033
RoadAccidents,Shoplifting,11,2,a customer hiding a product and exiting an aisle,51.06119052719824,7.9726020576355126,0.5030977725982666,0.4893937110900879,0.013704061508178711
RoadAccidents,Shoplifting,11,3,a shopper slipping goods into a bag while browsing,50.829557748649165,7.930427178260913,0.5805516839027405,0.5605177879333496,0.02003389596939087
RoadAccidents,Shoplifting,11,4,a person scanning surroundings before pocketing merchandise,49.79416582434266,7.850596991967684,0.5601139664649963,0.5482322573661804,0.011881709098815918
RoadAccidents,Shoplifting,11,5,someone carrying an unpaid item past the cashier,49.51978021868888,7.776790442216698,0.5411128401756287,0.5357481241226196,0.005364716053009033
RoadAccidents,Shoplifting,11,6,concealed goods disappearing beneath a jacket in a store,50.751967063833604,7.99665941389639,0.5825242400169373,0.5675963163375854,0.014927923679351807
RoadAccidents,Shoplifting,11,7,a customer hiding one item while handling shelf products,50.64655406236085,7.918279190098712,0.47654101252555847,0.4688594341278076,0.0076815783977508545
RoadAccidents,Shoplifting,11,8,a shopper leaving a store with concealed unpaid merchandise,50.860737931109824,7.931784392058414,0.5549089908599854,0.5408273935317993,0.014081597328186035
RoadAccidents,Shoplifting,11,9,a retail theft scene with discreet concealment and exit,51.8796403358458,8.305823300255739,0.5875308513641357,0.5649279952049255,0.022602856159210205
RoadAccidents,Stealing,12,0,a person taking unattended property and leaving quickly,54.12956032888422,8.79695115540374,0.5959377884864807,0.562932014465332,0.03300577402114868
RoadAccidents,Stealing,12,1,"a thief grabbing a bicycle, bag, phone, or object",53.12993567157345,9.503957936938738,0.7852796912193298,0.7464025616645813,0.038877129554748535
RoadAccidents,Stealing,12,2,a suspect approaching a valuable item and carrying it away,52.16748738565806,8.272154722101112,0.6416231989860535,0.6143369674682617,0.027286231517791748
RoadAccidents,Stealing,12,3,unattended belongings disappearing after suspicious human contact,54.065311164448474,9.203439527139357,0.7163995504379272,0.6828994750976562,0.033500075340270996
RoadAccidents,Stealing,12,4,a person lifting property while the owner is distracted,52.046844064291065,8.535404314804833,0.6444006562232971,0.612400472164154,0.032000184059143066
RoadAccidents,Stealing,12,5,a thief cutting a lock and taking a bicycle,53.031658134933025,8.695141725189869,0.7041611075401306,0.6730195879936218,0.03114151954650879
RoadAccidents,Stealing,12,6,a suspect removing a package or bag from public space,51.82432549292281,8.264688775772468,0.6574582457542419,0.6262193918228149,0.031238853931427002
RoadAccidents,Stealing,12,7,a person pocketing an unattended item and changing direction,51.88977389514551,8.251536575672597,0.6788832545280457,0.6479100584983826,0.030973196029663086
RoadAccidents,Stealing,12,8,a thief quietly taking property during owner distraction,54.53016571161431,9.065858181729169,0.5510632991790771,0.5097343921661377,0.04132890701293945
RoadAccidents,Stealing,12,9,a thief carrying stolen property away from the scene,52.65395819393365,8.6118167858973,0.6875090599060059,0.6576219201087952,0.029887139797210693
RoadAccidents,Vandalism,13,0,a person smashing a window or door with force,53.377008636629476,8.575355159864156,0.5845241546630859,0.5536300539970398,0.030894100666046143
RoadAccidents,Vandalism,13,1,someone kicking a fixture until visible pieces break,53.76022507144881,8.81574540725524,0.5621041059494019,0.5300242900848389,0.03207981586456299
RoadAccidents,Vandalism,13,2,a suspect spraying graffiti onto a wall with a can,52.5046530894586,8.56253070581757,0.5742762088775635,0.5499773025512695,0.024298906326293945
RoadAccidents,Vandalism,13,3,a person breaking glass with repeated tool impacts,53.40737933358395,8.614004094134058,0.5224903225898743,0.4830537438392639,0.03943657875061035
RoadAccidents,Vandalism,13,4,a vandal throwing an object at a storefront or car,51.5289832069421,8.162101170695786,0.6761462092399597,0.6472110748291016,0.028935134410858154
RoadAccidents,Vandalism,13,5,someone striking public property until visible damage appears,54.0123648161547,8.88181608003024,0.6920687556266785,0.6657924652099609,0.02627629041671753
RoadAccidents,Vandalism,13,6,a person scratching and denting a parked vehicle,51.355513461060035,8.173323455847184,0.7203745245933533,0.6836284399032593,0.036746084690093994
RoadAccidents,Vandalism,13,7,a person painting graffiti directly onto public property,52.42286507238872,8.533761153153488,0.6390160322189331,0.612135112285614,0.026880919933319092
RoadAccidents,Vandalism,13,8,a suspect repeatedly hitting a fixture until it breaks,54.14910790481148,8.845416075225886,0.47314319014549255,0.419579416513443,0.05356377363204956
RoadAccidents,Vandalism,13,9,a person deliberately damaging property without taking anything,53.646807157748164,8.642786428552133,0.6439856886863708,0.6156145334243774,0.028371155261993408
Robbery,Normal,0,0,pedestrians walking calmly along a quiet street,48.2297539910315,43.983023417387244,0.7370033860206604,0.7531281113624573,-0.016124725341796875
Robbery,Normal,0,1,people chatting casually in an ordinary public area,60.46925209115216,55.746653658131336,0.7641798853874207,0.7476394772529602,0.01654040813446045
Robbery,Normal,0,2,vehicles moving normally through regular traffic flow,22.973752112761606,31.777595040333612,0.778100311756134,0.8544545769691467,-0.0763542652130127
Robbery,Normal,0,3,shoppers browsing shelves and paying at checkout,38.116438716188505,36.62162379936302,0.8823081851005554,0.8949247002601624,-0.012616515159606934
Robbery,Normal,0,4,workers performing routine tasks in a calm store,66.68352203638096,62.37751986076654,0.8006817698478699,0.728878915309906,0.07180285453796387
Robbery,Normal,0,5,pedestrians crossing a walkway with regular spacing,34.51903792399782,35.374973717934324,0.6406295895576477,0.7024838328361511,-0.06185424327850342
Robbery,Normal,0,6,people entering and exiting buildings at a steady pace,64.28868120456906,64.32540599384538,0.605398416519165,0.5286846160888672,0.07671380043029785
Robbery,Normal,0,7,a public area with ordinary walking and waiting,49.90767509201537,45.47941831228843,0.6251824498176575,0.6361961364746094,-0.011013686656951904
Robbery,Normal,0,8,people standing calmly near counters and doorways,70.91962803714956,75.21429591780027,0.6933822631835938,0.5875309705734253,0.10585129261016846
Robbery,Normal,0,9,an orderly scene with predictable everyday activity,28.77910121047953,33.42778441753861,0.859402060508728,0.8909841775894165,-0.03158211708068848
Robbery,Abuse,1,0,a surveillance frame of an aggressor striking a vulnerable victim,74.36218837131341,78.82656767134661,0.7361951470375061,0.5427663922309875,0.19342875480651855
Robbery,Abuse,1,1,a person forcefully pushing a helpless victim against furniture,72.40205955563967,73.90107451076982,0.7417217493057251,0.6075887680053711,0.134132981300354
Robbery,Abuse,1,2,a dominant person grabbing and controlling a weaker victim,73.95840706827535,77.0122561611324,0.7404817938804626,0.5860806107521057,0.15440118312835693
Robbery,Abuse,1,3,a victim shielding their body from repeated physical mistreatment,72.3160889935487,73.9158197298999,0.741679310798645,0.6170946955680847,0.1245846152305603
Robbery,Abuse,1,4,an attacker cornering someone and delivering forceful blows,73.61723476154266,76.66924926442572,0.7353270053863525,0.547956645488739,0.18737035989761353
Robbery,Abuse,1,5,a person dragging a resisting victim across the floor,74.88333818085823,79.40872623462512,0.7509915828704834,0.6675759553909302,0.08341562747955322
Robbery,Abuse,1,6,a vulnerable person recoiling from sustained aggressive contact,75.25058199500764,80.66474096720037,0.7478396892547607,0.6397895812988281,0.10805010795593262
Robbery,Abuse,1,7,a stronger aggressor overpowering a weaker person indoors,74.35732916563,79.5425462780672,0.7404900789260864,0.5816064476966858,0.15888363122940063
Robbery,Abuse,1,8,a victim collapsing after repeated blows from another person,72.67314716501559,74.3140909306656,0.7243049740791321,0.529141366481781,0.19516360759735107
Robbery,Abuse,1,9,a hostile person hurting a defenseless target at close range,74.12193802877445,77.97846021017382,0.7241766452789307,0.5122827887535095,0.21189385652542114
Robbery,Arrest,2,0,uniformed police placing handcuffs on a detained suspect,69.48036869223124,68.63756369166357,0.7123512625694275,0.5729727745056152,0.13937848806381226
Robbery,Arrest,2,1,officers escorting a handcuffed person toward a patrol car,67.7957194603011,66.68940590772279,0.7383782863616943,0.6605798006057739,0.07779848575592041
Robbery,Arrest,2,2,law enforcement surrounding a suspect beside a police vehicle,60.63315683670382,58.689063859815306,0.660175621509552,0.6060666441917419,0.05410897731781006
Robbery,Arrest,2,3,a detained suspect kneeling while officers secure handcuffs,73.33213021269536,76.09919936106306,0.7460907101631165,0.6482543349266052,0.09783637523651123
Robbery,Arrest,2,4,police guiding a restrained person during formal detention,70.1633674295386,69.66831444737294,0.7264030575752258,0.6249702572822571,0.10143280029296875
Robbery,Arrest,2,5,uniformed officers searching a suspect beside a patrol car,63.142189002075675,60.70992560520568,0.6823303699493408,0.599858283996582,0.08247208595275879
Robbery,Arrest,2,6,a handcuffed suspect standing between multiple police officers,72.58269118229381,74.01168142319946,0.7474605441093445,0.614277720451355,0.1331828236579895
Robbery,Arrest,2,7,officers controlling a detainee during a roadside arrest,70.44118316986079,71.26528288968339,0.6482763886451721,0.4654698967933655,0.18280649185180664
Robbery,Arrest,2,8,a patrol team moving a suspect into police custody,75.43541870350319,80.69530261972722,0.7383053302764893,0.5819010734558105,0.1564042568206787
Robbery,Arrest,2,9,law enforcement securing wrists of a compliant detained person,74.63729417000447,80.00975199094384,0.7464994192123413,0.6332801580429077,0.1132192611694336
Robbery,Arson,3,0,a person deliberately igniting material near a property entrance,70.29699558583214,69.30328983864108,0.7257925271987915,0.6648097634315491,0.06098276376724243
Robbery,Arson,3,1,a suspicious individual using a lighter on a flammable surface,73.54201051971307,75.63169919733184,0.7478707432746887,0.6791292428970337,0.06874150037765503
Robbery,Arson,3,2,a small flame spreading gradually after human ignition,76.09010322307842,82.88453825054465,0.7043142318725586,0.5741885900497437,0.13012564182281494
Robbery,Arson,3,3,a person pouring accelerant before fire begins growing,74.50749731049974,80.1254665152962,0.7292813658714294,0.6353669762611389,0.09391438961029053
Robbery,Arson,3,4,deliberate fire starting near property without an explosive blast,58.446514279173044,59.14593681374778,0.458070307970047,0.39068400859832764,0.06738629937171936
Robbery,Arson,3,5,a person crouching near combustible material before flames appear,67.584904690652,66.32150359725676,0.7055725455284119,0.6465663313865662,0.0590062141418457
Robbery,Arson,3,6,a slow fire growing after someone lights an object,75.29263281342169,81.43874844988324,0.7336636781692505,0.6549356579780579,0.07872802019119263
Robbery,Arson,3,7,a suspicious person leaving as a small fire spreads,75.31823708952268,80.93771529585065,0.7504640221595764,0.7068111896514893,0.04365283250808716
Robbery,Arson,3,8,visible accelerant or lighter use before property begins burning,65.48507371158044,65.13656976463419,0.6545714735984802,0.5833665728569031,0.07120490074157715
Robbery,Arson,3,9,human ignition causing flames to spread across property,72.02771382549143,79.2173991316646,0.7089135050773621,0.6546466946601868,0.05426681041717529
Robbery,Assault,4,0,an attacker lunging toward a victim with a forceful strike,75.39168585235257,80.54812741415766,0.7538443207740784,0.655677318572998,0.09816700220108032
Robbery,Assault,4,1,"a close range attack with punches, kicks, and defense",74.35985221473483,78.21736113726408,0.7228434681892395,0.4910947382450104,0.23174872994422913
Robbery,Assault,4,2,a victim shielding their face during a rapid attack,75.32150770873267,80.38225017912714,0.7376187443733215,0.5524277687072754,0.18519097566604614
Robbery,Assault,4,3,an aggressor swinging arms repeatedly at another person,75.71912155840333,82.08053368119121,0.7320693135261536,0.5256730914115906,0.206396222114563
Robbery,Assault,4,4,a person punching a victim during a one-sided confrontation,75.85293660722317,81.25901172879537,0.7533891201019287,0.6499804854393005,0.10340863466262817
Robbery,Assault,4,5,an attacker kicking a fallen victim on the ground,73.74245275415339,75.82284854848844,0.7454668283462524,0.6244052648544312,0.12106156349182129
Robbery,Assault,4,6,a victim stumbling backward after a direct body hit,72.85994624503714,74.65455091176074,0.7342336177825928,0.5651654601097107,0.16906815767288208
Robbery,Assault,4,7,an aggressor pursuing a target while continuing to strike,73.3507260190607,76.31969256412926,0.7240164875984192,0.5269380211830139,0.19707846641540527
Robbery,Assault,4,8,a person shoving an opponent hard enough to lose balance,73.81169643514187,77.04529667759796,0.7445084452629089,0.5927964448928833,0.15171200037002563
Robbery,Assault,4,9,a victim recoiling from repeated close range hits,74.57421794238337,78.51229413816124,0.7303277850151062,0.5422399044036865,0.18808788061141968
Robbery,Burglary,5,0,a surveillance frame of an intruder forcing a doorway,73.77590651635836,78.50211521071171,0.7476566433906555,0.6527424454689026,0.09491419792175293
Robbery,Burglary,5,1,a person prying a lock to enter a restricted room,74.27752605690644,80.63909986965227,0.7660835981369019,0.7582520842552185,0.00783151388168335
Robbery,Burglary,5,2,a masked intruder breaking a barrier into private property,74.54319378302013,79.9479166905347,0.7686672210693359,0.771484375,-0.0028171539306640625
Robbery,Burglary,5,3,a suspect searching drawers and shelves after unauthorized entry,73.3690414866366,78.2864349273858,0.7776835560798645,0.7711344957351685,0.006549060344696045
Robbery,Burglary,5,4,an intruder exiting through a damaged entry point,73.63910118711797,76.48765738923704,0.7530041337013245,0.6802805066108704,0.0727236270904541
Robbery,Burglary,5,5,a person climbing through a window into closed property,74.48964907423957,79.34450471413088,0.7598915696144104,0.7260717153549194,0.03381985425949097
Robbery,Burglary,5,6,a suspicious person slipping inside after a doorway opens,74.98640940910423,80.33339598433412,0.7623729705810547,0.7367210388183594,0.025651931762695312
Robbery,Burglary,5,7,a burglar moving quietly through a room collecting valuables,68.70579261704437,72.0638271189839,0.7924999594688416,0.7980905771255493,-0.005590617656707764
Robbery,Burglary,5,8,a person damaging a lock to access an interior space,68.43769528808899,65.5039851838939,0.7495377063751221,0.6959760189056396,0.05356168746948242
Robbery,Burglary,5,9,an intruder exiting a building with bags or electronics,66.39729613237597,62.44673167334649,0.7948909997940063,0.8156948685646057,-0.020803868770599365
Robbery,Explosion,6,0,an instant blast wave with fireball and flying fragments,71.52366468210165,75.1743271448974,0.5705277919769287,0.39656734466552734,0.17396044731140137
Robbery,Explosion,6,1,a sudden detonation producing shockwave and expanding smoke plume,74.39125015915067,80.07065313740746,0.6677098274230957,0.5490758419036865,0.11863398551940918
Robbery,Explosion,6,2,a bright flash followed by rapid explosive pressure burst,72.77406912920931,74.51879402970961,0.6264388561248779,0.36230096220970154,0.2641378939151764
Robbery,Explosion,6,3,an object erupting violently with an outward debris cloud,74.02989345957924,79.08570719995012,0.6977224946022034,0.5803090333938599,0.1174134612083435
Robbery,Explosion,6,4,a large fireball appearing immediately after explosive detonation,73.34633404469302,78.13768087479217,0.6640689969062805,0.5232155919075012,0.1408534049987793
Robbery,Explosion,6,5,a shockwave pushing smoke and fragments away from impact,75.4398106778709,81.1092036505054,0.693903923034668,0.43426990509033203,0.25963401794433594
Robbery,Explosion,6,6,a violent pressure burst scattering debris in every direction,74.54366101433583,78.73497500508957,0.7124356627464294,0.5189722180366516,0.19346344470977783
Robbery,Explosion,6,7,a sudden explosive plume rising from a detonation point,72.25422756734847,77.41858091901307,0.6182948350906372,0.4611418843269348,0.1571529507637024
Robbery,Explosion,6,8,"a rapid blast creating flash, shockwave, and airborne debris",73.14906898319953,76.6875135923617,0.6305220127105713,0.4188074469566345,0.21171456575393677
Robbery,Explosion,6,9,a concentrated detonation expanding outward within seconds,75.05883026303955,82.34099615571975,0.6909743547439575,0.5390921831130981,0.15188217163085938
Robbery,Fighting,7,0,two groups mutually exchanging punches in a crowded brawl,75.76154616186996,81.76481030018785,0.7229521870613098,0.46546804904937744,0.2574841380119324
Robbery,Fighting,7,1,several participants striking each other during mutual combat,75.92218028821162,82.0253865536412,0.7360181212425232,0.5206050872802734,0.21541303396224976
Robbery,Fighting,7,2,opponents separating and reengaging repeatedly in a group fight,75.04285095204222,80.05041075690123,0.7064064741134644,0.4305254817008972,0.27588099241256714
Robbery,Fighting,7,3,multiple people wrestling and swinging arms at each other,76.01310350224914,82.83068395581556,0.7442347407341003,0.6069076061248779,0.1373271346092224
Robbery,Fighting,7,4,a crowd circling two sides fighting each other,75.71388856766737,81.74558909839212,0.7323102355003357,0.5783127546310425,0.1539974808692932
Robbery,Fighting,7,5,"several combatants pushing, grappling, and striking simultaneously",74.9344532867971,79.94226485129923,0.717247486114502,0.4725659489631653,0.24468153715133667
Robbery,Fighting,7,6,two sides clashing back and forth in public space,73.18420477814105,76.35490100610353,0.7206381559371948,0.5420036911964417,0.17863446474075317
Robbery,Fighting,7,7,multiple participants falling and rejoining a chaotic brawl,75.17003131617894,80.34514386704413,0.7229217886924744,0.4698115289211273,0.25311025977134705
Robbery,Fighting,7,8,people on both sides trading blows in close quarters,73.31876739706604,76.14724814073305,0.6900875568389893,0.4388604462146759,0.25122711062431335
Robbery,Fighting,7,9,a mutual street fight with several active combatants,75.56465488542902,81.35863549291354,0.736004114151001,0.5397608280181885,0.1962432861328125
Robbery,RoadAccidents,8,0,"a vehicle collision causing impact, debris, and disruption",65.3079930429257,57.11012423478876,0.6911978721618652,0.6300315856933594,0.06116628646850586
Robbery,RoadAccidents,8,1,a car striking a pedestrian or cyclist on the road,51.2235853695858,45.16732777850085,0.6650238037109375,0.667533814907074,-0.0025100111961364746
Robbery,RoadAccidents,8,2,a motorbike sliding across a lane after a crash,51.62839458151842,44.30893592694227,0.6614425778388977,0.6781297326087952,-0.01668715476989746
Robbery,RoadAccidents,8,3,vehicles swerving and colliding during a sudden accident,54.392628491532015,51.320634404095976,0.5393613576889038,0.5010794997215271,0.03828185796737671
Robbery,RoadAccidents,8,4,a pedestrian knocked down by a vehicle near a crossing,54.7911768038341,49.67228613817467,0.6513948440551758,0.6236517429351807,0.027743101119995117
Robbery,RoadAccidents,8,5,a damaged vehicle stopped and blocking the roadway,49.25887768701809,42.9524338821387,0.7055965065956116,0.7390182614326477,-0.03342175483703613
Robbery,RoadAccidents,8,6,a rider thrown onto pavement after a high speed impact,59.82951897367968,56.45961239335341,0.6758782863616943,0.6114996075630188,0.06437867879867554
Robbery,RoadAccidents,8,7,a traffic accident with a vehicle spinning to a halt,54.52924692824611,50.46382242526308,0.5974946618080139,0.5601608753204346,0.037333786487579346
Robbery,RoadAccidents,8,8,a car hitting an obstacle with sudden debris,67.09646107320697,60.608902872842386,0.7408111691474915,0.7402346730232239,0.0005764961242675781
Robbery,RoadAccidents,8,9,a motorbike rider falling during an intersection collision,48.78734784320184,43.89432818952802,0.6611655950546265,0.6791882514953613,-0.018022656440734863
Robbery,Robbery,9,0,a threatening person forcing a victim to surrender valuables,73.3368025258525,79.76121087868013,0.7642654180526733,0.7749387621879578,-0.010673344135284424
Robbery,Robbery,9,1,an aggressor confronting someone and taking a purse or wallet,74.36209492505026,80.46933393948478,0.7716014981269836,0.8041661381721497,-0.032564640045166016
Robbery,Robbery,9,2,a victim handing over belongings under close range intimidation,71.83783101878622,73.11927278316753,0.7470540404319763,0.6608519554138184,0.08620208501815796
Robbery,Robbery,9,3,a robber snatching property and escaping quickly,73.25185987265611,79.94262598920012,0.7761611342430115,0.8131318092346191,-0.036970674991607666
Robbery,Robbery,9,4,a person threatening a clerk and demanding money,73.66834986748152,80.20210407500048,0.7709318995475769,0.7706742882728577,0.0002576112747192383
Robbery,Robbery,9,5,an attacker cornering a victim and seizing personal items,75.36010101541045,80.85401364097496,0.7588644027709961,0.7364355325698853,0.02242887020111084
Robbery,Robbery,9,6,a coerced handover of valuables during visible intimidation,74.71027570151861,79.1930049582411,0.7593833208084106,0.740364670753479,0.01901865005493164
Robbery,Robbery,9,7,a suspect taking valuables while the victim backs away,73.19074601656101,75.12672434068631,0.7604696750640869,0.7487320303916931,0.011737644672393799
Robbery,Robbery,9,8,a person brandishing a weapon to demand property,75.80275596391573,81.76994319564625,0.7657629251480103,0.7714539766311646,-0.005691051483154297
Robbery,Robbery,9,9,a robber approaching a victim and leaving with belongings,72.89050317308468,76.54528063078897,0.7670037150382996,0.7969457507133484,-0.029942035675048828
Robbery,Shooting,10,0,an armed person aiming a firearm and firing shots,75.08480832419313,80.0753991086419,0.7301729321479797,0.586499035358429,0.14367389678955078
Robbery,Shooting,10,1,a gunman pointing a weapon as people scatter,76.09169180955185,81.92052479962074,0.7504437565803528,0.6583366394042969,0.09210711717605591
Robbery,Shooting,10,2,a muzzle flash appearing as a shooter targets someone,74.9814567571577,79.95304337588355,0.718846321105957,0.4885191023349762,0.23032721877098083
Robbery,Shooting,10,3,a person firing a handgun and causing panic,77.02260348297584,84.09448468274405,0.7478117942810059,0.6517083644866943,0.09610342979431152
Robbery,Shooting,10,4,an armed attacker discharging a weapon in public,76.08421610850047,81.7574612294939,0.7466071248054504,0.6626737117767334,0.08393341302871704
Robbery,Shooting,10,5,a victim falling after a nearby firearm is fired,75.23619127048372,80.09441680006836,0.7394632697105408,0.5971639752388,0.14229929447174072
Robbery,Shooting,10,6,a shooter raising a gun while a crowd runs,74.32079167674134,78.11330088717779,0.7352266311645508,0.545304536819458,0.18992209434509277
Robbery,Shooting,10,7,a gunfire scene with fear and rapid dispersal,75.57474708184841,80.97643720772612,0.7337837815284729,0.592239499092102,0.14154428243637085
Robbery,Shooting,10,8,a person aiming a rifle or handgun at a target,75.30992037210302,80.36314119050223,0.741462230682373,0.6224856972694397,0.11897653341293335
Robbery,Shooting,10,9,an armed shooter firing as people flee the scene,75.45980817818332,80.80323541325657,0.7276650667190552,0.5725904703140259,0.1550745964050293
Robbery,Shoplifting,11,0,a shopper concealing merchandise inside clothing or a bag,74.36433763536567,79.37695505734655,0.7680327296257019,0.7608141303062439,0.007218599319458008
Robbery,Shoplifting,11,1,a person removing a store item without checkout,72.88181267061245,78.64077397058344,0.7736223936080933,0.782898485660553,-0.009276092052459717
Robbery,Shoplifting,11,2,a customer hiding a product and exiting an aisle,72.40121853927137,76.38471734604401,0.7621663212776184,0.7437252998352051,0.01844102144241333
Robbery,Shoplifting,11,3,a shopper slipping goods into a bag while browsing,75.74640786724089,81.30227595945708,0.7758547067642212,0.7804882526397705,-0.004633545875549316
Robbery,Shoplifting,11,4,a person scanning surroundings before pocketing merchandise,73.13383724230734,79.02597032189976,0.7729096412658691,0.7696055769920349,0.0033040642738342285
Robbery,Shoplifting,11,5,someone carrying an unpaid item past the cashier,72.34701970664884,77.02637785386528,0.7614856362342834,0.7500139474868774,0.011471688747406006
Robbery,Shoplifting,11,6,concealed goods disappearing beneath a jacket in a store,74.5751524050148,81.22847071456856,0.7277606725692749,0.679264485836029,0.04849618673324585
Robbery,Shoplifting,11,7,a customer hiding one item while handling shelf products,72.8713466891405,74.84243301295932,0.7531669735908508,0.6890900731086731,0.06407690048217773
Robbery,Shoplifting,11,8,a shopper leaving a store with concealed unpaid merchandise,73.6349895515397,79.84112714445989,0.7601337432861328,0.7455894947052002,0.014544248580932617
Robbery,Shoplifting,11,9,a retail theft scene with discreet concealment and exit,76.04562280182267,82.93114036321384,0.7484009861946106,0.6955485939979553,0.05285239219665527
Robbery,Stealing,12,0,a person taking unattended property and leaving quickly,73.58733195733711,76.6429224922033,0.7561675906181335,0.7557195425033569,0.00044804811477661133
Robbery,Stealing,12,1,"a thief grabbing a bicycle, bag, phone, or object",57.65661301683084,48.16971668665544,0.8553888201713562,0.878816545009613,-0.023427724838256836
Robbery,Stealing,12,2,a suspect approaching a valuable item and carrying it away,70.25204793326068,69.10216369659224,0.7612264752388,0.7836248874664307,-0.022398412227630615
Robbery,Stealing,12,3,unattended belongings disappearing after suspicious human contact,63.491023902386026,55.492312529750386,0.7670401334762573,0.8065646886825562,-0.03952455520629883
Robbery,Stealing,12,4,a person lifting property while the owner is distracted,65.08054483843723,56.440902676998064,0.7745000720024109,0.8007559180259705,-0.02625584602355957
Robbery,Stealing,12,5,a thief cutting a lock and taking a bicycle,62.48245838429075,56.48819975171514,0.7643389105796814,0.7881708741188049,-0.023831963539123535
Robbery,Stealing,12,6,a suspect removing a package or bag from public space,69.21264514832842,65.20151722162652,0.7588625550270081,0.7716874480247498,-0.0128248929977417
Robbery,Stealing,12,7,a person pocketing an unattended item and changing direction,70.98410595871778,71.44895865719279,0.7636357545852661,0.795037567615509,-0.03140181303024292
Robbery,Stealing,12,8,a thief quietly taking property during owner distraction,72.9267603231839,75.2683115455268,0.7564914226531982,0.7449923753738403,0.01149904727935791
Robbery,Stealing,12,9,a thief carrying stolen property away from the scene,65.92698108998057,57.945701600926554,0.7665905952453613,0.8034732341766357,-0.036882638931274414
Robbery,Vandalism,13,0,a person smashing a window or door with force,75.84181650190922,82.95076216667196,0.7564864158630371,0.7314985394477844,0.024987876415252686
Robbery,Vandalism,13,1,someone kicking a fixture until visible pieces break,75.4798056784958,82.10380245699564,0.7471570372581482,0.6699947714805603,0.07716226577758789
Robbery,Vandalism,13,2,a suspect spraying graffiti onto a wall with a can,70.32409500214342,67.93162523162944,0.704342246055603,0.5858502984046936,0.11849194765090942
Robbery,Vandalism,13,3,a person breaking glass with repeated tool impacts,74.80045134545097,81.01026478371068,0.7584736943244934,0.7287353277206421,0.02973836660385132
Robbery,Vandalism,13,4,a vandal throwing an object at a storefront or car,74.42928278824961,79.39021107488018,0.7553662061691284,0.7567552328109741,-0.0013890266418457031
Robbery,Vandalism,13,5,someone striking public property until visible damage appears,75.91517181847595,83.02163212482128,0.7587612271308899,0.7705122828483582,-0.011751055717468262
Robbery,Vandalism,13,6,a person scratching and denting a parked vehicle,66.13863687599797,59.024543762251284,0.7284829020500183,0.7108454704284668,0.017637431621551514
Robbery,Vandalism,13,7,a person painting graffiti directly onto public property,71.23491572899181,73.54734741552153,0.7254465818405151,0.6535176038742065,0.0719289779663086
Robbery,Vandalism,13,8,a suspect repeatedly hitting a fixture until it breaks,75.11265531060954,81.20849963517975,0.7466220259666443,0.6186903715133667,0.1279316544532776
Robbery,Vandalism,13,9,a person deliberately damaging property without taking anything,74.86399480438777,80.99434816234444,0.7625288367271423,0.7840665578842163,-0.021537721157073975
Shooting,Normal,0,0,pedestrians walking calmly along a quiet street,45.44218275784039,10.82356452338287,0.6982206702232361,0.7090239524841309,-0.010803282260894775
Shooting,Normal,0,1,people chatting casually in an ordinary public area,48.311651849105075,11.254133277644142,0.6593698859214783,0.6318907141685486,0.027479171752929688
Shooting,Normal,0,2,vehicles moving normally through regular traffic flow,38.78149500767596,9.81890232298855,0.7337855100631714,0.7945227026939392,-0.06073719263076782
Shooting,Normal,0,3,shoppers browsing shelves and paying at checkout,40.39945841806922,9.932076083552548,0.701842188835144,0.7500802278518677,-0.04823803901672363
Shooting,Normal,0,4,workers performing routine tasks in a calm store,54.19545797049229,12.619567802032398,0.6394376158714294,0.580060601234436,0.05937701463699341
Shooting,Normal,0,5,pedestrians crossing a walkway with regular spacing,46.54638012158764,11.094689173059358,0.6690585017204285,0.6783651113510132,-0.009306609630584717
Shooting,Normal,0,6,people entering and exiting buildings at a steady pace,51.922107852126956,12.242475269118023,0.6233042478561401,0.5845683813095093,0.03873586654663086
Shooting,Normal,0,7,a public area with ordinary walking and waiting,47.12805608964669,11.197693756945915,0.6165730357170105,0.6193880438804626,-0.0028150081634521484
Shooting,Normal,0,8,people standing calmly near counters and doorways,52.789945232558,12.352580339584316,0.5875056982040405,0.5532315373420715,0.034274160861968994
Shooting,Normal,0,9,an orderly scene with predictable everyday activity,37.31804788650396,9.556063892399195,0.7255797982215881,0.7886372804641724,-0.06305748224258423
Shooting,Abuse,1,0,a surveillance frame of an aggressor striking a vulnerable victim,58.23968137011741,13.8381937913374,0.8212811350822449,0.6118409633636475,0.2094401717185974
Shooting,Abuse,1,1,a person forcefully pushing a helpless victim against furniture,60.647911588871594,14.675318804677447,0.8494269847869873,0.6235421299934387,0.22588485479354858
Shooting,Abuse,1,2,a dominant person grabbing and controlling a weaker victim,59.42450223882641,14.359022389288608,0.8473844528198242,0.623929500579834,0.22345495223999023
Shooting,Abuse,1,3,a victim shielding their body from repeated physical mistreatment,60.00313019411132,14.801379469668044,0.8402443528175354,0.6315789818763733,0.2086653709411621
Shooting,Abuse,1,4,an attacker cornering someone and delivering forceful blows,56.911439077087444,13.415111651893326,0.8168820142745972,0.6165052652359009,0.2003767490386963
Shooting,Abuse,1,5,a person dragging a resisting victim across the floor,62.42900887423908,16.37097302055352,0.8804887533187866,0.6527507901191711,0.22773796319961548
Shooting,Abuse,1,6,a vulnerable person recoiling from sustained aggressive contact,61.59608956750975,15.618641791063387,0.8565383553504944,0.6273273229598999,0.22921103239059448
Shooting,Abuse,1,7,a stronger aggressor overpowering a weaker person indoors,59.647873112015425,14.27662104288236,0.8357489705085754,0.6138009428977966,0.2219480276107788
Shooting,Abuse,1,8,a victim collapsing after repeated blows from another person,57.32369818016001,13.51755441792229,0.8109378814697266,0.6139923930168152,0.19694548845291138
Shooting,Abuse,1,9,a hostile person hurting a defenseless target at close range,56.344946591548265,13.176857833575678,0.7808685302734375,0.5999179482460022,0.1809505820274353
Shooting,Arrest,2,0,uniformed police placing handcuffs on a detained suspect,56.86477176286155,14.719370222534542,0.7578259110450745,0.6131434440612793,0.14468246698379517
Shooting,Arrest,2,1,officers escorting a handcuffed person toward a patrol car,57.44843545837948,15.031378263324346,0.8249295353889465,0.6599979400634766,0.16493159532546997
Shooting,Arrest,2,2,law enforcement surrounding a suspect beside a police vehicle,56.98262333667837,14.670734142849618,0.7638600468635559,0.638485848903656,0.1253741979598999
Shooting,Arrest,2,3,a detained suspect kneeling while officers secure handcuffs,57.422720464409885,14.587987801114433,0.8434183597564697,0.6503710746765137,0.19304728507995605
Shooting,Arrest,2,4,police guiding a restrained person during formal detention,59.11203295832941,14.378755413308586,0.803199052810669,0.6384873390197754,0.16471171379089355
Shooting,Arrest,2,5,uniformed officers searching a suspect beside a patrol car,56.89284964324728,14.474317922423555,0.7729888558387756,0.64357590675354,0.1294129490852356
Shooting,Arrest,2,6,a handcuffed suspect standing between multiple police officers,57.62929897666553,13.75314577243542,0.8344939351081848,0.6259645819664001,0.20852935314178467
Shooting,Arrest,2,7,officers controlling a detainee during a roadside arrest,53.94262051376097,13.238863688300162,0.6428964734077454,0.5667086839675903,0.07618778944015503
Shooting,Arrest,2,8,a patrol team moving a suspect into police custody,56.755217967161975,13.518626866460009,0.7903250455856323,0.6185746192932129,0.17175042629241943
Shooting,Arrest,2,9,law enforcement securing wrists of a compliant detained person,60.30060049649366,14.893803322041126,0.8284440636634827,0.6208855509757996,0.2075585126876831
Shooting,Arson,3,0,a person deliberately igniting material near a property entrance,64.00417956291598,18.719557453029317,0.8644305467605591,0.6641865968704224,0.20024394989013672
Shooting,Arson,3,1,a suspicious individual using a lighter on a flammable surface,63.44411767091326,17.72576809957146,0.8864696025848389,0.6604008078575134,0.22606879472732544
Shooting,Arson,3,2,a small flame spreading gradually after human ignition,55.25900040356494,12.956365602446485,0.8161565661430359,0.647140622138977,0.16901594400405884
Shooting,Arson,3,3,a person pouring accelerant before fire begins growing,60.50133144913333,17.121740536003433,0.8415313959121704,0.6385944485664368,0.20293694734573364
Shooting,Arson,3,4,deliberate fire starting near property without an explosive blast,51.513251010286545,12.266961143256342,0.6519795656204224,0.6093435287475586,0.04263603687286377
Shooting,Arson,3,5,a person crouching near combustible material before flames appear,58.07231127399945,15.787385397517456,0.8325547575950623,0.675401508808136,0.15715324878692627
Shooting,Arson,3,6,a slow fire growing after someone lights an object,57.81905929737109,18.054433417920627,0.8485526442527771,0.6562544703483582,0.19229817390441895
Shooting,Arson,3,7,a suspicious person leaving as a small fire spreads,60.87081259084199,16.559142664386236,0.885927140712738,0.6651807427406311,0.22074639797210693
Shooting,Arson,3,8,visible accelerant or lighter use before property begins burning,57.26615986637884,14.138081819187565,0.7990164756774902,0.6499878764152527,0.14902859926223755
Shooting,Arson,3,9,human ignition causing flames to spread across property,56.44773891581137,13.42109128050831,0.8391655683517456,0.6790135502815247,0.16015201807022095
Shooting,Assault,4,0,an attacker lunging toward a victim with a forceful strike,59.68331025811051,14.48153912240309,0.8890398144721985,0.6559150815010071,0.2331247329711914
Shooting,Assault,4,1,"a close range attack with punches, kicks, and defense",55.36557998825244,12.878970936306244,0.7874177694320679,0.6150570511817932,0.17236071825027466
Shooting,Assault,4,2,a victim shielding their face during a rapid attack,57.181789691961825,13.39728307030949,0.8165289163589478,0.6136080026626587,0.20292091369628906
Shooting,Assault,4,3,an aggressor swinging arms repeatedly at another person,56.788792848793754,13.283552606887739,0.7537462115287781,0.5725273489952087,0.18121886253356934
Shooting,Assault,4,4,a person punching a victim during a one-sided confrontation,61.98513555634747,16.461706149879976,0.8691776394844055,0.6310482025146484,0.23812943696975708
Shooting,Assault,4,5,an attacker kicking a fallen victim on the ground,57.20266821045602,13.710912370264822,0.8544957637786865,0.6513551473617554,0.20314061641693115
Shooting,Assault,4,6,a victim stumbling backward after a direct body hit,58.087807183978846,13.81466909200546,0.8347407579421997,0.6270281672477722,0.2077125906944275
Shooting,Assault,4,7,an aggressor pursuing a target while continuing to strike,56.22974450099034,13.158797196077954,0.7768632769584656,0.6003149151802063,0.17654836177825928
Shooting,Assault,4,8,a person shoving an opponent hard enough to lose balance,57.62036158327689,13.603506719311795,0.847578227519989,0.6314610838890076,0.21611714363098145
Shooting,Assault,4,9,a victim recoiling from repeated close range hits,56.403899439102766,13.168255437045667,0.7778810262680054,0.5962629914283752,0.18161803483963013
Shooting,Burglary,5,0,a surveillance frame of an intruder forcing a doorway,66.51260305387846,18.566051742888153,0.8684484362602234,0.6293817758560181,0.23906666040420532
Shooting,Burglary,5,1,a person prying a lock to enter a restricted room,71.12723535255083,26.788275862234272,0.8978003263473511,0.6545206904411316,0.24327963590621948
Shooting,Burglary,5,2,a masked intruder breaking a barrier into private property,70.06198071859777,24.918766087977506,0.9129883050918579,0.6819581985473633,0.23103010654449463
Shooting,Burglary,5,3,a suspect searching drawers and shelves after unauthorized entry,71.14302892963728,27.2237658091511,0.8701956868171692,0.6402391195297241,0.22995656728744507
Shooting,Burglary,5,4,an intruder exiting through a damaged entry point,63.818762475909196,17.22003611871278,0.8840569853782654,0.6466827988624573,0.2373741865158081
Shooting,Burglary,5,5,a person climbing through a window into closed property,70.11893107834099,31.69995421693959,0.8817431926727295,0.6606577634811401,0.22108542919158936
Shooting,Burglary,5,6,a suspicious person slipping inside after a doorway opens,70.03891889797518,25.266783433150326,0.8974564671516418,0.6583613157272339,0.23909515142440796
Shooting,Burglary,5,7,a burglar moving quietly through a room collecting valuables,71.89453997266797,25.614149221227073,0.8979718685150146,0.6650664806365967,0.23290538787841797
Shooting,Burglary,5,8,a person damaging a lock to access an interior space,72.02801045940099,35.48986365801067,0.8787620663642883,0.646880030632019,0.2318820357322693
Shooting,Burglary,5,9,an intruder exiting a building with bags or electronics,70.48356221425121,38.359818693227716,0.8989814519882202,0.6786017417907715,0.22037971019744873
Shooting,Explosion,6,0,an instant blast wave with fireball and flying fragments,55.7342124096971,13.370591907402558,0.7534045577049255,0.6218642592430115,0.13154029846191406
Shooting,Explosion,6,1,a sudden detonation producing shockwave and expanding smoke plume,54.56092429634344,12.769226052992465,0.8120124340057373,0.6677421927452087,0.14427024126052856
Shooting,Explosion,6,2,a bright flash followed by rapid explosive pressure burst,55.94914528142092,13.156190698072207,0.7368934154510498,0.5953730940818787,0.14152032136917114
Shooting,Explosion,6,3,an object erupting violently with an outward debris cloud,58.13152734783873,13.944086521220022,0.8409340381622314,0.660508394241333,0.18042564392089844
Shooting,Explosion,6,4,a large fireball appearing immediately after explosive detonation,54.73149492887721,12.974399050282887,0.7977873086929321,0.6528671383857727,0.14492017030715942
Shooting,Explosion,6,5,a shockwave pushing smoke and fragments away from impact,57.11711474778689,13.470661621954077,0.7824264764785767,0.6008354425430298,0.18159103393554688
Shooting,Explosion,6,6,a violent pressure burst scattering debris in every direction,56.58165098308753,13.259642285476309,0.8052236437797546,0.6277545690536499,0.17746907472610474
Shooting,Explosion,6,7,a sudden explosive plume rising from a detonation point,53.71669363954504,12.633938997465727,0.7835291028022766,0.6540943384170532,0.1294347643852234
Shooting,Explosion,6,8,"a rapid blast creating flash, shockwave, and airborne debris",57.76427009922761,13.820350478579199,0.770065426826477,0.6168786883354187,0.15318673849105835
Shooting,Explosion,6,9,a concentrated detonation expanding outward within seconds,52.916347970541864,12.309004755235446,0.7600162625312805,0.6321356296539307,0.12788063287734985
Shooting,Fighting,7,0,two groups mutually exchanging punches in a crowded brawl,55.52302866748728,12.925073396724773,0.708702802658081,0.5561302304267883,0.15257257223129272
Shooting,Fighting,7,1,several participants striking each other during mutual combat,55.066471286751785,12.780069238195408,0.7455435991287231,0.5854318141937256,0.16011178493499756
Shooting,Fighting,7,2,opponents separating and reengaging repeatedly in a group fight,55.17574955587291,12.860929433702381,0.720268964767456,0.5733287930488586,0.1469401717185974
Shooting,Fighting,7,3,multiple people wrestling and swinging arms at each other,56.54507482979757,13.409599183615104,0.8340931534767151,0.6342970132827759,0.1997961401939392
Shooting,Fighting,7,4,a crowd circling two sides fighting each other,53.314232950418784,12.310258413304872,0.7584910988807678,0.6136288642883301,0.14486223459243774
Shooting,Fighting,7,5,"several combatants pushing, grappling, and striking simultaneously",54.082501913560534,12.564861349742513,0.7539353370666504,0.6150211691856384,0.13891416788101196
Shooting,Fighting,7,6,two sides clashing back and forth in public space,55.63972155363933,13.068907653475742,0.7873110175132751,0.6128045916557312,0.17450642585754395
Shooting,Fighting,7,7,multiple participants falling and rejoining a chaotic brawl,55.260011487705526,12.873726914696515,0.7496570944786072,0.5911321640014648,0.15852493047714233
Shooting,Fighting,7,8,people on both sides trading blows in close quarters,55.16907787658032,12.807943974539896,0.7166529297828674,0.5700351595878601,0.14661777019500732
Shooting,Fighting,7,9,a mutual street fight with several active combatants,55.08052806237048,12.825406118653609,0.8013134002685547,0.6228280663490295,0.17848533391952515
Shooting,RoadAccidents,8,0,"a vehicle collision causing impact, debris, and disruption",58.84822609969335,15.323216834494453,0.8250749111175537,0.6616452932357788,0.1634296178817749
Shooting,RoadAccidents,8,1,a car striking a pedestrian or cyclist on the road,60.024087434485075,25.349152004240672,0.8231056928634644,0.6826111674308777,0.14049452543258667
Shooting,RoadAccidents,8,2,a motorbike sliding across a lane after a crash,58.878590604674365,17.23777266680661,0.8577987551689148,0.7214838862419128,0.13631486892700195
Shooting,RoadAccidents,8,3,vehicles swerving and colliding during a sudden accident,55.442604427283136,14.367536021793056,0.7526132464408875,0.6479148268699646,0.10469841957092285
Shooting,RoadAccidents,8,4,a pedestrian knocked down by a vehicle near a crossing,57.041964873513194,15.802334894797498,0.8191925883293152,0.6889889240264893,0.13020366430282593
Shooting,RoadAccidents,8,5,a damaged vehicle stopped and blocking the roadway,59.45149892339758,21.742316442241318,0.8504964709281921,0.7089201211929321,0.14157634973526
Shooting,RoadAccidents,8,6,a rider thrown onto pavement after a high speed impact,58.29607329652753,17.52710008245323,0.851414144039154,0.7089556455612183,0.1424584984779358
Shooting,RoadAccidents,8,7,a traffic accident with a vehicle spinning to a halt,57.814391335919126,15.572297187379927,0.8062630295753479,0.6574134826660156,0.14884954690933228
Shooting,RoadAccidents,8,8,a car hitting an obstacle with sudden debris,59.949478773133336,16.58949064708558,0.8798994421958923,0.6930878162384033,0.186811625957489
Shooting,RoadAccidents,8,9,a motorbike rider falling during an intersection collision,56.15331416614444,17.27072515048331,0.8402225375175476,0.7444577813148499,0.09576475620269775
Shooting,Robbery,9,0,a threatening person forcing a victim to surrender valuables,68.23421857906315,18.970089133545205,0.9153698682785034,0.6646308302879333,0.25073903799057007
Shooting,Robbery,9,1,an aggressor confronting someone and taking a purse or wallet,66.92233813668771,17.675673319664497,0.9248247146606445,0.6919676065444946,0.2328571081161499
Shooting,Robbery,9,2,a victim handing over belongings under close range intimidation,62.355674523312686,16.8059019415996,0.8640753626823425,0.6391469836235046,0.2249283790588379
Shooting,Robbery,9,3,a robber snatching property and escaping quickly,71.09602950748202,24.24718403599429,0.9241174459457397,0.6951397657394409,0.22897768020629883
Shooting,Robbery,9,4,a person threatening a clerk and demanding money,68.19842964456879,17.865447731726654,0.8502539396286011,0.6250455379486084,0.22520840167999268
Shooting,Robbery,9,5,an attacker cornering a victim and seizing personal items,65.02354303117444,18.14409614253102,0.910236656665802,0.6747130751609802,0.23552358150482178
Shooting,Robbery,9,6,a coerced handover of valuables during visible intimidation,63.58466820668907,18.540758804673406,0.8673446178436279,0.6318684220314026,0.23547619581222534
Shooting,Robbery,9,7,a suspect taking valuables while the victim backs away,66.3073677336928,18.035005509252684,0.9093136191368103,0.655993640422821,0.25331997871398926
Shooting,Robbery,9,8,a person brandishing a weapon to demand property,65.45419230332955,18.577945507427064,0.9036551117897034,0.6641764044761658,0.2394787073135376
Shooting,Robbery,9,9,a robber approaching a victim and leaving with belongings,71.35533691868956,24.14794617485351,0.9267194867134094,0.6885582208633423,0.23816126585006714
Shooting,Shooting,10,0,an armed person aiming a firearm and firing shots,60.32715683055104,15.203748317819521,0.8172045350074768,0.610558271408081,0.20664626359939575
Shooting,Shooting,10,1,a gunman pointing a weapon as people scatter,61.238714374842,15.014110352312093,0.8549637198448181,0.6205319166183472,0.23443180322647095
Shooting,Shooting,10,2,a muzzle flash appearing as a shooter targets someone,57.38710865414453,13.524747552692165,0.780773401260376,0.5899865627288818,0.19078683853149414
Shooting,Shooting,10,3,a person firing a handgun and causing panic,61.552930297041705,15.494306649513739,0.8610346913337708,0.6316313743591309,0.2294033169746399
Shooting,Shooting,10,4,an armed attacker discharging a weapon in public,60.32833765874442,16.682681938554634,0.8349907994270325,0.6272740960121155,0.207716703414917
Shooting,Shooting,10,5,a victim falling after a nearby firearm is fired,59.59480964507542,14.870909095382,0.8380306959152222,0.6266656517982483,0.21136504411697388
Shooting,Shooting,10,6,a shooter raising a gun while a crowd runs,57.391935289384975,13.500848996038739,0.7953215837478638,0.5951898694038391,0.20013171434402466
Shooting,Shooting,10,7,a gunfire scene with fear and rapid dispersal,57.73512578337975,13.797677195871247,0.8335023522377014,0.6277807354927063,0.20572161674499512
Shooting,Shooting,10,8,a person aiming a rifle or handgun at a target,59.047515457913605,14.128260346724645,0.835372269153595,0.6240333318710327,0.21133893728256226
Shooting,Shooting,10,9,an armed shooter firing as people flee the scene,57.432481977475156,13.606172447750915,0.8090437650680542,0.6154198050498962,0.19362396001815796
Shooting,Shoplifting,11,0,a shopper concealing merchandise inside clothing or a bag,71.31523058111316,26.528713895604376,0.8446874618530273,0.608303427696228,0.23638403415679932
Shooting,Shoplifting,11,1,a person removing a store item without checkout,68.58204382371696,19.66219066191957,0.8534343242645264,0.6283190846443176,0.22511523962020874
Shooting,Shoplifting,11,2,a customer hiding a product and exiting an aisle,68.52252762271185,19.4200625559779,0.8268269896507263,0.5973733067512512,0.2294536828994751
Shooting,Shoplifting,11,3,a shopper slipping goods into a bag while browsing,70.69213706417128,31.797561859328283,0.8579679131507874,0.6326941251754761,0.22527378797531128
Shooting,Shoplifting,11,4,a person scanning surroundings before pocketing merchandise,67.70568725988242,19.068571857053147,0.8529891967773438,0.6276921033859253,0.22529709339141846
Shooting,Shoplifting,11,5,someone carrying an unpaid item past the cashier,66.43570407784334,18.8102803183687,0.8014780282974243,0.5945340991020203,0.20694392919540405
Shooting,Shoplifting,11,6,concealed goods disappearing beneath a jacket in a store,65.73357133376581,18.164358116580104,0.7828690409660339,0.5977736711502075,0.18509536981582642
Shooting,Shoplifting,11,7,a customer hiding one item while handling shelf products,69.15703335213101,23.888921490755035,0.7956801056861877,0.5700373649597168,0.22564274072647095
Shooting,Shoplifting,11,8,a shopper leaving a store with concealed unpaid merchandise,71.27821899742689,26.385887818498897,0.8534707427024841,0.6113941669464111,0.242076575756073
Shooting,Shoplifting,11,9,a retail theft scene with discreet concealment and exit,67.49765977303113,21.46729036728358,0.8429164290428162,0.6248023509979248,0.21811407804489136
Shooting,Stealing,12,0,a person taking unattended property and leaving quickly,69.17176172378468,23.322050315913827,0.8933472633361816,0.6608687043190002,0.2324785590171814
Shooting,Stealing,12,1,"a thief grabbing a bicycle, bag, phone, or object",72.75064902307416,26.884810850878733,0.9214810132980347,0.7170126438140869,0.20446836948394775
Shooting,Stealing,12,2,a suspect approaching a valuable item and carrying it away,68.9496233400225,21.947890306672186,0.9040592908859253,0.6757543683052063,0.228304922580719
Shooting,Stealing,12,3,unattended belongings disappearing after suspicious human contact,72.33578717785868,28.402119882560413,0.886483907699585,0.6811951994895935,0.20528870820999146
Shooting,Stealing,12,4,a person lifting property while the owner is distracted,71.03884298210012,46.56717328065099,0.8893402814865112,0.6749167442321777,0.2144235372543335
Shooting,Stealing,12,5,a thief cutting a lock and taking a bicycle,71.72768156876714,29.73407144736253,0.9014669060707092,0.6816611886024475,0.21980571746826172
Shooting,Stealing,12,6,a suspect removing a package or bag from public space,73.55428994075449,28.942336813098528,0.8755216598510742,0.656554102897644,0.21896755695343018
Shooting,Stealing,12,7,a person pocketing an unattended item and changing direction,72.99933267062939,29.748091145093863,0.8969178795814514,0.6722703576087952,0.22464752197265625
Shooting,Stealing,12,8,a thief quietly taking property during owner distraction,70.28195917078955,26.086414388581254,0.8868128657341003,0.6547941565513611,0.23201870918273926
Shooting,Stealing,12,9,a thief carrying stolen property away from the scene,72.16027305729449,26.543655572413144,0.9071935415267944,0.6857649683952332,0.22142857313156128
Shooting,Vandalism,13,0,a person smashing a window or door with force,69.30838354575877,25.61751896014074,0.9013564586639404,0.663561999797821,0.23779445886611938
Shooting,Vandalism,13,1,someone kicking a fixture until visible pieces break,57.0880565339948,13.512189826068907,0.8307626843452454,0.6273881196975708,0.20337456464767456
Shooting,Vandalism,13,2,a suspect spraying graffiti onto a wall with a can,66.04749696903467,22.375524127947603,0.8214288353919983,0.6220570802688599,0.19937175512313843
Shooting,Vandalism,13,3,a person breaking glass with repeated tool impacts,62.17330052896259,16.2943185890675,0.8854387402534485,0.6528917551040649,0.23254698514938354
Shooting,Vandalism,13,4,a vandal throwing an object at a storefront or car,72.29076933301542,26.220755061088735,0.8875746130943298,0.6684503555297852,0.21912425756454468
Shooting,Vandalism,13,5,someone striking public property until visible damage appears,61.690017070116944,17.866211460916354,0.8967302441596985,0.6846911311149597,0.21203911304473877
Shooting,Vandalism,13,6,a person scratching and denting a parked vehicle,67.00785223841706,24.4367323132673,0.8341491222381592,0.6463826298713684,0.18776649236679077
Shooting,Vandalism,13,7,a person painting graffiti directly onto public property,61.288555164837575,15.410482099822776,0.81557697057724,0.6426794528961182,0.17289751768112183
Shooting,Vandalism,13,8,a suspect repeatedly hitting a fixture until it breaks,63.71944744466973,16.269532398434755,0.8512405157089233,0.6080494523048401,0.24319106340408325
Shooting,Vandalism,13,9,a person deliberately damaging property without taking anything,68.38970905154397,20.18719104701682,0.9165859222412109,0.6804011464118958,0.23618477582931519
Shoplifting,Normal,0,0,pedestrians walking calmly along a quiet street,40.38834336000623,7.811743874643073,0.6182605028152466,0.6699348092079163,-0.05167430639266968
Shoplifting,Normal,0,1,people chatting casually in an ordinary public area,39.61298678036719,7.766914512093205,0.6916158199310303,0.7555750608444214,-0.06395924091339111
Shoplifting,Normal,0,2,vehicles moving normally through regular traffic flow,39.95791990343244,7.653756152565627,0.6797621846199036,0.7212109565734863,-0.041448771953582764
Shoplifting,Normal,0,3,shoppers browsing shelves and paying at checkout,33.25257948328563,7.051862340512163,0.8674639463424683,0.9144392609596252,-0.04697531461715698
Shoplifting,Normal,0,4,workers performing routine tasks in a calm store,41.122904814749916,8.046594482919614,0.7450422048568726,0.7706947326660156,-0.025652527809143066
Shoplifting,Normal,0,5,pedestrians crossing a walkway with regular spacing,41.566125031637554,7.906375823670467,0.5509700775146484,0.5990342497825623,-0.04806417226791382
Shoplifting,Normal,0,6,people entering and exiting buildings at a steady pace,46.22254463329634,8.989376755426386,0.397199422121048,0.4072028398513794,-0.010003417730331421
Shoplifting,Normal,0,7,a public area with ordinary walking and waiting,40.823078091232986,7.903355271452023,0.47782447934150696,0.5323132872581482,-0.054488807916641235
Shoplifting,Normal,0,8,people standing calmly near counters and doorways,41.9975141638923,8.003392884400562,0.5128423571586609,0.5539308786392212,-0.0410885214805603
Shoplifting,Normal,0,9,an orderly scene with predictable everyday activity,33.11311410937835,7.011274990168154,0.8239889144897461,0.8849983215332031,-0.06100940704345703
Shoplifting,Abuse,1,0,a surveillance frame of an aggressor striking a vulnerable victim,60.53069330062496,38.57063467495935,0.6126749515533447,0.5451716184616089,0.06750333309173584
Shoplifting,Abuse,1,1,a person forcefully pushing a helpless victim against furniture,60.330661371025826,31.511450377540896,0.6539170742034912,0.6128328442573547,0.041084229946136475
Shoplifting,Abuse,1,2,a dominant person grabbing and controlling a weaker victim,60.64755251834978,38.77931544686889,0.6264816522598267,0.5719961524009705,0.0544854998588562
Shoplifting,Abuse,1,3,a victim shielding their body from repeated physical mistreatment,60.71999688491716,36.616990295795496,0.6202563047409058,0.5631622672080994,0.057094037532806396
Shoplifting,Abuse,1,4,an attacker cornering someone and delivering forceful blows,60.459663181667736,34.219382978385795,0.6032177805900574,0.5294727683067322,0.0737450122833252
Shoplifting,Abuse,1,5,a person dragging a resisting victim across the floor,60.519098962288034,38.720564776205954,0.6680878400802612,0.6468318104743958,0.02125602960586548
Shoplifting,Abuse,1,6,a vulnerable person recoiling from sustained aggressive contact,60.6276471389911,38.14774979687396,0.6595056056976318,0.6293888688087463,0.030116736888885498
Shoplifting,Abuse,1,7,a stronger aggressor overpowering a weaker person indoors,60.26716352237993,33.72405722993732,0.6383736729621887,0.5895595550537109,0.04881411790847778
Shoplifting,Abuse,1,8,a victim collapsing after repeated blows from another person,60.68589918813154,39.05106087013595,0.5800628066062927,0.49601754546165466,0.08404526114463806
Shoplifting,Abuse,1,9,a hostile person hurting a defenseless target at close range,60.40630804275451,33.00377987696412,0.5802607536315918,0.4936489462852478,0.086611807346344
Shoplifting,Arrest,2,0,uniformed police placing handcuffs on a detained suspect,57.82354301734712,14.209561451018892,0.5235058069229126,0.46142441034317017,0.06208139657974243
Shoplifting,Arrest,2,1,officers escorting a handcuffed person toward a patrol car,58.82189591729454,16.706316685852602,0.595537006855011,0.5328065752983093,0.06273043155670166
Shoplifting,Arrest,2,2,law enforcement surrounding a suspect beside a police vehicle,59.72424819422542,20.929608776440507,0.5081883668899536,0.424221932888031,0.08396643400192261
Shoplifting,Arrest,2,3,a detained suspect kneeling while officers secure handcuffs,60.56375678990713,36.779151861706445,0.6285625100135803,0.5830129981040955,0.04554951190948486
Shoplifting,Arrest,2,4,police guiding a restrained person during formal detention,58.590594786130104,15.552529123267444,0.5845747590065002,0.5319991111755371,0.052575647830963135
Shoplifting,Arrest,2,5,uniformed officers searching a suspect beside a patrol car,59.78856219457587,24.122430492662456,0.5252096056938171,0.44263753294944763,0.0825720727443695
Shoplifting,Arrest,2,6,a handcuffed suspect standing between multiple police officers,60.412351303467474,28.99434568082298,0.6272827982902527,0.5749644637107849,0.05231833457946777
Shoplifting,Arrest,2,7,officers controlling a detainee during a roadside arrest,55.61917333489088,11.73473155332062,0.4525361955165863,0.39172300696372986,0.060813188552856445
Shoplifting,Arrest,2,8,a patrol team moving a suspect into police custody,59.72192434242548,20.696082661729864,0.5889367461204529,0.5233330726623535,0.06560367345809937
Shoplifting,Arrest,2,9,law enforcement securing wrists of a compliant detained person,56.52317660572786,12.446370102118747,0.6208990812301636,0.588657796382904,0.03224128484725952
Shoplifting,Arson,3,0,a person deliberately igniting material near a property entrance,60.89762513871854,43.25180637275149,0.6063995361328125,0.5766655206680298,0.029734015464782715
Shoplifting,Arson,3,1,a suspicious individual using a lighter on a flammable surface,60.29363549636898,40.74952286840972,0.6362501382827759,0.6115156412124634,0.0247344970703125
Shoplifting,Arson,3,2,a small flame spreading gradually after human ignition,61.656035667698546,31.004762498442435,0.5743248462677002,0.5256173014640808,0.048707544803619385
Shoplifting,Arson,3,3,a person pouring accelerant before fire begins growing,60.23584447948913,39.67781733242515,0.6154374480247498,0.5858288407325745,0.029608607292175293
Shoplifting,Arson,3,4,deliberate fire starting near property without an explosive blast,61.591852500827436,20.719763447914723,0.24636612832546234,0.18243178725242615,0.0639343410730362
Shoplifting,Arson,3,5,a person crouching near combustible material before flames appear,59.35810758717365,40.02981686050812,0.5856074094772339,0.5346366763114929,0.05097073316574097
Shoplifting,Arson,3,6,a slow fire growing after someone lights an object,60.24787492942391,39.13112683102191,0.6118897795677185,0.5797557830810547,0.03213399648666382
Shoplifting,Arson,3,7,a suspicious person leaving as a small fire spreads,60.58006736366646,40.12987409974008,0.6535212993621826,0.6401203870773315,0.013400912284851074
Shoplifting,Arson,3,8,visible accelerant or lighter use before property begins burning,60.61590327667776,29.05074150896369,0.4550791382789612,0.3970494568347931,0.05802968144416809
Shoplifting,Arson,3,9,human ignition causing flames to spread across property,61.06585830266924,24.873584350424245,0.5845680832862854,0.5612931847572327,0.023274898529052734
Shoplifting,Assault,4,0,an attacker lunging toward a victim with a forceful strike,60.580584467418184,39.08591893979624,0.6741591095924377,0.6370433568954468,0.03711575269699097
Shoplifting,Assault,4,1,"a close range attack with punches, kicks, and defense",60.500595370208124,35.5117423405479,0.5872846245765686,0.5005024075508118,0.08678221702575684
Shoplifting,Assault,4,2,a victim shielding their face during a rapid attack,60.938875065708785,39.18256385669068,0.6238319277763367,0.5474148392677307,0.07641708850860596
Shoplifting,Assault,4,3,an aggressor swinging arms repeatedly at another person,60.73734789634562,31.104541584393875,0.6064382195472717,0.5380262136459351,0.06841200590133667
Shoplifting,Assault,4,4,a person punching a victim during a one-sided confrontation,60.37748106613711,32.67433654354808,0.6849623918533325,0.6699658632278442,0.014996528625488281
Shoplifting,Assault,4,5,an attacker kicking a fallen victim on the ground,60.46127679457975,40.607314153231414,0.6373853087425232,0.592352032661438,0.045033276081085205
Shoplifting,Assault,4,6,a victim stumbling backward after a direct body hit,60.949154839086496,39.68183025189869,0.6046174764633179,0.5292490720748901,0.07536840438842773
Shoplifting,Assault,4,7,an aggressor pursuing a target while continuing to strike,60.18498140684929,31.626950195514013,0.5776844024658203,0.4971320331096649,0.0805523693561554
Shoplifting,Assault,4,8,a person shoving an opponent hard enough to lose balance,60.56860385880887,36.4011745353798,0.632050633430481,0.5695948600769043,0.06245577335357666
Shoplifting,Assault,4,9,a victim recoiling from repeated close range hits,60.51541693436909,34.20632235941679,0.6089780330657959,0.5360802412033081,0.07289779186248779
Shoplifting,Burglary,5,0,a surveillance frame of an intruder forcing a doorway,60.19596518894925,30.322719156861634,0.684975266456604,0.6646783947944641,0.020296871662139893
Shoplifting,Burglary,5,1,a person prying a lock to enter a restricted room,52.97874812608298,11.60894013837063,0.7309058308601379,0.7245463132858276,0.006359517574310303
Shoplifting,Burglary,5,2,a masked intruder breaking a barrier into private property,56.668140100850806,12.936649082585404,0.7470604777336121,0.7354815602302551,0.011578917503356934
Shoplifting,Burglary,5,3,a suspect searching drawers and shelves after unauthorized entry,54.20758600549033,11.336824928857329,0.7349259257316589,0.7449092864990234,-0.009983360767364502
Shoplifting,Burglary,5,4,an intruder exiting through a damaged entry point,61.20373186924441,37.53106613082195,0.6711398959159851,0.6491639614105225,0.021975934505462646
Shoplifting,Burglary,5,5,a person climbing through a window into closed property,55.41167766680295,13.497950764900935,0.6972517967224121,0.6926631331443787,0.004588663578033447
Shoplifting,Burglary,5,6,a suspicious person slipping inside after a doorway opens,59.12860385880887,17.28070903612235,0.7167673110961914,0.7062488198280334,0.010518491268157959
Shoplifting,Burglary,5,7,a burglar moving quietly through a room collecting valuables,46.829369001031864,10.293718504885684,0.7966836094856262,0.7954917550086975,0.001191854476928711
Shoplifting,Burglary,5,8,a person damaging a lock to access an interior space,61.011014154157664,29.909408232005152,0.6566725373268127,0.650621771812439,0.006050765514373779
Shoplifting,Burglary,5,9,an intruder exiting a building with bags or electronics,54.20889434028386,11.874951938998032,0.7249723672866821,0.7214078307151794,0.0035645365715026855
Shoplifting,Explosion,6,0,an instant blast wave with fireball and flying fragments,62.05548274049413,39.68578716750754,0.42508789896965027,0.2792167067527771,0.14587119221687317
Shoplifting,Explosion,6,1,a sudden detonation producing shockwave and expanding smoke plume,61.00726670949905,36.81039621648193,0.5125293731689453,0.4340328872203827,0.07849648594856262
Shoplifting,Explosion,6,2,a bright flash followed by rapid explosive pressure burst,60.93242061406071,39.856915796533485,0.4485989511013031,0.28786134719848633,0.16073760390281677
Shoplifting,Explosion,6,3,an object erupting violently with an outward debris cloud,60.67186885501237,40.13832211429399,0.5488387942314148,0.4623580574989319,0.08648073673248291
Shoplifting,Explosion,6,4,a large fireball appearing immediately after explosive detonation,60.85578334598836,39.9656049666894,0.5036690831184387,0.3998592495918274,0.10380983352661133
Shoplifting,Explosion,6,5,a shockwave pushing smoke and fragments away from impact,60.529845998092014,38.0053639368784,0.5182248950004578,0.40449070930480957,0.1137341856956482
Shoplifting,Explosion,6,6,a violent pressure burst scattering debris in every direction,61.331356813270254,39.38350981271188,0.5558119416236877,0.4600197672843933,0.09579217433929443
Shoplifting,Explosion,6,7,a sudden explosive plume rising from a detonation point,60.89105231392248,38.21051405880521,0.4414201080799103,0.31058502197265625,0.13083508610725403
Shoplifting,Explosion,6,8,"a rapid blast creating flash, shockwave, and airborne debris",61.373173685337704,41.79271839893225,0.45442408323287964,0.2987092137336731,0.15571486949920654
Shoplifting,Explosion,6,9,a concentrated detonation expanding outward within seconds,60.99562564491949,16.502974587289593,0.5202392935752869,0.4629518985748291,0.057287395000457764
Shoplifting,Fighting,7,0,two groups mutually exchanging punches in a crowded brawl,60.44671066721181,30.75407298744437,0.5942220091819763,0.516754686832428,0.07746732234954834
Shoplifting,Fighting,7,1,several participants striking each other during mutual combat,59.33108112843877,20.38582676724398,0.6246410012245178,0.5602717399597168,0.06436926126480103
Shoplifting,Fighting,7,2,opponents separating and reengaging repeatedly in a group fight,60.68928839826333,30.805641896055764,0.5417572855949402,0.4354200065135956,0.1063372790813446
Shoplifting,Fighting,7,3,multiple people wrestling and swinging arms at each other,61.56827132371552,33.56671159696816,0.6424546837806702,0.5980522036552429,0.044402480125427246
Shoplifting,Fighting,7,4,a crowd circling two sides fighting each other,54.1724354107042,11.077319324631999,0.6499871015548706,0.6227046847343445,0.027282416820526123
Shoplifting,Fighting,7,5,"several combatants pushing, grappling, and striking simultaneously",60.76096645445165,33.38575854786651,0.5631072521209717,0.4583151340484619,0.10479211807250977
Shoplifting,Fighting,7,6,two sides clashing back and forth in public space,59.42678270350253,24.886511802680783,0.5890600085258484,0.5230774283409119,0.06598258018493652
Shoplifting,Fighting,7,7,multiple participants falling and rejoining a chaotic brawl,61.00717014193096,35.41410258232223,0.5661455988883972,0.46544551849365234,0.10070008039474487
Shoplifting,Fighting,7,8,people on both sides trading blows in close quarters,60.35618635983101,30.303892437136515,0.5270248651504517,0.4229143261909485,0.10411053895950317
Shoplifting,Fighting,7,9,a mutual street fight with several active combatants,60.863521211767235,33.661545058158616,0.6093060374259949,0.5322359800338745,0.07707005739212036
Shoplifting,RoadAccidents,8,0,"a vehicle collision causing impact, debris, and disruption",59.33331152775345,38.75067397575256,0.5539321899414062,0.495309054851532,0.05862313508987427
Shoplifting,RoadAccidents,8,1,a car striking a pedestrian or cyclist on the road,58.950037965072134,37.9770054206592,0.5544619560241699,0.4861780107021332,0.06828394532203674
Shoplifting,RoadAccidents,8,2,a motorbike sliding across a lane after a crash,58.15503144286743,37.74088798835963,0.6147475242614746,0.5802114009857178,0.034536123275756836
Shoplifting,RoadAccidents,8,3,vehicles swerving and colliding during a sudden accident,59.32035278313184,37.872406630480576,0.4259730875492096,0.2917242646217346,0.13424882292747498
Shoplifting,RoadAccidents,8,4,a pedestrian knocked down by a vehicle near a crossing,58.87969316434008,38.770179085461756,0.5408664345741272,0.4572702944278717,0.0835961401462555
Shoplifting,RoadAccidents,8,5,a damaged vehicle stopped and blocking the roadway,57.66082978019197,22.452204565614643,0.6204825043678284,0.6118779182434082,0.008604586124420166
Shoplifting,RoadAccidents,8,6,a rider thrown onto pavement after a high speed impact,59.36606973891712,40.12867358820929,0.5544595718383789,0.4648102819919586,0.08964928984642029
Shoplifting,RoadAccidents,8,7,a traffic accident with a vehicle spinning to a halt,59.36922220275296,39.206577756058515,0.4846583902835846,0.35824790596961975,0.12641048431396484
Shoplifting,RoadAccidents,8,8,a car hitting an obstacle with sudden debris,59.17419932636334,37.15939560867433,0.6648731827735901,0.6552343368530273,0.009638845920562744
Shoplifting,RoadAccidents,8,9,a motorbike rider falling during an intersection collision,57.806304148900956,19.388997020618206,0.5998439192771912,0.5715601444244385,0.028283774852752686
Shoplifting,Robbery,9,0,a threatening person forcing a victim to surrender valuables,48.426319334929815,9.605387004291345,0.7873424887657166,0.7804014682769775,0.006941020488739014
Shoplifting,Robbery,9,1,an aggressor confronting someone and taking a purse or wallet,50.1143048497946,9.260361040117312,0.792451024055481,0.7815538048744202,0.010897219181060791
Shoplifting,Robbery,9,2,a victim handing over belongings under close range intimidation,60.61960399509374,41.19022971209761,0.6445953249931335,0.6133308410644531,0.03126448392868042
Shoplifting,Robbery,9,3,a robber snatching property and escaping quickly,46.15911220139011,9.446313816373456,0.7795513868331909,0.7749789357185364,0.004572451114654541
Shoplifting,Robbery,9,4,a person threatening a clerk and demanding money,42.66143488503397,9.359968307426398,0.8358022570610046,0.8261188864707947,0.009683370590209961
Shoplifting,Robbery,9,5,an attacker cornering a victim and seizing personal items,59.99814496816774,30.23564982045922,0.6972121000289917,0.6845019459724426,0.012710154056549072
Shoplifting,Robbery,9,6,a coerced handover of valuables during visible intimidation,55.0973315421607,11.43038196614711,0.7073982357978821,0.7031945586204529,0.004203677177429199
Shoplifting,Robbery,9,7,a suspect taking valuables while the victim backs away,56.34929268150224,12.268304821666739,0.7207373976707458,0.713824450969696,0.006912946701049805
Shoplifting,Robbery,9,8,a person brandishing a weapon to demand property,54.85055779452135,11.286083500680592,0.7243261933326721,0.7213307619094849,0.002995431423187256
Shoplifting,Robbery,9,9,a robber approaching a victim and leaving with belongings,56.233131242333975,12.342270676028324,0.7352883219718933,0.7321721315383911,0.0031161904335021973
Shoplifting,Shooting,10,0,an armed person aiming a firearm and firing shots,60.260248038471275,40.48004499385334,0.6018183827400208,0.550168514251709,0.05164986848831177
Shoplifting,Shooting,10,1,a gunman pointing a weapon as people scatter,60.11821895138524,38.66151805369161,0.666472852230072,0.6466196179389954,0.01985323429107666
Shoplifting,Shooting,10,2,a muzzle flash appearing as a shooter targets someone,60.501367910752876,34.23762431630545,0.5636165142059326,0.47346559166908264,0.09015092253684998
Shoplifting,Shooting,10,3,a person firing a handgun and causing panic,60.199042890796875,40.073660146170354,0.6427267789840698,0.6190040111541748,0.02372276782989502
Shoplifting,Shooting,10,4,an armed attacker discharging a weapon in public,60.16946829429746,37.22222816995612,0.6469687223434448,0.6178812980651855,0.029087424278259277
Shoplifting,Shooting,10,5,a victim falling after a nearby firearm is fired,60.6350734964858,41.450087525718814,0.6224946975708008,0.5699246525764465,0.05257004499435425
Shoplifting,Shooting,10,6,a shooter raising a gun while a crowd runs,60.25199929910636,38.73668067376341,0.6161952018737793,0.5570582747459412,0.059136927127838135
Shoplifting,Shooting,10,7,a gunfire scene with fear and rapid dispersal,60.29030235772832,40.049054166560765,0.6107109785079956,0.5578829646110535,0.05282801389694214
Shoplifting,Shooting,10,8,a person aiming a rifle or handgun at a target,59.96581663843623,40.4419866034481,0.6407017707824707,0.6094880104064941,0.031213760375976562
Shoplifting,Shooting,10,9,an armed shooter firing as people flee the scene,60.333857446021455,38.50938618046356,0.5992111563682556,0.5452326536178589,0.05397850275039673
Shoplifting,Shoplifting,11,0,a shopper concealing merchandise inside clothing or a bag,57.56725269162626,13.718340379951838,0.7201094627380371,0.7207192182540894,-0.0006097555160522461
Shoplifting,Shoplifting,11,1,a person removing a store item without checkout,46.82188345696318,8.577113460910176,0.7810003757476807,0.7849315404891968,-0.003931164741516113
Shoplifting,Shoplifting,11,2,a customer hiding a product and exiting an aisle,51.59304713509725,9.777601406727108,0.7389550805091858,0.7447353005409241,-0.005780220031738281
Shoplifting,Shoplifting,11,3,a shopper slipping goods into a bag while browsing,59.513849268929,18.86066239158755,0.7304115891456604,0.73485267162323,-0.00444108247756958
Shoplifting,Shoplifting,11,4,a person scanning surroundings before pocketing merchandise,48.877623191791756,9.326813307597046,0.7517838478088379,0.7476963996887207,0.0040874481201171875
Shoplifting,Shoplifting,11,5,someone carrying an unpaid item past the cashier,44.350230321437614,8.15426187793949,0.7571836113929749,0.7596615552902222,-0.0024779438972473145
Shoplifting,Shoplifting,11,6,concealed goods disappearing beneath a jacket in a store,57.29519381656056,13.191273230492795,0.6576018929481506,0.649823009967804,0.00777888298034668
Shoplifting,Shoplifting,11,7,a customer hiding one item while handling shelf products,56.68997060140568,12.787044660153901,0.7052067518234253,0.7043339014053345,0.0008728504180908203
Shoplifting,Shoplifting,11,8,a shopper leaving a store with concealed unpaid merchandise,56.881205537059756,12.941962393760933,0.7254404425621033,0.7291170358657837,-0.00367659330368042
Shoplifting,Shoplifting,11,9,a retail theft scene with discreet concealment and exit,52.54496038004011,11.273304893771432,0.6835719347000122,0.6798103451728821,0.003761589527130127
Shoplifting,Stealing,12,0,a person taking unattended property and leaving quickly,59.82964079200981,30.007124239349984,0.6918206810951233,0.6832841038703918,0.008536577224731445
Shoplifting,Stealing,12,1,"a thief grabbing a bicycle, bag, phone, or object",51.71184704943248,10.197733074858995,0.7445415258407593,0.7445497512817383,-8.225440979003906e-06
Shoplifting,Stealing,12,2,a suspect approaching a valuable item and carrying it away,59.61855031832253,30.722027257155883,0.6987835168838501,0.693229079246521,0.0055544376373291016
Shoplifting,Stealing,12,3,unattended belongings disappearing after suspicious human contact,57.82349317602164,17.17657805061376,0.6898773312568665,0.695975124835968,-0.0060977935791015625
Shoplifting,Stealing,12,4,a person lifting property while the owner is distracted,57.59968070400872,15.402921548730939,0.7070652842521667,0.7049540281295776,0.0021112561225891113
Shoplifting,Stealing,12,5,a thief cutting a lock and taking a bicycle,60.14831065163639,40.434145008529676,0.6800317764282227,0.6755017638206482,0.004530012607574463
Shoplifting,Stealing,12,6,a suspect removing a package or bag from public space,59.70112804937406,34.80880076646343,0.6888560056686401,0.6832486987113953,0.005607306957244873
Shoplifting,Stealing,12,7,a person pocketing an unattended item and changing direction,58.410175418102526,19.610792806555622,0.6976451873779297,0.6966010332107544,0.001044154167175293
Shoplifting,Stealing,12,8,a thief quietly taking property during owner distraction,54.05310281720305,11.068592094209464,0.6968868970870972,0.6911688446998596,0.005718052387237549
Shoplifting,Stealing,12,9,a thief carrying stolen property away from the scene,59.20835932480579,25.777744698686185,0.7061389088630676,0.7100998163223267,-0.003960907459259033
Shoplifting,Vandalism,13,0,a person smashing a window or door with force,57.18870782469872,13.678778110729628,0.7056035995483398,0.6975071430206299,0.008096456527709961
Shoplifting,Vandalism,13,1,someone kicking a fixture until visible pieces break,51.535069213246885,10.10464456392208,0.6928831338882446,0.6872691512107849,0.005613982677459717
Shoplifting,Vandalism,13,2,a suspect spraying graffiti onto a wall with a can,60.77266047543952,32.404372992105515,0.5803261995315552,0.540684700012207,0.039641499519348145
Shoplifting,Vandalism,13,3,a person breaking glass with repeated tool impacts,50.4266915873294,10.117637305889277,0.7396217584609985,0.729559600353241,0.010062158107757568
Shoplifting,Vandalism,13,4,a vandal throwing an object at a storefront or car,56.9997842805132,13.18590266622891,0.6780852675437927,0.6701518297195435,0.007933437824249268
Shoplifting,Vandalism,13,5,someone striking public property until visible damage appears,51.332956408309485,10.140115564195174,0.7078298330307007,0.7036665678024292,0.004163265228271484
Shoplifting,Vandalism,13,6,a person scratching and denting a parked vehicle,59.10122539571287,30.053218646101005,0.6295326352119446,0.6059625744819641,0.02357006072998047
Shoplifting,Vandalism,13,7,a person painting graffiti directly onto public property,51.80666082588633,10.46724151442439,0.601394772529602,0.5962437987327576,0.005150973796844482
Shoplifting,Vandalism,13,8,a suspect repeatedly hitting a fixture until it breaks,60.99983723692153,38.01004895549906,0.6610729098320007,0.6312499046325684,0.029823005199432373
Shoplifting,Vandalism,13,9,a person deliberately damaging property without taking anything,52.627731246227825,10.45481452921771,0.7316081523895264,0.7239730954170227,0.007635056972503662
Stealing,Normal,0,0,pedestrians walking calmly along a quiet street,44.842441860465115,26.62463034573156,0.7378056645393372,0.7642596364021301,-0.02645397186279297
Stealing,Normal,0,1,people chatting casually in an ordinary public area,53.58895348837209,32.62070551611462,0.6964339017868042,0.6969555616378784,-0.0005216598510742188
Stealing,Normal,0,2,vehicles moving normally through regular traffic flow,18.18484496124031,18.93349295442677,0.7528232336044312,0.8436631560325623,-0.0908399224281311
Stealing,Normal,0,3,shoppers browsing shelves and paying at checkout,16.820348837209302,18.947820000858265,0.6765414476394653,0.8026499152183533,-0.12610846757888794
Stealing,Normal,0,4,workers performing routine tasks in a calm store,44.667635658914726,25.80409063155198,0.668049156665802,0.6982609033584595,-0.03021174669265747
Stealing,Normal,0,5,pedestrians crossing a walkway with regular spacing,27.58108527131783,20.952876845491772,0.7026057243347168,0.7690809965133667,-0.0664752721786499
Stealing,Normal,0,6,people entering and exiting buildings at a steady pace,67.61100775193799,66.72922448246395,0.7024021148681641,0.6175801157951355,0.08482199907302856
Stealing,Normal,0,7,a public area with ordinary walking and waiting,49.777596899224804,29.739702351533957,0.657777726650238,0.6678301692008972,-0.01005244255065918
Stealing,Normal,0,8,people standing calmly near counters and doorways,73.64771317829457,66.28069791666692,0.6943314075469971,0.5911280512809753,0.10320335626602173
Stealing,Normal,0,9,an orderly scene with predictable everyday activity,14.686821705426356,18.62387506329761,0.6743819117546082,0.804034948348999,-0.12965303659439087
Stealing,Abuse,1,0,a surveillance frame of an aggressor striking a vulnerable victim,88.37658914728682,77.21740263411986,0.9364562034606934,0.7006982564926147,0.2357579469680786
Stealing,Abuse,1,1,a person forcefully pushing a helpless victim against furniture,88.36953488372095,83.06924219605354,0.95784592628479,0.7945177555084229,0.1633281707763672
Stealing,Abuse,1,2,a dominant person grabbing and controlling a weaker victim,88.37042635658914,80.96471776180142,0.9585192203521729,0.77669757604599,0.18182164430618286
Stealing,Abuse,1,3,a victim shielding their body from repeated physical mistreatment,89.22736434108528,79.05390563007884,0.9582247734069824,0.7917137145996094,0.16651105880737305
Stealing,Abuse,1,4,an attacker cornering someone and delivering forceful blows,88.5415503875969,81.07975493313428,0.9348418116569519,0.6929785013198853,0.24186331033706665
Stealing,Abuse,1,5,a person dragging a resisting victim across the floor,90.07565891472868,82.8690561784836,0.9785347580909729,0.859799325466156,0.1187354326248169
Stealing,Abuse,1,6,a vulnerable person recoiling from sustained aggressive contact,90.26984496124031,86.08644050449222,0.9695190191268921,0.8189391493797302,0.15057986974716187
Stealing,Abuse,1,7,a stronger aggressor overpowering a weaker person indoors,88.84112403100775,84.17903993617591,0.9468110203742981,0.7401553988456726,0.2066556215286255
Stealing,Abuse,1,8,a victim collapsing after repeated blows from another person,88.15139534883721,78.98724014936994,0.9283219575881958,0.6915901899337769,0.23673176765441895
Stealing,Abuse,1,9,a hostile person hurting a defenseless target at close range,87.0968604651163,78.27390790755642,0.8956907391548157,0.6294710636138916,0.2662196755409241
Stealing,Arrest,2,0,uniformed police placing handcuffs on a detained suspect,83.03360465116279,73.20436397480017,0.8897293210029602,0.7107223272323608,0.17900699377059937
Stealing,Arrest,2,1,officers escorting a handcuffed person toward a patrol car,80.64306201550386,73.91015442589229,0.945305585861206,0.8322059512138367,0.11309963464736938
Stealing,Arrest,2,2,law enforcement surrounding a suspect beside a police vehicle,73.82883720930234,54.12752700176407,0.9127050042152405,0.8069183230400085,0.10578668117523193
Stealing,Arrest,2,3,a detained suspect kneeling while officers secure handcuffs,89.33317829457366,81.41821206598443,0.9572299122810364,0.8148026466369629,0.1424272656440735
Stealing,Arrest,2,4,police guiding a restrained person during formal detention,84.69790697674419,68.08621568888269,0.926217257976532,0.8024513125419617,0.12376594543457031
Stealing,Arrest,2,5,uniformed officers searching a suspect beside a patrol car,74.8341472868217,59.03166749766534,0.8955886363983154,0.7767446041107178,0.11884403228759766
Stealing,Arrest,2,6,a handcuffed suspect standing between multiple police officers,88.38116279069767,81.09399614044031,0.9514927864074707,0.7519569396972656,0.19953584671020508
Stealing,Arrest,2,7,officers controlling a detainee during a roadside arrest,75.06728682170542,58.372706002616596,0.7463412880897522,0.5537954568862915,0.1925458312034607
Stealing,Arrest,2,8,a patrol team moving a suspect into police custody,82.86410852713179,73.1797844837007,0.896324872970581,0.6846061944961548,0.21171867847442627
Stealing,Arrest,2,9,law enforcement securing wrists of a compliant detained person,88.76569767441862,83.41661071894532,0.9553473591804504,0.7915105819702148,0.1638367772102356
Stealing,Arson,3,0,a person deliberately igniting material near a property entrance,86.9979069767442,80.70285528113132,0.972964346408844,0.8887093663215637,0.08425498008728027
Stealing,Arson,3,1,a suspicious individual using a lighter on a flammable surface,89.73546511627907,85.79360738272285,0.9832683801651001,0.8860704302787781,0.09719794988632202
Stealing,Arson,3,2,a small flame spreading gradually after human ignition,83.81670542635659,71.18899700645021,0.9175655841827393,0.7834458351135254,0.13411974906921387
Stealing,Arson,3,3,a person pouring accelerant before fire begins growing,87.96290697674416,80.23554145326038,0.9574111104011536,0.807754635810852,0.1496564745903015
Stealing,Arson,3,4,deliberate fire starting near property without an explosive blast,72.52418604651163,55.096166071099496,0.7542203664779663,0.5821386575698853,0.17208170890808105
Stealing,Arson,3,5,a person crouching near combustible material before flames appear,84.06453488372094,66.15806696277585,0.9586607217788696,0.8698644042015076,0.08879631757736206
Stealing,Arson,3,6,a slow fire growing after someone lights an object,86.28686046511629,79.88049192183145,0.9627996683120728,0.854576587677002,0.1082230806350708
Stealing,Arson,3,7,a suspicious person leaving as a small fire spreads,87.8527519379845,83.52972403722241,0.9785581827163696,0.8840489387512207,0.09450924396514893
Stealing,Arson,3,8,visible accelerant or lighter use before property begins burning,79.1508527131783,70.70384600927822,0.9185869693756104,0.8076537847518921,0.11093318462371826
Stealing,Arson,3,9,human ignition causing flames to spread across property,80.2077519379845,64.74135631384242,0.9365292191505432,0.8486931324005127,0.08783608675003052
Stealing,Assault,4,0,an attacker lunging toward a victim with a forceful strike,91.64748062015504,87.60510415525518,0.9775820970535278,0.8221287131309509,0.1554533839225769
Stealing,Assault,4,1,"a close range attack with punches, kicks, and defense",87.47631782945736,73.86909629928027,0.9199259281158447,0.682761549949646,0.23716437816619873
Stealing,Assault,4,2,a victim shielding their face during a rapid attack,88.31286821705427,79.04905060328898,0.9191535115242004,0.6690980195999146,0.2500554919242859
Stealing,Assault,4,3,an aggressor swinging arms repeatedly at another person,87.67507751937984,81.0849491784896,0.886879563331604,0.5936172604560852,0.2932623028755188
Stealing,Assault,4,4,a person punching a victim during a one-sided confrontation,90.84298449612405,79.71330624547348,0.9612265825271606,0.7916243672370911,0.16960221529006958
Stealing,Assault,4,5,an attacker kicking a fallen victim on the ground,89.6098062015504,78.16474630174251,0.9677577018737793,0.8231549859046936,0.1446027159690857
Stealing,Assault,4,6,a victim stumbling backward after a direct body hit,88.0920542635659,80.04229799246434,0.9453597068786621,0.7381461262702942,0.20721358060836792
Stealing,Assault,4,7,an aggressor pursuing a target while continuing to strike,86.66701550387597,78.51304559447556,0.887572169303894,0.6202685236930847,0.2673036456108093
Stealing,Assault,4,8,a person shoving an opponent hard enough to lose balance,87.95127906976742,79.25322188428837,0.9532637000083923,0.756172776222229,0.19709092378616333
Stealing,Assault,4,9,a victim recoiling from repeated close range hits,86.565503875969,78.97700162743462,0.8916626572608948,0.6332440972328186,0.25841856002807617
Stealing,Burglary,5,0,a surveillance frame of an intruder forcing a doorway,91.3736046511628,90.04899085289789,0.9631020426750183,0.8093355894088745,0.1537664532661438
Stealing,Burglary,5,1,a person prying a lock to enter a restricted room,89.05748062015503,84.78783906846505,0.9866870641708374,0.9183126091957092,0.06837445497512817
Stealing,Burglary,5,2,a masked intruder breaking a barrier into private property,90.45124031007752,87.601627004839,0.9892741441726685,0.9291917085647583,0.060082435607910156
Stealing,Burglary,5,3,a suspect searching drawers and shelves after unauthorized entry,82.645,62.13048531684085,0.9719464778900146,0.9158663153648376,0.056080162525177
Stealing,Burglary,5,4,an intruder exiting through a damaged entry point,89.76069767441861,86.25971444921034,0.9779322147369385,0.8571252226829529,0.1208069920539856
Stealing,Burglary,5,5,a person climbing through a window into closed property,86.46988372093026,79.36719662841293,0.9780946373939514,0.8991744518280029,0.07892018556594849
Stealing,Burglary,5,6,a suspicious person slipping inside after a doorway opens,90.24872093023255,86.48232010879148,0.9867143630981445,0.9083497524261475,0.07836461067199707
Stealing,Burglary,5,7,a burglar moving quietly through a room collecting valuables,77.70744186046511,61.46951536722531,0.9894208908081055,0.9489520192146301,0.04046887159347534
Stealing,Burglary,5,8,a person damaging a lock to access an interior space,91.73593023255813,89.59694512754581,0.9852907061576843,0.8986327648162842,0.08665794134140015
Stealing,Burglary,5,9,an intruder exiting a building with bags or electronics,83.2751937984496,74.495516921459,0.9905011653900146,0.9527796506881714,0.03772151470184326
Stealing,Explosion,6,0,an instant blast wave with fireball and flying fragments,82.32910852713178,60.053527031859154,0.8745892643928528,0.6713640093803406,0.2032252550125122
Stealing,Explosion,6,1,a sudden detonation producing shockwave and expanding smoke plume,82.2560465116279,61.885844851042584,0.9110978245735168,0.7760167121887207,0.13508111238479614
Stealing,Explosion,6,2,a bright flash followed by rapid explosive pressure burst,86.3874418604651,68.19812630049613,0.868889570236206,0.5868569612503052,0.2820326089859009
Stealing,Explosion,6,3,an object erupting violently with an outward debris cloud,83.97779069767442,63.47605839462881,0.9510698318481445,0.8296977281570435,0.12137210369110107
Stealing,Explosion,6,4,a large fireball appearing immediately after explosive detonation,82.55003875968994,59.997822080646046,0.9059876203536987,0.7549545168876648,0.15103310346603394
Stealing,Explosion,6,5,a shockwave pushing smoke and fragments away from impact,86.1753488372093,69.67317719308126,0.8957077860832214,0.6210119724273682,0.27469581365585327
Stealing,Explosion,6,6,a violent pressure burst scattering debris in every direction,85.63003875968994,71.11971999597282,0.9173808693885803,0.7137952446937561,0.20358562469482422
Stealing,Explosion,6,7,a sudden explosive plume rising from a detonation point,83.68806201550387,61.220973954082005,0.8828447461128235,0.6879193186759949,0.1949254274368286
Stealing,Explosion,6,8,"a rapid blast creating flash, shockwave, and airborne debris",84.14178294573644,64.6428945320619,0.8907262086868286,0.6727429628372192,0.21798324584960938
Stealing,Explosion,6,9,a concentrated detonation expanding outward within seconds,82.80031007751938,72.41346926189239,0.8483152389526367,0.6567330360412598,0.19158220291137695
Stealing,Fighting,7,0,two groups mutually exchanging punches in a crowded brawl,86.98240310077519,73.63474698922478,0.8465192317962646,0.5345950126647949,0.3119242191314697
Stealing,Fighting,7,1,several participants striking each other during mutual combat,84.3546899224806,73.54034677480644,0.8584345579147339,0.5784871578216553,0.2799474000930786
Stealing,Fighting,7,2,opponents separating and reengaging repeatedly in a group fight,86.84356589147288,75.50455177513074,0.847359299659729,0.522169291973114,0.325190007686615
Stealing,Fighting,7,3,multiple people wrestling and swinging arms at each other,88.42352713178293,80.90637674104622,0.9516717195510864,0.7811092734336853,0.17056244611740112
Stealing,Fighting,7,4,a crowd circling two sides fighting each other,83.35542635658915,69.02145748466204,0.8633030652999878,0.6793864369392395,0.1839166283607483
Stealing,Fighting,7,5,"several combatants pushing, grappling, and striking simultaneously",85.28310077519382,71.00455078236185,0.8735480308532715,0.5980666279792786,0.2754814028739929
Stealing,Fighting,7,6,two sides clashing back and forth in public space,85.90093023255814,77.1710550813921,0.9063230752944946,0.6980052590370178,0.2083178162574768
Stealing,Fighting,7,7,multiple participants falling and rejoining a chaotic brawl,86.72918604651163,72.65775010029733,0.8856809735298157,0.5924026370048523,0.2932783365249634
Stealing,Fighting,7,8,people on both sides trading blows in close quarters,86.4544573643411,76.94536638703238,0.8387833833694458,0.5438447594642639,0.2949386239051819
Stealing,Fighting,7,9,a mutual street fight with several active combatants,87.43205426356589,74.27036027924683,0.9256882071495056,0.693649411201477,0.23203879594802856
Stealing,RoadAccidents,8,0,"a vehicle collision causing impact, debris, and disruption",81.95848837209302,56.01023672872568,0.967868983745575,0.8938660621643066,0.07400292158126831
Stealing,RoadAccidents,8,1,a car striking a pedestrian or cyclist on the road,60.422209302325584,38.52059239468505,0.9659160375595093,0.9172697067260742,0.04864633083343506
Stealing,RoadAccidents,8,2,a motorbike sliding across a lane after a crash,48.30949612403101,36.635292767467995,0.9579482674598694,0.9310154914855957,0.02693277597427368
Stealing,RoadAccidents,8,3,vehicles swerving and colliding during a sudden accident,71.64531007751937,47.03322790808471,0.9249447584152222,0.8218116164207458,0.10313314199447632
Stealing,RoadAccidents,8,4,a pedestrian knocked down by a vehicle near a crossing,62.13666666666666,39.21397118318763,0.9549170136451721,0.9000109434127808,0.05490607023239136
Stealing,RoadAccidents,8,5,a damaged vehicle stopped and blocking the roadway,53.37676356589147,36.013618449438475,0.9655882120132446,0.9352896809577942,0.03029853105545044
Stealing,RoadAccidents,8,6,a rider thrown onto pavement after a high speed impact,77.9858527131783,53.1397102281582,0.9794358015060425,0.9159420728683472,0.06349372863769531
Stealing,RoadAccidents,8,7,a traffic accident with a vehicle spinning to a halt,72.81798449612403,48.33504488186352,0.9589599370956421,0.8777723908424377,0.08118754625320435
Stealing,RoadAccidents,8,8,a car hitting an obstacle with sudden debris,67.91108527131784,48.041062912475894,0.9720616340637207,0.9304365515708923,0.04162508249282837
Stealing,RoadAccidents,8,9,a motorbike rider falling during an intersection collision,48.182829457364335,32.15515474246599,0.9584404230117798,0.9280184507369995,0.030421972274780273
Stealing,Robbery,9,0,a threatening person forcing a victim to surrender valuables,88.00449612403101,80.1640511870984,0.9871378540992737,0.9140251874923706,0.07311266660690308
Stealing,Robbery,9,1,an aggressor confronting someone and taking a purse or wallet,88.7874031007752,81.92550112643377,0.9908550381660461,0.9396533966064453,0.05120164155960083
Stealing,Robbery,9,2,a victim handing over belongings under close range intimidation,90.43930232558141,85.80600742204533,0.9762631058692932,0.8533150553703308,0.1229480504989624
Stealing,Robbery,9,3,a robber snatching property and escaping quickly,86.7632945736434,77.63612057430555,0.9923784136772156,0.9608548879623413,0.03152352571487427
Stealing,Robbery,9,4,a person threatening a clerk and demanding money,77.76356589147287,51.86125057641527,0.9392236471176147,0.8433166742324829,0.09590697288513184
Stealing,Robbery,9,5,an attacker cornering a victim and seizing personal items,92.18271317829458,87.6580621693556,0.9916813373565674,0.9167148470878601,0.07496649026870728
Stealing,Robbery,9,6,a coerced handover of valuables during visible intimidation,92.5224031007752,89.10241536205139,0.9723232388496399,0.8558307886123657,0.11649245023727417
Stealing,Robbery,9,7,a suspect taking valuables while the victim backs away,91.80437984496125,87.87102893814377,0.9879648685455322,0.8968215584754944,0.09114331007003784
Stealing,Robbery,9,8,a person brandishing a weapon to demand property,92.14542635658913,90.32964459322767,0.9845069050788879,0.9086560606956482,0.07585084438323975
Stealing,Robbery,9,9,a robber approaching a victim and leaving with belongings,89.84596899224806,81.88864889666684,0.9953711032867432,0.9546204805374146,0.04075062274932861
Stealing,Shooting,10,0,an armed person aiming a firearm and firing shots,88.72329457364341,81.59231613156192,0.9403121471405029,0.7425652146339417,0.19774693250656128
Stealing,Shooting,10,1,a gunman pointing a weapon as people scatter,91.15953488372092,87.4407229517525,0.9620513319969177,0.7862929701805115,0.17575836181640625
Stealing,Shooting,10,2,a muzzle flash appearing as a shooter targets someone,87.96031007751938,80.47415171617881,0.896399736404419,0.6057455539703369,0.29065418243408203
Stealing,Shooting,10,3,a person firing a handgun and causing panic,89.39341085271317,82.60793152202444,0.9616906046867371,0.7950961589813232,0.16659444570541382
Stealing,Shooting,10,4,an armed attacker discharging a weapon in public,88.11775193798451,81.41858427311874,0.9530455470085144,0.8152965307235718,0.13774901628494263
Stealing,Shooting,10,5,a victim falling after a nearby firearm is fired,88.63488372093023,81.11224617552946,0.9501351118087769,0.764741837978363,0.18539327383041382
Stealing,Shooting,10,6,a shooter raising a gun while a crowd runs,88.97220930232558,81.00171706009786,0.9217021465301514,0.6755048036575317,0.24619734287261963
Stealing,Shooting,10,7,a gunfire scene with fear and rapid dispersal,87.1743023255814,79.72355179028105,0.933398425579071,0.7370339035987854,0.19636452198028564
Stealing,Shooting,10,8,a person aiming a rifle or handgun at a target,89.39279069767443,81.84759927391359,0.9385569095611572,0.7528182864189148,0.18573862314224243
Stealing,Shooting,10,9,an armed shooter firing as people flee the scene,85.74941860465117,79.46574292042374,0.9176347851753235,0.7262915968894958,0.19134318828582764
Stealing,Shoplifting,11,0,a shopper concealing merchandise inside clothing or a bag,81.17197674418605,53.89220724555908,0.9622431397438049,0.8849421739578247,0.07730096578598022
Stealing,Shoplifting,11,1,a person removing a store item without checkout,60.64763565891474,32.645164786316215,0.9487358927726746,0.8993638157844543,0.049372076988220215
Stealing,Shoplifting,11,2,a customer hiding a product and exiting an aisle,74.62825581395349,44.622603603945834,0.9380410313606262,0.8502196669578552,0.087821364402771
Stealing,Shoplifting,11,3,a shopper slipping goods into a bag while browsing,70.17434108527132,39.94810052850614,0.9683053493499756,0.9155277609825134,0.05277758836746216
Stealing,Shoplifting,11,4,a person scanning surroundings before pocketing merchandise,81.53554263565891,55.77035665783339,0.9633764624595642,0.8931372165679932,0.07023924589157104
Stealing,Shoplifting,11,5,someone carrying an unpaid item past the cashier,67.16806201550386,36.215202653324376,0.9152085781097412,0.8375867009162903,0.07762187719345093
Stealing,Shoplifting,11,6,concealed goods disappearing beneath a jacket in a store,81.6998449612403,56.93807919739763,0.8969998359680176,0.8225857019424438,0.07441413402557373
Stealing,Shoplifting,11,7,a customer hiding one item while handling shelf products,81.77426356589149,53.2696237672006,0.9367203116416931,0.8215498924255371,0.115170419216156
Stealing,Shoplifting,11,8,a shopper leaving a store with concealed unpaid merchandise,74.52701550387597,46.77358905064428,0.9544162750244141,0.8878733515739441,0.06654292345046997
Stealing,Shoplifting,11,9,a retail theft scene with discreet concealment and exit,90.98093023255814,88.03846151009786,0.9554277062416077,0.866795003414154,0.08863270282745361
Stealing,Stealing,12,0,a person taking unattended property and leaving quickly,90.23872093023256,85.55312660774878,0.9889450073242188,0.9231990575790405,0.06574594974517822
Stealing,Stealing,12,1,"a thief grabbing a bicycle, bag, phone, or object",77.08596899224806,57.17238689650702,0.9986966252326965,0.9874759316444397,0.011220693588256836
Stealing,Stealing,12,2,a suspect approaching a valuable item and carrying it away,90.06186046511627,84.63586104955043,0.9931546449661255,0.9408271312713623,0.052327513694763184
Stealing,Stealing,12,3,unattended belongings disappearing after suspicious human contact,85.20833333333333,73.00124494588816,0.9908284544944763,0.9648000597953796,0.02602839469909668
Stealing,Stealing,12,4,a person lifting property while the owner is distracted,87.69465116279069,80.28087770909693,0.9933364391326904,0.9570059776306152,0.036330461502075195
Stealing,Stealing,12,5,a thief cutting a lock and taking a bicycle,89.30662790697676,80.10673347940154,0.9971391558647156,0.9591981172561646,0.037941038608551025
Stealing,Stealing,12,6,a suspect removing a package or bag from public space,83.8815503875969,58.73822962521502,0.9848726391792297,0.9332849979400635,0.05158764123916626
Stealing,Stealing,12,7,a person pocketing an unattended item and changing direction,89.62666666666668,73.26695321967513,0.9954949617385864,0.9555903673171997,0.03990459442138672
Stealing,Stealing,12,8,a thief quietly taking property during owner distraction,89.9601550387597,86.0406563239942,0.9837496876716614,0.9123144745826721,0.07143521308898926
Stealing,Stealing,12,9,a thief carrying stolen property away from the scene,89.55848837209302,81.33366745353449,0.9961214065551758,0.9635518193244934,0.03256958723068237
Stealing,Vandalism,13,0,a person smashing a window or door with force,91.225,88.91168626958581,0.982473611831665,0.8895154595375061,0.09295815229415894
Stealing,Vandalism,13,1,someone kicking a fixture until visible pieces break,85.79213178294573,79.87527749473597,0.9229696989059448,0.7834215760231018,0.13954812288284302
Stealing,Vandalism,13,2,a suspect spraying graffiti onto a wall with a can,89.17209302325581,81.52143723102651,0.9171692728996277,0.7706030011177063,0.1465662717819214
Stealing,Vandalism,13,3,a person breaking glass with repeated tool impacts,90.92341085271318,89.15868702238922,0.9688923954963684,0.8635803461074829,0.1053120493888855
Stealing,Vandalism,13,4,a vandal throwing an object at a storefront or car,90.38046511627907,85.11806016035676,0.9803577661514282,0.9128641486167908,0.06749361753463745
Stealing,Vandalism,13,5,someone striking public property until visible damage appears,89.33674418604652,84.8860321405172,0.9787014722824097,0.9204290509223938,0.05827242136001587
Stealing,Vandalism,13,6,a person scratching and denting a parked vehicle,84.16666666666669,68.65786647376339,0.9656224846839905,0.8894690871238708,0.07615339756011963
Stealing,Vandalism,13,7,a person painting graffiti directly onto public property,79.46670542635658,65.86416580648158,0.9158953428268433,0.8339152336120605,0.08198010921478271
Stealing,Vandalism,13,8,a suspect repeatedly hitting a fixture until it breaks,91.05926356589147,87.89754656012526,0.9655160307884216,0.7806801795959473,0.18483585119247437
Stealing,Vandalism,13,9,a person deliberately damaging property without taking anything,90.93174418604652,86.50706673942028,0.9908226132392883,0.9415224194526672,0.049300193786621094
Vandalism,Normal,0,0,pedestrians walking calmly along a quiet street,51.510650100442156,19.7223023347812,0.7563132643699646,0.736893892288208,0.019419372081756592
Vandalism,Normal,0,1,people chatting casually in an ordinary public area,53.12944382509599,19.319186245402115,0.7810909152030945,0.7554108500480652,0.025680065155029297
Vandalism,Normal,0,2,vehicles moving normally through regular traffic flow,46.97913065020815,17.246054303336074,0.7640748023986816,0.7582008838653564,0.005873918533325195
Vandalism,Normal,0,3,shoppers browsing shelves and paying at checkout,36.33555760209825,13.998884976363273,0.772930383682251,0.8036821484565735,-0.03075176477432251
Vandalism,Normal,0,4,workers performing routine tasks in a calm store,50.21982022738166,19.69288488947919,0.7288925051689148,0.7352120280265808,-0.006319522857666016
Vandalism,Normal,0,5,pedestrians crossing a walkway with regular spacing,58.48078673409487,24.89186395350266,0.6909036636352539,0.6642690896987915,0.026634573936462402
Vandalism,Normal,0,6,people entering and exiting buildings at a steady pace,66.82309792706768,42.55349892386889,0.664431095123291,0.612177848815918,0.05225324630737305
Vandalism,Normal,0,7,a public area with ordinary walking and waiting,61.73440184404267,25.8013747262833,0.6859198212623596,0.6477067470550537,0.03821307420730591
Vandalism,Normal,0,8,people standing calmly near counters and doorways,65.95122765633162,27.916006799915255,0.6576929092407227,0.6025210618972778,0.055171847343444824
Vandalism,Normal,0,9,an orderly scene with predictable everyday activity,34.8022447341918,13.629829801272875,0.7934430241584778,0.8222650289535522,-0.028822004795074463
Vandalism,Abuse,1,0,a surveillance frame of an aggressor striking a vulnerable victim,79.83342219637115,38.28177118950386,0.843518853187561,0.6341166496276855,0.2094022035598755
Vandalism,Abuse,1,1,a person forcefully pushing a helpless victim against furniture,80.73407332008466,37.20579396629484,0.9224282503128052,0.832988440990448,0.08943980932235718
Vandalism,Abuse,1,2,a dominant person grabbing and controlling a weaker victim,81.80051594418325,37.96736750555391,0.9213182926177979,0.8145375847816467,0.10678070783615112
Vandalism,Abuse,1,3,a victim shielding their body from repeated physical mistreatment,84.25998632047781,42.38145989453287,0.8658508658409119,0.7001738548278809,0.165677011013031
Vandalism,Abuse,1,4,an attacker cornering someone and delivering forceful blows,79.6097243091572,37.87375757147401,0.8590466380119324,0.6492201089859009,0.2098265290260315
Vandalism,Abuse,1,5,a person dragging a resisting victim across the floor,83.8330990580518,41.36028276138199,0.9496483206748962,0.9004109501838684,0.04923737049102783
Vandalism,Abuse,1,6,a vulnerable person recoiling from sustained aggressive contact,81.20077122345552,37.2379391449392,0.937774658203125,0.8652337789535522,0.07254087924957275
Vandalism,Abuse,1,7,a stronger aggressor overpowering a weaker person indoors,78.69476892917346,34.78276603142862,0.9040012955665588,0.7880922555923462,0.11590903997421265
Vandalism,Abuse,1,8,a victim collapsing after repeated blows from another person,81.3703542134544,39.55778518953283,0.8369049429893494,0.625381350517273,0.21152359247207642
Vandalism,Abuse,1,9,a hostile person hurting a defenseless target at close range,80.20498817852315,38.69189954606414,0.7978807091712952,0.5669717788696289,0.23090893030166626
Vandalism,Arrest,2,0,uniformed police placing handcuffs on a detained suspect,81.59232869629845,62.36033056094511,0.7776185274124146,0.575975239276886,0.20164328813552856
Vandalism,Arrest,2,1,officers escorting a handcuffed person toward a patrol car,84.63379272831068,59.81889821542278,0.8362870812416077,0.6462085843086243,0.1900784969329834
Vandalism,Arrest,2,2,law enforcement surrounding a suspect beside a police vehicle,78.2096305990446,55.305772417690505,0.7028366923332214,0.5050913691520691,0.19774532318115234
Vandalism,Arrest,2,3,a detained suspect kneeling while officers secure handcuffs,81.39620527900301,43.16223264284365,0.8658765554428101,0.6927283406257629,0.17314821481704712
Vandalism,Arrest,2,4,police guiding a restrained person during formal detention,87.06379288987985,61.18697336520476,0.869455873966217,0.7734471559524536,0.09600871801376343
Vandalism,Arrest,2,5,uniformed officers searching a suspect beside a patrol car,80.15793923922467,57.54344061779353,0.7109248638153076,0.4749060571193695,0.2360188066959381
Vandalism,Arrest,2,6,a handcuffed suspect standing between multiple police officers,79.71571367790648,39.26110945505019,0.8439295887947083,0.6302816867828369,0.21364790201187134
Vandalism,Arrest,2,7,officers controlling a detainee during a roadside arrest,79.45392855411758,55.9863006956425,0.6149473190307617,0.39466094970703125,0.22028636932373047
Vandalism,Arrest,2,8,a patrol team moving a suspect into police custody,80.84161375276689,42.43172493176477,0.7869647741317749,0.5494524240493774,0.23751235008239746
Vandalism,Arrest,2,9,law enforcement securing wrists of a compliant detained person,78.67219233192768,36.33522020123799,0.919452428817749,0.838496744632721,0.08095568418502808
Vandalism,Arson,3,0,a person deliberately igniting material near a property entrance,65.38129783120331,25.687085508986996,0.9560415744781494,0.9303267002105713,0.025714874267578125
Vandalism,Arson,3,1,a suspicious individual using a lighter on a flammable surface,84.70583103097282,41.835799232495,0.961367666721344,0.9052916765213013,0.056075990200042725
Vandalism,Arson,3,2,a small flame spreading gradually after human ignition,66.64179578735346,27.778548094589784,0.9168676733970642,0.8848093748092651,0.03205829858779907
Vandalism,Arson,3,3,a person pouring accelerant before fire begins growing,73.55333667242931,33.24199073925842,0.9305212497711182,0.8909851312637329,0.039536118507385254
Vandalism,Arson,3,4,deliberate fire starting near property without an explosive blast,68.88584061740963,42.27067663613921,0.6887020468711853,0.6131539940834045,0.07554805278778076
Vandalism,Arson,3,5,a person crouching near combustible material before flames appear,83.0399883670205,44.81132594781422,0.9044760465621948,0.8181214928627014,0.08635455369949341
Vandalism,Arson,3,6,a slow fire growing after someone lights an object,69.96021090160977,30.420352255398964,0.9427429437637329,0.9106071591377258,0.03213578462600708
Vandalism,Arson,3,7,a suspicious person leaving as a small fire spreads,78.97964767151913,36.50563118502911,0.9662874341011047,0.9341825246810913,0.03210490942001343
Vandalism,Arson,3,8,visible accelerant or lighter use before property begins burning,70.326951351526,32.4120538939078,0.8992097973823547,0.865647554397583,0.03356224298477173
Vandalism,Arson,3,9,human ignition causing flames to spread across property,62.58404019840693,26.851810327787813,0.933432400226593,0.9179060459136963,0.015526354312896729
Vandalism,Assault,4,0,an attacker lunging toward a victim with a forceful strike,81.46962230516107,38.08685502337772,0.9349240064620972,0.8228119611740112,0.11211204528808594
Vandalism,Assault,4,1,"a close range attack with punches, kicks, and defense",80.561043521346,40.38864720907174,0.8131143450737,0.5931754112243652,0.21993893384933472
Vandalism,Assault,4,2,a victim shielding their face during a rapid attack,80.13122647149113,38.35651728665071,0.7997144460678101,0.5618884563446045,0.23782598972320557
Vandalism,Assault,4,3,an aggressor swinging arms repeatedly at another person,76.68166028468487,33.87062633940945,0.7868652939796448,0.5922349691390991,0.19463032484054565
Vandalism,Assault,4,4,a person punching a victim during a one-sided confrontation,73.2893111229595,29.927997797348656,0.8534961938858032,0.7219379544258118,0.13155823945999146
Vandalism,Assault,4,5,an attacker kicking a fallen victim on the ground,84.59984166222351,45.07174728053638,0.9003138542175293,0.7378078699111938,0.16250598430633545
Vandalism,Assault,4,6,a victim stumbling backward after a direct body hit,83.12495220245694,40.94551417178372,0.8572698831558228,0.6527377367019653,0.20453214645385742
Vandalism,Assault,4,7,an aggressor pursuing a target while continuing to strike,78.77370084931522,37.10039834583985,0.814969003200531,0.606884241104126,0.20808476209640503
Vandalism,Assault,4,8,a person shoving an opponent hard enough to lose balance,79.70313282600617,37.78991006442435,0.8755635023117065,0.6811713576316833,0.1943921446800232
Vandalism,Assault,4,9,a victim recoiling from repeated close range hits,79.23609024176132,38.444052398483656,0.7959949970245361,0.5672193765640259,0.22877562046051025
Vandalism,Burglary,5,0,a surveillance frame of an intruder forcing a doorway,71.61330037322476,32.34282464578585,0.9463479518890381,0.9144135117530823,0.03193444013595581
Vandalism,Burglary,5,1,a person prying a lock to enter a restricted room,55.947209969894274,26.15111413233705,0.9796299338340759,0.9802312850952148,-0.000601351261138916
Vandalism,Burglary,5,2,a masked intruder breaking a barrier into private property,63.67788495198703,29.674980922913097,0.983564555644989,0.9794644117355347,0.004100143909454346
Vandalism,Burglary,5,3,a suspect searching drawers and shelves after unauthorized entry,50.4586840730508,28.752726997432877,0.935976505279541,0.9378169178962708,-0.0018404126167297363
Vandalism,Burglary,5,4,an intruder exiting through a damaged entry point,81.76690955897006,37.7618626351608,0.9572192430496216,0.8981660604476929,0.05905318260192871
Vandalism,Burglary,5,5,a person climbing through a window into closed property,52.07678843595668,27.419623628448786,0.9649630784988403,0.9607457518577576,0.004217326641082764
Vandalism,Burglary,5,6,a suspicious person slipping inside after a doorway opens,63.84505517586804,29.411967408571083,0.9757945537567139,0.9705883860588074,0.005206167697906494
Vandalism,Burglary,5,7,a burglar moving quietly through a room collecting valuables,47.73553282816043,20.83452099300964,0.9776684641838074,0.9888370037078857,-0.01116853952407837
Vandalism,Burglary,5,8,a person damaging a lock to access an interior space,80.73166055396679,38.592060123523375,0.9700536131858826,0.9376667737960815,0.032386839389801025
Vandalism,Burglary,5,9,an intruder exiting a building with bags or electronics,46.6959753122324,20.429237926938217,0.9816761612892151,0.9789776802062988,0.0026984810829162598
Vandalism,Explosion,6,0,an instant blast wave with fireball and flying fragments,66.77329154077736,29.353579450263407,0.7421717047691345,0.6663762927055359,0.07579541206359863
Vandalism,Explosion,6,1,a sudden detonation producing shockwave and expanding smoke plume,67.87454693314807,29.450832532848025,0.8565655946731567,0.8042942881584167,0.05227130651473999
Vandalism,Explosion,6,2,a bright flash followed by rapid explosive pressure burst,82.48315641510348,41.52564224174516,0.7071372270584106,0.5088520050048828,0.19828522205352783
Vandalism,Explosion,6,3,an object erupting violently with an outward debris cloud,69.55417683205964,31.296755244782776,0.8740867972373962,0.7933200597763062,0.08076673746109009
Vandalism,Explosion,6,4,a large fireball appearing immediately after explosive detonation,75.24623678498915,31.594216728094445,0.7958993315696716,0.6879013180732727,0.10799801349639893
Vandalism,Explosion,6,5,a shockwave pushing smoke and fragments away from impact,83.10047986040423,38.57597714953459,0.8121457099914551,0.6456769108772278,0.1664687991142273
Vandalism,Explosion,6,6,a violent pressure burst scattering debris in every direction,83.95546076831522,40.24451927910073,0.8554366827011108,0.7155676484107971,0.13986903429031372
Vandalism,Explosion,6,7,a sudden explosive plume rising from a detonation point,81.39051804458232,40.94434770605806,0.8081477284431458,0.6921671628952026,0.11598056554794312
Vandalism,Explosion,6,8,"a rapid blast creating flash, shockwave, and airborne debris",69.95504068850005,33.3756418376461,0.675224244594574,0.5270411968231201,0.14818304777145386
Vandalism,Explosion,6,9,a concentrated detonation expanding outward within seconds,74.67079206587714,31.291888908980315,0.8343018889427185,0.7656366229057312,0.0686652660369873
Vandalism,Fighting,7,0,two groups mutually exchanging punches in a crowded brawl,77.06442839524125,34.453757877536376,0.705734133720398,0.4652427136898041,0.24049142003059387
Vandalism,Fighting,7,1,several participants striking each other during mutual combat,74.0453686200378,31.828211775642973,0.7816616892814636,0.5755439400672913,0.20611774921417236
Vandalism,Fighting,7,2,opponents separating and reengaging repeatedly in a group fight,77.99041356319239,36.38834808854677,0.7489647269248962,0.49909982085227966,0.24986490607261658
Vandalism,Fighting,7,3,multiple people wrestling and swinging arms at each other,81.9013350998228,36.40392675575378,0.9040873050689697,0.8029001951217651,0.10118710994720459
Vandalism,Fighting,7,4,a crowd circling two sides fighting each other,70.32453858540816,31.074862323773246,0.8061169385910034,0.6822806000709534,0.12383633852005005
Vandalism,Fighting,7,5,"several combatants pushing, grappling, and striking simultaneously",81.27815207966437,42.85804927086236,0.7616234421730042,0.5063071846961975,0.25531625747680664
Vandalism,Fighting,7,6,two sides clashing back and forth in public space,79.57008600864933,38.55139096900626,0.8488860130310059,0.6658889651298523,0.18299704790115356
Vandalism,Fighting,7,7,multiple participants falling and rejoining a chaotic brawl,80.32235201611384,39.421643836873976,0.7365381717681885,0.4612475633621216,0.2752906084060669
Vandalism,Fighting,7,8,people on both sides trading blows in close quarters,79.1009753391606,38.67759973013219,0.743135929107666,0.510420560836792,0.23271536827087402
Vandalism,Fighting,7,9,a mutual street fight with several active combatants,80.01024348472363,39.66135089773669,0.8427897095680237,0.6333886384963989,0.20940107107162476
Vandalism,RoadAccidents,8,0,"a vehicle collision causing impact, debris, and disruption",74.94446867981841,48.09643697129688,0.8892537355422974,0.8180820345878601,0.07117170095443726
Vandalism,RoadAccidents,8,1,a car striking a pedestrian or cyclist on the road,72.65561533614463,53.77325085011755,0.8111075162887573,0.6897406578063965,0.12136685848236084
Vandalism,RoadAccidents,8,2,a motorbike sliding across a lane after a crash,58.33240161784585,28.034697107279822,0.8466484546661377,0.7835978865623474,0.06305056810379028
Vandalism,RoadAccidents,8,3,vehicles swerving and colliding during a sudden accident,74.13533032814696,50.0894820271883,0.657539963722229,0.48834797739982605,0.16919198632240295
Vandalism,RoadAccidents,8,4,a pedestrian knocked down by a vehicle near a crossing,73.12351962257445,49.75967310395929,0.7698557376861572,0.6416698694229126,0.12818586826324463
Vandalism,RoadAccidents,8,5,a damaged vehicle stopped and blocking the roadway,71.62708760818401,44.05357880589141,0.9127551317214966,0.8474780917167664,0.06527704000473022
Vandalism,RoadAccidents,8,6,a rider thrown onto pavement after a high speed impact,74.45846864750457,43.988044630423424,0.8545545339584351,0.7415300011634827,0.11302453279495239
Vandalism,RoadAccidents,8,7,a traffic accident with a vehicle spinning to a halt,68.33383419772834,42.32823203934101,0.7360172271728516,0.5893625020980835,0.14665472507476807
Vandalism,RoadAccidents,8,8,a car hitting an obstacle with sudden debris,78.70769446194778,39.144305272001965,0.9111054539680481,0.8339389562606812,0.07716649770736694
Vandalism,RoadAccidents,8,9,a motorbike rider falling during an intersection collision,57.816931370806614,28.694682455286124,0.8518797159194946,0.7964164018630981,0.055463314056396484
Vandalism,Robbery,9,0,a threatening person forcing a victim to surrender valuables,57.24183133256857,27.55651755409711,0.960476815700531,0.9637536406517029,-0.003276824951171875
Vandalism,Robbery,9,1,an aggressor confronting someone and taking a purse or wallet,56.11334615115333,27.01809313851789,0.9660173654556274,0.9568178653717041,0.00919950008392334
Vandalism,Robbery,9,2,a victim handing over belongings under close range intimidation,82.59000748603775,46.11402234970512,0.9068247675895691,0.7658646702766418,0.14096009731292725
Vandalism,Robbery,9,3,a robber snatching property and escaping quickly,61.32716139143359,31.255381056445312,0.9830620884895325,0.9844172596931458,-0.0013551712036132812
Vandalism,Robbery,9,4,a person threatening a clerk and demanding money,52.62035017422541,23.801932994751628,0.8532477617263794,0.886681079864502,-0.03343331813812256
Vandalism,Robbery,9,5,an attacker cornering a victim and seizing personal items,82.17690745857097,40.37282401083101,0.9691330790519714,0.9132905006408691,0.055842578411102295
Vandalism,Robbery,9,6,a coerced handover of valuables during visible intimidation,67.57019372142244,30.201128520674608,0.916778564453125,0.8608161211013794,0.055962443351745605
Vandalism,Robbery,9,7,a suspect taking valuables while the victim backs away,71.4399258936121,31.46821838555574,0.9484590888023376,0.8831285834312439,0.06533050537109375
Vandalism,Robbery,9,8,a person brandishing a weapon to demand property,68.5778682565072,31.576417035743653,0.9556581377983093,0.9219371676445007,0.033720970153808594
Vandalism,Robbery,9,9,a robber approaching a victim and leaving with belongings,74.39590906887693,34.34045572487921,0.985103189945221,0.968679666519165,0.016423523426055908
Vandalism,Shooting,10,0,an armed person aiming a firearm and firing shots,84.55830761690875,40.82276087422141,0.7983088493347168,0.6096755862236023,0.1886332631111145
Vandalism,Shooting,10,1,a gunman pointing a weapon as people scatter,78.43350082669552,34.386933398367795,0.8595080375671387,0.7091373801231384,0.15037065744400024
Vandalism,Shooting,10,2,a muzzle flash appearing as a shooter targets someone,80.63428820706703,37.355478911147685,0.770840048789978,0.5444276332855225,0.22641241550445557
Vandalism,Shooting,10,3,a person firing a handgun and causing panic,81.08099461974699,36.381614253247896,0.8899972438812256,0.7685543298721313,0.12144291400909424
Vandalism,Shooting,10,4,an armed attacker discharging a weapon in public,84.22034801996995,44.6500862640362,0.8371057510375977,0.6759629845619202,0.1611427664756775
Vandalism,Shooting,10,5,a victim falling after a nearby firearm is fired,84.43043101266163,41.69601592421162,0.8376477956771851,0.6328197121620178,0.20482808351516724
Vandalism,Shooting,10,6,a shooter raising a gun while a crowd runs,80.70287970098934,38.93921128256373,0.7601512670516968,0.5182613134384155,0.24188995361328125
Vandalism,Shooting,10,7,a gunfire scene with fear and rapid dispersal,85.05499275631601,41.04775741099733,0.8135182857513428,0.6148039102554321,0.19871437549591064
Vandalism,Shooting,10,8,a person aiming a rifle or handgun at a target,80.15259668567796,38.110330831948495,0.8081023097038269,0.6293129920959473,0.17878931760787964
Vandalism,Shooting,10,9,an armed shooter firing as people flee the scene,85.78623323046763,41.92244986606634,0.7833203673362732,0.6023492217063904,0.1809711456298828
Vandalism,Shoplifting,11,0,a shopper concealing merchandise inside clothing or a bag,64.58215522487734,30.924894985818703,0.8912614583969116,0.8493624329566956,0.041899025440216064
Vandalism,Shoplifting,11,1,a person removing a store item without checkout,53.6773140742895,26.080613959181555,0.8953971862792969,0.8953935503959656,3.635883331298828e-06
Vandalism,Shoplifting,11,2,a customer hiding a product and exiting an aisle,56.53265043435176,25.06670432953573,0.873376190662384,0.8535618782043457,0.01981431245803833
Vandalism,Shoplifting,11,3,a shopper slipping goods into a bag while browsing,54.491794979507645,28.46648543175118,0.8990263342857361,0.877602219581604,0.02142411470413208
Vandalism,Shoplifting,11,4,a person scanning surroundings before pocketing merchandise,52.95382891980245,25.254274238073045,0.9057675004005432,0.9098610877990723,-0.004093587398529053
Vandalism,Shoplifting,11,5,someone carrying an unpaid item past the cashier,53.92014175000942,25.134706817156154,0.8428430557250977,0.8254425525665283,0.017400503158569336
Vandalism,Shoplifting,11,6,concealed goods disappearing beneath a jacket in a store,71.70636420919975,44.33890514284731,0.8408843278884888,0.8022848963737488,0.03859943151473999
Vandalism,Shoplifting,11,7,a customer hiding one item while handling shelf products,65.34941485036003,30.036719645192854,0.8389303088188171,0.782640278339386,0.05629003047943115
Vandalism,Shoplifting,11,8,a shopper leaving a store with concealed unpaid merchandise,57.852088819952705,27.921041075417136,0.8959353566169739,0.8901880383491516,0.005747318267822266
Vandalism,Shoplifting,11,9,a retail theft scene with discreet concealment and exit,61.83642738274118,26.109670339599607,0.9346864819526672,0.9228624701499939,0.01182401180267334
Vandalism,Stealing,12,0,a person taking unattended property and leaving quickly,78.3821433764723,36.714561684917335,0.9798631072044373,0.9614363312721252,0.01842677593231201
Vandalism,Stealing,12,1,"a thief grabbing a bicycle, bag, phone, or object",69.08902999262168,40.88289047814692,0.9952886700630188,0.9907964468002319,0.004492223262786865
Vandalism,Stealing,12,2,a suspect approaching a valuable item and carrying it away,83.10633943526193,47.61978333986324,0.9746445417404175,0.938769519329071,0.035875022411346436
Vandalism,Stealing,12,3,unattended belongings disappearing after suspicious human contact,66.6853979179121,27.512466575582227,0.9784260988235474,0.9671027064323425,0.011323392391204834
Vandalism,Stealing,12,4,a person lifting property while the owner is distracted,63.72234878473064,29.407625357530698,0.9815138578414917,0.9712927937507629,0.01022106409072876
Vandalism,Stealing,12,5,a thief cutting a lock and taking a bicycle,77.27261564312604,51.977723717457216,0.9879329204559326,0.9716611504554749,0.016271770000457764
Vandalism,Stealing,12,6,a suspect removing a package or bag from public space,85.7217779070331,64.74857169572316,0.9513134360313416,0.9081665873527527,0.04314684867858887
Vandalism,Stealing,12,7,a person pocketing an unattended item and changing direction,80.68564565729027,55.36699020309692,0.9793010950088501,0.9551190733909607,0.024182021617889404
Vandalism,Stealing,12,8,a thief quietly taking property during owner distraction,71.39770248654936,33.191851687052285,0.9803513884544373,0.9660352468490601,0.014316141605377197
Vandalism,Stealing,12,9,a thief carrying stolen property away from the scene,83.36312668637811,69.37415435601505,0.9856539964675903,0.9692240357398987,0.01642996072769165
Vandalism,Vandalism,13,0,a person smashing a window or door with force,70.16184921288891,30.016550836341416,0.9656211733818054,0.9454617500305176,0.020159423351287842
Vandalism,Vandalism,13,1,someone kicking a fixture until visible pieces break,70.17477474566321,28.99272554766334,0.9021621346473694,0.8228899836540222,0.07927215099334717
Vandalism,Vandalism,13,2,a suspect spraying graffiti onto a wall with a can,85.7962289758131,47.538502630632486,0.8570012450218201,0.7665643692016602,0.09043687582015991
Vandalism,Vandalism,13,3,a person breaking glass with repeated tool impacts,62.92389554015262,27.72535139748188,0.942797839641571,0.9155077338218689,0.02729010581970215
Vandalism,Vandalism,13,4,a vandal throwing an object at a storefront or car,83.19871390948896,46.56959461150391,0.9439005851745605,0.8822623491287231,0.0616382360458374
Vandalism,Vandalism,13,5,someone striking public property until visible damage appears,70.33160454332477,30.5491176350276,0.9747365117073059,0.9537901878356934,0.02094632387161255
Vandalism,Vandalism,13,6,a person scratching and denting a parked vehicle,81.70917551257816,63.25829114114014,0.9018457531929016,0.8082548379898071,0.09359091520309448
Vandalism,Vandalism,13,7,a person painting graffiti directly onto public property,80.66789459228022,64.65822506767446,0.893970251083374,0.8230599164962769,0.07091033458709717
Vandalism,Vandalism,13,8,a suspect repeatedly hitting a fixture until it breaks,78.67770722591139,34.9113585307161,0.9098694324493408,0.786498486995697,0.1233709454536438
Vandalism,Vandalism,13,9,a person deliberately damaging property without taking anything,69.29583851701054,30.098579646425133,0.9859480261802673,0.9729346036911011,0.01301342248916626
