prompt,Normal#0,Normal#1,Normal#2,Normal#3,Normal#4,Normal#5,Normal#6,Normal#7,Normal#8,Normal#9,Abuse#0,Abuse#1,Abuse#2,Abuse#3,Abuse#4,Abuse#5,Abuse#6,Abuse#7,Abuse#8,Abuse#9,Arrest#0,Arrest#1,Arrest#2,Arrest#3,Arrest#4,Arrest#5,Arrest#6,Arrest#7,Arrest#8,Arrest#9,Arson#0,Arson#1,Arson#2,Arson#3,Arson#4,Arson#5,Arson#6,Arson#7,Arson#8,Arson#9,Assault#0,Assault#1,Assault#2,Assault#3,Assault#4,Assault#5,Assault#6,Assault#7,Assault#8,Assault#9,Burglary#0,Burglary#1,Burglary#2,Burglary#3,Burglary#4,Burglary#5,Burglary#6,Burglary#7,Burglary#8,Burglary#9,Explosion#0,Explosion#1,Explosion#2,Explosion#3,Explosion#4,Explosion#5,Explosion#6,Explosion#7,Explosion#8,Explosion#9,Fighting#0,Fighting#1,Fighting#2,Fighting#3,Fighting#4,Fighting#5,Fighting#6,Fighting#7,Fighting#8,Fighting#9,RoadAccidents#0,RoadAccidents#1,RoadAccidents#2,RoadAccidents#3,RoadAccidents#4,RoadAccidents#5,RoadAccidents#6,RoadAccidents#7,RoadAccidents#8,RoadAccidents#9,Robbery#0,Robbery#1,Robbery#2,Robbery#3,Robbery#4,Robbery#5,Robbery#6,Robbery#7,Robbery#8,Robbery#9,Shooting#0,Shooting#1,Shooting#2,Shooting#3,Shooting#4,Shooting#5,Shooting#6,Shooting#7,Shooting#8,Shooting#9,Shoplifting#0,Shoplifting#1,Shoplifting#2,Shoplifting#3,Shoplifting#4,Shoplifting#5,Shoplifting#6,Shoplifting#7,Shoplifting#8,Shoplifting#9,Stealing#0,Stealing#1,Stealing#2,Stealing#3,Stealing#4,Stealing#5,Stealing#6,Stealing#7,Stealing#8,Stealing#9,Vandalism#0,Vandalism#1,Vandalism#2,Vandalism#3,Vandalism#4,Vandalism#5,Vandalism#6,Vandalism#7,Vandalism#8,Vandalism#9
Normal#0,0.9999996423721313,0.8651701211929321,0.797379732131958,0.7745895981788635,0.7580701112747192,0.9021676778793335,0.8523340821266174,0.8857415318489075,0.8167729377746582,0.7468302249908447,0.40831583738327026,0.3726036846637726,0.4425620138645172,0.4828026592731476,0.4456571936607361,0.47882360219955444,0.43374672532081604,0.4430372714996338,0.4009878635406494,0.3823270797729492,0.5699141621589661,0.6288027763366699,0.6697950959205627,0.4088735580444336,0.6030950546264648,0.6039999723434448,0.4386327266693115,0.5849072933197021,0.5610212087631226,0.5075297951698303,0.5535693168640137,0.39001137018203735,0.6080307960510254,0.47260257601737976,0.7603387832641602,0.4976527690887451,0.47287487983703613,0.47427117824554443,0.6216632723808289,0.6915127635002136,0.43074795603752136,0.3922727108001709,0.39463019371032715,0.47150111198425293,0.40959489345550537,0.4667169451713562,0.44625431299209595,0.39718976616859436,0.386688768863678,0.46600353717803955,0.40860480070114136,0.41180700063705444,0.343703031539917,0.3347617983818054,0.5128675699234009,0.5020312666893005,0.4202810525894165,0.3454831540584564,0.45353639125823975,0.5145552754402161,0.5743426084518433,0.6108088493347168,0.5424296855926514,0.5451593399047852,0.538459300994873,0.5034980177879333,0.5996218323707581,0.5911757946014404,0.5898386240005493,0.593316912651062,0.4505014419555664,0.542267382144928,0.49101242423057556,0.5779486894607544,0.6277164220809937,0.4430389106273651,0.5561537742614746,0.5205504894256592,0.48139357566833496,0.574181854724884,0.4505563974380493,0.6286683082580566,0.4097616970539093,0.6043591499328613,0.5484498739242554,0.5579217076301575,0.49585068225860596,0.5136203765869141,0.46312204003334045,0.5392742156982422,0.3688740134239197,0.5037586092948914,0.48402583599090576,0.4734042286872864,0.5411039590835571,0.45942044258117676,0.4726507365703583,0.4125414192676544,0.5067495107650757,0.4206680655479431,0.5236833095550537,0.4832085967063904,0.37979742884635925,0.4881254732608795,0.5267576575279236,0.4483105540275574,0.4655134677886963,0.5925040245056152,0.4087347984313965,0.572555661201477,0.43197667598724365,0.5008338689804077,0.48656806349754333,0.40885552763938904,0.5078672170639038,0.5364789366722107,0.5627604722976685,0.46300745010375977,0.41975080966949463,0.5217270851135254,0.4761447608470917,0.5599066615104675,0.473303884267807,0.5201607942581177,0.5073238611221313,0.5009432435035706,0.4507730007171631,0.4769958555698395,0.5100407004356384,0.48441267013549805,0.5203805565834045,0.5556315183639526,0.4237426519393921,0.5013965964317322,0.5498313903808594,0.6434298753738403,0.5576447248458862,0.6395297050476074,0.3836877644062042,0.5201798677444458
Normal#1,0.8651701211929321,0.9999997615814209,0.7231774926185608,0.7755614519119263,0.7359218597412109,0.758734941482544,0.8193363547325134,0.8491969704627991,0.8432620763778687,0.7374278903007507,0.4050300419330597,0.3960472345352173,0.46491438150405884,0.48284557461738586,0.45138296484947205,0.4804839491844177,0.4702358543872833,0.4699440598487854,0.41695302724838257,0.38367462158203125,0.5723857879638672,0.5444778800010681,0.6073026657104492,0.4326949119567871,0.55730801820755,0.5671111345291138,0.4349386394023895,0.5395892858505249,0.5449018478393555,0.5231854915618896,0.5519176721572876,0.4316045641899109,0.6606101989746094,0.5211039781570435,0.7450350522994995,0.5243020057678223,0.5205162167549133,0.5024291276931763,0.6701257228851318,0.7380708456039429,0.43593382835388184,0.38868388533592224,0.40315181016921997,0.5059905648231506,0.4337027072906494,0.48472779989242554,0.4459051191806793,0.4087958335876465,0.40018367767333984,0.4715309143066406,0.40802037715911865,0.45405006408691406,0.366508424282074,0.3432081341743469,0.5255540609359741,0.514141857624054,0.45535895228385925,0.37025296688079834,0.4822550415992737,0.4918367266654968,0.6110391616821289,0.6469495892524719,0.563444972038269,0.5657391548156738,0.5715399980545044,0.5214033722877502,0.6269755959510803,0.6040968894958496,0.6224519610404968,0.6446443200111389,0.49239152669906616,0.5926339626312256,0.5173529386520386,0.637421727180481,0.6620970964431763,0.4556700587272644,0.6033399105072021,0.5551504492759705,0.4888453781604767,0.5597366690635681,0.44908565282821655,0.5074255466461182,0.3498399555683136,0.5740933418273926,0.45190951228141785,0.49495184421539307,0.4630783498287201,0.4509342908859253,0.44165194034576416,0.507673978805542,0.4062865376472473,0.5629621744155884,0.4678420424461365,0.5079913139343262,0.5659515261650085,0.467583030462265,0.48927193880081177,0.43832793831825256,0.48403191566467285,0.41964995861053467,0.5084758996963501,0.48692530393600464,0.38700777292251587,0.5003225207328796,0.48744022846221924,0.4601381719112396,0.46541309356689453,0.5861889123916626,0.39987149834632874,0.5433688759803772,0.4436829686164856,0.5252779722213745,0.5326376557350159,0.39791595935821533,0.5538808703422546,0.5759995579719543,0.5654418468475342,0.4917820394039154,0.38686567544937134,0.5479133129119873,0.5134791135787964,0.5670422315597534,0.47277915477752686,0.5833332538604736,0.5009629130363464,0.4959789216518402,0.41894370317459106,0.5037782192230225,0.5433315634727478,0.47210320830345154,0.5334459543228149,0.6245339512825012,0.37501418590545654,0.5716120004653931,0.5128130912780762,0.7088887691497803,0.5341595411300659,0.638799786567688,0.4319087266921997,0.5847136974334717
Normal#2,0.797379732131958,0.7231774926185608,1.000000238418579,0.8694825768470764,0.6806345582008362,0.7449705004692078,0.7219603061676025,0.7425416707992554,0.6851655840873718,0.9173883199691772,0.2836746573448181,0.2537257969379425,0.3076976239681244,0.3470477759838104,0.3094681203365326,0.3085007667541504,0.2875392436981201,0.31736505031585693,0.2872377336025238,0.2888251841068268,0.4798448979854584,0.47571611404418945,0.5461093187332153,0.2964320182800293,0.4799356460571289,0.5108712911605835,0.3155497908592224,0.5057193636894226,0.4305417537689209,0.39156919717788696,0.3990449607372284,0.27907058596611023,0.5105836391448975,0.34686607122421265,0.6736847162246704,0.3951621949672699,0.3627829849720001,0.32614997029304504,0.5361771583557129,0.581712007522583,0.2727867662906647,0.29353195428848267,0.29333335161209106,0.35975873470306396,0.223174586892128,0.33176732063293457,0.32217758893966675,0.3066866099834442,0.2830427289009094,0.3637476861476898,0.2575109004974365,0.2713671326637268,0.20802441239356995,0.1967596858739853,0.3693931996822357,0.3350119888782501,0.24756217002868652,0.18995273113250732,0.3162406086921692,0.3333955705165863,0.49011582136154175,0.5169328451156616,0.43853986263275146,0.4187341034412384,0.4266044497489929,0.3976840376853943,0.48785287141799927,0.4844636917114258,0.48765477538108826,0.5180243253707886,0.3239099383354187,0.44956034421920776,0.38184061646461487,0.4369582533836365,0.5272526741027832,0.3597952127456665,0.4147379398345947,0.3981083035469055,0.38879069685935974,0.4342990219593048,0.3721613585948944,0.4676763415336609,0.2995121479034424,0.523432195186615,0.39119356870651245,0.4684082269668579,0.3718118369579315,0.4132663905620575,0.3781888782978058,0.4551863670349121,0.21085362136363983,0.31399697065353394,0.3431420624256134,0.30752167105674744,0.35707390308380127,0.3066057562828064,0.34251609444618225,0.250426709651947,0.3551013469696045,0.24308767914772034,0.39412999153137207,0.3202875852584839,0.27498659491539,0.35095691680908203,0.37925752997398376,0.31403496861457825,0.34368112683296204,0.4424138069152832,0.29636144638061523,0.4281010627746582,0.2710235118865967,0.3536919057369232,0.32272738218307495,0.24125492572784424,0.3525845408439636,0.3722238540649414,0.4264697730541229,0.3382072448730469,0.241791769862175,0.3858260214328766,0.32133057713508606,0.3862121105194092,0.30265796184539795,0.40890997648239136,0.34469056129455566,0.35466426610946655,0.2609785199165344,0.3271132707595825,0.3679984211921692,0.3218715190887451,0.32041943073272705,0.43634212017059326,0.2578388452529907,0.36772850155830383,0.38636136054992676,0.49445581436157227,0.4191659092903137,0.5004310607910156,0.2538837790489197,0.3583865165710449
Normal#3,0.7745895981788635,0.7755614519119263,0.8694825768470764,1.0000001192092896,0.7448418736457825,0.7002874612808228,0.7064610123634338,0.7289499640464783,0.7385576963424683,0.9052993655204773,0.291731595993042,0.28082171082496643,0.29939475655555725,0.33914637565612793,0.3145417869091034,0.3216957151889801,0.28710007667541504,0.31614184379577637,0.28089967370033264,0.2906147539615631,0.4776308238506317,0.4558880627155304,0.4893542528152466,0.28888246417045593,0.44434940814971924,0.495703786611557,0.3039383590221405,0.46434539556503296,0.41785675287246704,0.37164878845214844,0.39619484543800354,0.2744835615158081,0.5192543268203735,0.3619844317436218,0.6453307867050171,0.4008025527000427,0.3665632903575897,0.33119451999664307,0.5553982853889465,0.5906955003738403,0.2788155972957611,0.2839716970920563,0.30779513716697693,0.35911649465560913,0.2489340901374817,0.33561354875564575,0.32557159662246704,0.30861470103263855,0.27794119715690613,0.38229599595069885,0.2960612177848816,0.30982506275177,0.22861067950725555,0.2855589985847473,0.3836754560470581,0.3637184798717499,0.286843478679657,0.2414361983537674,0.3376922309398651,0.36182552576065063,0.48769474029541016,0.5175859928131104,0.4348028302192688,0.41657763719558716,0.41579940915107727,0.40276387333869934,0.4992859661579132,0.46862247586250305,0.5047429203987122,0.5212662816047668,0.34246277809143066,0.45822590589523315,0.3690469563007355,0.433030903339386,0.527971088886261,0.3487371504306793,0.4380949139595032,0.3910924196243286,0.39875468611717224,0.4025910198688507,0.29012051224708557,0.40022626519203186,0.2421189844608307,0.4325762093067169,0.3276214599609375,0.3903849124908447,0.32612916827201843,0.3124787211418152,0.3319259583950043,0.38754743337631226,0.2406957447528839,0.3615739047527313,0.34956496953964233,0.3470904231071472,0.43902260065078735,0.32057446241378784,0.37506383657455444,0.29406848549842834,0.3850035071372986,0.2668134868144989,0.38773638010025024,0.3350701332092285,0.28709182143211365,0.3559044897556305,0.39433667063713074,0.3259812891483307,0.35429126024246216,0.44620904326438904,0.3169688880443573,0.4250246286392212,0.36991578340530396,0.4562543034553528,0.4348970055580139,0.32182639837265015,0.43195974826812744,0.45878517627716064,0.5027718544006348,0.4279268980026245,0.3147534728050232,0.45015931129455566,0.32705575227737427,0.42058396339416504,0.3253638744354248,0.43484431505203247,0.36123114824295044,0.34978923201560974,0.2956305742263794,0.3548000454902649,0.39816373586654663,0.3329727351665497,0.36853140592575073,0.5072150826454163,0.2568355202674866,0.41952380537986755,0.4229601323604584,0.5181187391281128,0.38165903091430664,0.5204839706420898,0.2860722243785858,0.38916343450546265
Normal#4,0.7580701112747192,0.7359218597412109,0.6806345582008362,0.7448418736457825,1.0000004768371582,0.6906654834747314,0.742195725440979,0.7607163786888123,0.7821423411369324,0.688496470451355,0.41921305656433105,0.4067727327346802,0.4131256937980652,0.5077887177467346,0.41485586762428284,0.4643726050853729,0.41218841075897217,0.4414939284324646,0.3997572064399719,0.3909677267074585,0.5718561410903931,0.5538896322250366,0.58835768699646,0.44314026832580566,0.5831737518310547,0.5933098793029785,0.42282557487487793,0.594836413860321,0.5661911964416504,0.47505003213882446,0.5063086152076721,0.3920510411262512,0.5817215442657471,0.48776355385780334,0.6890875697135925,0.5368921756744385,0.4692540168762207,0.4442392587661743,0.5787129998207092,0.623119592666626,0.41870802640914917,0.4036969542503357,0.4337783455848694,0.4622538983821869,0.39751681685447693,0.4765046238899231,0.4364718198776245,0.3980940878391266,0.3958955407142639,0.47888830304145813,0.42053818702697754,0.4274876117706299,0.3175995349884033,0.4287996292114258,0.49423617124557495,0.5055480599403381,0.4141327142715454,0.3755922317504883,0.4843634366989136,0.4756527245044708,0.5516674518585205,0.5588741302490234,0.5102584362030029,0.5162585377693176,0.49746817350387573,0.48926666378974915,0.5620211958885193,0.5589100122451782,0.55299973487854,0.5896280407905579,0.4363495707511902,0.55466228723526,0.48036885261535645,0.5330609679222107,0.6054668426513672,0.4440877139568329,0.5089765191078186,0.50365149974823,0.4705060124397278,0.5052123069763184,0.37143635749816895,0.5085782408714294,0.34379905462265015,0.5273336172103882,0.4314308166503906,0.4668939709663391,0.432248592376709,0.4572336673736572,0.46968865394592285,0.48531460762023926,0.3648216426372528,0.44668570160865784,0.4673616588115692,0.45457178354263306,0.5732036828994751,0.44749659299850464,0.4696224331855774,0.4220283031463623,0.4984988570213318,0.40143710374832153,0.5107975006103516,0.4686838388442993,0.3891008198261261,0.47496429085731506,0.5355722904205322,0.45134884119033813,0.474618136882782,0.5514143109321594,0.456764817237854,0.5381956696510315,0.5376856327056885,0.6355806589126587,0.594627857208252,0.5163094997406006,0.5301923155784607,0.569190263748169,0.6453367471694946,0.6056821346282959,0.48554641008377075,0.523038387298584,0.4287772476673126,0.4992551803588867,0.4299471378326416,0.5147293210029602,0.5066878795623779,0.47428691387176514,0.4452527165412903,0.4520711302757263,0.4800383746623993,0.45291489362716675,0.4803276062011719,0.6010815501213074,0.3961137533187866,0.539607048034668,0.5514018535614014,0.5687226057052612,0.49648576974868774,0.6047906875610352,0.4418124258518219,0.4688151478767395
Normal#5,0.9021676778793335,0.758734941482544,0.7449705004692078,0.7002874612808228,0.6906654834747314,0.9999998211860657,0.7792023420333862,0.8685646057128906,0.7389500141143799,0.6913679838180542,0.35362666845321655,0.309891015291214,0.37496253848075867,0.407777339220047,0.38695719838142395,0.408321738243103,0.3477964997291565,0.3749692142009735,0.3540502190589905,0.34721001982688904,0.5074992775917053,0.5762119889259338,0.5972461700439453,0.3521432876586914,0.5386971831321716,0.5493189692497253,0.38210299611091614,0.5288029909133911,0.48801571130752563,0.4215470254421234,0.49058154225349426,0.33700037002563477,0.5097947716712952,0.38473862409591675,0.6687560081481934,0.435774564743042,0.38186198472976685,0.3905770182609558,0.5156647562980652,0.5464456081390381,0.3532678782939911,0.35279953479766846,0.34089547395706177,0.4067174196243286,0.34167852997779846,0.40737253427505493,0.39664971828460693,0.3558875024318695,0.3468090295791626,0.4239828288555145,0.34008753299713135,0.32204532623291016,0.2628384232521057,0.252588152885437,0.441592276096344,0.40315744280815125,0.31872591376304626,0.21344134211540222,0.3883027136325836,0.41766127943992615,0.4692274034023285,0.4790600836277008,0.46744683384895325,0.41784727573394775,0.42836979031562805,0.41799992322921753,0.4983274042606354,0.4815627336502075,0.48520663380622864,0.46708419919013977,0.39030224084854126,0.46257323026657104,0.4386821389198303,0.4683247208595276,0.544960081577301,0.40766921639442444,0.5151911973953247,0.46101462841033936,0.4363671541213989,0.48866167664527893,0.36228442192077637,0.6191102266311646,0.39434078335762024,0.5540805459022522,0.5483250617980957,0.5169570446014404,0.45255327224731445,0.481920063495636,0.40228408575057983,0.4894345998764038,0.2503710985183716,0.4040941596031189,0.4371151626110077,0.3569188117980957,0.42293307185173035,0.3711168169975281,0.4093843698501587,0.34224504232406616,0.42343756556510925,0.3384378254413605,0.4585605561733246,0.3999708890914917,0.3336865305900574,0.40178585052490234,0.4995104670524597,0.3883662223815918,0.40431222319602966,0.5169340968132019,0.3788432478904724,0.5152772068977356,0.36085981130599976,0.44022130966186523,0.42246073484420776,0.34989017248153687,0.40233784914016724,0.4798405170440674,0.46552544832229614,0.40467679500579834,0.34599316120147705,0.4179361164569855,0.3938290476799011,0.4570181965827942,0.3817572593688965,0.4211585521697998,0.41082945466041565,0.4336966872215271,0.4460259675979614,0.40914952754974365,0.4148441255092621,0.40931493043899536,0.42363813519477844,0.4639599919319153,0.40384870767593384,0.4257238209247589,0.4622441232204437,0.531526505947113,0.5212767124176025,0.6030938029289246,0.2939659357070923,0.42048174142837524
Normal#6,0.8523340821266174,0.8193363547325134,0.7219603061676025,0.7064610123634338,0.742195725440979,0.7792023420333862,0.9999995827674866,0.8367424011230469,0.864275336265564,0.6642289161682129,0.44849857687950134,0.4085819125175476,0.47782331705093384,0.5256925821304321,0.48560774326324463,0.5045473575592041,0.4617900848388672,0.49374866485595703,0.45150431990623474,0.4321903586387634,0.6345257759094238,0.6497422456741333,0.67135089635849,0.4480307400226593,0.6497195363044739,0.6668609380722046,0.45821547508239746,0.625325620174408,0.6136513352394104,0.5378553867340088,0.6001594066619873,0.41500335931777954,0.586847186088562,0.49692296981811523,0.8030146360397339,0.5376299619674683,0.4826970100402832,0.4989911913871765,0.6669564843177795,0.6789791584014893,0.4659438729286194,0.437141478061676,0.44509389996528625,0.5203133225440979,0.424477219581604,0.47641056776046753,0.4875038266181946,0.4499989449977875,0.430952787399292,0.4954575300216675,0.4814857840538025,0.4662015736103058,0.38389578461647034,0.3626915216445923,0.5757134556770325,0.5902881622314453,0.4728395342826843,0.37981849908828735,0.5325632095336914,0.5945229530334473,0.6167140603065491,0.6502602696418762,0.597984790802002,0.5749363899230957,0.5543076992034912,0.5584036111831665,0.6347078680992126,0.6351131796836853,0.6545717716217041,0.6335455179214478,0.497308611869812,0.5782335996627808,0.5543544888496399,0.6211689710617065,0.61890709400177,0.505161702632904,0.5884028673171997,0.5793635249137878,0.5339846611022949,0.576885998249054,0.4491271376609802,0.582797110080719,0.34898534417152405,0.6147474646568298,0.49265867471694946,0.4637138545513153,0.49888813495635986,0.49170708656311035,0.43873631954193115,0.4711433947086334,0.36198532581329346,0.49891600012779236,0.5416007041931152,0.4340227246284485,0.46864810585975647,0.48384690284729004,0.4955778121948242,0.45669448375701904,0.4977978467941284,0.43952739238739014,0.5480629205703735,0.4920511245727539,0.4269566833972931,0.505836546421051,0.5397343039512634,0.4662473201751709,0.4988650381565094,0.614883303642273,0.4470879137516022,0.616741418838501,0.44961997866630554,0.44113343954086304,0.49356845021247864,0.400125116109848,0.47977006435394287,0.47479620575904846,0.5714805722236633,0.48645806312561035,0.40492916107177734,0.531685471534729,0.5133692026138306,0.5498266220092773,0.4963802695274353,0.553191602230072,0.5428335666656494,0.49927783012390137,0.49219805002212524,0.5082460641860962,0.5316880941390991,0.5002782344818115,0.5436563491821289,0.5325963497161865,0.4471234679222107,0.493643581867218,0.5614587664604187,0.6212852597236633,0.5186765193939209,0.6452710032463074,0.4302540421485901,0.5011460781097412
Normal#7,0.8857415318489075,0.8491969704627991,0.7425416707992554,0.7289499640464783,0.7607163786888123,0.8685646057128906,0.8367424011230469,0.9999995827674866,0.8012453317642212,0.7297933101654053,0.37709149718284607,0.32805150747299194,0.39050206542015076,0.44340771436691284,0.4088669419288635,0.3919191062450409,0.3666279911994934,0.40557458996772766,0.37761014699935913,0.37994179129600525,0.5318434834480286,0.5350263118743896,0.6119083166122437,0.3632850646972656,0.5338017344474792,0.5733064413070679,0.3741700053215027,0.5471738576889038,0.5204110145568848,0.43452325463294983,0.5247844457626343,0.33503586053848267,0.5614660978317261,0.4091923236846924,0.7514432072639465,0.47932952642440796,0.4398137927055359,0.41002804040908813,0.5870200395584106,0.614918053150177,0.3801850378513336,0.38598543405532837,0.37628304958343506,0.4397071599960327,0.3362048268318176,0.43582338094711304,0.4188905656337738,0.3947664499282837,0.36274075508117676,0.44822943210601807,0.3533436059951782,0.3313775360584259,0.2793908417224884,0.2570146918296814,0.45096147060394287,0.4095756411552429,0.32926052808761597,0.23306819796562195,0.4119403660297394,0.4068799316883087,0.5278820395469666,0.5456737279891968,0.5141559839248657,0.4801465570926666,0.4779508113861084,0.4558292031288147,0.5514546036720276,0.5449686646461487,0.5531313419342041,0.5295474529266357,0.40302321314811707,0.5198689103126526,0.4785972237586975,0.5128175020217896,0.5878520607948303,0.45268532633781433,0.560577392578125,0.4921688437461853,0.46720561385154724,0.5113785266876221,0.3673853278160095,0.5303521156311035,0.3231373429298401,0.5456596612930298,0.45657795667648315,0.456996351480484,0.43968310952186584,0.4382147789001465,0.402493417263031,0.45299607515335083,0.24584436416625977,0.4135192036628723,0.4478732943534851,0.3841751217842102,0.43397533893585205,0.39081501960754395,0.40820032358169556,0.35517171025276184,0.41149482131004333,0.3385586142539978,0.48141905665397644,0.4110487103462219,0.3463665544986725,0.42268621921539307,0.5072789788246155,0.4166593551635742,0.42741888761520386,0.5430867671966553,0.3786044418811798,0.5352418422698975,0.35949409008026123,0.4313936233520508,0.4249676465988159,0.31922030448913574,0.43746569752693176,0.48746538162231445,0.48900291323661804,0.4282122254371643,0.309329628944397,0.45571595430374146,0.4272115230560303,0.4658242166042328,0.39501065015792847,0.4801669716835022,0.43933993577957153,0.429185152053833,0.4271093010902405,0.4179691672325134,0.46249881386756897,0.41726821660995483,0.41262108087539673,0.5171008110046387,0.36838334798812866,0.44014573097229004,0.4674062132835388,0.6058434247970581,0.4804428219795227,0.621536135673523,0.330643892288208,0.4715067446231842
Normal#8,0.8167729377746582,0.8432620763778687,0.6851655840873718,0.7385576963424683,0.7821423411369324,0.7389500141143799,0.864275336265564,0.8012453317642212,1.0,0.674350380897522,0.40692394971847534,0.38177356123924255,0.4373743534088135,0.4740470051765442,0.4487804174423218,0.4683385491371155,0.4213831424713135,0.47049203515052795,0.4037582278251648,0.401622474193573,0.5924899578094482,0.5862878561019897,0.6212228536605835,0.41787153482437134,0.5638303756713867,0.6051952242851257,0.42852532863616943,0.5761417150497437,0.5562081933021545,0.5031185150146484,0.524125874042511,0.38092494010925293,0.5873339772224426,0.4637872874736786,0.7389715909957886,0.5033868551254272,0.4607168436050415,0.4475623071193695,0.6418720483779907,0.6513828635215759,0.4041748344898224,0.41443461179733276,0.40974175930023193,0.4951796233654022,0.3812694549560547,0.44207054376602173,0.44481155276298523,0.41573408246040344,0.40531712770462036,0.48893800377845764,0.44554656744003296,0.44559186697006226,0.31545373797416687,0.3546812832355499,0.5277562141418457,0.5183876156806946,0.44193968176841736,0.33822906017303467,0.49208468198776245,0.472145140171051,0.578424334526062,0.6039321422576904,0.559662401676178,0.5246090292930603,0.5168406963348389,0.5069152116775513,0.6138654351234436,0.583981990814209,0.6092050075531006,0.6132484674453735,0.49249058961868286,0.5654074549674988,0.5300739407539368,0.5902060270309448,0.6164273619651794,0.4851815104484558,0.5882276296615601,0.5396678447723389,0.5219995975494385,0.5356719493865967,0.38753920793533325,0.49353665113449097,0.2880282700061798,0.5543321371078491,0.42463675141334534,0.4292406141757965,0.4151928424835205,0.41136324405670166,0.36868372559547424,0.4187820553779602,0.3221495747566223,0.4688887596130371,0.47642195224761963,0.4069773256778717,0.49545663595199585,0.4175379276275635,0.4461139440536499,0.3925514817237854,0.46735936403274536,0.3637005090713501,0.5165404677391052,0.4660507142543793,0.3982076942920685,0.4754731059074402,0.5112816691398621,0.4283055067062378,0.4780704975128174,0.5704777240753174,0.4135989546775818,0.5671029090881348,0.4355470538139343,0.47785598039627075,0.5197402238845825,0.37635546922683716,0.4872589111328125,0.5404697060585022,0.6031376123428345,0.493726909160614,0.36431461572647095,0.5247045755386353,0.4563853144645691,0.4978758692741394,0.4254987835884094,0.5339435338973999,0.48576223850250244,0.4557301700115204,0.4081670641899109,0.4600580334663391,0.49285227060317993,0.4184643626213074,0.5182204246520996,0.5915490984916687,0.3908590078353882,0.5154464244842529,0.517488956451416,0.6005626320838928,0.4819867014884949,0.6245741844177246,0.4208334684371948,0.4763871431350708
Normal#9,0.7468302249908447,0.7374278903007507,0.9173883199691772,0.9052993655204773,0.688496470451355,0.6913679838180542,0.6642289161682129,0.7297933101654053,0.674350380897522,1.0000001192092896,0.2559981644153595,0.24195101857185364,0.2815413177013397,0.32937297224998474,0.27285847067832947,0.2941809296607971,0.26609933376312256,0.28755566477775574,0.2542582154273987,0.25863733887672424,0.4478210210800171,0.41096508502960205,0.4972066283226013,0.28101974725723267,0.4292524755001068,0.4694959819316864,0.291063517332077,0.4570157825946808,0.40458646416664124,0.3614013195037842,0.38043951988220215,0.26304203271865845,0.5023949146270752,0.33999162912368774,0.6164549589157104,0.37158477306365967,0.35071226954460144,0.3129475712776184,0.5146059989929199,0.5605673789978027,0.2522928714752197,0.2602202296257019,0.2763610780239105,0.3313126564025879,0.22821742296218872,0.32570943236351013,0.29312387108802795,0.28187668323516846,0.24862511456012726,0.3449079692363739,0.2603245973587036,0.2783661186695099,0.21968881785869598,0.2281179279088974,0.3542574942111969,0.3161609172821045,0.2529413104057312,0.21079258620738983,0.30635350942611694,0.3280533254146576,0.45957255363464355,0.48532748222351074,0.3963124752044678,0.390547513961792,0.39999526739120483,0.36819735169410706,0.4613981544971466,0.45464450120925903,0.4514297544956207,0.5081989169120789,0.31446442008018494,0.43607035279273987,0.34634721279144287,0.42096972465515137,0.5278023481369019,0.3230079114437103,0.406090646982193,0.37300509214401245,0.3505059480667114,0.3947864770889282,0.30438071489334106,0.3880484104156494,0.2652551531791687,0.42830875515937805,0.3290022611618042,0.40714359283447266,0.3265378177165985,0.3251971900463104,0.34664538502693176,0.409945011138916,0.21520712971687317,0.31907469034194946,0.3070134222507477,0.3258013129234314,0.37917548418045044,0.287548303604126,0.3276403248310089,0.24891379475593567,0.34703919291496277,0.24253074824810028,0.36856138706207275,0.31241679191589355,0.25346624851226807,0.3346058130264282,0.36585676670074463,0.30775365233421326,0.32683324813842773,0.4226314127445221,0.2819361090660095,0.40969106554985046,0.28925251960754395,0.3747011721134186,0.349176824092865,0.2450229525566101,0.37297505140304565,0.38429775834083557,0.4357636272907257,0.348197877407074,0.24379952251911163,0.3809559643268585,0.2979271411895752,0.3717395067214966,0.2894798219203949,0.4008738398551941,0.3206103444099426,0.3337748646736145,0.25941428542137146,0.29711559414863586,0.35181671380996704,0.29891401529312134,0.3113649785518646,0.4636872708797455,0.2621539235115051,0.3887324333190918,0.3586043119430542,0.5019298791885376,0.3766639530658722,0.5039731860160828,0.25350314378738403,0.3669632077217102
Abuse#0,0.40831583738327026,0.4050300419330597,0.2836746573448181,0.291731595993042,0.41921305656433105,0.35362666845321655,0.44849857687950134,0.37709149718284607,0.40692394971847534,0.2559981644153595,1.0000003576278687,0.8554897904396057,0.8769513368606567,0.7806159257888794,0.9266551733016968,0.7770864963531494,0.8454090356826782,0.9018654227256775,0.9178504943847656,0.9007778167724609,0.6085463762283325,0.6594640016555786,0.5886862277984619,0.6567361354827881,0.6541945934295654,0.5909174680709839,0.8151504397392273,0.5683414340019226,0.745842456817627,0.7406205534934998,0.6561875343322754,0.7770165205001831,0.6678794026374817,0.6461506485939026,0.46300792694091797,0.6188204884529114,0.724953830242157,0.7743483781814575,0.5329355001449585,0.5742402672767639,0.8916661739349365,0.8655709028244019,0.893456220626831,0.8809277415275574,0.7744101285934448,0.8549548387527466,0.9292417764663696,0.887926459312439,0.9198410511016846,0.8859397768974304,0.8708718419075012,0.7303248047828674,0.7207882404327393,0.5609067678451538,0.8487187623977661,0.6420727968215942,0.7366987466812134,0.5918323993682861,0.7259683012962341,0.5723931789398193,0.5764831304550171,0.5506867170333862,0.7834643125534058,0.6376761198043823,0.5318416953086853,0.8247123956680298,0.8142825365066528,0.581627607345581,0.7153845429420471,0.5770348310470581,0.8527190685272217,0.8468458652496338,0.872859001159668,0.7787519693374634,0.7511476278305054,0.8760066032409668,0.8247469663619995,0.8691586852073669,0.8418800830841064,0.8689167499542236,0.5470143556594849,0.6121780872344971,0.523850679397583,0.6263028383255005,0.5980615019798279,0.5082823038101196,0.6887032985687256,0.6673228144645691,0.6416119933128357,0.5314957499504089,0.6674804091453552,0.6680004596710205,0.8509477972984314,0.6572848558425903,0.5780097842216492,0.8218980431556702,0.7366968393325806,0.8216551542282104,0.697507381439209,0.727408766746521,0.7550021409988403,0.8123328685760498,0.882128119468689,0.7938467264175415,0.6967661380767822,0.854606032371521,0.8703359365463257,0.8141139149665833,0.7855865955352783,0.7438744306564331,0.617894172668457,0.650047779083252,0.6967077255249023,0.6474398374557495,0.6424647569656372,0.6656362414360046,0.5698137879371643,0.69681316614151,0.6488470435142517,0.6826303005218506,0.758607029914856,0.6120889186859131,0.7759991884231567,0.618730902671814,0.6327840089797974,0.7437752485275269,0.6481250524520874,0.7355664968490601,0.7687935829162598,0.7250027060508728,0.7092122435569763,0.7324914932250977,0.5284342765808105,0.7483154535293579,0.6313616037368774,0.6521028280258179,0.6069111824035645,0.5169287323951721,0.8617658615112305,0.7305198311805725
Abuse#1,0.3726036846637726,0.3960472345352173,0.2537257969379425,0.28082171082496643,0.4067727327346802,0.309891015291214,0.4085819125175476,0.32805150747299194,0.38177356123924255,0.24195101857185364,0.8554897904396057,0.9999998807907104,0.8748530149459839,0.733841598033905,0.8701590299606323,0.8254956007003784,0.8625316619873047,0.88660728931427,0.8835836052894592,0.8135075569152832,0.5490479469299316,0.5771961212158203,0.5046001672744751,0.6160776615142822,0.6419954299926758,0.48841363191604614,0.7418593168258667,0.4986364543437958,0.6768015623092651,0.7014108896255493,0.6343824863433838,0.7511348724365234,0.6649879217147827,0.6497775316238403,0.4270190894603729,0.5702138543128967,0.7033003568649292,0.7615441679954529,0.5101622343063354,0.5805882811546326,0.8234878778457642,0.7508229613304138,0.7851986885070801,0.8543450832366943,0.7402604222297668,0.8186123371124268,0.8793944120407104,0.8032729625701904,0.8781697750091553,0.8092166781425476,0.813221275806427,0.7211553454399109,0.7118492126464844,0.601121187210083,0.804399311542511,0.6594909429550171,0.7576928734779358,0.6655697822570801,0.7291350960731506,0.5781288146972656,0.5601458549499512,0.508847713470459,0.7304659485816956,0.6017501354217529,0.5212754011154175,0.7583827376365662,0.7649340033531189,0.5388758778572083,0.623565673828125,0.5690211653709412,0.8028995990753174,0.8018012046813965,0.8015687465667725,0.7962449789047241,0.7182631492614746,0.7622920274734497,0.7704629898071289,0.829914927482605,0.7781057357788086,0.7990671992301941,0.5293773412704468,0.5482311248779297,0.5047907829284668,0.5842152833938599,0.5648661851882935,0.4930770993232727,0.6731547117233276,0.6202518939971924,0.6028043031692505,0.5157655477523804,0.6914759874343872,0.649243950843811,0.822306752204895,0.6757556200027466,0.5758711099624634,0.7776081562042236,0.7284208536148071,0.7778958678245544,0.661003828048706,0.717584490776062,0.6739798784255981,0.7525278329849243,0.7948809862136841,0.7563514709472656,0.6125644445419312,0.8143736720085144,0.7896910905838013,0.7131348848342896,0.6754627227783203,0.6653428077697754,0.6131078004837036,0.6874581575393677,0.6936731338500977,0.6502337455749512,0.647064208984375,0.6743905544281006,0.5992921590805054,0.7146284580230713,0.6686549186706543,0.6378507614135742,0.7841441631317139,0.5788618326187134,0.7495855093002319,0.6593108177185059,0.6777858734130859,0.7272603511810303,0.6177735328674316,0.7120810151100159,0.7852939367294312,0.7286810874938965,0.7028063535690308,0.7514591217041016,0.46284055709838867,0.7593859434127808,0.5749087929725647,0.6683448553085327,0.5952052474021912,0.5055354833602905,0.8666108846664429,0.7605849504470825
Abuse#2,0.4425620138645172,0.46491438150405884,0.3076976239681244,0.29939475655555725,0.4131256937980652,0.37496253848075867,0.47782331705093384,0.39050206542015076,0.4373743534088135,0.2815413177013397,0.8769513368606567,0.8748530149459839,0.9999999403953552,0.7753112316131592,0.919285237789154,0.8258030414581299,0.9260753989219666,0.9466810822486877,0.9113775491714478,0.8579866886138916,0.5782524943351746,0.6158939003944397,0.5653946399688721,0.6184351444244385,0.6687725782394409,0.5204429626464844,0.7756482362747192,0.5148839950561523,0.7062079906463623,0.7802531719207764,0.6646431684494019,0.7815701961517334,0.7655906677246094,0.6837218403816223,0.48048722743988037,0.5660443305969238,0.7591938972473145,0.7915842533111572,0.5661722421646118,0.6521114110946655,0.8359429836273193,0.8451777100563049,0.814628005027771,0.9312822818756104,0.7270491123199463,0.834518551826477,0.9179351925849915,0.8633975982666016,0.9171396493911743,0.86328125,0.7927873730659485,0.7357035279273987,0.7458511590957642,0.5416568517684937,0.8615919947624207,0.6763490438461304,0.782188892364502,0.632112979888916,0.7062112092971802,0.5846090912818909,0.6552020907402039,0.5747169256210327,0.8660043478012085,0.6386343240737915,0.5745745897293091,0.8308099508285522,0.8692222833633423,0.5949534177780151,0.7178953886032104,0.6274294853210449,0.8816167116165161,0.8681025505065918,0.8949635028839111,0.8755476474761963,0.8213859796524048,0.8309824466705322,0.8636572360992432,0.9161186218261719,0.8751094937324524,0.8975725769996643,0.5941644906997681,0.5552026033401489,0.5089529752731323,0.639480471611023,0.5537306070327759,0.5402796268463135,0.6820042729377747,0.65386962890625,0.6100085973739624,0.5415545701980591,0.692094087600708,0.6884709596633911,0.831807017326355,0.7216635942459106,0.5823431015014648,0.7826894521713257,0.7470865249633789,0.7787086963653564,0.6743038296699524,0.7088289260864258,0.7148767709732056,0.7735046148300171,0.8264690637588501,0.7939899563789368,0.6194628477096558,0.8227707147598267,0.8270953893661499,0.7492344379425049,0.670065701007843,0.6703905463218689,0.6045911312103271,0.658604621887207,0.7113955020904541,0.6451363563537598,0.678930401802063,0.7068899273872375,0.608574390411377,0.6956585645675659,0.6703022122383118,0.7237557172775269,0.8422095775604248,0.621202826499939,0.7754575610160828,0.6905035972595215,0.6873109340667725,0.783890962600708,0.6158415079116821,0.7474400997161865,0.8443674445152283,0.756926953792572,0.7218613624572754,0.7800679206848145,0.45677483081817627,0.7746926546096802,0.5601564645767212,0.7227976322174072,0.6310191750526428,0.5162433385848999,0.8716772794723511,0.8085323572158813
Abuse#3,0.4828026592731476,0.48284557461738586,0.3470477759838104,0.33914637565612793,0.5077887177467346,0.407777339220047,0.5256925821304321,0.44340771436691284,0.4740470051765442,0.32937297224998474,0.7806159257888794,0.733841598033905,0.7753112316131592,0.9999999403953552,0.7728437185287476,0.7975000739097595,0.7888146638870239,0.7663365602493286,0.7840672731399536,0.6776221990585327,0.760212779045105,0.734422504901886,0.7199289798736572,0.7848896980285645,0.7864255905151367,0.7045320868492126,0.831256628036499,0.6992847919464111,0.8011242747306824,0.7953571081161499,0.6875414848327637,0.7543224096298218,0.6388620138168335,0.7053619623184204,0.5380752086639404,0.6975412368774414,0.7191553711891174,0.7341984510421753,0.5719510912895203,0.6127519607543945,0.8356204628944397,0.6863744854927063,0.783819317817688,0.7346517443656921,0.7690505981445312,0.8228011131286621,0.8012653589248657,0.6785697937011719,0.7630603313446045,0.7196570634841919,0.7394039630889893,0.7327661514282227,0.6846314668655396,0.6062028408050537,0.7915511727333069,0.6750485897064209,0.7246007919311523,0.6190747022628784,0.7436041831970215,0.6476980447769165,0.6125577688217163,0.5974243879318237,0.7126711010932922,0.6751762628555298,0.5913391709327698,0.7367286682128906,0.7216308116912842,0.6483574509620667,0.6833233833312988,0.586540937423706,0.7126895189285278,0.7381981611251831,0.7284588813781738,0.7605143785476685,0.6975415945053101,0.6987491846084595,0.7139180898666382,0.7931146621704102,0.6527222394943237,0.752311646938324,0.5963461399078369,0.6769041419029236,0.5921682119369507,0.6878113746643066,0.6731314659118652,0.5899689793586731,0.7615199089050293,0.7228760123252869,0.6571053266525269,0.6320772171020508,0.7050312757492065,0.6726334095001221,0.8338404893875122,0.6605368852615356,0.6068016290664673,0.8413293361663818,0.7489631175994873,0.8169255256652832,0.7556630373001099,0.7511953711509705,0.7648898959159851,0.8089418411254883,0.723863959312439,0.7686384916305542,0.7502554655075073,0.8212125301361084,0.802605152130127,0.7634398937225342,0.7478667497634888,0.7517883777618408,0.7015411257743835,0.684496283531189,0.7321259379386902,0.6883362531661987,0.6878409385681152,0.6460283994674683,0.6136267185211182,0.73702472448349,0.6659971475601196,0.6698291301727295,0.7334978580474854,0.6669270992279053,0.7884081602096558,0.6634849309921265,0.7056259512901306,0.7327882051467896,0.7195466756820679,0.7683423757553101,0.7059018611907959,0.7446296215057373,0.7052903175354004,0.6528909802436829,0.5916993618011475,0.6948032975196838,0.6312098503112793,0.6578142642974854,0.7053139209747314,0.5445240139961243,0.7886146306991577,0.689375638961792
Abuse#4,0.4456571936607361,0.45138296484947205,0.3094681203365326,0.3145417869091034,0.41485586762428284,0.38695719838142395,0.48560774326324463,0.4088669419288635,0.4487804174423218,0.27285847067832947,0.9266551733016968,0.8701590299606323,0.919285237789154,0.7728437185287476,1.0000001192092896,0.7827920913696289,0.871577799320221,0.9417736530303955,0.957257866859436,0.9345536231994629,0.5984959602355957,0.652124285697937,0.5853686928749084,0.6342951059341431,0.6485002040863037,0.5803630352020264,0.7966786623001099,0.5462424755096436,0.7319735288619995,0.7269295454025269,0.629663348197937,0.760410726070404,0.7069008946418762,0.6376430988311768,0.48257502913475037,0.5893843173980713,0.7186905741691589,0.7710740566253662,0.5272896885871887,0.5881259441375732,0.8890043497085571,0.8882871866226196,0.8832837343215942,0.9371932744979858,0.7255762219429016,0.8647304773330688,0.9589270353317261,0.9374821186065674,0.9509366750717163,0.9164968729019165,0.8145855665206909,0.6829469203948975,0.7005414962768555,0.505560040473938,0.8452396392822266,0.6001310348510742,0.7239402532577515,0.5409414768218994,0.6808127164840698,0.5394353866577148,0.5766977071762085,0.5522838234901428,0.826569139957428,0.6046611070632935,0.5297799110412598,0.8271604776382446,0.831341028213501,0.5828414559364319,0.7076525688171387,0.5837456583976746,0.8972535729408264,0.903630793094635,0.9271504878997803,0.8229414224624634,0.8165793418884277,0.899502694606781,0.8884397745132446,0.909174919128418,0.9072017669677734,0.897396981716156,0.5101944804191589,0.5731157064437866,0.47045600414276123,0.6189931035041809,0.5647733211517334,0.48996466398239136,0.6769135594367981,0.6323046684265137,0.5991284847259521,0.49843859672546387,0.6293197870254517,0.6633275747299194,0.8504780530929565,0.6401821374893188,0.5439363121986389,0.8030290603637695,0.7214465141296387,0.785158097743988,0.6641160845756531,0.689183235168457,0.7329589128494263,0.7944678068161011,0.9042363166809082,0.7800116539001465,0.6729340553283691,0.8485286235809326,0.8744177222251892,0.7846428155899048,0.722960889339447,0.727514386177063,0.5863243937492371,0.6340532302856445,0.698054313659668,0.6094409823417664,0.618270754814148,0.6864755749702454,0.5552484393119812,0.6837998628616333,0.6016321182250977,0.6571260690689087,0.7730600833892822,0.5835880637168884,0.7733474373817444,0.6137540340423584,0.6091881990432739,0.7277652025222778,0.6205201745033264,0.7106616497039795,0.7979893684387207,0.7153546810150146,0.6822893619537354,0.775540292263031,0.4659474492073059,0.7586427330970764,0.5593335628509521,0.6583898067474365,0.5884941220283508,0.517657995223999,0.8642494678497314,0.7451367378234863
Abuse#5,0.47882360219955444,0.4804839491844177,0.3085007667541504,0.3216957151889801,0.4643726050853729,0.408321738243103,0.5045473575592041,0.3919191062450409,0.4683385491371155,0.2941809296607971,0.7770864963531494,0.8254956007003784,0.8258030414581299,0.7975000739097595,0.7827920913696289,0.9999998211860657,0.8939040899276733,0.8143119812011719,0.7970994710922241,0.6511631011962891,0.6453728675842285,0.6826798915863037,0.6271193623542786,0.7117362022399902,0.7623711228370667,0.5880115032196045,0.7697875499725342,0.5723015069961548,0.7445089817047119,0.7980654835700989,0.737415075302124,0.804934024810791,0.692314088344574,0.7599023580551147,0.49992936849594116,0.6851131916046143,0.7519912123680115,0.8273918628692627,0.5847632884979248,0.6623561978340149,0.8445162773132324,0.6640740633010864,0.7129617929458618,0.7649515867233276,0.7997403740882874,0.8681284189224243,0.8134642243385315,0.6573773622512817,0.7640763521194458,0.693127453327179,0.7982659935951233,0.7978694438934326,0.7868863940238953,0.6792815923690796,0.838228166103363,0.7681514024734497,0.8650128841400146,0.760157585144043,0.8008164763450623,0.7188616991043091,0.645247220993042,0.5927251577377319,0.7493982315063477,0.6669418811798096,0.6000829935073853,0.7235730886459351,0.7469297647476196,0.6227982640266418,0.6438548564910889,0.5942180156707764,0.732246994972229,0.7435470819473267,0.7076261639595032,0.8192443251609802,0.714138388633728,0.6509721279144287,0.7017693519592285,0.7986035346984863,0.6503762006759644,0.7802672386169434,0.6342553496360779,0.6528027653694153,0.629646897315979,0.6606500744819641,0.7085150480270386,0.6085681915283203,0.7856432199478149,0.6979026794433594,0.6974014639854431,0.6629819869995117,0.7600021958351135,0.7299729585647583,0.7961174249649048,0.7852993607521057,0.6892331838607788,0.8580983877182007,0.7540315985679626,0.8167847394943237,0.720058798789978,0.8266856670379639,0.7187111377716064,0.7747342586517334,0.6981943845748901,0.7973469495773315,0.6811809539794922,0.8163299560546875,0.7548304200172424,0.7191684246063232,0.6608916521072388,0.7129430770874023,0.7044223546981812,0.7346746921539307,0.7885403633117676,0.746021568775177,0.7576767802238464,0.7340627908706665,0.6533716320991516,0.7553342580795288,0.7685045599937439,0.7088045477867126,0.8573611974716187,0.7007662653923035,0.823692262172699,0.749242901802063,0.775040328502655,0.792901873588562,0.7057126760482788,0.8219009637832642,0.8099575042724609,0.8190528154373169,0.784677267074585,0.7202686071395874,0.5514296889305115,0.7676820755004883,0.6391857266426086,0.73462975025177,0.6923224925994873,0.5732074975967407,0.8461167812347412,0.7822955846786499
Abuse#6,0.43374672532081604,0.4702358543872833,0.2875392436981201,0.28710007667541504,0.41218841075897217,0.3477964997291565,0.4617900848388672,0.3666279911994934,0.4213831424713135,0.26609933376312256,0.8454090356826782,0.8625316619873047,0.9260753989219666,0.7888146638870239,0.871577799320221,0.8939040899276733,1.0000001192092896,0.8991977572441101,0.8727890849113464,0.7615483999252319,0.5866410136222839,0.6044352054595947,0.5854535102844238,0.6613414883613586,0.7048745155334473,0.5368602871894836,0.7754625082015991,0.5286638736724854,0.719933032989502,0.8276351690292358,0.7485230565071106,0.8346965312957764,0.752900242805481,0.7686640024185181,0.4731203317642212,0.638009786605835,0.8104043006896973,0.8639229536056519,0.5895360708236694,0.6708680391311646,0.8527421951293945,0.7535645961761475,0.7801775932312012,0.8758586049079895,0.7910805940628052,0.8623923063278198,0.8800848722457886,0.7684183120727539,0.8548762798309326,0.7913035750389099,0.8128120303153992,0.7971359491348267,0.8300912380218506,0.6276275515556335,0.875715970993042,0.7535578608512878,0.8696088790893555,0.7149181365966797,0.7965567111968994,0.6475181579589844,0.669884204864502,0.6010657548904419,0.8274391889572144,0.6596348881721497,0.6184648275375366,0.7970868945121765,0.8194541335105896,0.6191467046737671,0.6847189664840698,0.6157809495925903,0.8152121305465698,0.8235589861869812,0.8065609931945801,0.8756329417228699,0.7886066436767578,0.7312452793121338,0.7818523645401001,0.8574341535568237,0.758025586605072,0.8679393529891968,0.6409144401550293,0.5983307957649231,0.5827407240867615,0.6583963632583618,0.6204531192779541,0.6009365320205688,0.7446849346160889,0.7025392055511475,0.7037270069122314,0.6242223978042603,0.7775433659553528,0.7321969270706177,0.8421263098716736,0.8118085265159607,0.665622889995575,0.8433935046195984,0.7930194139480591,0.8324137926101685,0.7130229473114014,0.7996327877044678,0.7397525310516357,0.8029335737228394,0.7893885374069214,0.8372945189476013,0.6544321179389954,0.8543246388435364,0.8065412044525146,0.7549239993095398,0.6739779114723206,0.7046236395835876,0.6673095226287842,0.7312137484550476,0.77756667137146,0.7140741348266602,0.777574896812439,0.7713190317153931,0.6259785294532776,0.7644809484481812,0.7521252036094666,0.753635585308075,0.9205827713012695,0.6731714010238647,0.8398897647857666,0.7678556442260742,0.770802915096283,0.834768533706665,0.6721957921981812,0.8349530100822449,0.880918025970459,0.8369650840759277,0.7750918865203857,0.7988975048065186,0.5050241351127625,0.8145970106124878,0.5941981077194214,0.7638506889343262,0.6933397054672241,0.5636029243469238,0.9087986946105957,0.8563528060913086
Abuse#7,0.4430372714996338,0.4699440598487854,0.31736505031585693,0.31614184379577637,0.4414939284324646,0.3749692142009735,0.49374866485595703,0.40557458996772766,0.47049203515052795,0.28755566477775574,0.9018654227256775,0.88660728931427,0.9466810822486877,0.7663365602493286,0.9417736530303955,0.8143119812011719,0.8991977572441101,0.9999999403953552,0.9140437841415405,0.884005069732666,0.5710898041725159,0.6194491386413574,0.5593034625053406,0.6094974875450134,0.658868670463562,0.534198522567749,0.7725859880447388,0.5110975503921509,0.7075995206832886,0.7631120681762695,0.6577180624008179,0.7660262584686279,0.7609891891479492,0.6732681393623352,0.4878082871437073,0.5703138113021851,0.7460087537765503,0.7802396416664124,0.5663241147994995,0.6397199034690857,0.8539221286773682,0.8720996975898743,0.8163479566574097,0.9388822317123413,0.7060253024101257,0.8212215900421143,0.9232483506202698,0.8900562524795532,0.9316921234130859,0.8741711378097534,0.8340889811515808,0.73661208152771,0.7323583364486694,0.5380240678787231,0.865303635597229,0.6610589027404785,0.7699598073959351,0.6203123331069946,0.6982117891311646,0.5768948793411255,0.6374280452728271,0.5815919637680054,0.8473514914512634,0.6303787231445312,0.5651521682739258,0.8310189843177795,0.866798996925354,0.5928718447685242,0.7260700464248657,0.6257038712501526,0.8770265579223633,0.8864487409591675,0.9099029302597046,0.8487288951873779,0.8329982757568359,0.859438419342041,0.8701248168945312,0.903931200504303,0.8778513073921204,0.8975057005882263,0.5572839975357056,0.5361716747283936,0.4515579342842102,0.6127910614013672,0.5285376310348511,0.49097150564193726,0.6508690714836121,0.6237455606460571,0.6023615598678589,0.49337273836135864,0.664182186126709,0.6814576983451843,0.830572783946991,0.6853080987930298,0.571819543838501,0.7712383270263672,0.7261853218078613,0.7666705846786499,0.6618404388427734,0.6897027492523193,0.7108054757118225,0.7748782634735107,0.8546422719955444,0.7770748734474182,0.6187871694564819,0.8126212954521179,0.8395000696182251,0.7689839601516724,0.6773175001144409,0.6830140352249146,0.5890500545501709,0.6499745845794678,0.7142017483711243,0.6309033632278442,0.657146692276001,0.7063616514205933,0.5930756330490112,0.6965018510818481,0.6379697322845459,0.7174112200737,0.8144286870956421,0.594639778137207,0.766514778137207,0.6609066724777222,0.6540713906288147,0.7392706871032715,0.5832107663154602,0.7329574823379517,0.8260037899017334,0.7183812856674194,0.7160109281539917,0.784814715385437,0.43641871213912964,0.7870147824287415,0.5559753179550171,0.6896657943725586,0.5749903917312622,0.5006925463676453,0.8727195262908936,0.775788426399231
Abuse#8,0.4009878635406494,0.41695302724838257,0.2872377336025238,0.28089967370033264,0.3997572064399719,0.3540502190589905,0.45150431990623474,0.37761014699935913,0.4037582278251648,0.2542582154273987,0.9178504943847656,0.8835836052894592,0.9113775491714478,0.7840672731399536,0.957257866859436,0.7970994710922241,0.8727890849113464,0.9140437841415405,1.0,0.9312633872032166,0.6006532907485962,0.6195022463798523,0.567617654800415,0.6434699892997742,0.6476126313209534,0.5786876678466797,0.7878295183181763,0.5472170114517212,0.7243478298187256,0.7088655829429626,0.6170752048492432,0.754206657409668,0.6778857707977295,0.6217480897903442,0.4540964365005493,0.5990757346153259,0.7006170749664307,0.7564045190811157,0.49531203508377075,0.5539498329162598,0.8555500507354736,0.8470824956893921,0.8892204761505127,0.9293750524520874,0.7148984670639038,0.8783762454986572,0.9762736558914185,0.9302501082420349,0.9411653876304626,0.9281029105186462,0.8115870952606201,0.668893575668335,0.6865911483764648,0.49337780475616455,0.8323046565055847,0.6043334007263184,0.726538896560669,0.5364947319030762,0.6767264008522034,0.5235449075698853,0.549847424030304,0.5097091197967529,0.7989581823348999,0.5800029039382935,0.5008077025413513,0.8013848066329956,0.8009555339813232,0.5578498840332031,0.6701400279998779,0.5599177479743958,0.8702508211135864,0.8697944283485413,0.8972957134246826,0.80092453956604,0.7753941416740417,0.8767350912094116,0.8651700019836426,0.8992127180099487,0.8924587965011597,0.8581567406654358,0.5010117292404175,0.5720148682594299,0.5211672782897949,0.623031497001648,0.5959947109222412,0.48782896995544434,0.7011969089508057,0.6558917760848999,0.609184205532074,0.5176790356636047,0.6158645749092102,0.6167852878570557,0.8403701782226562,0.6160224676132202,0.5124573111534119,0.7738591432571411,0.6947981119155884,0.7749052047729492,0.6473190188407898,0.6857197284698486,0.7296369075775146,0.7884142994880676,0.8871357440948486,0.7775090932846069,0.6629129648208618,0.8809425830841064,0.8672561049461365,0.7677282094955444,0.7364686131477356,0.720268964767456,0.5735875368118286,0.6187213063240051,0.674523115158081,0.6048735976219177,0.584863543510437,0.6480547785758972,0.5517182350158691,0.6698458194732666,0.5855990052223206,0.6076544523239136,0.7541743516921997,0.5520761013031006,0.7503506541252136,0.5957410931587219,0.604101300239563,0.7215979099273682,0.6169780492782593,0.6807487607002258,0.7711402177810669,0.6930962800979614,0.6519033908843994,0.7472798824310303,0.47135812044143677,0.7455974817276001,0.5303090810775757,0.6245374083518982,0.5887893438339233,0.4967397451400757,0.869688868522644,0.7152719497680664
Abuse#9,0.3823270797729492,0.38367462158203125,0.2888251841068268,0.2906147539615631,0.3909677267074585,0.34721001982688904,0.4321903586387634,0.37994179129600525,0.401622474193573,0.25863733887672424,0.9007778167724609,0.8135075569152832,0.8579866886138916,0.6776221990585327,0.9345536231994629,0.6511631011962891,0.7615483999252319,0.884005069732666,0.9312633872032166,0.9999997615814209,0.5150058269500732,0.5737587213516235,0.503442645072937,0.5417494177818298,0.5459256172180176,0.5197451114654541,0.7111768126487732,0.48262810707092285,0.650040328502655,0.5940198302268982,0.5286009311676025,0.6704412698745728,0.635547399520874,0.519041121006012,0.43605363368988037,0.512703537940979,0.6246524453163147,0.6632524728775024,0.44727712869644165,0.4958534836769104,0.7946193814277649,0.8848224878311157,0.8662223815917969,0.9127682447433472,0.62015700340271,0.7712255716323853,0.9258757829666138,0.9733642339706421,0.939072847366333,0.9364440441131592,0.7556009888648987,0.584132194519043,0.5830855369567871,0.4025711417198181,0.7621891498565674,0.492461621761322,0.6022192239761353,0.4165276885032654,0.5654168725013733,0.42398226261138916,0.4970531463623047,0.46194154024124146,0.7694295644760132,0.5132051706314087,0.44379112124443054,0.7759069204330444,0.7855223417282104,0.49041613936424255,0.662248432636261,0.5276648998260498,0.8394511938095093,0.854381263256073,0.9022223949432373,0.715100884437561,0.7438117861747742,0.9142940044403076,0.850838303565979,0.851860761642456,0.9290234446525574,0.8321174383163452,0.4058150053024292,0.4848266839981079,0.3998543620109558,0.5293469429016113,0.4594179391860962,0.39832478761672974,0.5643369555473328,0.5492730140686035,0.524297833442688,0.3898438811302185,0.5141555666923523,0.5528650283813477,0.7717956304550171,0.5000606775283813,0.43992680311203003,0.6684969663619995,0.6184597015380859,0.682498574256897,0.5909225344657898,0.5612900257110596,0.6755704879760742,0.7319920063018799,0.8981767892837524,0.7035539746284485,0.6001269221305847,0.7902004718780518,0.8472022414207458,0.7460424900054932,0.7328125834465027,0.6627907752990723,0.4768127202987671,0.5408920645713806,0.598612368106842,0.5098795890808105,0.49806493520736694,0.5768857002258301,0.4871331453323364,0.5966412425041199,0.48560312390327454,0.558803141117096,0.6571749448776245,0.4631193280220032,0.6513592004776001,0.4976027309894562,0.49625712633132935,0.6301245093345642,0.5158414244651794,0.5848013162612915,0.6968097686767578,0.5847581028938293,0.5610655546188354,0.6962599754333496,0.3994485139846802,0.6824073791503906,0.4846014976501465,0.553512692451477,0.4809114336967468,0.43994641304016113,0.7803888320922852,0.6384038329124451
Arrest#0,0.5699141621589661,0.5723857879638672,0.4798448979854584,0.4776308238506317,0.5718561410903931,0.5074992775917053,0.6345257759094238,0.5318434834480286,0.5924899578094482,0.4478210210800171,0.6085463762283325,0.5490479469299316,0.5782524943351746,0.760212779045105,0.5984959602355957,0.6453728675842285,0.5866410136222839,0.5710898041725159,0.6006532907485962,0.5150058269500732,0.9999995231628418,0.8241084814071655,0.789871335029602,0.8699871301651001,0.8133248686790466,0.8447748422622681,0.8163487911224365,0.8730738162994385,0.8362563848495483,0.7932146787643433,0.6293814182281494,0.6129747629165649,0.5426027774810791,0.6010834574699402,0.6356649398803711,0.6639513969421387,0.5754032731056213,0.595492422580719,0.5771217942237854,0.5821409821510315,0.6313318014144897,0.5130177140235901,0.5942267775535583,0.58949875831604,0.6593391299247742,0.6685714721679688,0.6112421751022339,0.5297753810882568,0.5776068568229675,0.5854764580726624,0.6058980226516724,0.6269410848617554,0.5289747714996338,0.5476577281951904,0.6505268216133118,0.6066393852233887,0.5690783858299255,0.5084277391433716,0.6774780750274658,0.6155409812927246,0.5485442876815796,0.5875088572502136,0.5824310779571533,0.5948520302772522,0.5348359942436218,0.5998339653015137,0.6204923987388611,0.6114165186882019,0.6025062799453735,0.5820590257644653,0.5766708850860596,0.6160981059074402,0.5904822945594788,0.6462831497192383,0.5809098482131958,0.55977863073349,0.5633729100227356,0.6390023231506348,0.5358659029006958,0.6213699579238892,0.5402687788009644,0.6765697002410889,0.5086579322814941,0.7010357975959778,0.6598090529441833,0.5726673603057861,0.6647346019744873,0.6527531147003174,0.5641852021217346,0.5930550694465637,0.5708192586898804,0.5859615802764893,0.7065176963806152,0.5436650514602661,0.5344388484954834,0.7073029279708862,0.6761226058006287,0.68680340051651,0.6796072721481323,0.6283475756645203,0.7502042055130005,0.6813503503799438,0.5562992095947266,0.6801117062568665,0.7581189870834351,0.6898603439331055,0.6503255367279053,0.682461142539978,0.6602932810783386,0.7343442440032959,0.6375288367271423,0.5832811594009399,0.6084428429603577,0.5533379912376404,0.5427628755569458,0.5256843566894531,0.5783804655075073,0.6359420418739319,0.5184829831123352,0.5765981674194336,0.57093745470047,0.6491664052009583,0.6742850542068481,0.593212366104126,0.5811339616775513,0.6420555114746094,0.6678628921508789,0.6502565145492554,0.5743456482887268,0.650596022605896,0.5975425243377686,0.5442529320716858,0.6163234710693359,0.5713109970092773,0.6290254592895508,0.5640993118286133,0.6479632258415222,0.594992458820343,0.6201128959655762,0.5243833065032959
Arrest#1,0.6288027763366699,0.5444778800010681,0.47571611404418945,0.4558880627155304,0.5538896322250366,0.5762119889259338,0.6497422456741333,0.5350263118743896,0.5862878561019897,0.41096508502960205,0.6594640016555786,0.5771961212158203,0.6158939003944397,0.734422504901886,0.652124285697937,0.6826798915863037,0.6044352054595947,0.6194491386413574,0.6195022463798523,0.5737587213516235,0.8241084814071655,0.9999997615814209,0.7878295183181763,0.7834615707397461,0.8011193871498108,0.8206690549850464,0.8185147047042847,0.7837531566619873,0.8322389125823975,0.7328683733940125,0.609713077545166,0.6097604036331177,0.544139564037323,0.5734903216362,0.5905717611312866,0.6093405485153198,0.5684686303138733,0.6304006576538086,0.5653625130653381,0.5848026275634766,0.7112024426460266,0.583060622215271,0.6185779571533203,0.613004207611084,0.6670670509338379,0.6691060066223145,0.6572167277336121,0.5649025440216064,0.6238667368888855,0.6108570098876953,0.6310534477233887,0.6276981830596924,0.5494462847709656,0.5394786596298218,0.6889318227767944,0.6198428869247437,0.6065473556518555,0.5298867225646973,0.6308993101119995,0.6536860466003418,0.5401735305786133,0.5910388827323914,0.6087877750396729,0.6016641855239868,0.5337119698524475,0.6235586404800415,0.6397642493247986,0.5964487791061401,0.6432879567146301,0.5666536092758179,0.6100509762763977,0.6292924880981445,0.6199987530708313,0.6535189151763916,0.6036210656166077,0.6147128939628601,0.5980465412139893,0.6692992448806763,0.5678119659423828,0.66849684715271,0.5474531054496765,0.7264698147773743,0.535258948802948,0.6763567924499512,0.6567003130912781,0.6044299006462097,0.6840943098068237,0.6514781713485718,0.577702522277832,0.6027777194976807,0.5738157629966736,0.648872971534729,0.6983800530433655,0.5629444122314453,0.5702852010726929,0.7416667938232422,0.6458842754364014,0.7023483514785767,0.665206253528595,0.6596688032150269,0.7088155150413513,0.6866906881332397,0.5887761116027832,0.6662230491638184,0.7144670486450195,0.6661152839660645,0.6869136095046997,0.7335083484649658,0.6633977890014648,0.7341306209564209,0.6088628768920898,0.5855548977851868,0.6154741048812866,0.5863666534423828,0.553099513053894,0.5722658038139343,0.5834738612174988,0.5921962857246399,0.575916051864624,0.6119567155838013,0.5970271229743958,0.7075233459472656,0.7047908306121826,0.5708261728286743,0.606427013874054,0.6484299302101135,0.6555522680282593,0.6772462129592896,0.589896559715271,0.6669517755508423,0.6280952095985413,0.5383701324462891,0.5719527006149292,0.5597432255744934,0.6688334941864014,0.5591890811920166,0.6298350095748901,0.5497909188270569,0.6171813011169434,0.5368781089782715
Arrest#2,0.6697950959205627,0.6073026657104492,0.5461093187332153,0.4893542528152466,0.58835768699646,0.5972461700439453,0.67135089635849,0.6119083166122437,0.6212228536605835,0.4972066283226013,0.5886862277984619,0.5046001672744751,0.5653946399688721,0.7199289798736572,0.5853686928749084,0.6271193623542786,0.5854535102844238,0.5593034625053406,0.567617654800415,0.503442645072937,0.789871335029602,0.7878295183181763,1.0000001192092896,0.7394602298736572,0.7600564956665039,0.885991096496582,0.7357423305511475,0.7737635374069214,0.7700239419937134,0.7132472991943359,0.6445993185043335,0.5872780084609985,0.5433202981948853,0.5715882182121277,0.668687641620636,0.6456855535507202,0.582499086856842,0.5959972143173218,0.5992864370346069,0.5963730216026306,0.6208888292312622,0.5210912227630615,0.5692951083183289,0.5589062571525574,0.6045531034469604,0.6694784760475159,0.5941358804702759,0.5129680037498474,0.5495883226394653,0.5664594769477844,0.5728362798690796,0.5572977066040039,0.5172920227050781,0.5027987957000732,0.6577942371368408,0.5999743938446045,0.5675327777862549,0.4651690721511841,0.6171810626983643,0.6173046827316284,0.5880307555198669,0.6090590953826904,0.6162735223770142,0.6246000528335571,0.5709309577941895,0.5952686667442322,0.6406745910644531,0.6251102089881897,0.636431872844696,0.5680466890335083,0.548636794090271,0.58901047706604,0.5836902856826782,0.6185637712478638,0.6091405153274536,0.5404609441757202,0.5844689011573792,0.6145875453948975,0.5298817753791809,0.6575332880020142,0.5943388342857361,0.7545424103736877,0.5529416799545288,0.7395135760307312,0.7085471153259277,0.6949706673622131,0.6780480146408081,0.7089813947677612,0.6341272592544556,0.6397283673286438,0.5333489775657654,0.5594505667686462,0.6730828881263733,0.5532943606376648,0.5470684170722961,0.688969075679779,0.6375053524971008,0.6644411087036133,0.6401204466819763,0.6072641611099243,0.7032593488693237,0.684416651725769,0.5276002883911133,0.6443054676055908,0.7212018966674805,0.6371936798095703,0.6395069360733032,0.6968110799789429,0.6134778261184692,0.7202864289283752,0.5631555318832397,0.5671727657318115,0.5919030904769897,0.5352038145065308,0.5659968852996826,0.5481809973716736,0.5850944519042969,0.5929138660430908,0.5439594984054565,0.5993173122406006,0.5935817956924438,0.6366553902626038,0.660164475440979,0.5987436175346375,0.6123244762420654,0.6256115436553955,0.6531488299369812,0.6492338180541992,0.5805764198303223,0.6409851312637329,0.6021795868873596,0.5402817726135254,0.5926084518432617,0.5419829487800598,0.6710304021835327,0.6093720197677612,0.7119379043579102,0.6187362670898438,0.5802264213562012,0.5452685356140137
Arrest#3,0.4088735580444336,0.4326949119567871,0.2964320182800293,0.28888246417045593,0.44314026832580566,0.3521432876586914,0.4480307400226593,0.3632850646972656,0.41787153482437134,0.28101974725723267,0.6567361354827881,0.6160776615142822,0.6184351444244385,0.7848896980285645,0.6342951059341431,0.7117362022399902,0.6613414883613586,0.6094974875450134,0.6434699892997742,0.5417494177818298,0.8699871301651001,0.7834615707397461,0.7394602298736572,0.9999998807907104,0.7536718845367432,0.7502930164337158,0.8763166666030884,0.7725368738174438,0.8036264181137085,0.7934648990631104,0.6323952078819275,0.6739310026168823,0.5093660354614258,0.6280293464660645,0.47109466791152954,0.6862655878067017,0.6107800602912903,0.649970293045044,0.5008692741394043,0.5154624581336975,0.7172036170959473,0.5487443208694458,0.6467480063438416,0.5909135937690735,0.7385310530662537,0.7320632338523865,0.638830304145813,0.5346046686172485,0.6265207529067993,0.5790651440620422,0.662040114402771,0.6914318799972534,0.6371778249740601,0.631795346736908,0.6848973035812378,0.6446977853775024,0.6516861915588379,0.6018048524856567,0.6981012225151062,0.6457414031028748,0.49606940150260925,0.5184905529022217,0.5535992383956909,0.5821064114570618,0.5348628759384155,0.5842643976211548,0.5757280588150024,0.562317967414856,0.5412908792495728,0.5186506509780884,0.5703244209289551,0.5890309810638428,0.5680317878723145,0.633630633354187,0.539164125919342,0.5592735409736633,0.5312966108322144,0.6390091180801392,0.5004990100860596,0.6176717281341553,0.5735644102096558,0.6603427529335022,0.5708799958229065,0.6367206573486328,0.6589082479476929,0.5997560620307922,0.7010562419891357,0.655878484249115,0.6171308159828186,0.6232688426971436,0.6688804626464844,0.6215264797210693,0.725141167640686,0.6231340169906616,0.5704249739646912,0.7807964086532593,0.7091532349586487,0.7690891027450562,0.6893181800842285,0.714868426322937,0.7330077290534973,0.7448062300682068,0.6099295020103455,0.7089296579360962,0.7305440902709961,0.7261857986450195,0.6830078363418579,0.6879913210868835,0.6883406639099121,0.7066186666488647,0.6566304564476013,0.6210135221481323,0.646582841873169,0.6221929788589478,0.6043139100074768,0.5436040759086609,0.5249603986740112,0.6546784043312073,0.5971502065658569,0.5856492519378662,0.6409353017807007,0.6594257950782776,0.715869665145874,0.5966447591781616,0.6503833532333374,0.6821037530899048,0.7039246559143066,0.7070399522781372,0.6086100935935974,0.696237325668335,0.6310391426086426,0.5329132080078125,0.607096791267395,0.6045199632644653,0.6135189533233643,0.5492579340934753,0.6746010780334473,0.5341020822525024,0.6906308531761169,0.5603799819946289
Arrest#4,0.6030950546264648,0.55730801820755,0.4799356460571289,0.44434940814971924,0.5831737518310547,0.5386971831321716,0.6497195363044739,0.5338017344474792,0.5638303756713867,0.4292524755001068,0.6541945934295654,0.6419954299926758,0.6687725782394409,0.7864255905151367,0.6485002040863037,0.7623711228370667,0.7048745155334473,0.658868670463562,0.6476126313209534,0.5459256172180176,0.8133248686790466,0.8011193871498108,0.7600564956665039,0.7536718845367432,1.000000238418579,0.7347034811973572,0.7538281679153442,0.8219609260559082,0.8212599158287048,0.8041832447052002,0.6443262696266174,0.6262144446372986,0.5964400172233582,0.6254841089248657,0.6008910536766052,0.6137975454330444,0.6056352853775024,0.6532103419303894,0.5477080345153809,0.6218613386154175,0.7042540311813354,0.5436934232711792,0.5886648893356323,0.6468040943145752,0.6637039184570312,0.7224551439285278,0.6629346609115601,0.5578653812408447,0.6362336874008179,0.6179595589637756,0.6497263312339783,0.6729400157928467,0.6109309196472168,0.5225488543510437,0.7211341857910156,0.6863067150115967,0.6520153284072876,0.5580859184265137,0.7033571004867554,0.6760585308074951,0.6026604175567627,0.5770273804664612,0.6489317417144775,0.6118102073669434,0.5392906665802002,0.6335111856460571,0.6657925248146057,0.6033951044082642,0.6047335863113403,0.5940442085266113,0.6063458323478699,0.669183611869812,0.6222954988479614,0.7271726727485657,0.65091872215271,0.5819494128227234,0.586617112159729,0.6983749866485596,0.5693652033805847,0.6745409965515137,0.5716149806976318,0.6767698526382446,0.5409718155860901,0.6666289567947388,0.6622950434684753,0.5988379716873169,0.7054674029350281,0.663543701171875,0.6226835250854492,0.6256622076034546,0.6015018224716187,0.6108533143997192,0.7153540849685669,0.6078060269355774,0.5671423077583313,0.7415926456451416,0.6589560508728027,0.6872482299804688,0.6878632307052612,0.6684993505477905,0.7318000793457031,0.6967747211456299,0.5674639940261841,0.6902540326118469,0.7082492113113403,0.7102128267288208,0.6861910820007324,0.6854163408279419,0.635419487953186,0.73056960105896,0.5929156541824341,0.6140745878219604,0.6470844745635986,0.5921441316604614,0.6028939485549927,0.5809429883956909,0.6082363128662109,0.6385549306869507,0.5992920398712158,0.6053874492645264,0.6642632484436035,0.6524503231048584,0.7104505896568298,0.625802755355835,0.6719119548797607,0.676196813583374,0.654151439666748,0.6908078193664551,0.6420077085494995,0.7115438580513,0.6412802338600159,0.5886590480804443,0.558594822883606,0.6083710193634033,0.5971032977104187,0.6064883470535278,0.6370515823364258,0.5588935017585754,0.6720603704452515,0.5902108550071716
Arrest#5,0.6039999723434448,0.5671111345291138,0.5108712911605835,0.495703786611557,0.5933098793029785,0.5493189692497253,0.6668609380722046,0.5733064413070679,0.6051952242851257,0.4694959819316864,0.5909174680709839,0.48841363191604614,0.5204429626464844,0.7045320868492126,0.5803630352020264,0.5880115032196045,0.5368602871894836,0.534198522567749,0.5786876678466797,0.5197451114654541,0.8447748422622681,0.8206690549850464,0.885991096496582,0.7502930164337158,0.7347034811973572,1.0000001192092896,0.7177895307540894,0.8090729713439941,0.80655837059021,0.6544027328491211,0.6014739274978638,0.5595898628234863,0.49087733030319214,0.5351195335388184,0.6246001720428467,0.6524451971054077,0.5252310037612915,0.5580854415893555,0.5556640028953552,0.5418285727500916,0.6048867702484131,0.49476495385169983,0.5908985137939453,0.5476763248443604,0.5693623423576355,0.6536159515380859,0.6029818058013916,0.538836658000946,0.5358316898345947,0.5777724981307983,0.5935275554656982,0.5196435451507568,0.48323267698287964,0.5025148987770081,0.6417793035507202,0.593102753162384,0.5340385437011719,0.43948444724082947,0.6011759042739868,0.5929612517356873,0.5174017548561096,0.5635393857955933,0.5829854011535645,0.566313624382019,0.5091694593429565,0.5781732797622681,0.6071662902832031,0.5907790660858154,0.6089138984680176,0.5393869876861572,0.5186447501182556,0.5949937701225281,0.5696673393249512,0.5802924633026123,0.5660619735717773,0.5522254109382629,0.5634464025497437,0.6001647114753723,0.5288335084915161,0.6159374713897705,0.5127463936805725,0.7239185571670532,0.5188938975334167,0.6964074373245239,0.6696908473968506,0.6050556898117065,0.6568698287010193,0.6543327569961548,0.5989512205123901,0.5870907306671143,0.47615012526512146,0.5176846981048584,0.6520823836326599,0.497830331325531,0.48301172256469727,0.6584453582763672,0.5895670056343079,0.6483970880508423,0.6008523106575012,0.593320369720459,0.7099138498306274,0.6585688591003418,0.5495343208312988,0.6248482465744019,0.7197856903076172,0.6423224806785583,0.6345412731170654,0.7098010778427124,0.6600905656814575,0.7290191650390625,0.5779356360435486,0.5353900194168091,0.5647399425506592,0.5180287957191467,0.5177973508834839,0.5039811134338379,0.5504242777824402,0.5829993486404419,0.4795767366886139,0.5373464822769165,0.5356743931770325,0.6144066452980042,0.6310952305793762,0.5492119789123535,0.5469719767570496,0.5853241682052612,0.6338473558425903,0.6038327217102051,0.5449410080909729,0.5906856060028076,0.5792601108551025,0.5186035633087158,0.603834867477417,0.5290355682373047,0.6520025730133057,0.5415753126144409,0.6568467617034912,0.6169195175170898,0.5638563632965088,0.48733413219451904
Arrest#6,0.4386327266693115,0.4349386394023895,0.3155497908592224,0.3039383590221405,0.42282557487487793,0.38210299611091614,0.45821547508239746,0.3741700053215027,0.42852532863616943,0.291063517332077,0.8151504397392273,0.7418593168258667,0.7756482362747192,0.831256628036499,0.7966786623001099,0.7697875499725342,0.7754625082015991,0.7725859880447388,0.7878295183181763,0.7111768126487732,0.8163487911224365,0.8185147047042847,0.7357423305511475,0.8763166666030884,0.7538281679153442,0.7177895307540894,1.0000001192092896,0.7020244598388672,0.830208420753479,0.8486136198043823,0.6680182814598083,0.7627925872802734,0.6150515675544739,0.6815261840820312,0.48430123925209045,0.6411252021789551,0.7088921666145325,0.7546883821487427,0.5226085782051086,0.5674196481704712,0.8243764638900757,0.7253077030181885,0.7705312967300415,0.765323281288147,0.7949614524841309,0.7961499691009521,0.7952464818954468,0.7021455764770508,0.798040509223938,0.7288980484008789,0.7826704978942871,0.7480007410049438,0.7154897451400757,0.6279313564300537,0.7943898439407349,0.6658457517623901,0.747287392616272,0.6294090151786804,0.7368137240409851,0.6346168518066406,0.5604085326194763,0.5648225545883179,0.6943142414093018,0.6236454248428345,0.5497367978096008,0.7291525602340698,0.7068266868591309,0.6037164330482483,0.6456247568130493,0.561367928981781,0.7510679960250854,0.7339179515838623,0.7413411140441895,0.7480777502059937,0.6903571486473083,0.7257803678512573,0.6944795250892639,0.7919936776161194,0.6809403300285339,0.7818942070007324,0.5870689153671265,0.660167932510376,0.568253755569458,0.6798596382141113,0.651718258857727,0.5995745658874512,0.7151294946670532,0.7074822187423706,0.6557652950286865,0.6064914464950562,0.7122150659561157,0.6829376220703125,0.8188168406486511,0.6910480260848999,0.605309784412384,0.8327877521514893,0.7808806896209717,0.8472504615783691,0.7391303181648254,0.7604434490203857,0.7917817831039429,0.8264861106872559,0.7529565095901489,0.7952510118484497,0.7598147988319397,0.8170885443687439,0.8237612247467041,0.7694619297981262,0.7494343519210815,0.7647756338119507,0.6734964847564697,0.6641276478767395,0.7026166915893555,0.6601036787033081,0.6581560373306274,0.6490448713302612,0.572749137878418,0.6967072486877441,0.6554585099220276,0.6713030338287354,0.7325414419174194,0.6586677432060242,0.8001729846000671,0.6376552581787109,0.661523699760437,0.7547919154167175,0.7019906044006348,0.7682667970657349,0.7206573486328125,0.750959038734436,0.6982604265213013,0.6416577100753784,0.5961061716079712,0.6981403827667236,0.6291828155517578,0.6196939945220947,0.6761221885681152,0.5330304503440857,0.8047779202461243,0.6701668500900269
Arrest#7,0.5849072933197021,0.5395892858505249,0.5057193636894226,0.46434539556503296,0.594836413860321,0.5288029909133911,0.625325620174408,0.5471738576889038,0.5761417150497437,0.4570157825946808,0.5683414340019226,0.4986364543437958,0.5148839950561523,0.6992847919464111,0.5462424755096436,0.5723015069961548,0.5286638736724854,0.5110975503921509,0.5472170114517212,0.48262810707092285,0.8730738162994385,0.7837531566619873,0.7737635374069214,0.7725368738174438,0.8219609260559082,0.8090729713439941,0.7020244598388672,1.0,0.8474695682525635,0.6979831457138062,0.5625544786453247,0.5259888768196106,0.46989870071411133,0.5323262810707092,0.6149853467941284,0.602912187576294,0.49726662039756775,0.5293958187103271,0.5134366750717163,0.5276083946228027,0.567599892616272,0.46915602684020996,0.5565142035484314,0.5299921035766602,0.6037753820419312,0.6367981433868408,0.5627937912940979,0.4894336462020874,0.522401750087738,0.5661931037902832,0.5466973185539246,0.533984363079071,0.4433879852294922,0.45593321323394775,0.60673987865448,0.5551235675811768,0.49107933044433594,0.4225335121154785,0.5926393270492554,0.5650423169136047,0.5032583475112915,0.527819037437439,0.5258676409721375,0.5382319688796997,0.49981969594955444,0.5409725308418274,0.5559381246566772,0.5672128200531006,0.5481204390525818,0.5596756935119629,0.5039526224136353,0.5761181116104126,0.5312169790267944,0.5742533802986145,0.5424606800079346,0.5202719569206238,0.4997342526912689,0.5888007283210754,0.4959977865219116,0.5850780606269836,0.5060917139053345,0.6922102570533752,0.5191267728805542,0.6733517646789551,0.6498559713363647,0.5792274475097656,0.6535786390304565,0.6427669525146484,0.5651454925537109,0.6033109426498413,0.48657742142677307,0.5060122609138489,0.6442294716835022,0.47510451078414917,0.5011020302772522,0.6466678380966187,0.5853634476661682,0.6123021841049194,0.6124591827392578,0.5565247535705566,0.7085350751876831,0.6201758980751038,0.502531111240387,0.6185847520828247,0.7257075309753418,0.6494930982589722,0.6102912425994873,0.6467458009719849,0.6211665868759155,0.7225370407104492,0.5488336086273193,0.5194294452667236,0.5455490350723267,0.48324936628341675,0.470558226108551,0.4715454578399658,0.5335373282432556,0.5739235281944275,0.4597872197628021,0.49781838059425354,0.48493415117263794,0.5839098691940308,0.5787028074264526,0.5010063648223877,0.5320937633514404,0.5691059827804565,0.604156494140625,0.5416383147239685,0.49238359928131104,0.5868417024612427,0.5333763360977173,0.4874173402786255,0.5892964601516724,0.5013517141342163,0.601249098777771,0.494570791721344,0.6201944351196289,0.5625865459442139,0.5474572777748108,0.4427914023399353
Arrest#8,0.5610212087631226,0.5449018478393555,0.4305417537689209,0.41785675287246704,0.5661911964416504,0.48801571130752563,0.6136513352394104,0.5204110145568848,0.5562081933021545,0.40458646416664124,0.745842456817627,0.6768015623092651,0.7062079906463623,0.8011242747306824,0.7319735288619995,0.7445089817047119,0.719933032989502,0.7075995206832886,0.7243478298187256,0.650040328502655,0.8362563848495483,0.8322389125823975,0.7700239419937134,0.8036264181137085,0.8212599158287048,0.80655837059021,0.830208420753479,0.8474695682525635,1.0,0.8040957450866699,0.6873373985290527,0.706091046333313,0.6178393959999084,0.6661382913589478,0.6002869009971619,0.6720935106277466,0.7029139995574951,0.7560708522796631,0.5874134302139282,0.6154922842979431,0.7523977160453796,0.6270400881767273,0.7227634191513062,0.7030291557312012,0.7387127876281738,0.8071303367614746,0.7567640542984009,0.6600115299224854,0.701190710067749,0.7385185956954956,0.7448856830596924,0.7183084487915039,0.637944757938385,0.6024826169013977,0.821109414100647,0.6939396858215332,0.7106777429580688,0.6128251552581787,0.7378857135772705,0.6895861029624939,0.6090060472488403,0.6113637685775757,0.6880367994308472,0.6400525569915771,0.5971020460128784,0.7012199759483337,0.7040153741836548,0.6577550172805786,0.6615333557128906,0.6246110200881958,0.6650403141975403,0.7326807975769043,0.6830651760101318,0.7180909514427185,0.6938992738723755,0.6553455591201782,0.674727201461792,0.7530329823493958,0.6492858529090881,0.7526868581771851,0.5683829188346863,0.7409874200820923,0.6026642322540283,0.7101725339889526,0.674513578414917,0.6441667675971985,0.7545831799507141,0.7284363508224487,0.6906915903091431,0.6275012493133545,0.6499074697494507,0.6471906304359436,0.7973697185516357,0.6740787029266357,0.6288719773292542,0.790735125541687,0.7339555025100708,0.7923972606658936,0.7346210479736328,0.7324815988540649,0.817836344242096,0.7841917872428894,0.6852132081985474,0.8009775876998901,0.8012806177139282,0.8312481045722961,0.7846569418907166,0.7939248085021973,0.7571060657501221,0.8281674385070801,0.6744445562362671,0.6584535837173462,0.7288729548454285,0.6548846960067749,0.6345661878585815,0.6452855467796326,0.598969578742981,0.7158904075622559,0.6423991322517395,0.6400459408760071,0.6999986171722412,0.6920954585075378,0.7743444442749023,0.6547915935516357,0.6521749496459961,0.7412042021751404,0.7035221457481384,0.7132672071456909,0.6971547603607178,0.7624579071998596,0.7118825316429138,0.6622194051742554,0.6414171457290649,0.6859670877456665,0.6726205945014954,0.6369706988334656,0.7132200002670288,0.599503219127655,0.7533776760101318,0.634212851524353
Arrest#9,0.5075297951698303,0.5231854915618896,0.39156919717788696,0.37164878845214844,0.47505003213882446,0.4215470254421234,0.5378553867340088,0.43452325463294983,0.5031185150146484,0.3614013195037842,0.7406205534934998,0.7014108896255493,0.7802531719207764,0.7953571081161499,0.7269295454025269,0.7980654835700989,0.8276351690292358,0.7631120681762695,0.7088655829429626,0.5940198302268982,0.7932146787643433,0.7328683733940125,0.7132472991943359,0.7934648990631104,0.8041832447052002,0.6544027328491211,0.8486136198043823,0.6979831457138062,0.8040957450866699,1.0000001192092896,0.7542237043380737,0.7677943110466003,0.7030694484710693,0.7313316464424133,0.5648941397666931,0.6367901563644409,0.7624661922454834,0.7845072746276855,0.6351521611213684,0.6769153475761414,0.7547932863235474,0.6559469699859619,0.6529666185379028,0.7327969074249268,0.7526282072067261,0.7659136056900024,0.7255258560180664,0.605269193649292,0.7078014612197876,0.6526628732681274,0.7420117855072021,0.7980876564979553,0.7621289491653442,0.6409233808517456,0.8159748315811157,0.7623195648193359,0.7952224016189575,0.6957603693008423,0.7791908383369446,0.713309645652771,0.6758196353912354,0.6514082551002502,0.7406402826309204,0.683844804763794,0.618720293045044,0.7269253730773926,0.7560101747512817,0.6490458250045776,0.6884905695915222,0.6398600339889526,0.7137746810913086,0.7108249664306641,0.6929224729537964,0.8054807186126709,0.7110792994499207,0.6349610090255737,0.672500729560852,0.7652983665466309,0.6241532564163208,0.7722768783569336,0.6836010813713074,0.6393629312515259,0.5606238842010498,0.7208091616630554,0.6529887914657593,0.635595440864563,0.727618932723999,0.7138056755065918,0.6608126163482666,0.6501544713973999,0.7425228953361511,0.6998984813690186,0.7939190864562988,0.7754026651382446,0.660266637802124,0.8125468492507935,0.8033237457275391,0.7921903133392334,0.7304238080978394,0.7530639171600342,0.7804964780807495,0.7608858346939087,0.6619852781295776,0.8167654275894165,0.7139378190040588,0.7763077020645142,0.7386889457702637,0.7373816967010498,0.6562119722366333,0.7421355247497559,0.6847620010375977,0.6813004016876221,0.7140802145004272,0.6692686080932617,0.7333053350448608,0.6963322758674622,0.633639931678772,0.7074695825576782,0.7120653390884399,0.7876386642456055,0.8198474049568176,0.7178093791007996,0.8037161231040955,0.7502858638763428,0.7267429828643799,0.7898954749107361,0.6757068037986755,0.8281475305557251,0.7872390747070312,0.8015868663787842,0.7543394565582275,0.6892526745796204,0.5697253346443176,0.7197475433349609,0.6457046270370483,0.7124706506729126,0.6952441930770874,0.5751045942306519,0.7809799909591675,0.7499094009399414
Arson#0,0.5535693168640137,0.5519176721572876,0.3990449607372284,0.39619484543800354,0.5063086152076721,0.49058154225349426,0.6001594066619873,0.5247844457626343,0.524125874042511,0.38043951988220215,0.6561875343322754,0.6343824863433838,0.6646431684494019,0.6875414848327637,0.629663348197937,0.737415075302124,0.7485230565071106,0.6577180624008179,0.6170752048492432,0.5286009311676025,0.6293814182281494,0.609713077545166,0.6445993185043335,0.6323952078819275,0.6443262696266174,0.6014739274978638,0.6680182814598083,0.5625544786453247,0.6873373985290527,0.7542237043380737,1.0,0.8131677508354187,0.7571940422058105,0.8399878740310669,0.7011778354644775,0.7953478097915649,0.8390926122665405,0.8537346720695496,0.7981967926025391,0.7874044179916382,0.6899770498275757,0.5463434457778931,0.5926727056503296,0.6338273882865906,0.7223788499832153,0.7045074701309204,0.6496438980102539,0.5435937643051147,0.5967689752578735,0.5646534562110901,0.7117637395858765,0.75397789478302,0.724693775177002,0.6609632968902588,0.7679826021194458,0.7647772431373596,0.7781192064285278,0.6982364058494568,0.8049724698066711,0.744874119758606,0.7451308965682983,0.7241027355194092,0.7038989067077637,0.7591997981071472,0.7705899477005005,0.7293993830680847,0.7208786010742188,0.7616022825241089,0.7064350843429565,0.6661579608917236,0.5905699729919434,0.6308979988098145,0.6069878339767456,0.7226942777633667,0.6407642364501953,0.5333449244499207,0.6398667693138123,0.6482264995574951,0.5393457412719727,0.6996451616287231,0.6790434122085571,0.6826729774475098,0.6068122386932373,0.711746335029602,0.6714373826980591,0.6833270788192749,0.7156956195831299,0.7139911651611328,0.7368236780166626,0.6535812020301819,0.7407355308532715,0.6989070177078247,0.7511484622955322,0.7643495798110962,0.6849342584609985,0.7585742473602295,0.762087345123291,0.7555798888206482,0.7466217875480652,0.7671723365783691,0.7400565147399902,0.7305573225021362,0.6420238018035889,0.801616370677948,0.700340747833252,0.7222316265106201,0.6563342213630676,0.7553977966308594,0.659138023853302,0.7296246886253357,0.6907213926315308,0.6998993158340454,0.698275089263916,0.6758726835250854,0.7388161420822144,0.6975630521774292,0.6418052315711975,0.7078132629394531,0.7233206033706665,0.7394665479660034,0.8285466432571411,0.7045656442642212,0.7712936401367188,0.7923253774642944,0.7725316286087036,0.7611351609230042,0.7467302680015564,0.8103694319725037,0.7676103711128235,0.7882489562034607,0.7535015344619751,0.6921770572662354,0.6435682773590088,0.6985589265823364,0.7466170787811279,0.8093355894088745,0.7170096635818481,0.7073075771331787,0.71895432472229,0.7945828437805176
Arson#1,0.39001137018203735,0.4316045641899109,0.27907058596611023,0.2744835615158081,0.3920510411262512,0.33700037002563477,0.41500335931777954,0.33503586053848267,0.38092494010925293,0.26304203271865845,0.7770165205001831,0.7511348724365234,0.7815701961517334,0.7543224096298218,0.760410726070404,0.804934024810791,0.8346965312957764,0.7660262584686279,0.754206657409668,0.6704412698745728,0.6129747629165649,0.6097604036331177,0.5872780084609985,0.6739310026168823,0.6262144446372986,0.5595898628234863,0.7627925872802734,0.5259888768196106,0.706091046333313,0.7677943110466003,0.8131677508354187,0.9999998211860657,0.7548786401748657,0.8486368060112,0.506170928478241,0.7634110450744629,0.8595328330993652,0.889346718788147,0.6880606412887573,0.7035391926765442,0.8052774667739868,0.6726428270339966,0.7149078845977783,0.7233667373657227,0.7914174199104309,0.8009746670722961,0.7720029354095459,0.6697813272476196,0.7537958025932312,0.6817489266395569,0.7797403931617737,0.8086779117584229,0.7673856019973755,0.683790385723114,0.8116454482078552,0.6912514567375183,0.8125817775726318,0.7164813280105591,0.8085806965827942,0.6600768566131592,0.6793599724769592,0.6491405367851257,0.7318840026855469,0.6992179155349731,0.6842675805091858,0.7924129366874695,0.7355473041534424,0.6755537986755371,0.6756536960601807,0.6074326634407043,0.6956808567047119,0.7009540796279907,0.6886619329452515,0.7424441576004028,0.6584169864654541,0.6460208892822266,0.6744000315666199,0.7296627759933472,0.6179917454719543,0.7498998045921326,0.6306527853012085,0.6333727836608887,0.5957808494567871,0.6410406827926636,0.638703465461731,0.6098750233650208,0.7349109649658203,0.7044520974159241,0.7080186605453491,0.6103089451789856,0.7819611430168152,0.7236641049385071,0.7889938354492188,0.7659556865692139,0.6489384174346924,0.8386026620864868,0.765593409538269,0.8397096991539001,0.7440452575683594,0.8120313882827759,0.7566019296646118,0.8086832761764526,0.7628698945045471,0.8398672938346863,0.7057543992996216,0.8298012018203735,0.7662936449050903,0.7671542763710022,0.7331308126449585,0.7126721143722534,0.6890702843666077,0.7194736003875732,0.7532511949539185,0.6948839426040649,0.7553868293762207,0.7024730443954468,0.582016110420227,0.7564399242401123,0.7248945236206055,0.7088453769683838,0.8200782537460327,0.6848064661026001,0.8318668603897095,0.7157278656959534,0.7122825384140015,0.8050577640533447,0.7107537984848022,0.8359703421592712,0.7682107090950012,0.8004168272018433,0.7408647537231445,0.7063044309616089,0.6325457096099854,0.7640798091888428,0.6538323760032654,0.7162468433380127,0.6920238137245178,0.5989726781845093,0.8354201912879944,0.7763179540634155
Arson#2,0.6080307960510254,0.6606101989746094,0.5105836391448975,0.5192543268203735,0.5817215442657471,0.5097947716712952,0.586847186088562,0.5614660978317261,0.5873339772224426,0.5023949146270752,0.6678794026374817,0.6649879217147827,0.7655906677246094,0.6388620138168335,0.7069008946418762,0.692314088344574,0.752900242805481,0.7609891891479492,0.6778857707977295,0.635547399520874,0.5426027774810791,0.544139564037323,0.5433202981948853,0.5093660354614258,0.5964400172233582,0.49087733030319214,0.6150515675544739,0.46989870071411133,0.6178393959999084,0.7030694484710693,0.7571940422058105,0.7548786401748657,1.0000001192092896,0.7908320426940918,0.6776757836341858,0.6864689588546753,0.8488540649414062,0.8141441345214844,0.7969143986701965,0.8943862915039062,0.654302716255188,0.6585500240325928,0.6088789701461792,0.749681830406189,0.5751430988311768,0.6833399534225464,0.7094072699546814,0.6486893892288208,0.681563138961792,0.676694393157959,0.6511520147323608,0.6778497099876404,0.6157864332199097,0.5202553868293762,0.7580791711807251,0.6412183046340942,0.7049635648727417,0.5764400362968445,0.6373175382614136,0.57026207447052,0.8155443668365479,0.7587350010871887,0.8234337568283081,0.7209612727165222,0.7480441331863403,0.8073753118515015,0.8460307121276855,0.7504668235778809,0.7643489837646484,0.7403342723846436,0.7007366418838501,0.7749176025390625,0.7345490455627441,0.7991492748260498,0.8360356092453003,0.6405425667762756,0.7650101184844971,0.7543492317199707,0.7098010778427124,0.7716506719589233,0.6053858399391174,0.5321309566497803,0.47271737456321716,0.6384456157684326,0.5166778564453125,0.5880622267723083,0.6093190312385559,0.6162340641021729,0.6397660970687866,0.5774253010749817,0.6053670644760132,0.6332463026046753,0.6673163175582886,0.7244411706924438,0.6314163208007812,0.6426461935043335,0.6665077209472656,0.6132569313049316,0.6139287948608398,0.5887454152107239,0.6451560854911804,0.6729000806808472,0.7067397236824036,0.7408090829849243,0.5480335354804993,0.6855429410934448,0.690581202507019,0.7155488133430481,0.5491092205047607,0.6217015981674194,0.557839035987854,0.6699382066726685,0.666182816028595,0.5741872787475586,0.7129440307617188,0.7228785157203674,0.6500542163848877,0.6532484292984009,0.6034135818481445,0.7331089973449707,0.7614768743515015,0.5962679982185364,0.673841118812561,0.7081232070922852,0.6355057954788208,0.7099500894546509,0.4938337802886963,0.6845850944519043,0.7916449904441833,0.6627625226974487,0.6656008958816528,0.8285242915153503,0.4258427023887634,0.7615014910697937,0.5660664439201355,0.8100601434707642,0.5840219855308533,0.5984921455383301,0.7158366441726685,0.7984182834625244
Arson#3,0.47260257601737976,0.5211039781570435,0.34686607122421265,0.3619844317436218,0.48776355385780334,0.38473862409591675,0.49692296981811523,0.4091923236846924,0.4637872874736786,0.33999162912368774,0.6461506485939026,0.6497775316238403,0.6837218403816223,0.7053619623184204,0.6376430988311768,0.7599023580551147,0.7686640024185181,0.6732681393623352,0.6217480897903442,0.519041121006012,0.6010834574699402,0.5734903216362,0.5715882182121277,0.6280293464660645,0.6254841089248657,0.5351195335388184,0.6815261840820312,0.5323262810707092,0.6661382913589478,0.7313316464424133,0.8399878740310669,0.8486368060112,0.7908320426940918,1.0000001192092896,0.6128167510032654,0.8115487098693848,0.8759667873382568,0.8729915618896484,0.7738163471221924,0.8017244338989258,0.7141831517219543,0.55539870262146,0.6179808378219604,0.6423341631889343,0.739747166633606,0.7306458950042725,0.6547507047653198,0.5272073149681091,0.6230230927467346,0.569313645362854,0.6724933385848999,0.7714645862579346,0.7198475003242493,0.681517481803894,0.743969202041626,0.746935248374939,0.7804296016693115,0.7258803844451904,0.7714954018592834,0.6953186988830566,0.7934556007385254,0.7699987292289734,0.7019922733306885,0.8013767600059509,0.8091151118278503,0.7746291160583496,0.7353594303131104,0.7858165502548218,0.7083830833435059,0.7168979644775391,0.6011157035827637,0.6436699628829956,0.5927460193634033,0.7498995065689087,0.6552094221115112,0.5293348431587219,0.5884013175964355,0.6642203330993652,0.5203269720077515,0.6830973625183105,0.6899776458740234,0.625249445438385,0.6167283058166504,0.6719710826873779,0.6229790449142456,0.6176972389221191,0.7238723039627075,0.7084240913391113,0.744972825050354,0.6613904237747192,0.7727961540222168,0.707099437713623,0.7119485139846802,0.7721583247184753,0.699377179145813,0.7797095775604248,0.7315945625305176,0.7582932710647583,0.7411317825317383,0.7633517980575562,0.7103207111358643,0.7581221461296082,0.6564373970031738,0.8058716654777527,0.6659935712814331,0.7401642799377441,0.6897757649421692,0.7163254618644714,0.6450077295303345,0.6890408992767334,0.6988568305969238,0.7272822260856628,0.7419086694717407,0.7028630971908569,0.7764939069747925,0.6940258741378784,0.6282733678817749,0.7376865148544312,0.7264993190765381,0.7001630067825317,0.8110093474388123,0.6837106943130493,0.7708626985549927,0.7516792416572571,0.7667967081069946,0.7503100633621216,0.6573017835617065,0.8057190775871277,0.7242060899734497,0.7634230852127075,0.753300666809082,0.6954300403594971,0.6210200190544128,0.7689239978790283,0.677787721157074,0.76324862241745,0.6999841332435608,0.6494659185409546,0.7602178454399109,0.7632681131362915
Arson#4,0.7603387832641602,0.7450350522994995,0.6736847162246704,0.6453307867050171,0.6890875697135925,0.6687560081481934,0.8030146360397339,0.7514432072639465,0.7389715909957886,0.6164549589157104,0.46300792694091797,0.4270190894603729,0.48048722743988037,0.5380752086639404,0.48257502913475037,0.49992936849594116,0.4731203317642212,0.4878082871437073,0.4540964365005493,0.43605363368988037,0.6356649398803711,0.5905717611312866,0.668687641620636,0.47109466791152954,0.6008910536766052,0.6246001720428467,0.48430123925209045,0.6149853467941284,0.6002869009971619,0.5648941397666931,0.7011778354644775,0.506170928478241,0.6776757836341858,0.6128167510032654,0.9999996423721313,0.6283238530158997,0.6131060123443604,0.574219822883606,0.7963840365409851,0.7894009947776794,0.46175235509872437,0.4312554895877838,0.45849186182022095,0.5147031545639038,0.42241066694259644,0.5019335150718689,0.48519212007522583,0.4566217362880707,0.42231616377830505,0.49757999181747437,0.44755440950393677,0.4420962631702423,0.4158310890197754,0.38795262575149536,0.5537196397781372,0.5297488570213318,0.43346235156059265,0.3877798914909363,0.512178897857666,0.5385656952857971,0.7151119112968445,0.7587476968765259,0.6382817625999451,0.6860173940658569,0.717628002166748,0.6178629994392395,0.6840065717697144,0.7627556324005127,0.7094244956970215,0.7432044744491577,0.4948579668998718,0.5855710506439209,0.5566495656967163,0.610228955745697,0.6141140460968018,0.49266642332077026,0.5891234874725342,0.5729551315307617,0.5264058113098145,0.5913864374160767,0.5394626259803772,0.5451934337615967,0.373867392539978,0.6596740484237671,0.5081108808517456,0.5205975770950317,0.511211097240448,0.532501220703125,0.49542123079299927,0.5129110217094421,0.41314268112182617,0.484107106924057,0.5467379093170166,0.4757765233516693,0.48913830518722534,0.5014674067497253,0.5234840512275696,0.4628174304962158,0.5516087412834167,0.4284316301345825,0.5943991541862488,0.5216327905654907,0.48062852025032043,0.5721539258956909,0.5654979944229126,0.5094330906867981,0.5100922584533691,0.6564773917198181,0.4767248034477234,0.6221610307693481,0.4484018087387085,0.45966094732284546,0.4761660397052765,0.3749374747276306,0.4757372736930847,0.4652337431907654,0.5823825001716614,0.4943050146102905,0.40035581588745117,0.5830286145210266,0.5339103937149048,0.5454491376876831,0.49221348762512207,0.6063931584358215,0.528471052646637,0.5220769047737122,0.48856300115585327,0.5021682381629944,0.5592203140258789,0.5017757415771484,0.5167747139930725,0.5688571929931641,0.4500710368156433,0.49797534942626953,0.5974152088165283,0.6855493783950806,0.5157338380813599,0.6143415570259094,0.45398736000061035,0.5419281721115112
Arson#5,0.4976527690887451,0.5243020057678223,0.3951621949672699,0.4008025527000427,0.5368921756744385,0.435774564743042,0.5376299619674683,0.47932952642440796,0.5033868551254272,0.37158477306365967,0.6188204884529114,0.5702138543128967,0.5660443305969238,0.6975412368774414,0.5893843173980713,0.6851131916046143,0.638009786605835,0.5703138113021851,0.5990757346153259,0.512703537940979,0.6639513969421387,0.6093405485153198,0.6456855535507202,0.6862655878067017,0.6137975454330444,0.6524451971054077,0.6411252021789551,0.602912187576294,0.6720935106277466,0.6367901563644409,0.7953478097915649,0.7634110450744629,0.6864689588546753,0.8115487098693848,0.6283238530158997,1.0000001192092896,0.7691177129745483,0.7801294326782227,0.7229552268981934,0.7130300402641296,0.6664886474609375,0.5117152333259583,0.6201300621032715,0.5583462715148926,0.6733324527740479,0.711338460445404,0.6243605017662048,0.5213701128959656,0.568977952003479,0.5564914345741272,0.6169280409812927,0.6654940843582153,0.5784924030303955,0.6286853551864624,0.6613619327545166,0.6450595259666443,0.6657596826553345,0.5793880820274353,0.6904976963996887,0.6337218284606934,0.6856399774551392,0.707399845123291,0.6179438829421997,0.7354432344436646,0.7283281087875366,0.6935478448867798,0.6475520133972168,0.7595115303993225,0.6582944393157959,0.6647065877914429,0.5219898223876953,0.5911329984664917,0.5533164739608765,0.6301611661911011,0.5728219151496887,0.5405519008636475,0.5505702495574951,0.5918024778366089,0.4905400276184082,0.60521399974823,0.5912224054336548,0.677804708480835,0.6166937947273254,0.6651684045791626,0.6661053895950317,0.6042235493659973,0.7344034314155579,0.6828039884567261,0.6995301246643066,0.635852575302124,0.6407472491264343,0.6082053780555725,0.696686327457428,0.6068487763404846,0.6162919998168945,0.7230551838874817,0.6438500881195068,0.6983287930488586,0.6750705242156982,0.6783299446105957,0.6677467823028564,0.6864215731620789,0.6158922910690308,0.7147741317749023,0.6702024936676025,0.7026546001434326,0.6399273872375488,0.6932373046875,0.6747136116027832,0.6694490909576416,0.6749540567398071,0.6416925191879272,0.6749712228775024,0.6366126537322998,0.686298131942749,0.5962674617767334,0.5803940892219543,0.6897633075714111,0.5943563580513,0.5887536406517029,0.6802139282226562,0.6344037652015686,0.7114375233650208,0.6630020141601562,0.6648399829864502,0.646249532699585,0.6718251705169678,0.7199680209159851,0.6217062473297119,0.6774204969406128,0.6164747476577759,0.6075724363327026,0.6187877058982849,0.6198610067367554,0.642446756362915,0.6615909337997437,0.6573148965835571,0.6227275133132935,0.6505294442176819,0.6262795329093933
Arson#6,0.47287487983703613,0.5205162167549133,0.3627829849720001,0.3665632903575897,0.4692540168762207,0.38186198472976685,0.4826970100402832,0.4398137927055359,0.4607168436050415,0.35071226954460144,0.724953830242157,0.7033003568649292,0.7591938972473145,0.7191553711891174,0.7186905741691589,0.7519912123680115,0.8104043006896973,0.7460087537765503,0.7006170749664307,0.6246524453163147,0.5754032731056213,0.5684686303138733,0.582499086856842,0.6107800602912903,0.6056352853775024,0.5252310037612915,0.7088921666145325,0.49726662039756775,0.7029139995574951,0.7624661922454834,0.8390926122665405,0.8595328330993652,0.8488540649414062,0.8759667873382568,0.6131060123443604,0.7691177129745483,1.0,0.9148368239402771,0.7637815475463867,0.7857500314712524,0.7458721399307251,0.6555546522140503,0.6828711032867432,0.727045476436615,0.6974794864654541,0.787786602973938,0.7367767095565796,0.6323549747467041,0.7043750286102295,0.6809004545211792,0.7214930057525635,0.7665609121322632,0.7353130578994751,0.6350653767585754,0.8132858872413635,0.6968461275100708,0.7828113436698914,0.6810015439987183,0.7531129121780396,0.6295155882835388,0.7766758799552917,0.7322962284088135,0.7914838790893555,0.7762578725814819,0.7610406875610352,0.821881890296936,0.7883614301681519,0.7601931095123291,0.730913519859314,0.6612690091133118,0.6768805980682373,0.7110419273376465,0.6940222978591919,0.7802672982215881,0.7452095150947571,0.6243152022361755,0.7098401784896851,0.7365986108779907,0.6375857591629028,0.7676183581352234,0.6636193990707397,0.6042208671569824,0.5955749750137329,0.6701110601425171,0.5876938700675964,0.6349369287490845,0.7132922410964966,0.7083121538162231,0.7465646266937256,0.6163272261619568,0.719579815864563,0.6600332260131836,0.7591496706008911,0.7791252732276917,0.6458081007003784,0.7673313617706299,0.7528430223464966,0.7589738965034485,0.7344081997871399,0.7367098331451416,0.7368764877319336,0.7842053771018982,0.7307671904563904,0.830255389213562,0.6671353578567505,0.8015063405036926,0.7554267644882202,0.750005841255188,0.6850465536117554,0.6969718933105469,0.6582279205322266,0.7136533260345459,0.7507850527763367,0.6869088411331177,0.7629034519195557,0.7306588292121887,0.6159409284591675,0.7325347661972046,0.7017626762390137,0.7239487767219543,0.8476992249488831,0.6413648128509521,0.7969556450843811,0.769207239151001,0.7211666107177734,0.7824800610542297,0.6315286159515381,0.80729079246521,0.7816543579101562,0.7837887406349182,0.727357029914856,0.7812018394470215,0.5354030728340149,0.7589884996414185,0.6108411550521851,0.7767586708068848,0.6723146438598633,0.5737192630767822,0.7965959310531616,0.7956953644752502
Arson#7,0.47427117824554443,0.5024291276931763,0.32614997029304504,0.33119451999664307,0.4442392587661743,0.3905770182609558,0.4989911913871765,0.41002804040908813,0.4475623071193695,0.3129475712776184,0.7743483781814575,0.7615441679954529,0.7915842533111572,0.7341984510421753,0.7710740566253662,0.8273918628692627,0.8639229536056519,0.7802396416664124,0.7564045190811157,0.6632524728775024,0.595492422580719,0.6304006576538086,0.5959972143173218,0.649970293045044,0.6532103419303894,0.5580854415893555,0.7546883821487427,0.5293958187103271,0.7560708522796631,0.7845072746276855,0.8537346720695496,0.889346718788147,0.8141441345214844,0.8729915618896484,0.574219822883606,0.7801294326782227,0.9148368239402771,0.9999997615814209,0.7148743867874146,0.7799818515777588,0.8017439842224121,0.6571503281593323,0.7112667560577393,0.7551587820053101,0.7822258472442627,0.8235378265380859,0.783213198184967,0.672965407371521,0.746303141117096,0.6996188163757324,0.7949210405349731,0.8200653791427612,0.8001236319541931,0.6974374055862427,0.8679118156433105,0.7524088621139526,0.8823211193084717,0.7474159002304077,0.8015049695968628,0.7081224918365479,0.7348809242248535,0.7135060429573059,0.7643470764160156,0.7486229538917542,0.7568113803863525,0.8078160285949707,0.7688437700271606,0.7427025437355042,0.7056794166564941,0.6684419512748718,0.7112317085266113,0.7379145622253418,0.6979732513427734,0.79788738489151,0.73277747631073,0.637347936630249,0.7128441333770752,0.7606966495513916,0.6493138074874878,0.781769871711731,0.6539628505706787,0.6520150899887085,0.6507827043533325,0.6816977858543396,0.6378170251846313,0.6569802165031433,0.7486333847045898,0.7259157299995422,0.7728667259216309,0.6504563689231873,0.7903140187263489,0.7504007816314697,0.8109965920448303,0.8319267630577087,0.7183822393417358,0.8293548822402954,0.7909761071205139,0.8375159502029419,0.7401694059371948,0.8236349821090698,0.7623618841171265,0.8123961687088013,0.7632243633270264,0.8841270208358765,0.6875249147415161,0.8366736173629761,0.7817704677581787,0.7816675901412964,0.7016641497612,0.7532076835632324,0.7129130363464355,0.7542481422424316,0.7978812456130981,0.7423783540725708,0.8089652061462402,0.7742923498153687,0.641482949256897,0.7701387405395508,0.7834811210632324,0.7450916171073914,0.8874455094337463,0.7222614288330078,0.8577178716659546,0.8042794466018677,0.7505183219909668,0.8360008597373962,0.7032299041748047,0.8406460881233215,0.838995099067688,0.8554445505142212,0.7861070036888123,0.7812991738319397,0.585593581199646,0.7928369045257568,0.6672952175140381,0.7975215911865234,0.6998896598815918,0.616094708442688,0.8512966632843018,0.8396996855735779
Arson#8,0.6216632723808289,0.6701257228851318,0.5361771583557129,0.5553982853889465,0.5787129998207092,0.5156647562980652,0.6669564843177795,0.5870200395584106,0.6418720483779907,0.5146059989929199,0.5329355001449585,0.5101622343063354,0.5661722421646118,0.5719510912895203,0.5272896885871887,0.5847632884979248,0.5895360708236694,0.5663241147994995,0.49531203508377075,0.44727712869644165,0.5771217942237854,0.5653625130653381,0.5992864370346069,0.5008692741394043,0.5477080345153809,0.5556640028953552,0.5226085782051086,0.5134366750717163,0.5874134302139282,0.6351521611213684,0.7981967926025391,0.6880606412887573,0.7969143986701965,0.7738163471221924,0.7963840365409851,0.7229552268981934,0.7637815475463867,0.7148743867874146,1.0,0.8706910610198975,0.5478167533874512,0.4887436032295227,0.49104180932044983,0.547543466091156,0.5566202402114868,0.5663837194442749,0.5380672812461853,0.4671313762664795,0.47895491123199463,0.508807361125946,0.5430136919021606,0.6132503747940063,0.5468575954437256,0.5388270020484924,0.6438596248626709,0.628517210483551,0.6045820713043213,0.5938535928726196,0.6287209987640381,0.6434707641601562,0.8046456575393677,0.8199489712715149,0.6744762063026428,0.7816848754882812,0.8020032644271851,0.700922966003418,0.7523869276046753,0.787225067615509,0.7691802978515625,0.76857990026474,0.549685001373291,0.5977760553359985,0.5719178915023804,0.6825130581855774,0.623680055141449,0.4868418872356415,0.6217473745346069,0.5826478004455566,0.5145880579948425,0.6189178228378296,0.6708947420120239,0.5575597882270813,0.44183793663978577,0.6705009937286377,0.5256134271621704,0.5959967374801636,0.590796947479248,0.5649778842926025,0.5919066667556763,0.5620824694633484,0.6078453063964844,0.6356748342514038,0.5826522707939148,0.6295303106307983,0.6183336973190308,0.6163238286972046,0.6142078638076782,0.5832565426826477,0.6193200349807739,0.5651558637619019,0.5858699679374695,0.5831859111785889,0.545312762260437,0.6463611125946045,0.5490508675575256,0.5655760765075684,0.5287333130836487,0.696307897567749,0.5063885450363159,0.592159628868103,0.569054365158081,0.5705463290214539,0.5928133130073547,0.5043174028396606,0.6412789821624756,0.5927276611328125,0.6353466510772705,0.5659684538841248,0.548485517501831,0.7176111936569214,0.6624119877815247,0.6610324382781982,0.6077855825424194,0.7212178111076355,0.6361490488052368,0.6115986704826355,0.5390382409095764,0.6468735337257385,0.6522565484046936,0.5953087210655212,0.6297521591186523,0.6679779887199402,0.4840337038040161,0.600624680519104,0.6603209972381592,0.7950259447097778,0.5768892765045166,0.6291835308074951,0.571810245513916,0.6930956840515137
Arson#9,0.6915127635002136,0.7380708456039429,0.581712007522583,0.5906955003738403,0.623119592666626,0.5464456081390381,0.6789791584014893,0.614918053150177,0.6513828635215759,0.5605673789978027,0.5742402672767639,0.5805882811546326,0.6521114110946655,0.6127519607543945,0.5881259441375732,0.6623561978340149,0.6708680391311646,0.6397199034690857,0.5539498329162598,0.4958534836769104,0.5821409821510315,0.5848026275634766,0.5963730216026306,0.5154624581336975,0.6218613386154175,0.5418285727500916,0.5674196481704712,0.5276083946228027,0.6154922842979431,0.6769153475761414,0.7874044179916382,0.7035391926765442,0.8943862915039062,0.8017244338989258,0.7894009947776794,0.7130300402641296,0.7857500314712524,0.7799818515777588,0.8706910610198975,0.9999998211860657,0.6151990294456482,0.5270122289657593,0.5078132152557373,0.628649115562439,0.5942620038986206,0.6209421157836914,0.5954749584197998,0.5120067596435547,0.5478615760803223,0.5425030589103699,0.5894351601600647,0.6624971628189087,0.5899363160133362,0.543647289276123,0.7073628902435303,0.6845406293869019,0.6770890355110168,0.6211285591125488,0.6503022313117981,0.6570775508880615,0.8394021987915039,0.8418111205101013,0.7370414733886719,0.7845594882965088,0.8224425315856934,0.7468977570533752,0.8021954894065857,0.7947721481323242,0.7836097478866577,0.8117974400520325,0.6094626784324646,0.6948524713516235,0.6172151565551758,0.7867566347122192,0.7226773500442505,0.5359140634536743,0.6466431021690369,0.6726398468017578,0.5686832070350647,0.6897019147872925,0.669699490070343,0.5710973739624023,0.4894738495349884,0.6991474032402039,0.5505857467651367,0.6266469955444336,0.627312958240509,0.627338707447052,0.6574759483337402,0.6375959515571594,0.6457031965255737,0.6880010962486267,0.6129651665687561,0.7337511777877808,0.6892359256744385,0.6600858569145203,0.6380648016929626,0.6079941391944885,0.624573826789856,0.6109176874160767,0.6131753325462341,0.6285741329193115,0.5722665786743164,0.7129355669021606,0.531051754951477,0.6080092191696167,0.5832439661026001,0.7083263993263245,0.49930649995803833,0.6127896904945374,0.5579885244369507,0.6403392553329468,0.6186060905456543,0.5443257093429565,0.7097017765045166,0.6616623401641846,0.6635169982910156,0.5971109867095947,0.5995142459869385,0.7314481735229492,0.722649872303009,0.6890006065368652,0.6446212530136108,0.7495350241661072,0.6745857000350952,0.6789789199829102,0.5099223256111145,0.6650826930999756,0.7422205209732056,0.6567052602767944,0.7052074670791626,0.7493850588798523,0.46058958768844604,0.6996784210205078,0.6702545881271362,0.8660672903060913,0.5972490310668945,0.645525336265564,0.6439785957336426,0.7857797145843506
Assault#0,0.43074795603752136,0.43593382835388184,0.2727867662906647,0.2788155972957611,0.41870802640914917,0.3532678782939911,0.4659438729286194,0.3801850378513336,0.4041748344898224,0.2522928714752197,0.8916661739349365,0.8234878778457642,0.8359429836273193,0.8356204628944397,0.8890043497085571,0.8445162773132324,0.8527421951293945,0.8539221286773682,0.8555500507354736,0.7946193814277649,0.6313318014144897,0.7112024426460266,0.6208888292312622,0.7172036170959473,0.7042540311813354,0.6048867702484131,0.8243764638900757,0.567599892616272,0.7523977160453796,0.7547932863235474,0.6899770498275757,0.8052774667739868,0.654302716255188,0.7141831517219543,0.46175235509872437,0.6664886474609375,0.7458721399307251,0.8017439842224121,0.5478167533874512,0.6151990294456482,1.000000238418579,0.7995758056640625,0.8289090394973755,0.8166125416755676,0.842048168182373,0.8901268839836121,0.8807282447814941,0.7816061973571777,0.8637773990631104,0.7838332653045654,0.8239572048187256,0.7776975631713867,0.7659616470336914,0.6271179914474487,0.8369094133377075,0.6810876131057739,0.7832846641540527,0.6717088222503662,0.7661413550376892,0.6564493775367737,0.5978750586509705,0.6163666844367981,0.7450379133224487,0.688329815864563,0.6003440618515015,0.7971880435943604,0.7686918377876282,0.6276026964187622,0.7158336043357849,0.5873366594314575,0.7931444644927979,0.808515191078186,0.7971967458724976,0.8097660541534424,0.7229195833206177,0.7907703518867493,0.7528941035270691,0.8283847570419312,0.7240406274795532,0.817508339881897,0.5897738933563232,0.6323544979095459,0.5671355724334717,0.6439063549041748,0.6474795341491699,0.5402092933654785,0.7489563226699829,0.6780054569244385,0.6797751188278198,0.5954700708389282,0.7590737342834473,0.7654142379760742,0.831341564655304,0.731751561164856,0.6580221652984619,0.92293381690979,0.748966634273529,0.8577247262001038,0.7551034688949585,0.8229273557662964,0.7653309106826782,0.849793553352356,0.8168507814407349,0.8127236366271973,0.7393622398376465,0.8520907163619995,0.8399126529693604,0.819452702999115,0.7728348970413208,0.7738459706306458,0.6492297053337097,0.697240948677063,0.7324338555335999,0.6959177851676941,0.6973997354507446,0.6845020055770874,0.5543389320373535,0.7025277614593506,0.6867831945419312,0.6896125078201294,0.7915266752243042,0.7118963003158569,0.8434717059135437,0.6668685674667358,0.705747127532959,0.7620760202407837,0.6985313892364502,0.8106738924980164,0.7622805833816528,0.7794033288955688,0.7740756273269653,0.7174763679504395,0.5646470785140991,0.7622877359390259,0.6865852475166321,0.6908930540084839,0.6509560346603394,0.5399055480957031,0.8729549050331116,0.7624027729034424
Assault#1,0.3922727108001709,0.38868388533592224,0.29353195428848267,0.2839716970920563,0.4036969542503357,0.35279953479766846,0.437141478061676,0.38598543405532837,0.41443461179733276,0.2602202296257019,0.8655709028244019,0.7508229613304138,0.8451777100563049,0.6863744854927063,0.8882871866226196,0.6640740633010864,0.7535645961761475,0.8720996975898743,0.8470824956893921,0.8848224878311157,0.5130177140235901,0.583060622215271,0.5210912227630615,0.5487443208694458,0.5436934232711792,0.49476495385169983,0.7253077030181885,0.46915602684020996,0.6270400881767273,0.6559469699859619,0.5463434457778931,0.6726428270339966,0.6585500240325928,0.55539870262146,0.4312554895877838,0.5117152333259583,0.6555546522140503,0.6571503281593323,0.4887436032295227,0.5270122289657593,0.7995758056640625,1.0000001192092896,0.8171077966690063,0.8585501909255981,0.6591691970825195,0.7668697834014893,0.8506377339363098,0.8645466566085815,0.8997097015380859,0.8328439593315125,0.7112962007522583,0.6080664396286011,0.6136096715927124,0.43847736716270447,0.7479996681213379,0.5314469337463379,0.6223219633102417,0.4741014242172241,0.5851635932922363,0.4630849361419678,0.5828351378440857,0.5156084299087524,0.8127942085266113,0.5778669118881226,0.49067217111587524,0.7798124551773071,0.7988234758377075,0.5333093404769897,0.7188831567764282,0.5270586013793945,0.8675544261932373,0.8261491060256958,0.9042352437973022,0.7400743961334229,0.7740730047225952,0.9186735153198242,0.8129746913909912,0.8623666763305664,0.8600213527679443,0.8555817604064941,0.4993205666542053,0.4835527837276459,0.4111648201942444,0.5625762939453125,0.4813716411590576,0.43283820152282715,0.5951972007751465,0.5664358735084534,0.5319159030914307,0.4418794810771942,0.5313384532928467,0.5756970643997192,0.7472919821739197,0.562836766242981,0.46393021941185,0.6887619495391846,0.6387219429016113,0.6759449243545532,0.5642333030700684,0.5944526791572571,0.649215817451477,0.6995499134063721,0.8254988789558411,0.689918577671051,0.5678715109825134,0.7303681373596191,0.8048583269119263,0.7233873605728149,0.6589421033859253,0.6270955801010132,0.4971091151237488,0.52668297290802,0.5924707055091858,0.5285747051239014,0.5410374999046326,0.5892975330352783,0.4917911887168884,0.5803107023239136,0.5111606121063232,0.6385441422462463,0.674383282661438,0.4979693293571472,0.6635850667953491,0.5442111492156982,0.5155936479568481,0.6432901620864868,0.5168865919113159,0.6395009160041809,0.6940150260925293,0.6083991527557373,0.5997411608695984,0.6888161301612854,0.39727383852005005,0.661910891532898,0.5011377930641174,0.5797837376594543,0.4915822148323059,0.4338532090187073,0.7588827610015869,0.648005485534668
Assault#2,0.39463019371032715,0.40315181016921997,0.29333335161209106,0.30779513716697693,0.4337783455848694,0.34089547395706177,0.44509389996528625,0.37628304958343506,0.40974175930023193,0.2763610780239105,0.893456220626831,0.7851986885070801,0.814628005027771,0.783819317817688,0.8832837343215942,0.7129617929458618,0.7801775932312012,0.8163479566574097,0.8892204761505127,0.8662223815917969,0.5942267775535583,0.6185779571533203,0.5692951083183289,0.6467480063438416,0.5886648893356323,0.5908985137939453,0.7705312967300415,0.5565142035484314,0.7227634191513062,0.6529666185379028,0.5926727056503296,0.7149078845977783,0.6088789701461792,0.6179808378219604,0.45849186182022095,0.6201300621032715,0.6828711032867432,0.7112667560577393,0.49104180932044983,0.5078132152557373,0.8289090394973755,0.8171077966690063,1.000000238418579,0.8379554748535156,0.7359495759010315,0.8275749683380127,0.8922439217567444,0.8562226295471191,0.874763011932373,0.8788293600082397,0.7765312194824219,0.6614512205123901,0.6941104531288147,0.5126923322677612,0.7933098673820496,0.5777367353439331,0.6658797860145569,0.5240918397903442,0.6878951787948608,0.5349418520927429,0.5370677709579468,0.5265994071960449,0.7450717687606812,0.6154961585998535,0.49581438302993774,0.7982192039489746,0.7637057900428772,0.5843841433525085,0.6762955784797668,0.5397052764892578,0.8162168860435486,0.809958815574646,0.835725724697113,0.7185821533203125,0.7255423069000244,0.835686206817627,0.7957825660705566,0.8290950655937195,0.8191657066345215,0.8078422546386719,0.4797975420951843,0.5708165764808655,0.525741696357727,0.5718073844909668,0.5456981062889099,0.4601711630821228,0.6580913066864014,0.6113277673721313,0.590662956237793,0.493398517370224,0.6060503721237183,0.5920082330703735,0.8035387992858887,0.595853328704834,0.5155206918716431,0.7747511863708496,0.690287172794342,0.7783694863319397,0.6981768012046814,0.6837979555130005,0.7290639877319336,0.801154375076294,0.8737310171127319,0.7549877166748047,0.7016310691833496,0.8435131311416626,0.8646215200424194,0.7782840728759766,0.7883687615394592,0.7281169891357422,0.6112339496612549,0.6161614656448364,0.6941899061203003,0.6269204616546631,0.6005663871765137,0.6094433069229126,0.5152422189712524,0.6849541068077087,0.5781443119049072,0.5887803435325623,0.6926801204681396,0.5465005040168762,0.7181106805801392,0.5627480745315552,0.5899112820625305,0.6934884190559387,0.6451975703239441,0.6662543416023254,0.6965310573577881,0.6626468896865845,0.6340072154998779,0.6818591356277466,0.526127815246582,0.7048099637031555,0.5542935729026794,0.58442622423172,0.599126935005188,0.5050206184387207,0.8062164783477783,0.6484038829803467
Assault#3,0.47150111198425293,0.5059905648231506,0.35975873470306396,0.35911649465560913,0.4622538983821869,0.4067174196243286,0.5203133225440979,0.4397071599960327,0.4951796233654022,0.3313126564025879,0.8809277415275574,0.8543450832366943,0.9312822818756104,0.7346517443656921,0.9371932744979858,0.7649515867233276,0.8758586049079895,0.9388822317123413,0.9293750524520874,0.9127682447433472,0.58949875831604,0.613004207611084,0.5589062571525574,0.5909135937690735,0.6468040943145752,0.5476763248443604,0.765323281288147,0.5299921035766602,0.7030291557312012,0.7327969074249268,0.6338273882865906,0.7233667373657227,0.749681830406189,0.6423341631889343,0.5147031545639038,0.5583462715148926,0.727045476436615,0.7551587820053101,0.547543466091156,0.628649115562439,0.8166125416755676,0.8585501909255981,0.8379554748535156,0.9999997615814209,0.6814884543418884,0.8071238994598389,0.9336162805557251,0.921306312084198,0.9330490827560425,0.9167771935462952,0.7896184325218201,0.6730817556381226,0.6741138696670532,0.4795074760913849,0.8366153240203857,0.6304462552070618,0.72239089012146,0.5411406755447388,0.661865770816803,0.5272517204284668,0.6252081990242004,0.5717714428901672,0.8528740406036377,0.6029472351074219,0.5535181760787964,0.828194797039032,0.8673290610313416,0.5921543836593628,0.722966194152832,0.6279392838478088,0.8947378396987915,0.9123077392578125,0.9270427227020264,0.8648287057876587,0.8496662378311157,0.8727038502693176,0.8830759525299072,0.9107105731964111,0.9219271540641785,0.9034271240234375,0.5046308040618896,0.524823784828186,0.4582552909851074,0.6081941723823547,0.5127319097518921,0.49151545763015747,0.6252263784408569,0.6135618686676025,0.596123218536377,0.4915713965892792,0.618733286857605,0.6484696865081787,0.8087517023086548,0.6437112092971802,0.5545377731323242,0.7227432131767273,0.7052759528160095,0.7333540320396423,0.6718271374702454,0.6490240693092346,0.732233464717865,0.7908879518508911,0.8750201463699341,0.7832095623016357,0.6366510987281799,0.8293763995170593,0.8660963177680969,0.7696138620376587,0.699528694152832,0.7042163610458374,0.5629464387893677,0.6400501728057861,0.690778374671936,0.6005411744117737,0.6281180381774902,0.6964029669761658,0.590015709400177,0.6798040866851807,0.5842050313949585,0.6579271554946899,0.7865047454833984,0.5621650218963623,0.7335217595100403,0.6418668627738953,0.6317907571792603,0.7272371053695679,0.5668905973434448,0.6830289363861084,0.8090933561325073,0.6902065277099609,0.6746577024459839,0.7978286147117615,0.4226014018058777,0.778999924659729,0.5335625410079956,0.6910613775253296,0.5769065022468567,0.5200849771499634,0.8538594245910645,0.7586577534675598
Assault#4,0.40959489345550537,0.4337027072906494,0.223174586892128,0.2489340901374817,0.39751681685447693,0.34167852997779846,0.424477219581604,0.3362048268318176,0.3812694549560547,0.22821742296218872,0.7744101285934448,0.7402604222297668,0.7270491123199463,0.7690505981445312,0.7255762219429016,0.7997403740882874,0.7910805940628052,0.7060253024101257,0.7148984670639038,0.62015700340271,0.6593391299247742,0.6670670509338379,0.6045531034469604,0.7385310530662537,0.6637039184570312,0.5693623423576355,0.7949614524841309,0.6037753820419312,0.7387127876281738,0.7526282072067261,0.7223788499832153,0.7914174199104309,0.5751430988311768,0.739747166633606,0.42241066694259644,0.6733324527740479,0.6974794864654541,0.7822258472442627,0.5566202402114868,0.5942620038986206,0.842048168182373,0.6591691970825195,0.7359495759010315,0.6814884543418884,1.0000001192092896,0.7996955513954163,0.7254108190536499,0.5936627984046936,0.736867368221283,0.6377276182174683,0.7499300241470337,0.7922757267951965,0.7519856691360474,0.6767942905426025,0.7626293897628784,0.7086663246154785,0.7885971069335938,0.7176568508148193,0.821251392364502,0.7133334875106812,0.5906679630279541,0.5937201380729675,0.6175175905227661,0.6923304796218872,0.6189161539077759,0.6940985918045044,0.668866753578186,0.6153401136398315,0.6257039308547974,0.5602241158485413,0.7368283867835999,0.6782070398330688,0.6482189893722534,0.7426307201385498,0.620611846446991,0.6168093681335449,0.618845522403717,0.7095898389816284,0.5543217658996582,0.7176682949066162,0.6584578156471252,0.7018388509750366,0.6479341983795166,0.6651644706726074,0.7105268836021423,0.6072251796722412,0.7554361820220947,0.7048757076263428,0.7116937637329102,0.6703125238418579,0.8379042148590088,0.8264298439025879,0.7844287157058716,0.7561237812042236,0.7567542791366577,0.8947649002075195,0.7816606760025024,0.8614541292190552,0.772808313369751,0.8514708280563354,0.767911434173584,0.8119627237319946,0.6893532276153564,0.8302283883094788,0.7512438297271729,0.8081560730934143,0.7517900466918945,0.757662296295166,0.74751877784729,0.7620038986206055,0.7322916984558105,0.7383458018302917,0.741117537021637,0.7501677870750427,0.7325010895729065,0.6802114248275757,0.5676625967025757,0.7152769565582275,0.7529125213623047,0.6722019910812378,0.7580453157424927,0.7473349571228027,0.8068907856941223,0.6889408826828003,0.7202500104904175,0.7544906139373779,0.7670625448226929,0.8146169185638428,0.6921091079711914,0.787977933883667,0.8067230582237244,0.6456000804901123,0.658126950263977,0.7423327565193176,0.7471390962600708,0.7051915526390076,0.7273985147476196,0.583183765411377,0.8114733695983887,0.7510491013526917
Assault#5,0.4667169451713562,0.48472779989242554,0.33176732063293457,0.33561354875564575,0.4765046238899231,0.40737253427505493,0.47641056776046753,0.43582338094711304,0.44207054376602173,0.32570943236351013,0.8549548387527466,0.8186123371124268,0.834518551826477,0.8228011131286621,0.8647304773330688,0.8681284189224243,0.8623923063278198,0.8212215900421143,0.8783762454986572,0.7712255716323853,0.6685714721679688,0.6691060066223145,0.6694784760475159,0.7320632338523865,0.7224551439285278,0.6536159515380859,0.7961499691009521,0.6367981433868408,0.8071303367614746,0.7659136056900024,0.7045074701309204,0.8009746670722961,0.6833399534225464,0.7306458950042725,0.5019335150718689,0.711338460445404,0.787786602973938,0.8235378265380859,0.5663837194442749,0.6209421157836914,0.8901268839836121,0.7668697834014893,0.8275749683380127,0.8071238994598389,0.7996955513954163,1.0,0.8870857357978821,0.7652730941772461,0.8316766023635864,0.8322286605834961,0.7893500328063965,0.7531255483627319,0.7375979423522949,0.5949518084526062,0.8612362146377563,0.6807519197463989,0.7890157699584961,0.6436105966567993,0.7649343609809875,0.6320524215698242,0.6349626183509827,0.5957145690917969,0.7774190902709961,0.6779962778091431,0.6170837879180908,0.7790462970733643,0.7731900215148926,0.6408565640449524,0.690909206867218,0.5919277667999268,0.7793043851852417,0.8098287582397461,0.7856167554855347,0.8170907497406006,0.7659832239151001,0.7704146504402161,0.7781471014022827,0.8418316841125488,0.7380431890487671,0.8201960325241089,0.5993848443031311,0.679523766040802,0.6483016014099121,0.6943286061286926,0.7238422632217407,0.6172528266906738,0.8169296979904175,0.7421585321426392,0.7371797561645508,0.6509842872619629,0.6944957971572876,0.6714908480644226,0.8347277641296387,0.7492533922195435,0.6330699920654297,0.8880188465118408,0.7371011972427368,0.8280087113380432,0.7429851293563843,0.8012638092041016,0.8102646470069885,0.8458045721054077,0.7918077707290649,0.8440793752670288,0.7918354272842407,0.9234125018119812,0.8509216904640198,0.8070447444915771,0.7872107028961182,0.8096038699150085,0.6586033701896667,0.7209435701370239,0.7619318962097168,0.7023884654045105,0.686549186706543,0.7133994102478027,0.5972545146942139,0.7229039669036865,0.6819444894790649,0.648698091506958,0.7985959649085999,0.6821104884147644,0.8200844526290894,0.6929702758789062,0.692558765411377,0.7958028316497803,0.7043644785881042,0.7905421257019043,0.7641840577125549,0.7991771697998047,0.7516059875488281,0.7767294645309448,0.572181224822998,0.7876801490783691,0.6371818780899048,0.6973167657852173,0.7109584808349609,0.5689790844917297,0.8646419644355774,0.752732515335083
Assault#6,0.44625431299209595,0.4459051191806793,0.32217758893966675,0.32557159662246704,0.4364718198776245,0.39664971828460693,0.4875038266181946,0.4188905656337738,0.44481155276298523,0.29312387108802795,0.9292417764663696,0.8793944120407104,0.9179351925849915,0.8012653589248657,0.9589270353317261,0.8134642243385315,0.8800848722457886,0.9232483506202698,0.9762736558914185,0.9258757829666138,0.6112421751022339,0.6572167277336121,0.5941358804702759,0.638830304145813,0.6629346609115601,0.6029818058013916,0.7952464818954468,0.5627937912940979,0.7567640542984009,0.7255258560180664,0.6496438980102539,0.7720029354095459,0.7094072699546814,0.6547507047653198,0.48519212007522583,0.6243605017662048,0.7367767095565796,0.783213198184967,0.5380672812461853,0.5954749584197998,0.8807282447814941,0.8506377339363098,0.8922439217567444,0.9336162805557251,0.7254108190536499,0.8870857357978821,1.000000238418579,0.9240139126777649,0.9437173008918762,0.9388691782951355,0.831332802772522,0.7041395902633667,0.7070473432540894,0.5254456400871277,0.8718671798706055,0.6393383145332336,0.7511112093925476,0.5675548315048218,0.7023237943649292,0.5624520778656006,0.5917514562606812,0.5575141906738281,0.8306823372840881,0.6221802234649658,0.5435473322868347,0.8357802629470825,0.8398034572601318,0.598109245300293,0.7180614471435547,0.6006680727005005,0.8706880807876587,0.8866493105888367,0.9008846282958984,0.816879391670227,0.8031258583068848,0.8777956962585449,0.873573899269104,0.9101114869117737,0.8965294361114502,0.8787755966186523,0.5276556015014648,0.597303569316864,0.5427338480949402,0.6431616544723511,0.6067565679550171,0.5175754427909851,0.7243340015411377,0.6807183027267456,0.6512097120285034,0.5373538732528687,0.6392360925674438,0.6439548134803772,0.853867769241333,0.6550062894821167,0.5519617795944214,0.7958899736404419,0.7212815284729004,0.799151599407196,0.6881616115570068,0.714040994644165,0.7455986142158508,0.809511125087738,0.8898555040359497,0.7962430715560913,0.6904944181442261,0.8908344507217407,0.887080192565918,0.8031531572341919,0.7544385194778442,0.7452206611633301,0.6059821248054504,0.6514081954956055,0.7157297134399414,0.6413964629173279,0.6288583278656006,0.6871724128723145,0.5725791454315186,0.701927661895752,0.6243130564689636,0.6457496285438538,0.7827569246292114,0.5900353789329529,0.7829732894897461,0.6279647350311279,0.6477648019790649,0.7471094131469727,0.6309472322463989,0.7171308994293213,0.7980621457099915,0.7292544841766357,0.6882593631744385,0.7716770172119141,0.48393911123275757,0.7726379632949829,0.5744141340255737,0.6646625995635986,0.6043928265571594,0.5191670060157776,0.8722519874572754,0.7442689538002014
Assault#7,0.39718976616859436,0.4087958335876465,0.3066866099834442,0.30861470103263855,0.3980940878391266,0.3558875024318695,0.4499989449977875,0.3947664499282837,0.41573408246040344,0.28187668323516846,0.887926459312439,0.8032729625701904,0.8633975982666016,0.6785697937011719,0.9374821186065674,0.6573773622512817,0.7684183120727539,0.8900562524795532,0.9302501082420349,0.9733642339706421,0.5297753810882568,0.5649025440216064,0.5129680037498474,0.5346046686172485,0.5578653812408447,0.538836658000946,0.7021455764770508,0.4894336462020874,0.6600115299224854,0.605269193649292,0.5435937643051147,0.6697813272476196,0.6486893892288208,0.5272073149681091,0.4566217362880707,0.5213701128959656,0.6323549747467041,0.672965407371521,0.4671313762664795,0.5120067596435547,0.7816061973571777,0.8645466566085815,0.8562226295471191,0.921306312084198,0.5936627984046936,0.7652730941772461,0.9240139126777649,0.9999996423721313,0.9172626733779907,0.9314345121383667,0.756910502910614,0.5718279480934143,0.5836526155471802,0.4108266234397888,0.7705764174461365,0.493457555770874,0.6053906679153442,0.42709243297576904,0.5620988607406616,0.43752938508987427,0.4987354576587677,0.47395217418670654,0.7728118896484375,0.5198563933372498,0.452120304107666,0.7797662615776062,0.7917392253875732,0.5113048553466797,0.6626490950584412,0.5483353137969971,0.836794376373291,0.8749860525131226,0.9075325727462769,0.7210185527801514,0.7586658000946045,0.9003621339797974,0.8708638548851013,0.8515275716781616,0.9263370037078857,0.8455415368080139,0.4077076315879822,0.4790877103805542,0.3927854299545288,0.5324947834014893,0.4542217254638672,0.4055717885494232,0.5624225735664368,0.5402444005012512,0.5088968276977539,0.39024877548217773,0.5175274014472961,0.5563925504684448,0.7691556215286255,0.505793571472168,0.44150009751319885,0.6589640378952026,0.6234343647956848,0.6847348213195801,0.5911919474601746,0.5640020966529846,0.664559006690979,0.7158489227294922,0.8847053050994873,0.6930582523345947,0.5900588631629944,0.7773271799087524,0.824066162109375,0.730434775352478,0.7030928134918213,0.6450175046920776,0.48318052291870117,0.534760594367981,0.605414628982544,0.5087262392044067,0.5015790462493896,0.5857938528060913,0.4920538067817688,0.603675365447998,0.4803011417388916,0.5611485242843628,0.6640217304229736,0.4679349362850189,0.6652793884277344,0.5107753276824951,0.49000173807144165,0.6294464468955994,0.5269433259963989,0.5782387256622314,0.7085912227630615,0.5911535024642944,0.5532165765762329,0.7096060514450073,0.3939759433269501,0.6822813153266907,0.4706258773803711,0.568529486656189,0.47742533683776855,0.4520418643951416,0.7801421880722046,0.646804690361023
Assault#8,0.386688768863678,0.40018367767333984,0.2830427289009094,0.27794119715690613,0.3958955407142639,0.3468090295791626,0.430952787399292,0.36274075508117676,0.40531712770462036,0.24862511456012726,0.9198410511016846,0.8781697750091553,0.9171396493911743,0.7630603313446045,0.9509366750717163,0.7640763521194458,0.8548762798309326,0.9316921234130859,0.9411653876304626,0.939072847366333,0.5776068568229675,0.6238667368888855,0.5495883226394653,0.6265207529067993,0.6362336874008179,0.5358316898345947,0.798040509223938,0.522401750087738,0.701190710067749,0.7078014612197876,0.5967689752578735,0.7537958025932312,0.681563138961792,0.6230230927467346,0.42231616377830505,0.568977952003479,0.7043750286102295,0.746303141117096,0.47895491123199463,0.5478615760803223,0.8637773990631104,0.8997097015380859,0.874763011932373,0.9330490827560425,0.736867368221283,0.8316766023635864,0.9437173008918762,0.9172626733779907,0.9999999403953552,0.9051594734191895,0.7963152527809143,0.6938879489898682,0.6894888877868652,0.4993499517440796,0.8202005624771118,0.6005325317382812,0.7092574238777161,0.5326120853424072,0.676270604133606,0.5157067775726318,0.5647526979446411,0.5097818374633789,0.8055356740951538,0.5916116833686829,0.5028394460678101,0.8173640370368958,0.8215242028236389,0.5412157773971558,0.6836484670639038,0.5577988624572754,0.8919135332107544,0.8742178678512573,0.920843780040741,0.8077853918075562,0.7933133840560913,0.9016909003257751,0.8520883321762085,0.9050625562667847,0.8999354839324951,0.8742760419845581,0.5059412717819214,0.5423603057861328,0.48097264766693115,0.5871114730834961,0.5282689929008484,0.4767109751701355,0.6502548456192017,0.6264830827713013,0.6085222959518433,0.47813594341278076,0.6346336603164673,0.6402616500854492,0.8360573053359985,0.6184225082397461,0.526644229888916,0.7664756774902344,0.7116382718086243,0.7695084810256958,0.6668031215667725,0.6751538515090942,0.7135390043258667,0.7914224863052368,0.8877885937690735,0.7691589593887329,0.6401990652084351,0.8363016843795776,0.8787146806716919,0.755440354347229,0.7307040095329285,0.6921349763870239,0.564411997795105,0.6276394128799438,0.6772094964981079,0.6018478870391846,0.6059067249298096,0.6543043851852417,0.5378821492195129,0.6729771494865417,0.5939806699752808,0.6278517246246338,0.7593275308609009,0.5479714870452881,0.7479841709136963,0.5997820496559143,0.610068678855896,0.7163331508636475,0.5928711891174316,0.7094153761863708,0.767236053943634,0.6949076056480408,0.6576228141784668,0.7515297532081604,0.4524911940097809,0.7483080625534058,0.5375077724456787,0.6227209568023682,0.5700243711471558,0.4764072895050049,0.8586115837097168,0.7210659980773926
Assault#9,0.46600353717803955,0.4715309143066406,0.3637476861476898,0.38229599595069885,0.47888830304145813,0.4239828288555145,0.4954575300216675,0.44822943210601807,0.48893800377845764,0.3449079692363739,0.8859397768974304,0.8092166781425476,0.86328125,0.7196570634841919,0.9164968729019165,0.693127453327179,0.7913035750389099,0.8741711378097534,0.9281029105186462,0.9364440441131592,0.5854764580726624,0.6108570098876953,0.5664594769477844,0.5790651440620422,0.6179595589637756,0.5777724981307983,0.7288980484008789,0.5661931037902832,0.7385185956954956,0.6526628732681274,0.5646534562110901,0.6817489266395569,0.676694393157959,0.569313645362854,0.49757999181747437,0.5564914345741272,0.6809004545211792,0.6996188163757324,0.508807361125946,0.5425030589103699,0.7838332653045654,0.8328439593315125,0.8788293600082397,0.9167771935462952,0.6377276182174683,0.8322286605834961,0.9388691782951355,0.9314345121383667,0.9051594734191895,1.0,0.7591411471366882,0.6240605115890503,0.5919356346130371,0.4210861921310425,0.8235785961151123,0.5433708429336548,0.6359745860099792,0.4527535140514374,0.6116616725921631,0.47268998622894287,0.5501981973648071,0.5155163407325745,0.8023448586463928,0.5540285706520081,0.4910602569580078,0.7990983724594116,0.820105791091919,0.5526283979415894,0.6840535402297974,0.5803348422050476,0.8344751596450806,0.8663970828056335,0.892302393913269,0.7508007287979126,0.8011633157730103,0.8700687885284424,0.8729624152183533,0.86354660987854,0.9289673566818237,0.8483278751373291,0.4362925887107849,0.5511332154273987,0.4577530026435852,0.5681232213973999,0.5101845264434814,0.4760573208332062,0.6113848686218262,0.5906341075897217,0.5789896249771118,0.43801188468933105,0.5399960279464722,0.5563045740127563,0.7931768894195557,0.5616044402122498,0.502206027507782,0.6926544904708862,0.6511678695678711,0.7072463035583496,0.6765812635421753,0.5917154550552368,0.7474071979522705,0.7820707559585571,0.8768754005432129,0.7530530691146851,0.6876552104949951,0.8655654788017273,0.876419186592102,0.7927615642547607,0.7706207036972046,0.7358858585357666,0.5257159471511841,0.6032265424728394,0.66771399974823,0.5604522824287415,0.5328482985496521,0.634726881980896,0.5243001580238342,0.6392781734466553,0.5278725028038025,0.5767768621444702,0.6803799867630005,0.515317976474762,0.678733766078949,0.5391272306442261,0.5542594194412231,0.6812813878059387,0.5474573373794556,0.6083064675331116,0.7219502329826355,0.6290658116340637,0.61651211977005,0.7605039477348328,0.44637542963027954,0.7413897514343262,0.5127025842666626,0.595382809638977,0.5700390338897705,0.489417165517807,0.8050659894943237,0.6565367579460144
Burglary#0,0.40860480070114136,0.40802037715911865,0.2575109004974365,0.2960612177848816,0.42053818702697754,0.34008753299713135,0.4814857840538025,0.3533436059951782,0.44554656744003296,0.2603245973587036,0.8708718419075012,0.813221275806427,0.7927873730659485,0.7394039630889893,0.8145855665206909,0.7982659935951233,0.8128120303153992,0.8340889811515808,0.8115870952606201,0.7556009888648987,0.6058980226516724,0.6310534477233887,0.5728362798690796,0.662040114402771,0.6497263312339783,0.5935275554656982,0.7826704978942871,0.5466973185539246,0.7448856830596924,0.7420117855072021,0.7117637395858765,0.7797403931617737,0.6511520147323608,0.6724933385848999,0.44755440950393677,0.6169280409812927,0.7214930057525635,0.7949210405349731,0.5430136919021606,0.5894351601600647,0.8239572048187256,0.7112962007522583,0.7765312194824219,0.7896184325218201,0.7499300241470337,0.7893500328063965,0.831332802772522,0.756910502910614,0.7963152527809143,0.7591411471366882,0.9999998807907104,0.8252297639846802,0.8069071173667908,0.6728168725967407,0.8901390433311462,0.7853323221206665,0.8638899326324463,0.7498568296432495,0.800028920173645,0.7132605314254761,0.571735143661499,0.5668647289276123,0.7184149622917175,0.6241291761398315,0.5466302633285522,0.7673584818840027,0.7392672300338745,0.5977696776390076,0.6559858322143555,0.5552694797515869,0.7225942611694336,0.7340314388275146,0.730448305606842,0.7272309064865112,0.6792348623275757,0.7010986804962158,0.7173728942871094,0.7544866800308228,0.7075955867767334,0.7828805446624756,0.5332340598106384,0.6041722893714905,0.5308492183685303,0.5921826362609863,0.5871952176094055,0.5252127647399902,0.6653276681900024,0.644084095954895,0.6648908257484436,0.5261980295181274,0.7023406028747559,0.6693744659423828,0.8068327903747559,0.7348203063011169,0.6099593639373779,0.7883011102676392,0.7364786267280579,0.8212747573852539,0.7119942903518677,0.769961953163147,0.7462053298950195,0.8021254539489746,0.7985056638717651,0.7952836751937866,0.6789078712463379,0.8142722249031067,0.8059623837471008,0.7828723192214966,0.747237503528595,0.7273315191268921,0.6664822101593018,0.6701308488845825,0.7337768077850342,0.6852295398712158,0.6920713782310486,0.6790107488632202,0.6143113374710083,0.734688937664032,0.7068384885787964,0.6982765197753906,0.7827674150466919,0.6473208665847778,0.7925684452056885,0.6595557928085327,0.7129594087600708,0.7667943239212036,0.6770617961883545,0.7421817779541016,0.798012375831604,0.7548605799674988,0.8015540838241577,0.7086106538772583,0.6109609603881836,0.7665897011756897,0.6731186509132385,0.6575078964233398,0.6159072518348694,0.5677781701087952,0.8483079671859741,0.7366048097610474
Burglary#1,0.41180700063705444,0.45405006408691406,0.2713671326637268,0.30982506275177,0.4274876117706299,0.32204532623291016,0.4662015736103058,0.3313775360584259,0.44559186697006226,0.2783661186695099,0.7303248047828674,0.7211553454399109,0.7357035279273987,0.7327661514282227,0.6829469203948975,0.7978694438934326,0.7971359491348267,0.73661208152771,0.668893575668335,0.584132194519043,0.6269410848617554,0.6276981830596924,0.5572977066040039,0.6914318799972534,0.6729400157928467,0.5196435451507568,0.7480007410049438,0.533984363079071,0.7183084487915039,0.7980876564979553,0.75397789478302,0.8086779117584229,0.6778497099876404,0.7714645862579346,0.4420962631702423,0.6654940843582153,0.7665609121322632,0.8200653791427612,0.6132503747940063,0.6624971628189087,0.7776975631713867,0.6080664396286011,0.6614512205123901,0.6730817556381226,0.7922757267951965,0.7531255483627319,0.7041395902633667,0.5718279480934143,0.6938879489898682,0.6240605115890503,0.8252297639846802,0.9999998807907104,0.8048800230026245,0.7440392971038818,0.8445159792900085,0.8078306913375854,0.8847430944442749,0.8440521955490112,0.8688888549804688,0.7617607116699219,0.6516811847686768,0.6402596831321716,0.6761488318443298,0.6898108720779419,0.6195019483566284,0.7183589935302734,0.7160601615905762,0.6240912675857544,0.6688038110733032,0.6102043986320496,0.6401569247245789,0.6456802487373352,0.6252144575119019,0.7472513318061829,0.641721785068512,0.5714271068572998,0.6123626232147217,0.6809090375900269,0.5584677457809448,0.692223072052002,0.6243129968643188,0.5915299654006958,0.5724421143531799,0.60530024766922,0.5719771385192871,0.5942949652671814,0.6650881767272949,0.6490231156349182,0.7003253698348999,0.5742157101631165,0.8127526044845581,0.7643616199493408,0.7487633228302002,0.8213112950325012,0.7081072330474854,0.8190382719039917,0.7802945375442505,0.8148308992385864,0.7654123306274414,0.8019925951957703,0.7232009172439575,0.7703448534011841,0.663097620010376,0.8205000162124634,0.6535027027130127,0.7628246545791626,0.7209384441375732,0.7489809989929199,0.7115188837051392,0.6900315284729004,0.7068299055099487,0.7282374501228333,0.7651773691177368,0.7220859527587891,0.782577395439148,0.6884589195251465,0.6137226819992065,0.717070460319519,0.7600992918014526,0.7433341145515442,0.8242988586425781,0.7450478076934814,0.7945188283920288,0.7287952899932861,0.7677932977676392,0.8163118362426758,0.6627557277679443,0.8365301489830017,0.7655802965164185,0.7915135622024536,0.8218539953231812,0.6926947236061096,0.6091321706771851,0.769285261631012,0.6683262586593628,0.7084911465644836,0.6803215742111206,0.566608726978302,0.8058205842971802,0.7686412334442139
Burglary#2,0.343703031539917,0.366508424282074,0.20802441239356995,0.22861067950725555,0.3175995349884033,0.2628384232521057,0.38389578461647034,0.2793908417224884,0.31545373797416687,0.21968881785869598,0.7207882404327393,0.7118492126464844,0.7458511590957642,0.6846314668655396,0.7005414962768555,0.7868863940238953,0.8300912380218506,0.7323583364486694,0.6865911483764648,0.5830855369567871,0.5289747714996338,0.5494462847709656,0.5172920227050781,0.6371778249740601,0.6109309196472168,0.48323267698287964,0.7154897451400757,0.4433879852294922,0.637944757938385,0.7621289491653442,0.724693775177002,0.7673856019973755,0.6157864332199097,0.7198475003242493,0.4158310890197754,0.5784924030303955,0.7353130578994751,0.8001236319541931,0.5468575954437256,0.5899363160133362,0.7659616470336914,0.6136096715927124,0.6941104531288147,0.6741138696670532,0.7519856691360474,0.7375979423522949,0.7070473432540894,0.5836526155471802,0.6894888877868652,0.5919356346130371,0.8069071173667908,0.8048800230026245,1.0,0.6993424892425537,0.816757082939148,0.7710629105567932,0.8480775356292725,0.7950221300125122,0.7945563793182373,0.7247387766838074,0.5872567892074585,0.5790597796440125,0.6718984842300415,0.6569921374320984,0.5726925730705261,0.7148692607879639,0.6790217161178589,0.5931406617164612,0.6125596761703491,0.5324050188064575,0.6499737501144409,0.6303292512893677,0.608860969543457,0.7159419655799866,0.6257936954498291,0.5489461421966553,0.6041098833084106,0.674796462059021,0.553630530834198,0.7022696733474731,0.6383926272392273,0.5227816104888916,0.5514020919799805,0.5638039708137512,0.5424246191978455,0.5590664744377136,0.6568794846534729,0.6040264368057251,0.6830341815948486,0.5577488541603088,0.7833960652351379,0.7131799459457397,0.7412896156311035,0.8406789302825928,0.6290917992591858,0.7948622703552246,0.7542180418968201,0.8036969900131226,0.6927595138549805,0.8265795707702637,0.6737396717071533,0.7377837896347046,0.6864802241325378,0.7749639749526978,0.605593204498291,0.7335215210914612,0.6991857290267944,0.6911001205444336,0.6275296211242676,0.6397994756698608,0.6564297676086426,0.6602543592453003,0.7130990624427795,0.6792223453521729,0.7460997104644775,0.6753284931182861,0.546667218208313,0.6966568231582642,0.7400753498077393,0.7316330671310425,0.8578807711601257,0.6825442314147949,0.8010748028755188,0.7355376482009888,0.7668332457542419,0.7888940572738647,0.6980615258216858,0.8007363080978394,0.8029835820198059,0.8054975271224976,0.7532238960266113,0.6505633592605591,0.5463724136352539,0.7214299440383911,0.6191616058349609,0.6964458227157593,0.6013925075531006,0.522646963596344,0.7843390107154846,0.7757139205932617
Burglary#3,0.3347617983818054,0.3432081341743469,0.1967596858739853,0.2855589985847473,0.4287996292114258,0.252588152885437,0.3626915216445923,0.2570146918296814,0.3546812832355499,0.2281179279088974,0.5609067678451538,0.601121187210083,0.5416568517684937,0.6062028408050537,0.505560040473938,0.6792815923690796,0.6276275515556335,0.5380240678787231,0.49337780475616455,0.4025711417198181,0.5476577281951904,0.5394786596298218,0.5027987957000732,0.631795346736908,0.5225488543510437,0.5025148987770081,0.6279313564300537,0.45593321323394775,0.6024826169013977,0.6409233808517456,0.6609632968902588,0.683790385723114,0.5202553868293762,0.681517481803894,0.38795262575149536,0.6286853551864624,0.6350653767585754,0.6974374055862427,0.5388270020484924,0.543647289276123,0.6271179914474487,0.43847736716270447,0.5126923322677612,0.4795074760913849,0.6767942905426025,0.5949518084526062,0.5254456400871277,0.4108266234397888,0.4993499517440796,0.4210861921310425,0.6728168725967407,0.7440392971038818,0.6993424892425537,1.0000001192092896,0.6518754959106445,0.6833318471908569,0.7403643131256104,0.804944634437561,0.730177104473114,0.696662962436676,0.5370917320251465,0.5411199331283569,0.4997076392173767,0.6282955408096313,0.561264157295227,0.556992769241333,0.5407445430755615,0.5564140677452087,0.5067477822303772,0.513929009437561,0.47519445419311523,0.45793378353118896,0.43200811743736267,0.5584062337875366,0.4459491968154907,0.37791794538497925,0.4270475208759308,0.49458223581314087,0.37057435512542725,0.5250017046928406,0.5714560747146606,0.5189992189407349,0.5471582412719727,0.5274949073791504,0.5182448625564575,0.5595058798789978,0.562522828578949,0.5522636771202087,0.6042277812957764,0.5346955060958862,0.736424446105957,0.6677009463310242,0.6477108597755432,0.7068634033203125,0.6852825880050659,0.7088064551353455,0.7156192064285278,0.7441866397857666,0.6405786275863647,0.7522534728050232,0.5752418041229248,0.6334587335586548,0.5186737179756165,0.6691223382949829,0.5740876197814941,0.5967869758605957,0.5451441407203674,0.6049536466598511,0.5803419947624207,0.5529487133026123,0.7385467290878296,0.7279318571090698,0.7398833632469177,0.721618115901947,0.7436608076095581,0.6597229242324829,0.622315526008606,0.7867777347564697,0.7639263272285461,0.6549479961395264,0.6919476985931396,0.6581053137779236,0.7491271495819092,0.7197198867797852,0.6779451966285706,0.6674984693527222,0.6768302917480469,0.7337831258773804,0.6432428956031799,0.7204649448394775,0.6483275890350342,0.5862573385238647,0.581008791923523,0.6100871562957764,0.6284475326538086,0.601133406162262,0.5831753015518188,0.5075949430465698,0.6802078485488892,0.6490896940231323
Burglary#4,0.5128675699234009,0.5255540609359741,0.3693931996822357,0.3836754560470581,0.49423617124557495,0.441592276096344,0.5757134556770325,0.45096147060394287,0.5277562141418457,0.3542574942111969,0.8487187623977661,0.804399311542511,0.8615919947624207,0.7915511727333069,0.8452396392822266,0.838228166103363,0.875715970993042,0.865303635597229,0.8323046565055847,0.7621891498565674,0.6505268216133118,0.6889318227767944,0.6577942371368408,0.6848973035812378,0.7211341857910156,0.6417793035507202,0.7943898439407349,0.60673987865448,0.821109414100647,0.8159748315811157,0.7679826021194458,0.8116454482078552,0.7580791711807251,0.743969202041626,0.5537196397781372,0.6613619327545166,0.8132858872413635,0.8679118156433105,0.6438596248626709,0.7073628902435303,0.8369094133377075,0.7479996681213379,0.7933098673820496,0.8366153240203857,0.7626293897628784,0.8612362146377563,0.8718671798706055,0.7705764174461365,0.8202005624771118,0.8235785961151123,0.8901390433311462,0.8445159792900085,0.816757082939148,0.6518754959106445,0.9999997615814209,0.8018990755081177,0.8815805912017822,0.742963433265686,0.8182520866394043,0.758955717086792,0.6941596269607544,0.650147020816803,0.8301001787185669,0.7049587965011597,0.6516687273979187,0.8323816061019897,0.8371932506561279,0.6783098578453064,0.7492035627365112,0.6592795252799988,0.7848089933395386,0.8129756450653076,0.8002897500991821,0.8206058144569397,0.7924882173538208,0.7353918552398682,0.7992995977401733,0.8455871939659119,0.7754342555999756,0.8553949594497681,0.6390227675437927,0.6507798433303833,0.6022030711174011,0.6850740313529968,0.6262614130973816,0.6441032886505127,0.7431549429893494,0.7078605890274048,0.7484978437423706,0.602831244468689,0.7362337112426758,0.7175135016441345,0.84816575050354,0.816382646560669,0.6648293137550354,0.8272351026535034,0.8021504282951355,0.8452514410018921,0.7476561069488525,0.8079903721809387,0.7962421178817749,0.8404989242553711,0.8053648471832275,0.8577028512954712,0.7269623875617981,0.8599038124084473,0.838548481464386,0.8390153646469116,0.7557238340377808,0.783621072769165,0.6816550493240356,0.7211953401565552,0.7986875176429749,0.7205885648727417,0.7497280836105347,0.7519862651824951,0.6541030406951904,0.7599287033081055,0.753854513168335,0.7567689418792725,0.8569192886352539,0.7053553462028503,0.8359242677688599,0.7580270767211914,0.7557234764099121,0.8356995582580566,0.6865122318267822,0.799217939376831,0.862601637840271,0.8304876089096069,0.8265852928161621,0.8076986074447632,0.5793907642364502,0.8243443965911865,0.6873995661735535,0.7619643211364746,0.6811915636062622,0.6090572476387024,0.8699071407318115,0.8170422315597534
Burglary#5,0.5020312666893005,0.514141857624054,0.3350119888782501,0.3637184798717499,0.5055480599403381,0.40315744280815125,0.5902881622314453,0.4095756411552429,0.5183876156806946,0.3161609172821045,0.6420727968215942,0.6594909429550171,0.6763490438461304,0.6750485897064209,0.6001310348510742,0.7681514024734497,0.7535578608512878,0.6610589027404785,0.6043334007263184,0.492461621761322,0.6066393852233887,0.6198428869247437,0.5999743938446045,0.6446977853775024,0.6863067150115967,0.593102753162384,0.6658457517623901,0.5551235675811768,0.6939396858215332,0.7623195648193359,0.7647772431373596,0.6912514567375183,0.6412183046340942,0.746935248374939,0.5297488570213318,0.6450595259666443,0.6968461275100708,0.7524088621139526,0.628517210483551,0.6845406293869019,0.6810876131057739,0.5314469337463379,0.5777367353439331,0.6304462552070618,0.7086663246154785,0.6807519197463989,0.6393383145332336,0.493457555770874,0.6005325317382812,0.5433708429336548,0.7853323221206665,0.8078306913375854,0.7710629105567932,0.6833318471908569,0.8018990755081177,0.9999998807907104,0.8507740497589111,0.7934424877166748,0.8318781852722168,0.829421877861023,0.6736958622932434,0.6369907855987549,0.6648608446121216,0.7006889581680298,0.6284478902816772,0.6680057048797607,0.6844556331634521,0.6411622762680054,0.6548498868942261,0.6117105484008789,0.5806284546852112,0.6040855050086975,0.564922571182251,0.7392199039459229,0.617259681224823,0.5020722150802612,0.565794050693512,0.6426935791969299,0.5195606350898743,0.6657674908638,0.6406427621841431,0.6564069390296936,0.5869854092597961,0.6401904821395874,0.6195055842399597,0.6073833703994751,0.6893460154533386,0.6719739437103271,0.7241650819778442,0.6449064016342163,0.728939414024353,0.668089747428894,0.7048217058181763,0.8033102750778198,0.6799039244651794,0.7310166358947754,0.7161890268325806,0.7415071725845337,0.7024765610694885,0.7624012231826782,0.686365008354187,0.7108861207962036,0.5819568634033203,0.7505718469619751,0.6126373410224915,0.6840829849243164,0.6450662612915039,0.6892314553260803,0.6165546178817749,0.6785544157028198,0.6746447086334229,0.6806462407112122,0.7077782154083252,0.6875790357589722,0.7230952978134155,0.6590884923934937,0.6469295620918274,0.7046775817871094,0.7474775314331055,0.7107658386230469,0.8092129230499268,0.6962602138519287,0.7195523977279663,0.7318178415298462,0.8604106903076172,0.7547554969787598,0.6529738903045654,0.765228271484375,0.7711674571037292,0.766171932220459,0.8715541958808899,0.6631672382354736,0.5932810306549072,0.7524390816688538,0.7370967864990234,0.7160487174987793,0.7007269859313965,0.6244261860847473,0.7267600893974304,0.7420566082000732
Burglary#6,0.4202810525894165,0.45535895228385925,0.24756217002868652,0.286843478679657,0.4141327142715454,0.31872591376304626,0.4728395342826843,0.32926052808761597,0.44193968176841736,0.2529413104057312,0.7366987466812134,0.7576928734779358,0.782188892364502,0.7246007919311523,0.7239402532577515,0.8650128841400146,0.8696088790893555,0.7699598073959351,0.726538896560669,0.6022192239761353,0.5690783858299255,0.6065473556518555,0.5675327777862549,0.6516861915588379,0.6520153284072876,0.5340385437011719,0.747287392616272,0.49107933044433594,0.7106777429580688,0.7952224016189575,0.7781192064285278,0.8125817775726318,0.7049635648727417,0.7804296016693115,0.43346235156059265,0.6657596826553345,0.7828113436698914,0.8823211193084717,0.6045820713043213,0.6770890355110168,0.7832846641540527,0.6223219633102417,0.6658797860145569,0.72239089012146,0.7885971069335938,0.7890157699584961,0.7511112093925476,0.6053906679153442,0.7092574238777161,0.6359745860099792,0.8638899326324463,0.8847430944442749,0.8480775356292725,0.7403643131256104,0.8815805912017822,0.8507740497589111,0.9999998807907104,0.8427631855010986,0.8398977518081665,0.7665343284606934,0.669478178024292,0.6313393712043762,0.7210787534713745,0.6748231649398804,0.6452034711837769,0.7300851345062256,0.716721773147583,0.644623339176178,0.6500069499015808,0.6053208112716675,0.6789052486419678,0.6822940111160278,0.6414015293121338,0.7845118045806885,0.6783782243728638,0.5827538967132568,0.6495261192321777,0.7208452224731445,0.5971468091011047,0.7421014308929443,0.6432262659072876,0.5952414274215698,0.6095825433731079,0.6321326494216919,0.6057165265083313,0.622638463973999,0.7121319770812988,0.6781349182128906,0.7301353216171265,0.6202569007873535,0.7947818040847778,0.754222571849823,0.7644672393798828,0.8595020771026611,0.7127736210823059,0.8159752488136292,0.7639606595039368,0.8194737434387207,0.6925516128540039,0.8301424384117126,0.7022352814674377,0.7599672079086304,0.6906061172485352,0.8212544322013855,0.625797688961029,0.7779781818389893,0.7226136922836304,0.7193288207054138,0.6438593864440918,0.6834932565689087,0.7361835241317749,0.7434086799621582,0.7971146106719971,0.7624819874763489,0.8166794776916504,0.7614454030990601,0.6753219366073608,0.760296106338501,0.816196084022522,0.7692639827728271,0.877436101436615,0.7192660570144653,0.8242059350013733,0.7847166061401367,0.7862024307250977,0.8177460432052612,0.6805467009544373,0.8343706130981445,0.8374336957931519,0.8259446024894714,0.8436434864997864,0.7372512221336365,0.5643445253372192,0.7905431985855103,0.668703556060791,0.751563310623169,0.6793895959854126,0.5753951668739319,0.846327006816864,0.8243026733398438
Burglary#7,0.3454831540584564,0.37025296688079834,0.18995273113250732,0.2414361983537674,0.3755922317504883,0.21344134211540222,0.37981849908828735,0.23306819796562195,0.33822906017303467,0.21079258620738983,0.5918323993682861,0.6655697822570801,0.632112979888916,0.6190747022628784,0.5409414768218994,0.760157585144043,0.7149181365966797,0.6203123331069946,0.5364947319030762,0.4165276885032654,0.5084277391433716,0.5298867225646973,0.4651690721511841,0.6018048524856567,0.5580859184265137,0.43948444724082947,0.6294090151786804,0.4225335121154785,0.6128251552581787,0.6957603693008423,0.6982364058494568,0.7164813280105591,0.5764400362968445,0.7258803844451904,0.3877798914909363,0.5793880820274353,0.6810015439987183,0.7474159002304077,0.5938535928726196,0.6211285591125488,0.6717088222503662,0.4741014242172241,0.5240918397903442,0.5411406755447388,0.7176568508148193,0.6436105966567993,0.5675548315048218,0.42709243297576904,0.5326120853424072,0.4527535140514374,0.7498568296432495,0.8440521955490112,0.7950221300125122,0.804944634437561,0.742963433265686,0.7934424877166748,0.8427631855010986,1.0,0.7698190212249756,0.8149704933166504,0.6053715944290161,0.5938611030578613,0.5621123909950256,0.6655910015106201,0.6070541739463806,0.6164621710777283,0.6085047125816345,0.5780808925628662,0.5698023438453674,0.5657345056533813,0.5170950889587402,0.5055438280105591,0.46683990955352783,0.6586533784866333,0.49733278155326843,0.4017879366874695,0.46478843688964844,0.5463799238204956,0.3991805911064148,0.5808090567588806,0.6492831110954285,0.5103474259376526,0.5599877238273621,0.5512820482254028,0.5271183848381042,0.5462056994438171,0.6072959303855896,0.5757230520248413,0.6408345699310303,0.5700729489326477,0.8355535268783569,0.7399718761444092,0.6479464769363403,0.8433006405830383,0.7184422016143799,0.7542142868041992,0.7283643484115601,0.7776933908462524,0.6804013252258301,0.8396288156509399,0.6002485752105713,0.6652575731277466,0.5330601334571838,0.7194343209266663,0.5343197584152222,0.628761887550354,0.5594803690910339,0.629970133304596,0.55842524766922,0.5779027938842773,0.7095742225646973,0.6826989650726318,0.7049112319946289,0.7217806577682495,0.7512016296386719,0.634792685508728,0.6217149496078491,0.6747579574584961,0.7879550457000732,0.7133798599243164,0.7710752487182617,0.7426298260688782,0.7557605504989624,0.7669023871421814,0.7649902105331421,0.7344471216201782,0.6333915591239929,0.7637695074081421,0.7364471554756165,0.7772657871246338,0.7779069542884827,0.5975793600082397,0.5537206530570984,0.6886122226715088,0.6833587884902954,0.6789706945419312,0.5849301218986511,0.5064421892166138,0.7191309928894043,0.7288998365402222
Burglary#8,0.45353639125823975,0.4822550415992737,0.3162406086921692,0.3376922309398651,0.4843634366989136,0.3883027136325836,0.5325632095336914,0.4119403660297394,0.49208468198776245,0.30635350942611694,0.7259683012962341,0.7291350960731506,0.7062112092971802,0.7436041831970215,0.6808127164840698,0.8008164763450623,0.7965567111968994,0.6982117891311646,0.6767264008522034,0.5654168725013733,0.6774780750274658,0.6308993101119995,0.6171810626983643,0.6981012225151062,0.7033571004867554,0.6011759042739868,0.7368137240409851,0.5926393270492554,0.7378857135772705,0.7791908383369446,0.8049724698066711,0.8085806965827942,0.6373175382614136,0.7714954018592834,0.512178897857666,0.6904976963996887,0.7531129121780396,0.8015049695968628,0.6287209987640381,0.6503022313117981,0.7661413550376892,0.5851635932922363,0.6878951787948608,0.661865770816803,0.821251392364502,0.7649343609809875,0.7023237943649292,0.5620988607406616,0.676270604133606,0.6116616725921631,0.800028920173645,0.8688888549804688,0.7945563793182373,0.730177104473114,0.8182520866394043,0.8318781852722168,0.8398977518081665,0.7698190212249756,0.9999997615814209,0.7540098428726196,0.6441203355789185,0.6277095675468445,0.670159101486206,0.7097381353378296,0.6127519011497498,0.7171437740325928,0.6936079859733582,0.6606717109680176,0.6533361077308655,0.5742942094802856,0.6485791802406311,0.6469841003417969,0.6196615695953369,0.7385955452919006,0.6341456770896912,0.5627834796905518,0.6273818016052246,0.6828641891479492,0.5532393455505371,0.6951826214790344,0.6558454036712646,0.688442587852478,0.6227200031280518,0.6765472292900085,0.6668341159820557,0.6356595754623413,0.7359784841537476,0.717145562171936,0.7518209218978882,0.6422762870788574,0.7735408544540405,0.7178871631622314,0.7813642024993896,0.7896589040756226,0.6783409118652344,0.8351788520812988,0.7863343358039856,0.8276493549346924,0.7755323648452759,0.8321627974510193,0.7642350792884827,0.7807285785675049,0.6437605619430542,0.8166813850402832,0.7450422644615173,0.7830504179000854,0.7087793350219727,0.7422475814819336,0.7168571949005127,0.7462870478630066,0.7451627850532532,0.7522961497306824,0.7701053619384766,0.736243724822998,0.7661744356155396,0.6958177089691162,0.6488497257232666,0.7821035385131836,0.7721964120864868,0.7046685218811035,0.816022515296936,0.72630774974823,0.8002176284790039,0.7602236270904541,0.8046467304229736,0.8349916934967041,0.7587592601776123,0.8447248935699463,0.756988525390625,0.8282499313354492,0.8234208822250366,0.7004259824752808,0.6768337488174438,0.7503489851951599,0.7418177127838135,0.7321467995643616,0.7641963362693787,0.662673830986023,0.8109410405158997,0.7841048240661621
Burglary#9,0.5145552754402161,0.4918367266654968,0.3333955705165863,0.36182552576065063,0.4756527245044708,0.41766127943992615,0.5945229530334473,0.4068799316883087,0.472145140171051,0.3280533254146576,0.5723931789398193,0.5781288146972656,0.5846090912818909,0.6476980447769165,0.5394353866577148,0.7188616991043091,0.6475181579589844,0.5768948793411255,0.5235449075698853,0.42398226261138916,0.6155409812927246,0.6536860466003418,0.6173046827316284,0.6457414031028748,0.6760585308074951,0.5929612517356873,0.6346168518066406,0.5650423169136047,0.6895861029624939,0.713309645652771,0.744874119758606,0.6600768566131592,0.57026207447052,0.6953186988830566,0.5385656952857971,0.6337218284606934,0.6295155882835388,0.7081224918365479,0.6434707641601562,0.6570775508880615,0.6564493775367737,0.4630849361419678,0.5349418520927429,0.5272517204284668,0.7133334875106812,0.6320524215698242,0.5624520778656006,0.43752938508987427,0.5157067775726318,0.47268998622894287,0.7132605314254761,0.7617607116699219,0.7247387766838074,0.696662962436676,0.758955717086792,0.829421877861023,0.7665343284606934,0.8149704933166504,0.7540098428726196,0.9999997019767761,0.6395817995071411,0.6548723578453064,0.5844016075134277,0.719215452671051,0.6319685578346252,0.6253307461738586,0.6344826221466064,0.6482781171798706,0.6391496658325195,0.6104159951210022,0.521304726600647,0.5255982875823975,0.49632933735847473,0.6535909175872803,0.5297203660011292,0.42710262537002563,0.5125872492790222,0.5705154538154602,0.4406193792819977,0.5973653793334961,0.6768013834953308,0.638590395450592,0.5708998441696167,0.6069016456604004,0.628860592842102,0.5821383595466614,0.663371741771698,0.6228874921798706,0.650885820388794,0.62603759765625,0.7361307740211487,0.7325844764709473,0.6816952228546143,0.7520362138748169,0.6867109537124634,0.7435600757598877,0.7109236717224121,0.7508025169372559,0.6959153413772583,0.8027712106704712,0.6407891511917114,0.6703324317932129,0.52489173412323,0.698033332824707,0.6329101324081421,0.6264792084693909,0.5812193155288696,0.6747922897338867,0.5880672931671143,0.6625089645385742,0.7293233871459961,0.6384648084640503,0.6839402914047241,0.7157943248748779,0.6961524486541748,0.6049212217330933,0.640734076499939,0.6604019403457642,0.7562744617462158,0.6906180381774902,0.7209835052490234,0.7863054871559143,0.760339617729187,0.7491264343261719,0.7799187898635864,0.7081936597824097,0.7491740584373474,0.7560001015663147,0.6958225965499878,0.7695708274841309,0.7702428698539734,0.5649935007095337,0.6493619680404663,0.6257233619689941,0.7691723108291626,0.684489369392395,0.6350252628326416,0.6048887372016907,0.6404757499694824,0.675322949886322
Explosion#0,0.5743426084518433,0.6110391616821289,0.49011582136154175,0.48769474029541016,0.5516674518585205,0.4692274034023285,0.6167140603065491,0.5278820395469666,0.578424334526062,0.45957255363464355,0.5764831304550171,0.5601458549499512,0.6552020907402039,0.6125577688217163,0.5766977071762085,0.645247220993042,0.669884204864502,0.6374280452728271,0.549847424030304,0.4970531463623047,0.5485442876815796,0.5401735305786133,0.5880307555198669,0.49606940150260925,0.6026604175567627,0.5174017548561096,0.5604085326194763,0.5032583475112915,0.6090060472488403,0.6758196353912354,0.7451308965682983,0.6793599724769592,0.8155443668365479,0.7934556007385254,0.7151119112968445,0.6856399774551392,0.7766758799552917,0.7348809242248535,0.8046456575393677,0.8394021987915039,0.5978750586509705,0.5828351378440857,0.5370677709579468,0.6252081990242004,0.5906679630279541,0.6349626183509827,0.5917514562606812,0.4987354576587677,0.5647526979446411,0.5501981973648071,0.571735143661499,0.6516811847686768,0.5872567892074585,0.5370917320251465,0.6941596269607544,0.6736958622932434,0.669478178024292,0.6053715944290161,0.6441203355789185,0.6395817995071411,1.0000001192092896,0.8337609767913818,0.8023829460144043,0.8092024326324463,0.8505533933639526,0.7831770181655884,0.8113193511962891,0.8279470205307007,0.8412710428237915,0.7851712703704834,0.6127091646194458,0.6315515637397766,0.6275009512901306,0.7541302442550659,0.6970154643058777,0.5598525404930115,0.630630373954773,0.6817412972450256,0.5705201625823975,0.6798229217529297,0.6916314959526062,0.557468831539154,0.5096563100814819,0.6927064657211304,0.5434750318527222,0.5865016579627991,0.651214599609375,0.6549813151359558,0.6533886194229126,0.6030751466751099,0.6019706726074219,0.6031447052955627,0.627501368522644,0.6708401441574097,0.5984266400337219,0.6394399404525757,0.6324743032455444,0.6024281978607178,0.612739622592926,0.6055586338043213,0.6208443641662598,0.6229776740074158,0.5836044549942017,0.7055502533912659,0.5390796065330505,0.6241163015365601,0.6118292212486267,0.681299090385437,0.5296911597251892,0.6124358177185059,0.5670575499534607,0.5896576642990112,0.6287691593170166,0.5642479062080383,0.662111222743988,0.6160888671875,0.6512169241905212,0.6069183349609375,0.6055717468261719,0.7195228934288025,0.7128036022186279,0.6059937477111816,0.6589542627334595,0.7294529676437378,0.6589487791061401,0.6381577253341675,0.5031688213348389,0.6905110478401184,0.6650247573852539,0.6415004730224609,0.6790241003036499,0.6855005025863647,0.47580045461654663,0.6420615911483765,0.6213254928588867,0.7574833631515503,0.5849939584732056,0.5530402660369873,0.6336967945098877,0.7025167942047119
Explosion#1,0.6108088493347168,0.6469495892524719,0.5169328451156616,0.5175859928131104,0.5588741302490234,0.4790600836277008,0.6502602696418762,0.5456737279891968,0.6039321422576904,0.48532748222351074,0.5506867170333862,0.508847713470459,0.5747169256210327,0.5974243879318237,0.5522838234901428,0.5927251577377319,0.6010657548904419,0.5815919637680054,0.5097091197967529,0.46194154024124146,0.5875088572502136,0.5910388827323914,0.6090590953826904,0.5184905529022217,0.5770273804664612,0.5635393857955933,0.5648225545883179,0.527819037437439,0.6113637685775757,0.6514082551002502,0.7241027355194092,0.6491405367851257,0.7587350010871887,0.7699987292289734,0.7587476968765259,0.707399845123291,0.7322962284088135,0.7135060429573059,0.8199489712715149,0.8418111205101013,0.6163666844367981,0.5156084299087524,0.5265994071960449,0.5717714428901672,0.5937201380729675,0.5957145690917969,0.5575141906738281,0.47395217418670654,0.5097818374633789,0.5155163407325745,0.5668647289276123,0.6402596831321716,0.5790597796440125,0.5411199331283569,0.650147020816803,0.6369907855987549,0.6313393712043762,0.5938611030578613,0.6277095675468445,0.6548723578453064,0.8337609767913818,1.0000003576278687,0.7016849517822266,0.8640149831771851,0.8599318265914917,0.794137716293335,0.7777320146560669,0.9201986193656921,0.8510514497756958,0.8450418710708618,0.5540186166763306,0.6145591735839844,0.5693700909614563,0.6980764865875244,0.6423859596252441,0.5172622203826904,0.5998800992965698,0.6093496084213257,0.5071211457252502,0.6250402331352234,0.6673970818519592,0.5466734170913696,0.4592417776584625,0.684307873249054,0.5312334895133972,0.5519929528236389,0.6127764582633972,0.6103142499923706,0.6231355667114258,0.5779709815979004,0.6196069717407227,0.6627439260482788,0.5826369524002075,0.6356574892997742,0.6372870206832886,0.6535143852233887,0.5951783061027527,0.5937687158584595,0.6309758424758911,0.594658613204956,0.6258238554000854,0.6237342357635498,0.5620524883270264,0.6873592138290405,0.5743914842605591,0.5935983657836914,0.5886998772621155,0.7238706350326538,0.548379123210907,0.6389968395233154,0.5669753551483154,0.5628764629364014,0.5996846556663513,0.5387325882911682,0.6461396217346191,0.5755844116210938,0.6067862510681152,0.5641196966171265,0.5475582480430603,0.6994116306304932,0.6446056365966797,0.66168212890625,0.654407262802124,0.6938493251800537,0.6142471432685852,0.5920591354370117,0.5204472541809082,0.6696088314056396,0.6192460060119629,0.5946347117424011,0.664954423904419,0.6352591514587402,0.5074303150177002,0.6131072044372559,0.6650944948196411,0.7480459809303284,0.5563534498214722,0.5937111377716064,0.5927876234054565,0.657745361328125
Explosion#2,0.5424296855926514,0.563444972038269,0.43853986263275146,0.4348028302192688,0.5102584362030029,0.46744683384895325,0.597984790802002,0.5141559839248657,0.559662401676178,0.3963124752044678,0.7834643125534058,0.7304659485816956,0.8660043478012085,0.7126711010932922,0.826569139957428,0.7493982315063477,0.8274391889572144,0.8473514914512634,0.7989581823348999,0.7694295644760132,0.5824310779571533,0.6087877750396729,0.6162735223770142,0.5535992383956909,0.6489317417144775,0.5829854011535645,0.6943142414093018,0.5258676409721375,0.6880367994308472,0.7406402826309204,0.7038989067077637,0.7318840026855469,0.8234337568283081,0.7019922733306885,0.6382817625999451,0.6179438829421997,0.7914838790893555,0.7643470764160156,0.6744762063026428,0.7370414733886719,0.7450379133224487,0.8127942085266113,0.7450717687606812,0.8528740406036377,0.6175175905227661,0.7774190902709961,0.8306823372840881,0.7728118896484375,0.8055356740951538,0.8023448586463928,0.7184149622917175,0.6761488318443298,0.6718984842300415,0.4997076392173767,0.8301001787185669,0.6648608446121216,0.7210787534713745,0.5621123909950256,0.670159101486206,0.5844016075134277,0.8023829460144043,0.7016849517822266,1.0000001192092896,0.7126760482788086,0.6701319217681885,0.8563804626464844,0.9101357460021973,0.7176935076713562,0.8485122919082642,0.6889222860336304,0.8139956593513489,0.8216172456741333,0.8547091484069824,0.8303176164627075,0.8478996753692627,0.7932256460189819,0.8280360698699951,0.8710284233093262,0.8504374027252197,0.8607009053230286,0.6063988208770752,0.5576702356338501,0.498635470867157,0.6884728074073792,0.5608619451522827,0.5596401691436768,0.6884196400642395,0.6716800928115845,0.6304923295974731,0.5579721927642822,0.5701298117637634,0.5963530540466309,0.7596337795257568,0.6814801096916199,0.5394665002822876,0.7030522227287292,0.6948997974395752,0.6788583993911743,0.6261433959007263,0.6304773092269897,0.6953485012054443,0.7098730802536011,0.7842514514923096,0.7571237087249756,0.6011170744895935,0.7609057426452637,0.7889668941497803,0.7598867416381836,0.6278554797172546,0.6766420006752014,0.5810904502868652,0.5977659225463867,0.6812289357185364,0.5935163497924805,0.6580649614334106,0.6907030344009399,0.6402416229248047,0.6704906225204468,0.6169187426567078,0.7393397092819214,0.7992643713951111,0.5805178880691528,0.7270755171775818,0.7090750932693481,0.648654580116272,0.7291409969329834,0.5479696989059448,0.7212464213371277,0.8090296983718872,0.7045968770980835,0.6835073232650757,0.7784242630004883,0.43640509247779846,0.7194104194641113,0.5648421049118042,0.728176474571228,0.5871928930282593,0.5375410318374634,0.7664031982421875,0.7463659048080444
Explosion#3,0.5451593399047852,0.5657391548156738,0.4187341034412384,0.41657763719558716,0.5162585377693176,0.41784727573394775,0.5749363899230957,0.4801465570926666,0.5246090292930603,0.390547513961792,0.6376761198043823,0.6017501354217529,0.6386343240737915,0.6751762628555298,0.6046611070632935,0.6669418811798096,0.6596348881721497,0.6303787231445312,0.5800029039382935,0.5132051706314087,0.5948520302772522,0.6016641855239868,0.6246000528335571,0.5821064114570618,0.6118102073669434,0.566313624382019,0.6236454248428345,0.5382319688796997,0.6400525569915771,0.683844804763794,0.7591997981071472,0.6992179155349731,0.7209612727165222,0.8013767600059509,0.6860173940658569,0.7354432344436646,0.7762578725814819,0.7486229538917542,0.7816848754882812,0.7845594882965088,0.688329815864563,0.5778669118881226,0.6154961585998535,0.6029472351074219,0.6923304796218872,0.6779962778091431,0.6221802234649658,0.5198563933372498,0.5916116833686829,0.5540285706520081,0.6241291761398315,0.6898108720779419,0.6569921374320984,0.6282955408096313,0.7049587965011597,0.7006889581680298,0.6748231649398804,0.6655910015106201,0.7097381353378296,0.719215452671051,0.8092024326324463,0.8640149831771851,0.7126760482788086,1.0000001192092896,0.8344398736953735,0.7969397306442261,0.7870144844055176,0.8764703273773193,0.8218565583229065,0.7808270454406738,0.6144669055938721,0.6283917427062988,0.6121037602424622,0.7201265096664429,0.6288284063339233,0.5666484832763672,0.6113405227661133,0.6642290353775024,0.5393325090408325,0.6548242568969727,0.7474411129951477,0.6007241010665894,0.5671260356903076,0.6916565299034119,0.5928044319152832,0.5918551087379456,0.6954491138458252,0.6752169132232666,0.7047350406646729,0.615955114364624,0.6963653564453125,0.6868155002593994,0.6756399869918823,0.6720225214958191,0.6446195840835571,0.7282881140708923,0.6638045907020569,0.6895498037338257,0.6932438611984253,0.6952210664749146,0.6470324397087097,0.6810108423233032,0.6122910976409912,0.7155663371086121,0.6116152405738831,0.65611732006073,0.6319502592086792,0.729895830154419,0.6009325981140137,0.6533418893814087,0.640170693397522,0.6262743473052979,0.632696270942688,0.6257555484771729,0.6715463399887085,0.6030901670455933,0.6333109736442566,0.6248464584350586,0.6403892040252686,0.7000858783721924,0.7040894031524658,0.6834699511528015,0.7346444129943848,0.7484942674636841,0.697891116142273,0.6505858898162842,0.6250763535499573,0.7368110418319702,0.6412767171859741,0.6788393259048462,0.7147181630134583,0.6539835929870605,0.5558412671089172,0.6544097661972046,0.71720290184021,0.7520397901535034,0.6067118048667908,0.5690464973449707,0.6645407676696777,0.7061586380004883
Explosion#4,0.538459300994873,0.5715399980545044,0.4266044497489929,0.41579940915107727,0.49746817350387573,0.42836979031562805,0.5543076992034912,0.4779508113861084,0.5168406963348389,0.39999526739120483,0.5318416953086853,0.5212754011154175,0.5745745897293091,0.5913391709327698,0.5297799110412598,0.6000829935073853,0.6184648275375366,0.5651521682739258,0.5008077025413513,0.44379112124443054,0.5348359942436218,0.5337119698524475,0.5709309577941895,0.5348628759384155,0.5392906665802002,0.5091694593429565,0.5497367978096008,0.49981969594955444,0.5971020460128784,0.618720293045044,0.7705899477005005,0.6842675805091858,0.7480441331863403,0.8091151118278503,0.717628002166748,0.7283281087875366,0.7610406875610352,0.7568113803863525,0.8020032644271851,0.8224425315856934,0.6003440618515015,0.49067217111587524,0.49581438302993774,0.5535181760787964,0.6189161539077759,0.6170837879180908,0.5435473322868347,0.452120304107666,0.5028394460678101,0.4910602569580078,0.5466302633285522,0.6195019483566284,0.5726925730705261,0.561264157295227,0.6516687273979187,0.6284478902816772,0.6452034711837769,0.6070541739463806,0.6127519011497498,0.6319685578346252,0.8505533933639526,0.8599318265914917,0.6701319217681885,0.8344398736953735,0.9999998807907104,0.7101591229438782,0.7158013582229614,0.8924555778503418,0.757097601890564,0.8243992328643799,0.5322893857955933,0.5761535167694092,0.5277149677276611,0.6733176708221436,0.5881486535072327,0.46848464012145996,0.5478437542915344,0.5835367441177368,0.4570503830909729,0.603169858455658,0.6667346954345703,0.5742634534835815,0.5213021636009216,0.6664295196533203,0.5660626888275146,0.5913095474243164,0.636283278465271,0.6332597732543945,0.6646942496299744,0.5947826504707336,0.6460192203521729,0.652927577495575,0.6043187975883484,0.6567691564559937,0.6391903162002563,0.6564420461654663,0.6068769097328186,0.6160926818847656,0.6204160451889038,0.6355830430984497,0.6336237192153931,0.6399134993553162,0.5870428085327148,0.7127029895782471,0.5688329935073853,0.6132925152778625,0.5721240043640137,0.6857273578643799,0.5429320335388184,0.6315832734107971,0.5912328958511353,0.5943087339401245,0.6006436347961426,0.5742509365081787,0.6651655435562134,0.5910599231719971,0.6202394962310791,0.5847141742706299,0.6021757125854492,0.6621189117431641,0.6656859517097473,0.6508241295814514,0.6653593182563782,0.7103976011276245,0.6317101120948792,0.608173131942749,0.5426034331321716,0.6704742312431335,0.6053966283798218,0.6312986612319946,0.6621543169021606,0.6360844373703003,0.4980272650718689,0.6135530471801758,0.6629196405410767,0.7452712059020996,0.5728954076766968,0.5617067813873291,0.6263666152954102,0.6757800579071045
Explosion#5,0.5034980177879333,0.5214033722877502,0.3976840376853943,0.40276387333869934,0.48926666378974915,0.41799992322921753,0.5584036111831665,0.4558292031288147,0.5069152116775513,0.36819735169410706,0.8247123956680298,0.7583827376365662,0.8308099508285522,0.7367286682128906,0.8271604776382446,0.7235730886459351,0.7970868945121765,0.8310189843177795,0.8013848066329956,0.7759069204330444,0.5998339653015137,0.6235586404800415,0.5952686667442322,0.5842643976211548,0.6335111856460571,0.5781732797622681,0.7291525602340698,0.5409725308418274,0.7012199759483337,0.7269253730773926,0.7293993830680847,0.7924129366874695,0.8073753118515015,0.7746291160583496,0.6178629994392395,0.6935478448867798,0.821881890296936,0.8078160285949707,0.700922966003418,0.7468977570533752,0.7971880435943604,0.7798124551773071,0.7982192039489746,0.828194797039032,0.6940985918045044,0.7790462970733643,0.8357802629470825,0.7797662615776062,0.8173640370368958,0.7990983724594116,0.7673584818840027,0.7183589935302734,0.7148692607879639,0.556992769241333,0.8323816061019897,0.6680057048797607,0.7300851345062256,0.6164621710777283,0.7171437740325928,0.6253307461738586,0.7831770181655884,0.794137716293335,0.8563804626464844,0.7969397306442261,0.7101591229438782,1.0000001192092896,0.8996356129646301,0.7867453098297119,0.8612788915634155,0.7372335195541382,0.7948107719421387,0.8161042332649231,0.8275480270385742,0.8032433986663818,0.7912750840187073,0.7722460031509399,0.7984020709991455,0.82969069480896,0.7990928292274475,0.831242561340332,0.6222066879272461,0.5673568248748779,0.5155278444290161,0.654534637928009,0.5490217208862305,0.533606767654419,0.6853159070014954,0.6665457487106323,0.6602588295936584,0.5521076917648315,0.6609913110733032,0.6443374156951904,0.7784769535064697,0.6822531223297119,0.5791915655136108,0.7505677342414856,0.719344973564148,0.748274564743042,0.7146333456039429,0.6934744119644165,0.736509382724762,0.7948576211929321,0.8329781293869019,0.8052607774734497,0.662233829498291,0.7928770184516907,0.8277899026870728,0.8286085724830627,0.718767523765564,0.7202549576759338,0.6142297387123108,0.6443647146224976,0.6963386535644531,0.6332521438598633,0.6771164536476135,0.6579173803329468,0.6172890663146973,0.6788729429244995,0.6312348246574402,0.7140144109725952,0.7663170099258423,0.6101483702659607,0.7650107145309448,0.682602047920227,0.6499974727630615,0.7251921892166138,0.6012229323387146,0.7371408939361572,0.7668213248252869,0.6986635327339172,0.7097885608673096,0.763312041759491,0.5367263555526733,0.7647329568862915,0.632156491279602,0.7317765951156616,0.5924873948097229,0.5827676653862,0.7905185222625732,0.7534823417663574
Explosion#6,0.5996218323707581,0.6269755959510803,0.48785287141799927,0.4992859661579132,0.5620211958885193,0.4983274042606354,0.6347078680992126,0.5514546036720276,0.6138654351234436,0.4613981544971466,0.8142825365066528,0.7649340033531189,0.8692222833633423,0.7216308116912842,0.831341028213501,0.7469297647476196,0.8194541335105896,0.866798996925354,0.8009555339813232,0.7855223417282104,0.6204923987388611,0.6397642493247986,0.6406745910644531,0.5757280588150024,0.6657925248146057,0.6071662902832031,0.7068266868591309,0.5559381246566772,0.7040153741836548,0.7560101747512817,0.7208786010742188,0.7355473041534424,0.8460307121276855,0.7353594303131104,0.6840065717697144,0.6475520133972168,0.7883614301681519,0.7688437700271606,0.7523869276046753,0.8021954894065857,0.7686918377876282,0.7988234758377075,0.7637057900428772,0.8673290610313416,0.668866753578186,0.7731900215148926,0.8398034572601318,0.7917392253875732,0.8215242028236389,0.820105791091919,0.7392672300338745,0.7160601615905762,0.6790217161178589,0.5407445430755615,0.8371932506561279,0.6844556331634521,0.716721773147583,0.6085047125816345,0.6936079859733582,0.6344826221466064,0.8113193511962891,0.7777320146560669,0.9101357460021973,0.7870144844055176,0.7158013582229614,0.8996356129646301,0.9999998807907104,0.7591090202331543,0.8792908191680908,0.7966476678848267,0.8276323080062866,0.8607912063598633,0.8690340518951416,0.8681566119194031,0.8503886461257935,0.7998157143592834,0.8534015417098999,0.8700315952301025,0.8444671630859375,0.875744104385376,0.6553475856781006,0.5791043043136597,0.4841976761817932,0.6986721754074097,0.5630304217338562,0.5721922516822815,0.6752990484237671,0.668340802192688,0.6554313898086548,0.5675039291381836,0.6402727365493774,0.6761406660079956,0.7696974277496338,0.6971951723098755,0.6053920984268188,0.7342128753662109,0.7262527942657471,0.7117255926132202,0.6981926560401917,0.6538445949554443,0.7097116708755493,0.754461944103241,0.7856500148773193,0.7764925956726074,0.6342161893844604,0.7633662223815918,0.7929929494857788,0.8293368220329285,0.6674010753631592,0.7004917860031128,0.6016671657562256,0.6558148860931396,0.6911908984184265,0.6164157390594482,0.6814056634902954,0.7011147737503052,0.6652984619140625,0.6643653512001038,0.6242213249206543,0.7837735414505005,0.7910313606262207,0.6529431939125061,0.7454447746276855,0.7291223406791687,0.6740597486495972,0.7316251993179321,0.5774712562561035,0.7381241917610168,0.8073554635047913,0.694744884967804,0.7220285534858704,0.8166326284408569,0.4848918914794922,0.7788254022598267,0.652053713798523,0.801888108253479,0.6136261224746704,0.6081550121307373,0.7831352949142456,0.7961645126342773
Explosion#7,0.5911757946014404,0.6040968894958496,0.4844636917114258,0.46862247586250305,0.5589100122451782,0.4815627336502075,0.6351131796836853,0.5449686646461487,0.583981990814209,0.45464450120925903,0.581627607345581,0.5388758778572083,0.5949534177780151,0.6483574509620667,0.5828414559364319,0.6227982640266418,0.6191467046737671,0.5928718447685242,0.5578498840332031,0.49041613936424255,0.6114165186882019,0.5964487791061401,0.6251102089881897,0.562317967414856,0.6033951044082642,0.5907790660858154,0.6037164330482483,0.5672128200531006,0.6577550172805786,0.6490458250045776,0.7616022825241089,0.6755537986755371,0.7504668235778809,0.7858165502548218,0.7627556324005127,0.7595115303993225,0.7601931095123291,0.7427025437355042,0.787225067615509,0.7947721481323242,0.6276026964187622,0.5333093404769897,0.5843841433525085,0.5921543836593628,0.6153401136398315,0.6408565640449524,0.598109245300293,0.5113048553466797,0.5412157773971558,0.5526283979415894,0.5977696776390076,0.6240912675857544,0.5931406617164612,0.5564140677452087,0.6783098578453064,0.6411622762680054,0.644623339176178,0.5780808925628662,0.6606717109680176,0.6482781171798706,0.8279470205307007,0.9201986193656921,0.7176935076713562,0.8764703273773193,0.8924555778503418,0.7867453098297119,0.7591090202331543,0.9999999403953552,0.8019016981124878,0.8254743814468384,0.5788804292678833,0.6176407337188721,0.5902764797210693,0.6762174367904663,0.648779571056366,0.5344771146774292,0.6119682788848877,0.6350488662719727,0.5314207077026367,0.637240469455719,0.6585476398468018,0.5846593976020813,0.510752260684967,0.6857030391693115,0.5702851414680481,0.5686505436897278,0.6606894731521606,0.6490646600723267,0.6537288427352905,0.5816003084182739,0.6154022216796875,0.6201699376106262,0.6417008638381958,0.6234334111213684,0.6040478348731995,0.6668774485588074,0.6243575811386108,0.6307395696640015,0.6532192230224609,0.6254562735557556,0.662337064743042,0.6545785665512085,0.6093933582305908,0.7097104787826538,0.6260806918144226,0.6444785594940186,0.6271226406097412,0.7265594005584717,0.5861989855766296,0.673385500907898,0.6122374534606934,0.5809612274169922,0.621277928352356,0.5672221183776855,0.6450446844100952,0.5836606025695801,0.6245583295822144,0.6138840913772583,0.5686793923377991,0.665637731552124,0.6610979437828064,0.6245092153549194,0.6891481876373291,0.689753532409668,0.6339317560195923,0.6077571511268616,0.5796124935150146,0.6779844164848328,0.620063841342926,0.6269641518592834,0.6414856910705566,0.6389493942260742,0.5522730350494385,0.5976775884628296,0.6535167694091797,0.7178778648376465,0.5793229341506958,0.5988417267799377,0.6241612434387207,0.6487702131271362
Explosion#8,0.5898386240005493,0.6224519610404968,0.48765477538108826,0.5047429203987122,0.55299973487854,0.48520663380622864,0.6545717716217041,0.5531313419342041,0.6092050075531006,0.4514297544956207,0.7153845429420471,0.623565673828125,0.7178953886032104,0.6833233833312988,0.7076525688171387,0.6438548564910889,0.6847189664840698,0.7260700464248657,0.6701400279998779,0.662248432636261,0.6025062799453735,0.6432879567146301,0.636431872844696,0.5412908792495728,0.6047335863113403,0.6089138984680176,0.6456247568130493,0.5481204390525818,0.6615333557128906,0.6884905695915222,0.7064350843429565,0.6756536960601807,0.7643489837646484,0.7083830833435059,0.7094244956970215,0.6582944393157959,0.730913519859314,0.7056794166564941,0.7691802978515625,0.7836097478866577,0.7158336043357849,0.7188831567764282,0.6762955784797668,0.722966194152832,0.6257039308547974,0.690909206867218,0.7180614471435547,0.6626490950584412,0.6836484670639038,0.6840535402297974,0.6559858322143555,0.6688038110733032,0.6125596761703491,0.5067477822303772,0.7492035627365112,0.6548498868942261,0.6500069499015808,0.5698023438453674,0.6533361077308655,0.6391496658325195,0.8412710428237915,0.8510514497756958,0.8485122919082642,0.8218565583229065,0.757097601890564,0.8612788915634155,0.8792908191680908,0.8019016981124878,1.0,0.7733280658721924,0.7002819180488586,0.7364180684089661,0.737633466720581,0.768616795539856,0.7392433881759644,0.7096173763275146,0.7413727641105652,0.7534714937210083,0.6967730522155762,0.7523971796035767,0.6353269815444946,0.5584167242050171,0.4760088324546814,0.7006345987319946,0.5480257272720337,0.527687132358551,0.6643606424331665,0.6400978565216064,0.6276127099990845,0.5803467035293579,0.5845033526420593,0.6385865211486816,0.6853930354118347,0.6402127742767334,0.5710805654525757,0.6959753036499023,0.6485482454299927,0.6560660600662231,0.6377209424972534,0.6194751858711243,0.6684421896934509,0.6770508885383606,0.6962974071502686,0.7122485041618347,0.5973157286643982,0.6760189533233643,0.7091007232666016,0.7964060306549072,0.6265931725502014,0.667542040348053,0.5770851373672485,0.5831736326217651,0.6315968632698059,0.5802596211433411,0.6276015639305115,0.6158545017242432,0.6349396705627441,0.6039827466011047,0.5701485872268677,0.7451928853988647,0.6942474842071533,0.6565576791763306,0.6911107301712036,0.6885553598403931,0.6298211812973022,0.649762749671936,0.5490538477897644,0.7078424096107483,0.6892082095146179,0.6319192051887512,0.6901879906654358,0.6929949522018433,0.4729442298412323,0.6662749648094177,0.6691162586212158,0.7325542569160461,0.5541136264801025,0.5607229471206665,0.6699151992797852,0.6924776434898376
Explosion#9,0.593316912651062,0.6446443200111389,0.5180243253707886,0.5212662816047668,0.5896280407905579,0.46708419919013977,0.6335455179214478,0.5295474529266357,0.6132484674453735,0.5081989169120789,0.5770348310470581,0.5690211653709412,0.6274294853210449,0.586540937423706,0.5837456583976746,0.5942180156707764,0.6157809495925903,0.6257038712501526,0.5599177479743958,0.5276648998260498,0.5820590257644653,0.5666536092758179,0.5680466890335083,0.5186506509780884,0.5940442085266113,0.5393869876861572,0.561367928981781,0.5596756935119629,0.6246110200881958,0.6398600339889526,0.6661579608917236,0.6074326634407043,0.7403342723846436,0.7168979644775391,0.7432044744491577,0.6647065877914429,0.6612690091133118,0.6684419512748718,0.76857990026474,0.8117974400520325,0.5873366594314575,0.5270586013793945,0.5397052764892578,0.6279392838478088,0.5602241158485413,0.5919277667999268,0.6006680727005005,0.5483353137969971,0.5577988624572754,0.5803348422050476,0.5552694797515869,0.6102043986320496,0.5324050188064575,0.513929009437561,0.6592795252799988,0.6117105484008789,0.6053208112716675,0.5657345056533813,0.5742942094802856,0.6104159951210022,0.7851712703704834,0.8450418710708618,0.6889222860336304,0.7808270454406738,0.8243992328643799,0.7372335195541382,0.7966476678848267,0.8254743814468384,0.7733280658721924,0.9999998807907104,0.6029269695281982,0.6842904090881348,0.6171485185623169,0.7182144522666931,0.6527335047721863,0.5586936473846436,0.621082067489624,0.6512892246246338,0.5772727727890015,0.6592739224433899,0.616353452205658,0.5142459869384766,0.41707277297973633,0.6406354308128357,0.5046294927597046,0.5122842788696289,0.5742192268371582,0.5750668048858643,0.5667529106140137,0.5252881050109863,0.602060079574585,0.6322729587554932,0.5972738265991211,0.5986650586128235,0.6162090301513672,0.6067999601364136,0.5917253494262695,0.5743722915649414,0.5967099070549011,0.5473068952560425,0.5788637399673462,0.5821884870529175,0.581595778465271,0.6548616886138916,0.5268370509147644,0.5800131559371948,0.5719316601753235,0.6934061646461487,0.5192500352859497,0.5972836017608643,0.5576200485229492,0.5650616884231567,0.5709898471832275,0.5168856978416443,0.5951665639877319,0.5496353507041931,0.641804039478302,0.5573934316635132,0.5380070209503174,0.6802403926849365,0.6287975907325745,0.6204760670661926,0.6063138246536255,0.6714236736297607,0.572622537612915,0.5830439329147339,0.48764175176620483,0.6015164852142334,0.6258182525634766,0.5660439133644104,0.6081423163414001,0.6414248943328857,0.44311392307281494,0.6248822212219238,0.6133146286010742,0.7325277328491211,0.5184898376464844,0.5676997900009155,0.6020578145980835,0.6534989476203918
Fighting#0,0.4505014419555664,0.49239152669906616,0.3239099383354187,0.34246277809143066,0.4363495707511902,0.39030224084854126,0.497308611869812,0.40302321314811707,0.49249058961868286,0.31446442008018494,0.8527190685272217,0.8028995990753174,0.8816167116165161,0.7126895189285278,0.8972535729408264,0.732246994972229,0.8152121305465698,0.8770265579223633,0.8702508211135864,0.8394511938095093,0.5766708850860596,0.6100509762763977,0.548636794090271,0.5703244209289551,0.6063458323478699,0.5186447501182556,0.7510679960250854,0.5039526224136353,0.6650403141975403,0.7137746810913086,0.5905699729919434,0.6956808567047119,0.7007366418838501,0.6011157035827637,0.4948579668998718,0.5219898223876953,0.6768805980682373,0.7112317085266113,0.549685001373291,0.6094626784324646,0.7931444644927979,0.8675544261932373,0.8162168860435486,0.8947378396987915,0.7368283867835999,0.7793043851852417,0.8706880807876587,0.836794376373291,0.8919135332107544,0.8344751596450806,0.7225942611694336,0.6401569247245789,0.6499737501144409,0.47519445419311523,0.7848089933395386,0.5806284546852112,0.6789052486419678,0.5170950889587402,0.6485791802406311,0.521304726600647,0.6127091646194458,0.5540186166763306,0.8139956593513489,0.6144669055938721,0.5322893857955933,0.7948107719421387,0.8276323080062866,0.5788804292678833,0.7002819180488586,0.6029269695281982,0.9999998807907104,0.8927093744277954,0.9288502931594849,0.8580014705657959,0.836571455001831,0.8800415992736816,0.8602450489997864,0.926615297794342,0.8773300051689148,0.8937628269195557,0.543365478515625,0.5068273544311523,0.45259523391723633,0.62419593334198,0.5338765382766724,0.4670882523059845,0.615090548992157,0.5978343486785889,0.5499026775360107,0.4954676032066345,0.6027600169181824,0.6719746589660645,0.7714325189590454,0.614244818687439,0.5544137954711914,0.7183804512023926,0.689755916595459,0.7058722972869873,0.616294801235199,0.6231058835983276,0.6685673594474792,0.7216205596923828,0.8246053457260132,0.733130693435669,0.6028005480766296,0.7643404006958008,0.8159938454627991,0.7370687127113342,0.6297904253005981,0.6766133308410645,0.5737801790237427,0.6081836223602295,0.6590785980224609,0.5901463627815247,0.5914395451545715,0.6559754610061646,0.5789023637771606,0.6324566602706909,0.581706166267395,0.6599695682525635,0.7155992984771729,0.5536583065986633,0.6996136903762817,0.6132014989852905,0.5600976943969727,0.6728291511535645,0.5640133619308472,0.6597124338150024,0.7440437078475952,0.6498775482177734,0.6673160195350647,0.7707226276397705,0.4170888066291809,0.7244124412536621,0.548006534576416,0.6811702847480774,0.5394125580787659,0.49246764183044434,0.8016334176063538,0.7233120203018188
Fighting#1,0.542267382144928,0.5926339626312256,0.44956034421920776,0.45822590589523315,0.55466228723526,0.46257323026657104,0.5782335996627808,0.5198689103126526,0.5654074549674988,0.43607035279273987,0.8468458652496338,0.8018012046813965,0.8681025505065918,0.7381981611251831,0.903630793094635,0.7435470819473267,0.8235589861869812,0.8864487409591675,0.8697944283485413,0.854381263256073,0.6160981059074402,0.6292924880981445,0.58901047706604,0.5890309810638428,0.669183611869812,0.5949937701225281,0.7339179515838623,0.5761181116104126,0.7326807975769043,0.7108249664306641,0.6308979988098145,0.7009540796279907,0.7749176025390625,0.6436699628829956,0.5855710506439209,0.5911329984664917,0.7110419273376465,0.7379145622253418,0.5977760553359985,0.6948524713516235,0.808515191078186,0.8261491060256958,0.809958815574646,0.9123077392578125,0.6782070398330688,0.8098287582397461,0.8866493105888367,0.8749860525131226,0.8742178678512573,0.8663970828056335,0.7340314388275146,0.6456802487373352,0.6303292512893677,0.45793378353118896,0.8129756450653076,0.6040855050086975,0.6822940111160278,0.5055438280105591,0.6469841003417969,0.5255982875823975,0.6315515637397766,0.6145591735839844,0.8216172456741333,0.6283917427062988,0.5761535167694092,0.8161042332649231,0.8607912063598633,0.6176407337188721,0.7364180684089661,0.6842904090881348,0.8927093744277954,0.9999998807907104,0.9173322319984436,0.8657125234603882,0.8926876187324524,0.8798965215682983,0.8725032806396484,0.9237538576126099,0.8805831670761108,0.9095635414123535,0.511989414691925,0.5320008993148804,0.4417324364185333,0.6314396858215332,0.5303299427032471,0.504364013671875,0.6338192224502563,0.6019097566604614,0.6011068820953369,0.5254548788070679,0.5936732292175293,0.656958818435669,0.7760108709335327,0.6430785655975342,0.5801884531974792,0.7310682535171509,0.6959402561187744,0.7008037567138672,0.6502417922019958,0.6177631616592407,0.7032411098480225,0.742536187171936,0.8281699419021606,0.7451454401016235,0.6433839797973633,0.7900135517120361,0.8195441961288452,0.7803153395652771,0.663013219833374,0.7120701670646667,0.5577624440193176,0.6515233516693115,0.6795246601104736,0.5754108428955078,0.6307388544082642,0.6869509220123291,0.581932783126831,0.6593931913375854,0.5517050623893738,0.6601399183273315,0.7351064682006836,0.5736536383628845,0.702487051486969,0.6311432123184204,0.585474967956543,0.6887855529785156,0.5562319755554199,0.6640723943710327,0.7938377857208252,0.6650197505950928,0.6666045188903809,0.8228209018707275,0.4232935309410095,0.7938690185546875,0.5597236156463623,0.7391577363014221,0.5637821555137634,0.5817649364471436,0.8036268949508667,0.7570549845695496
Fighting#2,0.49101242423057556,0.5173529386520386,0.38184061646461487,0.3690469563007355,0.48036885261535645,0.4386821389198303,0.5543544888496399,0.4785972237586975,0.5300739407539368,0.34634721279144287,0.872859001159668,0.8015687465667725,0.8949635028839111,0.7284588813781738,0.9271504878997803,0.7076261639595032,0.8065609931945801,0.9099029302597046,0.8972957134246826,0.9022223949432373,0.5904822945594788,0.6199987530708313,0.5836902856826782,0.5680317878723145,0.6222954988479614,0.5696673393249512,0.7413411140441895,0.5312169790267944,0.6830651760101318,0.6929224729537964,0.6069878339767456,0.6886619329452515,0.7345490455627441,0.5927460193634033,0.5566495656967163,0.5533164739608765,0.6940222978591919,0.6979732513427734,0.5719178915023804,0.6172151565551758,0.7971967458724976,0.9042352437973022,0.835725724697113,0.9270427227020264,0.6482189893722534,0.7856167554855347,0.9008846282958984,0.9075325727462769,0.920843780040741,0.892302393913269,0.730448305606842,0.6252144575119019,0.608860969543457,0.43200811743736267,0.8002897500991821,0.564922571182251,0.6414015293121338,0.46683990955352783,0.6196615695953369,0.49632933735847473,0.6275009512901306,0.5693700909614563,0.8547091484069824,0.6121037602424622,0.5277149677276611,0.8275480270385742,0.8690340518951416,0.5902764797210693,0.737633466720581,0.6171485185623169,0.9288502931594849,0.9173322319984436,1.0,0.8440290689468384,0.8628366589546204,0.933005690574646,0.9093366265296936,0.931986927986145,0.9373656511306763,0.9175170660018921,0.4993497133255005,0.5148457288742065,0.42044639587402344,0.6104755401611328,0.4991808235645294,0.45853763818740845,0.6106032133102417,0.5882565975189209,0.539330005645752,0.4562787115573883,0.5533512830734253,0.6142568588256836,0.7928479313850403,0.5701763033866882,0.49468398094177246,0.6943129301071167,0.6780534982681274,0.6846423149108887,0.6146189570426941,0.5878342390060425,0.6842714548110962,0.7293659448623657,0.8587450385093689,0.7155019640922546,0.6012012958526611,0.7656525373458862,0.8316056728363037,0.7612359523773193,0.6715491414070129,0.6763275861740112,0.5269720554351807,0.568717360496521,0.6321735382080078,0.5315729379653931,0.5522117614746094,0.6277614831924438,0.5554854869842529,0.6157562732696533,0.5245447158813477,0.6445020437240601,0.7151374816894531,0.5302062630653381,0.6807562112808228,0.5950602889060974,0.5497167110443115,0.6720747947692871,0.5408650636672974,0.6439908742904663,0.7585445642471313,0.6289567947387695,0.6266178488731384,0.7724361419677734,0.4201274514198303,0.7111988067626953,0.5207576751708984,0.6634758710861206,0.5339118838310242,0.5134782791137695,0.7858152389526367,0.7001543045043945
Fighting#3,0.5779486894607544,0.637421727180481,0.4369582533836365,0.433030903339386,0.5330609679222107,0.4683247208595276,0.6211689710617065,0.5128175020217896,0.5902060270309448,0.42096972465515137,0.7787519693374634,0.7962449789047241,0.8755476474761963,0.7605143785476685,0.8229414224624634,0.8192443251609802,0.8756329417228699,0.8487288951873779,0.80092453956604,0.715100884437561,0.6462831497192383,0.6535189151763916,0.6185637712478638,0.633630633354187,0.7271726727485657,0.5802924633026123,0.7480777502059937,0.5742533802986145,0.7180909514427185,0.8054807186126709,0.7226942777633667,0.7424441576004028,0.7991492748260498,0.7498995065689087,0.610228955745697,0.6301611661911011,0.7802672982215881,0.79788738489151,0.6825130581855774,0.7867566347122192,0.8097660541534424,0.7400743961334229,0.7185821533203125,0.8648287057876587,0.7426307201385498,0.8170907497406006,0.816879391670227,0.7210185527801514,0.8077853918075562,0.7508007287979126,0.7272309064865112,0.7472513318061829,0.7159419655799866,0.5584062337875366,0.8206058144569397,0.7392199039459229,0.7845118045806885,0.6586533784866333,0.7385955452919006,0.6535909175872803,0.7541302442550659,0.6980764865875244,0.8303176164627075,0.7201265096664429,0.6733176708221436,0.8032433986663818,0.8681566119194031,0.6762174367904663,0.768616795539856,0.7182144522666931,0.8580014705657959,0.8657125234603882,0.8440290689468384,1.0000003576278687,0.8531913757324219,0.7749966382980347,0.8205230236053467,0.8920396566390991,0.7738382816314697,0.8700583577156067,0.6468394994735718,0.5886170864105225,0.5368994474411011,0.7125269174575806,0.5996993780136108,0.573903501033783,0.7137622237205505,0.6761490106582642,0.6586142778396606,0.6308062076568604,0.7066447734832764,0.7419060468673706,0.7766791582107544,0.7625197768211365,0.6652817726135254,0.7933497428894043,0.7258716821670532,0.7399868965148926,0.6904813051223755,0.7202755212783813,0.7268414497375488,0.7694736123085022,0.7341386675834656,0.8044243454933167,0.635204553604126,0.7806228995323181,0.7830638289451599,0.7698698043823242,0.6370267868041992,0.7275995016098022,0.6262724995613098,0.6877915859222412,0.7093904614448547,0.6415683031082153,0.7179124355316162,0.7280435562133789,0.6672103404998779,0.670742392539978,0.6624166965484619,0.7349041700363159,0.8343913555145264,0.7049799561500549,0.7665828466415405,0.7663904428482056,0.7272486686706543,0.7818416953086853,0.6044817566871643,0.7707676887512207,0.8171465396881104,0.7572804689407349,0.7757090330123901,0.8137186169624329,0.4674842357635498,0.7879858016967773,0.6218544244766235,0.81596839427948,0.6599797010421753,0.5873522758483887,0.821223795413971,0.8265676498413086
Fighting#4,0.6277164220809937,0.6620970964431763,0.5272526741027832,0.527971088886261,0.6054668426513672,0.544960081577301,0.61890709400177,0.5878520607948303,0.6164273619651794,0.5278023481369019,0.7511476278305054,0.7182631492614746,0.8213859796524048,0.6975415945053101,0.8165793418884277,0.714138388633728,0.7886066436767578,0.8329982757568359,0.7753941416740417,0.7438117861747742,0.5809098482131958,0.6036210656166077,0.6091405153274536,0.539164125919342,0.65091872215271,0.5660619735717773,0.6903571486473083,0.5424606800079346,0.6938992738723755,0.7110792994499207,0.6407642364501953,0.6584169864654541,0.8360356092453003,0.6552094221115112,0.6141140460968018,0.5728219151496887,0.7452095150947571,0.73277747631073,0.623680055141449,0.7226773500442505,0.7229195833206177,0.7740730047225952,0.7255423069000244,0.8496662378311157,0.620611846446991,0.7659832239151001,0.8031258583068848,0.7586658000946045,0.7933133840560913,0.8011633157730103,0.6792348623275757,0.641721785068512,0.6257936954498291,0.4459491968154907,0.7924882173538208,0.617259681224823,0.6783782243728638,0.49733278155326843,0.6341456770896912,0.5297203660011292,0.6970154643058777,0.6423859596252441,0.8478996753692627,0.6288284063339233,0.5881486535072327,0.7912750840187073,0.8503886461257935,0.648779571056366,0.7392433881759644,0.6527335047721863,0.836571455001831,0.8926876187324524,0.8628366589546204,0.8531913757324219,1.000000238418579,0.7793910503387451,0.8671537041664124,0.8684107065200806,0.8365028500556946,0.8760576248168945,0.537316083908081,0.5515824556350708,0.4630064368247986,0.6349462866783142,0.5228587985038757,0.5599345564842224,0.6232693791389465,0.6180315017700195,0.6284244060516357,0.5617380738258362,0.5592472553253174,0.6251753568649292,0.7343031167984009,0.6929724216461182,0.5997215509414673,0.6806604862213135,0.6814199686050415,0.6587056517601013,0.648388683795929,0.5939501523971558,0.6972800493240356,0.7272672653198242,0.7417361736297607,0.7358866930007935,0.6148918271064758,0.7470225095748901,0.8069072961807251,0.7549266815185547,0.6073901653289795,0.7032439708709717,0.5633429288864136,0.6722162961959839,0.7027806043624878,0.5796656012535095,0.6645735502243042,0.7397072315216064,0.6144152879714966,0.6565191745758057,0.5697965621948242,0.6925561428070068,0.7489436864852905,0.5795973539352417,0.6930364966392517,0.6546416282653809,0.6159579753875732,0.7176925539970398,0.5199334025382996,0.6756059527397156,0.7963141202926636,0.679398775100708,0.6620118618011475,0.8432791233062744,0.41381722688674927,0.7835246324539185,0.5283827185630798,0.7542304992675781,0.591063380241394,0.5861116051673889,0.7388887405395508,0.7593950033187866
Fighting#5,0.4430389106273651,0.4556700587272644,0.3597952127456665,0.3487371504306793,0.4440877139568329,0.40766921639442444,0.505161702632904,0.45268532633781433,0.4851815104484558,0.3230079114437103,0.8760066032409668,0.7622920274734497,0.8309824466705322,0.6987491846084595,0.899502694606781,0.6509721279144287,0.7312452793121338,0.859438419342041,0.8767350912094116,0.9142940044403076,0.55977863073349,0.6147128939628601,0.5404609441757202,0.5592735409736633,0.5819494128227234,0.5522254109382629,0.7257803678512573,0.5202719569206238,0.6553455591201782,0.6349610090255737,0.5333449244499207,0.6460208892822266,0.6405425667762756,0.5293348431587219,0.49266642332077026,0.5405519008636475,0.6243152022361755,0.637347936630249,0.4868418872356415,0.5359140634536743,0.7907703518867493,0.9186735153198242,0.835686206817627,0.8727038502693176,0.6168093681335449,0.7704146504402161,0.8777956962585449,0.9003621339797974,0.9016909003257751,0.8700687885284424,0.7010986804962158,0.5714271068572998,0.5489461421966553,0.37791794538497925,0.7353918552398682,0.5020722150802612,0.5827538967132568,0.4017879366874695,0.5627834796905518,0.42710262537002563,0.5598525404930115,0.5172622203826904,0.7932256460189819,0.5666484832763672,0.46848464012145996,0.7722460031509399,0.7998157143592834,0.5344771146774292,0.7096173763275146,0.5586936473846436,0.8800415992736816,0.8798965215682983,0.933005690574646,0.7749966382980347,0.7793910503387451,0.9999997615814209,0.8452873229980469,0.9022912979125977,0.9007012844085693,0.8622301816940308,0.464050829410553,0.49267929792404175,0.40236425399780273,0.5867772102355957,0.48865365982055664,0.40547677874565125,0.5989043712615967,0.568253219127655,0.5118598937988281,0.4337003231048584,0.48685842752456665,0.552104651927948,0.744490385055542,0.49277693033218384,0.432636022567749,0.6719621419906616,0.6002019643783569,0.6483526229858398,0.5546108484268188,0.5460736751556396,0.647083044052124,0.6849125027656555,0.8284568190574646,0.6705560684204102,0.5795931220054626,0.7458105087280273,0.8095415830612183,0.7402603626251221,0.6739825010299683,0.6625959873199463,0.47169405221939087,0.5027379989624023,0.5630779266357422,0.4827556610107422,0.4879872500896454,0.5539349913597107,0.498444527387619,0.5491158366203308,0.4561917185783386,0.5735286474227905,0.6345220804214478,0.4742712378501892,0.6324247717857361,0.5139086246490479,0.486533522605896,0.6033726930618286,0.4928022623062134,0.5992308855056763,0.6669086217880249,0.5616232752799988,0.5670138001441956,0.6869852542877197,0.38074249029159546,0.6484651565551758,0.49019157886505127,0.5803022980690002,0.47909775376319885,0.44463902711868286,0.7291682958602905,0.6187170743942261
Fighting#6,0.5561537742614746,0.6033399105072021,0.4147379398345947,0.4380949139595032,0.5089765191078186,0.5151911973953247,0.5884028673171997,0.560577392578125,0.5882276296615601,0.406090646982193,0.8247469663619995,0.7704629898071289,0.8636572360992432,0.7139180898666382,0.8884397745132446,0.7017693519592285,0.7818523645401001,0.8701248168945312,0.8651700019836426,0.850838303565979,0.5633729100227356,0.5980465412139893,0.5844689011573792,0.5312966108322144,0.586617112159729,0.5634464025497437,0.6944795250892639,0.4997342526912689,0.674727201461792,0.672500729560852,0.6398667693138123,0.6744000315666199,0.7650101184844971,0.5884013175964355,0.5891234874725342,0.5505702495574951,0.7098401784896851,0.7128441333770752,0.6217473745346069,0.6466431021690369,0.7528941035270691,0.8129746913909912,0.7957825660705566,0.8830759525299072,0.618845522403717,0.7781471014022827,0.873573899269104,0.8708638548851013,0.8520883321762085,0.8729624152183533,0.7173728942871094,0.6123626232147217,0.6041098833084106,0.4270475208759308,0.7992995977401733,0.565794050693512,0.6495261192321777,0.46478843688964844,0.6273818016052246,0.5125872492790222,0.630630373954773,0.5998800992965698,0.8280360698699951,0.6113405227661133,0.5478437542915344,0.7984020709991455,0.8534015417098999,0.6119682788848877,0.7413727641105652,0.621082067489624,0.8602450489997864,0.8725032806396484,0.9093366265296936,0.8205230236053467,0.8671537041664124,0.8452873229980469,1.0000003576278687,0.8882516026496887,0.9017021656036377,0.8648666143417358,0.5061527490615845,0.5449585318565369,0.4340284466743469,0.6301349401473999,0.5220887660980225,0.5050547122955322,0.6100596785545349,0.583465576171875,0.5396166443824768,0.47673550248146057,0.5466678142547607,0.638286828994751,0.7744796276092529,0.598609447479248,0.5455843806266785,0.6755428314208984,0.6710283756256104,0.6786817312240601,0.6167721748352051,0.5867993831634521,0.6777811050415039,0.7135198712348938,0.8098594546318054,0.7192878723144531,0.6179789304733276,0.7620131969451904,0.8026531934738159,0.7585164904594421,0.6504932641983032,0.6810855865478516,0.5585212707519531,0.6050717830657959,0.6721354722976685,0.5573759078979492,0.587603747844696,0.6991372108459473,0.6033511161804199,0.6309596300125122,0.5536155700683594,0.6690458059310913,0.7309586405754089,0.5631103515625,0.6790511608123779,0.6419958472251892,0.5682901740074158,0.6823383569717407,0.5726221799850464,0.6545548439025879,0.7679075002670288,0.6386252641677856,0.6477392315864563,0.8060045838356018,0.43015217781066895,0.7366899847984314,0.5463362336158752,0.7345157861709595,0.5742204189300537,0.5624792575836182,0.7582478523254395,0.7559100985527039
Fighting#7,0.5205504894256592,0.5551504492759705,0.3981083035469055,0.3910924196243286,0.50365149974823,0.46101462841033936,0.5793635249137878,0.4921688437461853,0.5396678447723389,0.37300509214401245,0.8691586852073669,0.829914927482605,0.9161186218261719,0.7931146621704102,0.909174919128418,0.7986035346984863,0.8574341535568237,0.903931200504303,0.8992127180099487,0.851860761642456,0.6390023231506348,0.6692992448806763,0.6145875453948975,0.6390091180801392,0.6983749866485596,0.6001647114753723,0.7919936776161194,0.5888007283210754,0.7530329823493958,0.7652983665466309,0.6482264995574951,0.7296627759933472,0.7543492317199707,0.6642203330993652,0.5729551315307617,0.5918024778366089,0.7365986108779907,0.7606966495513916,0.5826478004455566,0.6726398468017578,0.8283847570419312,0.8623666763305664,0.8290950655937195,0.9107105731964111,0.7095898389816284,0.8418316841125488,0.9101114869117737,0.8515275716781616,0.9050625562667847,0.86354660987854,0.7544866800308228,0.6809090375900269,0.674796462059021,0.49458223581314087,0.8455871939659119,0.6426935791969299,0.7208452224731445,0.5463799238204956,0.6828641891479492,0.5705154538154602,0.6817412972450256,0.6093496084213257,0.8710284233093262,0.6642290353775024,0.5835367441177368,0.82969069480896,0.8700315952301025,0.6350488662719727,0.7534714937210083,0.6512892246246338,0.926615297794342,0.9237538576126099,0.931986927986145,0.8920396566390991,0.8684107065200806,0.9022912979125977,0.8882516026496887,0.9999998807907104,0.8888627290725708,0.911476731300354,0.5787851810455322,0.5713459849357605,0.5059813857078552,0.6848975419998169,0.5858465433120728,0.5292496681213379,0.697421133518219,0.6710183024406433,0.6227054595947266,0.5576258897781372,0.6106144189834595,0.6580573916435242,0.8234630823135376,0.6605795621871948,0.5640806555747986,0.7548291683197021,0.7195028066635132,0.7429788112640381,0.6469923257827759,0.6656259298324585,0.7204869985580444,0.7666166424751282,0.8214974403381348,0.774153470993042,0.6427801847457886,0.8248770236968994,0.8525577783584595,0.7798925638198853,0.6785075664520264,0.7258198261260986,0.5887635350227356,0.628189206123352,0.6898849606513977,0.606845498085022,0.640052080154419,0.6826231479644775,0.6076307892799377,0.6726632118225098,0.6042219400405884,0.6804596185684204,0.7731289863586426,0.5873157382011414,0.7441961765289307,0.6755944490432739,0.6277784109115601,0.7243385314941406,0.5885401964187622,0.7130128145217896,0.7904508113861084,0.7060244083404541,0.6988256573677063,0.792792558670044,0.46325457096099854,0.759676992893219,0.5698704123497009,0.7311888933181763,0.6005127429962158,0.5511350631713867,0.8230654001235962,0.7672584056854248
Fighting#8,0.48139357566833496,0.4888453781604767,0.38879069685935974,0.39875468611717224,0.4705060124397278,0.4363671541213989,0.5339846611022949,0.46720561385154724,0.5219995975494385,0.3505059480667114,0.8418800830841064,0.7781057357788086,0.8751094937324524,0.6527222394943237,0.9072017669677734,0.6503762006759644,0.758025586605072,0.8778513073921204,0.8924587965011597,0.9290234446525574,0.5358659029006958,0.5678119659423828,0.5298817753791809,0.5004990100860596,0.5693652033805847,0.5288335084915161,0.6809403300285339,0.4959977865219116,0.6492858529090881,0.6241532564163208,0.5393457412719727,0.6179917454719543,0.7098010778427124,0.5203269720077515,0.5264058113098145,0.4905400276184082,0.6375857591629028,0.6493138074874878,0.5145880579948425,0.5686832070350647,0.7240406274795532,0.8600213527679443,0.8191657066345215,0.9219271540641785,0.5543217658996582,0.7380431890487671,0.8965294361114502,0.9263370037078857,0.8999354839324951,0.9289673566818237,0.7075955867767334,0.5584677457809448,0.553630530834198,0.37057435512542725,0.7754342555999756,0.5195606350898743,0.5971468091011047,0.3991805911064148,0.5532393455505371,0.4406193792819977,0.5705201625823975,0.5071211457252502,0.8504374027252197,0.5393325090408325,0.4570503830909729,0.7990928292274475,0.8444671630859375,0.5314207077026367,0.6967730522155762,0.5772727727890015,0.8773300051689148,0.8805831670761108,0.9373656511306763,0.7738382816314697,0.8365028500556946,0.9007012844085693,0.9017021656036377,0.8888627290725708,1.0,0.8675133585929871,0.4298611879348755,0.47546228766441345,0.38405823707580566,0.5617022514343262,0.44482553005218506,0.42737969756126404,0.551357090473175,0.5412182211875916,0.4991180896759033,0.39985084533691406,0.4630320966243744,0.5208777785301208,0.7467938661575317,0.5165081024169922,0.4368651509284973,0.6132760047912598,0.6233826875686646,0.6260986328125,0.5642479658126831,0.5080732107162476,0.6452533006668091,0.682154655456543,0.8465149402618408,0.6760176420211792,0.5668933391571045,0.7415266036987305,0.8134068250656128,0.7220758199691772,0.6401909589767456,0.6434338092803955,0.47745048999786377,0.5317062735557556,0.6016751527786255,0.494346022605896,0.509043276309967,0.6103312969207764,0.5507999658584595,0.5913746356964111,0.48651695251464844,0.6002812385559082,0.6698453426361084,0.46050557494163513,0.6179970502853394,0.5479791760444641,0.5055813193321228,0.6420224905014038,0.4788692891597748,0.5643525123596191,0.7481869459152222,0.5863965749740601,0.5648573040962219,0.7559834718704224,0.36242973804473877,0.6873703002929688,0.47156935930252075,0.613555908203125,0.49209126830101013,0.47654929757118225,0.738936185836792,0.6591593027114868
Fighting#9,0.574181854724884,0.5597366690635681,0.4342990219593048,0.4025910198688507,0.5052123069763184,0.48866167664527893,0.576885998249054,0.5113785266876221,0.5356719493865967,0.3947864770889282,0.8689167499542236,0.7990671992301941,0.8975725769996643,0.752311646938324,0.897396981716156,0.7802672386169434,0.8679393529891968,0.8975057005882263,0.8581567406654358,0.8321174383163452,0.6213699579238892,0.66849684715271,0.6575332880020142,0.6176717281341553,0.6745409965515137,0.6159374713897705,0.7818942070007324,0.5850780606269836,0.7526868581771851,0.7722768783569336,0.6996451616287231,0.7498998045921326,0.7716506719589233,0.6830973625183105,0.5913864374160767,0.60521399974823,0.7676183581352234,0.781769871711731,0.6189178228378296,0.6897019147872925,0.817508339881897,0.8555817604064941,0.8078422546386719,0.9034271240234375,0.7176682949066162,0.8201960325241089,0.8787755966186523,0.8455415368080139,0.8742760419845581,0.8483278751373291,0.7828805446624756,0.692223072052002,0.7022696733474731,0.5250017046928406,0.8553949594497681,0.6657674908638,0.7421014308929443,0.5808090567588806,0.6951826214790344,0.5973653793334961,0.6798229217529297,0.6250402331352234,0.8607009053230286,0.6548242568969727,0.603169858455658,0.831242561340332,0.875744104385376,0.637240469455719,0.7523971796035767,0.6592739224433899,0.8937628269195557,0.9095635414123535,0.9175170660018921,0.8700583577156067,0.8760576248168945,0.8622301816940308,0.8648666143417358,0.911476731300354,0.8675133585929871,1.0,0.612308144569397,0.6280876994132996,0.5193401575088501,0.6923611164093018,0.6132500171661377,0.5950456261634827,0.691189706325531,0.6935729384422302,0.6530797481536865,0.5947652459144592,0.6505559682846069,0.6905651092529297,0.8187441825866699,0.7076987028121948,0.6141598224639893,0.7615598440170288,0.744751513004303,0.7475166320800781,0.6864422559738159,0.6876245737075806,0.7343540787696838,0.776354193687439,0.8188744783401489,0.777916431427002,0.6597216129302979,0.8014979362487793,0.8304981589317322,0.8024028539657593,0.677032470703125,0.7147828340530396,0.6087373495101929,0.6587992906570435,0.6954633593559265,0.6383708119392395,0.660000205039978,0.7083957195281982,0.6259950399398804,0.685111939907074,0.654974639415741,0.7371379137039185,0.8003410696983337,0.6354165077209473,0.7567646503448486,0.67909836769104,0.6525332927703857,0.7680914402008057,0.6159348487854004,0.7312614917755127,0.8262971043586731,0.7368775606155396,0.7292255163192749,0.795158863067627,0.48647236824035645,0.7760451436042786,0.6316953301429749,0.7544692754745483,0.6492076516151428,0.5772249102592468,0.8188852071762085,0.7864648103713989
RoadAccidents#0,0.4505563974380493,0.44908565282821655,0.3721613585948944,0.29012051224708557,0.37143635749816895,0.36228442192077637,0.4491271376609802,0.3673853278160095,0.38753920793533325,0.30438071489334106,0.5470143556594849,0.5293773412704468,0.5941644906997681,0.5963461399078369,0.5101944804191589,0.6342553496360779,0.6409144401550293,0.5572839975357056,0.5010117292404175,0.4058150053024292,0.5402687788009644,0.5474531054496765,0.5943388342857361,0.5735644102096558,0.5716149806976318,0.5127463936805725,0.5870689153671265,0.5060917139053345,0.5683829188346863,0.6836010813713074,0.6790434122085571,0.6306527853012085,0.6053858399391174,0.6899776458740234,0.5394626259803772,0.5912224054336548,0.6636193990707397,0.6539628505706787,0.6708947420120239,0.669699490070343,0.5897738933563232,0.4993205666542053,0.4797975420951843,0.5046308040618896,0.6584578156471252,0.5993848443031311,0.5276556015014648,0.4077076315879822,0.5059412717819214,0.4362925887107849,0.5332340598106384,0.6243129968643188,0.6383926272392273,0.5714560747146606,0.6390227675437927,0.6406427621841431,0.6432262659072876,0.6492831110954285,0.6558454036712646,0.6768013834953308,0.6916314959526062,0.6673970818519592,0.6063988208770752,0.7474411129951477,0.6667346954345703,0.6222066879272461,0.6553475856781006,0.6585476398468018,0.6353269815444946,0.616353452205658,0.543365478515625,0.511989414691925,0.4993497133255005,0.6468394994735718,0.537316083908081,0.464050829410553,0.5061527490615845,0.5787851810455322,0.4298611879348755,0.612308144569397,1.000000238418579,0.6344034075737,0.6278486847877502,0.7820327281951904,0.6607521772384644,0.7254983186721802,0.6830044984817505,0.7461010217666626,0.7111464738845825,0.7326925992965698,0.6876877546310425,0.6643997430801392,0.5944737195968628,0.6786356568336487,0.6087422370910645,0.6725859045982361,0.6508365869522095,0.6501307487487793,0.5803329944610596,0.6737673282623291,0.5596085786819458,0.5751539468765259,0.46481502056121826,0.6442872285842896,0.5145147442817688,0.565784215927124,0.5053613185882568,0.6129475831985474,0.4691232442855835,0.5407382249832153,0.5725575685501099,0.5658313035964966,0.5626863241195679,0.5855504870414734,0.6242625713348389,0.5581793785095215,0.5571801662445068,0.5598405599594116,0.6418527364730835,0.686555027961731,0.6752655506134033,0.6652253270149231,0.6491667032241821,0.6954197883605957,0.6558114886283875,0.6489546298980713,0.5819400548934937,0.7028399705886841,0.6021636724472046,0.6528968214988708,0.6532068252563477,0.5499895811080933,0.47536635398864746,0.5624408721923828,0.6652417182922363,0.692713737487793,0.6403505802154541,0.47748932242393494,0.6046625971794128,0.6768097877502441
RoadAccidents#1,0.6286683082580566,0.5074255466461182,0.4676763415336609,0.40022626519203186,0.5085782408714294,0.6191102266311646,0.582797110080719,0.5303521156311035,0.49353665113449097,0.3880484104156494,0.6121780872344971,0.5482311248779297,0.5552026033401489,0.6769041419029236,0.5731157064437866,0.6528027653694153,0.5983307957649231,0.5361716747283936,0.5720148682594299,0.4848266839981079,0.6765697002410889,0.7264698147773743,0.7545424103736877,0.6603427529335022,0.6767698526382446,0.7239185571670532,0.660167932510376,0.6922102570533752,0.7409874200820923,0.6393629312515259,0.6826729774475098,0.6333727836608887,0.5321309566497803,0.625249445438385,0.5451934337615967,0.677804708480835,0.6042208671569824,0.6520150899887085,0.5575597882270813,0.5710973739624023,0.6323544979095459,0.4835527837276459,0.5708165764808655,0.524823784828186,0.7018388509750366,0.679523766040802,0.597303569316864,0.4790877103805542,0.5423603057861328,0.5511332154273987,0.6041722893714905,0.5915299654006958,0.5227816104888916,0.5189992189407349,0.6507798433303833,0.6564069390296936,0.5952414274215698,0.5103474259376526,0.688442587852478,0.638590395450592,0.557468831539154,0.5466734170913696,0.5576702356338501,0.6007241010665894,0.5742634534835815,0.5673568248748779,0.5791043043136597,0.5846593976020813,0.5584167242050171,0.5142459869384766,0.5068273544311523,0.5320008993148804,0.5148457288742065,0.5886170864105225,0.5515824556350708,0.49267929792404175,0.5449585318565369,0.5713459849357605,0.47546228766441345,0.6280876994132996,0.6344034075737,1.0000001192092896,0.7390726804733276,0.787663459777832,0.8842968940734863,0.7647639513015747,0.8044536113739014,0.8537938594818115,0.7312547564506531,0.7754426002502441,0.5943645238876343,0.5999534726142883,0.6912252306938171,0.5949066877365112,0.6201581954956055,0.7130309343338013,0.6358489394187927,0.6827898621559143,0.6852867007255554,0.6910628080368042,0.7213259935379028,0.686759352684021,0.5320494174957275,0.6958363056182861,0.7290753126144409,0.6890236139297485,0.6300443410873413,0.6827848553657532,0.6717710494995117,0.7276952266693115,0.6345208883285522,0.6333955526351929,0.6275300979614258,0.6480239033699036,0.5668088793754578,0.5933628678321838,0.5608915686607361,0.630658745765686,0.6565144062042236,0.5567198991775513,0.6108986139297485,0.7074909806251526,0.6607694625854492,0.580196738243103,0.6471603512763977,0.7116235494613647,0.6963033080101013,0.6769788861274719,0.5623825192451477,0.6878728866577148,0.6984168887138367,0.5259745121002197,0.6457061767578125,0.5770397782325745,0.7472172975540161,0.6056405305862427,0.8353265523910522,0.6133440136909485,0.5928642153739929,0.5796079039573669
RoadAccidents#2,0.4097616970539093,0.3498399555683136,0.2995121479034424,0.2421189844608307,0.34379905462265015,0.39434078335762024,0.34898534417152405,0.3231373429298401,0.2880282700061798,0.2652551531791687,0.523850679397583,0.5047907829284668,0.5089529752731323,0.5921682119369507,0.47045600414276123,0.629646897315979,0.5827407240867615,0.4515579342842102,0.5211672782897949,0.3998543620109558,0.5086579322814941,0.535258948802948,0.5529416799545288,0.5708799958229065,0.5409718155860901,0.5188938975334167,0.568253755569458,0.5191267728805542,0.6026642322540283,0.5606238842010498,0.6068122386932373,0.5957808494567871,0.47271737456321716,0.6167283058166504,0.373867392539978,0.6166937947273254,0.5955749750137329,0.6507827043533325,0.44183793663978577,0.4894738495349884,0.5671355724334717,0.4111648201942444,0.525741696357727,0.4582552909851074,0.6479341983795166,0.6483016014099121,0.5427338480949402,0.3927854299545288,0.48097264766693115,0.4577530026435852,0.5308492183685303,0.5724421143531799,0.5514020919799805,0.5471582412719727,0.6022030711174011,0.5869854092597961,0.6095825433731079,0.5599877238273621,0.6227200031280518,0.5708998441696167,0.5096563100814819,0.4592417776584625,0.498635470867157,0.5671260356903076,0.5213021636009216,0.5155278444290161,0.4841976761817932,0.510752260684967,0.4760088324546814,0.41707277297973633,0.45259523391723633,0.4417324364185333,0.42044639587402344,0.5368994474411011,0.4630064368247986,0.40236425399780273,0.4340284466743469,0.5059813857078552,0.38405823707580566,0.5193401575088501,0.6278486847877502,0.7390726804733276,0.9999999403953552,0.7046477794647217,0.7363770008087158,0.6973111629486084,0.811823844909668,0.7902978658676147,0.727779746055603,0.842868983745575,0.5718733668327332,0.5082392692565918,0.5799393653869629,0.6183493137359619,0.5502156615257263,0.6338939666748047,0.5698071718215942,0.6099385619163513,0.5777170658111572,0.6801347136497498,0.6150873899459839,0.6152299642562866,0.47335201501846313,0.6572235822677612,0.5907912850379944,0.6505427956581116,0.5609019994735718,0.5701569318771362,0.5927274227142334,0.6102676391601562,0.5734721422195435,0.578644335269928,0.5938725471496582,0.6443105936050415,0.5588110685348511,0.5627912878990173,0.5034308433532715,0.5953552722930908,0.6378421783447266,0.48085057735443115,0.5999167561531067,0.6141151189804077,0.6154326796531677,0.5715529918670654,0.5760607123374939,0.6921908855438232,0.5854002833366394,0.6101391911506653,0.5201270580291748,0.6592404842376709,0.6071504354476929,0.4922211766242981,0.5985252857208252,0.5439246296882629,0.5854155421257019,0.5368779897689819,0.6698973774909973,0.5132459402084351,0.5831396579742432,0.5506891012191772
RoadAccidents#3,0.6043591499328613,0.5740933418273926,0.523432195186615,0.4325762093067169,0.5273336172103882,0.5540805459022522,0.6147474646568298,0.5456596612930298,0.5543321371078491,0.42830875515937805,0.6263028383255005,0.5842152833938599,0.639480471611023,0.6878113746643066,0.6189931035041809,0.6606500744819641,0.6583963632583618,0.6127910614013672,0.623031497001648,0.5293469429016113,0.7010357975959778,0.6763567924499512,0.7395135760307312,0.6367206573486328,0.6666289567947388,0.6964074373245239,0.6798596382141113,0.6733517646789551,0.7101725339889526,0.7208091616630554,0.711746335029602,0.6410406827926636,0.6384456157684326,0.6719710826873779,0.6596740484237671,0.6651684045791626,0.6701110601425171,0.6816977858543396,0.6705009937286377,0.6991474032402039,0.6439063549041748,0.5625762939453125,0.5718073844909668,0.6081941723823547,0.6651644706726074,0.6943286061286926,0.6431616544723511,0.5324947834014893,0.5871114730834961,0.5681232213973999,0.5921826362609863,0.60530024766922,0.5638039708137512,0.5274949073791504,0.6850740313529968,0.6401904821395874,0.6321326494216919,0.5512820482254028,0.6765472292900085,0.6069016456604004,0.6927064657211304,0.684307873249054,0.6884728074073792,0.6916565299034119,0.6664295196533203,0.654534637928009,0.6986721754074097,0.6857030391693115,0.7006345987319946,0.6406354308128357,0.62419593334198,0.6314396858215332,0.6104755401611328,0.7125269174575806,0.6349462866783142,0.5867772102355957,0.6301349401473999,0.6848975419998169,0.5617022514343262,0.6923611164093018,0.7820327281951904,0.787663459777832,0.7046477794647217,0.9999998211860657,0.8082094192504883,0.7885771989822388,0.7823261022567749,0.9010029435157776,0.7439441680908203,0.8032119274139404,0.607483983039856,0.644079327583313,0.6922258138656616,0.6459740400314331,0.619227409362793,0.7086254358291626,0.6537199020385742,0.6643704175949097,0.606847882270813,0.6635267734527588,0.696295976638794,0.6372455358505249,0.556873619556427,0.7195983529090881,0.6481591463088989,0.6750764846801758,0.6230701804161072,0.7022976279258728,0.5916779041290283,0.698197066783905,0.607550859451294,0.6073208451271057,0.6116277575492859,0.5944997072219849,0.6154911518096924,0.6336591839790344,0.6261909008026123,0.622639000415802,0.6172502636909485,0.6642535328865051,0.6735755205154419,0.6741111278533936,0.6755417585372925,0.6910570859909058,0.6285490989685059,0.6931500434875488,0.5993967652320862,0.6895222663879395,0.6456390023231506,0.684246301651001,0.68910151720047,0.6258577108383179,0.5268194675445557,0.6087957620620728,0.7080053687095642,0.7185477018356323,0.7240537405014038,0.5823677182197571,0.6402100324630737,0.6731946468353271
RoadAccidents#4,0.5484498739242554,0.45190951228141785,0.39119356870651245,0.3276214599609375,0.4314308166503906,0.5483250617980957,0.49265867471694946,0.45657795667648315,0.42463675141334534,0.3290022611618042,0.5980615019798279,0.5648661851882935,0.5537306070327759,0.6731314659118652,0.5647733211517334,0.7085150480270386,0.6204531192779541,0.5285376310348511,0.5959947109222412,0.4594179391860962,0.6598090529441833,0.6567003130912781,0.7085471153259277,0.6589082479476929,0.6622950434684753,0.6696908473968506,0.651718258857727,0.6498559713363647,0.674513578414917,0.6529887914657593,0.6714373826980591,0.638703465461731,0.5166778564453125,0.6229790449142456,0.5081108808517456,0.6661053895950317,0.5876938700675964,0.6378170251846313,0.5256134271621704,0.5505857467651367,0.6474795341491699,0.4813716411590576,0.5456981062889099,0.5127319097518921,0.7105268836021423,0.7238422632217407,0.6067565679550171,0.4542217254638672,0.5282689929008484,0.5101845264434814,0.5871952176094055,0.5719771385192871,0.5424246191978455,0.5182448625564575,0.6262614130973816,0.6195055842399597,0.6057165265083313,0.5271183848381042,0.6668341159820557,0.628860592842102,0.5434750318527222,0.5312334895133972,0.5608619451522827,0.5928044319152832,0.5660626888275146,0.5490217208862305,0.5630304217338562,0.5702851414680481,0.5480257272720337,0.5046294927597046,0.5338765382766724,0.5303299427032471,0.4991808235645294,0.5996993780136108,0.5228587985038757,0.48865365982055664,0.5220887660980225,0.5858465433120728,0.44482553005218506,0.6132500171661377,0.6607521772384644,0.8842968940734863,0.7363770008087158,0.8082094192504883,1.0000001192092896,0.7034252882003784,0.8279521465301514,0.8482463359832764,0.6838555335998535,0.8170535564422607,0.5804758071899414,0.5908927321434021,0.6596335172653198,0.6029469966888428,0.5959024429321289,0.7227487564086914,0.6070189476013184,0.6693665981292725,0.6260642409324646,0.7125791311264038,0.6849254369735718,0.6420871019363403,0.5103517770767212,0.6718865633010864,0.7147582769393921,0.6965188980102539,0.5956380367279053,0.6453675031661987,0.6173054575920105,0.7052955627441406,0.6250743865966797,0.6101484298706055,0.5874133706092834,0.640941858291626,0.566389799118042,0.577751636505127,0.566999077796936,0.5984034538269043,0.6442850232124329,0.5489904880523682,0.6044567227363586,0.6533572673797607,0.6740185022354126,0.595050573348999,0.6004381775856018,0.6508780717849731,0.681111752986908,0.685550332069397,0.5486429929733276,0.6759179830551147,0.6611016988754272,0.5229228734970093,0.5933586359024048,0.5622846484184265,0.7000322341918945,0.6086478233337402,0.73744136095047,0.5656061768531799,0.6019003987312317,0.5793430209159851
RoadAccidents#5,0.5579217076301575,0.49495184421539307,0.4684082269668579,0.3903849124908447,0.4668939709663391,0.5169570446014404,0.4637138545513153,0.456996351480484,0.4292406141757965,0.40714359283447266,0.5082823038101196,0.4930770993232727,0.5402796268463135,0.5899689793586731,0.48996466398239136,0.6085681915283203,0.6009365320205688,0.49097150564193726,0.48782896995544434,0.39832478761672974,0.5726673603057861,0.6044299006462097,0.6949706673622131,0.5997560620307922,0.5988379716873169,0.6050556898117065,0.5995745658874512,0.5792274475097656,0.6441667675971985,0.635595440864563,0.6833270788192749,0.6098750233650208,0.5880622267723083,0.6176972389221191,0.5205975770950317,0.6042235493659973,0.6349369287490845,0.6569802165031433,0.5959967374801636,0.6266469955444336,0.5402092933654785,0.43283820152282715,0.4601711630821228,0.49151545763015747,0.6072251796722412,0.6172528266906738,0.5175754427909851,0.4055717885494232,0.4767109751701355,0.4760573208332062,0.5252127647399902,0.5942949652671814,0.5590664744377136,0.5595058798789978,0.6441032886505127,0.6073833703994751,0.622638463973999,0.5462056994438171,0.6356595754623413,0.5821383595466614,0.5865016579627991,0.5519929528236389,0.5596401691436768,0.5918551087379456,0.5913095474243164,0.533606767654419,0.5721922516822815,0.5686505436897278,0.527687132358551,0.5122842788696289,0.4670882523059845,0.504364013671875,0.45853763818740845,0.573903501033783,0.5599345564842224,0.40547677874565125,0.5050547122955322,0.5292496681213379,0.42737969756126404,0.5950456261634827,0.7254983186721802,0.7647639513015747,0.6973111629486084,0.7885771989822388,0.7034252882003784,0.9999998211860657,0.6930553317070007,0.8022104501724243,0.7976365089416504,0.7372875213623047,0.6328698396682739,0.6091454029083252,0.6053061485290527,0.6828385591506958,0.6450352668762207,0.6405237913131714,0.6541299819946289,0.6199867129325867,0.6137186288833618,0.6344144344329834,0.6201931834220886,0.5948975086212158,0.4485514163970947,0.660879909992218,0.5905680060386658,0.6065086126327515,0.5272271633148193,0.6110192537307739,0.526022732257843,0.5870741605758667,0.5729121565818787,0.657881498336792,0.6117630004882812,0.5932086110115051,0.6454761028289795,0.6568599343299866,0.5643477439880371,0.6083778142929077,0.648549497127533,0.6156517863273621,0.6630338430404663,0.6539086103439331,0.6265130043029785,0.6665011644363403,0.6399892568588257,0.6979362964630127,0.5897072553634644,0.6492842435836792,0.6375678181648254,0.6930175423622131,0.6438933610916138,0.6194902062416077,0.5254411697387695,0.6053662300109863,0.6701142191886902,0.6971164345741272,0.7927135229110718,0.5898702144622803,0.5914042592048645,0.6891739368438721
RoadAccidents#6,0.49585068225860596,0.4630783498287201,0.3718118369579315,0.32612916827201843,0.432248592376709,0.45255327224731445,0.49888813495635986,0.43968310952186584,0.4151928424835205,0.3265378177165985,0.6887032985687256,0.6731547117233276,0.6820042729377747,0.7615199089050293,0.6769135594367981,0.7856432199478149,0.7446849346160889,0.6508690714836121,0.7011969089508057,0.5643369555473328,0.6647346019744873,0.6840943098068237,0.6780480146408081,0.7010562419891357,0.7054674029350281,0.6568698287010193,0.7151294946670532,0.6535786390304565,0.7545831799507141,0.727618932723999,0.7156956195831299,0.7349109649658203,0.6093190312385559,0.7238723039627075,0.511211097240448,0.7344034314155579,0.7132922410964966,0.7486333847045898,0.590796947479248,0.627312958240509,0.7489563226699829,0.5951972007751465,0.6580913066864014,0.6252263784408569,0.7554361820220947,0.8169296979904175,0.7243340015411377,0.5624225735664368,0.6502548456192017,0.6113848686218262,0.6653276681900024,0.6650881767272949,0.6568794846534729,0.562522828578949,0.7431549429893494,0.6893460154533386,0.7121319770812988,0.6072959303855896,0.7359784841537476,0.663371741771698,0.651214599609375,0.6127764582633972,0.6884196400642395,0.6954491138458252,0.636283278465271,0.6853159070014954,0.6752990484237671,0.6606894731521606,0.6643606424331665,0.5742192268371582,0.615090548992157,0.6338192224502563,0.6106032133102417,0.7137622237205505,0.6232693791389465,0.5989043712615967,0.6100596785545349,0.697421133518219,0.551357090473175,0.691189706325531,0.6830044984817505,0.8044536113739014,0.811823844909668,0.7823261022567749,0.8279521465301514,0.6930553317070007,0.9999998807907104,0.8490003347396851,0.7613515257835388,0.8217684626579285,0.6529658436775208,0.6264153718948364,0.747435450553894,0.6956995725631714,0.5937103629112244,0.8102482557296753,0.6895955801010132,0.7526581883430481,0.6577166318893433,0.7756831645965576,0.7096328139305115,0.7083804607391357,0.6127417087554932,0.7420642375946045,0.7114863991737366,0.7810330986976624,0.6875301599502563,0.707339882850647,0.6605374217033386,0.7187296748161316,0.6551960706710815,0.6372079849243164,0.6685612201690674,0.6834379434585571,0.6533978581428528,0.6425169110298157,0.5952678918838501,0.6749676465988159,0.6771197319030762,0.628952145576477,0.7351107001304626,0.7084604501724243,0.7769675850868225,0.6853349208831787,0.6872557401657104,0.7563939094543457,0.6886570453643799,0.7648352980613708,0.6729010343551636,0.7801395058631897,0.7070667743682861,0.6082755327224731,0.5966430902481079,0.6482176780700684,0.6551055908203125,0.6633815765380859,0.7237133979797363,0.5756618976593018,0.7156956195831299,0.677534818649292
RoadAccidents#7,0.5136203765869141,0.4509342908859253,0.4132663905620575,0.3124787211418152,0.4572336673736572,0.481920063495636,0.49170708656311035,0.4382147789001465,0.41136324405670166,0.3251971900463104,0.6673228144645691,0.6202518939971924,0.65386962890625,0.7228760123252869,0.6323046684265137,0.6979026794433594,0.7025392055511475,0.6237455606460571,0.6558917760848999,0.5492730140686035,0.6527531147003174,0.6514781713485718,0.7089813947677612,0.655878484249115,0.663543701171875,0.6543327569961548,0.7074822187423706,0.6427669525146484,0.7284363508224487,0.7138056755065918,0.7139911651611328,0.7044520974159241,0.6162340641021729,0.7084240913391113,0.532501220703125,0.6828039884567261,0.7083121538162231,0.7259157299995422,0.5649778842926025,0.627338707447052,0.6780054569244385,0.5664358735084534,0.6113277673721313,0.6135618686676025,0.7048757076263428,0.7421585321426392,0.6807183027267456,0.5402444005012512,0.6264830827713013,0.5906341075897217,0.644084095954895,0.6490231156349182,0.6040264368057251,0.5522636771202087,0.7078605890274048,0.6719739437103271,0.6781349182128906,0.5757230520248413,0.717145562171936,0.6228874921798706,0.6549813151359558,0.6103142499923706,0.6716800928115845,0.6752169132232666,0.6332597732543945,0.6665457487106323,0.668340802192688,0.6490646600723267,0.6400978565216064,0.5750668048858643,0.5978343486785889,0.6019097566604614,0.5882565975189209,0.6761490106582642,0.6180315017700195,0.568253219127655,0.583465576171875,0.6710183024406433,0.5412182211875916,0.6935729384422302,0.7461010217666626,0.8537938594818115,0.7902978658676147,0.9010029435157776,0.8482463359832764,0.8022104501724243,0.8490003347396851,1.0,0.8279622197151184,0.8238239884376526,0.6402155756950378,0.6062120199203491,0.7340624332427979,0.6683393716812134,0.6096378564834595,0.7354050874710083,0.676249623298645,0.7157113552093506,0.6690982580184937,0.7126085162162781,0.7184353470802307,0.6948528289794922,0.5893469452857971,0.7510905861854553,0.6873267889022827,0.7432489395141602,0.6740161180496216,0.6946710348129272,0.6479849815368652,0.7083519697189331,0.6373422145843506,0.6515214443206787,0.6491221189498901,0.678699254989624,0.6341531276702881,0.6433433294296265,0.577023983001709,0.6765611171722412,0.683418869972229,0.6189965605735779,0.7045252323150635,0.6513135433197021,0.7274577617645264,0.6599290370941162,0.6751478910446167,0.7383694648742676,0.6394964456558228,0.7258439064025879,0.6459819078445435,0.7433716654777527,0.7077255249023438,0.6050478219985962,0.5884929299354553,0.6347312927246094,0.6968511939048767,0.6657872200012207,0.7918272018432617,0.5555379390716553,0.6895664930343628,0.6704570055007935
RoadAccidents#8,0.46312204003334045,0.44165194034576416,0.3781888782978058,0.3319259583950043,0.46968865394592285,0.40228408575057983,0.43873631954193115,0.402493417263031,0.36868372559547424,0.34664538502693176,0.6416119933128357,0.6028043031692505,0.6100085973739624,0.6571053266525269,0.5991284847259521,0.6974014639854431,0.7037270069122314,0.6023615598678589,0.609184205532074,0.524297833442688,0.5641852021217346,0.577702522277832,0.6341272592544556,0.6171308159828186,0.6226835250854492,0.5989512205123901,0.6557652950286865,0.5651454925537109,0.6906915903091431,0.6608126163482666,0.7368236780166626,0.7080186605453491,0.6397660970687866,0.744972825050354,0.49542123079299927,0.6995301246643066,0.7465646266937256,0.7728667259216309,0.5919066667556763,0.6574759483337402,0.6797751188278198,0.5319159030914307,0.590662956237793,0.596123218536377,0.7116937637329102,0.7371797561645508,0.6512097120285034,0.5088968276977539,0.6085222959518433,0.5789896249771118,0.6648908257484436,0.7003253698348999,0.6830341815948486,0.6042277812957764,0.7484978437423706,0.7241650819778442,0.7301353216171265,0.6408345699310303,0.7518209218978882,0.650885820388794,0.6533886194229126,0.6231355667114258,0.6304923295974731,0.7047350406646729,0.6646942496299744,0.6602588295936584,0.6554313898086548,0.6537288427352905,0.6276127099990845,0.5667529106140137,0.5499026775360107,0.6011068820953369,0.539330005645752,0.6586142778396606,0.6284244060516357,0.5118598937988281,0.5396166443824768,0.6227054595947266,0.4991180896759033,0.6530797481536865,0.7111464738845825,0.7312547564506531,0.727779746055603,0.7439441680908203,0.6838555335998535,0.7976365089416504,0.7613515257835388,0.8279622197151184,1.000000238418579,0.7155463695526123,0.686721682548523,0.6267749667167664,0.6857819557189941,0.7520384788513184,0.6508445739746094,0.7377330660820007,0.6893165707588196,0.7243028879165649,0.6880919933319092,0.7326904535293579,0.7043923735618591,0.7293373942375183,0.5976766347885132,0.7636374235153198,0.663357138633728,0.7402619123458862,0.6714308857917786,0.7087545394897461,0.6647800207138062,0.684895396232605,0.619204044342041,0.7055625915527344,0.679715633392334,0.6836018562316895,0.6929419040679932,0.6865895986557007,0.5639872550964355,0.6749447584152222,0.692864179611206,0.6091654300689697,0.7371038794517517,0.6450318694114685,0.7217341661453247,0.6937524080276489,0.7326759099960327,0.7436388731002808,0.6162717342376709,0.7174029350280762,0.6849576234817505,0.7496335506439209,0.7349249124526978,0.6845746040344238,0.5753977298736572,0.714624285697937,0.7058718204498291,0.7106578946113586,0.7485159635543823,0.5837318897247314,0.7081246376037598,0.7422417998313904
RoadAccidents#9,0.5392742156982422,0.507673978805542,0.4551863670349121,0.38754743337631226,0.48531460762023926,0.4894345998764038,0.4711433947086334,0.45299607515335083,0.4187820553779602,0.409945011138916,0.5314957499504089,0.5157655477523804,0.5415545701980591,0.6320772171020508,0.49843859672546387,0.6629819869995117,0.6242223978042603,0.49337273836135864,0.5176790356636047,0.3898438811302185,0.5930550694465637,0.6027777194976807,0.6397283673286438,0.6232688426971436,0.6256622076034546,0.5870907306671143,0.6064914464950562,0.6033109426498413,0.6275012493133545,0.6501544713973999,0.6535812020301819,0.6103089451789856,0.5774253010749817,0.6613904237747192,0.5129110217094421,0.635852575302124,0.6163272261619568,0.6504563689231873,0.5620824694633484,0.6375959515571594,0.5954700708389282,0.4418794810771942,0.493398517370224,0.4915713965892792,0.6703125238418579,0.6509842872619629,0.5373538732528687,0.39024877548217773,0.47813594341278076,0.43801188468933105,0.5261980295181274,0.5742157101631165,0.5577488541603088,0.5346955060958862,0.602831244468689,0.6449064016342163,0.6202569007873535,0.5700729489326477,0.6422762870788574,0.62603759765625,0.6030751466751099,0.5779709815979004,0.5579721927642822,0.615955114364624,0.5947826504707336,0.5521076917648315,0.5675039291381836,0.5816003084182739,0.5803467035293579,0.5252881050109863,0.4954676032066345,0.5254548788070679,0.4562787115573883,0.6308062076568604,0.5617380738258362,0.4337003231048584,0.47673550248146057,0.5576258897781372,0.39985084533691406,0.5947652459144592,0.7326925992965698,0.7754426002502441,0.842868983745575,0.8032119274139404,0.8170535564422607,0.7372875213623047,0.8217684626579285,0.8238239884376526,0.7155463695526123,1.0,0.601813793182373,0.5989326238632202,0.5914199352264404,0.6837894320487976,0.6297605633735657,0.6856210231781006,0.6179434061050415,0.6389657258987427,0.5730522871017456,0.693208634853363,0.6199750304222107,0.5983731746673584,0.44864779710769653,0.6480352282524109,0.602450966835022,0.6225811243057251,0.5423754453659058,0.6026444435119629,0.5175645351409912,0.6090400815010071,0.6042410135269165,0.6479580402374268,0.604060709476471,0.6378998756408691,0.6227092146873474,0.6171247363090515,0.5932834148406982,0.6161813139915466,0.6502348780632019,0.607761025428772,0.631128191947937,0.6976341605186462,0.6360979080200195,0.6378661394119263,0.6345794796943665,0.698319137096405,0.6166388988494873,0.6792721748352051,0.5869205594062805,0.6793848872184753,0.6536144614219666,0.5590476989746094,0.5139830708503723,0.5847787857055664,0.6629289388656616,0.6525312662124634,0.6970674991607666,0.570216953754425,0.5871602892875671,0.6252932548522949
Robbery#0,0.3688740134239197,0.4062865376472473,0.21085362136363983,0.2406957447528839,0.3648216426372528,0.2503710985183716,0.36198532581329346,0.24584436416625977,0.3221495747566223,0.21520712971687317,0.6674804091453552,0.6914759874343872,0.692094087600708,0.7050312757492065,0.6293197870254517,0.7600021958351135,0.7775433659553528,0.664182186126709,0.6158645749092102,0.5141555666923523,0.5708192586898804,0.5738157629966736,0.5333489775657654,0.6688804626464844,0.6015018224716187,0.47615012526512146,0.7122150659561157,0.48657742142677307,0.6499074697494507,0.7425228953361511,0.7407355308532715,0.7819611430168152,0.6053670644760132,0.7727961540222168,0.41314268112182617,0.6407472491264343,0.719579815864563,0.7903140187263489,0.6078453063964844,0.6457031965255737,0.7590737342834473,0.5313384532928467,0.6060503721237183,0.618733286857605,0.8379042148590088,0.6944957971572876,0.6392360925674438,0.5175274014472961,0.6346336603164673,0.5399960279464722,0.7023406028747559,0.8127526044845581,0.7833960652351379,0.736424446105957,0.7362337112426758,0.728939414024353,0.7947818040847778,0.8355535268783569,0.7735408544540405,0.7361307740211487,0.6019706726074219,0.6196069717407227,0.5701298117637634,0.6963653564453125,0.6460192203521729,0.6609913110733032,0.6402727365493774,0.6154022216796875,0.5845033526420593,0.602060079574585,0.6027600169181824,0.5936732292175293,0.5533512830734253,0.7066447734832764,0.5592472553253174,0.48685842752456665,0.5466678142547607,0.6106144189834595,0.4630320966243744,0.6505559682846069,0.6876877546310425,0.5943645238876343,0.5718733668327332,0.607483983039856,0.5804758071899414,0.6328698396682739,0.6529658436775208,0.6402155756950378,0.686721682548523,0.601813793182373,0.9999998807907104,0.8519784212112427,0.7355958223342896,0.8186290264129639,0.8340834379196167,0.8330540060997009,0.8104454278945923,0.8578758239746094,0.7881747484207153,0.8540680408477783,0.6851493120193481,0.7528505325317383,0.6064860820770264,0.7970583438873291,0.6270942687988281,0.7055615186691284,0.6415653228759766,0.6873432397842407,0.637129545211792,0.6393526792526245,0.7188920974731445,0.732659101486206,0.714292049407959,0.7089201211929321,0.7707741260528564,0.6636449098587036,0.5757302045822144,0.687301754951477,0.7817642688751221,0.705634593963623,0.7988073229789734,0.7596147060394287,0.7932698726654053,0.7416489124298096,0.7538330554962158,0.7535802721977234,0.6897633075714111,0.8062754273414612,0.7251108884811401,0.7874645590782166,0.7749196290969849,0.6330261826515198,0.5591471791267395,0.7251304388046265,0.7114211320877075,0.7262170314788818,0.6779402494430542,0.5204806327819824,0.7689422369003296,0.7895212769508362
Robbery#1,0.5037586092948914,0.5629621744155884,0.31399697065353394,0.3615739047527313,0.44668570160865784,0.4040941596031189,0.49891600012779236,0.4135192036628723,0.4688887596130371,0.31907469034194946,0.6680004596710205,0.649243950843811,0.6884709596633911,0.6726334095001221,0.6633275747299194,0.7299729585647583,0.7321969270706177,0.6814576983451843,0.6167852878570557,0.5528650283813477,0.5859615802764893,0.648872971534729,0.5594505667686462,0.6215264797210693,0.6108533143997192,0.5176846981048584,0.6829376220703125,0.5060122609138489,0.6471906304359436,0.6998984813690186,0.6989070177078247,0.7236641049385071,0.6332463026046753,0.707099437713623,0.484107106924057,0.6082053780555725,0.6600332260131836,0.7504007816314697,0.6356748342514038,0.6880010962486267,0.7654142379760742,0.5756970643997192,0.5920082330703735,0.6484696865081787,0.8264298439025879,0.6714908480644226,0.6439548134803772,0.5563925504684448,0.6402616500854492,0.5563045740127563,0.6693744659423828,0.7643616199493408,0.7131799459457397,0.6677009463310242,0.7175135016441345,0.668089747428894,0.754222571849823,0.7399718761444092,0.7178871631622314,0.7325844764709473,0.6031447052955627,0.6627439260482788,0.5963530540466309,0.6868155002593994,0.652927577495575,0.6443374156951904,0.6761406660079956,0.6201699376106262,0.6385865211486816,0.6322729587554932,0.6719746589660645,0.656958818435669,0.6142568588256836,0.7419060468673706,0.6251753568649292,0.552104651927948,0.638286828994751,0.6580573916435242,0.5208777785301208,0.6905651092529297,0.6643997430801392,0.5999534726142883,0.5082392692565918,0.644079327583313,0.5908927321434021,0.6091454029083252,0.6264153718948364,0.6062120199203491,0.6267749667167664,0.5989326238632202,0.8519784212112427,1.0,0.7064189910888672,0.7618141174316406,0.8407771587371826,0.8051252365112305,0.742169976234436,0.7934966087341309,0.6963210105895996,0.8046268224716187,0.6474673748016357,0.6882269978523254,0.6078861951828003,0.7442054152488708,0.6122803688049316,0.6623389720916748,0.6367571353912354,0.7016249895095825,0.5889829397201538,0.637909471988678,0.7321487665176392,0.7216152548789978,0.7180212140083313,0.7123092412948608,0.7617617249488831,0.7270835041999817,0.6058596968650818,0.6667852401733398,0.7417548894882202,0.7402836680412292,0.7549934387207031,0.8357670307159424,0.7765606641769409,0.7488917112350464,0.6900540590286255,0.7204760313034058,0.7032603621482849,0.7867861986160278,0.7196569442749023,0.7541618347167969,0.7617781162261963,0.6621913313865662,0.5196707248687744,0.7121888399124146,0.739747941493988,0.7880619764328003,0.6301894187927246,0.5658650994300842,0.7340111136436462,0.7895837426185608
Robbery#2,0.48402583599090576,0.4678420424461365,0.3431420624256134,0.34956496953964233,0.4673616588115692,0.4371151626110077,0.5416007041931152,0.4478732943534851,0.47642195224761963,0.3070134222507477,0.8509477972984314,0.822306752204895,0.831807017326355,0.8338404893875122,0.8504780530929565,0.7961174249649048,0.8421263098716736,0.830572783946991,0.8403701782226562,0.7717956304550171,0.7065176963806152,0.6983800530433655,0.6730828881263733,0.725141167640686,0.7153540849685669,0.6520823836326599,0.8188168406486511,0.6442294716835022,0.7973697185516357,0.7939190864562988,0.7511484622955322,0.7889938354492188,0.6673163175582886,0.7119485139846802,0.5467379093170166,0.696686327457428,0.7591496706008911,0.8109965920448303,0.5826522707939148,0.6129651665687561,0.831341564655304,0.7472919821739197,0.8035387992858887,0.8087517023086548,0.7844287157058716,0.8347277641296387,0.853867769241333,0.7691556215286255,0.8360573053359985,0.7931768894195557,0.8068327903747559,0.7487633228302002,0.7412896156311035,0.6477108597755432,0.84816575050354,0.7048217058181763,0.7644672393798828,0.6479464769363403,0.7813642024993896,0.6816952228546143,0.627501368522644,0.5826369524002075,0.7596337795257568,0.6756399869918823,0.6043187975883484,0.7784769535064697,0.7696974277496338,0.6417008638381958,0.6853930354118347,0.5972738265991211,0.7714325189590454,0.7760108709335327,0.7928479313850403,0.7766791582107544,0.7343031167984009,0.744490385055542,0.7744796276092529,0.8234630823135376,0.7467938661575317,0.8187441825866699,0.5944737195968628,0.6912252306938171,0.5799393653869629,0.6922258138656616,0.6596335172653198,0.6053061485290527,0.747435450553894,0.7340624332427979,0.6857819557189941,0.5914199352264404,0.7355958223342896,0.7064189910888672,1.0,0.7092194557189941,0.6185640096664429,0.8425545692443848,0.8683518171310425,0.8799715042114258,0.7706841826438904,0.7991031408309937,0.8048006892204285,0.8246991634368896,0.7916330099105835,0.8258781433105469,0.7687981128692627,0.8568674325942993,0.834321141242981,0.782031774520874,0.7764129638671875,0.7840409278869629,0.7337036728858948,0.7192161083221436,0.7476726770401001,0.7197109460830688,0.7089210748672485,0.7291678786277771,0.6400647163391113,0.7943280339241028,0.7286668419837952,0.6949434876441956,0.8335239887237549,0.6805295944213867,0.8667594194412231,0.7676271796226501,0.7392635345458984,0.7871501445770264,0.7791182994842529,0.8288538455963135,0.8087896108627319,0.8547958135604858,0.7406371235847473,0.7138956189155579,0.596622109413147,0.7368988394737244,0.6602554321289062,0.6959174871444702,0.7004771828651428,0.5838915109634399,0.8261415958404541,0.7718023061752319
Robbery#3,0.4734042286872864,0.5079913139343262,0.30752167105674744,0.3470904231071472,0.45457178354263306,0.3569188117980957,0.4340227246284485,0.3841751217842102,0.4069773256778717,0.3258013129234314,0.6572848558425903,0.6757556200027466,0.7216635942459106,0.6605368852615356,0.6401821374893188,0.7852993607521057,0.8118085265159607,0.6853080987930298,0.6160224676132202,0.5000606775283813,0.5436650514602661,0.5629444122314453,0.5532943606376648,0.6231340169906616,0.6078060269355774,0.497830331325531,0.6910480260848999,0.47510451078414917,0.6740787029266357,0.7754026651382446,0.7643495798110962,0.7659556865692139,0.7244411706924438,0.7721583247184753,0.4757765233516693,0.6068487763404846,0.7791252732276917,0.8319267630577087,0.6295303106307983,0.7337511777877808,0.731751561164856,0.562836766242981,0.595853328704834,0.6437112092971802,0.7561237812042236,0.7492533922195435,0.6550062894821167,0.505793571472168,0.6184225082397461,0.5616044402122498,0.7348203063011169,0.8213112950325012,0.8406789302825928,0.7068634033203125,0.816382646560669,0.8033102750778198,0.8595020771026611,0.8433006405830383,0.7896589040756226,0.7520362138748169,0.6708401441574097,0.6356574892997742,0.6814801096916199,0.6720225214958191,0.6567691564559937,0.6822531223297119,0.6971951723098755,0.6234334111213684,0.6402127742767334,0.5986650586128235,0.614244818687439,0.6430785655975342,0.5701763033866882,0.7625197768211365,0.6929724216461182,0.49277693033218384,0.598609447479248,0.6605795621871948,0.5165081024169922,0.7076987028121948,0.6786356568336487,0.5949066877365112,0.6183493137359619,0.6459740400314331,0.6029469966888428,0.6828385591506958,0.6956995725631714,0.6683393716812134,0.7520384788513184,0.6837894320487976,0.8186290264129639,0.7618141174316406,0.7092194557189941,1.0,0.7881843447685242,0.8042283058166504,0.7937698364257812,0.7988103628158569,0.7266973257064819,0.8639016151428223,0.7040430307388306,0.748481810092926,0.5977581739425659,0.8154171109199524,0.6292182207107544,0.7331458330154419,0.6654881238937378,0.7259500026702881,0.5984998941421509,0.6715290546417236,0.6943619251251221,0.7802174687385559,0.7593401670455933,0.7315608263015747,0.828899621963501,0.7913060188293457,0.6297627687454224,0.7226229906082153,0.8033938407897949,0.797829270362854,0.875104546546936,0.7801030278205872,0.7958987951278687,0.8033316135406494,0.8050988912582397,0.8521022796630859,0.6502019762992859,0.826126217842102,0.8637039661407471,0.8616346716880798,0.8253991603851318,0.7547391653060913,0.5401668548583984,0.8036725521087646,0.6997307538986206,0.8111457824707031,0.6951168775558472,0.6023107767105103,0.7742147445678711,0.8696177005767822
Robbery#4,0.5411039590835571,0.5659515261650085,0.35707390308380127,0.43902260065078735,0.5732036828994751,0.42293307185173035,0.46864810585975647,0.43397533893585205,0.49545663595199585,0.37917548418045044,0.5780097842216492,0.5758711099624634,0.5823431015014648,0.6068016290664673,0.5439363121986389,0.6892331838607788,0.665622889995575,0.571819543838501,0.5124573111534119,0.43992680311203003,0.5344388484954834,0.5702852010726929,0.5470684170722961,0.5704249739646912,0.5671423077583313,0.48301172256469727,0.605309784412384,0.5011020302772522,0.6288719773292542,0.660266637802124,0.6849342584609985,0.6489384174346924,0.6314163208007812,0.699377179145813,0.48913830518722534,0.6162919998168945,0.6458081007003784,0.7183822393417358,0.6183336973190308,0.6892359256744385,0.6580221652984619,0.46393021941185,0.5155206918716431,0.5545377731323242,0.7567542791366577,0.6330699920654297,0.5519617795944214,0.44150009751319885,0.526644229888916,0.502206027507782,0.6099593639373779,0.7081072330474854,0.6290917992591858,0.6852825880050659,0.6648293137550354,0.6799039244651794,0.7127736210823059,0.7184422016143799,0.6783409118652344,0.6867109537124634,0.5984266400337219,0.6372870206832886,0.5394665002822876,0.6446195840835571,0.6391903162002563,0.5791915655136108,0.6053920984268188,0.6040478348731995,0.5710805654525757,0.6162090301513672,0.5544137954711914,0.5801884531974792,0.49468398094177246,0.6652817726135254,0.5997215509414673,0.432636022567749,0.5455843806266785,0.5640806555747986,0.4368651509284973,0.6141598224639893,0.6087422370910645,0.6201581954956055,0.5502156615257263,0.619227409362793,0.5959024429321289,0.6450352668762207,0.5937103629112244,0.6096378564834595,0.6508445739746094,0.6297605633735657,0.8340834379196167,0.8407771587371826,0.6185640096664429,0.7881843447685242,1.0,0.7204588651657104,0.6941287517547607,0.710274338722229,0.7186006903648376,0.7440327405929565,0.6382006406784058,0.6690047979354858,0.5078214406967163,0.736323893070221,0.6128851771354675,0.632259726524353,0.589923620223999,0.6575032472610474,0.5728939175605774,0.6359473466873169,0.7218267321586609,0.7916241884231567,0.7410733699798584,0.7120282649993896,0.7813974618911743,0.7596797943115234,0.6375293731689453,0.702839732170105,0.7720847129821777,0.7021478414535522,0.6984082460403442,0.7458865642547607,0.6827974319458008,0.6932840943336487,0.6867893934249878,0.6909607648849487,0.6182785034179688,0.7076132297515869,0.6778258085250854,0.6956107020378113,0.7510961294174194,0.6836652755737305,0.5196447968482971,0.7155465483665466,0.7389959096908569,0.7664585113525391,0.6611859798431396,0.5834450125694275,0.6753647327423096,0.7512496709823608
Robbery#5,0.45942044258117676,0.467583030462265,0.3066057562828064,0.32057446241378784,0.44749659299850464,0.3711168169975281,0.48384690284729004,0.39081501960754395,0.4175379276275635,0.287548303604126,0.8218980431556702,0.7776081562042236,0.7826894521713257,0.8413293361663818,0.8030290603637695,0.8580983877182007,0.8433935046195984,0.7712383270263672,0.7738591432571411,0.6684969663619995,0.7073029279708862,0.7416667938232422,0.688969075679779,0.7807964086532593,0.7415926456451416,0.6584453582763672,0.8327877521514893,0.6466678380966187,0.790735125541687,0.8125468492507935,0.7585742473602295,0.8386026620864868,0.6426461935043335,0.7797095775604248,0.5014674067497253,0.7230551838874817,0.7673313617706299,0.8293548822402954,0.6163238286972046,0.6600858569145203,0.92293381690979,0.6887619495391846,0.7747511863708496,0.7227432131767273,0.8947649002075195,0.8880188465118408,0.7958899736404419,0.6589640378952026,0.7664756774902344,0.6926544904708862,0.7883011102676392,0.8190382719039917,0.7948622703552246,0.7088064551353455,0.8272351026535034,0.7310166358947754,0.8159752488136292,0.7542142868041992,0.8351788520812988,0.7435600757598877,0.6394399404525757,0.6535143852233887,0.7030522227287292,0.7282881140708923,0.6564420461654663,0.7505677342414856,0.7342128753662109,0.6668774485588074,0.6959753036499023,0.6067999601364136,0.7183804512023926,0.7310682535171509,0.6943129301071167,0.7933497428894043,0.6806604862213135,0.6719621419906616,0.6755428314208984,0.7548291683197021,0.6132760047912598,0.7615598440170288,0.6725859045982361,0.7130309343338013,0.6338939666748047,0.7086254358291626,0.7227487564086914,0.6405237913131714,0.8102482557296753,0.7354050874710083,0.7377330660820007,0.6856210231781006,0.8330540060997009,0.8051252365112305,0.8425545692443848,0.8042283058166504,0.7204588651657104,0.9999998807907104,0.8117901086807251,0.9183592796325684,0.7932015657424927,0.8965799808502197,0.7969270944595337,0.8404908180236816,0.7283740639686584,0.8449773192405701,0.7923164367675781,0.8502795696258545,0.7881929874420166,0.7975635528564453,0.7663193941116333,0.7956119775772095,0.7505192756652832,0.7618005275726318,0.7831380367279053,0.7560189962387085,0.7649252414703369,0.7211099863052368,0.6232558488845825,0.7563304901123047,0.7664495706558228,0.7377591133117676,0.8214653730392456,0.8149751424789429,0.8862259984016418,0.7515122890472412,0.7651742696762085,0.8159050941467285,0.7876532077789307,0.8859748840332031,0.7732508182525635,0.863392174243927,0.7958515882492065,0.6977491974830627,0.6302005052566528,0.7496682405471802,0.754558265209198,0.7299343943595886,0.73419189453125,0.6014398336410522,0.8520584106445312,0.7832419872283936
Robbery#6,0.4726507365703583,0.48927193880081177,0.34251609444618225,0.37506383657455444,0.4696224331855774,0.4093843698501587,0.4955778121948242,0.40820032358169556,0.4461139440536499,0.3276403248310089,0.7366968393325806,0.7284208536148071,0.7470865249633789,0.7489631175994873,0.7214465141296387,0.7540315985679626,0.7930194139480591,0.7261853218078613,0.6947981119155884,0.6184597015380859,0.6761226058006287,0.6458842754364014,0.6375053524971008,0.7091532349586487,0.6589560508728027,0.5895670056343079,0.7808806896209717,0.5853634476661682,0.7339555025100708,0.8033237457275391,0.762087345123291,0.765593409538269,0.6665077209472656,0.7315945625305176,0.5234840512275696,0.6438500881195068,0.7528430223464966,0.7909761071205139,0.6142078638076782,0.6380648016929626,0.748966634273529,0.6387219429016113,0.690287172794342,0.7052759528160095,0.7816606760025024,0.7371011972427368,0.7212815284729004,0.6234343647956848,0.7116382718086243,0.6511678695678711,0.7364786267280579,0.7802945375442505,0.7542180418968201,0.7156192064285278,0.8021504282951355,0.7161890268325806,0.7639606595039368,0.7283643484115601,0.7863343358039856,0.7109236717224121,0.6324743032455444,0.5951783061027527,0.6948997974395752,0.6638045907020569,0.6068769097328186,0.719344973564148,0.7262527942657471,0.6243575811386108,0.6485482454299927,0.5917253494262695,0.689755916595459,0.6959402561187744,0.6780534982681274,0.7258716821670532,0.6814199686050415,0.6002019643783569,0.6710283756256104,0.7195028066635132,0.6233826875686646,0.744751513004303,0.6508365869522095,0.6358489394187927,0.5698071718215942,0.6537199020385742,0.6070189476013184,0.6541299819946289,0.6895955801010132,0.676249623298645,0.6893165707588196,0.6179434061050415,0.8104454278945923,0.742169976234436,0.8683518171310425,0.7937698364257812,0.6941287517547607,0.8117901086807251,0.9999998211860657,0.8782967329025269,0.7716923952102661,0.8029428124427795,0.7327708005905151,0.7681133151054382,0.6809210181236267,0.7914021611213684,0.7183818817138672,0.7527061700820923,0.7213643789291382,0.7380400896072388,0.6759932041168213,0.7011539936065674,0.7313617467880249,0.7501751184463501,0.7484488487243652,0.7206118702888489,0.7736693620681763,0.7455629110336304,0.618367075920105,0.7804398536682129,0.7659063339233398,0.763839840888977,0.8324097394943237,0.7094495296478271,0.8240841627120972,0.7886120080947876,0.7500431537628174,0.7868603467941284,0.7461410760879517,0.8420357704162598,0.8203744292259216,0.8588940501213074,0.7433724403381348,0.7057092189788818,0.5620417594909668,0.7541193962097168,0.6837717294692993,0.7328487038612366,0.7178823947906494,0.6001118421554565,0.7640670537948608,0.8007592558860779
Robbery#7,0.4125414192676544,0.43832793831825256,0.250426709651947,0.29406848549842834,0.4220283031463623,0.34224504232406616,0.45669448375701904,0.35517171025276184,0.3925514817237854,0.24891379475593567,0.8216551542282104,0.7778958678245544,0.7787086963653564,0.8169255256652832,0.785158097743988,0.8167847394943237,0.8324137926101685,0.7666705846786499,0.7749052047729492,0.682498574256897,0.68680340051651,0.7023483514785767,0.6644411087036133,0.7690891027450562,0.6872482299804688,0.6483970880508423,0.8472504615783691,0.6123021841049194,0.7923972606658936,0.7921903133392334,0.7555798888206482,0.8397096991539001,0.6132569313049316,0.7582932710647583,0.4628174304962158,0.6983287930488586,0.7589738965034485,0.8375159502029419,0.5832565426826477,0.6079941391944885,0.8577247262001038,0.6759449243545532,0.7783694863319397,0.7333540320396423,0.8614541292190552,0.8280087113380432,0.799151599407196,0.6847348213195801,0.7695084810256958,0.7072463035583496,0.8212747573852539,0.8148308992385864,0.8036969900131226,0.7441866397857666,0.8452514410018921,0.7415071725845337,0.8194737434387207,0.7776933908462524,0.8276493549346924,0.7508025169372559,0.6024281978607178,0.5937687158584595,0.6788583993911743,0.6895498037338257,0.6160926818847656,0.748274564743042,0.7117255926132202,0.6307395696640015,0.6560660600662231,0.5743722915649414,0.7058722972869873,0.7008037567138672,0.6846423149108887,0.7399868965148926,0.6587056517601013,0.6483526229858398,0.6786817312240601,0.7429788112640381,0.6260986328125,0.7475166320800781,0.6501307487487793,0.6827898621559143,0.6099385619163513,0.6643704175949097,0.6693665981292725,0.6199867129325867,0.7526581883430481,0.7157113552093506,0.7243028879165649,0.6389657258987427,0.8578758239746094,0.7934966087341309,0.8799715042114258,0.7988103628158569,0.710274338722229,0.9183592796325684,0.8782967329025269,0.9999997615814209,0.8023147583007812,0.9115848541259766,0.7817105054855347,0.8501152396202087,0.7426199913024902,0.8389455676078796,0.7727493047714233,0.8431018590927124,0.7998840808868408,0.7881754636764526,0.770834743976593,0.772864580154419,0.7780782580375671,0.7652692794799805,0.805727481842041,0.77677321434021,0.7812745571136475,0.7387609481811523,0.6183329820632935,0.7950828075408936,0.7925411462783813,0.7260191440582275,0.8326642513275146,0.7694385051727295,0.9050666689872742,0.7633110880851746,0.7735881209373474,0.81132972240448,0.8142993450164795,0.8793486952781677,0.788911759853363,0.881263017654419,0.7797602415084839,0.6830047369003296,0.6250775456428528,0.7564172744750977,0.7215312719345093,0.7085084915161133,0.7193838953971863,0.5852577686309814,0.8501459360122681,0.7859823703765869
Robbery#8,0.5067495107650757,0.48403191566467285,0.3551013469696045,0.3850035071372986,0.4984988570213318,0.42343756556510925,0.4977978467941284,0.41149482131004333,0.46735936403274536,0.34703919291496277,0.697507381439209,0.661003828048706,0.6743038296699524,0.7556630373001099,0.6641160845756531,0.720058798789978,0.7130229473114014,0.6618404388427734,0.6473190188407898,0.5909225344657898,0.6796072721481323,0.665206253528595,0.6401204466819763,0.6893181800842285,0.6878632307052612,0.6008523106575012,0.7391303181648254,0.6124591827392578,0.7346210479736328,0.7304238080978394,0.7466217875480652,0.7440452575683594,0.6139287948608398,0.7411317825317383,0.5516087412834167,0.6750705242156982,0.7344081997871399,0.7401694059371948,0.6193200349807739,0.624573826789856,0.7551034688949585,0.5642333030700684,0.6981768012046814,0.6718271374702454,0.772808313369751,0.7429851293563843,0.6881616115570068,0.5911919474601746,0.6668031215667725,0.6765812635421753,0.7119942903518677,0.7654123306274414,0.6927595138549805,0.6405786275863647,0.7476561069488525,0.7024765610694885,0.6925516128540039,0.6804013252258301,0.7755323648452759,0.6959153413772583,0.612739622592926,0.6309758424758911,0.6261433959007263,0.6932438611984253,0.6204160451889038,0.7146333456039429,0.6981926560401917,0.6532192230224609,0.6377209424972534,0.5967099070549011,0.616294801235199,0.6502417922019958,0.6146189570426941,0.6904813051223755,0.648388683795929,0.5546108484268188,0.6167721748352051,0.6469923257827759,0.5642479658126831,0.6864422559738159,0.5803329944610596,0.6852867007255554,0.5777170658111572,0.606847882270813,0.6260642409324646,0.6137186288833618,0.6577166318893433,0.6690982580184937,0.6880919933319092,0.5730522871017456,0.7881747484207153,0.6963210105895996,0.7706841826438904,0.7266973257064819,0.7186006903648376,0.7932015657424927,0.7716923952102661,0.8023147583007812,0.9999998807907104,0.7679653167724609,0.8321075439453125,0.8859970569610596,0.6721827983856201,0.8280771970748901,0.8426215648651123,0.8055418729782104,0.7837526798248291,0.8043899536132812,0.8168843388557434,0.8013565540313721,0.6812164783477783,0.7372722625732422,0.7438562512397766,0.6936036348342896,0.687659502029419,0.6505990028381348,0.5540457963943481,0.7068241238594055,0.6783872842788696,0.6455391645431519,0.7377781867980957,0.7138276696205139,0.7913159132003784,0.6639354228973389,0.7757567763328552,0.7510515451431274,0.7191936373710632,0.7823451161384583,0.6843496561050415,0.7733051776885986,0.7488329410552979,0.6446750164031982,0.6606106162071228,0.7360594868659973,0.7189360857009888,0.6729412078857422,0.7184438705444336,0.6050269603729248,0.7335724830627441,0.6898638010025024
Robbery#9,0.4206680655479431,0.41964995861053467,0.24308767914772034,0.2668134868144989,0.40143710374832153,0.3384378254413605,0.43952739238739014,0.3385586142539978,0.3637005090713501,0.24253074824810028,0.727408766746521,0.717584490776062,0.7088289260864258,0.7511953711509705,0.689183235168457,0.8266856670379639,0.7996327877044678,0.6897027492523193,0.6857197284698486,0.5612900257110596,0.6283475756645203,0.6596688032150269,0.6072641611099243,0.714868426322937,0.6684993505477905,0.593320369720459,0.7604434490203857,0.5565247535705566,0.7324815988540649,0.7530639171600342,0.7671723365783691,0.8120313882827759,0.5887454152107239,0.7633517980575562,0.4284316301345825,0.6783299446105957,0.7367098331451416,0.8236349821090698,0.5651558637619019,0.6109176874160767,0.8229273557662964,0.5944526791572571,0.6837979555130005,0.6490240693092346,0.8514708280563354,0.8012638092041016,0.714040994644165,0.5640020966529846,0.6751538515090942,0.5917154550552368,0.769961953163147,0.8019925951957703,0.8265795707702637,0.7522534728050232,0.8079903721809387,0.7624012231826782,0.8301424384117126,0.8396288156509399,0.8321627974510193,0.8027712106704712,0.6055586338043213,0.594658613204956,0.6304773092269897,0.6952210664749146,0.6355830430984497,0.6934744119644165,0.6538445949554443,0.6254562735557556,0.6194751858711243,0.5473068952560425,0.6231058835983276,0.6177631616592407,0.5878342390060425,0.7202755212783813,0.5939501523971558,0.5460736751556396,0.5867993831634521,0.6656259298324585,0.5080732107162476,0.6876245737075806,0.6737673282623291,0.6910628080368042,0.6801347136497498,0.6635267734527588,0.7125791311264038,0.6344144344329834,0.7756831645965576,0.7126085162162781,0.7326904535293579,0.693208634853363,0.8540680408477783,0.8046268224716187,0.7991031408309937,0.8639016151428223,0.7440327405929565,0.8965799808502197,0.8029428124427795,0.9115848541259766,0.7679653167724609,0.9999998807907104,0.7567935585975647,0.8102132081985474,0.6509437561035156,0.8187018036842346,0.738498330116272,0.7995487451553345,0.7147113084793091,0.7458709478378296,0.7039608955383301,0.747779369354248,0.7655946016311646,0.7544746398925781,0.7773922681808472,0.7786352634429932,0.7740983963012695,0.727995753288269,0.613037109375,0.7643712162971497,0.8147972822189331,0.6981520652770996,0.8247328996658325,0.8168634176254272,0.8960691094398499,0.7896610498428345,0.7833012342453003,0.823628306388855,0.8004840612411499,0.8801838159561157,0.7592501044273376,0.8913588523864746,0.78438800573349,0.6377596855163574,0.6230145692825317,0.7276645302772522,0.7369160056114197,0.711936891078949,0.693280816078186,0.5812928676605225,0.7986006140708923,0.7722928524017334
Shooting#0,0.5236833095550537,0.5084758996963501,0.39412999153137207,0.38773638010025024,0.5107975006103516,0.4585605561733246,0.5480629205703735,0.48141905665397644,0.5165404677391052,0.36856138706207275,0.7550021409988403,0.6739798784255981,0.7148767709732056,0.7648898959159851,0.7329589128494263,0.7187111377716064,0.7397525310516357,0.7108054757118225,0.7296369075775146,0.6755704879760742,0.7502042055130005,0.7088155150413513,0.7032593488693237,0.7330077290534973,0.7318000793457031,0.7099138498306274,0.7917817831039429,0.7085350751876831,0.817836344242096,0.7804964780807495,0.7400565147399902,0.7566019296646118,0.6451560854911804,0.7103207111358643,0.5943991541862488,0.6677467823028564,0.7368764877319336,0.7623618841171265,0.5858699679374695,0.6131753325462341,0.7653309106826782,0.649215817451477,0.7290639877319336,0.732233464717865,0.767911434173584,0.8102646470069885,0.7455986142158508,0.664559006690979,0.7135390043258667,0.7474071979522705,0.7462053298950195,0.7232009172439575,0.6737396717071533,0.5752418041229248,0.7962421178817749,0.686365008354187,0.7022352814674377,0.6002485752105713,0.7642350792884827,0.6407891511917114,0.6208443641662598,0.6258238554000854,0.6953485012054443,0.6470324397087097,0.6336237192153931,0.736509382724762,0.7097116708755493,0.662337064743042,0.6684421896934509,0.5788637399673462,0.6685673594474792,0.7032411098480225,0.6842714548110962,0.7268414497375488,0.6972800493240356,0.647083044052124,0.6777811050415039,0.7204869985580444,0.6452533006668091,0.7343540787696838,0.5596085786819458,0.7213259935379028,0.6150873899459839,0.696295976638794,0.6849254369735718,0.6201931834220886,0.7096328139305115,0.7184353470802307,0.7043923735618591,0.6199750304222107,0.6851493120193481,0.6474673748016357,0.8048006892204285,0.7040430307388306,0.6382006406784058,0.7969270944595337,0.7327708005905151,0.7817105054855347,0.8321075439453125,0.7567935585975647,1.0,0.9145268201828003,0.7639060020446777,0.9195148944854736,0.8984115123748779,0.8964905142784119,0.8748968839645386,0.8666927218437195,0.889487624168396,0.9370204210281372,0.6413427591323853,0.6866199970245361,0.713813066482544,0.6408892869949341,0.6539887189865112,0.6661781072616577,0.5686522126197815,0.7038474082946777,0.6245526075363159,0.6314675807952881,0.715164303779602,0.6809920072555542,0.7738991975784302,0.6499350666999817,0.6850664615631104,0.7712474465370178,0.6816904544830322,0.7563682794570923,0.6914712190628052,0.7651012539863586,0.7450358867645264,0.673319935798645,0.6587562561035156,0.7302411794662476,0.6986998915672302,0.6477558612823486,0.7190204858779907,0.619554340839386,0.7640867829322815,0.6689231395721436
Shooting#1,0.4832085967063904,0.48692530393600464,0.3202875852584839,0.3350701332092285,0.4686838388442993,0.3999708890914917,0.4920511245727539,0.4110487103462219,0.4660507142543793,0.31241679191589355,0.8123328685760498,0.7525278329849243,0.7735046148300171,0.8089418411254883,0.7944678068161011,0.7747342586517334,0.8029335737228394,0.7748782634735107,0.7884142994880676,0.7319920063018799,0.6813503503799438,0.6866906881332397,0.684416651725769,0.7448062300682068,0.6967747211456299,0.6585688591003418,0.8264861106872559,0.6201758980751038,0.7841917872428894,0.7608858346939087,0.7305573225021362,0.8086832761764526,0.6729000806808472,0.7581221461296082,0.5216327905654907,0.6864215731620789,0.7842053771018982,0.8123961687088013,0.5831859111785889,0.6285741329193115,0.849793553352356,0.6995499134063721,0.801154375076294,0.7908879518508911,0.8119627237319946,0.8458045721054077,0.809511125087738,0.7158489227294922,0.7914224863052368,0.7820707559585571,0.8021254539489746,0.7703448534011841,0.7377837896347046,0.6334587335586548,0.8404989242553711,0.7108861207962036,0.7599672079086304,0.6652575731277466,0.7807285785675049,0.6703324317932129,0.6229776740074158,0.6237342357635498,0.7098730802536011,0.6810108423233032,0.6399134993553162,0.7948576211929321,0.754461944103241,0.6545785665512085,0.6770508885383606,0.5821884870529175,0.7216205596923828,0.742536187171936,0.7293659448623657,0.7694736123085022,0.7272672653198242,0.6849125027656555,0.7135198712348938,0.7666166424751282,0.682154655456543,0.776354193687439,0.5751539468765259,0.686759352684021,0.6152299642562866,0.6372455358505249,0.6420871019363403,0.5948975086212158,0.7083804607391357,0.6948528289794922,0.7293373942375183,0.5983731746673584,0.7528505325317383,0.6882269978523254,0.8246991634368896,0.748481810092926,0.6690047979354858,0.8404908180236816,0.7681133151054382,0.8501152396202087,0.8859970569610596,0.8102132081985474,0.9145268201828003,0.9999998807907104,0.8154834508895874,0.908812940120697,0.8576155304908752,0.9037482738494873,0.9157063961029053,0.8813382387161255,0.8817634582519531,0.8877249956130981,0.663267970085144,0.7286107540130615,0.7699826955795288,0.6971735954284668,0.7146891951560974,0.6904692053794861,0.5669523477554321,0.7346745729446411,0.6754554510116577,0.6495766639709473,0.7701448202133179,0.6872011423110962,0.8225767612457275,0.6678500771522522,0.75081467628479,0.7963219285011292,0.7049006819725037,0.7916098833084106,0.7363222241401672,0.788271427154541,0.778616189956665,0.7190500497817993,0.658686637878418,0.7957754731178284,0.691341757774353,0.6838034987449646,0.7160245776176453,0.6147807240486145,0.8348598480224609,0.7273370623588562
Shooting#2,0.37979742884635925,0.38700777292251587,0.27498659491539,0.28709182143211365,0.3891008198261261,0.3336865305900574,0.4269566833972931,0.3463665544986725,0.3982076942920685,0.25346624851226807,0.882128119468689,0.7948809862136841,0.8264690637588501,0.723863959312439,0.9042363166809082,0.6981943845748901,0.7893885374069214,0.8546422719955444,0.8871357440948486,0.8981767892837524,0.5562992095947266,0.5887761116027832,0.5276002883911133,0.6099295020103455,0.5674639940261841,0.5495343208312988,0.7529565095901489,0.502531111240387,0.6852132081985474,0.6619852781295776,0.6420238018035889,0.7628698945045471,0.7067397236824036,0.6564373970031738,0.48062852025032043,0.6158922910690308,0.7307671904563904,0.7632243633270264,0.545312762260437,0.5722665786743164,0.8168507814407349,0.8254988789558411,0.8737310171127319,0.8750201463699341,0.6893532276153564,0.7918077707290649,0.8898555040359497,0.8847053050994873,0.8877885937690735,0.8768754005432129,0.7985056638717651,0.663097620010376,0.6864802241325378,0.5186737179756165,0.8053648471832275,0.5819568634033203,0.6906061172485352,0.5330601334571838,0.6437605619430542,0.52489173412323,0.5836044549942017,0.5620524883270264,0.7842514514923096,0.6122910976409912,0.5870428085327148,0.8329781293869019,0.7856500148773193,0.6093933582305908,0.6962974071502686,0.581595778465271,0.8246053457260132,0.8281699419021606,0.8587450385093689,0.7341386675834656,0.7417361736297607,0.8284568190574646,0.8098594546318054,0.8214974403381348,0.8465149402618408,0.8188744783401489,0.46481502056121826,0.5320494174957275,0.47335201501846313,0.556873619556427,0.5103517770767212,0.4485514163970947,0.6127417087554932,0.5893469452857971,0.5976766347885132,0.44864779710769653,0.6064860820770264,0.6078861951828003,0.7916330099105835,0.5977581739425659,0.5078214406967163,0.7283740639686584,0.6809210181236267,0.7426199913024902,0.6721827983856201,0.6509437561035156,0.7639060020446777,0.8154834508895874,1.0,0.8061373233795166,0.6707829236984253,0.835970401763916,0.893957257270813,0.8055830001831055,0.7868238091468811,0.744991660118103,0.5704745054244995,0.6065523624420166,0.6668848991394043,0.5924115777015686,0.6013765335083008,0.631733775138855,0.5290255546569824,0.6637332439422607,0.573279857635498,0.6140577793121338,0.713586151599884,0.5334232449531555,0.7182016968727112,0.5708805918693542,0.5752116441726685,0.6820059418678284,0.588116466999054,0.6649399995803833,0.7364768981933594,0.6534111499786377,0.6444958448410034,0.730474591255188,0.48892438411712646,0.7360330820083618,0.5540959239006042,0.6088935136795044,0.5438985228538513,0.4898567199707031,0.8224394917488098,0.6780655384063721
Shooting#3,0.4881254732608795,0.5003225207328796,0.35095691680908203,0.3559044897556305,0.47496429085731506,0.40178585052490234,0.505836546421051,0.42268621921539307,0.4754731059074402,0.3346058130264282,0.7938467264175415,0.7563514709472656,0.7939899563789368,0.7686384916305542,0.7800116539001465,0.7973469495773315,0.8372945189476013,0.7770748734474182,0.7775090932846069,0.7035539746284485,0.6801117062568665,0.6662230491638184,0.6443054676055908,0.7089296579360962,0.6902540326118469,0.6248482465744019,0.7952510118484497,0.6185847520828247,0.8009775876998901,0.8167654275894165,0.801616370677948,0.8398672938346863,0.7408090829849243,0.8058716654777527,0.5721539258956909,0.7147741317749023,0.830255389213562,0.8841270208358765,0.6463611125946045,0.7129355669021606,0.8127236366271973,0.689918577671051,0.7549877166748047,0.7832095623016357,0.8302283883094788,0.8440793752670288,0.7962430715560913,0.6930582523345947,0.7691589593887329,0.7530530691146851,0.7952836751937866,0.8205000162124634,0.7749639749526978,0.6691223382949829,0.8577028512954712,0.7505718469619751,0.8212544322013855,0.7194343209266663,0.8166813850402832,0.698033332824707,0.7055502533912659,0.6873592138290405,0.7571237087249756,0.7155663371086121,0.7127029895782471,0.8052607774734497,0.7764925956726074,0.7097104787826538,0.7122485041618347,0.6548616886138916,0.733130693435669,0.7451454401016235,0.7155019640922546,0.8044243454933167,0.7358866930007935,0.6705560684204102,0.7192878723144531,0.774153470993042,0.6760176420211792,0.777916431427002,0.6442872285842896,0.6958363056182861,0.6572235822677612,0.7195983529090881,0.6718865633010864,0.660879909992218,0.7420642375946045,0.7510905861854553,0.7636374235153198,0.6480352282524109,0.7970583438873291,0.7442054152488708,0.8258781433105469,0.8154171109199524,0.736323893070221,0.8449773192405701,0.7914021611213684,0.8389455676078796,0.8280771970748901,0.8187018036842346,0.9195148944854736,0.908812940120697,0.8061373233795166,0.9999998807907104,0.8036627769470215,0.9109036326408386,0.8794872760772705,0.8745142221450806,0.8368948698043823,0.8818615078926086,0.6984416246414185,0.7474133372306824,0.7774660587310791,0.7144442796707153,0.7614582777023315,0.7410687208175659,0.630974292755127,0.7501749396324158,0.7361562252044678,0.7179861664772034,0.8400319814682007,0.7324740290641785,0.826987624168396,0.7499939203262329,0.7448002099990845,0.8432857990264893,0.6962445378303528,0.8231654167175293,0.797136664390564,0.8224062919616699,0.812983512878418,0.7571980953216553,0.6468528509140015,0.8086724281311035,0.7241393327713013,0.7549719214439392,0.740811288356781,0.6244338154792786,0.8458824753761292,0.7992854118347168
Shooting#4,0.5267576575279236,0.48744022846221924,0.37925752997398376,0.39433667063713074,0.5355722904205322,0.4995104670524597,0.5397343039512634,0.5072789788246155,0.5112816691398621,0.36585676670074463,0.6967661380767822,0.6125644445419312,0.6194628477096558,0.7502554655075073,0.6729340553283691,0.6811809539794922,0.6544321179389954,0.6187871694564819,0.6629129648208618,0.6001269221305847,0.7581189870834351,0.7144670486450195,0.7212018966674805,0.7305440902709961,0.7082492113113403,0.7197856903076172,0.7598147988319397,0.7257075309753418,0.8012806177139282,0.7139378190040588,0.700340747833252,0.7057543992996216,0.5480335354804993,0.6659935712814331,0.5654979944229126,0.6702024936676025,0.6671353578567505,0.6875249147415161,0.5490508675575256,0.531051754951477,0.7393622398376465,0.5678715109825134,0.7016310691833496,0.6366510987281799,0.7512438297271729,0.7918354272842407,0.6904944181442261,0.5900588631629944,0.6401990652084351,0.6876552104949951,0.6789078712463379,0.6535027027130127,0.605593204498291,0.5740876197814941,0.7269623875617981,0.6126373410224915,0.625797688961029,0.5343197584152222,0.7450422644615173,0.6329101324081421,0.5390796065330505,0.5743914842605591,0.6011170744895935,0.6116152405738831,0.5688329935073853,0.662233829498291,0.6342161893844604,0.6260806918144226,0.5973157286643982,0.5268370509147644,0.6028005480766296,0.6433839797973633,0.6012012958526611,0.635204553604126,0.6148918271064758,0.5795931220054626,0.6179789304733276,0.6427801847457886,0.5668933391571045,0.6597216129302979,0.5145147442817688,0.7290753126144409,0.5907912850379944,0.6481591463088989,0.7147582769393921,0.5905680060386658,0.7114863991737366,0.6873267889022827,0.663357138633728,0.602450966835022,0.6270942687988281,0.6122803688049316,0.7687981128692627,0.6292182207107544,0.6128851771354675,0.7923164367675781,0.7183818817138672,0.7727493047714233,0.8426215648651123,0.738498330116272,0.8984115123748779,0.8576155304908752,0.6707829236984253,0.8036627769470215,0.9999998211860657,0.8410616517066956,0.7899826765060425,0.8016030788421631,0.8360310196876526,0.9034068584442139,0.6646029949188232,0.694866955280304,0.7156405448913574,0.6592602729797363,0.6264328360557556,0.6460013389587402,0.5449991226196289,0.7116570472717285,0.6105397939682007,0.5738238096237183,0.6329381465911865,0.6538194417953491,0.7610692381858826,0.6032567024230957,0.6463252902030945,0.70854651927948,0.7588076591491699,0.73814857006073,0.6055245399475098,0.7401921153068542,0.6804375648498535,0.6212518215179443,0.687656044960022,0.6739892363548279,0.6913034915924072,0.597977876663208,0.7072575092315674,0.6415184140205383,0.7084434628486633,0.5997336506843567
Shooting#5,0.4483105540275574,0.4601381719112396,0.31403496861457825,0.3259812891483307,0.45134884119033813,0.3883662223815918,0.4662473201751709,0.4166593551635742,0.4283055067062378,0.30775365233421326,0.854606032371521,0.8143736720085144,0.8227707147598267,0.8212125301361084,0.8485286235809326,0.8163299560546875,0.8543246388435364,0.8126212954521179,0.8809425830841064,0.7902004718780518,0.6898603439331055,0.6661152839660645,0.6371936798095703,0.7261857986450195,0.7102128267288208,0.6423224806785583,0.8170885443687439,0.6494930982589722,0.8312481045722961,0.7763077020645142,0.7222316265106201,0.8298012018203735,0.6855429410934448,0.7401642799377441,0.5094330906867981,0.7026546001434326,0.8015063405036926,0.8366736173629761,0.5655760765075684,0.6080092191696167,0.8520907163619995,0.7303681373596191,0.8435131311416626,0.8293763995170593,0.8081560730934143,0.9234125018119812,0.8908344507217407,0.7773271799087524,0.8363016843795776,0.8655654788017273,0.8142722249031067,0.7628246545791626,0.7335215210914612,0.5967869758605957,0.8599038124084473,0.6840829849243164,0.7779781818389893,0.628761887550354,0.7830504179000854,0.6264792084693909,0.6241163015365601,0.5935983657836914,0.7609057426452637,0.65611732006073,0.6132925152778625,0.7928770184516907,0.7633662223815918,0.6444785594940186,0.6760189533233643,0.5800131559371948,0.7643404006958008,0.7900135517120361,0.7656525373458862,0.7806228995323181,0.7470225095748901,0.7458105087280273,0.7620131969451904,0.8248770236968994,0.7415266036987305,0.8014979362487793,0.565784215927124,0.6890236139297485,0.6505427956581116,0.6750764846801758,0.6965188980102539,0.6065086126327515,0.7810330986976624,0.7432489395141602,0.7402619123458862,0.6225811243057251,0.7055615186691284,0.6623389720916748,0.8568674325942993,0.7331458330154419,0.632259726524353,0.8502795696258545,0.7527061700820923,0.8431018590927124,0.8055418729782104,0.7995487451553345,0.8964905142784119,0.9037482738494873,0.835970401763916,0.9109036326408386,0.8410616517066956,0.9999998807907104,0.9100109934806824,0.8518998622894287,0.8619958162307739,0.8702584505081177,0.6705385446548462,0.72257399559021,0.7720454335212708,0.6975020170211792,0.6826039552688599,0.7118390798568726,0.5805824995040894,0.7580006122589111,0.6733754873275757,0.6346170902252197,0.788519024848938,0.6599682569503784,0.828417181968689,0.670538067817688,0.6966497898101807,0.8013350963592529,0.7012103796005249,0.78111732006073,0.756464958190918,0.7944759130477905,0.7503073215484619,0.7532457113265991,0.6152524948120117,0.7943072319030762,0.6414252519607544,0.673660159111023,0.7139191031455994,0.5687257051467896,0.8739883303642273,0.7393775582313538
Shooting#6,0.4655134677886963,0.46541309356689453,0.34368112683296204,0.35429126024246216,0.474618136882782,0.40431222319602966,0.4988650381565094,0.42741888761520386,0.4780704975128174,0.32683324813842773,0.8703359365463257,0.7896910905838013,0.8270953893661499,0.802605152130127,0.8744177222251892,0.7548304200172424,0.8065412044525146,0.8395000696182251,0.8672561049461365,0.8472022414207458,0.6503255367279053,0.6869136095046997,0.6395069360733032,0.6830078363418579,0.6861910820007324,0.6345412731170654,0.8237612247467041,0.6102912425994873,0.7846569418907166,0.7386889457702637,0.6563342213630676,0.7662936449050903,0.690581202507019,0.6897757649421692,0.5100922584533691,0.6399273872375488,0.7554267644882202,0.7817704677581787,0.5287333130836487,0.5832439661026001,0.8399126529693604,0.8048583269119263,0.8646215200424194,0.8660963177680969,0.7517900466918945,0.8509216904640198,0.887080192565918,0.824066162109375,0.8787146806716919,0.876419186592102,0.8059623837471008,0.7209384441375732,0.6991857290267944,0.5451441407203674,0.838548481464386,0.6450662612915039,0.7226136922836304,0.5594803690910339,0.7087793350219727,0.5812193155288696,0.6118292212486267,0.5886998772621155,0.7889668941497803,0.6319502592086792,0.5721240043640137,0.8277899026870728,0.7929929494857788,0.6271226406097412,0.7091007232666016,0.5719316601753235,0.8159938454627991,0.8195441961288452,0.8316056728363037,0.7830638289451599,0.8069072961807251,0.8095415830612183,0.8026531934738159,0.8525577783584595,0.8134068250656128,0.8304981589317322,0.5053613185882568,0.6300443410873413,0.5609019994735718,0.6230701804161072,0.5956380367279053,0.5272271633148193,0.6875301599502563,0.6740161180496216,0.6714308857917786,0.5423754453659058,0.6415653228759766,0.6367571353912354,0.834321141242981,0.6654881238937378,0.589923620223999,0.7881929874420166,0.7213643789291382,0.7998840808868408,0.7837526798248291,0.7147113084793091,0.8748968839645386,0.9157063961029053,0.893957257270813,0.8794872760772705,0.7899826765060425,0.9100109934806824,0.9999998211860657,0.8563410043716431,0.8664298057556152,0.8640568852424622,0.6280941963195801,0.6749637722969055,0.7415521740913391,0.656245231628418,0.6536740660667419,0.6983263492584229,0.5607509613037109,0.7155026197433472,0.6231473684310913,0.635850191116333,0.7482736110687256,0.6020908951759338,0.7837082147598267,0.6137731075286865,0.6598348617553711,0.7574747800827026,0.63630211353302,0.7370160222053528,0.7420008182525635,0.7333904504776001,0.6974484324455261,0.7412189841270447,0.5654031038284302,0.7652937173843384,0.5996028780937195,0.6381888389587402,0.630229651927948,0.544707179069519,0.8395378589630127,0.6889738440513611
Shooting#7,0.5925040245056152,0.5861889123916626,0.4424138069152832,0.44620904326438904,0.5514143109321594,0.5169340968132019,0.614883303642273,0.5430867671966553,0.5704777240753174,0.4226314127445221,0.8141139149665833,0.7131348848342896,0.7492344379425049,0.7634398937225342,0.7846428155899048,0.7191684246063232,0.7549239993095398,0.7689839601516724,0.7677282094955444,0.7460424900054932,0.682461142539978,0.7335083484649658,0.6968110799789429,0.6879913210868835,0.6854163408279419,0.7098010778427124,0.7694619297981262,0.6467458009719849,0.7939248085021973,0.7373816967010498,0.7553977966308594,0.7671542763710022,0.7155488133430481,0.7163254618644714,0.6564773917198181,0.6932373046875,0.750005841255188,0.7816675901412964,0.696307897567749,0.7083263993263245,0.819452702999115,0.7233873605728149,0.7782840728759766,0.7696138620376587,0.757662296295166,0.8070447444915771,0.8031531572341919,0.730434775352478,0.755440354347229,0.7927615642547607,0.7828723192214966,0.7489809989929199,0.6911001205444336,0.6049536466598511,0.8390153646469116,0.6892314553260803,0.7193288207054138,0.629970133304596,0.7422475814819336,0.6747922897338867,0.681299090385437,0.7238706350326538,0.7598867416381836,0.729895830154419,0.6857273578643799,0.8286085724830627,0.8293368220329285,0.7265594005584717,0.7964060306549072,0.6934061646461487,0.7370687127113342,0.7803153395652771,0.7612359523773193,0.7698698043823242,0.7549266815185547,0.7402603626251221,0.7585164904594421,0.7798925638198853,0.7220758199691772,0.8024028539657593,0.6129475831985474,0.6827848553657532,0.5701569318771362,0.7022976279258728,0.6453675031661987,0.6110192537307739,0.707339882850647,0.6946710348129272,0.7087545394897461,0.6026444435119629,0.6873432397842407,0.7016249895095825,0.782031774520874,0.7259500026702881,0.6575032472610474,0.7975635528564453,0.7380400896072388,0.7881754636764526,0.8043899536132812,0.7458709478378296,0.8666927218437195,0.8813382387161255,0.8055830001831055,0.8745142221450806,0.8016030788421631,0.8518998622894287,0.8563410043716431,1.0000001192092896,0.8448127508163452,0.8837701082229614,0.6338543891906738,0.6913379430770874,0.7129757404327393,0.6451187133789062,0.6716382503509521,0.6758482456207275,0.6059412360191345,0.6725293397903442,0.627612829208374,0.7264013290405273,0.7404392957687378,0.7148820161819458,0.7812891602516174,0.6723908185958862,0.680611252784729,0.7537813186645508,0.6761386394500732,0.7644988298416138,0.7433035373687744,0.7273818254470825,0.7672538757324219,0.7324780225753784,0.6368542909622192,0.7761011719703674,0.7384129166603088,0.7362529635429382,0.6762732863426208,0.6445967555046082,0.7686145305633545,0.7390493750572205
Shooting#8,0.4087347984313965,0.39987149834632874,0.29636144638061523,0.3169688880443573,0.456764817237854,0.3788432478904724,0.4470879137516022,0.3786044418811798,0.4135989546775818,0.2819361090660095,0.7855865955352783,0.6754627227783203,0.670065701007843,0.7478667497634888,0.722960889339447,0.6608916521072388,0.6739779114723206,0.6773175001144409,0.7364686131477356,0.7328125834465027,0.6602932810783386,0.6633977890014648,0.6134778261184692,0.6883406639099121,0.635419487953186,0.6600905656814575,0.7494343519210815,0.6211665868759155,0.7571060657501221,0.6562119722366333,0.659138023853302,0.7331308126449585,0.5491092205047607,0.6450077295303345,0.4767248034477234,0.6747136116027832,0.6850465536117554,0.7016641497612,0.5063885450363159,0.49930649995803833,0.7728348970413208,0.6589421033859253,0.7883687615394592,0.699528694152832,0.74751877784729,0.7872107028961182,0.7544385194778442,0.7030928134918213,0.7307040095329285,0.7706207036972046,0.747237503528595,0.7115188837051392,0.6275296211242676,0.5803419947624207,0.7557238340377808,0.6165546178817749,0.6438593864440918,0.55842524766922,0.7168571949005127,0.5880672931671143,0.5296911597251892,0.548379123210907,0.6278554797172546,0.6009325981140137,0.5429320335388184,0.718767523765564,0.6674010753631592,0.5861989855766296,0.6265931725502014,0.5192500352859497,0.6297904253005981,0.663013219833374,0.6715491414070129,0.6370267868041992,0.6073901653289795,0.6739825010299683,0.6504932641983032,0.6785075664520264,0.6401909589767456,0.677032470703125,0.4691232442855835,0.6717710494995117,0.5927274227142334,0.5916779041290283,0.6173054575920105,0.526022732257843,0.6605374217033386,0.6479849815368652,0.6647800207138062,0.5175645351409912,0.637129545211792,0.5889829397201538,0.7764129638671875,0.5984998941421509,0.5728939175605774,0.7663193941116333,0.6759932041168213,0.770834743976593,0.8168843388557434,0.7039608955383301,0.889487624168396,0.8817634582519531,0.7868238091468811,0.8368948698043823,0.8360310196876526,0.8619958162307739,0.8664298057556152,0.8448127508163452,1.0,0.8510873317718506,0.6239951848983765,0.6595722436904907,0.6975140571594238,0.6524128913879395,0.5963581800460815,0.5922404527664185,0.49891939759254456,0.6723982691764832,0.5970360636711121,0.5529632568359375,0.6478065252304077,0.6085737943649292,0.7219281196594238,0.5512924194335938,0.6153522729873657,0.7042019367218018,0.6621798872947693,0.7034386992454529,0.6052877306938171,0.6756212711334229,0.6770853996276855,0.6085630655288696,0.6695184111595154,0.6768627166748047,0.6502656936645508,0.5489988923072815,0.6599369645118713,0.5531258583068848,0.7340130805969238,0.5914546251296997
Shooting#9,0.572555661201477,0.5433688759803772,0.4281010627746582,0.4250246286392212,0.5381956696510315,0.5152772068977356,0.616741418838501,0.5352418422698975,0.5671029090881348,0.40969106554985046,0.7438744306564331,0.6653428077697754,0.6703905463218689,0.7517883777618408,0.727514386177063,0.7129430770874023,0.7046236395835876,0.6830140352249146,0.720268964767456,0.6627907752990723,0.7343442440032959,0.7341306209564209,0.7202864289283752,0.7066186666488647,0.73056960105896,0.7290191650390625,0.7647756338119507,0.7225370407104492,0.8281674385070801,0.7421355247497559,0.7296246886253357,0.7126721143722534,0.6217015981674194,0.6890408992767334,0.6221610307693481,0.6694490909576416,0.6969718933105469,0.7532076835632324,0.592159628868103,0.6127896904945374,0.7738459706306458,0.6270955801010132,0.7281169891357422,0.7042163610458374,0.7620038986206055,0.8096038699150085,0.7452206611633301,0.6450175046920776,0.6921349763870239,0.7358858585357666,0.7273315191268921,0.6900315284729004,0.6397994756698608,0.5529487133026123,0.783621072769165,0.6785544157028198,0.6834932565689087,0.5779027938842773,0.7462870478630066,0.6625089645385742,0.6124358177185059,0.6389968395233154,0.6766420006752014,0.6533418893814087,0.6315832734107971,0.7202549576759338,0.7004917860031128,0.673385500907898,0.667542040348053,0.5972836017608643,0.6766133308410645,0.7120701670646667,0.6763275861740112,0.7275995016098022,0.7032439708709717,0.6625959873199463,0.6810855865478516,0.7258198261260986,0.6434338092803955,0.7147828340530396,0.5407382249832153,0.7276952266693115,0.6102676391601562,0.698197066783905,0.7052955627441406,0.5870741605758667,0.7187296748161316,0.7083519697189331,0.684895396232605,0.6090400815010071,0.6393526792526245,0.637909471988678,0.7840409278869629,0.6715290546417236,0.6359473466873169,0.7956119775772095,0.7011539936065674,0.772864580154419,0.8013565540313721,0.747779369354248,0.9370204210281372,0.8877249956130981,0.744991660118103,0.8818615078926086,0.9034068584442139,0.8702584505081177,0.8640568852424622,0.8837701082229614,0.8510873317718506,0.9999998807907104,0.6308356523513794,0.6601376533508301,0.7006279230117798,0.6251465082168579,0.6327803134918213,0.6510175466537476,0.5681281089782715,0.6751221418380737,0.6071904897689819,0.6032533049583435,0.6879327297210693,0.6631323099136353,0.7654280662536621,0.6461191773414612,0.6698629856109619,0.7204644680023193,0.6888694763183594,0.7349875569343567,0.6699501276016235,0.7458468675613403,0.7322713136672974,0.665416419506073,0.6634736061096191,0.7140969634056091,0.7079155445098877,0.6520596742630005,0.690348207950592,0.639290452003479,0.7384544610977173,0.6476950645446777
Shoplifting#0,0.43197667598724365,0.4436829686164856,0.2710235118865967,0.36991578340530396,0.5376856327056885,0.36085981130599976,0.44961997866630554,0.35949409008026123,0.4355470538139343,0.28925251960754395,0.617894172668457,0.6131078004837036,0.6045911312103271,0.7015411257743835,0.5863243937492371,0.7044223546981812,0.6673095226287842,0.5890500545501709,0.5735875368118286,0.4768127202987671,0.6375288367271423,0.6088628768920898,0.5631555318832397,0.6566304564476013,0.5929156541824341,0.5779356360435486,0.6734964847564697,0.5488336086273193,0.6744445562362671,0.6847620010375977,0.6907213926315308,0.6890702843666077,0.557839035987854,0.6988568305969238,0.4484018087387085,0.6749540567398071,0.6582279205322266,0.7129130363464355,0.569054365158081,0.5579885244369507,0.6492297053337097,0.4971091151237488,0.6112339496612549,0.5629464387893677,0.7322916984558105,0.6586033701896667,0.6059821248054504,0.48318052291870117,0.564411997795105,0.5257159471511841,0.6664822101593018,0.7068299055099487,0.6564297676086426,0.7385467290878296,0.6816550493240356,0.6746447086334229,0.7361835241317749,0.7095742225646973,0.7451627850532532,0.7293233871459961,0.5670575499534607,0.5669753551483154,0.5810904502868652,0.640170693397522,0.5912328958511353,0.6142297387123108,0.6016671657562256,0.6122374534606934,0.5770851373672485,0.5576200485229492,0.5737801790237427,0.5577624440193176,0.5269720554351807,0.6262724995613098,0.5633429288864136,0.47169405221939087,0.5585212707519531,0.5887635350227356,0.47745048999786377,0.6087373495101929,0.5725575685501099,0.6345208883285522,0.5734721422195435,0.607550859451294,0.6250743865966797,0.5729121565818787,0.6551960706710815,0.6373422145843506,0.619204044342041,0.6042410135269165,0.7188920974731445,0.7321487665176392,0.7337036728858948,0.6943619251251221,0.7218267321586609,0.7505192756652832,0.7313617467880249,0.7780782580375671,0.6812164783477783,0.7655946016311646,0.6413427591323853,0.663267970085144,0.5704745054244995,0.6984416246414185,0.6646029949188232,0.6705385446548462,0.6280941963195801,0.6338543891906738,0.6239951848983765,0.6308356523513794,0.9999999403953552,0.8097577095031738,0.8320887088775635,0.9003506898880005,0.7818593978881836,0.7385294437408447,0.7818509340286255,0.8438107967376709,0.8619194626808167,0.7117035388946533,0.7020338177680969,0.7343952059745789,0.7687562704086304,0.7375961542129517,0.6762557029724121,0.7066614627838135,0.7949633598327637,0.7816151976585388,0.658902645111084,0.7544549703598022,0.6831808090209961,0.6040019989013672,0.5944713354110718,0.6340211629867554,0.6999474167823792,0.6391315460205078,0.6676070690155029,0.571380615234375,0.6973388195037842,0.6617109775543213
Shoplifting#1,0.5008338689804077,0.5252779722213745,0.3536919057369232,0.4562543034553528,0.6355806589126587,0.44022130966186523,0.44113343954086304,0.4313936233520508,0.47785598039627075,0.3747011721134186,0.650047779083252,0.6874581575393677,0.658604621887207,0.684496283531189,0.6340532302856445,0.7346746921539307,0.7312137484550476,0.6499745845794678,0.6187213063240051,0.5408920645713806,0.5832811594009399,0.5855548977851868,0.5671727657318115,0.6210135221481323,0.6140745878219604,0.5353900194168091,0.6641276478767395,0.5194294452667236,0.6584535837173462,0.6813004016876221,0.6998993158340454,0.7194736003875732,0.6699382066726685,0.7272822260856628,0.45966094732284546,0.6416925191879272,0.7136533260345459,0.7542481422424316,0.5705463290214539,0.6403392553329468,0.697240948677063,0.52668297290802,0.6161614656448364,0.6400501728057861,0.7383458018302917,0.7209435701370239,0.6514081954956055,0.534760594367981,0.6276394128799438,0.6032265424728394,0.6701308488845825,0.7282374501228333,0.6602543592453003,0.7279318571090698,0.7211953401565552,0.6806462407112122,0.7434086799621582,0.6826989650726318,0.7522961497306824,0.6384648084640503,0.5896576642990112,0.5628764629364014,0.5977659225463867,0.6262743473052979,0.5943087339401245,0.6443647146224976,0.6558148860931396,0.5809612274169922,0.5831736326217651,0.5650616884231567,0.6081836223602295,0.6515233516693115,0.568717360496521,0.6877915859222412,0.6722162961959839,0.5027379989624023,0.6050717830657959,0.628189206123352,0.5317062735557556,0.6587992906570435,0.5658313035964966,0.6333955526351929,0.578644335269928,0.6073208451271057,0.6101484298706055,0.657881498336792,0.6372079849243164,0.6515214443206787,0.7055625915527344,0.6479580402374268,0.732659101486206,0.7216152548789978,0.7192161083221436,0.7802174687385559,0.7916241884231567,0.7618005275726318,0.7501751184463501,0.7652692794799805,0.7372722625732422,0.7544746398925781,0.6866199970245361,0.7286107540130615,0.6065523624420166,0.7474133372306824,0.694866955280304,0.72257399559021,0.6749637722969055,0.6913379430770874,0.6595722436904907,0.6601376533508301,0.8097577095031738,1.0000001192092896,0.8770477175712585,0.8670923709869385,0.8019078969955444,0.8763424754142761,0.7439455986022949,0.863042950630188,0.8461898565292358,0.727283239364624,0.7525615692138672,0.7159525752067566,0.7616151571273804,0.7284459471702576,0.7265406847000122,0.7584553956985474,0.732966423034668,0.795236349105835,0.7220879793167114,0.7656946778297424,0.7412077188491821,0.7672741413116455,0.5422993898391724,0.792367696762085,0.7155267000198364,0.7297019958496094,0.7289879322052002,0.6238209009170532,0.756188154220581,0.7707318067550659
Shoplifting#2,0.48656806349754333,0.5326376557350159,0.32272738218307495,0.4348970055580139,0.594627857208252,0.42246073484420776,0.49356845021247864,0.4249676465988159,0.5197402238845825,0.349176824092865,0.6967077255249023,0.6936731338500977,0.7113955020904541,0.7321259379386902,0.698054313659668,0.7885403633117676,0.77756667137146,0.7142017483711243,0.674523115158081,0.598612368106842,0.6084428429603577,0.6154741048812866,0.5919030904769897,0.646582841873169,0.6470844745635986,0.5647399425506592,0.7026166915893555,0.5455490350723267,0.7288729548454285,0.7140802145004272,0.698275089263916,0.7532511949539185,0.666182816028595,0.7419086694717407,0.4761660397052765,0.6749712228775024,0.7507850527763367,0.7978812456130981,0.5928133130073547,0.6186060905456543,0.7324338555335999,0.5924707055091858,0.6941899061203003,0.690778374671936,0.741117537021637,0.7619318962097168,0.7157297134399414,0.605414628982544,0.6772094964981079,0.66771399974823,0.7337768077850342,0.7651773691177368,0.7130990624427795,0.7398833632469177,0.7986875176429749,0.7077782154083252,0.7971146106719971,0.7049112319946289,0.7701053619384766,0.6839402914047241,0.6287691593170166,0.5996846556663513,0.6812289357185364,0.632696270942688,0.6006436347961426,0.6963386535644531,0.6911908984184265,0.621277928352356,0.6315968632698059,0.5709898471832275,0.6590785980224609,0.6795246601104736,0.6321735382080078,0.7093904614448547,0.7027806043624878,0.5630779266357422,0.6721354722976685,0.6898849606513977,0.6016751527786255,0.6954633593559265,0.5626863241195679,0.6275300979614258,0.5938725471496582,0.6116277575492859,0.5874133706092834,0.6117630004882812,0.6685612201690674,0.6491221189498901,0.679715633392334,0.604060709476471,0.714292049407959,0.7180212140083313,0.7476726770401001,0.7593401670455933,0.7410733699798584,0.7831380367279053,0.7484488487243652,0.805727481842041,0.7438562512397766,0.7773922681808472,0.713813066482544,0.7699826955795288,0.6668848991394043,0.7774660587310791,0.7156405448913574,0.7720454335212708,0.7415521740913391,0.7129757404327393,0.6975140571594238,0.7006279230117798,0.8320887088775635,0.8770477175712585,0.9999997019767761,0.8596354722976685,0.8109548091888428,0.8510960936546326,0.728196382522583,0.9154530763626099,0.8332897424697876,0.7424334287643433,0.7878325581550598,0.7091765403747559,0.8031150698661804,0.7433292865753174,0.7187951803207397,0.7708328366279602,0.7289785146713257,0.805908203125,0.7510875463485718,0.7947348356246948,0.7322601079940796,0.7424236536026001,0.5602667331695557,0.7591173648834229,0.6532193422317505,0.6932775974273682,0.6900767683982849,0.5840727090835571,0.7933899164199829,0.7278861999511719
Shoplifting#3,0.40885552763938904,0.39791595935821533,0.24125492572784424,0.32182639837265015,0.5163094997406006,0.34989017248153687,0.400125116109848,0.31922030448913574,0.37635546922683716,0.2450229525566101,0.6474398374557495,0.6502337455749512,0.6451363563537598,0.6883362531661987,0.6094409823417664,0.746021568775177,0.7140741348266602,0.6309033632278442,0.6048735976219177,0.5098795890808105,0.5533379912376404,0.5863666534423828,0.5352038145065308,0.6221929788589478,0.5921441316604614,0.5180287957191467,0.6601036787033081,0.48324936628341675,0.6548846960067749,0.6692686080932617,0.6758726835250854,0.6948839426040649,0.5741872787475586,0.7028630971908569,0.3749374747276306,0.6366126537322998,0.6869088411331177,0.7423783540725708,0.5043174028396606,0.5443257093429565,0.6959177851676941,0.5285747051239014,0.6269204616546631,0.6005411744117737,0.7501677870750427,0.7023884654045105,0.6413964629173279,0.5087262392044067,0.6018478870391846,0.5604522824287415,0.6852295398712158,0.7220859527587891,0.6792223453521729,0.721618115901947,0.7205885648727417,0.6875790357589722,0.7624819874763489,0.7217806577682495,0.736243724822998,0.7157943248748779,0.5642479062080383,0.5387325882911682,0.5935163497924805,0.6257555484771729,0.5742509365081787,0.6332521438598633,0.6164157390594482,0.5672221183776855,0.5802596211433411,0.5168856978416443,0.5901463627815247,0.5754108428955078,0.5315729379653931,0.6415683031082153,0.5796656012535095,0.4827556610107422,0.5573759078979492,0.606845498085022,0.494346022605896,0.6383708119392395,0.5855504870414734,0.6480239033699036,0.6443105936050415,0.5944997072219849,0.640941858291626,0.5932086110115051,0.6834379434585571,0.678699254989624,0.6836018562316895,0.6378998756408691,0.7089201211929321,0.7123092412948608,0.7197109460830688,0.7315608263015747,0.7120282649993896,0.7560189962387085,0.7206118702888489,0.77677321434021,0.6936036348342896,0.7786352634429932,0.6408892869949341,0.6971735954284668,0.5924115777015686,0.7144442796707153,0.6592602729797363,0.6975020170211792,0.656245231628418,0.6451187133789062,0.6524128913879395,0.6251465082168579,0.9003506898880005,0.8670923709869385,0.8596354722976685,1.0,0.772111177444458,0.7943000197410583,0.7353599071502686,0.8461372256278992,0.9048369526863098,0.6938588619232178,0.7305773496627808,0.7218542098999023,0.7842301726341248,0.7121819257736206,0.7045944929122925,0.7329308986663818,0.7804107666015625,0.7894548177719116,0.6708430051803589,0.7779058814048767,0.7258070707321167,0.6395915746688843,0.5666296482086182,0.6937054395675659,0.6950498819351196,0.6399595141410828,0.6823815107345581,0.5353448390960693,0.7302980422973633,0.6869012117385864
Shoplifting#4,0.5078672170639038,0.5538808703422546,0.3525845408439636,0.43195974826812744,0.5301923155784607,0.40233784914016724,0.47977006435394287,0.43746569752693176,0.4872589111328125,0.37297505140304565,0.6424647569656372,0.647064208984375,0.678930401802063,0.6878409385681152,0.618270754814148,0.7576767802238464,0.777574896812439,0.657146692276001,0.584863543510437,0.49806493520736694,0.5427628755569458,0.553099513053894,0.5659968852996826,0.6043139100074768,0.6028939485549927,0.5177973508834839,0.6581560373306274,0.470558226108551,0.6345661878585815,0.7333053350448608,0.7388161420822144,0.7553868293762207,0.7129440307617188,0.7764939069747925,0.4757372736930847,0.686298131942749,0.7629034519195557,0.8089652061462402,0.6412789821624756,0.7097017765045166,0.6973997354507446,0.5410374999046326,0.6005663871765137,0.6281180381774902,0.7325010895729065,0.686549186706543,0.6288583278656006,0.5015790462493896,0.6059067249298096,0.5328482985496521,0.6920713782310486,0.782577395439148,0.7460997104644775,0.7436608076095581,0.7497280836105347,0.7230952978134155,0.8166794776916504,0.7512016296386719,0.7661744356155396,0.6961524486541748,0.662111222743988,0.6461396217346191,0.6580649614334106,0.6715463399887085,0.6651655435562134,0.6771164536476135,0.6814056634902954,0.6450446844100952,0.6276015639305115,0.5951665639877319,0.5914395451545715,0.6307388544082642,0.5522117614746094,0.7179124355316162,0.6645735502243042,0.4879872500896454,0.587603747844696,0.640052080154419,0.509043276309967,0.660000205039978,0.6242625713348389,0.5668088793754578,0.5588110685348511,0.6154911518096924,0.566389799118042,0.6454761028289795,0.6533978581428528,0.6341531276702881,0.6929419040679932,0.6227092146873474,0.7707741260528564,0.7617617249488831,0.7089210748672485,0.828899621963501,0.7813974618911743,0.7649252414703369,0.7736693620681763,0.7812745571136475,0.687659502029419,0.7740983963012695,0.6539887189865112,0.7146891951560974,0.6013765335083008,0.7614582777023315,0.6264328360557556,0.6826039552688599,0.6536740660667419,0.6716382503509521,0.5963581800460815,0.6327803134918213,0.7818593978881836,0.8019078969955444,0.8109548091888428,0.772111177444458,1.0,0.8117218613624573,0.6827681064605713,0.8050844669342041,0.8081620335578918,0.7590696811676025,0.8311262130737305,0.7077368497848511,0.796224057674408,0.8042405247688293,0.7630014419555664,0.7621107697486877,0.6716029644012451,0.8329285383224487,0.7859320640563965,0.8088428974151611,0.7336977124214172,0.740736722946167,0.5430905818939209,0.7391610145568848,0.6369112730026245,0.8013499975204468,0.6806977987289429,0.6338346004486084,0.7559642791748047,0.8301976919174194
Shoplifting#5,0.5364789366722107,0.5759995579719543,0.3722238540649414,0.45878517627716064,0.569190263748169,0.4798405170440674,0.47479620575904846,0.48746538162231445,0.5404697060585022,0.38429775834083557,0.6656362414360046,0.6743905544281006,0.7068899273872375,0.6460283994674683,0.6864755749702454,0.7340627908706665,0.7713190317153931,0.7063616514205933,0.6480547785758972,0.5768857002258301,0.5256843566894531,0.5722658038139343,0.5481809973716736,0.5436040759086609,0.5809429883956909,0.5039811134338379,0.6490448713302612,0.4715454578399658,0.6452855467796326,0.6963322758674622,0.6975630521774292,0.7024730443954468,0.7228785157203674,0.6940258741378784,0.4652337431907654,0.5962674617767334,0.7306588292121887,0.7742923498153687,0.5927276611328125,0.6616623401641846,0.6845020055770874,0.5892975330352783,0.6094433069229126,0.6964029669761658,0.6802114248275757,0.7133994102478027,0.6871724128723145,0.5857938528060913,0.6543043851852417,0.634726881980896,0.6790107488632202,0.6884589195251465,0.6753284931182861,0.6597229242324829,0.7519862651824951,0.6590884923934937,0.7614454030990601,0.634792685508728,0.6958177089691162,0.6049212217330933,0.6160888671875,0.5755844116210938,0.6907030344009399,0.6030901670455933,0.5910599231719971,0.6579173803329468,0.7011147737503052,0.5836606025695801,0.6158545017242432,0.5496353507041931,0.6559754610061646,0.6869509220123291,0.6277614831924438,0.7280435562133789,0.7397072315216064,0.5539349913597107,0.6991372108459473,0.6826231479644775,0.6103312969207764,0.7083957195281982,0.5581793785095215,0.5933628678321838,0.5627912878990173,0.6336591839790344,0.577751636505127,0.6568599343299866,0.6425169110298157,0.6433433294296265,0.6865895986557007,0.6171247363090515,0.6636449098587036,0.7270835041999817,0.7291678786277771,0.7913060188293457,0.7596797943115234,0.7211099863052368,0.7455629110336304,0.7387609481811523,0.6505990028381348,0.727995753288269,0.6661781072616577,0.6904692053794861,0.631733775138855,0.7410687208175659,0.6460013389587402,0.7118390798568726,0.6983263492584229,0.6758482456207275,0.5922404527664185,0.6510175466537476,0.7385294437408447,0.8763424754142761,0.8510960936546326,0.7943000197410583,0.8117218613624573,1.000000238418579,0.7174047231674194,0.8281853199005127,0.7992492914199829,0.7662014961242676,0.807584285736084,0.6831153035163879,0.7827298641204834,0.7700132727622986,0.6949856877326965,0.7522256374359131,0.664726734161377,0.7911834716796875,0.8018079996109009,0.7903398871421814,0.7133916616439819,0.8122817277908325,0.4784257411956787,0.7605283260345459,0.6366129517555237,0.7691009044647217,0.674125075340271,0.6103557348251343,0.7506116032600403,0.811754047870636
Shoplifting#6,0.5627604722976685,0.5654418468475342,0.4264697730541229,0.5027718544006348,0.6453367471694946,0.46552544832229614,0.5714805722236633,0.48900291323661804,0.6031376123428345,0.4357636272907257,0.5698137879371643,0.5992921590805054,0.608574390411377,0.6136267185211182,0.5552484393119812,0.6533716320991516,0.6259785294532776,0.5930756330490112,0.5517182350158691,0.4871331453323364,0.5783804655075073,0.5834738612174988,0.5850944519042969,0.5249603986740112,0.6082363128662109,0.5504242777824402,0.572749137878418,0.5335373282432556,0.598969578742981,0.633639931678772,0.6418052315711975,0.582016110420227,0.6500542163848877,0.6282733678817749,0.5823825001716614,0.5803940892219543,0.6159409284591675,0.641482949256897,0.6353466510772705,0.6635169982910156,0.5543389320373535,0.4917911887168884,0.5152422189712524,0.590015709400177,0.5676625967025757,0.5972545146942139,0.5725791454315186,0.4920538067817688,0.5378821492195129,0.5243001580238342,0.6143113374710083,0.6137226819992065,0.546667218208313,0.622315526008606,0.6541030406951904,0.6469295620918274,0.6753219366073608,0.6217149496078491,0.6488497257232666,0.640734076499939,0.6512169241905212,0.6067862510681152,0.6402416229248047,0.6333109736442566,0.6202394962310791,0.6172890663146973,0.6652984619140625,0.6245583295822144,0.6349396705627441,0.641804039478302,0.5789023637771606,0.581932783126831,0.5554854869842529,0.6672103404998779,0.6144152879714966,0.498444527387619,0.6033511161804199,0.6076307892799377,0.5507999658584595,0.6259950399398804,0.5571801662445068,0.5608915686607361,0.5034308433532715,0.6261909008026123,0.566999077796936,0.5643477439880371,0.5952678918838501,0.577023983001709,0.5639872550964355,0.5932834148406982,0.5757302045822144,0.6058596968650818,0.6400647163391113,0.6297627687454224,0.6375293731689453,0.6232558488845825,0.618367075920105,0.6183329820632935,0.5540457963943481,0.613037109375,0.5686522126197815,0.5669523477554321,0.5290255546569824,0.630974292755127,0.5449991226196289,0.5805824995040894,0.5607509613037109,0.6059412360191345,0.49891939759254456,0.5681281089782715,0.7818509340286255,0.7439455986022949,0.728196382522583,0.7353599071502686,0.6827681064605713,0.7174047231674194,1.0,0.7391291856765747,0.7600618600845337,0.7290046215057373,0.6549315452575684,0.6454309821128845,0.6502547860145569,0.7577235698699951,0.6213161945343018,0.6516055464744568,0.6183146834373474,0.6626158356666565,0.662041425704956,0.6395254135131836,0.6338188648223877,0.6725914478302002,0.45047804713249207,0.6177526712417603,0.6770488023757935,0.6698136925697327,0.5737628936767578,0.5411925315856934,0.634057879447937,0.6635949611663818
Shoplifting#7,0.46300745010375977,0.4917820394039154,0.3382072448730469,0.4279268980026245,0.6056821346282959,0.40467679500579834,0.48645806312561035,0.4282122254371643,0.493726909160614,0.348197877407074,0.69681316614151,0.7146284580230713,0.6956585645675659,0.73702472448349,0.6837998628616333,0.7553342580795288,0.7644809484481812,0.6965018510818481,0.6698458194732666,0.5966412425041199,0.6359420418739319,0.5921962857246399,0.5929138660430908,0.6546784043312073,0.6385549306869507,0.5829993486404419,0.6967072486877441,0.5739235281944275,0.7158904075622559,0.7074695825576782,0.7078132629394531,0.7564399242401123,0.6532484292984009,0.7376865148544312,0.4943050146102905,0.6897633075714111,0.7325347661972046,0.7701387405395508,0.5659684538841248,0.5971109867095947,0.7025277614593506,0.5803107023239136,0.6849541068077087,0.6798040866851807,0.7152769565582275,0.7229039669036865,0.701927661895752,0.603675365447998,0.6729771494865417,0.6392781734466553,0.734688937664032,0.717070460319519,0.6966568231582642,0.7867777347564697,0.7599287033081055,0.7046775817871094,0.760296106338501,0.6747579574584961,0.7821035385131836,0.6604019403457642,0.6069183349609375,0.5641196966171265,0.6704906225204468,0.6248464584350586,0.5847141742706299,0.6788729429244995,0.6643653512001038,0.6138840913772583,0.6039827466011047,0.5573934316635132,0.6324566602706909,0.6593931913375854,0.6157562732696533,0.670742392539978,0.6565191745758057,0.5491158366203308,0.6309596300125122,0.6726632118225098,0.5913746356964111,0.685111939907074,0.5598405599594116,0.630658745765686,0.5953552722930908,0.622639000415802,0.5984034538269043,0.6083778142929077,0.6749676465988159,0.6765611171722412,0.6749447584152222,0.6161813139915466,0.687301754951477,0.6667852401733398,0.7943280339241028,0.7226229906082153,0.702839732170105,0.7563304901123047,0.7804398536682129,0.7950828075408936,0.7068241238594055,0.7643712162971497,0.7038474082946777,0.7346745729446411,0.6637332439422607,0.7501749396324158,0.7116570472717285,0.7580006122589111,0.7155026197433472,0.6725293397903442,0.6723982691764832,0.6751221418380737,0.8438107967376709,0.863042950630188,0.9154530763626099,0.8461372256278992,0.8050844669342041,0.8281853199005127,0.7391291856765747,0.9999998807907104,0.8323966264724731,0.7096399664878845,0.7738159894943237,0.6567517518997192,0.807218611240387,0.7578234672546387,0.7266207933425903,0.7547497153282166,0.7520208358764648,0.791985273361206,0.7509281635284424,0.8073055744171143,0.695090115070343,0.7248795032501221,0.5756638050079346,0.7244040966033936,0.6553870439529419,0.6714434027671814,0.6881049871444702,0.5947786569595337,0.7888185977935791,0.7204431295394897
Shoplifting#8,0.41975080966949463,0.38686567544937134,0.241791769862175,0.3147534728050232,0.48554641008377075,0.34599316120147705,0.40492916107177734,0.309329628944397,0.36431461572647095,0.24379952251911163,0.6488470435142517,0.6686549186706543,0.6703022122383118,0.6659971475601196,0.6016321182250977,0.7685045599937439,0.7521252036094666,0.6379697322845459,0.5855990052223206,0.48560312390327454,0.5184829831123352,0.575916051864624,0.5439594984054565,0.5971502065658569,0.5992920398712158,0.4795767366886139,0.6554585099220276,0.4597872197628021,0.6423991322517395,0.7120653390884399,0.7233206033706665,0.7248945236206055,0.6034135818481445,0.7264993190765381,0.40035581588745117,0.5943563580513,0.7017626762390137,0.7834811210632324,0.548485517501831,0.5995142459869385,0.6867831945419312,0.5111606121063232,0.5781443119049072,0.5842050313949585,0.7529125213623047,0.6819444894790649,0.6243130564689636,0.4803011417388916,0.5939806699752808,0.5278725028038025,0.7068384885787964,0.7600992918014526,0.7400753498077393,0.7639263272285461,0.753854513168335,0.7474775314331055,0.816196084022522,0.7879550457000732,0.7721964120864868,0.7562744617462158,0.6055717468261719,0.5475582480430603,0.6169187426567078,0.6403892040252686,0.6021757125854492,0.6312348246574402,0.6242213249206543,0.5686793923377991,0.5701485872268677,0.5380070209503174,0.581706166267395,0.5517050623893738,0.5245447158813477,0.6624166965484619,0.5697965621948242,0.4561917185783386,0.5536155700683594,0.6042219400405884,0.48651695251464844,0.654974639415741,0.6418527364730835,0.6565144062042236,0.6378421783447266,0.6172502636909485,0.6442850232124329,0.648549497127533,0.6771197319030762,0.683418869972229,0.692864179611206,0.6502348780632019,0.7817642688751221,0.7417548894882202,0.7286668419837952,0.8033938407897949,0.7720847129821777,0.7664495706558228,0.7659063339233398,0.7925411462783813,0.6783872842788696,0.8147972822189331,0.6245526075363159,0.6754554510116577,0.573279857635498,0.7361562252044678,0.6105397939682007,0.6733754873275757,0.6231473684310913,0.627612829208374,0.5970360636711121,0.6071904897689819,0.8619194626808167,0.8461898565292358,0.8332897424697876,0.9048369526863098,0.8081620335578918,0.7992492914199829,0.7600618600845337,0.8323966264724731,1.0000001192092896,0.7689936757087708,0.7989978194236755,0.7351551651954651,0.7754203081130981,0.7759677171707153,0.758655309677124,0.7726962566375732,0.734555721282959,0.8067066669464111,0.7378230690956116,0.8241212368011475,0.7678983807563782,0.6544158458709717,0.5574720501899719,0.6875373721122742,0.7418262958526611,0.6979130506515503,0.7108551859855652,0.5395703315734863,0.7430685758590698,0.7554415464401245
Shoplifting#9,0.5217270851135254,0.5479133129119873,0.3858260214328766,0.45015931129455566,0.523038387298584,0.4179361164569855,0.531685471534729,0.45571595430374146,0.5247045755386353,0.3809559643268585,0.6826303005218506,0.6378507614135742,0.7237557172775269,0.6698291301727295,0.6571260690689087,0.7088045477867126,0.753635585308075,0.7174112200737,0.6076544523239136,0.558803141117096,0.5765981674194336,0.6119567155838013,0.5993173122406006,0.5856492519378662,0.6053874492645264,0.5373464822769165,0.6713030338287354,0.49781838059425354,0.6400459408760071,0.7876386642456055,0.7394665479660034,0.7088453769683838,0.7331089973449707,0.7001630067825317,0.5830286145210266,0.5887536406517029,0.7239487767219543,0.7450916171073914,0.7176111936569214,0.7314481735229492,0.6896125078201294,0.6385441422462463,0.5887803435325623,0.6579271554946899,0.6722019910812378,0.648698091506958,0.6457496285438538,0.5611485242843628,0.6278517246246338,0.5767768621444702,0.6982765197753906,0.7433341145515442,0.7316330671310425,0.6549479961395264,0.7567689418792725,0.7107658386230469,0.7692639827728271,0.7133798599243164,0.7046685218811035,0.6906180381774902,0.7195228934288025,0.6994116306304932,0.7393397092819214,0.7000858783721924,0.6621189117431641,0.7140144109725952,0.7837735414505005,0.665637731552124,0.7451928853988647,0.6802403926849365,0.6599695682525635,0.6601399183273315,0.6445020437240601,0.7349041700363159,0.6925561428070068,0.5735286474227905,0.6690458059310913,0.6804596185684204,0.6002812385559082,0.7371379137039185,0.686555027961731,0.5567198991775513,0.48085057735443115,0.6642535328865051,0.5489904880523682,0.6156517863273621,0.628952145576477,0.6189965605735779,0.6091654300689697,0.607761025428772,0.705634593963623,0.7402836680412292,0.6949434876441956,0.797829270362854,0.7021478414535522,0.7377591133117676,0.763839840888977,0.7260191440582275,0.6455391645431519,0.6981520652770996,0.6314675807952881,0.6495766639709473,0.6140577793121338,0.7179861664772034,0.5738238096237183,0.6346170902252197,0.635850191116333,0.7264013290405273,0.5529632568359375,0.6032533049583435,0.7117035388946533,0.727283239364624,0.7424334287643433,0.6938588619232178,0.7590696811676025,0.7662014961242676,0.7290046215057373,0.7096399664878845,0.7689936757087708,0.9999999403953552,0.7956706285476685,0.7619360685348511,0.7329750061035156,0.7659941911697388,0.6929655075073242,0.7512404918670654,0.6260676383972168,0.7990978956222534,0.8068808317184448,0.7404186725616455,0.7396854162216187,0.7141939401626587,0.48245954513549805,0.7010257840156555,0.7216256856918335,0.7680357694625854,0.6167325973510742,0.575264573097229,0.7130329608917236,0.7896554470062256
Stealing#0,0.4761447608470917,0.5134791135787964,0.32133057713508606,0.32705575227737427,0.4287772476673126,0.3938290476799011,0.5133692026138306,0.4272115230560303,0.4563853144645691,0.2979271411895752,0.758607029914856,0.7841441631317139,0.8422095775604248,0.7334978580474854,0.7730600833892822,0.8573611974716187,0.9205827713012695,0.8144286870956421,0.7541743516921997,0.6571749448776245,0.57093745470047,0.5970271229743958,0.5935817956924438,0.6409353017807007,0.6642632484436035,0.5356743931770325,0.7325414419174194,0.48493415117263794,0.6999986171722412,0.8198474049568176,0.8285466432571411,0.8200782537460327,0.7614768743515015,0.8110093474388123,0.5339103937149048,0.6802139282226562,0.8476992249488831,0.8874455094337463,0.6624119877815247,0.722649872303009,0.7915266752243042,0.674383282661438,0.6926801204681396,0.7865047454833984,0.7580453157424927,0.7985959649085999,0.7827569246292114,0.6640217304229736,0.7593275308609009,0.6803799867630005,0.7827674150466919,0.8242988586425781,0.8578807711601257,0.6919476985931396,0.8569192886352539,0.8092129230499268,0.877436101436615,0.7710752487182617,0.816022515296936,0.7209835052490234,0.7128036022186279,0.6446056365966797,0.7992643713951111,0.7040894031524658,0.6656859517097473,0.7663170099258423,0.7910313606262207,0.6610979437828064,0.6942474842071533,0.6287975907325745,0.7155992984771729,0.7351064682006836,0.7151374816894531,0.8343913555145264,0.7489436864852905,0.6345220804214478,0.7309586405754089,0.7731289863586426,0.6698453426361084,0.8003410696983337,0.6752655506134033,0.6108986139297485,0.5999167561531067,0.6735755205154419,0.6044567227363586,0.6630338430404663,0.7351107001304626,0.7045252323150635,0.7371038794517517,0.631128191947937,0.7988073229789734,0.7549934387207031,0.8335239887237549,0.875104546546936,0.6984082460403442,0.8214653730392456,0.8324097394943237,0.8326642513275146,0.7377781867980957,0.8247328996658325,0.715164303779602,0.7701448202133179,0.713586151599884,0.8400319814682007,0.6329381465911865,0.788519024848938,0.7482736110687256,0.7404392957687378,0.6478065252304077,0.6879327297210693,0.7020338177680969,0.7525615692138672,0.7878325581550598,0.7305773496627808,0.8311262130737305,0.807584285736084,0.6549315452575684,0.7738159894943237,0.7989978194236755,0.7956706285476685,1.0000001192092896,0.7185206413269043,0.8501321077346802,0.864158034324646,0.8493837118148804,0.851067304611206,0.7002252340316772,0.8916965126991272,0.9196421504020691,0.8861493468284607,0.7959260940551758,0.772445559501648,0.5324371457099915,0.7948609590530396,0.6510732173919678,0.8223724365234375,0.7276345491409302,0.6129108667373657,0.8377794027328491,0.8962610960006714
Stealing#1,0.5599066615104675,0.5670422315597534,0.3862121105194092,0.42058396339416504,0.4992551803588867,0.4570181965827942,0.5498266220092773,0.4658242166042328,0.4978758692741394,0.3717395067214966,0.6120889186859131,0.5788618326187134,0.621202826499939,0.6669270992279053,0.5835880637168884,0.7007662653923035,0.6731714010238647,0.594639778137207,0.5520761013031006,0.4631193280220032,0.6491664052009583,0.7075233459472656,0.6366553902626038,0.6594257950782776,0.6524503231048584,0.6144066452980042,0.6586677432060242,0.5839098691940308,0.6920954585075378,0.7178093791007996,0.7045656442642212,0.6848064661026001,0.5962679982185364,0.6837106943130493,0.5454491376876831,0.6344037652015686,0.6413648128509521,0.7222614288330078,0.6610324382781982,0.6890006065368652,0.7118963003158569,0.4979693293571472,0.5465005040168762,0.5621650218963623,0.7473349571228027,0.6821104884147644,0.5900353789329529,0.4679349362850189,0.5479714870452881,0.515317976474762,0.6473208665847778,0.7450478076934814,0.6825442314147949,0.6581053137779236,0.7053553462028503,0.6962602138519287,0.7192660570144653,0.7426298260688782,0.72630774974823,0.7863054871559143,0.6059937477111816,0.66168212890625,0.5805178880691528,0.6834699511528015,0.6508241295814514,0.6101483702659607,0.6529431939125061,0.6245092153549194,0.6565576791763306,0.6204760670661926,0.5536583065986633,0.5736536383628845,0.5302062630653381,0.7049799561500549,0.5795973539352417,0.4742712378501892,0.5631103515625,0.5873157382011414,0.46050557494163513,0.6354165077209473,0.6652253270149231,0.7074909806251526,0.6141151189804077,0.6741111278533936,0.6533572673797607,0.6539086103439331,0.7084604501724243,0.6513135433197021,0.6450318694114685,0.6976341605186462,0.7596147060394287,0.8357670307159424,0.6805295944213867,0.7801030278205872,0.7458865642547607,0.8149751424789429,0.7094495296478271,0.7694385051727295,0.7138276696205139,0.8168634176254272,0.6809920072555542,0.6872011423110962,0.5334232449531555,0.7324740290641785,0.6538194417953491,0.6599682569503784,0.6020908951759338,0.7148820161819458,0.6085737943649292,0.6631323099136353,0.7343952059745789,0.7159525752067566,0.7091765403747559,0.7218542098999023,0.7077368497848511,0.6831153035163879,0.6454309821128845,0.6567517518997192,0.7351551651954651,0.7619360685348511,0.7185206413269043,1.0,0.7683840990066528,0.7627123594284058,0.7181024551391602,0.8315612077713013,0.7363729476928711,0.8056615591049194,0.7082902193069458,0.8023003935813904,0.7621649503707886,0.6066164374351501,0.5862155556678772,0.6611689329147339,0.8003339767456055,0.7335342168807983,0.6792967319488525,0.6210108995437622,0.6618164777755737,0.7289727926254272
Stealing#2,0.473303884267807,0.47277915477752686,0.30265796184539795,0.3253638744354248,0.4299471378326416,0.3817572593688965,0.4963802695274353,0.39501065015792847,0.4254987835884094,0.2894798219203949,0.7759991884231567,0.7495855093002319,0.7754575610160828,0.7884081602096558,0.7733474373817444,0.823692262172699,0.8398897647857666,0.766514778137207,0.7503506541252136,0.6513592004776001,0.6742850542068481,0.7047908306121826,0.660164475440979,0.715869665145874,0.7104505896568298,0.6310952305793762,0.8001729846000671,0.5787028074264526,0.7743444442749023,0.8037161231040955,0.7712936401367188,0.8318668603897095,0.673841118812561,0.7708626985549927,0.49221348762512207,0.7114375233650208,0.7969556450843811,0.8577178716659546,0.6077855825424194,0.6446212530136108,0.8434717059135437,0.6635850667953491,0.7181106805801392,0.7335217595100403,0.8068907856941223,0.8200844526290894,0.7829732894897461,0.6652793884277344,0.7479841709136963,0.678733766078949,0.7925684452056885,0.7945188283920288,0.8010748028755188,0.7491271495819092,0.8359242677688599,0.7195523977279663,0.8242059350013733,0.7557605504989624,0.8002176284790039,0.760339617729187,0.6589542627334595,0.654407262802124,0.7270755171775818,0.7346444129943848,0.6653593182563782,0.7650107145309448,0.7454447746276855,0.6891481876373291,0.6911107301712036,0.6063138246536255,0.6996136903762817,0.702487051486969,0.6807562112808228,0.7665828466415405,0.6930364966392517,0.6324247717857361,0.6790511608123779,0.7441961765289307,0.6179970502853394,0.7567646503448486,0.6491667032241821,0.6607694625854492,0.6154326796531677,0.6755417585372925,0.6740185022354126,0.6265130043029785,0.7769675850868225,0.7274577617645264,0.7217341661453247,0.6360979080200195,0.7932698726654053,0.7765606641769409,0.8667594194412231,0.7958987951278687,0.6827974319458008,0.8862259984016418,0.8240841627120972,0.9050666689872742,0.7913159132003784,0.8960691094398499,0.7738991975784302,0.8225767612457275,0.7182016968727112,0.826987624168396,0.7610692381858826,0.828417181968689,0.7837082147598267,0.7812891602516174,0.7219281196594238,0.7654280662536621,0.7687562704086304,0.7616151571273804,0.8031150698661804,0.7842301726341248,0.796224057674408,0.7827298641204834,0.6502547860145569,0.807218611240387,0.7754203081130981,0.7329750061035156,0.8501321077346802,0.7683840990066528,1.000000238418579,0.8097591400146484,0.775152325630188,0.7991266250610352,0.8078941106796265,0.9123893976211548,0.7961159348487854,0.9125258922576904,0.7423808574676514,0.7118895053863525,0.5989289283752441,0.7324240207672119,0.6742503643035889,0.7210493087768555,0.6683171987533569,0.5759850740432739,0.8339616060256958,0.7867043614387512
Stealing#3,0.5201607942581177,0.5833332538604736,0.40890997648239136,0.43484431505203247,0.5147293210029602,0.4211585521697998,0.553191602230072,0.4801669716835022,0.5339435338973999,0.4008738398551941,0.618730902671814,0.6593108177185059,0.6905035972595215,0.6634849309921265,0.6137540340423584,0.749242901802063,0.7678556442260742,0.6609066724777222,0.5957410931587219,0.4976027309894562,0.593212366104126,0.5708261728286743,0.5987436175346375,0.5966447591781616,0.625802755355835,0.5492119789123535,0.6376552581787109,0.5010063648223877,0.6547915935516357,0.7502858638763428,0.7923253774642944,0.7157278656959534,0.7081232070922852,0.7516792416572571,0.6063931584358215,0.6630020141601562,0.769207239151001,0.8042794466018677,0.7212178111076355,0.7495350241661072,0.6668685674667358,0.5442111492156982,0.5627480745315552,0.6418668627738953,0.6889408826828003,0.6929702758789062,0.6279647350311279,0.5107753276824951,0.5997820496559143,0.5391272306442261,0.6595557928085327,0.7287952899932861,0.7355376482009888,0.7197198867797852,0.7580270767211914,0.7318178415298462,0.7847166061401367,0.7669023871421814,0.7602236270904541,0.7491264343261719,0.7294529676437378,0.6938493251800537,0.7090750932693481,0.7484942674636841,0.7103976011276245,0.682602047920227,0.7291223406791687,0.689753532409668,0.6885553598403931,0.6714236736297607,0.6132014989852905,0.6311432123184204,0.5950602889060974,0.7663904428482056,0.6546416282653809,0.5139086246490479,0.6419958472251892,0.6755944490432739,0.5479791760444641,0.67909836769104,0.6954197883605957,0.580196738243103,0.5715529918670654,0.6910570859909058,0.595050573348999,0.6665011644363403,0.6853349208831787,0.6599290370941162,0.6937524080276489,0.6378661394119263,0.7416489124298096,0.7488917112350464,0.7676271796226501,0.8033316135406494,0.6932840943336487,0.7515122890472412,0.7886120080947876,0.7633110880851746,0.6639354228973389,0.7896610498428345,0.6499350666999817,0.6678500771522522,0.5708805918693542,0.7499939203262329,0.6032567024230957,0.670538067817688,0.6137731075286865,0.6723908185958862,0.5512924194335938,0.6461191773414612,0.7375961542129517,0.7284459471702576,0.7433292865753174,0.7121819257736206,0.8042405247688293,0.7700132727622986,0.7577235698699951,0.7578234672546387,0.7759677171707153,0.7659941911697388,0.864158034324646,0.7627123594284058,0.8097591400146484,1.0000003576278687,0.7681617736816406,0.7712053656578064,0.6928592920303345,0.8366219997406006,0.8257312774658203,0.848273754119873,0.7297753095626831,0.7233476638793945,0.5031487345695496,0.7001457214355469,0.6885251402854919,0.8377236723899841,0.6582348346710205,0.6078845858573914,0.71052086353302,0.842732310295105
Stealing#4,0.5073238611221313,0.5009629130363464,0.34469056129455566,0.36123114824295044,0.5066878795623779,0.41082945466041565,0.5428335666656494,0.43933993577957153,0.48576223850250244,0.3206103444099426,0.6327840089797974,0.6777858734130859,0.6873109340667725,0.7056259512901306,0.6091881990432739,0.775040328502655,0.770802915096283,0.6540713906288147,0.604101300239563,0.49625712633132935,0.5811339616775513,0.606427013874054,0.6123244762420654,0.6503833532333374,0.6719119548797607,0.5469719767570496,0.661523699760437,0.5320937633514404,0.6521749496459961,0.7267429828643799,0.7725316286087036,0.7122825384140015,0.6355057954788208,0.7667967081069946,0.528471052646637,0.6648399829864502,0.7211666107177734,0.7505183219909668,0.6361490488052368,0.6745857000350952,0.705747127532959,0.5155936479568481,0.5899112820625305,0.6317907571792603,0.7202500104904175,0.692558765411377,0.6477648019790649,0.49000173807144165,0.610068678855896,0.5542594194412231,0.7129594087600708,0.7677932977676392,0.7668332457542419,0.6779451966285706,0.7557234764099121,0.8604106903076172,0.7862024307250977,0.7649902105331421,0.8046467304229736,0.7799187898635864,0.6589487791061401,0.6142471432685852,0.648654580116272,0.697891116142273,0.6317101120948792,0.6499974727630615,0.6740597486495972,0.6339317560195923,0.6298211812973022,0.572622537612915,0.5600976943969727,0.585474967956543,0.5497167110443115,0.7272486686706543,0.6159579753875732,0.486533522605896,0.5682901740074158,0.6277784109115601,0.5055813193321228,0.6525332927703857,0.6558114886283875,0.6471603512763977,0.5760607123374939,0.6285490989685059,0.6004381775856018,0.6399892568588257,0.6872557401657104,0.6751478910446167,0.7326759099960327,0.6345794796943665,0.7538330554962158,0.6900540590286255,0.7392635345458984,0.8050988912582397,0.6867893934249878,0.7651742696762085,0.7500431537628174,0.7735881209373474,0.7757567763328552,0.7833012342453003,0.6850664615631104,0.75081467628479,0.5752116441726685,0.7448002099990845,0.6463252902030945,0.6966497898101807,0.6598348617553711,0.680611252784729,0.6153522729873657,0.6698629856109619,0.6762557029724121,0.7265406847000122,0.7187951803207397,0.7045944929122925,0.7630014419555664,0.6949856877326965,0.6213161945343018,0.7266207933425903,0.758655309677124,0.6929655075073242,0.8493837118148804,0.7181024551391602,0.775152325630188,0.7681617736816406,1.0000001192092896,0.7686737179756165,0.7020337581634521,0.8085189461708069,0.7908115983009338,0.8338761329650879,0.7840183973312378,0.6580706238746643,0.5813401937484741,0.7116516828536987,0.7235279083251953,0.7423457503318787,0.7394855618476868,0.6294581890106201,0.7347400188446045,0.7705303430557251
Stealing#5,0.5009432435035706,0.4959789216518402,0.35466426610946655,0.34978923201560974,0.47428691387176514,0.4336966872215271,0.49927783012390137,0.429185152053833,0.4557301700115204,0.3337748646736145,0.7437752485275269,0.7272603511810303,0.783890962600708,0.7327882051467896,0.7277652025222778,0.792901873588562,0.834768533706665,0.7392706871032715,0.7215979099273682,0.6301245093345642,0.6420555114746094,0.6484299302101135,0.6256115436553955,0.6821037530899048,0.676196813583374,0.5853241682052612,0.7547919154167175,0.5691059827804565,0.7412042021751404,0.7898954749107361,0.7611351609230042,0.8050577640533447,0.7099500894546509,0.7503100633621216,0.5220769047737122,0.646249532699585,0.7824800610542297,0.8360008597373962,0.6115986704826355,0.6789789199829102,0.7620760202407837,0.6432901620864868,0.6934884190559387,0.7272371053695679,0.7544906139373779,0.7958028316497803,0.7471094131469727,0.6294464468955994,0.7163331508636475,0.6812813878059387,0.7667943239212036,0.8163118362426758,0.7888940572738647,0.6674984693527222,0.8356995582580566,0.7547554969787598,0.8177460432052612,0.7344471216201782,0.8349916934967041,0.7081936597824097,0.6381577253341675,0.5920591354370117,0.7291409969329834,0.6505858898162842,0.608173131942749,0.7251921892166138,0.7316251993179321,0.6077571511268616,0.649762749671936,0.5830439329147339,0.6728291511535645,0.6887855529785156,0.6720747947692871,0.7818416953086853,0.7176925539970398,0.6033726930618286,0.6823383569717407,0.7243385314941406,0.6420224905014038,0.7680914402008057,0.6489546298980713,0.7116235494613647,0.6921908855438232,0.6931500434875488,0.6508780717849731,0.6979362964630127,0.7563939094543457,0.7383694648742676,0.7436388731002808,0.698319137096405,0.7535802721977234,0.7204760313034058,0.7871501445770264,0.8521022796630859,0.6909607648849487,0.8159050941467285,0.7868603467941284,0.81132972240448,0.7510515451431274,0.823628306388855,0.7712474465370178,0.7963219285011292,0.6820059418678284,0.8432857990264893,0.70854651927948,0.8013350963592529,0.7574747800827026,0.7537813186645508,0.7042019367218018,0.7204644680023193,0.7066614627838135,0.7584553956985474,0.7708328366279602,0.7329308986663818,0.7621107697486877,0.7522256374359131,0.6516055464744568,0.7547497153282166,0.7726962566375732,0.7512404918670654,0.851067304611206,0.8315612077713013,0.7991266250610352,0.7712053656578064,0.7686737179756165,1.000000238418579,0.7171182632446289,0.8191308975219727,0.8411588668823242,0.8776866793632507,0.7835972905158997,0.7363380193710327,0.6084171533584595,0.7781729698181152,0.6787934303283691,0.7534909248352051,0.7515498399734497,0.6317410469055176,0.8028923273086548,0.8190091252326965
Stealing#6,0.4507730007171631,0.41894370317459106,0.2609785199165344,0.2956305742263794,0.4452527165412903,0.4460259675979614,0.49219805002212524,0.4271093010902405,0.4081670641899109,0.25941428542137146,0.6481250524520874,0.6177735328674316,0.6158415079116821,0.7195466756820679,0.6205201745033264,0.7057126760482788,0.6721957921981812,0.5832107663154602,0.6169780492782593,0.5158414244651794,0.6678628921508789,0.6555522680282593,0.6531488299369812,0.7039246559143066,0.654151439666748,0.6338473558425903,0.7019906044006348,0.604156494140625,0.7035221457481384,0.6757068037986755,0.7467302680015564,0.7107537984848022,0.4938337802886963,0.6573017835617065,0.48856300115585327,0.6718251705169678,0.6315286159515381,0.7032299041748047,0.5390382409095764,0.5099223256111145,0.6985313892364502,0.5168865919113159,0.6451975703239441,0.5668905973434448,0.7670625448226929,0.7043644785881042,0.6309472322463989,0.5269433259963989,0.5928711891174316,0.5474573373794556,0.6770617961883545,0.6627557277679443,0.6980615258216858,0.6768302917480469,0.6865122318267822,0.6529738903045654,0.6805467009544373,0.6333915591239929,0.7587592601776123,0.7491740584373474,0.5031688213348389,0.5204472541809082,0.5479696989059448,0.6250763535499573,0.5426034331321716,0.6012229323387146,0.5774712562561035,0.5796124935150146,0.5490538477897644,0.48764175176620483,0.5640133619308472,0.5562319755554199,0.5408650636672974,0.6044817566871643,0.5199334025382996,0.4928022623062134,0.5726221799850464,0.5885401964187622,0.4788692891597748,0.6159348487854004,0.5819400548934937,0.6963033080101013,0.5854002833366394,0.5993967652320862,0.681111752986908,0.5897072553634644,0.6886570453643799,0.6394964456558228,0.6162717342376709,0.6166388988494873,0.6897633075714111,0.7032603621482849,0.7791182994842529,0.6502019762992859,0.6182785034179688,0.7876532077789307,0.7461410760879517,0.8142993450164795,0.7191936373710632,0.8004840612411499,0.6816904544830322,0.7049006819725037,0.588116466999054,0.6962445378303528,0.7588076591491699,0.7012103796005249,0.63630211353302,0.6761386394500732,0.6621798872947693,0.6888694763183594,0.7949633598327637,0.732966423034668,0.7289785146713257,0.7804107666015625,0.6716029644012451,0.664726734161377,0.6183146834373474,0.7520208358764648,0.734555721282959,0.6260676383972168,0.7002252340316772,0.7363729476928711,0.8078941106796265,0.6928592920303345,0.7020337581634521,0.7171182632446289,0.9999997019767761,0.7989583611488342,0.6316201686859131,0.7812533378601074,0.667709469795227,0.5545105934143066,0.6799731254577637,0.6040130853652954,0.7019894123077393,0.6311033964157104,0.6970109939575195,0.6388763189315796,0.6856786012649536,0.6452518701553345
Stealing#7,0.4769958555698395,0.5037782192230225,0.3271132707595825,0.3548000454902649,0.4520711302757263,0.40914952754974365,0.5082460641860962,0.4179691672325134,0.4600580334663391,0.29711559414863586,0.7355664968490601,0.7120810151100159,0.7474400997161865,0.7683423757553101,0.7106616497039795,0.8219009637832642,0.8349530100822449,0.7329574823379517,0.6807487607002258,0.5848013162612915,0.6502565145492554,0.6772462129592896,0.6492338180541992,0.7070399522781372,0.6908078193664551,0.6038327217102051,0.7682667970657349,0.5416383147239685,0.7132672071456909,0.8281475305557251,0.8103694319725037,0.8359703421592712,0.6845850944519043,0.8057190775871277,0.5021682381629944,0.7199680209159851,0.80729079246521,0.8406460881233215,0.6468735337257385,0.6650826930999756,0.8106738924980164,0.6395009160041809,0.6662543416023254,0.6830289363861084,0.8146169185638428,0.7905421257019043,0.7171308994293213,0.5782387256622314,0.7094153761863708,0.6083064675331116,0.7421817779541016,0.8365301489830017,0.8007363080978394,0.7337831258773804,0.799217939376831,0.765228271484375,0.8343706130981445,0.7637695074081421,0.8447248935699463,0.7560001015663147,0.6905110478401184,0.6696088314056396,0.7212464213371277,0.7368110418319702,0.6704742312431335,0.7371408939361572,0.7381241917610168,0.6779844164848328,0.7078424096107483,0.6015164852142334,0.6597124338150024,0.6640723943710327,0.6439908742904663,0.7707676887512207,0.6756059527397156,0.5992308855056763,0.6545548439025879,0.7130128145217896,0.5643525123596191,0.7312614917755127,0.7028399705886841,0.6769788861274719,0.6101391911506653,0.6895222663879395,0.685550332069397,0.6492842435836792,0.7648352980613708,0.7258439064025879,0.7174029350280762,0.6792721748352051,0.8062754273414612,0.7867861986160278,0.8288538455963135,0.826126217842102,0.7076132297515869,0.8859748840332031,0.8420357704162598,0.8793486952781677,0.7823451161384583,0.8801838159561157,0.7563682794570923,0.7916098833084106,0.6649399995803833,0.8231654167175293,0.73814857006073,0.78111732006073,0.7370160222053528,0.7644988298416138,0.7034386992454529,0.7349875569343567,0.7816151976585388,0.795236349105835,0.805908203125,0.7894548177719116,0.8329285383224487,0.7911834716796875,0.6626158356666565,0.791985273361206,0.8067066669464111,0.7990978956222534,0.8916965126991272,0.8056615591049194,0.9123893976211548,0.8366219997406006,0.8085189461708069,0.8191308975219727,0.7989583611488342,0.9999998807907104,0.797493577003479,0.8913787007331848,0.7855777740478516,0.69621342420578,0.5893665552139282,0.7456837892532349,0.7149916887283325,0.7463456988334656,0.7376749515533447,0.6115176677703857,0.7943013906478882,0.8062379360198975
Stealing#8,0.5100407004356384,0.5433315634727478,0.3679984211921692,0.39816373586654663,0.4800383746623993,0.4148441255092621,0.5316880941390991,0.46249881386756897,0.49285227060317993,0.35181671380996704,0.7687935829162598,0.7852939367294312,0.8443674445152283,0.7059018611907959,0.7979893684387207,0.8099575042724609,0.880918025970459,0.8260037899017334,0.7711402177810669,0.6968097686767578,0.5743456482887268,0.589896559715271,0.5805764198303223,0.6086100935935974,0.6420077085494995,0.5449410080909729,0.7206573486328125,0.49238359928131104,0.6971547603607178,0.7872390747070312,0.7676103711128235,0.7682107090950012,0.7916449904441833,0.7242060899734497,0.5592203140258789,0.6217062473297119,0.7816543579101562,0.838995099067688,0.6522565484046936,0.7422205209732056,0.7622805833816528,0.6940150260925293,0.6965310573577881,0.8090933561325073,0.6921091079711914,0.7641840577125549,0.7980621457099915,0.7085912227630615,0.767236053943634,0.7219502329826355,0.798012375831604,0.7655802965164185,0.8029835820198059,0.6432428956031799,0.862601637840271,0.7711674571037292,0.8374336957931519,0.7364471554756165,0.756988525390625,0.6958225965499878,0.6650247573852539,0.6192460060119629,0.8090296983718872,0.6412767171859741,0.6053966283798218,0.7668213248252869,0.8073554635047913,0.620063841342926,0.6892082095146179,0.6258182525634766,0.7440437078475952,0.7938377857208252,0.7585445642471313,0.8171465396881104,0.7963141202926636,0.6669086217880249,0.7679075002670288,0.7904508113861084,0.7481869459152222,0.8262971043586731,0.6021636724472046,0.5623825192451477,0.5201270580291748,0.6456390023231506,0.5486429929733276,0.6375678181648254,0.6729010343551636,0.6459819078445435,0.6849576234817505,0.5869205594062805,0.7251108884811401,0.7196569442749023,0.8087896108627319,0.8637039661407471,0.6778258085250854,0.7732508182525635,0.8203744292259216,0.788911759853363,0.6843496561050415,0.7592501044273376,0.6914712190628052,0.7363222241401672,0.7364768981933594,0.797136664390564,0.6055245399475098,0.756464958190918,0.7420008182525635,0.7433035373687744,0.6052877306938171,0.6699501276016235,0.658902645111084,0.7220879793167114,0.7510875463485718,0.6708430051803589,0.7859320640563965,0.8018079996109009,0.662041425704956,0.7509281635284424,0.7378230690956116,0.8068808317184448,0.9196421504020691,0.7082902193069458,0.7961159348487854,0.8257312774658203,0.7908115983009338,0.8411588668823242,0.6316201686859131,0.797493577003479,0.9999998807907104,0.8599993586540222,0.7631314992904663,0.819548487663269,0.4835529923439026,0.8008872270584106,0.6428741216659546,0.8239994049072266,0.6571075916290283,0.6195128560066223,0.8146406412124634,0.8951348066329956
Stealing#9,0.48441267013549805,0.47210320830345154,0.3218715190887451,0.3329727351665497,0.45291489362716675,0.40931493043899536,0.5002782344818115,0.41726821660995483,0.4184643626213074,0.29891401529312134,0.7250027060508728,0.7286810874938965,0.756926953792572,0.7446296215057373,0.7153546810150146,0.8190528154373169,0.8369650840759277,0.7183812856674194,0.6930962800979614,0.5847581028938293,0.650596022605896,0.6669517755508423,0.6409851312637329,0.696237325668335,0.7115438580513,0.5906856060028076,0.750959038734436,0.5868417024612427,0.7624579071998596,0.8015868663787842,0.7882489562034607,0.8004168272018433,0.6627625226974487,0.7634230852127075,0.5017757415771484,0.6774204969406128,0.7837887406349182,0.8554445505142212,0.5953087210655212,0.6567052602767944,0.7794033288955688,0.6083991527557373,0.6626468896865845,0.6902065277099609,0.787977933883667,0.7991771697998047,0.7292544841766357,0.5911535024642944,0.6949076056480408,0.6290658116340637,0.7548605799674988,0.7915135622024536,0.8054975271224976,0.7204649448394775,0.8304876089096069,0.766171932220459,0.8259446024894714,0.7772657871246338,0.8282499313354492,0.7695708274841309,0.6415004730224609,0.5946347117424011,0.7045968770980835,0.6788393259048462,0.6312986612319946,0.6986635327339172,0.694744884967804,0.6269641518592834,0.6319192051887512,0.5660439133644104,0.6498775482177734,0.6650197505950928,0.6289567947387695,0.7572804689407349,0.679398775100708,0.5616232752799988,0.6386252641677856,0.7060244083404541,0.5863965749740601,0.7368775606155396,0.6528968214988708,0.6878728866577148,0.6592404842376709,0.684246301651001,0.6759179830551147,0.6930175423622131,0.7801395058631897,0.7433716654777527,0.7496335506439209,0.6793848872184753,0.7874645590782166,0.7541618347167969,0.8547958135604858,0.8616346716880798,0.6956107020378113,0.863392174243927,0.8588940501213074,0.881263017654419,0.7733051776885986,0.8913588523864746,0.7651012539863586,0.788271427154541,0.6534111499786377,0.8224062919616699,0.7401921153068542,0.7944759130477905,0.7333904504776001,0.7273818254470825,0.6756212711334229,0.7458468675613403,0.7544549703598022,0.7656946778297424,0.7947348356246948,0.7779058814048767,0.8088428974151611,0.7903398871421814,0.6395254135131836,0.8073055744171143,0.8241212368011475,0.7404186725616455,0.8861493468284607,0.8023003935813904,0.9125258922576904,0.848273754119873,0.8338761329650879,0.8776866793632507,0.7812533378601074,0.8913787007331848,0.8599993586540222,1.0000001192092896,0.7617852091789246,0.7069495916366577,0.5945382714271545,0.7358841300010681,0.6880922317504883,0.75298672914505,0.722926139831543,0.6157145500183105,0.7984912395477295,0.8209447264671326
Vandalism#0,0.5203805565834045,0.5334459543228149,0.32041943073272705,0.36853140592575073,0.4803276062011719,0.42363813519477844,0.5436563491821289,0.41262108087539673,0.5182204246520996,0.3113649785518646,0.7092122435569763,0.7028063535690308,0.7218613624572754,0.7052903175354004,0.6822893619537354,0.784677267074585,0.7750918865203857,0.7160109281539917,0.6519033908843994,0.5610655546188354,0.5975425243377686,0.6280952095985413,0.6021795868873596,0.6310391426086426,0.6412802338600159,0.5792601108551025,0.6982604265213013,0.5333763360977173,0.7118825316429138,0.7543394565582275,0.7535015344619751,0.7408647537231445,0.6656008958816528,0.753300666809082,0.5167747139930725,0.6164747476577759,0.727357029914856,0.7861070036888123,0.6297521591186523,0.7052074670791626,0.7740756273269653,0.5997411608695984,0.6340072154998779,0.6746577024459839,0.8067230582237244,0.7516059875488281,0.6882593631744385,0.5532165765762329,0.6576228141784668,0.61651211977005,0.8015540838241577,0.8218539953231812,0.7532238960266113,0.6483275890350342,0.8265852928161621,0.8715541958808899,0.8436434864997864,0.7779069542884827,0.8234208822250366,0.7702428698539734,0.6790241003036499,0.664954423904419,0.6835073232650757,0.7147181630134583,0.6621543169021606,0.7097885608673096,0.7220285534858704,0.6414856910705566,0.6901879906654358,0.6081423163414001,0.6673160195350647,0.6666045188903809,0.6266178488731384,0.7757090330123901,0.6620118618011475,0.5670138001441956,0.6477392315864563,0.6988256573677063,0.5648573040962219,0.7292255163192749,0.6532068252563477,0.6984168887138367,0.6071504354476929,0.68910151720047,0.6611016988754272,0.6438933610916138,0.7070667743682861,0.7077255249023438,0.7349249124526978,0.6536144614219666,0.7749196290969849,0.7617781162261963,0.7406371235847473,0.8253991603851318,0.7510961294174194,0.7958515882492065,0.7433724403381348,0.7797602415084839,0.7488329410552979,0.78438800573349,0.7450358867645264,0.778616189956665,0.6444958448410034,0.812983512878418,0.6804375648498535,0.7503073215484619,0.6974484324455261,0.7672538757324219,0.6770853996276855,0.7322713136672974,0.6831808090209961,0.7412077188491821,0.7322601079940796,0.7258070707321167,0.7336977124214172,0.7133916616439819,0.6338188648223877,0.695090115070343,0.7678983807563782,0.7396854162216187,0.7959260940551758,0.7621649503707886,0.7423808574676514,0.7297753095626831,0.7840183973312378,0.7835972905158997,0.667709469795227,0.7855777740478516,0.7631314992904663,0.7617852091789246,1.0,0.7311760187149048,0.6144528985023499,0.852658748626709,0.8191787004470825,0.7883825302124023,0.7628589868545532,0.6308727264404297,0.7718631029129028,0.817365825176239
Vandalism#1,0.5556315183639526,0.6245339512825012,0.43634212017059326,0.5072150826454163,0.6010815501213074,0.4639599919319153,0.5325963497161865,0.5171008110046387,0.5915490984916687,0.4636872708797455,0.7324914932250977,0.7514591217041016,0.7800679206848145,0.6528909802436829,0.775540292263031,0.7202686071395874,0.7988975048065186,0.784814715385437,0.7472798824310303,0.6962599754333496,0.5442529320716858,0.5383701324462891,0.5402817726135254,0.5329132080078125,0.5886590480804443,0.5186035633087158,0.6416577100753784,0.4874173402786255,0.6622194051742554,0.6892526745796204,0.6921770572662354,0.7063044309616089,0.8285242915153503,0.6954300403594971,0.5688571929931641,0.6075724363327026,0.7812018394470215,0.7812991738319397,0.6679779887199402,0.7493850588798523,0.7174763679504395,0.6888161301612854,0.6818591356277466,0.7978286147117615,0.6456000804901123,0.7767294645309448,0.7716770172119141,0.7096060514450073,0.7515297532081604,0.7605039477348328,0.7086106538772583,0.6926947236061096,0.6505633592605591,0.5862573385238647,0.8076986074447632,0.6631672382354736,0.7372512221336365,0.5975793600082397,0.7004259824752808,0.5649935007095337,0.6855005025863647,0.6352591514587402,0.7784242630004883,0.6539835929870605,0.6360844373703003,0.763312041759491,0.8166326284408569,0.6389493942260742,0.6929949522018433,0.6414248943328857,0.7707226276397705,0.8228209018707275,0.7724361419677734,0.8137186169624329,0.8432791233062744,0.6869852542877197,0.8060045838356018,0.792792558670044,0.7559834718704224,0.795158863067627,0.5499895811080933,0.5259745121002197,0.4922211766242981,0.6258577108383179,0.5229228734970093,0.6194902062416077,0.6082755327224731,0.6050478219985962,0.6845746040344238,0.5590476989746094,0.6330261826515198,0.6621913313865662,0.7138956189155579,0.7547391653060913,0.6836652755737305,0.6977491974830627,0.7057092189788818,0.6830047369003296,0.6446750164031982,0.6377596855163574,0.673319935798645,0.7190500497817993,0.730474591255188,0.7571980953216553,0.6212518215179443,0.7532457113265991,0.7412189841270447,0.7324780225753784,0.6085630655288696,0.665416419506073,0.6040019989013672,0.7672741413116455,0.7424236536026001,0.6395915746688843,0.740736722946167,0.8122817277908325,0.6725914478302002,0.7248795032501221,0.6544158458709717,0.7141939401626587,0.772445559501648,0.6066164374351501,0.7118895053863525,0.7233476638793945,0.6580706238746643,0.7363380193710327,0.5545105934143066,0.69621342420578,0.819548487663269,0.7069495916366577,0.7311760187149048,1.0000003576278687,0.4493985176086426,0.8449591398239136,0.6157920360565186,0.8262065649032593,0.6250022053718567,0.6230031847953796,0.8385179042816162,0.8495938777923584
Vandalism#2,0.4237426519393921,0.37501418590545654,0.2578388452529907,0.2568355202674866,0.3961137533187866,0.40384870767593384,0.4471234679222107,0.36838334798812866,0.3908590078353882,0.2621539235115051,0.5284342765808105,0.46284055709838867,0.45677483081817627,0.5916993618011475,0.4659474492073059,0.5514296889305115,0.5050241351127625,0.43641871213912964,0.47135812044143677,0.3994485139846802,0.6163234710693359,0.5719527006149292,0.5926084518432617,0.607096791267395,0.558594822883606,0.603834867477417,0.5961061716079712,0.5892964601516724,0.6414171457290649,0.5697253346443176,0.6435682773590088,0.6325457096099854,0.4258427023887634,0.6210200190544128,0.4500710368156433,0.6187877058982849,0.5354030728340149,0.585593581199646,0.4840337038040161,0.46058958768844604,0.5646470785140991,0.39727383852005005,0.526127815246582,0.4226014018058777,0.658126950263977,0.572181224822998,0.48393911123275757,0.3939759433269501,0.4524911940097809,0.44637542963027954,0.6109609603881836,0.6091321706771851,0.5463724136352539,0.581008791923523,0.5793907642364502,0.5932810306549072,0.5643445253372192,0.5537206530570984,0.6768337488174438,0.6493619680404663,0.47580045461654663,0.5074303150177002,0.43640509247779846,0.5558412671089172,0.4980272650718689,0.5367263555526733,0.4848918914794922,0.5522730350494385,0.4729442298412323,0.44311392307281494,0.4170888066291809,0.4232935309410095,0.4201274514198303,0.4674842357635498,0.41381722688674927,0.38074249029159546,0.43015217781066895,0.46325457096099854,0.36242973804473877,0.48647236824035645,0.47536635398864746,0.6457061767578125,0.5985252857208252,0.5268194675445557,0.5933586359024048,0.5254411697387695,0.5966430902481079,0.5884929299354553,0.5753977298736572,0.5139830708503723,0.5591471791267395,0.5196707248687744,0.596622109413147,0.5401668548583984,0.5196447968482971,0.6302005052566528,0.5620417594909668,0.6250775456428528,0.6606106162071228,0.6230145692825317,0.6587562561035156,0.658686637878418,0.48892438411712646,0.6468528509140015,0.687656044960022,0.6152524948120117,0.5654031038284302,0.6368542909622192,0.6695184111595154,0.6634736061096191,0.5944713354110718,0.5422993898391724,0.5602667331695557,0.5666296482086182,0.5430905818939209,0.4784257411956787,0.45047804713249207,0.5756638050079346,0.5574720501899719,0.48245954513549805,0.5324371457099915,0.5862155556678772,0.5989289283752441,0.5031487345695496,0.5813401937484741,0.6084171533584595,0.6799731254577637,0.5893665552139282,0.4835529923439026,0.5945382714271545,0.6144528985023499,0.4493985176086426,0.9999998807907104,0.5223206877708435,0.6751471161842346,0.5129184722900391,0.6681503057479858,0.7876948118209839,0.5628412365913391,0.5141432285308838
Vandalism#3,0.5013965964317322,0.5716120004653931,0.36772850155830383,0.41952380537986755,0.539607048034668,0.4257238209247589,0.493643581867218,0.44014573097229004,0.5154464244842529,0.3887324333190918,0.7483154535293579,0.7593859434127808,0.7746926546096802,0.6948032975196838,0.7586427330970764,0.7676820755004883,0.8145970106124878,0.7870147824287415,0.7455974817276001,0.6824073791503906,0.5713109970092773,0.5597432255744934,0.5419829487800598,0.6045199632644653,0.6083710193634033,0.5290355682373047,0.6981403827667236,0.5013517141342163,0.6859670877456665,0.7197475433349609,0.6985589265823364,0.7640798091888428,0.7615014910697937,0.7689239978790283,0.49797534942626953,0.6198610067367554,0.7589884996414185,0.7928369045257568,0.600624680519104,0.6996784210205078,0.7622877359390259,0.661910891532898,0.7048099637031555,0.778999924659729,0.7423327565193176,0.7876801490783691,0.7726379632949829,0.6822813153266907,0.7483080625534058,0.7413897514343262,0.7665897011756897,0.769285261631012,0.7214299440383911,0.6100871562957764,0.8243443965911865,0.7524390816688538,0.7905431985855103,0.6886122226715088,0.7503489851951599,0.6257233619689941,0.6420615911483765,0.6131072044372559,0.7194104194641113,0.6544097661972046,0.6135530471801758,0.7647329568862915,0.7788254022598267,0.5976775884628296,0.6662749648094177,0.6248822212219238,0.7244124412536621,0.7938690185546875,0.7111988067626953,0.7879858016967773,0.7835246324539185,0.6484651565551758,0.7366899847984314,0.759676992893219,0.6873703002929688,0.7760451436042786,0.5624408721923828,0.5770397782325745,0.5439246296882629,0.6087957620620728,0.5622846484184265,0.6053662300109863,0.6482176780700684,0.6347312927246094,0.714624285697937,0.5847787857055664,0.7251304388046265,0.7121888399124146,0.7368988394737244,0.8036725521087646,0.7155465483665466,0.7496682405471802,0.7541193962097168,0.7564172744750977,0.7360594868659973,0.7276645302772522,0.7302411794662476,0.7957754731178284,0.7360330820083618,0.8086724281311035,0.6739892363548279,0.7943072319030762,0.7652937173843384,0.7761011719703674,0.6768627166748047,0.7140969634056091,0.6340211629867554,0.792367696762085,0.7591173648834229,0.6937054395675659,0.7391610145568848,0.7605283260345459,0.6177526712417603,0.7244040966033936,0.6875373721122742,0.7010257840156555,0.7948609590530396,0.6611689329147339,0.7324240207672119,0.7001457214355469,0.7116516828536987,0.7781729698181152,0.6040130853652954,0.7456837892532349,0.8008872270584106,0.7358841300010681,0.852658748626709,0.8449591398239136,0.5223206877708435,0.9999997615814209,0.6629782915115356,0.7861617803573608,0.6817375421524048,0.6390959024429321,0.8116109371185303,0.8388175964355469
Vandalism#4,0.5498313903808594,0.5128130912780762,0.38636136054992676,0.4229601323604584,0.5514018535614014,0.4622441232204437,0.5614587664604187,0.4674062132835388,0.517488956451416,0.3586043119430542,0.6313616037368774,0.5749087929725647,0.5601564645767212,0.6312098503112793,0.5593335628509521,0.6391857266426086,0.5941981077194214,0.5559753179550171,0.5303090810775757,0.4846014976501465,0.6290254592895508,0.6688334941864014,0.6710304021835327,0.6135189533233643,0.5971032977104187,0.6520025730133057,0.6291828155517578,0.601249098777771,0.6726205945014954,0.6457046270370483,0.7466170787811279,0.6538323760032654,0.5660664439201355,0.677787721157074,0.5974152088165283,0.642446756362915,0.6108411550521851,0.6672952175140381,0.6603209972381592,0.6702545881271362,0.6865852475166321,0.5011377930641174,0.5542935729026794,0.5335625410079956,0.7471390962600708,0.6371818780899048,0.5744141340255737,0.4706258773803711,0.5375077724456787,0.5127025842666626,0.6731186509132385,0.6683262586593628,0.6191616058349609,0.6284475326538086,0.6873995661735535,0.7370967864990234,0.668703556060791,0.6833587884902954,0.7418177127838135,0.7691723108291626,0.6213254928588867,0.6650944948196411,0.5648421049118042,0.71720290184021,0.6629196405410767,0.632156491279602,0.652053713798523,0.6535167694091797,0.6691162586212158,0.6133146286010742,0.548006534576416,0.5597236156463623,0.5207576751708984,0.6218544244766235,0.5283827185630798,0.49019157886505127,0.5463362336158752,0.5698704123497009,0.47156935930252075,0.6316953301429749,0.6652417182922363,0.7472172975540161,0.5854155421257019,0.7080053687095642,0.7000322341918945,0.6701142191886902,0.6551055908203125,0.6968511939048767,0.7058718204498291,0.6629289388656616,0.7114211320877075,0.739747941493988,0.6602554321289062,0.6997307538986206,0.7389959096908569,0.754558265209198,0.6837717294692993,0.7215312719345093,0.7189360857009888,0.7369160056114197,0.6986998915672302,0.691341757774353,0.5540959239006042,0.7241393327713013,0.6913034915924072,0.6414252519607544,0.5996028780937195,0.7384129166603088,0.6502656936645508,0.7079155445098877,0.6999474167823792,0.7155267000198364,0.6532193422317505,0.6950498819351196,0.6369112730026245,0.6366129517555237,0.6770488023757935,0.6553870439529419,0.7418262958526611,0.7216256856918335,0.6510732173919678,0.8003339767456055,0.6742503643035889,0.6885251402854919,0.7235279083251953,0.6787934303283691,0.7019894123077393,0.7149916887283325,0.6428741216659546,0.6880922317504883,0.8191787004470825,0.6157920360565186,0.6751471161842346,0.6629782915115356,1.0,0.7296390533447266,0.7311591506004333,0.6743445992469788,0.6485233306884766,0.7014095783233643
Vandalism#5,0.6434298753738403,0.7088887691497803,0.49445581436157227,0.5181187391281128,0.5687226057052612,0.531526505947113,0.6212852597236633,0.6058434247970581,0.6005626320838928,0.5019298791885376,0.6521028280258179,0.6683448553085327,0.7227976322174072,0.6578142642974854,0.6583898067474365,0.73462975025177,0.7638506889343262,0.6896657943725586,0.6245374083518982,0.553512692451477,0.5640993118286133,0.5591890811920166,0.6093720197677612,0.5492579340934753,0.6064883470535278,0.5415753126144409,0.6196939945220947,0.494570791721344,0.6369706988334656,0.7124706506729126,0.8093355894088745,0.7162468433380127,0.8100601434707642,0.76324862241745,0.6855493783950806,0.6615909337997437,0.7767586708068848,0.7975215911865234,0.7950259447097778,0.8660672903060913,0.6908930540084839,0.5797837376594543,0.58442622423172,0.6910613775253296,0.7051915526390076,0.6973167657852173,0.6646625995635986,0.568529486656189,0.6227209568023682,0.595382809638977,0.6575078964233398,0.7084911465644836,0.6964458227157593,0.601133406162262,0.7619643211364746,0.7160487174987793,0.751563310623169,0.6789706945419312,0.7321467995643616,0.684489369392395,0.7574833631515503,0.7480459809303284,0.728176474571228,0.7520397901535034,0.7452712059020996,0.7317765951156616,0.801888108253479,0.7178778648376465,0.7325542569160461,0.7325277328491211,0.6811702847480774,0.7391577363014221,0.6634758710861206,0.81596839427948,0.7542304992675781,0.5803022980690002,0.7345157861709595,0.7311888933181763,0.613555908203125,0.7544692754745483,0.692713737487793,0.6056405305862427,0.5368779897689819,0.7185477018356323,0.6086478233337402,0.6971164345741272,0.6633815765380859,0.6657872200012207,0.7106578946113586,0.6525312662124634,0.7262170314788818,0.7880619764328003,0.6959174871444702,0.8111457824707031,0.7664585113525391,0.7299343943595886,0.7328487038612366,0.7085084915161133,0.6729412078857422,0.711936891078949,0.6477558612823486,0.6838034987449646,0.6088935136795044,0.7549719214439392,0.597977876663208,0.673660159111023,0.6381888389587402,0.7362529635429382,0.5489988923072815,0.6520596742630005,0.6391315460205078,0.7297019958496094,0.6932775974273682,0.6399595141410828,0.8013499975204468,0.7691009044647217,0.6698136925697327,0.6714434027671814,0.6979130506515503,0.7680357694625854,0.8223724365234375,0.7335342168807983,0.7210493087768555,0.8377236723899841,0.7423457503318787,0.7534909248352051,0.6311033964157104,0.7463456988334656,0.8239994049072266,0.75298672914505,0.7883825302124023,0.8262065649032593,0.5129184722900391,0.7861617803573608,0.7296390533447266,1.0,0.6839820146560669,0.719336211681366,0.7223795652389526,0.9279707074165344
Vandalism#6,0.5576447248458862,0.5341595411300659,0.4191659092903137,0.38165903091430664,0.49648576974868774,0.5212767124176025,0.5186765193939209,0.4804428219795227,0.4819867014884949,0.3766639530658722,0.6069111824035645,0.5952052474021912,0.6310191750526428,0.7053139209747314,0.5884941220283508,0.6923224925994873,0.6933397054672241,0.5749903917312622,0.5887893438339233,0.4809114336967468,0.6479632258415222,0.6298350095748901,0.7119379043579102,0.6746010780334473,0.6370515823364258,0.6568467617034912,0.6761221885681152,0.6201944351196289,0.7132200002670288,0.6952441930770874,0.7170096635818481,0.6920238137245178,0.5840219855308533,0.6999841332435608,0.5157338380813599,0.6573148965835571,0.6723146438598633,0.6998896598815918,0.5768892765045166,0.5972490310668945,0.6509560346603394,0.4915822148323059,0.599126935005188,0.5769065022468567,0.7273985147476196,0.7109584808349609,0.6043928265571594,0.47742533683776855,0.5700243711471558,0.5700390338897705,0.6159072518348694,0.6803215742111206,0.6013925075531006,0.5831753015518188,0.6811915636062622,0.7007269859313965,0.6793895959854126,0.5849301218986511,0.7641963362693787,0.6350252628326416,0.5849939584732056,0.5563534498214722,0.5871928930282593,0.6067118048667908,0.5728954076766968,0.5924873948097229,0.6136261224746704,0.5793229341506958,0.5541136264801025,0.5184898376464844,0.5394125580787659,0.5637821555137634,0.5339118838310242,0.6599797010421753,0.591063380241394,0.47909775376319885,0.5742204189300537,0.6005127429962158,0.49209126830101013,0.6492076516151428,0.6403505802154541,0.8353265523910522,0.6698973774909973,0.7240537405014038,0.73744136095047,0.7927135229110718,0.7237133979797363,0.7918272018432617,0.7485159635543823,0.6970674991607666,0.6779402494430542,0.6301894187927246,0.7004771828651428,0.6951168775558472,0.6611859798431396,0.73419189453125,0.7178823947906494,0.7193838953971863,0.7184438705444336,0.693280816078186,0.7190204858779907,0.7160245776176453,0.5438985228538513,0.740811288356781,0.7072575092315674,0.7139191031455994,0.630229651927948,0.6762732863426208,0.6599369645118713,0.690348207950592,0.6676070690155029,0.7289879322052002,0.6900767683982849,0.6823815107345581,0.6806977987289429,0.674125075340271,0.5737628936767578,0.6881049871444702,0.7108551859855652,0.6167325973510742,0.7276345491409302,0.6792967319488525,0.6683171987533569,0.6582348346710205,0.7394855618476868,0.7515498399734497,0.6970109939575195,0.7376749515533447,0.6571075916290283,0.722926139831543,0.7628589868545532,0.6250022053718567,0.6681503057479858,0.6817375421524048,0.7311591506004333,0.6839820146560669,1.000000238418579,0.6707679033279419,0.6745532751083374,0.7028783559799194
Vandalism#7,0.6395297050476074,0.638799786567688,0.5004310607910156,0.5204839706420898,0.6047906875610352,0.6030938029289246,0.6452710032463074,0.621536135673523,0.6245741844177246,0.5039731860160828,0.5169287323951721,0.5055354833602905,0.5162433385848999,0.5445240139961243,0.517657995223999,0.5732074975967407,0.5636029243469238,0.5006925463676453,0.4967397451400757,0.43994641304016113,0.594992458820343,0.5497909188270569,0.6187362670898438,0.5341020822525024,0.5588935017585754,0.6169195175170898,0.5330304503440857,0.5625865459442139,0.599503219127655,0.5751045942306519,0.7073075771331787,0.5989726781845093,0.5984921455383301,0.6494659185409546,0.6143415570259094,0.6227275133132935,0.5737192630767822,0.616094708442688,0.6291835308074951,0.645525336265564,0.5399055480957031,0.4338532090187073,0.5050206184387207,0.5200849771499634,0.583183765411377,0.5689790844917297,0.5191670060157776,0.4520418643951416,0.4764072895050049,0.489417165517807,0.5677781701087952,0.566608726978302,0.522646963596344,0.5075949430465698,0.6090572476387024,0.6244261860847473,0.5753951668739319,0.5064421892166138,0.662673830986023,0.6048887372016907,0.5530402660369873,0.5937111377716064,0.5375410318374634,0.5690464973449707,0.5617067813873291,0.5827676653862,0.6081550121307373,0.5988417267799377,0.5607229471206665,0.5676997900009155,0.49246764183044434,0.5817649364471436,0.5134782791137695,0.5873522758483887,0.5861116051673889,0.44463902711868286,0.5624792575836182,0.5511350631713867,0.47654929757118225,0.5772249102592468,0.47748932242393494,0.6133440136909485,0.5132459402084351,0.5823677182197571,0.5656061768531799,0.5898702144622803,0.5756618976593018,0.5555379390716553,0.5837318897247314,0.570216953754425,0.5204806327819824,0.5658650994300842,0.5838915109634399,0.6023107767105103,0.5834450125694275,0.6014398336410522,0.6001118421554565,0.5852577686309814,0.6050269603729248,0.5812928676605225,0.619554340839386,0.6147807240486145,0.4898567199707031,0.6244338154792786,0.6415184140205383,0.5687257051467896,0.544707179069519,0.6445967555046082,0.5531258583068848,0.639290452003479,0.571380615234375,0.6238209009170532,0.5840727090835571,0.5353448390960693,0.6338346004486084,0.6103557348251343,0.5411925315856934,0.5947786569595337,0.5395703315734863,0.575264573097229,0.6129108667373657,0.6210108995437622,0.5759850740432739,0.6078845858573914,0.6294581890106201,0.6317410469055176,0.6388763189315796,0.6115176677703857,0.6195128560066223,0.6157145500183105,0.6308727264404297,0.6230031847953796,0.7876948118209839,0.6390959024429321,0.6743445992469788,0.719336211681366,0.6707679033279419,0.9999997615814209,0.5638821125030518,0.6622674465179443
Vandalism#8,0.3836877644062042,0.4319087266921997,0.2538837790489197,0.2860722243785858,0.4418124258518219,0.2939659357070923,0.4302540421485901,0.330643892288208,0.4208334684371948,0.25350314378738403,0.8617658615112305,0.8666108846664429,0.8716772794723511,0.7886146306991577,0.8642494678497314,0.8461167812347412,0.9087986946105957,0.8727195262908936,0.869688868522644,0.7803888320922852,0.6201128959655762,0.6171813011169434,0.5802264213562012,0.6906308531761169,0.6720603704452515,0.5638563632965088,0.8047779202461243,0.5474572777748108,0.7533776760101318,0.7809799909591675,0.71895432472229,0.8354201912879944,0.7158366441726685,0.7602178454399109,0.45398736000061035,0.6505294442176819,0.7965959310531616,0.8512966632843018,0.571810245513916,0.6439785957336426,0.8729549050331116,0.7588827610015869,0.8062164783477783,0.8538594245910645,0.8114733695983887,0.8646419644355774,0.8722519874572754,0.7801421880722046,0.8586115837097168,0.8050659894943237,0.8483079671859741,0.8058205842971802,0.7843390107154846,0.6802078485488892,0.8699071407318115,0.7267600893974304,0.846327006816864,0.7191309928894043,0.8109410405158997,0.6404757499694824,0.6336967945098877,0.5927876234054565,0.7664031982421875,0.6645407676696777,0.6263666152954102,0.7905185222625732,0.7831352949142456,0.6241612434387207,0.6699151992797852,0.6020578145980835,0.8016334176063538,0.8036268949508667,0.7858152389526367,0.821223795413971,0.7388887405395508,0.7291682958602905,0.7582478523254395,0.8230654001235962,0.738936185836792,0.8188852071762085,0.6046625971794128,0.5928642153739929,0.5831396579742432,0.6402100324630737,0.6019003987312317,0.5914042592048645,0.7156956195831299,0.6895664930343628,0.7081246376037598,0.5871602892875671,0.7689422369003296,0.7340111136436462,0.8261415958404541,0.7742147445678711,0.6753647327423096,0.8520584106445312,0.7640670537948608,0.8501459360122681,0.7335724830627441,0.7986006140708923,0.7640867829322815,0.8348598480224609,0.8224394917488098,0.8458824753761292,0.7084434628486633,0.8739883303642273,0.8395378589630127,0.7686145305633545,0.7340130805969238,0.7384544610977173,0.6973388195037842,0.756188154220581,0.7933899164199829,0.7302980422973633,0.7559642791748047,0.7506116032600403,0.634057879447937,0.7888185977935791,0.7430685758590698,0.7130329608917236,0.8377794027328491,0.6618164777755737,0.8339616060256958,0.71052086353302,0.7347400188446045,0.8028923273086548,0.6856786012649536,0.7943013906478882,0.8146406412124634,0.7984912395477295,0.7718631029129028,0.8385179042816162,0.5628412365913391,0.8116109371185303,0.6485233306884766,0.7223795652389526,0.6745532751083374,0.5638821125030518,1.0,0.8063526749610901
Vandalism#9,0.5201798677444458,0.5847136974334717,0.3583865165710449,0.38916343450546265,0.4688151478767395,0.42048174142837524,0.5011460781097412,0.4715067446231842,0.4763871431350708,0.3669632077217102,0.7305198311805725,0.7605849504470825,0.8085323572158813,0.689375638961792,0.7451367378234863,0.7822955846786499,0.8563528060913086,0.775788426399231,0.7152719497680664,0.6384038329124451,0.5243833065032959,0.5368781089782715,0.5452685356140137,0.5603799819946289,0.5902108550071716,0.48733413219451904,0.6701668500900269,0.4427914023399353,0.634212851524353,0.7499094009399414,0.7945828437805176,0.7763179540634155,0.7984182834625244,0.7632681131362915,0.5419281721115112,0.6262795329093933,0.7956953644752502,0.8396996855735779,0.6930956840515137,0.7857797145843506,0.7624027729034424,0.648005485534668,0.6484038829803467,0.7586577534675598,0.7510491013526917,0.752732515335083,0.7442689538002014,0.646804690361023,0.7210659980773926,0.6565367579460144,0.7366048097610474,0.7686412334442139,0.7757139205932617,0.6490896940231323,0.8170422315597534,0.7420566082000732,0.8243026733398438,0.7288998365402222,0.7841048240661621,0.675322949886322,0.7025167942047119,0.657745361328125,0.7463659048080444,0.7061586380004883,0.6757800579071045,0.7534823417663574,0.7961645126342773,0.6487702131271362,0.6924776434898376,0.6534989476203918,0.7233120203018188,0.7570549845695496,0.7001543045043945,0.8265676498413086,0.7593950033187866,0.6187170743942261,0.7559100985527039,0.7672584056854248,0.6591593027114868,0.7864648103713989,0.6768097877502441,0.5796079039573669,0.5506891012191772,0.6731946468353271,0.5793430209159851,0.6891739368438721,0.677534818649292,0.6704570055007935,0.7422417998313904,0.6252932548522949,0.7895212769508362,0.7895837426185608,0.7718023061752319,0.8696177005767822,0.7512496709823608,0.7832419872283936,0.8007592558860779,0.7859823703765869,0.6898638010025024,0.7722928524017334,0.6689231395721436,0.7273370623588562,0.6780655384063721,0.7992854118347168,0.5997336506843567,0.7393775582313538,0.6889738440513611,0.7390493750572205,0.5914546251296997,0.6476950645446777,0.6617109775543213,0.7707318067550659,0.7278861999511719,0.6869012117385864,0.8301976919174194,0.811754047870636,0.6635949611663818,0.7204431295394897,0.7554415464401245,0.7896554470062256,0.8962610960006714,0.7289727926254272,0.7867043614387512,0.842732310295105,0.7705303430557251,0.8190091252326965,0.6452518701553345,0.8062379360198975,0.8951348066329956,0.8209447264671326,0.817365825176239,0.8495938777923584,0.5141432285308838,0.8388175964355469,0.7014095783233643,0.9279707074165344,0.7028783559799194,0.6622674465179443,0.8063526749610901,0.9999998807907104
