label,criterion,rank,video_id,label,num_frames,positive_frames,baseline_classifier_mean,baseline_classifier_max,baseline_classifier_positive_mean,baseline_classifier_negative_mean,baseline_classifier_auc,baseline_classifier_ap,baseline_alignment_mean,baseline_alignment_max,baseline_alignment_positive_mean,baseline_alignment_negative_mean,baseline_alignment_auc,baseline_alignment_ap,manual_classifier_mean,delta_classifier_mean,manual_classifier_max,delta_classifier_max,manual_classifier_positive_mean,delta_classifier_positive_mean,manual_classifier_negative_mean,delta_classifier_negative_mean,manual_classifier_auc,delta_classifier_auc,manual_classifier_ap,delta_classifier_ap,manual_alignment_mean,delta_alignment_mean,manual_alignment_max,delta_alignment_max,manual_alignment_positive_mean,delta_alignment_positive_mean,manual_alignment_negative_mean,delta_alignment_negative_mean,manual_alignment_auc,delta_alignment_auc,manual_alignment_ap,delta_alignment_ap
Abuse,delta_classifier_auc,1,Abuse028_x264,Abuse,1408,75,0.8617116808891296,0.9985138773918152,0.9662609100341797,0.8558292984962463,51.73643410852713,6.367688064496575,0.9958226680755615,0.9996578693389893,0.9981895089149475,0.9956895112991333,49.59189797449362,6.150696596618814,0.926882803440094,0.06517112255096436,0.9996098875999451,0.0010960102081298828,0.9935230612754822,0.02726215124130249,0.9231334328651428,0.06730413436889648,49.607901975493874,-2.1285321330332536,6.042959481610359,-0.3247285828862161,0.977508008480072,-0.018314659595489502,0.9984005689620972,-0.0012573003768920898,0.9952753782272339,-0.002914130687713623,0.976508378982544,-0.019181132316589355,53.46486621655414,3.872968242060523,6.5632756132756125,0.41257901665679864
Abuse,delta_classifier_auc,2,Abuse030_x264,Abuse,1536,85,0.9929139614105225,0.9998125433921814,0.999457597732544,0.9925305843353271,69.11541735922488,9.577626597772973,0.9960942268371582,0.9987035393714905,0.9976728558540344,0.9960017800331116,49.40973770624721,6.223381187835201,0.9598415493965149,-0.03307241201400757,0.9983032941818237,-0.001509249210357666,0.9980702996253967,-0.0013872981071472168,0.9576021432876587,-0.03492844104766846,94.91831191470385,25.80289455547897,39.64279878618114,30.065172188408166,0.991034984588623,-0.005059242248535156,0.9957575798034668,-0.0029459595680236816,0.9955109357833862,-0.0021619200706481934,0.9907727837562561,-0.005228996276855469,89.59946487209632,40.189727165849106,23.605328495034378,17.381947307199177
Abuse,delta_alignment_auc,1,Abuse028_x264,Abuse,1408,75,0.8617116808891296,0.9985138773918152,0.9662609100341797,0.8558292984962463,51.73643410852713,6.367688064496575,0.9958226680755615,0.9996578693389893,0.9981895089149475,0.9956895112991333,49.59189797449362,6.150696596618814,0.926882803440094,0.06517112255096436,0.9996098875999451,0.0010960102081298828,0.9935230612754822,0.02726215124130249,0.9231334328651428,0.06730413436889648,49.607901975493874,-2.1285321330332536,6.042959481610359,-0.3247285828862161,0.977508008480072,-0.018314659595489502,0.9984005689620972,-0.0012573003768920898,0.9952753782272339,-0.002914130687713623,0.976508378982544,-0.019181132316589355,53.46486621655414,3.872968242060523,6.5632756132756125,0.41257901665679864
Abuse,delta_alignment_auc,2,Abuse030_x264,Abuse,1536,85,0.9929139614105225,0.9998125433921814,0.999457597732544,0.9925305843353271,69.11541735922488,9.577626597772973,0.9960942268371582,0.9987035393714905,0.9976728558540344,0.9960017800331116,49.40973770624721,6.223381187835201,0.9598415493965149,-0.03307241201400757,0.9983032941818237,-0.001509249210357666,0.9980702996253967,-0.0013872981071472168,0.9576021432876587,-0.03492844104766846,94.91831191470385,25.80289455547897,39.64279878618114,30.065172188408166,0.991034984588623,-0.005059242248535156,0.9957575798034668,-0.0029459595680236816,0.9955109357833862,-0.0021619200706481934,0.9907727837562561,-0.005228996276855469,89.59946487209632,40.189727165849106,23.605328495034378,17.381947307199177
Abuse,delta_classifier_positive_mean,1,Abuse030_x264,Abuse,1536,85,0.9929139614105225,0.9998125433921814,0.999457597732544,0.9925305843353271,69.11541735922488,9.577626597772973,0.9960942268371582,0.9987035393714905,0.9976728558540344,0.9960017800331116,49.40973770624721,6.223381187835201,0.9598415493965149,-0.03307241201400757,0.9983032941818237,-0.001509249210357666,0.9980702996253967,-0.0013872981071472168,0.9576021432876587,-0.03492844104766846,94.91831191470385,25.80289455547897,39.64279878618114,30.065172188408166,0.991034984588623,-0.005059242248535156,0.9957575798034668,-0.0029459595680236816,0.9955109357833862,-0.0021619200706481934,0.9907727837562561,-0.005228996276855469,89.59946487209632,40.189727165849106,23.605328495034378,17.381947307199177
Abuse,delta_classifier_positive_mean,2,Abuse028_x264,Abuse,1408,75,0.8617116808891296,0.9985138773918152,0.9662609100341797,0.8558292984962463,51.73643410852713,6.367688064496575,0.9958226680755615,0.9996578693389893,0.9981895089149475,0.9956895112991333,49.59189797449362,6.150696596618814,0.926882803440094,0.06517112255096436,0.9996098875999451,0.0010960102081298828,0.9935230612754822,0.02726215124130249,0.9231334328651428,0.06730413436889648,49.607901975493874,-2.1285321330332536,6.042959481610359,-0.3247285828862161,0.977508008480072,-0.018314659595489502,0.9984005689620972,-0.0012573003768920898,0.9952753782272339,-0.002914130687713623,0.976508378982544,-0.019181132316589355,53.46486621655414,3.872968242060523,6.5632756132756125,0.41257901665679864
Abuse,delta_alignment_positive_mean,1,Abuse028_x264,Abuse,1408,75,0.8617116808891296,0.9985138773918152,0.9662609100341797,0.8558292984962463,51.73643410852713,6.367688064496575,0.9958226680755615,0.9996578693389893,0.9981895089149475,0.9956895112991333,49.59189797449362,6.150696596618814,0.926882803440094,0.06517112255096436,0.9996098875999451,0.0010960102081298828,0.9935230612754822,0.02726215124130249,0.9231334328651428,0.06730413436889648,49.607901975493874,-2.1285321330332536,6.042959481610359,-0.3247285828862161,0.977508008480072,-0.018314659595489502,0.9984005689620972,-0.0012573003768920898,0.9952753782272339,-0.002914130687713623,0.976508378982544,-0.019181132316589355,53.46486621655414,3.872968242060523,6.5632756132756125,0.41257901665679864
Abuse,delta_alignment_positive_mean,2,Abuse030_x264,Abuse,1536,85,0.9929139614105225,0.9998125433921814,0.999457597732544,0.9925305843353271,69.11541735922488,9.577626597772973,0.9960942268371582,0.9987035393714905,0.9976728558540344,0.9960017800331116,49.40973770624721,6.223381187835201,0.9598415493965149,-0.03307241201400757,0.9983032941818237,-0.001509249210357666,0.9980702996253967,-0.0013872981071472168,0.9576021432876587,-0.03492844104766846,94.91831191470385,25.80289455547897,39.64279878618114,30.065172188408166,0.991034984588623,-0.005059242248535156,0.9957575798034668,-0.0029459595680236816,0.9955109357833862,-0.0021619200706481934,0.9907727837562561,-0.005228996276855469,89.59946487209632,40.189727165849106,23.605328495034378,17.381947307199177
Arrest,delta_classifier_auc,1,Arrest030_x264,Arrest,8640,1665,0.9869815111160278,0.9999940395355225,0.9999823570251465,0.9838781356811523,94.27715457392877,78.17053623625138,0.9984167218208313,0.9999738335609436,0.9999187588691711,0.9980581998825073,80.21709020848806,34.57953957658516,0.9677916169166565,-0.019189894199371338,0.999993085861206,-9.5367431640625e-07,0.9999620318412781,-2.0325183868408203e-05,0.9601122736930847,-0.023765861988067627,81.05522727028104,-13.221927303647732,36.520125073377976,-41.650411162873404,0.9889083504676819,-0.009508371353149414,0.9993107914924622,-0.0006630420684814453,0.9985434412956238,-0.0013753175735473633,0.9866083264350891,-0.011449873447418213,35.8421862722938,-44.37490393619426,14.276256365842121,-20.30328321074304
Arrest,delta_classifier_auc,2,Arrest007_x264,Arrest,3136,630,0.7880198955535889,0.9999284744262695,0.9957724809646606,0.7357915639877319,99.70622886025919,99.15736607142858,0.9165781736373901,0.9999218583106995,0.9993320107460022,0.895774245262146,99.90891701186993,99.6533658140801,0.6132298111915588,-0.17479008436203003,0.9980025887489319,-0.0019258856773376465,0.9592257738113403,-0.03654670715332031,0.5262475609779358,-0.20954400300979614,91.82774040714983,-7.878488453109355,70.13611776747526,-29.021248303953328,0.8443127274513245,-0.07226544618606567,0.9867362976074219,-0.013185560703277588,0.9670225977897644,-0.03230941295623779,0.8134638667106628,-0.08231037855148315,83.64319284510825,-16.265724166761686,53.11445502643557,-46.53891078764453
Arrest,delta_classifier_auc,3,Arrest039_x264,Arrest,15824,3120,0.31562724709510803,0.9983789920806885,0.42451947927474976,0.28888413310050964,59.54397565071369,23.391684099129716,0.3831726312637329,0.9992027878761292,0.4598191976547241,0.364348828792572,60.59185881289155,22.01382464863371,0.18464840948581696,-0.13097883760929108,0.9743295311927795,-0.024049460887908936,0.2400428205728531,-0.18447665870189667,0.1710439920425415,-0.11784014105796814,60.39797681327907,0.8540011625653818,23.587733524520377,0.19604942539066172,0.3307509422302246,-0.0524216890335083,0.9664249420166016,-0.03277784585952759,0.3256708085536957,-0.13414838910102844,0.3319985270500183,-0.03235030174255371,58.408577149131304,-2.1832816637602477,21.4339444698365,-0.579880178797211
Arrest,delta_classifier_auc,4,Arrest001_x264,Arrest,2368,300,0.4518764019012451,0.9980471134185791,0.9698720574378967,0.3767319321632385,98.38426821405545,90.03403346653347,0.6530710458755493,0.9905329346656799,0.9810068607330322,0.6054981350898743,99.59896840747905,97.37133478437828,0.2524281442165375,-0.19944825768470764,0.9959751963615417,-0.0020719170570373535,0.9683563113212585,-0.0015157461166381836,0.14857007563114166,-0.22816185653209686,99.31528046421663,0.9310122501611744,95.80565426421404,5.771620797680569,0.5836141109466553,-0.06945693492889404,0.9828236103057861,-0.007709324359893799,0.9682397246360779,-0.012767136096954346,0.5278173685073853,-0.07768076658248901,99.15022566086395,-0.44874274661509617,94.64990725780915,-2.72142752656913
Arrest,delta_classifier_auc,5,Arrest024_x264,Arrest,3616,2100,0.9995573163032532,0.9999921321868896,0.9998852610588074,0.9991028904914856,51.493152406081165,55.06442484182102,0.9997256398200989,0.9999205470085144,0.9997170567512512,0.9997373223304749,39.684633747958294,48.4604455660679,0.9995779395103455,2.0623207092285156e-05,0.9999958276748657,3.6954879760742188e-06,0.9999517798423767,6.651878356933594e-05,0.9990599751472473,-4.291534423828125e-05,65.16873979143108,13.675587385349914,73.16412453528187,18.09969969346085,0.9957850575447083,-0.003940582275390625,0.9984054565429688,-0.0015150904655456543,0.996752917766571,-0.0029641389846801758,0.9944441914558411,-0.005293130874633789,89.606483226536,49.921849478577705,92.11192622084141,43.651480654773515
Arrest,delta_alignment_auc,1,Arrest030_x264,Arrest,8640,1665,0.9869815111160278,0.9999940395355225,0.9999823570251465,0.9838781356811523,94.27715457392877,78.17053623625138,0.9984167218208313,0.9999738335609436,0.9999187588691711,0.9980581998825073,80.21709020848806,34.57953957658516,0.9677916169166565,-0.019189894199371338,0.999993085861206,-9.5367431640625e-07,0.9999620318412781,-2.0325183868408203e-05,0.9601122736930847,-0.023765861988067627,81.05522727028104,-13.221927303647732,36.520125073377976,-41.650411162873404,0.9889083504676819,-0.009508371353149414,0.9993107914924622,-0.0006630420684814453,0.9985434412956238,-0.0013753175735473633,0.9866083264350891,-0.011449873447418213,35.8421862722938,-44.37490393619426,14.276256365842121,-20.30328321074304
Arrest,delta_alignment_auc,2,Arrest007_x264,Arrest,3136,630,0.7880198955535889,0.9999284744262695,0.9957724809646606,0.7357915639877319,99.70622886025919,99.15736607142858,0.9165781736373901,0.9999218583106995,0.9993320107460022,0.895774245262146,99.90891701186993,99.6533658140801,0.6132298111915588,-0.17479008436203003,0.9980025887489319,-0.0019258856773376465,0.9592257738113403,-0.03654670715332031,0.5262475609779358,-0.20954400300979614,91.82774040714983,-7.878488453109355,70.13611776747526,-29.021248303953328,0.8443127274513245,-0.07226544618606567,0.9867362976074219,-0.013185560703277588,0.9670225977897644,-0.03230941295623779,0.8134638667106628,-0.08231037855148315,83.64319284510825,-16.265724166761686,53.11445502643557,-46.53891078764453
Arrest,delta_alignment_auc,3,Arrest039_x264,Arrest,15824,3120,0.31562724709510803,0.9983789920806885,0.42451947927474976,0.28888413310050964,59.54397565071369,23.391684099129716,0.3831726312637329,0.9992027878761292,0.4598191976547241,0.364348828792572,60.59185881289155,22.01382464863371,0.18464840948581696,-0.13097883760929108,0.9743295311927795,-0.024049460887908936,0.2400428205728531,-0.18447665870189667,0.1710439920425415,-0.11784014105796814,60.39797681327907,0.8540011625653818,23.587733524520377,0.19604942539066172,0.3307509422302246,-0.0524216890335083,0.9664249420166016,-0.03277784585952759,0.3256708085536957,-0.13414838910102844,0.3319985270500183,-0.03235030174255371,58.408577149131304,-2.1832816637602477,21.4339444698365,-0.579880178797211
Arrest,delta_alignment_auc,4,Arrest001_x264,Arrest,2368,300,0.4518764019012451,0.9980471134185791,0.9698720574378967,0.3767319321632385,98.38426821405545,90.03403346653347,0.6530710458755493,0.9905329346656799,0.9810068607330322,0.6054981350898743,99.59896840747905,97.37133478437828,0.2524281442165375,-0.19944825768470764,0.9959751963615417,-0.0020719170570373535,0.9683563113212585,-0.0015157461166381836,0.14857007563114166,-0.22816185653209686,99.31528046421663,0.9310122501611744,95.80565426421404,5.771620797680569,0.5836141109466553,-0.06945693492889404,0.9828236103057861,-0.007709324359893799,0.9682397246360779,-0.012767136096954346,0.5278173685073853,-0.07768076658248901,99.15022566086395,-0.44874274661509617,94.64990725780915,-2.72142752656913
Arrest,delta_alignment_auc,5,Arrest024_x264,Arrest,3616,2100,0.9995573163032532,0.9999921321868896,0.9998852610588074,0.9991028904914856,51.493152406081165,55.06442484182102,0.9997256398200989,0.9999205470085144,0.9997170567512512,0.9997373223304749,39.684633747958294,48.4604455660679,0.9995779395103455,2.0623207092285156e-05,0.9999958276748657,3.6954879760742188e-06,0.9999517798423767,6.651878356933594e-05,0.9990599751472473,-4.291534423828125e-05,65.16873979143108,13.675587385349914,73.16412453528187,18.09969969346085,0.9957850575447083,-0.003940582275390625,0.9984054565429688,-0.0015150904655456543,0.996752917766571,-0.0029641389846801758,0.9944441914558411,-0.005293130874633789,89.606483226536,49.921849478577705,92.11192622084141,43.651480654773515
Arrest,delta_classifier_positive_mean,1,Arrest039_x264,Arrest,15824,3120,0.31562724709510803,0.9983789920806885,0.42451947927474976,0.28888413310050964,59.54397565071369,23.391684099129716,0.3831726312637329,0.9992027878761292,0.4598191976547241,0.364348828792572,60.59185881289155,22.01382464863371,0.18464840948581696,-0.13097883760929108,0.9743295311927795,-0.024049460887908936,0.2400428205728531,-0.18447665870189667,0.1710439920425415,-0.11784014105796814,60.39797681327907,0.8540011625653818,23.587733524520377,0.19604942539066172,0.3307509422302246,-0.0524216890335083,0.9664249420166016,-0.03277784585952759,0.3256708085536957,-0.13414838910102844,0.3319985270500183,-0.03235030174255371,58.408577149131304,-2.1832816637602477,21.4339444698365,-0.579880178797211
Arrest,delta_classifier_positive_mean,2,Arrest007_x264,Arrest,3136,630,0.7880198955535889,0.9999284744262695,0.9957724809646606,0.7357915639877319,99.70622886025919,99.15736607142858,0.9165781736373901,0.9999218583106995,0.9993320107460022,0.895774245262146,99.90891701186993,99.6533658140801,0.6132298111915588,-0.17479008436203003,0.9980025887489319,-0.0019258856773376465,0.9592257738113403,-0.03654670715332031,0.5262475609779358,-0.20954400300979614,91.82774040714983,-7.878488453109355,70.13611776747526,-29.021248303953328,0.8443127274513245,-0.07226544618606567,0.9867362976074219,-0.013185560703277588,0.9670225977897644,-0.03230941295623779,0.8134638667106628,-0.08231037855148315,83.64319284510825,-16.265724166761686,53.11445502643557,-46.53891078764453
Arrest,delta_classifier_positive_mean,3,Arrest001_x264,Arrest,2368,300,0.4518764019012451,0.9980471134185791,0.9698720574378967,0.3767319321632385,98.38426821405545,90.03403346653347,0.6530710458755493,0.9905329346656799,0.9810068607330322,0.6054981350898743,99.59896840747905,97.37133478437828,0.2524281442165375,-0.19944825768470764,0.9959751963615417,-0.0020719170570373535,0.9683563113212585,-0.0015157461166381836,0.14857007563114166,-0.22816185653209686,99.31528046421663,0.9310122501611744,95.80565426421404,5.771620797680569,0.5836141109466553,-0.06945693492889404,0.9828236103057861,-0.007709324359893799,0.9682397246360779,-0.012767136096954346,0.5278173685073853,-0.07768076658248901,99.15022566086395,-0.44874274661509617,94.64990725780915,-2.72142752656913
Arrest,delta_classifier_positive_mean,4,Arrest030_x264,Arrest,8640,1665,0.9869815111160278,0.9999940395355225,0.9999823570251465,0.9838781356811523,94.27715457392877,78.17053623625138,0.9984167218208313,0.9999738335609436,0.9999187588691711,0.9980581998825073,80.21709020848806,34.57953957658516,0.9677916169166565,-0.019189894199371338,0.999993085861206,-9.5367431640625e-07,0.9999620318412781,-2.0325183868408203e-05,0.9601122736930847,-0.023765861988067627,81.05522727028104,-13.221927303647732,36.520125073377976,-41.650411162873404,0.9889083504676819,-0.009508371353149414,0.9993107914924622,-0.0006630420684814453,0.9985434412956238,-0.0013753175735473633,0.9866083264350891,-0.011449873447418213,35.8421862722938,-44.37490393619426,14.276256365842121,-20.30328321074304
Arrest,delta_classifier_positive_mean,5,Arrest024_x264,Arrest,3616,2100,0.9995573163032532,0.9999921321868896,0.9998852610588074,0.9991028904914856,51.493152406081165,55.06442484182102,0.9997256398200989,0.9999205470085144,0.9997170567512512,0.9997373223304749,39.684633747958294,48.4604455660679,0.9995779395103455,2.0623207092285156e-05,0.9999958276748657,3.6954879760742188e-06,0.9999517798423767,6.651878356933594e-05,0.9990599751472473,-4.291534423828125e-05,65.16873979143108,13.675587385349914,73.16412453528187,18.09969969346085,0.9957850575447083,-0.003940582275390625,0.9984054565429688,-0.0015150904655456543,0.996752917766571,-0.0029641389846801758,0.9944441914558411,-0.005293130874633789,89.606483226536,49.921849478577705,92.11192622084141,43.651480654773515
Arrest,delta_alignment_positive_mean,1,Arrest039_x264,Arrest,15824,3120,0.31562724709510803,0.9983789920806885,0.42451947927474976,0.28888413310050964,59.54397565071369,23.391684099129716,0.3831726312637329,0.9992027878761292,0.4598191976547241,0.364348828792572,60.59185881289155,22.01382464863371,0.18464840948581696,-0.13097883760929108,0.9743295311927795,-0.024049460887908936,0.2400428205728531,-0.18447665870189667,0.1710439920425415,-0.11784014105796814,60.39797681327907,0.8540011625653818,23.587733524520377,0.19604942539066172,0.3307509422302246,-0.0524216890335083,0.9664249420166016,-0.03277784585952759,0.3256708085536957,-0.13414838910102844,0.3319985270500183,-0.03235030174255371,58.408577149131304,-2.1832816637602477,21.4339444698365,-0.579880178797211
Arrest,delta_alignment_positive_mean,2,Arrest007_x264,Arrest,3136,630,0.7880198955535889,0.9999284744262695,0.9957724809646606,0.7357915639877319,99.70622886025919,99.15736607142858,0.9165781736373901,0.9999218583106995,0.9993320107460022,0.895774245262146,99.90891701186993,99.6533658140801,0.6132298111915588,-0.17479008436203003,0.9980025887489319,-0.0019258856773376465,0.9592257738113403,-0.03654670715332031,0.5262475609779358,-0.20954400300979614,91.82774040714983,-7.878488453109355,70.13611776747526,-29.021248303953328,0.8443127274513245,-0.07226544618606567,0.9867362976074219,-0.013185560703277588,0.9670225977897644,-0.03230941295623779,0.8134638667106628,-0.08231037855148315,83.64319284510825,-16.265724166761686,53.11445502643557,-46.53891078764453
Arrest,delta_alignment_positive_mean,3,Arrest001_x264,Arrest,2368,300,0.4518764019012451,0.9980471134185791,0.9698720574378967,0.3767319321632385,98.38426821405545,90.03403346653347,0.6530710458755493,0.9905329346656799,0.9810068607330322,0.6054981350898743,99.59896840747905,97.37133478437828,0.2524281442165375,-0.19944825768470764,0.9959751963615417,-0.0020719170570373535,0.9683563113212585,-0.0015157461166381836,0.14857007563114166,-0.22816185653209686,99.31528046421663,0.9310122501611744,95.80565426421404,5.771620797680569,0.5836141109466553,-0.06945693492889404,0.9828236103057861,-0.007709324359893799,0.9682397246360779,-0.012767136096954346,0.5278173685073853,-0.07768076658248901,99.15022566086395,-0.44874274661509617,94.64990725780915,-2.72142752656913
Arrest,delta_alignment_positive_mean,4,Arrest024_x264,Arrest,3616,2100,0.9995573163032532,0.9999921321868896,0.9998852610588074,0.9991028904914856,51.493152406081165,55.06442484182102,0.9997256398200989,0.9999205470085144,0.9997170567512512,0.9997373223304749,39.684633747958294,48.4604455660679,0.9995779395103455,2.0623207092285156e-05,0.9999958276748657,3.6954879760742188e-06,0.9999517798423767,6.651878356933594e-05,0.9990599751472473,-4.291534423828125e-05,65.16873979143108,13.675587385349914,73.16412453528187,18.09969969346085,0.9957850575447083,-0.003940582275390625,0.9984054565429688,-0.0015150904655456543,0.996752917766571,-0.0029641389846801758,0.9944441914558411,-0.005293130874633789,89.606483226536,49.921849478577705,92.11192622084141,43.651480654773515
Arrest,delta_alignment_positive_mean,5,Arrest030_x264,Arrest,8640,1665,0.9869815111160278,0.9999940395355225,0.9999823570251465,0.9838781356811523,94.27715457392877,78.17053623625138,0.9984167218208313,0.9999738335609436,0.9999187588691711,0.9980581998825073,80.21709020848806,34.57953957658516,0.9677916169166565,-0.019189894199371338,0.999993085861206,-9.5367431640625e-07,0.9999620318412781,-2.0325183868408203e-05,0.9601122736930847,-0.023765861988067627,81.05522727028104,-13.221927303647732,36.520125073377976,-41.650411162873404,0.9889083504676819,-0.009508371353149414,0.9993107914924622,-0.0006630420684814453,0.9985434412956238,-0.0013753175735473633,0.9866083264350891,-0.011449873447418213,35.8421862722938,-44.37490393619426,14.276256365842121,-20.30328321074304
Arson,delta_classifier_auc,1,Arson011_x264,Arson,1264,854,0.9950112700462341,0.9997077584266663,0.9945997595787048,0.9958685040473938,62.822299651567945,84.5060374622714,0.9993823170661926,0.9997981786727905,0.9996566772460938,0.9988109469413757,98.08133889301422,99.00797730551056,0.986441433429718,-0.008569836616516113,0.9978329539299011,-0.0018748044967651367,0.9829728603363037,-0.011626899242401123,0.9936661720275879,-0.002202332019805908,25.57091449134632,-37.25138516022163,57.54197612661168,-26.964061335659714,0.9896374344825745,-0.009744882583618164,0.9938164353370667,-0.005981743335723877,0.9893898367881775,-0.01026684045791626,0.9901533722877502,-0.008657574653625488,46.04272576683612,-52.0386131261781,68.85517224240382,-30.15280506310674
Arson,delta_classifier_auc,2,Arson035_x264,Arson,1424,300,0.7763559818267822,0.9992513060569763,0.9986855983734131,0.717015266418457,88.60498220640571,70.8615977989792,0.9473569989204407,0.9996225833892822,0.9994032979011536,0.9334656000137329,99.67022538552787,98.72760270774977,0.7919047474861145,0.015548765659332275,0.9996981620788574,0.0004468560218811035,0.9989896416664124,0.0003040432929992676,0.7366330027580261,0.019617736339569092,77.88137603795967,-10.72360616844604,35.28610485957848,-35.575492939400725,0.9297636151313782,-0.0175933837890625,0.9952614307403564,-0.004361152648925781,0.9935102462768555,-0.005893051624298096,0.9127492904663086,-0.020716309547424316,83.63226571767497,-16.037959667852903,43.399968968954326,-55.32763373879544
Arson,delta_classifier_auc,3,Arson018_x264,Arson,832,330,0.9982958436012268,0.9998984336853027,0.9993827939033508,0.9975813627243042,60.67246166847761,42.24004651313983,0.9996012449264526,0.9998027682304382,0.999603271484375,0.9995996356010437,49.816491609320295,38.86924183618679,0.9975553750991821,-0.0007404685020446777,0.9996917247772217,-0.0002067089080810547,0.9987131953239441,-0.0006695985794067383,0.9967942833900452,-0.0007870793342590332,55.2831099843052,-5.389351684172411,39.58559443071582,-2.654452082424008,0.9951518774032593,-0.004449367523193359,0.9960113763809204,-0.0037913918495178223,0.9951473474502563,-0.004455924034118652,0.9951549768447876,-0.0044446587562561035,37.627671133647226,-12.188820475673069,32.54288687030685,-6.326354965879936
Arson,delta_classifier_auc,4,Arson007_x264,Arson,6240,3450,0.957899808883667,0.9958055019378662,0.947363555431366,0.9709285497665405,40.183242428964725,47.75016439106431,0.9967396259307861,0.9988159537315369,0.9957154393196106,0.9980061054229736,20.153114123941616,44.81253779436939,0.9850106239318848,0.027110815048217773,0.9994081258773804,0.00360262393951416,0.9804049730300903,0.033041417598724365,0.9907058477401733,0.019777297973632812,38.05489584956626,-2.1283465793984675,51.05397499248606,3.303810601421752,0.9866302609443665,-0.010109364986419678,0.9967569708824158,-0.0020589828491210938,0.9807514548301697,-0.014963984489440918,0.9938996434211731,-0.004106462001800537,16.279403667341956,-3.8737104565996603,38.04808116772278,-6.764456626646613
Arson,delta_classifier_auc,5,Arson022_x264,Arson,8640,500,0.17088857293128967,0.9978341460227966,0.20723113417625427,0.16865621507167816,75.24855036855037,10.451115560881139,0.19434614479541779,0.9996037483215332,0.1678755283355713,0.19597209990024567,73.00147420147421,9.68167696248114,0.15840965509414673,-0.012478917837142944,0.9976389408111572,-0.0001952052116394043,0.15322133898735046,-0.05400979518890381,0.15872836112976074,-0.00992785394191742,73.29395577395577,-1.954594594594596,10.06906997835152,-0.38204558252961895,0.2939950227737427,0.09964887797832489,0.9935393929481506,-0.006064355373382568,0.3903205692768097,0.2224450409412384,0.2880781888961792,0.09210608899593353,72.41965601965602,-0.5818181818181927,9.647552577284145,-0.03412438519699457
Arson,delta_alignment_auc,1,Arson011_x264,Arson,1264,854,0.9950112700462341,0.9997077584266663,0.9945997595787048,0.9958685040473938,62.822299651567945,84.5060374622714,0.9993823170661926,0.9997981786727905,0.9996566772460938,0.9988109469413757,98.08133889301422,99.00797730551056,0.986441433429718,-0.008569836616516113,0.9978329539299011,-0.0018748044967651367,0.9829728603363037,-0.011626899242401123,0.9936661720275879,-0.002202332019805908,25.57091449134632,-37.25138516022163,57.54197612661168,-26.964061335659714,0.9896374344825745,-0.009744882583618164,0.9938164353370667,-0.005981743335723877,0.9893898367881775,-0.01026684045791626,0.9901533722877502,-0.008657574653625488,46.04272576683612,-52.0386131261781,68.85517224240382,-30.15280506310674
Arson,delta_alignment_auc,2,Arson035_x264,Arson,1424,300,0.7763559818267822,0.9992513060569763,0.9986855983734131,0.717015266418457,88.60498220640571,70.8615977989792,0.9473569989204407,0.9996225833892822,0.9994032979011536,0.9334656000137329,99.67022538552787,98.72760270774977,0.7919047474861145,0.015548765659332275,0.9996981620788574,0.0004468560218811035,0.9989896416664124,0.0003040432929992676,0.7366330027580261,0.019617736339569092,77.88137603795967,-10.72360616844604,35.28610485957848,-35.575492939400725,0.9297636151313782,-0.0175933837890625,0.9952614307403564,-0.004361152648925781,0.9935102462768555,-0.005893051624298096,0.9127492904663086,-0.020716309547424316,83.63226571767497,-16.037959667852903,43.399968968954326,-55.32763373879544
Arson,delta_alignment_auc,3,Arson041_x264,Arson,3744,1485,0.9899712204933167,0.9999760389328003,0.9986900091171265,0.9842398166656494,87.8709330280822,86.85469927528348,0.9993581771850586,0.9999215006828308,0.9996099472045898,0.9991926550865173,73.5513166190457,73.44281433032872,0.9949687719345093,0.004997551441192627,0.9999643564224243,-1.1682510375976562e-05,0.9996134638786316,0.000923454761505127,0.9919154644012451,0.007675647735595703,98.61434173519169,10.74340870710948,97.80535547169995,10.950656196416475,0.997069239616394,-0.0022889375686645508,0.9988933801651001,-0.0010281205177307129,0.9971845746040344,-0.00242537260055542,0.9969936013221741,-0.0021990537643432617,58.31833161182431,-15.232985007221394,64.88008915025058,-8.562725180078132
Arson,delta_alignment_auc,4,Arson018_x264,Arson,832,330,0.9982958436012268,0.9998984336853027,0.9993827939033508,0.9975813627243042,60.67246166847761,42.24004651313983,0.9996012449264526,0.9998027682304382,0.999603271484375,0.9995996356010437,49.816491609320295,38.86924183618679,0.9975553750991821,-0.0007404685020446777,0.9996917247772217,-0.0002067089080810547,0.9987131953239441,-0.0006695985794067383,0.9967942833900452,-0.0007870793342590332,55.2831099843052,-5.389351684172411,39.58559443071582,-2.654452082424008,0.9951518774032593,-0.004449367523193359,0.9960113763809204,-0.0037913918495178223,0.9951473474502563,-0.004455924034118652,0.9951549768447876,-0.0044446587562561035,37.627671133647226,-12.188820475673069,32.54288687030685,-6.326354965879936
Arson,delta_alignment_auc,5,Arson007_x264,Arson,6240,3450,0.957899808883667,0.9958055019378662,0.947363555431366,0.9709285497665405,40.183242428964725,47.75016439106431,0.9967396259307861,0.9988159537315369,0.9957154393196106,0.9980061054229736,20.153114123941616,44.81253779436939,0.9850106239318848,0.027110815048217773,0.9994081258773804,0.00360262393951416,0.9804049730300903,0.033041417598724365,0.9907058477401733,0.019777297973632812,38.05489584956626,-2.1283465793984675,51.05397499248606,3.303810601421752,0.9866302609443665,-0.010109364986419678,0.9967569708824158,-0.0020589828491210938,0.9807514548301697,-0.014963984489440918,0.9938996434211731,-0.004106462001800537,16.279403667341956,-3.8737104565996603,38.04808116772278,-6.764456626646613
Arson,delta_classifier_positive_mean,1,Arson022_x264,Arson,8640,500,0.17088857293128967,0.9978341460227966,0.20723113417625427,0.16865621507167816,75.24855036855037,10.451115560881139,0.19434614479541779,0.9996037483215332,0.1678755283355713,0.19597209990024567,73.00147420147421,9.68167696248114,0.15840965509414673,-0.012478917837142944,0.9976389408111572,-0.0001952052116394043,0.15322133898735046,-0.05400979518890381,0.15872836112976074,-0.00992785394191742,73.29395577395577,-1.954594594594596,10.06906997835152,-0.38204558252961895,0.2939950227737427,0.09964887797832489,0.9935393929481506,-0.006064355373382568,0.3903205692768097,0.2224450409412384,0.2880781888961792,0.09210608899593353,72.41965601965602,-0.5818181818181927,9.647552577284145,-0.03412438519699457
Arson,delta_classifier_positive_mean,2,Arson011_x264,Arson,1264,854,0.9950112700462341,0.9997077584266663,0.9945997595787048,0.9958685040473938,62.822299651567945,84.5060374622714,0.9993823170661926,0.9997981786727905,0.9996566772460938,0.9988109469413757,98.08133889301422,99.00797730551056,0.986441433429718,-0.008569836616516113,0.9978329539299011,-0.0018748044967651367,0.9829728603363037,-0.011626899242401123,0.9936661720275879,-0.002202332019805908,25.57091449134632,-37.25138516022163,57.54197612661168,-26.964061335659714,0.9896374344825745,-0.009744882583618164,0.9938164353370667,-0.005981743335723877,0.9893898367881775,-0.01026684045791626,0.9901533722877502,-0.008657574653625488,46.04272576683612,-52.0386131261781,68.85517224240382,-30.15280506310674
Arson,delta_classifier_positive_mean,3,Arson016_x264,Arson,1792,792,0.785133957862854,0.9999029636383057,0.9992296695709229,0.615570068359375,99.99595959595959,99.98989898989899,0.9622316360473633,0.9996755719184875,0.9994420409202576,0.9327608346939087,99.99595959595959,99.98989898989899,0.7520168423652649,-0.03311711549758911,0.9996128678321838,-0.00029009580612182617,0.9978211522102356,-0.0014085173606872559,0.5573399066925049,-0.05823016166687012,99.99595959595959,0.0,99.98989898989899,0.0,0.9553725123405457,-0.006859123706817627,0.9913337826728821,-0.008341789245605469,0.9892899394035339,-0.010152101516723633,0.9285098910331726,-0.004250943660736084,99.99595959595959,0.0,99.98989898989899,0.0
Arson,delta_classifier_positive_mean,4,Arson018_x264,Arson,832,330,0.9982958436012268,0.9998984336853027,0.9993827939033508,0.9975813627243042,60.67246166847761,42.24004651313983,0.9996012449264526,0.9998027682304382,0.999603271484375,0.9995996356010437,49.816491609320295,38.86924183618679,0.9975553750991821,-0.0007404685020446777,0.9996917247772217,-0.0002067089080810547,0.9987131953239441,-0.0006695985794067383,0.9967942833900452,-0.0007870793342590332,55.2831099843052,-5.389351684172411,39.58559443071582,-2.654452082424008,0.9951518774032593,-0.004449367523193359,0.9960113763809204,-0.0037913918495178223,0.9951473474502563,-0.004455924034118652,0.9951549768447876,-0.0044446587562561035,37.627671133647226,-12.188820475673069,32.54288687030685,-6.326354965879936
Arson,delta_classifier_positive_mean,5,Arson035_x264,Arson,1424,300,0.7763559818267822,0.9992513060569763,0.9986855983734131,0.717015266418457,88.60498220640571,70.8615977989792,0.9473569989204407,0.9996225833892822,0.9994032979011536,0.9334656000137329,99.67022538552787,98.72760270774977,0.7919047474861145,0.015548765659332275,0.9996981620788574,0.0004468560218811035,0.9989896416664124,0.0003040432929992676,0.7366330027580261,0.019617736339569092,77.88137603795967,-10.72360616844604,35.28610485957848,-35.575492939400725,0.9297636151313782,-0.0175933837890625,0.9952614307403564,-0.004361152648925781,0.9935102462768555,-0.005893051624298096,0.9127492904663086,-0.020716309547424316,83.63226571767497,-16.037959667852903,43.399968968954326,-55.32763373879544
Arson,delta_alignment_positive_mean,1,Arson007_x264,Arson,6240,3450,0.957899808883667,0.9958055019378662,0.947363555431366,0.9709285497665405,40.183242428964725,47.75016439106431,0.9967396259307861,0.9988159537315369,0.9957154393196106,0.9980061054229736,20.153114123941616,44.81253779436939,0.9850106239318848,0.027110815048217773,0.9994081258773804,0.00360262393951416,0.9804049730300903,0.033041417598724365,0.9907058477401733,0.019777297973632812,38.05489584956626,-2.1283465793984675,51.05397499248606,3.303810601421752,0.9866302609443665,-0.010109364986419678,0.9967569708824158,-0.0020589828491210938,0.9807514548301697,-0.014963984489440918,0.9938996434211731,-0.004106462001800537,16.279403667341956,-3.8737104565996603,38.04808116772278,-6.764456626646613
Arson,delta_alignment_positive_mean,2,Arson011_x264,Arson,1264,854,0.9950112700462341,0.9997077584266663,0.9945997595787048,0.9958685040473938,62.822299651567945,84.5060374622714,0.9993823170661926,0.9997981786727905,0.9996566772460938,0.9988109469413757,98.08133889301422,99.00797730551056,0.986441433429718,-0.008569836616516113,0.9978329539299011,-0.0018748044967651367,0.9829728603363037,-0.011626899242401123,0.9936661720275879,-0.002202332019805908,25.57091449134632,-37.25138516022163,57.54197612661168,-26.964061335659714,0.9896374344825745,-0.009744882583618164,0.9938164353370667,-0.005981743335723877,0.9893898367881775,-0.01026684045791626,0.9901533722877502,-0.008657574653625488,46.04272576683612,-52.0386131261781,68.85517224240382,-30.15280506310674
Arson,delta_alignment_positive_mean,3,Arson016_x264,Arson,1792,792,0.785133957862854,0.9999029636383057,0.9992296695709229,0.615570068359375,99.99595959595959,99.98989898989899,0.9622316360473633,0.9996755719184875,0.9994420409202576,0.9327608346939087,99.99595959595959,99.98989898989899,0.7520168423652649,-0.03311711549758911,0.9996128678321838,-0.00029009580612182617,0.9978211522102356,-0.0014085173606872559,0.5573399066925049,-0.05823016166687012,99.99595959595959,0.0,99.98989898989899,0.0,0.9553725123405457,-0.006859123706817627,0.9913337826728821,-0.008341789245605469,0.9892899394035339,-0.010152101516723633,0.9285098910331726,-0.004250943660736084,99.99595959595959,0.0,99.98989898989899,0.0
Arson,delta_alignment_positive_mean,4,Arson035_x264,Arson,1424,300,0.7763559818267822,0.9992513060569763,0.9986855983734131,0.717015266418457,88.60498220640571,70.8615977989792,0.9473569989204407,0.9996225833892822,0.9994032979011536,0.9334656000137329,99.67022538552787,98.72760270774977,0.7919047474861145,0.015548765659332275,0.9996981620788574,0.0004468560218811035,0.9989896416664124,0.0003040432929992676,0.7366330027580261,0.019617736339569092,77.88137603795967,-10.72360616844604,35.28610485957848,-35.575492939400725,0.9297636151313782,-0.0175933837890625,0.9952614307403564,-0.004361152648925781,0.9935102462768555,-0.005893051624298096,0.9127492904663086,-0.020716309547424316,83.63226571767497,-16.037959667852903,43.399968968954326,-55.32763373879544
Arson,delta_alignment_positive_mean,5,Arson018_x264,Arson,832,330,0.9982958436012268,0.9998984336853027,0.9993827939033508,0.9975813627243042,60.67246166847761,42.24004651313983,0.9996012449264526,0.9998027682304382,0.999603271484375,0.9995996356010437,49.816491609320295,38.86924183618679,0.9975553750991821,-0.0007404685020446777,0.9996917247772217,-0.0002067089080810547,0.9987131953239441,-0.0006695985794067383,0.9967942833900452,-0.0007870793342590332,55.2831099843052,-5.389351684172411,39.58559443071582,-2.654452082424008,0.9951518774032593,-0.004449367523193359,0.9960113763809204,-0.0037913918495178223,0.9951473474502563,-0.004455924034118652,0.9951549768447876,-0.0044446587562561035,37.627671133647226,-12.188820475673069,32.54288687030685,-6.326354965879936
Assault,delta_classifier_auc,1,Assault011_x264,Assault,2288,585,0.18547077476978302,0.5335298180580139,0.31966912746429443,0.1393720805644989,80.01801747544555,58.97961147964191,0.036148592829704285,0.08189702033996582,0.05701175332069397,0.028981857001781464,82.69042564403692,50.84262171518127,0.6709165573120117,0.4854457825422287,0.9806652069091797,0.44713538885116577,0.9531112313270569,0.6334421038627625,0.5739794373512268,0.4346073567867279,76.83489668809692,-3.183120787348628,43.8416411885414,-15.137970291100508,0.8977601528167725,0.8616115599870682,0.9691525101661682,0.8872554898262024,0.9653915166854858,0.9083797633647919,0.8745280504226685,0.845546193420887,90.08130448529744,7.390878841260516,75.72405230612279,24.88143059094152
Assault,delta_classifier_auc,2,Assault010_x264,Assault,16176,1020,0.8710532188415527,0.9990785121917725,0.9871956706047058,0.8632367849349976,93.37136913356,69.34718317514547,0.9958997964859009,0.9995843172073364,0.9991496801376343,0.9956810474395752,95.35978762051138,49.42276837812105,0.7673890590667725,-0.10366415977478027,0.9956597685813904,-0.00341874361038208,0.965740978717804,-0.021454691886901855,0.7540398836135864,-0.10919690132141113,93.50094960127096,0.12958046771096576,44.34251906076572,-25.004664114379757,0.9846290349960327,-0.011270761489868164,0.9963244199752808,-0.003259897232055664,0.9945380687713623,-0.004611611366271973,0.9839622378349304,-0.011718809604644775,97.14596949891067,1.7861818783992902,72.40632998287366,22.98356160475261
Assault,delta_classifier_auc,3,Assault006_x264,Assault,8096,6911,0.9767820239067078,0.9999532699584961,0.9811534881591797,0.9512874484062195,73.03534938186355,94.0607107569676,0.9967076778411865,0.9996147155761719,0.9974859356880188,0.9921685457229614,87.21578819798681,97.46402989205164,0.921542227268219,-0.05523979663848877,0.9999357461929321,-1.7523765563964844e-05,0.9798111319541931,-0.0013423562049865723,0.5817143321037292,-0.36957311630249023,97.22465927552663,24.18930989366308,99.49953680171993,5.438826044752332,0.9836394190788269,-0.01306825876235962,0.9990725517272949,-0.0005421638488769531,0.9858741164207458,-0.01161181926727295,0.9706069231033325,-0.021561622619628906,74.5340425311083,-12.681745666878513,93.97634464221674,-3.4876852498348967
Assault,delta_alignment_auc,1,Assault006_x264,Assault,8096,6911,0.9767820239067078,0.9999532699584961,0.9811534881591797,0.9512874484062195,73.03534938186355,94.0607107569676,0.9967076778411865,0.9996147155761719,0.9974859356880188,0.9921685457229614,87.21578819798681,97.46402989205164,0.921542227268219,-0.05523979663848877,0.9999357461929321,-1.7523765563964844e-05,0.9798111319541931,-0.0013423562049865723,0.5817143321037292,-0.36957311630249023,97.22465927552663,24.18930989366308,99.49953680171993,5.438826044752332,0.9836394190788269,-0.01306825876235962,0.9990725517272949,-0.0005421638488769531,0.9858741164207458,-0.01161181926727295,0.9706069231033325,-0.021561622619628906,74.5340425311083,-12.681745666878513,93.97634464221674,-3.4876852498348967
Assault,delta_alignment_auc,2,Assault010_x264,Assault,16176,1020,0.8710532188415527,0.9990785121917725,0.9871956706047058,0.8632367849349976,93.37136913356,69.34718317514547,0.9958997964859009,0.9995843172073364,0.9991496801376343,0.9956810474395752,95.35978762051138,49.42276837812105,0.7673890590667725,-0.10366415977478027,0.9956597685813904,-0.00341874361038208,0.965740978717804,-0.021454691886901855,0.7540398836135864,-0.10919690132141113,93.50094960127096,0.12958046771096576,44.34251906076572,-25.004664114379757,0.9846290349960327,-0.011270761489868164,0.9963244199752808,-0.003259897232055664,0.9945380687713623,-0.004611611366271973,0.9839622378349304,-0.011718809604644775,97.14596949891067,1.7861818783992902,72.40632998287366,22.98356160475261
Assault,delta_alignment_auc,3,Assault011_x264,Assault,2288,585,0.18547077476978302,0.5335298180580139,0.31966912746429443,0.1393720805644989,80.01801747544555,58.97961147964191,0.036148592829704285,0.08189702033996582,0.05701175332069397,0.028981857001781464,82.69042564403692,50.84262171518127,0.6709165573120117,0.4854457825422287,0.9806652069091797,0.44713538885116577,0.9531112313270569,0.6334421038627625,0.5739794373512268,0.4346073567867279,76.83489668809692,-3.183120787348628,43.8416411885414,-15.137970291100508,0.8977601528167725,0.8616115599870682,0.9691525101661682,0.8872554898262024,0.9653915166854858,0.9083797633647919,0.8745280504226685,0.845546193420887,90.08130448529744,7.390878841260516,75.72405230612279,24.88143059094152
Assault,delta_classifier_positive_mean,1,Assault010_x264,Assault,16176,1020,0.8710532188415527,0.9990785121917725,0.9871956706047058,0.8632367849349976,93.37136913356,69.34718317514547,0.9958997964859009,0.9995843172073364,0.9991496801376343,0.9956810474395752,95.35978762051138,49.42276837812105,0.7673890590667725,-0.10366415977478027,0.9956597685813904,-0.00341874361038208,0.965740978717804,-0.021454691886901855,0.7540398836135864,-0.10919690132141113,93.50094960127096,0.12958046771096576,44.34251906076572,-25.004664114379757,0.9846290349960327,-0.011270761489868164,0.9963244199752808,-0.003259897232055664,0.9945380687713623,-0.004611611366271973,0.9839622378349304,-0.011718809604644775,97.14596949891067,1.7861818783992902,72.40632998287366,22.98356160475261
Assault,delta_classifier_positive_mean,2,Assault006_x264,Assault,8096,6911,0.9767820239067078,0.9999532699584961,0.9811534881591797,0.9512874484062195,73.03534938186355,94.0607107569676,0.9967076778411865,0.9996147155761719,0.9974859356880188,0.9921685457229614,87.21578819798681,97.46402989205164,0.921542227268219,-0.05523979663848877,0.9999357461929321,-1.7523765563964844e-05,0.9798111319541931,-0.0013423562049865723,0.5817143321037292,-0.36957311630249023,97.22465927552663,24.18930989366308,99.49953680171993,5.438826044752332,0.9836394190788269,-0.01306825876235962,0.9990725517272949,-0.0005421638488769531,0.9858741164207458,-0.01161181926727295,0.9706069231033325,-0.021561622619628906,74.5340425311083,-12.681745666878513,93.97634464221674,-3.4876852498348967
Assault,delta_classifier_positive_mean,3,Assault011_x264,Assault,2288,585,0.18547077476978302,0.5335298180580139,0.31966912746429443,0.1393720805644989,80.01801747544555,58.97961147964191,0.036148592829704285,0.08189702033996582,0.05701175332069397,0.028981857001781464,82.69042564403692,50.84262171518127,0.6709165573120117,0.4854457825422287,0.9806652069091797,0.44713538885116577,0.9531112313270569,0.6334421038627625,0.5739794373512268,0.4346073567867279,76.83489668809692,-3.183120787348628,43.8416411885414,-15.137970291100508,0.8977601528167725,0.8616115599870682,0.9691525101661682,0.8872554898262024,0.9653915166854858,0.9083797633647919,0.8745280504226685,0.845546193420887,90.08130448529744,7.390878841260516,75.72405230612279,24.88143059094152
Assault,delta_alignment_positive_mean,1,Assault006_x264,Assault,8096,6911,0.9767820239067078,0.9999532699584961,0.9811534881591797,0.9512874484062195,73.03534938186355,94.0607107569676,0.9967076778411865,0.9996147155761719,0.9974859356880188,0.9921685457229614,87.21578819798681,97.46402989205164,0.921542227268219,-0.05523979663848877,0.9999357461929321,-1.7523765563964844e-05,0.9798111319541931,-0.0013423562049865723,0.5817143321037292,-0.36957311630249023,97.22465927552663,24.18930989366308,99.49953680171993,5.438826044752332,0.9836394190788269,-0.01306825876235962,0.9990725517272949,-0.0005421638488769531,0.9858741164207458,-0.01161181926727295,0.9706069231033325,-0.021561622619628906,74.5340425311083,-12.681745666878513,93.97634464221674,-3.4876852498348967
Assault,delta_alignment_positive_mean,2,Assault010_x264,Assault,16176,1020,0.8710532188415527,0.9990785121917725,0.9871956706047058,0.8632367849349976,93.37136913356,69.34718317514547,0.9958997964859009,0.9995843172073364,0.9991496801376343,0.9956810474395752,95.35978762051138,49.42276837812105,0.7673890590667725,-0.10366415977478027,0.9956597685813904,-0.00341874361038208,0.965740978717804,-0.021454691886901855,0.7540398836135864,-0.10919690132141113,93.50094960127096,0.12958046771096576,44.34251906076572,-25.004664114379757,0.9846290349960327,-0.011270761489868164,0.9963244199752808,-0.003259897232055664,0.9945380687713623,-0.004611611366271973,0.9839622378349304,-0.011718809604644775,97.14596949891067,1.7861818783992902,72.40632998287366,22.98356160475261
Assault,delta_alignment_positive_mean,3,Assault011_x264,Assault,2288,585,0.18547077476978302,0.5335298180580139,0.31966912746429443,0.1393720805644989,80.01801747544555,58.97961147964191,0.036148592829704285,0.08189702033996582,0.05701175332069397,0.028981857001781464,82.69042564403692,50.84262171518127,0.6709165573120117,0.4854457825422287,0.9806652069091797,0.44713538885116577,0.9531112313270569,0.6334421038627625,0.5739794373512268,0.4346073567867279,76.83489668809692,-3.183120787348628,43.8416411885414,-15.137970291100508,0.8977601528167725,0.8616115599870682,0.9691525101661682,0.8872554898262024,0.9653915166854858,0.9083797633647919,0.8745280504226685,0.845546193420887,90.08130448529744,7.390878841260516,75.72405230612279,24.88143059094152
Burglary,delta_classifier_auc,1,Burglary035_x264,Burglary,4048,1739,0.9998481273651123,0.9999809265136719,0.9998738169670105,0.9998289346694946,93.71782192889239,94.96973452237404,0.9994125962257385,0.999835729598999,0.9994889497756958,0.9993550181388855,72.2290903086679,52.261643240017804,0.999488353729248,-0.0003597736358642578,0.9998718500137329,-0.00010907649993896484,0.9994556307792664,-0.0004181861877441406,0.9995129704475403,-0.0003159642219543457,78.82457847396157,-14.893243454930825,64.45746793980885,-30.51226658256519,0.9981981515884399,-0.001214444637298584,0.9990339875221252,-0.0008017420768737793,0.9983221888542175,-0.0011667609214782715,0.9981046319007874,-0.0012503862380981445,78.2471943299602,6.018104021292288,58.23580028526808,5.974157045250273
Burglary,delta_classifier_auc,2,Burglary017_x264,Burglary,2112,450,0.7980459332466125,0.991346538066864,0.8951343894004822,0.771758496761322,73.40205909881,31.78731746598257,0.9940235018730164,0.9982763528823853,0.9960899353027344,0.993463933467865,85.80157775103623,52.07764934905914,0.8240569233894348,0.026010990142822266,0.9985677003860474,0.00722116231918335,0.8825216889381409,-0.012612700462341309,0.8082271814346313,0.036468684673309326,64.5709319427731,-8.8311271560369,26.554900318294592,-5.232417147687979,0.9650454521179199,-0.028978049755096436,0.9970052242279053,-0.0012711286544799805,0.968074381351471,-0.028015553951263428,0.9642252922058105,-0.029238641262054443,55.012434817488966,-30.789142933547268,21.640147547976706,-30.437501801082437
Burglary,delta_classifier_auc,3,Burglary032_x264,Burglary,15792,2400,0.9388415217399597,0.9983882904052734,0.9795198440551758,0.9315515160560608,76.31700517722024,30.64313891182166,0.9984009861946106,0.9996887445449829,0.9989928007125854,0.9982949495315552,75.47361608920748,27.929841785555613,0.9172433614730835,-0.02159816026687622,0.9998972415924072,0.001508951187133789,0.9423167109489441,-0.03720313310623169,0.9127498865127563,-0.018801629543304443,68.29958183990443,-8.017423337315805,23.192817585670653,-7.4503213261510055,0.9964180588722229,-0.0019829273223876953,0.9991692900657654,-0.0005194544792175293,0.9968194365501404,-0.0021733641624450684,0.9963460564613342,-0.0019488930702209473,63.60772600557546,-11.865890083632024,19.237365561806623,-8.69247622374899
Burglary,delta_classifier_auc,4,Burglary018_x264,Burglary,1120,330,0.9775689244270325,0.9986891150474548,0.99517822265625,0.9702132940292358,57.86191024165708,31.479371430385296,0.9956235885620117,0.9968234896659851,0.9961881041526794,0.9953876733779907,48.680475642500966,27.689003435399574,0.9911433458328247,0.013574421405792236,0.9986721277236938,-1.6987323760986328e-05,0.9968017339706421,0.0016235113143920898,0.9887797236442566,0.018566429615020752,53.57805907172995,-4.283851169927125,29.262338296054956,-2.2170331343303395,0.9934679269790649,-0.0021556615829467773,0.9959161877632141,-0.0009073019027709961,0.9944742918014526,-0.0017138123512268066,0.9930475354194641,-0.0023401379585266113,60.3536632144227,11.673187571921737,32.46710856765161,4.778105132252033
Burglary,delta_classifier_auc,5,Burglary092_x264,Burglary,624,180,0.9702184796333313,0.9935245513916016,0.9690423607826233,0.9706951379776001,43.593593593593596,26.12467102141015,0.9919595718383789,0.9981125593185425,0.9892746806144714,0.9930481910705566,16.046046046046044,19.345980227337723,0.9826574921607971,0.01243901252746582,0.9983730316162109,0.004848480224609375,0.9846718907356262,0.01562952995300293,0.9818406701087952,0.011145532131195068,41.27127127127127,-2.3223223223223286,25.258558779637212,-0.8661122417729388,0.9887898564338684,-0.003169715404510498,0.99483722448349,-0.0032753348350524902,0.9890197515487671,-0.0002549290657043457,0.9886966943740845,-0.004351496696472168,48.55855855855856,32.512512512512515,28.486473267906014,9.140493040568291
Burglary,delta_alignment_auc,1,Burglary017_x264,Burglary,2112,450,0.7980459332466125,0.991346538066864,0.8951343894004822,0.771758496761322,73.40205909881,31.78731746598257,0.9940235018730164,0.9982763528823853,0.9960899353027344,0.993463933467865,85.80157775103623,52.07764934905914,0.8240569233894348,0.026010990142822266,0.9985677003860474,0.00722116231918335,0.8825216889381409,-0.012612700462341309,0.8082271814346313,0.036468684673309326,64.5709319427731,-8.8311271560369,26.554900318294592,-5.232417147687979,0.9650454521179199,-0.028978049755096436,0.9970052242279053,-0.0012711286544799805,0.968074381351471,-0.028015553951263428,0.9642252922058105,-0.029238641262054443,55.012434817488966,-30.789142933547268,21.640147547976706,-30.437501801082437
Burglary,delta_alignment_auc,2,Burglary032_x264,Burglary,15792,2400,0.9388415217399597,0.9983882904052734,0.9795198440551758,0.9315515160560608,76.31700517722024,30.64313891182166,0.9984009861946106,0.9996887445449829,0.9989928007125854,0.9982949495315552,75.47361608920748,27.929841785555613,0.9172433614730835,-0.02159816026687622,0.9998972415924072,0.001508951187133789,0.9423167109489441,-0.03720313310623169,0.9127498865127563,-0.018801629543304443,68.29958183990443,-8.017423337315805,23.192817585670653,-7.4503213261510055,0.9964180588722229,-0.0019829273223876953,0.9991692900657654,-0.0005194544792175293,0.9968194365501404,-0.0021733641624450684,0.9963460564613342,-0.0019488930702209473,63.60772600557546,-11.865890083632024,19.237365561806623,-8.69247622374899
Burglary,delta_alignment_auc,3,Burglary061_x264,Burglary,8976,1500,0.8679232001304626,0.9945023059844971,0.9382994771003723,0.8538027405738831,87.18380595683968,80.5390952942049,0.9933741688728333,0.9973965883255005,0.995332658290863,0.9929812550544739,91.79461387551274,76.61520342424704,0.7138797044754028,-0.15404349565505981,0.9836888313293457,-0.010813474655151367,0.8759625554084778,-0.06233692169189453,0.6813591122627258,-0.17244362831115723,92.92006420545746,5.736258248617787,86.2409878366657,5.701892542460797,0.967809796333313,-0.025564372539520264,0.990265965461731,-0.007130622863769531,0.9794026613235474,-0.015929996967315674,0.9654838442802429,-0.027497410774230957,80.6222935616194,-11.172320313893337,62.611417162553415,-14.003786261693627
Burglary,delta_alignment_auc,4,Burglary005_x264,Burglary,7728,330,0.9756871461868286,0.9999713897705078,0.9997075796127319,0.9746156930923462,75.0223238057788,8.006216790864459,0.992919921875,0.9983745813369751,0.9978688359260559,0.9926992058753967,93.25755527702,27.219298278077485,0.8262463212013245,-0.14944082498550415,0.999426007270813,-0.0005453824996948242,0.9984752535820007,-0.0012323260307312012,0.81856369972229,-0.15605199337005615,92.22074762220748,17.198423816428686,21.063876456694707,13.057659665830249,0.986283004283905,-0.006636917591094971,0.9986717700958252,0.00029718875885009766,0.9981651306152344,0.0002962946891784668,0.9857529997825623,-0.006946206092834473,91.97694708643613,-1.2806081905838766,20.823268160116726,-6.396030117960759
Burglary,delta_alignment_auc,5,Burglary033_x264,Burglary,1248,270,0.9137561321258545,0.9999761581420898,0.9999242424964905,0.8899674415588379,99.93410588502613,99.70315904139431,0.9904362559318542,0.9995739459991455,0.9992727637290955,0.9879968166351318,93.86275846398546,64.75922455024622,0.8874426484107971,-0.026313483715057373,0.9996001124382019,-0.00037604570388793945,0.9989988207817078,-0.0009254217147827148,0.8566450476646423,-0.03332239389419556,99.55843368931303,-0.3756721957130935,98.35619913982487,-1.3469599015694484,0.9746615886688232,-0.015774667263031006,0.9984372854232788,-0.0011366605758666992,0.9977496266365051,-0.001523137092590332,0.9682877063751221,-0.019709110260009766,93.86275846398546,0.0,64.2301240211457,-0.5291005291005177
Burglary,delta_classifier_positive_mean,1,Burglary024_x264,Burglary,3600,1170,0.8551924228668213,0.9362043142318726,0.8117175102233887,0.8761248588562012,22.45147901938025,22.387743444992562,0.9900637865066528,0.9948983192443848,0.985953688621521,0.9920427203178406,2.444022369948295,18.8487199808797,0.3497382700443268,-0.5054541528224945,0.6060208678245544,-0.3301834464073181,0.3785947561264038,-0.43312275409698486,0.3358444273471832,-0.5402804315090179,58.56980056980057,36.11832155042032,58.00079446077437,35.61305101578181,0.8397204875946045,-0.15034329891204834,0.9194175004959106,-0.07548081874847412,0.8780553340911865,-0.10789835453033447,0.8212629556655884,-0.1707797646522522,97.13615419788259,94.69213182793429,93.49913090966271,74.650410928783
Burglary,delta_classifier_positive_mean,2,Burglary061_x264,Burglary,8976,1500,0.8679232001304626,0.9945023059844971,0.9382994771003723,0.8538027405738831,87.18380595683968,80.5390952942049,0.9933741688728333,0.9973965883255005,0.995332658290863,0.9929812550544739,91.79461387551274,76.61520342424704,0.7138797044754028,-0.15404349565505981,0.9836888313293457,-0.010813474655151367,0.8759625554084778,-0.06233692169189453,0.6813591122627258,-0.17244362831115723,92.92006420545746,5.736258248617787,86.2409878366657,5.701892542460797,0.967809796333313,-0.025564372539520264,0.990265965461731,-0.007130622863769531,0.9794026613235474,-0.015929996967315674,0.9654838442802429,-0.027497410774230957,80.6222935616194,-11.172320313893337,62.611417162553415,-14.003786261693627
Burglary,delta_classifier_positive_mean,3,Burglary032_x264,Burglary,15792,2400,0.9388415217399597,0.9983882904052734,0.9795198440551758,0.9315515160560608,76.31700517722024,30.64313891182166,0.9984009861946106,0.9996887445449829,0.9989928007125854,0.9982949495315552,75.47361608920748,27.929841785555613,0.9172433614730835,-0.02159816026687622,0.9998972415924072,0.001508951187133789,0.9423167109489441,-0.03720313310623169,0.9127498865127563,-0.018801629543304443,68.29958183990443,-8.017423337315805,23.192817585670653,-7.4503213261510055,0.9964180588722229,-0.0019829273223876953,0.9991692900657654,-0.0005194544792175293,0.9968194365501404,-0.0021733641624450684,0.9963460564613342,-0.0019488930702209473,63.60772600557546,-11.865890083632024,19.237365561806623,-8.69247622374899
Burglary,delta_classifier_positive_mean,4,Burglary017_x264,Burglary,2112,450,0.7980459332466125,0.991346538066864,0.8951343894004822,0.771758496761322,73.40205909881,31.78731746598257,0.9940235018730164,0.9982763528823853,0.9960899353027344,0.993463933467865,85.80157775103623,52.07764934905914,0.8240569233894348,0.026010990142822266,0.9985677003860474,0.00722116231918335,0.8825216889381409,-0.012612700462341309,0.8082271814346313,0.036468684673309326,64.5709319427731,-8.8311271560369,26.554900318294592,-5.232417147687979,0.9650454521179199,-0.028978049755096436,0.9970052242279053,-0.0012711286544799805,0.968074381351471,-0.028015553951263428,0.9642252922058105,-0.029238641262054443,55.012434817488966,-30.789142933547268,21.640147547976706,-30.437501801082437
Burglary,delta_classifier_positive_mean,5,Burglary021_x264,Burglary,1536,640,0.9900563359260559,0.9975433945655823,0.9905263781547546,0.9897207021713257,23.69419642857143,29.291380330247502,0.9954221844673157,0.9986902475357056,0.9941042065620422,0.9963637590408325,23.482142857142858,29.84153722856754,0.9803816676139832,-0.009674668312072754,0.9945113658905029,-0.0030320286750793457,0.9860762357711792,-0.0044501423835754395,0.9763140082359314,-0.013406693935394287,72.72321428571429,49.02901785714286,60.30357658401253,31.01219625376503,0.9945306181907654,-0.000891566276550293,0.9973923563957214,-0.0012978911399841309,0.9954912066459656,0.0013870000839233398,0.9938444495201111,-0.0025193095207214355,74.16294642857142,50.680803571428555,59.64294001782664,29.8014027892591
Burglary,delta_alignment_positive_mean,1,Burglary024_x264,Burglary,3600,1170,0.8551924228668213,0.9362043142318726,0.8117175102233887,0.8761248588562012,22.45147901938025,22.387743444992562,0.9900637865066528,0.9948983192443848,0.985953688621521,0.9920427203178406,2.444022369948295,18.8487199808797,0.3497382700443268,-0.5054541528224945,0.6060208678245544,-0.3301834464073181,0.3785947561264038,-0.43312275409698486,0.3358444273471832,-0.5402804315090179,58.56980056980057,36.11832155042032,58.00079446077437,35.61305101578181,0.8397204875946045,-0.15034329891204834,0.9194175004959106,-0.07548081874847412,0.8780553340911865,-0.10789835453033447,0.8212629556655884,-0.1707797646522522,97.13615419788259,94.69213182793429,93.49913090966271,74.650410928783
Burglary,delta_alignment_positive_mean,2,Burglary017_x264,Burglary,2112,450,0.7980459332466125,0.991346538066864,0.8951343894004822,0.771758496761322,73.40205909881,31.78731746598257,0.9940235018730164,0.9982763528823853,0.9960899353027344,0.993463933467865,85.80157775103623,52.07764934905914,0.8240569233894348,0.026010990142822266,0.9985677003860474,0.00722116231918335,0.8825216889381409,-0.012612700462341309,0.8082271814346313,0.036468684673309326,64.5709319427731,-8.8311271560369,26.554900318294592,-5.232417147687979,0.9650454521179199,-0.028978049755096436,0.9970052242279053,-0.0012711286544799805,0.968074381351471,-0.028015553951263428,0.9642252922058105,-0.029238641262054443,55.012434817488966,-30.789142933547268,21.640147547976706,-30.437501801082437
Burglary,delta_alignment_positive_mean,3,Burglary061_x264,Burglary,8976,1500,0.8679232001304626,0.9945023059844971,0.9382994771003723,0.8538027405738831,87.18380595683968,80.5390952942049,0.9933741688728333,0.9973965883255005,0.995332658290863,0.9929812550544739,91.79461387551274,76.61520342424704,0.7138797044754028,-0.15404349565505981,0.9836888313293457,-0.010813474655151367,0.8759625554084778,-0.06233692169189453,0.6813591122627258,-0.17244362831115723,92.92006420545746,5.736258248617787,86.2409878366657,5.701892542460797,0.967809796333313,-0.025564372539520264,0.990265965461731,-0.007130622863769531,0.9794026613235474,-0.015929996967315674,0.9654838442802429,-0.027497410774230957,80.6222935616194,-11.172320313893337,62.611417162553415,-14.003786261693627
Burglary,delta_alignment_positive_mean,4,Burglary076_x264,Burglary,12912,2710,0.6242148876190186,0.9609841108322144,0.6466238498687744,0.6182623505592346,49.871525082629766,18.930912727458452,0.9780318737030029,0.997644305229187,0.9904029965400696,0.9747456908226013,50.715292783196396,19.107860101957638,0.6962943077087402,0.07207942008972168,0.9561462998390198,-0.00483781099319458,0.7752615213394165,0.1286376714706421,0.6753179430961609,0.05705559253692627,57.43059569392008,7.559070611290316,22.668123469218436,3.7372107417599842,0.96915203332901,-0.00887984037399292,0.9918261170387268,-0.005818188190460205,0.9786015748977661,-0.011801421642303467,0.9666420221328735,-0.008103668689727783,62.920757162874516,12.20546437967812,24.7520628282283,5.644202726270663
Burglary,delta_alignment_positive_mean,5,Burglary032_x264,Burglary,15792,2400,0.9388415217399597,0.9983882904052734,0.9795198440551758,0.9315515160560608,76.31700517722024,30.64313891182166,0.9984009861946106,0.9996887445449829,0.9989928007125854,0.9982949495315552,75.47361608920748,27.929841785555613,0.9172433614730835,-0.02159816026687622,0.9998972415924072,0.001508951187133789,0.9423167109489441,-0.03720313310623169,0.9127498865127563,-0.018801629543304443,68.29958183990443,-8.017423337315805,23.192817585670653,-7.4503213261510055,0.9964180588722229,-0.0019829273223876953,0.9991692900657654,-0.0005194544792175293,0.9968194365501404,-0.0021733641624450684,0.9963460564613342,-0.0019488930702209473,63.60772600557546,-11.865890083632024,19.237365561806623,-8.69247622374899
Explosion,delta_classifier_auc,1,Explosion029_x264,Explosion,2400,190,0.9535583257675171,0.9955360889434814,0.9707807898521423,0.9520777463912964,64.87211240771612,10.871317032070875,0.9952470064163208,0.9981523752212524,0.9980370998382568,0.9950070381164551,99.34889259347464,91.865447418079,0.9903940558433533,0.03683573007583618,0.9995360374450684,0.003999948501586914,0.9960348606109619,0.02525407075881958,0.9899091720581055,0.03783142566680908,39.334603477018334,-25.537508930697783,6.788728561550378,-4.082588470520498,0.9963523149490356,0.0011053085327148438,0.9980021119117737,-0.00015026330947875977,0.9968116879463196,-0.0012254118919372559,0.9963127970695496,0.0013057589530944824,51.299356989759474,-48.04953560371517,8.006512413293697,-83.85893500478531
Explosion,delta_classifier_auc,2,Explosion007_x264,Explosion,16288,690,0.9774187207221985,0.9999226331710815,0.9927476048469543,0.9767406582832336,56.64983061745188,4.525786014732006,0.9960662126541138,0.9999722242355347,0.9994826912879944,0.9959150552749634,64.3820742532952,5.737626892805835,0.9943774938583374,0.016958773136138916,0.9999351501464844,1.2516975402832031e-05,0.9870898127555847,-0.005657792091369629,0.9946999549865723,0.017959296703338623,39.105255040129634,-17.54457557732225,3.4908469977042493,-1.0349390170277566,0.9897144436836243,-0.006351768970489502,0.9966703057289124,-0.0033019185066223145,0.9894570112228394,-0.01002568006515503,0.9897258877754211,-0.006189167499542236,56.834469673741154,-7.547604579554047,16.452170999460208,10.714544106654373
Explosion,delta_classifier_auc,3,Explosion036_x264,Explosion,5312,120,0.9990744590759277,0.9999945163726807,0.9997060298919678,0.9990599155426025,23.045711350796097,1.6229619927456127,0.999206006526947,0.9999295473098755,0.9997339844703674,0.9991938471794128,76.93888032871084,5.118190056697529,0.999507486820221,0.0004330277442932129,0.9999911785125732,-3.337860107421875e-06,0.9989068508148193,-0.0007991790771484375,0.9995214343070984,0.0004615187644958496,6.769388803287107,-16.27632254750899,1.3601737410258568,-0.26278825171975595,0.9958474040031433,-0.003358602523803711,0.9984753727912903,-0.001454174518585205,0.9951011538505554,-0.004632830619812012,0.9958646297454834,-0.0033292174339294434,30.77041602465332,-46.16846430405752,1.7039370347746219,-3.4142530219229066
Explosion,delta_classifier_auc,4,Explosion028_x264,Explosion,1696,420,0.8404602408409119,0.9988874793052673,0.9396986365318298,0.807795524597168,34.899238692342145,19.29539620200448,0.9424685835838318,0.9986956119537354,0.9776875972747803,0.9308761358261108,22.873563218390807,17.145166134662936,0.8653658032417297,0.02490556240081787,0.9994606375694275,0.0005731582641601562,0.8991914391517639,-0.04050719738006592,0.8542320728302002,0.04643654823303223,21.942080907598154,-12.957157784743991,17.112525062166924,-2.1828711398375553,0.9592146277427673,0.016746044158935547,0.9928579330444336,-0.005837678909301758,0.9623810052871704,-0.015306591987609863,0.9581724405288696,0.02729630470275879,22.180922525750116,-0.6926406926406905,17.11819128436931,-0.026974850293626673
Explosion,delta_classifier_auc,5,Explosion039_x264,Explosion,992,90,0.9581896066665649,0.9994409680366516,0.957200288772583,0.9582883715629578,35.59251047055925,7.850786268663898,0.9925411343574524,0.999336838722229,0.9944822788238525,0.9923473000526428,39.219019462921906,8.262708142396663,0.9790001511573792,0.02081054449081421,0.9999086856842041,0.00046771764755249023,0.9829733967781067,0.02577310800552368,0.978603720664978,0.020315349102020264,24.279379157427936,-11.313131313131311,6.646587950400612,-1.2041983182632858,0.9950580596923828,0.00251692533493042,0.998309314250946,-0.001027524471282959,0.9928702712059021,-0.0016120076179504395,0.9952763915061951,0.002929091453552246,8.117762995811779,-31.101256467110126,5.799299444535146,-2.4634086978615173
Explosion,delta_alignment_auc,1,Explosion004_x264,Explosion,1888,150,0.9966143369674683,0.9999854564666748,0.9922956228256226,0.9969871640205383,16.29996164173379,5.266242163998933,0.9990835785865784,0.999813437461853,0.9995081424713135,0.9990469217300415,74.8500191791331,15.208272820624794,0.9988330006599426,0.0022186636924743652,0.9999873638153076,1.9073486328125e-06,0.9963838458061218,0.004088222980499268,0.9990443587303162,0.002057194709777832,6.075182201764481,-10.22477943996931,4.700124173884357,-0.5661179901145754,0.995974063873291,-0.0031095147132873535,0.9980447888374329,-0.001768648624420166,0.9948183298110962,-0.004689812660217285,0.9960737824440002,-0.0029731392860412598,24.646720368239354,-50.20329881089374,5.748186228814068,-9.460086591810725
Explosion,delta_alignment_auc,2,Explosion029_x264,Explosion,2400,190,0.9535583257675171,0.9955360889434814,0.9707807898521423,0.9520777463912964,64.87211240771612,10.871317032070875,0.9952470064163208,0.9981523752212524,0.9980370998382568,0.9950070381164551,99.34889259347464,91.865447418079,0.9903940558433533,0.03683573007583618,0.9995360374450684,0.003999948501586914,0.9960348606109619,0.02525407075881958,0.9899091720581055,0.03783142566680908,39.334603477018334,-25.537508930697783,6.788728561550378,-4.082588470520498,0.9963523149490356,0.0011053085327148438,0.9980021119117737,-0.00015026330947875977,0.9968116879463196,-0.0012254118919372559,0.9963127970695496,0.0013057589530944824,51.299356989759474,-48.04953560371517,8.006512413293697,-83.85893500478531
Explosion,delta_alignment_auc,3,Explosion036_x264,Explosion,5312,120,0.9990744590759277,0.9999945163726807,0.9997060298919678,0.9990599155426025,23.045711350796097,1.6229619927456127,0.999206006526947,0.9999295473098755,0.9997339844703674,0.9991938471794128,76.93888032871084,5.118190056697529,0.999507486820221,0.0004330277442932129,0.9999911785125732,-3.337860107421875e-06,0.9989068508148193,-0.0007991790771484375,0.9995214343070984,0.0004615187644958496,6.769388803287107,-16.27632254750899,1.3601737410258568,-0.26278825171975595,0.9958474040031433,-0.003358602523803711,0.9984753727912903,-0.001454174518585205,0.9951011538505554,-0.004632830619812012,0.9958646297454834,-0.0033292174339294434,30.77041602465332,-46.16846430405752,1.7039370347746219,-3.4142530219229066
Explosion,delta_alignment_auc,4,Explosion039_x264,Explosion,992,90,0.9581896066665649,0.9994409680366516,0.957200288772583,0.9582883715629578,35.59251047055925,7.850786268663898,0.9925411343574524,0.999336838722229,0.9944822788238525,0.9923473000526428,39.219019462921906,8.262708142396663,0.9790001511573792,0.02081054449081421,0.9999086856842041,0.00046771764755249023,0.9829733967781067,0.02577310800552368,0.978603720664978,0.020315349102020264,24.279379157427936,-11.313131313131311,6.646587950400612,-1.2041983182632858,0.9950580596923828,0.00251692533493042,0.998309314250946,-0.001027524471282959,0.9928702712059021,-0.0016120076179504395,0.9952763915061951,0.002929091453552246,8.117762995811779,-31.101256467110126,5.799299444535146,-2.4634086978615173
Explosion,delta_alignment_auc,5,Explosion017_x264,Explosion,1632,450,0.7852763533592224,0.9998602867126465,0.9979177117347717,0.7043216228485107,98.14438804286519,96.37931830099852,0.9634385108947754,0.9992538690567017,0.9978712201118469,0.9503295421600342,97.71122391426961,95.56106981023541,0.9985862970352173,0.21330994367599487,0.9999876022338867,0.00012731552124023438,0.9999659061431885,0.002048194408416748,0.9980611205101013,0.2937394976615906,96.4839255499154,-1.6604624929497902,92.0492121154221,-4.330106185576426,0.9882098436355591,0.02477133274078369,0.9965267777442932,-0.0027270913124084473,0.9936863780021667,-0.004184842109680176,0.9861248731613159,0.03579533100128174,84.49971799210377,-13.211505922165841,50.65258030469245,-44.90848950554296
Explosion,delta_classifier_positive_mean,1,Explosion016_x264,Explosion,960,270,0.5266688466072083,0.9549422264099121,0.42185279726982117,0.5676839351654053,39.03274288781535,23.32750355269849,0.6205200552940369,0.9301756024360657,0.5782278776168823,0.6370692849159241,36.12989801395599,22.628724976016677,0.30415457487106323,-0.22251427173614502,0.6327263712882996,-0.32221585512161255,0.17128168046474457,-0.2505711168050766,0.3561483919620514,-0.21153554320335388,34.46376811594203,-4.568974771873322,22.117709214042467,-1.2097943386560246,0.5253987908363342,-0.09512126445770264,0.7303264141082764,-0.1998491883277893,0.47233834862709045,-0.10588952898979187,0.5461615920066833,-0.09090769290924072,32.79763821792807,-3.3322597960279197,21.875492207687458,-0.7532327683292195
Explosion,delta_classifier_positive_mean,2,Explosion010_x264,Explosion,2496,795,0.7032913565635681,0.9755982160568237,0.7785751819610596,0.6681057214736938,47.02135998432295,28.147962241911983,0.9427421689033508,0.9989928007125854,0.9923860430717468,0.9195398092269897,42.80926129283921,26.93747686989986,0.6503866910934448,-0.05290466547012329,0.9717725515365601,-0.003825664520263672,0.6960265040397644,-0.08254867792129517,0.6290559768676758,-0.039049744606018066,45.573155265677975,-1.4482047186449734,27.726323685852183,-0.4216385560598006,0.8569217324256897,-0.08582043647766113,0.9720715880393982,-0.026921212673187256,0.9223421812057495,-0.07004386186599731,0.8263460993766785,-0.09319370985031128,44.62070036493517,1.8114390720959577,27.388306953141655,0.45083008324179374
Explosion,delta_classifier_positive_mean,3,Explosion028_x264,Explosion,1696,420,0.8404602408409119,0.9988874793052673,0.9396986365318298,0.807795524597168,34.899238692342145,19.29539620200448,0.9424685835838318,0.9986956119537354,0.9776875972747803,0.9308761358261108,22.873563218390807,17.145166134662936,0.8653658032417297,0.02490556240081787,0.9994606375694275,0.0005731582641601562,0.8991914391517639,-0.04050719738006592,0.8542320728302002,0.04643654823303223,21.942080907598154,-12.957157784743991,17.112525062166924,-2.1828711398375553,0.9592146277427673,0.016746044158935547,0.9928579330444336,-0.005837678909301758,0.9623810052871704,-0.015306591987609863,0.9581724405288696,0.02729630470275879,22.180922525750116,-0.6926406926406905,17.11819128436931,-0.026974850293626673
Explosion,delta_classifier_positive_mean,4,Explosion033_x264,Explosion,3152,1982,0.7355179190635681,0.9996402263641357,0.98082435131073,0.31996458768844604,98.44420295479833,99.09836102261956,0.9019203782081604,0.9998772144317627,0.9932818412780762,0.7471523284912109,93.9842341759597,93.73873989008435,0.743137001991272,0.007619082927703857,0.9987371563911438,-0.0009030699729919434,0.9516814947128296,-0.02914285659790039,0.3898594081401825,0.06989482045173645,97.40648744685072,-1.0377155079476097,98.62396281628746,-0.47439820633209706,0.9187104105949402,0.016790032386779785,0.9925060868263245,-0.007371127605438232,0.9423976540565491,-0.0508841872215271,0.8785838484764099,0.13143151998519897,86.14341035128119,-7.840823824678509,89.21282566740555,-4.525914222678793
Explosion,delta_classifier_positive_mean,5,Explosion008_x264,Explosion,1744,240,0.8950331211090088,0.9999692440032959,0.9955767393112183,0.8789888620376587,82.26507092198581,33.006703491357186,0.9899248480796814,0.9998602271080017,0.9992057681083679,0.988443911075592,69.3395390070922,20.15136958110005,0.6862016320228577,-0.20883148908615112,0.9993466734886169,-0.0006225705146789551,0.9825356602668762,-0.013041079044342041,0.6389142870903015,-0.24007457494735718,82.23847517730496,-0.026595744680847133,36.34755647511281,3.3408529837556245,0.9340944886207581,-0.05583035945892334,0.9949260950088501,-0.004934132099151611,0.9754922389984131,-0.023713529109954834,0.9274885058403015,-0.06095540523529053,67.18971631205673,-2.1498226950354677,19.454517598758052,-0.6968519823419967
Explosion,delta_alignment_positive_mean,1,Explosion016_x264,Explosion,960,270,0.5266688466072083,0.9549422264099121,0.42185279726982117,0.5676839351654053,39.03274288781535,23.32750355269849,0.6205200552940369,0.9301756024360657,0.5782278776168823,0.6370692849159241,36.12989801395599,22.628724976016677,0.30415457487106323,-0.22251427173614502,0.6327263712882996,-0.32221585512161255,0.17128168046474457,-0.2505711168050766,0.3561483919620514,-0.21153554320335388,34.46376811594203,-4.568974771873322,22.117709214042467,-1.2097943386560246,0.5253987908363342,-0.09512126445770264,0.7303264141082764,-0.1998491883277893,0.47233834862709045,-0.10588952898979187,0.5461615920066833,-0.09090769290924072,32.79763821792807,-3.3322597960279197,21.875492207687458,-0.7532327683292195
Explosion,delta_alignment_positive_mean,2,Explosion010_x264,Explosion,2496,795,0.7032913565635681,0.9755982160568237,0.7785751819610596,0.6681057214736938,47.02135998432295,28.147962241911983,0.9427421689033508,0.9989928007125854,0.9923860430717468,0.9195398092269897,42.80926129283921,26.93747686989986,0.6503866910934448,-0.05290466547012329,0.9717725515365601,-0.003825664520263672,0.6960265040397644,-0.08254867792129517,0.6290559768676758,-0.039049744606018066,45.573155265677975,-1.4482047186449734,27.726323685852183,-0.4216385560598006,0.8569217324256897,-0.08582043647766113,0.9720715880393982,-0.026921212673187256,0.9223421812057495,-0.07004386186599731,0.8263460993766785,-0.09319370985031128,44.62070036493517,1.8114390720959577,27.388306953141655,0.45083008324179374
Explosion,delta_alignment_positive_mean,3,Explosion033_x264,Explosion,3152,1982,0.7355179190635681,0.9996402263641357,0.98082435131073,0.31996458768844604,98.44420295479833,99.09836102261956,0.9019203782081604,0.9998772144317627,0.9932818412780762,0.7471523284912109,93.9842341759597,93.73873989008435,0.743137001991272,0.007619082927703857,0.9987371563911438,-0.0009030699729919434,0.9516814947128296,-0.02914285659790039,0.3898594081401825,0.06989482045173645,97.40648744685072,-1.0377155079476097,98.62396281628746,-0.47439820633209706,0.9187104105949402,0.016790032386779785,0.9925060868263245,-0.007371127605438232,0.9423976540565491,-0.0508841872215271,0.8785838484764099,0.13143151998519897,86.14341035128119,-7.840823824678509,89.21282566740555,-4.525914222678793
Explosion,delta_alignment_positive_mean,4,Explosion022_x264,Explosion,3584,190,0.11346597969532013,0.99854576587677,0.9924660921096802,0.06425854563713074,99.98790435133206,99.65334008097166,0.24750439822673798,0.9951902031898499,0.9841138124465942,0.20626814663410187,99.9184319077009,98.53127136021872,0.11237548291683197,-0.0010904967784881592,0.9978955984115601,-0.0006501674652099609,0.9878843426704407,-0.004581749439239502,0.06336348503828049,-0.0008950605988502502,99.79437397264523,-0.19353037868683032,96.52866541353384,-3.124674667437816,0.3362932801246643,0.08878888189792633,0.9668855667114258,-0.028304636478424072,0.9552800059318542,-0.02883380651473999,0.3016417324542999,0.09537358582019806,99.898582638092,-0.019849269608911868,98.18626548889706,-0.3450058713216606
Explosion,delta_alignment_positive_mean,5,Explosion008_x264,Explosion,1744,240,0.8950331211090088,0.9999692440032959,0.9955767393112183,0.8789888620376587,82.26507092198581,33.006703491357186,0.9899248480796814,0.9998602271080017,0.9992057681083679,0.988443911075592,69.3395390070922,20.15136958110005,0.6862016320228577,-0.20883148908615112,0.9993466734886169,-0.0006225705146789551,0.9825356602668762,-0.013041079044342041,0.6389142870903015,-0.24007457494735718,82.23847517730496,-0.026595744680847133,36.34755647511281,3.3408529837556245,0.9340944886207581,-0.05583035945892334,0.9949260950088501,-0.004934132099151611,0.9754922389984131,-0.023713529109954834,0.9274885058403015,-0.06095540523529053,67.18971631205673,-2.1498226950354677,19.454517598758052,-0.6968519823419967
Fighting,delta_classifier_auc,1,Fighting042_x264,Fighting,2224,910,0.9744382500648499,0.9998427629470825,0.99827641248703,0.9579294323921204,99.26823556960542,99.05989028381748,0.9965881705284119,0.9992939233779907,0.9985870122909546,0.995203971862793,96.25754762741063,94.5787647798097,0.938819944858551,-0.03561830520629883,0.999562680721283,-0.00028008222579956055,0.9967067837715149,-0.0015696287155151367,0.8987307548522949,-0.05919867753982544,97.279843444227,-1.9883921253784251,95.54032328033645,-3.519567003481029,0.9932808876037598,-0.0033072829246520996,0.9984496235847473,-0.0008442997932434082,0.9976432919502258,-0.0009437203407287598,0.9902598261833191,-0.004944145679473877,97.70267783966413,1.4451302122535026,95.36910899868775,0.7903442188780474
Fighting,delta_classifier_auc,2,Fighting003_x264,Fighting,3088,1268,0.9872317910194397,0.9998700618743896,0.9958733916282654,0.9812111854553223,62.84292994072174,63.62918269825446,0.9992665648460388,0.9998982548713684,0.9994403719902039,0.9991454482078552,66.46757028460499,64.33597124574729,0.9922487735748291,0.005016982555389404,0.9998844861984253,1.4424324035644531e-05,0.995712399482727,-0.00016099214553833008,0.9898356795310974,0.008624494075775146,61.10410094637224,-1.7388289943494968,64.82355915886184,1.19437646060738,0.9904723763465881,-0.008794188499450684,0.9978124499320984,-0.0020858049392700195,0.9913901686668396,-0.008050203323364258,0.989832878112793,-0.009312570095062256,57.14944361632058,-9.318126668284407,60.69057981870182,-3.6453914270454675
Fighting,delta_classifier_auc,3,Fighting047_x264,Fighting,4448,1630,0.7970758080482483,0.9998224377632141,0.7414877414703369,0.8292292356491089,59.583614537569616,63.49653837011955,0.9417999982833862,0.9993445873260498,0.8897968530654907,0.9718798398971558,61.29182686237029,66.35695540417888,0.7464462518692017,-0.05062955617904663,0.9986121654510498,-0.0012102723121643066,0.7073086500167847,-0.034179091453552246,0.7690844535827637,-0.060144782066345215,61.505005072561566,1.92139053499195,67.84489366890382,4.34835529878427,0.9056355357170105,-0.03616446256637573,0.9960904121398926,-0.0032541751861572266,0.8921364545822144,0.002339601516723633,0.9134437441825867,-0.05843609571456909,64.90749650581058,3.6156696434402917,70.22732381271946,3.8703684085405854
Fighting,delta_classifier_auc,4,Fighting033_x264,Fighting,1104,270,0.9892849922180176,0.9999953508377075,0.9999523162841797,0.985831618309021,88.92352784439116,78.21823642919273,0.9987578392028809,0.9999605417251587,0.9999231696128845,0.9983805418014526,82.61390887290169,49.059542326737024,0.9863366484642029,-0.0029483437538146973,0.9999920129776001,-3.337860107421875e-06,0.9999386072158813,-1.3709068298339844e-05,0.9819329977035522,-0.00389862060546875,91.25410782485123,2.3305799804600724,84.31546322232595,6.097226793133217,0.9963316917419434,-0.0024261474609375,0.9991022944450378,-0.0008582472801208496,0.9988757967948914,-0.001047372817993164,0.9955080151557922,-0.0028725266456604004,94.01101341149304,11.39710453859135,89.95162159514011,40.89207926840309
Fighting,delta_classifier_auc,5,Fighting018_x264,Fighting,1376,340,0.9669985175132751,0.9999903440475464,0.9979129433631897,0.9568527936935425,69.93186463774698,54.54344239512856,0.9951386451721191,0.999989926815033,0.9999691843986511,0.9935533404350281,88.89166477401773,83.35119740652506,0.9308736324310303,-0.03612488508224487,0.9999618530273438,-2.849102020263672e-05,0.9978869557380676,-2.5987625122070312e-05,0.9088807702064514,-0.047972023487091064,76.00953895071542,6.0776743129684405,64.02189092660227,9.47844853147371,0.9857591986656189,-0.009379446506500244,0.9989063739776611,-0.0010835528373718262,0.9983896613121033,-0.0015795230865478516,0.9816140532493591,-0.011939287185668945,91.45355439473086,2.5618896207131314,85.17398520811837,1.8227878015933072
Fighting,delta_alignment_auc,1,Fighting003_x264,Fighting,3088,1268,0.9872317910194397,0.9998700618743896,0.9958733916282654,0.9812111854553223,62.84292994072174,63.62918269825446,0.9992665648460388,0.9998982548713684,0.9994403719902039,0.9991454482078552,66.46757028460499,64.33597124574729,0.9922487735748291,0.005016982555389404,0.9998844861984253,1.4424324035644531e-05,0.995712399482727,-0.00016099214553833008,0.9898356795310974,0.008624494075775146,61.10410094637224,-1.7388289943494968,64.82355915886184,1.19437646060738,0.9904723763465881,-0.008794188499450684,0.9978124499320984,-0.0020858049392700195,0.9913901686668396,-0.008050203323364258,0.989832878112793,-0.009312570095062256,57.14944361632058,-9.318126668284407,60.69057981870182,-3.6453914270454675
Fighting,delta_alignment_auc,2,Fighting042_x264,Fighting,2224,910,0.9744382500648499,0.9998427629470825,0.99827641248703,0.9579294323921204,99.26823556960542,99.05989028381748,0.9965881705284119,0.9992939233779907,0.9985870122909546,0.995203971862793,96.25754762741063,94.5787647798097,0.938819944858551,-0.03561830520629883,0.999562680721283,-0.00028008222579956055,0.9967067837715149,-0.0015696287155151367,0.8987307548522949,-0.05919867753982544,97.279843444227,-1.9883921253784251,95.54032328033645,-3.519567003481029,0.9932808876037598,-0.0033072829246520996,0.9984496235847473,-0.0008442997932434082,0.9976432919502258,-0.0009437203407287598,0.9902598261833191,-0.004944145679473877,97.70267783966413,1.4451302122535026,95.36910899868775,0.7903442188780474
Fighting,delta_alignment_auc,3,Fighting018_x264,Fighting,1376,340,0.9669985175132751,0.9999903440475464,0.9979129433631897,0.9568527936935425,69.93186463774698,54.54344239512856,0.9951386451721191,0.999989926815033,0.9999691843986511,0.9935533404350281,88.89166477401773,83.35119740652506,0.9308736324310303,-0.03612488508224487,0.9999618530273438,-2.849102020263672e-05,0.9978869557380676,-2.5987625122070312e-05,0.9088807702064514,-0.047972023487091064,76.00953895071542,6.0776743129684405,64.02189092660227,9.47844853147371,0.9857591986656189,-0.009379446506500244,0.9989063739776611,-0.0010835528373718262,0.9983896613121033,-0.0015795230865478516,0.9816140532493591,-0.011939287185668945,91.45355439473086,2.5618896207131314,85.17398520811837,1.8227878015933072
Fighting,delta_alignment_auc,4,Fighting047_x264,Fighting,4448,1630,0.7970758080482483,0.9998224377632141,0.7414877414703369,0.8292292356491089,59.583614537569616,63.49653837011955,0.9417999982833862,0.9993445873260498,0.8897968530654907,0.9718798398971558,61.29182686237029,66.35695540417888,0.7464462518692017,-0.05062955617904663,0.9986121654510498,-0.0012102723121643066,0.7073086500167847,-0.034179091453552246,0.7690844535827637,-0.060144782066345215,61.505005072561566,1.92139053499195,67.84489366890382,4.34835529878427,0.9056355357170105,-0.03616446256637573,0.9960904121398926,-0.0032541751861572266,0.8921364545822144,0.002339601516723633,0.9134437441825867,-0.05843609571456909,64.90749650581058,3.6156696434402917,70.22732381271946,3.8703684085405854
Fighting,delta_alignment_auc,5,Fighting033_x264,Fighting,1104,270,0.9892849922180176,0.9999953508377075,0.9999523162841797,0.985831618309021,88.92352784439116,78.21823642919273,0.9987578392028809,0.9999605417251587,0.9999231696128845,0.9983805418014526,82.61390887290169,49.059542326737024,0.9863366484642029,-0.0029483437538146973,0.9999920129776001,-3.337860107421875e-06,0.9999386072158813,-1.3709068298339844e-05,0.9819329977035522,-0.00389862060546875,91.25410782485123,2.3305799804600724,84.31546322232595,6.097226793133217,0.9963316917419434,-0.0024261474609375,0.9991022944450378,-0.0008582472801208496,0.9988757967948914,-0.001047372817993164,0.9955080151557922,-0.0028725266456604004,94.01101341149304,11.39710453859135,89.95162159514011,40.89207926840309
Fighting,delta_classifier_positive_mean,1,Fighting047_x264,Fighting,4448,1630,0.7970758080482483,0.9998224377632141,0.7414877414703369,0.8292292356491089,59.583614537569616,63.49653837011955,0.9417999982833862,0.9993445873260498,0.8897968530654907,0.9718798398971558,61.29182686237029,66.35695540417888,0.7464462518692017,-0.05062955617904663,0.9986121654510498,-0.0012102723121643066,0.7073086500167847,-0.034179091453552246,0.7690844535827637,-0.060144782066345215,61.505005072561566,1.92139053499195,67.84489366890382,4.34835529878427,0.9056355357170105,-0.03616446256637573,0.9960904121398926,-0.0032541751861572266,0.8921364545822144,0.002339601516723633,0.9134437441825867,-0.05843609571456909,64.90749650581058,3.6156696434402917,70.22732381271946,3.8703684085405854
Fighting,delta_classifier_positive_mean,2,Fighting042_x264,Fighting,2224,910,0.9744382500648499,0.9998427629470825,0.99827641248703,0.9579294323921204,99.26823556960542,99.05989028381748,0.9965881705284119,0.9992939233779907,0.9985870122909546,0.995203971862793,96.25754762741063,94.5787647798097,0.938819944858551,-0.03561830520629883,0.999562680721283,-0.00028008222579956055,0.9967067837715149,-0.0015696287155151367,0.8987307548522949,-0.05919867753982544,97.279843444227,-1.9883921253784251,95.54032328033645,-3.519567003481029,0.9932808876037598,-0.0033072829246520996,0.9984496235847473,-0.0008442997932434082,0.9976432919502258,-0.0009437203407287598,0.9902598261833191,-0.004944145679473877,97.70267783966413,1.4451302122535026,95.36910899868775,0.7903442188780474
Fighting,delta_classifier_positive_mean,3,Fighting003_x264,Fighting,3088,1268,0.9872317910194397,0.9998700618743896,0.9958733916282654,0.9812111854553223,62.84292994072174,63.62918269825446,0.9992665648460388,0.9998982548713684,0.9994403719902039,0.9991454482078552,66.46757028460499,64.33597124574729,0.9922487735748291,0.005016982555389404,0.9998844861984253,1.4424324035644531e-05,0.995712399482727,-0.00016099214553833008,0.9898356795310974,0.008624494075775146,61.10410094637224,-1.7388289943494968,64.82355915886184,1.19437646060738,0.9904723763465881,-0.008794188499450684,0.9978124499320984,-0.0020858049392700195,0.9913901686668396,-0.008050203323364258,0.989832878112793,-0.009312570095062256,57.14944361632058,-9.318126668284407,60.69057981870182,-3.6453914270454675
Fighting,delta_classifier_positive_mean,4,Fighting018_x264,Fighting,1376,340,0.9669985175132751,0.9999903440475464,0.9979129433631897,0.9568527936935425,69.93186463774698,54.54344239512856,0.9951386451721191,0.999989926815033,0.9999691843986511,0.9935533404350281,88.89166477401773,83.35119740652506,0.9308736324310303,-0.03612488508224487,0.9999618530273438,-2.849102020263672e-05,0.9978869557380676,-2.5987625122070312e-05,0.9088807702064514,-0.047972023487091064,76.00953895071542,6.0776743129684405,64.02189092660227,9.47844853147371,0.9857591986656189,-0.009379446506500244,0.9989063739776611,-0.0010835528373718262,0.9983896613121033,-0.0015795230865478516,0.9816140532493591,-0.011939287185668945,91.45355439473086,2.5618896207131314,85.17398520811837,1.8227878015933072
Fighting,delta_classifier_positive_mean,5,Fighting033_x264,Fighting,1104,270,0.9892849922180176,0.9999953508377075,0.9999523162841797,0.985831618309021,88.92352784439116,78.21823642919273,0.9987578392028809,0.9999605417251587,0.9999231696128845,0.9983805418014526,82.61390887290169,49.059542326737024,0.9863366484642029,-0.0029483437538146973,0.9999920129776001,-3.337860107421875e-06,0.9999386072158813,-1.3709068298339844e-05,0.9819329977035522,-0.00389862060546875,91.25410782485123,2.3305799804600724,84.31546322232595,6.097226793133217,0.9963316917419434,-0.0024261474609375,0.9991022944450378,-0.0008582472801208496,0.9988757967948914,-0.001047372817993164,0.9955080151557922,-0.0028725266456604004,94.01101341149304,11.39710453859135,89.95162159514011,40.89207926840309
Fighting,delta_alignment_positive_mean,1,Fighting003_x264,Fighting,3088,1268,0.9872317910194397,0.9998700618743896,0.9958733916282654,0.9812111854553223,62.84292994072174,63.62918269825446,0.9992665648460388,0.9998982548713684,0.9994403719902039,0.9991454482078552,66.46757028460499,64.33597124574729,0.9922487735748291,0.005016982555389404,0.9998844861984253,1.4424324035644531e-05,0.995712399482727,-0.00016099214553833008,0.9898356795310974,0.008624494075775146,61.10410094637224,-1.7388289943494968,64.82355915886184,1.19437646060738,0.9904723763465881,-0.008794188499450684,0.9978124499320984,-0.0020858049392700195,0.9913901686668396,-0.008050203323364258,0.989832878112793,-0.009312570095062256,57.14944361632058,-9.318126668284407,60.69057981870182,-3.6453914270454675
Fighting,delta_alignment_positive_mean,2,Fighting018_x264,Fighting,1376,340,0.9669985175132751,0.9999903440475464,0.9979129433631897,0.9568527936935425,69.93186463774698,54.54344239512856,0.9951386451721191,0.999989926815033,0.9999691843986511,0.9935533404350281,88.89166477401773,83.35119740652506,0.9308736324310303,-0.03612488508224487,0.9999618530273438,-2.849102020263672e-05,0.9978869557380676,-2.5987625122070312e-05,0.9088807702064514,-0.047972023487091064,76.00953895071542,6.0776743129684405,64.02189092660227,9.47844853147371,0.9857591986656189,-0.009379446506500244,0.9989063739776611,-0.0010835528373718262,0.9983896613121033,-0.0015795230865478516,0.9816140532493591,-0.011939287185668945,91.45355439473086,2.5618896207131314,85.17398520811837,1.8227878015933072
Fighting,delta_alignment_positive_mean,3,Fighting033_x264,Fighting,1104,270,0.9892849922180176,0.9999953508377075,0.9999523162841797,0.985831618309021,88.92352784439116,78.21823642919273,0.9987578392028809,0.9999605417251587,0.9999231696128845,0.9983805418014526,82.61390887290169,49.059542326737024,0.9863366484642029,-0.0029483437538146973,0.9999920129776001,-3.337860107421875e-06,0.9999386072158813,-1.3709068298339844e-05,0.9819329977035522,-0.00389862060546875,91.25410782485123,2.3305799804600724,84.31546322232595,6.097226793133217,0.9963316917419434,-0.0024261474609375,0.9991022944450378,-0.0008582472801208496,0.9988757967948914,-0.001047372817993164,0.9955080151557922,-0.0028725266456604004,94.01101341149304,11.39710453859135,89.95162159514011,40.89207926840309
Fighting,delta_alignment_positive_mean,4,Fighting042_x264,Fighting,2224,910,0.9744382500648499,0.9998427629470825,0.99827641248703,0.9579294323921204,99.26823556960542,99.05989028381748,0.9965881705284119,0.9992939233779907,0.9985870122909546,0.995203971862793,96.25754762741063,94.5787647798097,0.938819944858551,-0.03561830520629883,0.999562680721283,-0.00028008222579956055,0.9967067837715149,-0.0015696287155151367,0.8987307548522949,-0.05919867753982544,97.279843444227,-1.9883921253784251,95.54032328033645,-3.519567003481029,0.9932808876037598,-0.0033072829246520996,0.9984496235847473,-0.0008442997932434082,0.9976432919502258,-0.0009437203407287598,0.9902598261833191,-0.004944145679473877,97.70267783966413,1.4451302122535026,95.36910899868775,0.7903442188780474
Fighting,delta_alignment_positive_mean,5,Fighting047_x264,Fighting,4448,1630,0.7970758080482483,0.9998224377632141,0.7414877414703369,0.8292292356491089,59.583614537569616,63.49653837011955,0.9417999982833862,0.9993445873260498,0.8897968530654907,0.9718798398971558,61.29182686237029,66.35695540417888,0.7464462518692017,-0.05062955617904663,0.9986121654510498,-0.0012102723121643066,0.7073086500167847,-0.034179091453552246,0.7690844535827637,-0.060144782066345215,61.505005072561566,1.92139053499195,67.84489366890382,4.34835529878427,0.9056355357170105,-0.03616446256637573,0.9960904121398926,-0.0032541751861572266,0.8921364545822144,0.002339601516723633,0.9134437441825867,-0.05843609571456909,64.90749650581058,3.6156696434402917,70.22732381271946,3.8703684085405854
RoadAccidents,delta_classifier_auc,1,RoadAccidents021_x264,RoadAccidents,144,60,0.6819291710853577,0.7395853400230408,0.7276223301887512,0.6492911577224731,98.88888888888889,97.60416666666667,0.881031334400177,0.9436544179916382,0.9148710370063782,0.8568602800369263,63.96825396825396,51.45833333333334,0.7788522243499756,0.09692305326461792,0.9429817199707031,0.20339637994766235,0.7356892824172974,0.008066952228546143,0.8096827268600464,0.16039156913757324,35.39682539682539,-63.492063492063494,38.135912698412696,-59.468253968253975,0.980284571647644,0.09925323724746704,0.9837366938591003,0.04008227586746216,0.9800040125846863,0.0651329755783081,0.9804852604866028,0.12362498044967651,41.74603174603174,-22.22222222222222,40.67361111111111,-10.784722222222236
RoadAccidents,delta_classifier_auc,2,RoadAccidents011_x264,RoadAccidents,2144,40,0.25385889410972595,0.8780470490455627,0.19609491527080536,0.25495702028274536,45.057034220532316,2.198153409090909,0.20975500345230103,0.7893293499946594,0.28218793869018555,0.20837794244289398,79.73384030418251,5.697595588899937,0.6241901516914368,0.3703312575817108,0.9947786331176758,0.11673158407211304,0.461447536945343,0.26535262167453766,0.627284049987793,0.3723270297050476,13.574144486692013,-31.482889733840302,1.4435889611354975,-0.7545644479554117,0.9632065296173096,0.7534515261650085,0.9915919303894043,0.20226258039474487,0.9561750292778015,0.673987090587616,0.9633402228355408,0.7549622803926468,25.513307984790877,-54.22053231939163,1.6579959514170042,-4.039599637482932
RoadAccidents,delta_classifier_auc,3,RoadAccidents133_x264,RoadAccidents,672,180,0.8995576500892639,0.9999926090240479,0.9998279213905334,0.8628734350204468,82.61065943992773,62.87763337179813,0.966171145439148,0.9997375011444092,0.9994440674781799,0.9539982080459595,80.96657633242998,67.61227871099152,0.9725251197814941,0.07296746969223022,0.9999759197235107,-1.6689300537109375e-05,0.9998691082000732,4.118680953979492e-05,0.9625211954116821,0.09964776039123535,76.99186991869918,-5.61878952122855,55.72544093051339,-7.15219244128474,0.9847719073295593,0.018600761890411377,0.9971842169761658,-0.002553284168243408,0.9938405156135559,-0.0056035518646240234,0.9814541339874268,0.027455925941467285,54.878048780487795,-26.088527551942185,28.659645996555405,-38.95263271443611
RoadAccidents,delta_classifier_auc,4,RoadAccidents009_x264,RoadAccidents,912,30,0.37581169605255127,0.5244616270065308,0.2331099659204483,0.38066551089286804,21.21693121693122,3.1020122051789545,0.7066810727119446,0.8081365823745728,0.6505087018013,0.7085916996002197,29.198790627362055,3.4674796747967482,0.5519807934761047,0.17616909742355347,0.6731138825416565,0.14865225553512573,0.42542174458503723,0.19231177866458893,0.5562855005264282,0.17561998963356018,19.28193499622071,-1.9349962207105094,3.04688731284476,-0.055124892334194264,0.8905777335166931,0.18389666080474854,0.926946759223938,0.11881017684936523,0.9007042050361633,0.2501955032348633,0.8902333378791809,0.18164163827896118,35.608465608465615,6.40967498110356,3.78411306042885,0.31663338563210175
RoadAccidents,delta_classifier_auc,5,RoadAccidents128_x264,RoadAccidents,560,110,0.9743351340293884,0.9977400302886963,0.9835569858551025,0.9720808863639832,20.262626262626256,14.278540947036245,0.9966121315956116,0.9985485076904297,0.9960199594497681,0.9967568516731262,21.038383838383833,14.304639250646511,0.9887440204620361,0.014408886432647705,0.9997569918632507,0.0020169615745544434,0.9941216111183167,0.010564625263214111,0.9874294996261597,0.015348613262176514,20.0040404040404,-0.2585858585858567,14.271354457636315,-0.0071864893999293855,0.9925454258918762,-0.0040667057037353516,0.9947189092636108,-0.0038295984268188477,0.9914581179618835,-0.0045618414878845215,0.9928111433982849,-0.003945708274841309,22.589898989898984,1.5515151515151508,14.507984231024984,0.20334498037847304
RoadAccidents,delta_alignment_auc,1,RoadAccidents011_x264,RoadAccidents,2144,40,0.25385889410972595,0.8780470490455627,0.19609491527080536,0.25495702028274536,45.057034220532316,2.198153409090909,0.20975500345230103,0.7893293499946594,0.28218793869018555,0.20837794244289398,79.73384030418251,5.697595588899937,0.6241901516914368,0.3703312575817108,0.9947786331176758,0.11673158407211304,0.461447536945343,0.26535262167453766,0.627284049987793,0.3723270297050476,13.574144486692013,-31.482889733840302,1.4435889611354975,-0.7545644479554117,0.9632065296173096,0.7534515261650085,0.9915919303894043,0.20226258039474487,0.9561750292778015,0.673987090587616,0.9633402228355408,0.7549622803926468,25.513307984790877,-54.22053231939163,1.6579959514170042,-4.039599637482932
RoadAccidents,delta_alignment_auc,2,RoadAccidents017_x264,RoadAccidents,240,70,0.12218689918518066,0.1779962033033371,0.08856066316366196,0.13603298366069794,11.008403361344534,20.544574473145904,0.33798232674598694,0.4539145231246948,0.41584059596061707,0.30592310428619385,64.78991596638654,38.78684807256236,0.6528111696243286,0.530624270439148,0.9452306032180786,0.7672343999147415,0.5248310565948486,0.4362703934311867,0.7055087089538574,0.5694757252931595,32.52100840336134,21.51260504201681,25.5852084423513,5.040633969205395,0.9437692165374756,0.6057868897914886,0.9711921215057373,0.5172775983810425,0.9388534426689148,0.5230128467082977,0.9457934498786926,0.6398703455924988,35.21008403361344,-29.579831932773104,26.459750566893426,-12.327097505668931
RoadAccidents,delta_alignment_auc,3,RoadAccidents133_x264,RoadAccidents,672,180,0.8995576500892639,0.9999926090240479,0.9998279213905334,0.8628734350204468,82.61065943992773,62.87763337179813,0.966171145439148,0.9997375011444092,0.9994440674781799,0.9539982080459595,80.96657633242998,67.61227871099152,0.9725251197814941,0.07296746969223022,0.9999759197235107,-1.6689300537109375e-05,0.9998691082000732,4.118680953979492e-05,0.9625211954116821,0.09964776039123535,76.99186991869918,-5.61878952122855,55.72544093051339,-7.15219244128474,0.9847719073295593,0.018600761890411377,0.9971842169761658,-0.002553284168243408,0.9938405156135559,-0.0056035518646240234,0.9814541339874268,0.027455925941467285,54.878048780487795,-26.088527551942185,28.659645996555405,-38.95263271443611
RoadAccidents,delta_alignment_auc,4,RoadAccidents021_x264,RoadAccidents,144,60,0.6819291710853577,0.7395853400230408,0.7276223301887512,0.6492911577224731,98.88888888888889,97.60416666666667,0.881031334400177,0.9436544179916382,0.9148710370063782,0.8568602800369263,63.96825396825396,51.45833333333334,0.7788522243499756,0.09692305326461792,0.9429817199707031,0.20339637994766235,0.7356892824172974,0.008066952228546143,0.8096827268600464,0.16039156913757324,35.39682539682539,-63.492063492063494,38.135912698412696,-59.468253968253975,0.980284571647644,0.09925323724746704,0.9837366938591003,0.04008227586746216,0.9800040125846863,0.0651329755783081,0.9804852604866028,0.12362498044967651,41.74603174603174,-22.22222222222222,40.67361111111111,-10.784722222222236
RoadAccidents,delta_alignment_auc,5,RoadAccidents012_x264,RoadAccidents,464,140,0.2515156865119934,0.6008828282356262,0.28886398673057556,0.23537757992744446,75.96119929453262,45.95262723387724,0.14482852816581726,0.19423264265060425,0.16919776797294617,0.134298637509346,91.26984126984127,73.32522239665097,0.3491998016834259,0.0976841151714325,0.867705225944519,0.2668223977088928,0.3971409201622009,0.10827693343162537,0.32848453521728516,0.0931069552898407,76.17283950617283,0.21164021164021563,46.165539321789325,0.2129120879120876,0.6008478403091431,0.4560193121433258,0.7563844919204712,0.5621518492698669,0.6593595147132874,0.4901617467403412,0.5755651593208313,0.4412665218114853,77.1604938271605,-14.109347442680772,47.02626341912056,-26.29895897753041
RoadAccidents,delta_classifier_positive_mean,1,RoadAccidents016_x264,RoadAccidents,2192,190,0.19329096376895905,0.8276540040969849,0.4597426950931549,0.16800332069396973,79.34328829065672,42.60026931875713,0.010253619402647018,0.048538804054260254,0.02547089196741581,0.008809422142803669,83.88611388611389,46.062039675631404,0.12907981872558594,-0.06421114504337311,0.7966387271881104,-0.03101527690887451,0.4368330240249634,-0.02290967106819153,0.09987246245145798,-0.06813085824251175,83.93658972606342,4.593301435406701,49.57144225089665,6.971172932139524,0.1433207094669342,0.13306709006428719,0.5234456062316895,0.4749068021774292,0.3575708866119385,0.33209999464452267,0.1229872778058052,0.11417785566300154,90.38067195961933,6.494558073505445,61.91411423948039,15.852074563848987
RoadAccidents,delta_classifier_positive_mean,2,RoadAccidents002_x264,RoadAccidents,336,60,0.3034098744392395,0.9980212450027466,0.8929956555366516,0.17523904144763947,87.10144927536231,48.00000000000001,0.4440094530582428,0.9995854496955872,0.9641193151473999,0.3309420645236969,87.10144927536231,48.00000000000001,0.29465699195861816,-0.008752882480621338,0.9960348010063171,-0.0019864439964294434,0.8769283294677734,-0.016067326068878174,0.1680762618780136,-0.0071627795696258545,87.10144927536231,0.0,48.00000000000001,0.0,0.557488739490509,0.11347928643226624,0.9843329787254333,-0.015252470970153809,0.9372025728225708,-0.0269167423248291,0.47494229674339294,0.14400023221969604,87.10144927536231,0.0,48.00000000000001,0.0
RoadAccidents,delta_classifier_positive_mean,3,RoadAccidents125_x264,RoadAccidents,1760,110,0.859211802482605,0.995455265045166,0.9882308840751648,0.8506106734275818,93.36308539944905,58.02207792207792,0.9921458959579468,0.9973435997962952,0.9964838027954102,0.9918566346168518,94.80881542699724,62.46517296517297,0.8084073662757874,-0.05080443620681763,0.986758291721344,-0.008696973323822021,0.9759312272071838,-0.012299656867980957,0.7972391247749329,-0.053371548652648926,94.73829201101928,1.3752066115702348,50.58314673831915,-7.438931183758768,0.9490384459495544,-0.043107450008392334,0.9744643568992615,-0.02287924289703369,0.9696800112724304,-0.026803791522979736,0.9476622939109802,-0.04419434070587158,87.35096418732782,-7.457851239669424,28.95438563219312,-33.510787332979845
RoadAccidents,delta_classifier_positive_mean,4,RoadAccidents004_x264,RoadAccidents,384,49,0.19503384828567505,0.7156179547309875,0.06792813539505005,0.21362543106079102,34.64818763326226,12.203251601392436,0.13545723259449005,0.5910197496414185,0.0597001388669014,0.1465381383895874,41.76363082546452,13.570517492711371,0.24526309967041016,0.05022925138473511,0.9096090793609619,0.19399112462997437,0.06282234191894531,-0.005105793476104736,0.27194851636886597,0.05832308530807495,34.64818763326226,0.0,12.203251601392436,0.0,0.45968136191368103,0.324224129319191,0.7349036335945129,0.14388388395309448,0.39651918411254883,0.33681904524564743,0.4689200222492218,0.3223818838596344,41.76363082546452,0.0,13.570517492711371,0.0
RoadAccidents,delta_classifier_positive_mean,5,RoadAccidents133_x264,RoadAccidents,672,180,0.8995576500892639,0.9999926090240479,0.9998279213905334,0.8628734350204468,82.61065943992773,62.87763337179813,0.966171145439148,0.9997375011444092,0.9994440674781799,0.9539982080459595,80.96657633242998,67.61227871099152,0.9725251197814941,0.07296746969223022,0.9999759197235107,-1.6689300537109375e-05,0.9998691082000732,4.118680953979492e-05,0.9625211954116821,0.09964776039123535,76.99186991869918,-5.61878952122855,55.72544093051339,-7.15219244128474,0.9847719073295593,0.018600761890411377,0.9971842169761658,-0.002553284168243408,0.9938405156135559,-0.0056035518646240234,0.9814541339874268,0.027455925941467285,54.878048780487795,-26.088527551942185,28.659645996555405,-38.95263271443611
RoadAccidents,delta_alignment_positive_mean,1,RoadAccidents131_x264,RoadAccidents,1520,60,0.7509441375732422,0.9472881555557251,0.8707655668258667,0.7460200190544128,57.01369863013698,5.54958426271529,0.9875722527503967,0.9971773028373718,0.9931020140647888,0.9873450994491577,49.78082191780822,4.747937036266555,0.894299328327179,0.14335519075393677,0.9819197058677673,0.034631550312042236,0.9525851011276245,0.08181953430175781,0.8919039964675903,0.1458839774131775,57.67123287671232,0.657534246575338,5.606516290726817,0.05693202801152708,0.9512735605239868,-0.03629869222640991,0.9699344038963318,-0.02724289894104004,0.9577925205230713,-0.03530949354171753,0.9510056376457214,-0.03633946180343628,54.38356164383562,4.6027397260274014,5.196997446997447,0.4490604107308913
RoadAccidents,delta_alignment_positive_mean,2,RoadAccidents123_x264,RoadAccidents,992,80,0.6784880757331848,0.9150828123092651,0.5762304067611694,0.6874580979347229,29.60526315789474,6.691837688351937,0.9717664122581482,0.9927240610122681,0.9736019372940063,0.9716054201126099,30.13157894736842,6.813079867554084,0.8134430646896362,0.13495498895645142,0.940453290939331,0.025370478630065918,0.9107210040092468,0.3344905972480774,0.8049099445343018,0.11745184659957886,69.69298245614036,40.08771929824562,18.814665740438052,12.122828052086115,0.9308611750602722,-0.04090523719787598,0.9534396529197693,-0.03928440809249878,0.9400081634521484,-0.03359377384185791,0.9300587773323059,-0.041546642780303955,59.82456140350877,29.692982456140346,11.099807891383978,4.286728023829895
RoadAccidents,delta_alignment_positive_mean,3,RoadAccidents002_x264,RoadAccidents,336,60,0.3034098744392395,0.9980212450027466,0.8929956555366516,0.17523904144763947,87.10144927536231,48.00000000000001,0.4440094530582428,0.9995854496955872,0.9641193151473999,0.3309420645236969,87.10144927536231,48.00000000000001,0.29465699195861816,-0.008752882480621338,0.9960348010063171,-0.0019864439964294434,0.8769283294677734,-0.016067326068878174,0.1680762618780136,-0.0071627795696258545,87.10144927536231,0.0,48.00000000000001,0.0,0.557488739490509,0.11347928643226624,0.9843329787254333,-0.015252470970153809,0.9372025728225708,-0.0269167423248291,0.47494229674339294,0.14400023221969604,87.10144927536231,0.0,48.00000000000001,0.0
RoadAccidents,delta_alignment_positive_mean,4,RoadAccidents125_x264,RoadAccidents,1760,110,0.859211802482605,0.995455265045166,0.9882308840751648,0.8506106734275818,93.36308539944905,58.02207792207792,0.9921458959579468,0.9973435997962952,0.9964838027954102,0.9918566346168518,94.80881542699724,62.46517296517297,0.8084073662757874,-0.05080443620681763,0.986758291721344,-0.008696973323822021,0.9759312272071838,-0.012299656867980957,0.7972391247749329,-0.053371548652648926,94.73829201101928,1.3752066115702348,50.58314673831915,-7.438931183758768,0.9490384459495544,-0.043107450008392334,0.9744643568992615,-0.02287924289703369,0.9696800112724304,-0.026803791522979736,0.9476622939109802,-0.04419434070587158,87.35096418732782,-7.457851239669424,28.95438563219312,-33.510787332979845
RoadAccidents,delta_alignment_positive_mean,5,RoadAccidents133_x264,RoadAccidents,672,180,0.8995576500892639,0.9999926090240479,0.9998279213905334,0.8628734350204468,82.61065943992773,62.87763337179813,0.966171145439148,0.9997375011444092,0.9994440674781799,0.9539982080459595,80.96657633242998,67.61227871099152,0.9725251197814941,0.07296746969223022,0.9999759197235107,-1.6689300537109375e-05,0.9998691082000732,4.118680953979492e-05,0.9625211954116821,0.09964776039123535,76.99186991869918,-5.61878952122855,55.72544093051339,-7.15219244128474,0.9847719073295593,0.018600761890411377,0.9971842169761658,-0.002553284168243408,0.9938405156135559,-0.0056035518646240234,0.9814541339874268,0.027455925941467285,54.878048780487795,-26.088527551942185,28.659645996555405,-38.95263271443611
Robbery,delta_classifier_auc,1,Robbery048_x264,Robbery,1408,480,0.948886513710022,0.9997454285621643,0.998911440372467,0.9230114221572876,97.35632183908046,94.86360457170268,0.9887657165527344,0.9979891180992126,0.9971846342086792,0.9844111204147339,95.45977011494251,90.48800856790666,0.9647378325462341,0.015851318836212158,0.9997734427452087,2.8014183044433594e-05,0.99898362159729,7.218122482299805e-05,0.9470245242118835,0.024013102054595947,91.95402298850574,-5.402298850574724,86.14461387356513,-8.718990698137546,0.9912307262420654,0.0024650096893310547,0.998426079750061,0.00043696165084838867,0.997797966003418,0.0006133317947387695,0.9878339171409607,0.0034227967262268066,99.25287356321839,3.793103448275872,98.47090238802771,7.982893820121049
Robbery,delta_classifier_auc,2,Robbery102_x264,Robbery,1824,480,0.9774832725524902,0.9999916553497314,0.9999755620956421,0.9694501161575317,99.92063492063492,99.76419366074538,0.9949145317077637,0.9995980262756348,0.9993635416030884,0.9933257102966309,99.5436507936508,98.58204991691777,0.9784190058708191,0.0009357333183288574,0.9999934434890747,1.7881393432617188e-06,0.9999796152114868,4.0531158447265625e-06,0.9707187414169312,0.001268625259399414,99.60317460317461,-0.31746031746031633,98.98246664257101,-0.7817270181743652,0.9857214093208313,-0.009193122386932373,0.9982786178588867,-0.0013194084167480469,0.9975674748420715,-0.0017960667610168457,0.9814906120300293,-0.011835098266601562,92.18253968253968,-7.361111111111114,74.84772795495812,-23.73432196195965
Robbery,delta_classifier_auc,3,Robbery137_x264,Robbery,2192,1815,0.9521539807319641,0.9999629259109497,0.9934781789779663,0.7532063722610474,98.0335547420187,99.59512687255557,0.9777076840400696,0.9958757758140564,0.9887369871139526,0.9246096611022949,91.77156177156178,98.14970279826196,0.9288855791091919,-0.023268401622772217,0.9999934434890747,3.0517578125e-05,0.9897427558898926,-0.0037354230880737305,0.6358994841575623,-0.11730688810348511,98.52693805671862,0.49338331469992625,99.70789746215375,0.11277058959818476,0.9891828298568726,0.011475145816802979,0.9981129765510559,0.0022372007369995117,0.995439887046814,0.006702899932861328,0.9590595960617065,0.03444993495941162,97.73191281028272,5.960351038720944,99.54741654691338,1.3977137486514266
Robbery,delta_classifier_auc,4,Robbery050_x264,Robbery,1696,915,0.03775212913751602,0.1826968789100647,0.06292809545993805,0.00825660489499569,84.35808092469371,88.90832060042261,0.010178390890359879,0.01830953359603882,0.012926989234983921,0.006958199664950371,85.38800612917444,90.78960700872818,0.10325969755649567,0.06550756841897964,0.2826731503009796,0.09997627139091492,0.15032339096069336,0.08739529550075531,0.04812106117606163,0.03986445628106594,85.16187037775586,0.8037894530621514,89.76648898858144,0.8581683881588305,0.13549788296222687,0.125319492071867,0.21044695377349854,0.19213742017745972,0.15886831283569336,0.14594132360070944,0.10811764746904373,0.10115944780409336,83.00798331968961,-2.380022809484828,89.51259898954451,-1.2770080191836684
Robbery,delta_classifier_auc,5,Robbery106_x264,Robbery,1184,120,0.5343584418296814,0.9666337370872498,0.9536124467849731,0.48707419633865356,96.06516290726816,59.830687830687836,0.8468530774116516,0.971706748008728,0.9698381423950195,0.83298259973526,97.86967418546367,86.16849816849816,0.6598249673843384,0.12546652555465698,0.992511510848999,0.025877773761749268,0.9917005300521851,0.038088083267211914,0.6223953366279602,0.13532114028930664,99.97493734335839,3.909774436090231,99.58333333333333,39.75264550264549,0.9180463552474976,0.07119327783584595,0.9845610857009888,0.012854337692260742,0.9813864827156067,0.011548340320587158,0.9109027981758118,0.07792019844055176,94.56140350877193,-3.308270676691734,52.79365079365079,-33.37484737484737
Robbery,delta_alignment_auc,1,Robbery102_x264,Robbery,1824,480,0.9774832725524902,0.9999916553497314,0.9999755620956421,0.9694501161575317,99.92063492063492,99.76419366074538,0.9949145317077637,0.9995980262756348,0.9993635416030884,0.9933257102966309,99.5436507936508,98.58204991691777,0.9784190058708191,0.0009357333183288574,0.9999934434890747,1.7881393432617188e-06,0.9999796152114868,4.0531158447265625e-06,0.9707187414169312,0.001268625259399414,99.60317460317461,-0.31746031746031633,98.98246664257101,-0.7817270181743652,0.9857214093208313,-0.009193122386932373,0.9982786178588867,-0.0013194084167480469,0.9975674748420715,-0.0017960667610168457,0.9814906120300293,-0.011835098266601562,92.18253968253968,-7.361111111111114,74.84772795495812,-23.73432196195965
Robbery,delta_alignment_auc,2,Robbery106_x264,Robbery,1184,120,0.5343584418296814,0.9666337370872498,0.9536124467849731,0.48707419633865356,96.06516290726816,59.830687830687836,0.8468530774116516,0.971706748008728,0.9698381423950195,0.83298259973526,97.86967418546367,86.16849816849816,0.6598249673843384,0.12546652555465698,0.992511510848999,0.025877773761749268,0.9917005300521851,0.038088083267211914,0.6223953366279602,0.13532114028930664,99.97493734335839,3.909774436090231,99.58333333333333,39.75264550264549,0.9180463552474976,0.07119327783584595,0.9845610857009888,0.012854337692260742,0.9813864827156067,0.011548340320587158,0.9109027981758118,0.07792019844055176,94.56140350877193,-3.308270676691734,52.79365079365079,-33.37484737484737
Robbery,delta_alignment_auc,3,Robbery050_x264,Robbery,1696,915,0.03775212913751602,0.1826968789100647,0.06292809545993805,0.00825660489499569,84.35808092469371,88.90832060042261,0.010178390890359879,0.01830953359603882,0.012926989234983921,0.006958199664950371,85.38800612917444,90.78960700872818,0.10325969755649567,0.06550756841897964,0.2826731503009796,0.09997627139091492,0.15032339096069336,0.08739529550075531,0.04812106117606163,0.03986445628106594,85.16187037775586,0.8037894530621514,89.76648898858144,0.8581683881588305,0.13549788296222687,0.125319492071867,0.21044695377349854,0.19213742017745972,0.15886831283569336,0.14594132360070944,0.10811764746904373,0.10115944780409336,83.00798331968961,-2.380022809484828,89.51259898954451,-1.2770080191836684
Robbery,delta_alignment_auc,4,Robbery048_x264,Robbery,1408,480,0.948886513710022,0.9997454285621643,0.998911440372467,0.9230114221572876,97.35632183908046,94.86360457170268,0.9887657165527344,0.9979891180992126,0.9971846342086792,0.9844111204147339,95.45977011494251,90.48800856790666,0.9647378325462341,0.015851318836212158,0.9997734427452087,2.8014183044433594e-05,0.99898362159729,7.218122482299805e-05,0.9470245242118835,0.024013102054595947,91.95402298850574,-5.402298850574724,86.14461387356513,-8.718990698137546,0.9912307262420654,0.0024650096893310547,0.998426079750061,0.00043696165084838867,0.997797966003418,0.0006133317947387695,0.9878339171409607,0.0034227967262268066,99.25287356321839,3.793103448275872,98.47090238802771,7.982893820121049
Robbery,delta_alignment_auc,5,Robbery137_x264,Robbery,2192,1815,0.9521539807319641,0.9999629259109497,0.9934781789779663,0.7532063722610474,98.0335547420187,99.59512687255557,0.9777076840400696,0.9958757758140564,0.9887369871139526,0.9246096611022949,91.77156177156178,98.14970279826196,0.9288855791091919,-0.023268401622772217,0.9999934434890747,3.0517578125e-05,0.9897427558898926,-0.0037354230880737305,0.6358994841575623,-0.11730688810348511,98.52693805671862,0.49338331469992625,99.70789746215375,0.11277058959818476,0.9891828298568726,0.011475145816802979,0.9981129765510559,0.0022372007369995117,0.995439887046814,0.006702899932861328,0.9590595960617065,0.03444993495941162,97.73191281028272,5.960351038720944,99.54741654691338,1.3977137486514266
Robbery,delta_classifier_positive_mean,1,Robbery137_x264,Robbery,2192,1815,0.9521539807319641,0.9999629259109497,0.9934781789779663,0.7532063722610474,98.0335547420187,99.59512687255557,0.9777076840400696,0.9958757758140564,0.9887369871139526,0.9246096611022949,91.77156177156178,98.14970279826196,0.9288855791091919,-0.023268401622772217,0.9999934434890747,3.0517578125e-05,0.9897427558898926,-0.0037354230880737305,0.6358994841575623,-0.11730688810348511,98.52693805671862,0.49338331469992625,99.70789746215375,0.11277058959818476,0.9891828298568726,0.011475145816802979,0.9981129765510559,0.0022372007369995117,0.995439887046814,0.006702899932861328,0.9590595960617065,0.03444993495941162,97.73191281028272,5.960351038720944,99.54741654691338,1.3977137486514266
Robbery,delta_classifier_positive_mean,2,Robbery102_x264,Robbery,1824,480,0.9774832725524902,0.9999916553497314,0.9999755620956421,0.9694501161575317,99.92063492063492,99.76419366074538,0.9949145317077637,0.9995980262756348,0.9993635416030884,0.9933257102966309,99.5436507936508,98.58204991691777,0.9784190058708191,0.0009357333183288574,0.9999934434890747,1.7881393432617188e-06,0.9999796152114868,4.0531158447265625e-06,0.9707187414169312,0.001268625259399414,99.60317460317461,-0.31746031746031633,98.98246664257101,-0.7817270181743652,0.9857214093208313,-0.009193122386932373,0.9982786178588867,-0.0013194084167480469,0.9975674748420715,-0.0017960667610168457,0.9814906120300293,-0.011835098266601562,92.18253968253968,-7.361111111111114,74.84772795495812,-23.73432196195965
Robbery,delta_classifier_positive_mean,3,Robbery048_x264,Robbery,1408,480,0.948886513710022,0.9997454285621643,0.998911440372467,0.9230114221572876,97.35632183908046,94.86360457170268,0.9887657165527344,0.9979891180992126,0.9971846342086792,0.9844111204147339,95.45977011494251,90.48800856790666,0.9647378325462341,0.015851318836212158,0.9997734427452087,2.8014183044433594e-05,0.99898362159729,7.218122482299805e-05,0.9470245242118835,0.024013102054595947,91.95402298850574,-5.402298850574724,86.14461387356513,-8.718990698137546,0.9912307262420654,0.0024650096893310547,0.998426079750061,0.00043696165084838867,0.997797966003418,0.0006133317947387695,0.9878339171409607,0.0034227967262268066,99.25287356321839,3.793103448275872,98.47090238802771,7.982893820121049
Robbery,delta_classifier_positive_mean,4,Robbery106_x264,Robbery,1184,120,0.5343584418296814,0.9666337370872498,0.9536124467849731,0.48707419633865356,96.06516290726816,59.830687830687836,0.8468530774116516,0.971706748008728,0.9698381423950195,0.83298259973526,97.86967418546367,86.16849816849816,0.6598249673843384,0.12546652555465698,0.992511510848999,0.025877773761749268,0.9917005300521851,0.038088083267211914,0.6223953366279602,0.13532114028930664,99.97493734335839,3.909774436090231,99.58333333333333,39.75264550264549,0.9180463552474976,0.07119327783584595,0.9845610857009888,0.012854337692260742,0.9813864827156067,0.011548340320587158,0.9109027981758118,0.07792019844055176,94.56140350877193,-3.308270676691734,52.79365079365079,-33.37484737484737
Robbery,delta_classifier_positive_mean,5,Robbery050_x264,Robbery,1696,915,0.03775212913751602,0.1826968789100647,0.06292809545993805,0.00825660489499569,84.35808092469371,88.90832060042261,0.010178390890359879,0.01830953359603882,0.012926989234983921,0.006958199664950371,85.38800612917444,90.78960700872818,0.10325969755649567,0.06550756841897964,0.2826731503009796,0.09997627139091492,0.15032339096069336,0.08739529550075531,0.04812106117606163,0.03986445628106594,85.16187037775586,0.8037894530621514,89.76648898858144,0.8581683881588305,0.13549788296222687,0.125319492071867,0.21044695377349854,0.19213742017745972,0.15886831283569336,0.14594132360070944,0.10811764746904373,0.10115944780409336,83.00798331968961,-2.380022809484828,89.51259898954451,-1.2770080191836684
Robbery,delta_alignment_positive_mean,1,Robbery102_x264,Robbery,1824,480,0.9774832725524902,0.9999916553497314,0.9999755620956421,0.9694501161575317,99.92063492063492,99.76419366074538,0.9949145317077637,0.9995980262756348,0.9993635416030884,0.9933257102966309,99.5436507936508,98.58204991691777,0.9784190058708191,0.0009357333183288574,0.9999934434890747,1.7881393432617188e-06,0.9999796152114868,4.0531158447265625e-06,0.9707187414169312,0.001268625259399414,99.60317460317461,-0.31746031746031633,98.98246664257101,-0.7817270181743652,0.9857214093208313,-0.009193122386932373,0.9982786178588867,-0.0013194084167480469,0.9975674748420715,-0.0017960667610168457,0.9814906120300293,-0.011835098266601562,92.18253968253968,-7.361111111111114,74.84772795495812,-23.73432196195965
Robbery,delta_alignment_positive_mean,2,Robbery048_x264,Robbery,1408,480,0.948886513710022,0.9997454285621643,0.998911440372467,0.9230114221572876,97.35632183908046,94.86360457170268,0.9887657165527344,0.9979891180992126,0.9971846342086792,0.9844111204147339,95.45977011494251,90.48800856790666,0.9647378325462341,0.015851318836212158,0.9997734427452087,2.8014183044433594e-05,0.99898362159729,7.218122482299805e-05,0.9470245242118835,0.024013102054595947,91.95402298850574,-5.402298850574724,86.14461387356513,-8.718990698137546,0.9912307262420654,0.0024650096893310547,0.998426079750061,0.00043696165084838867,0.997797966003418,0.0006133317947387695,0.9878339171409607,0.0034227967262268066,99.25287356321839,3.793103448275872,98.47090238802771,7.982893820121049
Robbery,delta_alignment_positive_mean,3,Robbery137_x264,Robbery,2192,1815,0.9521539807319641,0.9999629259109497,0.9934781789779663,0.7532063722610474,98.0335547420187,99.59512687255557,0.9777076840400696,0.9958757758140564,0.9887369871139526,0.9246096611022949,91.77156177156178,98.14970279826196,0.9288855791091919,-0.023268401622772217,0.9999934434890747,3.0517578125e-05,0.9897427558898926,-0.0037354230880737305,0.6358994841575623,-0.11730688810348511,98.52693805671862,0.49338331469992625,99.70789746215375,0.11277058959818476,0.9891828298568726,0.011475145816802979,0.9981129765510559,0.0022372007369995117,0.995439887046814,0.006702899932861328,0.9590595960617065,0.03444993495941162,97.73191281028272,5.960351038720944,99.54741654691338,1.3977137486514266
Robbery,delta_alignment_positive_mean,4,Robbery106_x264,Robbery,1184,120,0.5343584418296814,0.9666337370872498,0.9536124467849731,0.48707419633865356,96.06516290726816,59.830687830687836,0.8468530774116516,0.971706748008728,0.9698381423950195,0.83298259973526,97.86967418546367,86.16849816849816,0.6598249673843384,0.12546652555465698,0.992511510848999,0.025877773761749268,0.9917005300521851,0.038088083267211914,0.6223953366279602,0.13532114028930664,99.97493734335839,3.909774436090231,99.58333333333333,39.75264550264549,0.9180463552474976,0.07119327783584595,0.9845610857009888,0.012854337692260742,0.9813864827156067,0.011548340320587158,0.9109027981758118,0.07792019844055176,94.56140350877193,-3.308270676691734,52.79365079365079,-33.37484737484737
Robbery,delta_alignment_positive_mean,5,Robbery050_x264,Robbery,1696,915,0.03775212913751602,0.1826968789100647,0.06292809545993805,0.00825660489499569,84.35808092469371,88.90832060042261,0.010178390890359879,0.01830953359603882,0.012926989234983921,0.006958199664950371,85.38800612917444,90.78960700872818,0.10325969755649567,0.06550756841897964,0.2826731503009796,0.09997627139091492,0.15032339096069336,0.08739529550075531,0.04812106117606163,0.03986445628106594,85.16187037775586,0.8037894530621514,89.76648898858144,0.8581683881588305,0.13549788296222687,0.125319492071867,0.21044695377349854,0.19213742017745972,0.15886831283569336,0.14594132360070944,0.10811764746904373,0.10115944780409336,83.00798331968961,-2.380022809484828,89.51259898954451,-1.2770080191836684
Shooting,delta_classifier_auc,1,Shooting048_x264,Shooting,2736,320,0.033469270914793015,0.26033300161361694,0.1536930650472641,0.017545592039823532,98.9362582781457,91.75589203377035,0.02521713450551033,0.08907365798950195,0.06763158738613129,0.019599327817559242,99.50745033112582,96.11329205413517,0.028468694537878036,-0.005000576376914978,0.08960399776697159,-0.17072900384664536,0.031226003542542458,-0.12246706150472164,0.028103487566113472,0.01055789552628994,57.40480132450331,-41.53145695364239,16.96182669856645,-74.7940653352039,0.245882049202919,0.22066491469740868,0.45645517110824585,0.3673815131187439,0.31846028566360474,0.25082869827747345,0.2362690567970276,0.21666972897946835,72.59519867549669,-26.912251655629134,34.96392569597218,-61.14936635816299
Shooting,delta_classifier_auc,2,Shooting024_x264,Shooting,2000,585,0.8713719248771667,0.9932379722595215,0.9836461544036865,0.8249546885490417,77.55338105161427,44.29184737213973,0.9386434555053711,0.9959802031517029,0.9922563433647156,0.9164783954620361,86.5413306756063,56.737489451652515,0.9267868399620056,0.05541491508483887,0.9995531439781189,0.006315171718597412,0.9989708662033081,0.015324711799621582,0.896943986415863,0.07198929786682129,66.6054785418743,-10.947902509739961,35.35646940906806,-8.935377963071666,0.9684616327285767,0.029818177223205566,0.9942439794540405,-0.0017362236976623535,0.991803765296936,-0.000452578067779541,0.958811342716217,0.04233294725418091,75.44652834405484,-11.094802331551463,57.4621508990401,0.7246614473875823
Shooting,delta_classifier_auc,3,Shooting021_x264,Shooting,1264,150,0.9583021998405457,0.9979092478752136,0.9971775412559509,0.9530676007270813,98.25852782764811,92.55065789473684,0.9929836392402649,0.9979361891746521,0.9977205395698547,0.9923457503318787,98.62238180730102,92.26406926406926,0.962011992931366,0.0037097930908203125,0.9971489310264587,-0.0007603168487548828,0.9949625730514526,-0.002214968204498291,0.9575752019882202,0.004507601261138916,93.01137043686415,-5.247157390783954,80.81309523809524,-11.7375626566416,0.9931900501251221,0.00020641088485717773,0.9976507425308228,-0.0002854466438293457,0.9971441626548767,-0.0005763769149780273,0.9926576018333435,0.00031185150146484375,93.87312986235786,-4.749251944943168,84.5079365079365,-7.756132756132757
Shooting,delta_classifier_auc,4,Shooting013_x264,Shooting,1072,85,0.9998451471328735,0.9999973773956299,0.9999611973762512,0.9998351335525513,21.92681327850289,6.066139962352963,0.9994640946388245,0.9998502731323242,0.9996339082717896,0.9994494318962097,75.72739734191548,18.33545539427892,0.9996454119682312,-0.00019973516464233398,0.99998939037323,-7.987022399902344e-06,0.9998162388801575,-0.00014495849609375,0.9996306300163269,-0.00020450353622436523,17.12080576911616,-4.806007509386731,5.677642618979655,-0.38849734337330855,0.998870849609375,-0.0005932450294494629,0.9992761611938477,-0.0005741119384765625,0.9988934397697449,-0.0007404685020446777,0.9988688826560974,-0.0005805492401123047,40.006555813814884,-35.72084152810059,7.551007576949758,-10.784447817329163
Shooting,delta_classifier_auc,5,Shooting007_x264,Shooting,1424,120,0.9888675808906555,0.9997623562812805,0.9726460576057434,0.9903603792190552,8.640081799591002,5.175190031595873,0.9952447414398193,0.9993986487388611,0.9910239577293396,0.9956331849098206,18.261758691206545,5.734221373031297,0.998715877532959,0.009848296642303467,0.99994957447052,0.00018721818923950195,0.9978166222572327,0.025170564651489258,0.9987986087799072,0.00843822956085205,5.961145194274026,-2.6789366053169754,5.066974072805546,-0.10821595879032753,0.996671199798584,0.0014264583587646484,0.9982070922851562,-0.001191556453704834,0.9956318140029907,0.004607856273651123,0.9967668056488037,0.0011336207389831543,9.846625766871167,-8.415132924335378,5.247967803125712,-0.48625356990558544
Shooting,delta_alignment_auc,1,Shooting013_x264,Shooting,1072,85,0.9998451471328735,0.9999973773956299,0.9999611973762512,0.9998351335525513,21.92681327850289,6.066139962352963,0.9994640946388245,0.9998502731323242,0.9996339082717896,0.9994494318962097,75.72739734191548,18.33545539427892,0.9996454119682312,-0.00019973516464233398,0.99998939037323,-7.987022399902344e-06,0.9998162388801575,-0.00014495849609375,0.9996306300163269,-0.00020450353622436523,17.12080576911616,-4.806007509386731,5.677642618979655,-0.38849734337330855,0.998870849609375,-0.0005932450294494629,0.9992761611938477,-0.0005741119384765625,0.9988934397697449,-0.0007404685020446777,0.9988688826560974,-0.0005805492401123047,40.006555813814884,-35.72084152810059,7.551007576949758,-10.784447817329163
Shooting,delta_alignment_auc,2,Shooting048_x264,Shooting,2736,320,0.033469270914793015,0.26033300161361694,0.1536930650472641,0.017545592039823532,98.9362582781457,91.75589203377035,0.02521713450551033,0.08907365798950195,0.06763158738613129,0.019599327817559242,99.50745033112582,96.11329205413517,0.028468694537878036,-0.005000576376914978,0.08960399776697159,-0.17072900384664536,0.031226003542542458,-0.12246706150472164,0.028103487566113472,0.01055789552628994,57.40480132450331,-41.53145695364239,16.96182669856645,-74.7940653352039,0.245882049202919,0.22066491469740868,0.45645517110824585,0.3673815131187439,0.31846028566360474,0.25082869827747345,0.2362690567970276,0.21666972897946835,72.59519867549669,-26.912251655629134,34.96392569597218,-61.14936635816299
Shooting,delta_alignment_auc,3,Shooting024_x264,Shooting,2000,585,0.8713719248771667,0.9932379722595215,0.9836461544036865,0.8249546885490417,77.55338105161427,44.29184737213973,0.9386434555053711,0.9959802031517029,0.9922563433647156,0.9164783954620361,86.5413306756063,56.737489451652515,0.9267868399620056,0.05541491508483887,0.9995531439781189,0.006315171718597412,0.9989708662033081,0.015324711799621582,0.896943986415863,0.07198929786682129,66.6054785418743,-10.947902509739961,35.35646940906806,-8.935377963071666,0.9684616327285767,0.029818177223205566,0.9942439794540405,-0.0017362236976623535,0.991803765296936,-0.000452578067779541,0.958811342716217,0.04233294725418091,75.44652834405484,-11.094802331551463,57.4621508990401,0.7246614473875823
Shooting,delta_alignment_auc,4,Shooting007_x264,Shooting,1424,120,0.9888675808906555,0.9997623562812805,0.9726460576057434,0.9903603792190552,8.640081799591002,5.175190031595873,0.9952447414398193,0.9993986487388611,0.9910239577293396,0.9956331849098206,18.261758691206545,5.734221373031297,0.998715877532959,0.009848296642303467,0.99994957447052,0.00018721818923950195,0.9978166222572327,0.025170564651489258,0.9987986087799072,0.00843822956085205,5.961145194274026,-2.6789366053169754,5.066974072805546,-0.10821595879032753,0.996671199798584,0.0014264583587646484,0.9982070922851562,-0.001191556453704834,0.9956318140029907,0.004607856273651123,0.9967668056488037,0.0011336207389831543,9.846625766871167,-8.415132924335378,5.247967803125712,-0.48625356990558544
Shooting,delta_alignment_auc,5,Shooting033_x264,Shooting,3616,320,0.9894141554832458,0.9998610019683838,0.9995702505111694,0.9884282350540161,91.2135922330097,57.35069613941487,0.9987508058547974,0.9995734095573425,0.9994325637817383,0.9986847043037415,93.93203883495146,41.595938419509714,0.9956629872322083,0.006248831748962402,0.9999675750732422,0.00010657310485839844,0.9999343156814575,0.00036406517028808594,0.9952483177185059,0.006820082664489746,95.18203883495146,3.96844660194175,71.05463218698513,13.70393604757026,0.9977844953536987,-0.0009663105010986328,0.9987525343894958,-0.0008208751678466797,0.9982790946960449,-0.0011534690856933594,0.9977365136146545,-0.0009481906890869141,86.99029126213593,-6.94174757281553,25.614238044257647,-15.981700375252068
Shooting,delta_classifier_positive_mean,1,Shooting028_x264,Shooting,1888,270,0.7892069220542908,0.9996213912963867,0.82718425989151,0.7828695178031921,30.229821910909678,10.531688834807333,0.9554376602172852,0.999311089515686,0.9696899652481079,0.9530593752861023,27.4389964748432,10.045477130283963,0.7448200583457947,-0.044386863708496094,0.9991903901100159,-0.0004310011863708496,0.6227675080299377,-0.20441675186157227,0.7651872634887695,-0.017682254314422607,30.947672023073753,0.7178501121640757,10.406676039343818,-0.1250127954635154,0.9133388996124268,-0.0420987606048584,0.9988886713981628,-0.00042241811752319336,0.9231485724449158,-0.04654139280319214,0.9117019176483154,-0.041357457637786865,36.93219795815593,9.493201483312731,12.353339377223463,2.3078622469395
Shooting,delta_classifier_positive_mean,2,Shooting048_x264,Shooting,2736,320,0.033469270914793015,0.26033300161361694,0.1536930650472641,0.017545592039823532,98.9362582781457,91.75589203377035,0.02521713450551033,0.08907365798950195,0.06763158738613129,0.019599327817559242,99.50745033112582,96.11329205413517,0.028468694537878036,-0.005000576376914978,0.08960399776697159,-0.17072900384664536,0.031226003542542458,-0.12246706150472164,0.028103487566113472,0.01055789552628994,57.40480132450331,-41.53145695364239,16.96182669856645,-74.7940653352039,0.245882049202919,0.22066491469740868,0.45645517110824585,0.3673815131187439,0.31846028566360474,0.25082869827747345,0.2362690567970276,0.21666972897946835,72.59519867549669,-26.912251655629134,34.96392569597218,-61.14936635816299
Shooting,delta_classifier_positive_mean,3,Shooting046_x264,Shooting,5088,553,0.9515215754508972,0.9994412064552307,0.9893534779548645,0.9469083547592163,39.68265709141876,8.773508743741921,0.9822192192077637,0.9994860291481018,0.9984588623046875,0.9802389740943909,73.0038818033738,55.31788276804984,0.8927413821220398,-0.05878019332885742,0.9968068599700928,-0.0026343464851379395,0.9481119513511658,-0.04124152660369873,0.8859894871711731,-0.06091886758804321,56.46895454482017,16.78629745340141,19.600482853722802,10.826974109980881,0.966215193271637,-0.01600402593612671,0.9972720742225647,-0.0022139549255371094,0.9888217449188232,-0.009637117385864258,0.9634584784507751,-0.016780495643615723,70.87999505553549,-2.1238867478383128,27.69302733811947,-27.62485542993037
Shooting,delta_classifier_positive_mean,4,Shooting008_x264,Shooting,1616,240,0.302552729845047,0.9945724606513977,0.9911523461341858,0.18244817852973938,99.92732558139534,99.51370652427639,0.3087828755378723,0.9726930856704712,0.9644907712936401,0.19441519677639008,99.94670542635659,99.61805555555556,0.24744001030921936,-0.05511271953582764,0.977800726890564,-0.01677173376083374,0.9659936428070068,-0.025158703327178955,0.12211087346076965,-0.06033730506896973,99.97577519379844,0.04844961240310397,99.77430555555556,0.2605990312791704,0.4370875656604767,0.12830469012260437,0.9855173826217651,0.012824296951293945,0.9759532809257507,0.011462509632110596,0.3430993854999542,0.14868418872356415,94.54941860465115,-5.3972868217054355,57.38834404759328,-42.22971150796228
Shooting,delta_classifier_positive_mean,5,Shooting021_x264,Shooting,1264,150,0.9583021998405457,0.9979092478752136,0.9971775412559509,0.9530676007270813,98.25852782764811,92.55065789473684,0.9929836392402649,0.9979361891746521,0.9977205395698547,0.9923457503318787,98.62238180730102,92.26406926406926,0.962011992931366,0.0037097930908203125,0.9971489310264587,-0.0007603168487548828,0.9949625730514526,-0.002214968204498291,0.9575752019882202,0.004507601261138916,93.01137043686415,-5.247157390783954,80.81309523809524,-11.7375626566416,0.9931900501251221,0.00020641088485717773,0.9976507425308228,-0.0002854466438293457,0.9971441626548767,-0.0005763769149780273,0.9926576018333435,0.00031185150146484375,93.87312986235786,-4.749251944943168,84.5079365079365,-7.756132756132757
Shooting,delta_alignment_positive_mean,1,Shooting028_x264,Shooting,1888,270,0.7892069220542908,0.9996213912963867,0.82718425989151,0.7828695178031921,30.229821910909678,10.531688834807333,0.9554376602172852,0.999311089515686,0.9696899652481079,0.9530593752861023,27.4389964748432,10.045477130283963,0.7448200583457947,-0.044386863708496094,0.9991903901100159,-0.0004310011863708496,0.6227675080299377,-0.20441675186157227,0.7651872634887695,-0.017682254314422607,30.947672023073753,0.7178501121640757,10.406676039343818,-0.1250127954635154,0.9133388996124268,-0.0420987606048584,0.9988886713981628,-0.00042241811752319336,0.9231485724449158,-0.04654139280319214,0.9117019176483154,-0.041357457637786865,36.93219795815593,9.493201483312731,12.353339377223463,2.3078622469395
Shooting,delta_alignment_positive_mean,2,Shooting034_x264,Shooting,1408,90,0.4355591833591461,0.9770957231521606,0.9563177227973938,0.3999989926815033,93.90490642387455,37.08680825347492,0.9198688268661499,0.9973093867301941,0.9963746666908264,0.914644718170166,95.46956668352723,48.96296296296297,0.8273197412490845,0.39176055788993835,0.996515154838562,0.019419431686401367,0.9931986331939697,0.03688091039657593,0.8159925937652588,0.4159936010837555,92.34024616422188,-1.564660259652669,31.788359788359788,-5.298448465115133,0.9375215768814087,0.01765275001525879,0.9872918725013733,-0.0100175142288208,0.9839532375335693,-0.01242142915725708,0.9343509674072266,0.019706249237060547,91.12628561793964,-4.34328106558759,28.902948902948904,-20.060014060014066
Shooting,delta_alignment_positive_mean,3,Shooting015_x264,Shooting,1712,857,0.8537434935569763,0.9997720122337341,0.9053929448127747,0.8019733428955078,56.06822384627457,49.63909448542789,0.9960247874259949,0.99979168176651,0.9983808398246765,0.9936631917953491,62.62775764771712,56.40667573488627,0.9789600968360901,0.12521660327911377,0.9998611211776733,8.910894393920898e-05,0.9975678324699402,0.09217488765716553,0.9603090286254883,0.15833568572998047,82.9286849952575,26.860461148982928,83.26819848301803,33.629103997590136,0.9789791107177734,-0.017045676708221436,0.9917394518852234,-0.008052229881286621,0.9868335127830505,-0.011547327041625977,0.9711064100265503,-0.022556781768798828,84.85243641971518,22.224678771998057,83.97916806018304,27.57249232529677
Shooting,delta_alignment_positive_mean,4,Shooting046_x264,Shooting,5088,553,0.9515215754508972,0.9994412064552307,0.9893534779548645,0.9469083547592163,39.68265709141876,8.773508743741921,0.9822192192077637,0.9994860291481018,0.9984588623046875,0.9802389740943909,73.0038818033738,55.31788276804984,0.8927413821220398,-0.05878019332885742,0.9968068599700928,-0.0026343464851379395,0.9481119513511658,-0.04124152660369873,0.8859894871711731,-0.06091886758804321,56.46895454482017,16.78629745340141,19.600482853722802,10.826974109980881,0.966215193271637,-0.01600402593612671,0.9972720742225647,-0.0022139549255371094,0.9888217449188232,-0.009637117385864258,0.9634584784507751,-0.016780495643615723,70.87999505553549,-2.1238867478383128,27.69302733811947,-27.62485542993037
Shooting,delta_alignment_positive_mean,5,Shooting037_x264,Shooting,304,120,0.9558072090148926,0.9827467203140259,0.9742078185081482,0.9438069462776184,73.18840579710144,57.88467088467088,0.9965755343437195,0.9977178573608398,0.9969529509544373,0.9963292479515076,24.492753623188403,30.550882940588824,0.9877339601516724,0.031926751136779785,0.9989726543426514,0.01622593402862549,0.9973810911178589,0.023173272609710693,0.981442391872406,0.0376354455947876,76.08695652173914,2.898550724637701,55.71055796055795,-2.174112924112933,0.9920800924301147,-0.004495441913604736,0.9965577125549316,-0.0011601448059082031,0.992975115776062,-0.003977835178375244,0.9914962649345398,-0.0048329830169677734,75.79710144927536,51.30434782608695,55.52116402116402,24.970281080575194
Shoplifting,delta_classifier_auc,1,Shoplifting017_x264,Shoplifting,448,60,0.9147397875785828,0.9852215647697449,0.9819477200508118,0.9043468832969666,97.14776632302404,86.23611111111111,0.9795833230018616,0.9899181127548218,0.9851066470146179,0.9787291884422302,71.58075601374571,26.846153846153847,0.9477296471595764,0.03298985958099365,0.9743203520774841,-0.010901212692260742,0.925189733505249,-0.056757986545562744,0.9512151479721069,0.04686826467514038,16.04810996563574,-81.09965635738831,9.813449081641302,-76.42266202946982,0.9857967495918274,0.00621342658996582,0.9940066337585449,0.0040885210037231445,0.9770587086677551,-0.008047938346862793,0.9871479272842407,0.008418738842010498,7.250859106529206,-64.32989690721651,9.138857921466617,-17.70729592468723
Shoplifting,delta_classifier_auc,2,Shoplifting049_x264,Shoplifting,2144,330,0.960145890712738,0.9964122176170349,0.9277225136756897,0.9660441875457764,16.81166683371755,9.440550969254765,0.9970570802688599,0.9988831281661987,0.9943914413452148,0.9975419044494629,3.3941398549998323,8.61009780742541,0.9442353844642639,-0.01591050624847412,0.994686484336853,-0.0017257332801818848,0.7894148230552673,-0.13830769062042236,0.9724001288414001,0.006355941295623779,1.5605893555176904,-15.251077478199859,8.520042123359117,-0.9205088458956485,0.9859213829040527,-0.011135697364807129,0.9957396984100342,-0.0031434297561645508,0.9718527793884277,-0.02253866195678711,0.9884806871414185,-0.009061217308044434,4.137182185693762,0.7430423306939296,8.656650891364553,0.046553083939143036
Shoplifting,delta_classifier_auc,3,Shoplifting015_x264,Shoplifting,2256,150,0.38923993706703186,0.7292248010635376,0.3935851454734802,0.38893043994903564,50.94207027540361,6.971339858897885,0.4481220841407776,0.7914173603057861,0.3613814413547516,0.4543001651763916,33.86324786324786,5.298227987710118,0.18044748902320862,-0.20879244804382324,0.7608910799026489,0.03166627883911133,0.06481291353702545,-0.3287722319364548,0.18868358433246613,-0.20024685561656952,42.11902500791389,-8.823045267489718,6.078713547175046,-0.8926263117228386,0.3846103250980377,-0.06351175904273987,0.8665173053741455,0.07509994506835938,0.3246667981147766,-0.036714643239974976,0.38887977600097656,-0.06542038917541504,44.337448559670776,10.474200696422919,6.314758118558558,1.01653013084844
Shoplifting,delta_classifier_auc,4,Shoplifting020_x264,Shoplifting,5760,120,0.8307396769523621,0.9980071187019348,0.996722936630249,0.8272079825401306,99.54137115839244,82.42327117327117,0.987302303314209,0.9984267950057983,0.9970354437828064,0.9870951771736145,90.89834515366431,10.91379381812736,0.8705321550369263,0.03979247808456421,0.9978502988815308,-0.00015681982040405273,0.9947090744972229,-0.002013862133026123,0.8678901195526123,0.04068213701248169,92.43026004728132,-7.111111111111114,12.77602427349239,-69.64724689977879,0.9862273335456848,-0.00107496976852417,0.9985731244087219,0.00014632940292358398,0.9976787567138672,0.000643312931060791,0.9859837293624878,-0.001111447811126709,92.36406619385343,1.4657210401891234,12.707881932881932,1.7940881147545724
Shoplifting,delta_classifier_auc,5,Shoplifting010_x264,Shoplifting,2736,590,0.03173794597387314,0.20464679598808289,0.021288270130753517,0.03461087867617607,40.23425529562291,17.364137826576943,0.02512356825172901,0.07951897382736206,0.020998597145080566,0.026257645338773727,43.466757230637995,18.594998599043986,0.008715487085282803,-0.023022458888590336,0.0853484645485878,-0.11929833143949509,0.004901310428977013,-0.016386959701776505,0.009764118120074272,-0.0248467605561018,34.35307311987616,-5.881182175746751,15.955306991310497,-1.4088308352664463,0.17823083698749542,0.1531072687357664,0.2820884585380554,0.20256948471069336,0.13998673856258392,0.11898814141750336,0.18874527513980865,0.16248762980103493,21.72382201020424,-21.742935220433754,13.95965254491186,-4.6353460541321265
Shoplifting,delta_alignment_auc,1,Shoplifting017_x264,Shoplifting,448,60,0.9147397875785828,0.9852215647697449,0.9819477200508118,0.9043468832969666,97.14776632302404,86.23611111111111,0.9795833230018616,0.9899181127548218,0.9851066470146179,0.9787291884422302,71.58075601374571,26.846153846153847,0.9477296471595764,0.03298985958099365,0.9743203520774841,-0.010901212692260742,0.925189733505249,-0.056757986545562744,0.9512151479721069,0.04686826467514038,16.04810996563574,-81.09965635738831,9.813449081641302,-76.42266202946982,0.9857967495918274,0.00621342658996582,0.9940066337585449,0.0040885210037231445,0.9770587086677551,-0.008047938346862793,0.9871479272842407,0.008418738842010498,7.250859106529206,-64.32989690721651,9.138857921466617,-17.70729592468723
Shoplifting,delta_alignment_auc,2,Shoplifting010_x264,Shoplifting,2736,590,0.03173794597387314,0.20464679598808289,0.021288270130753517,0.03461087867617607,40.23425529562291,17.364137826576943,0.02512356825172901,0.07951897382736206,0.020998597145080566,0.026257645338773727,43.466757230637995,18.594998599043986,0.008715487085282803,-0.023022458888590336,0.0853484645485878,-0.11929833143949509,0.004901310428977013,-0.016386959701776505,0.009764118120074272,-0.0248467605561018,34.35307311987616,-5.881182175746751,15.955306991310497,-1.4088308352664463,0.17823083698749542,0.1531072687357664,0.2820884585380554,0.20256948471069336,0.13998673856258392,0.11898814141750336,0.18874527513980865,0.16248762980103493,21.72382201020424,-21.742935220433754,13.95965254491186,-4.6353460541321265
Shoplifting,delta_alignment_auc,3,Shoplifting007_x264,Shoplifting,5120,500,0.8175856471061707,0.9984691739082336,0.9585680365562439,0.8023278117179871,56.78787878787879,10.680395345482527,0.986862301826477,0.9978458285331726,0.9944190382957458,0.9860443472862244,72.25316017316018,15.18431255378682,0.8153291940689087,-0.002256453037261963,0.9882237911224365,-0.01024538278579712,0.9204631447792053,-0.038104891777038574,0.8039510250091553,0.0016232132911682129,63.440000000000005,6.652121212121216,12.014976522450164,1.334581176967637,0.9392096400260925,-0.04765266180038452,0.9768423438072205,-0.02100348472595215,0.9498331546783447,-0.04458588361740112,0.93805992603302,-0.047984421253204346,60.07238095238095,-12.180779220779229,21.445299841139338,6.260987287352519
Shoplifting,delta_alignment_auc,4,Shoplifting021_x264,Shoplifting,3536,150,0.7163552045822144,0.9834097623825073,0.825904369354248,0.711502194404602,60.91238432762355,5.74909405130106,0.9873394966125488,0.996908962726593,0.9942527413368225,0.9870332479476929,75.81925575900767,8.739698016610777,0.9367892742156982,0.2204340696334839,0.9983970522880554,0.014987289905548096,0.9937957525253296,0.16789138317108154,0.9342637062072754,0.22276151180267334,82.54183894467414,21.62945461705059,11.682502127130137,5.933408075829077,0.9937939047813416,0.006454408168792725,0.9971224665641785,0.00021350383758544922,0.9955935478210449,0.0013408064842224121,0.9937141537666321,0.006680905818939209,72.95254971451074,-2.8667060444969366,7.91682525273737,-0.8228727638734075
Shoplifting,delta_alignment_auc,5,Shoplifting044_x264,Shoplifting,14544,180,0.7833876609802246,0.9949668049812317,0.8699579834938049,0.782302737236023,41.206411089452025,1.135231150804418,0.9796584248542786,0.997698187828064,0.981095552444458,0.9796404838562012,32.916550635848886,0.9915009577866267,0.9334649443626404,0.15007728338241577,0.9996640682220459,0.004697263240814209,0.9910430908203125,0.12108510732650757,0.932743489742279,0.1504407525062561,44.32655713357468,3.120146044122656,1.176858579354932,0.041627428550514045,0.9907207489013672,0.011062324047088623,0.9981787204742432,0.0004805326461791992,0.9912900328636169,0.010194480419158936,0.9907136559486389,0.011073172092437744,31.297688666109718,-1.618861969739168,0.9637007527279665,-0.02780020505866021
Shoplifting,delta_classifier_positive_mean,1,Shoplifting015_x264,Shoplifting,2256,150,0.38923993706703186,0.7292248010635376,0.3935851454734802,0.38893043994903564,50.94207027540361,6.971339858897885,0.4481220841407776,0.7914173603057861,0.3613814413547516,0.4543001651763916,33.86324786324786,5.298227987710118,0.18044748902320862,-0.20879244804382324,0.7608910799026489,0.03166627883911133,0.06481291353702545,-0.3287722319364548,0.18868358433246613,-0.20024685561656952,42.11902500791389,-8.823045267489718,6.078713547175046,-0.8926263117228386,0.3846103250980377,-0.06351175904273987,0.8665173053741455,0.07509994506835938,0.3246667981147766,-0.036714643239974976,0.38887977600097656,-0.06542038917541504,44.337448559670776,10.474200696422919,6.314758118558558,1.01653013084844
Shoplifting,delta_classifier_positive_mean,2,Shoplifting005_x264,Shoplifting,1952,210,0.4413074851036072,0.890461266040802,0.3374907672405243,0.45382267236709595,35.623530698157566,8.505354025058294,0.6531397104263306,0.8470761775970459,0.5944858193397522,0.6602104902267456,35.45732874091084,8.635724971474627,0.07580815255641937,-0.3654993325471878,0.19780109822750092,-0.6926601678133011,0.1422348916530609,-0.19525587558746338,0.06780033558607101,-0.38602233678102493,91.15247936143459,55.52894866327702,66.08764636458871,57.58229233953041,0.226507306098938,-0.4266324043273926,0.3537673354148865,-0.4933088421821594,0.3157918155193329,-0.2786940038204193,0.21574395895004272,-0.4444665312767029,95.65742714996446,60.20009840905362,83.43402520022121,74.79830022874658
Shoplifting,delta_classifier_positive_mean,3,Shoplifting049_x264,Shoplifting,2144,330,0.960145890712738,0.9964122176170349,0.9277225136756897,0.9660441875457764,16.81166683371755,9.440550969254765,0.9970570802688599,0.9988831281661987,0.9943914413452148,0.9975419044494629,3.3941398549998323,8.61009780742541,0.9442353844642639,-0.01591050624847412,0.994686484336853,-0.0017257332801818848,0.7894148230552673,-0.13830769062042236,0.9724001288414001,0.006355941295623779,1.5605893555176904,-15.251077478199859,8.520042123359117,-0.9205088458956485,0.9859213829040527,-0.011135697364807129,0.9957396984100342,-0.0031434297561645508,0.9718527793884277,-0.02253866195678711,0.9884806871414185,-0.009061217308044434,4.137182185693762,0.7430423306939296,8.656650891364553,0.046553083939143036
Shoplifting,delta_classifier_positive_mean,4,Shoplifting022_x264,Shoplifting,2176,270,0.17045094072818756,0.5252758264541626,0.28090700507164,0.15480394661426544,83.1522288290389,40.566476684125945,0.053487543016672134,0.2989630103111267,0.0786178782582283,0.04992762953042984,91.52189965411371,49.699701054735954,0.0850348025560379,-0.08541613817214966,0.5146524906158447,-0.010623335838317871,0.16487160325050354,-0.11603540182113647,0.07372529059648514,-0.0810786560177803,91.15502701022113,8.002798181182229,49.35488330802917,8.788406623903228,0.3775622248649597,0.3240746818482876,0.6940179467201233,0.3950549364089966,0.512650191783905,0.4340323135256767,0.35842591524124146,0.3084982857108116,92.236990400684,0.7150907465702829,48.10340141680167,-1.5962996379342869
Shoplifting,delta_classifier_positive_mean,5,Shoplifting029_x264,Shoplifting,2176,450,0.46686244010925293,0.9634280204772949,0.9133870005607605,0.3504452705383301,92.3020471224411,68.87088141286424,0.6113755702972412,0.9245925545692444,0.8933303356170654,0.5378646850585938,94.71636410454487,73.06455371973519,0.3444868326187134,-0.12237560749053955,0.9762715101242065,0.012843489646911621,0.8535894155502319,-0.059797585010528564,0.21175439655780792,-0.13869087398052216,94.84820393974506,2.5461568173039666,78.23777932985824,9.366897916994006,0.5041401386260986,-0.10723543167114258,0.9205160737037659,-0.004076480865478516,0.8477300405502319,-0.045600295066833496,0.41455990076065063,-0.12330478429794312,93.94592506759365,-0.7704390369512168,75.15318275175045,2.0886290320152625
Shoplifting,delta_alignment_positive_mean,1,Shoplifting005_x264,Shoplifting,1952,210,0.4413074851036072,0.890461266040802,0.3374907672405243,0.45382267236709595,35.623530698157566,8.505354025058294,0.6531397104263306,0.8470761775970459,0.5944858193397522,0.6602104902267456,35.45732874091084,8.635724971474627,0.07580815255641937,-0.3654993325471878,0.19780109822750092,-0.6926601678133011,0.1422348916530609,-0.19525587558746338,0.06780033558607101,-0.38602233678102493,91.15247936143459,55.52894866327702,66.08764636458871,57.58229233953041,0.226507306098938,-0.4266324043273926,0.3537673354148865,-0.4933088421821594,0.3157918155193329,-0.2786940038204193,0.21574395895004272,-0.4444665312767029,95.65742714996446,60.20009840905362,83.43402520022121,74.79830022874658
Shoplifting,delta_alignment_positive_mean,2,Shoplifting029_x264,Shoplifting,2176,450,0.46686244010925293,0.9634280204772949,0.9133870005607605,0.3504452705383301,92.3020471224411,68.87088141286424,0.6113755702972412,0.9245925545692444,0.8933303356170654,0.5378646850585938,94.71636410454487,73.06455371973519,0.3444868326187134,-0.12237560749053955,0.9762715101242065,0.012843489646911621,0.8535894155502319,-0.059797585010528564,0.21175439655780792,-0.13869087398052216,94.84820393974506,2.5461568173039666,78.23777932985824,9.366897916994006,0.5041401386260986,-0.10723543167114258,0.9205160737037659,-0.004076480865478516,0.8477300405502319,-0.045600295066833496,0.41455990076065063,-0.12330478429794312,93.94592506759365,-0.7704390369512168,75.15318275175045,2.0886290320152625
Shoplifting,delta_alignment_positive_mean,3,Shoplifting007_x264,Shoplifting,5120,500,0.8175856471061707,0.9984691739082336,0.9585680365562439,0.8023278117179871,56.78787878787879,10.680395345482527,0.986862301826477,0.9978458285331726,0.9944190382957458,0.9860443472862244,72.25316017316018,15.18431255378682,0.8153291940689087,-0.002256453037261963,0.9882237911224365,-0.01024538278579712,0.9204631447792053,-0.038104891777038574,0.8039510250091553,0.0016232132911682129,63.440000000000005,6.652121212121216,12.014976522450164,1.334581176967637,0.9392096400260925,-0.04765266180038452,0.9768423438072205,-0.02100348472595215,0.9498331546783447,-0.04458588361740112,0.93805992603302,-0.047984421253204346,60.07238095238095,-12.180779220779229,21.445299841139338,6.260987287352519
Shoplifting,delta_alignment_positive_mean,4,Shoplifting015_x264,Shoplifting,2256,150,0.38923993706703186,0.7292248010635376,0.3935851454734802,0.38893043994903564,50.94207027540361,6.971339858897885,0.4481220841407776,0.7914173603057861,0.3613814413547516,0.4543001651763916,33.86324786324786,5.298227987710118,0.18044748902320862,-0.20879244804382324,0.7608910799026489,0.03166627883911133,0.06481291353702545,-0.3287722319364548,0.18868358433246613,-0.20024685561656952,42.11902500791389,-8.823045267489718,6.078713547175046,-0.8926263117228386,0.3846103250980377,-0.06351175904273987,0.8665173053741455,0.07509994506835938,0.3246667981147766,-0.036714643239974976,0.38887977600097656,-0.06542038917541504,44.337448559670776,10.474200696422919,6.314758118558558,1.01653013084844
Shoplifting,delta_alignment_positive_mean,5,Shoplifting016_x264,Shoplifting,1472,90,0.6580471992492676,0.9368927478790283,0.7727301716804504,0.6505787372589111,66.19552982794661,9.548695525779708,0.9567623734474182,0.9797725081443787,0.9736714959144592,0.9556612968444824,73.83662968322882,11.928780284043441,0.564134418964386,-0.09391278028488159,0.9125789999961853,-0.024313747882843018,0.7569897770881653,-0.015740394592285156,0.5515750646591187,-0.09900367259979248,78.39041646566973,12.194886637723116,14.051462585945346,4.502767060165638,0.9261466860771179,-0.030615687370300293,0.9624003767967224,-0.01737213134765625,0.9488518834114075,-0.024819612503051758,0.9246681332588196,-0.030993163585662842,85.46550892426436,11.628879241035534,19.644412414020255,7.7156321299768145
Stealing,delta_classifier_auc,1,Stealing019_x264,Stealing,4896,240,0.7818924188613892,0.9881167411804199,0.9599151611328125,0.7727159857749939,80.2548682703322,15.627935996765085,0.9398738741874695,0.996086835861206,0.9886444211006165,0.9373598694801331,52.59163802978236,14.788176165773073,0.7656229734420776,-0.016269445419311523,0.9931432008743286,0.005026459693908691,0.9544540643692017,-0.00546109676361084,0.755889356136322,-0.016826629638671875,68.10137457044674,-12.153493699885459,7.651381769053877,-7.976554227711208,0.9380930066108704,-0.001780867576599121,0.9960841536521912,-2.682209014892578e-06,0.9920101165771484,0.0033656954765319824,0.9353136420249939,-0.00204622745513916,73.24742268041237,20.65578465063001,10.688738250052236,-4.099437915720838
Stealing,delta_classifier_auc,2,Stealing062_x264,Stealing,1552,690,0.9768028855323792,0.9971867203712463,0.995166540145874,0.9621034860610962,99.94922492350112,99.92613189529267,0.99637770652771,0.9994243383407593,0.9963402152061462,0.9964078664779663,19.887353307105148,31.37931310218749,0.9964956045150757,0.019692718982696533,0.9996309280395508,0.0024442076683044434,0.9994446635246277,0.004278123378753662,0.9941349625587463,0.032031476497650146,92.77211742156763,-7.177107501933492,88.12747110277421,-11.798660792518461,0.996584951877594,0.0002072453498840332,0.9978761672973633,-0.001548171043395996,0.9976622462272644,0.001322031021118164,0.9957226514816284,-0.0006852149963378906,94.24627593395877,74.35892262685363,90.60003413521923,59.220721033031744
Stealing,delta_classifier_auc,3,Stealing036_x264,Stealing,2496,330,0.48478513956069946,0.9306153655052185,0.8370294570922852,0.43111908435821533,96.26654355186211,64.04410792253287,0.7403317093849182,0.8860145211219788,0.866243302822113,0.7211484909057617,98.49156383782423,81.6850798007631,0.7499628067016602,0.2651776671409607,0.9649603962898254,0.034345030784606934,0.9437182545661926,0.10668879747390747,0.7204431891441345,0.2893241047859192,89.6944514396038,-6.572092112258318,46.48437430411349,-17.559733618419386,0.9569612145423889,0.2166295051574707,0.98444002866745,0.09842550754547119,0.982674777507782,0.11643147468566895,0.9530436396598816,0.23189514875411987,99.92864937463276,1.4370855368085245,99.57950719314354,17.894427392380436
Stealing,delta_classifier_auc,4,Stealing058_x264,Stealing,4976,3090,0.9445491433143616,0.9999969005584717,0.9999619722366333,0.8537614941596985,98.8477523019215,99.2969326993603,0.9789743423461914,0.9996278285980225,0.9993952512741089,0.9455171823501587,98.29975256274301,98.95576548727017,0.9504266977310181,0.005877554416656494,0.9999974966049194,5.960464477539062e-07,0.9999582767486572,-3.6954879760742188e-06,0.8692746162414551,0.015513122081756592,98.55123941699526,-0.29651288492624417,99.19573500285226,-0.1011976965080379,0.9708380699157715,-0.008136272430419922,0.9987762570381165,-0.0008515715599060059,0.9978396892547607,-0.0015555620193481445,0.926598846912384,-0.018918335437774658,94.61860000617736,-3.6811525565656495,96.76736991451442,-2.188395572755752
Stealing,delta_classifier_auc,5,Stealing079_x264,Stealing,5840,1650,0.8969659805297852,0.9994423985481262,0.9903517365455627,0.8601910471916199,80.53550300137414,52.99064017985469,0.9892528057098389,0.9973735213279724,0.9949586391448975,0.9870060086250305,88.1898604180227,82.18056016275732,0.9573028087615967,0.06033682823181152,0.9998596906661987,0.00041729211807250977,0.995415985584259,0.005064249038696289,0.9422938823699951,0.08210283517837524,80.2832429304983,-0.2522600708758347,56.052294441142955,3.0616542612882682,0.9929973483085632,0.0037445425987243652,0.9984440207481384,0.0010704994201660156,0.9970132112503052,0.002054572105407715,0.9914160370826721,0.0044100284576416016,89.24379836551675,1.053937947494049,78.63393199912527,-3.5466281636320502
Stealing,delta_alignment_auc,1,Stealing058_x264,Stealing,4976,3090,0.9445491433143616,0.9999969005584717,0.9999619722366333,0.8537614941596985,98.8477523019215,99.2969326993603,0.9789743423461914,0.9996278285980225,0.9993952512741089,0.9455171823501587,98.29975256274301,98.95576548727017,0.9504266977310181,0.005877554416656494,0.9999974966049194,5.960464477539062e-07,0.9999582767486572,-3.6954879760742188e-06,0.8692746162414551,0.015513122081756592,98.55123941699526,-0.29651288492624417,99.19573500285226,-0.1011976965080379,0.9708380699157715,-0.008136272430419922,0.9987762570381165,-0.0008515715599060059,0.9978396892547607,-0.0015555620193481445,0.926598846912384,-0.018918335437774658,94.61860000617736,-3.6811525565656495,96.76736991451442,-2.188395572755752
Stealing,delta_alignment_auc,2,Stealing079_x264,Stealing,5840,1650,0.8969659805297852,0.9994423985481262,0.9903517365455627,0.8601910471916199,80.53550300137414,52.99064017985469,0.9892528057098389,0.9973735213279724,0.9949586391448975,0.9870060086250305,88.1898604180227,82.18056016275732,0.9573028087615967,0.06033682823181152,0.9998596906661987,0.00041729211807250977,0.995415985584259,0.005064249038696289,0.9422938823699951,0.08210283517837524,80.2832429304983,-0.2522600708758347,56.052294441142955,3.0616542612882682,0.9929973483085632,0.0037445425987243652,0.9984440207481384,0.0010704994201660156,0.9970132112503052,0.002054572105407715,0.9914160370826721,0.0044100284576416016,89.24379836551675,1.053937947494049,78.63393199912527,-3.5466281636320502
Stealing,delta_alignment_auc,3,Stealing036_x264,Stealing,2496,330,0.48478513956069946,0.9306153655052185,0.8370294570922852,0.43111908435821533,96.26654355186211,64.04410792253287,0.7403317093849182,0.8860145211219788,0.866243302822113,0.7211484909057617,98.49156383782423,81.6850798007631,0.7499628067016602,0.2651776671409607,0.9649603962898254,0.034345030784606934,0.9437182545661926,0.10668879747390747,0.7204431891441345,0.2893241047859192,89.6944514396038,-6.572092112258318,46.48437430411349,-17.559733618419386,0.9569612145423889,0.2166295051574707,0.98444002866745,0.09842550754547119,0.982674777507782,0.11643147468566895,0.9530436396598816,0.23189514875411987,99.92864937463276,1.4370855368085245,99.57950719314354,17.894427392380436
Stealing,delta_alignment_auc,4,Stealing019_x264,Stealing,4896,240,0.7818924188613892,0.9881167411804199,0.9599151611328125,0.7727159857749939,80.2548682703322,15.627935996765085,0.9398738741874695,0.996086835861206,0.9886444211006165,0.9373598694801331,52.59163802978236,14.788176165773073,0.7656229734420776,-0.016269445419311523,0.9931432008743286,0.005026459693908691,0.9544540643692017,-0.00546109676361084,0.755889356136322,-0.016826629638671875,68.10137457044674,-12.153493699885459,7.651381769053877,-7.976554227711208,0.9380930066108704,-0.001780867576599121,0.9960841536521912,-2.682209014892578e-06,0.9920101165771484,0.0033656954765319824,0.9353136420249939,-0.00204622745513916,73.24742268041237,20.65578465063001,10.688738250052236,-4.099437915720838
Stealing,delta_alignment_auc,5,Stealing062_x264,Stealing,1552,690,0.9768028855323792,0.9971867203712463,0.995166540145874,0.9621034860610962,99.94922492350112,99.92613189529267,0.99637770652771,0.9994243383407593,0.9963402152061462,0.9964078664779663,19.887353307105148,31.37931310218749,0.9964956045150757,0.019692718982696533,0.9996309280395508,0.0024442076683044434,0.9994446635246277,0.004278123378753662,0.9941349625587463,0.032031476497650146,92.77211742156763,-7.177107501933492,88.12747110277421,-11.798660792518461,0.996584951877594,0.0002072453498840332,0.9978761672973633,-0.001548171043395996,0.9976622462272644,0.001322031021118164,0.9957226514816284,-0.0006852149963378906,94.24627593395877,74.35892262685363,90.60003413521923,59.220721033031744
Stealing,delta_classifier_positive_mean,1,Stealing019_x264,Stealing,4896,240,0.7818924188613892,0.9881167411804199,0.9599151611328125,0.7727159857749939,80.2548682703322,15.627935996765085,0.9398738741874695,0.996086835861206,0.9886444211006165,0.9373598694801331,52.59163802978236,14.788176165773073,0.7656229734420776,-0.016269445419311523,0.9931432008743286,0.005026459693908691,0.9544540643692017,-0.00546109676361084,0.755889356136322,-0.016826629638671875,68.10137457044674,-12.153493699885459,7.651381769053877,-7.976554227711208,0.9380930066108704,-0.001780867576599121,0.9960841536521912,-2.682209014892578e-06,0.9920101165771484,0.0033656954765319824,0.9353136420249939,-0.00204622745513916,73.24742268041237,20.65578465063001,10.688738250052236,-4.099437915720838
Stealing,delta_classifier_positive_mean,2,Stealing058_x264,Stealing,4976,3090,0.9445491433143616,0.9999969005584717,0.9999619722366333,0.8537614941596985,98.8477523019215,99.2969326993603,0.9789743423461914,0.9996278285980225,0.9993952512741089,0.9455171823501587,98.29975256274301,98.95576548727017,0.9504266977310181,0.005877554416656494,0.9999974966049194,5.960464477539062e-07,0.9999582767486572,-3.6954879760742188e-06,0.8692746162414551,0.015513122081756592,98.55123941699526,-0.29651288492624417,99.19573500285226,-0.1011976965080379,0.9708380699157715,-0.008136272430419922,0.9987762570381165,-0.0008515715599060059,0.9978396892547607,-0.0015555620193481445,0.926598846912384,-0.018918335437774658,94.61860000617736,-3.6811525565656495,96.76736991451442,-2.188395572755752
Stealing,delta_classifier_positive_mean,3,Stealing062_x264,Stealing,1552,690,0.9768028855323792,0.9971867203712463,0.995166540145874,0.9621034860610962,99.94922492350112,99.92613189529267,0.99637770652771,0.9994243383407593,0.9963402152061462,0.9964078664779663,19.887353307105148,31.37931310218749,0.9964956045150757,0.019692718982696533,0.9996309280395508,0.0024442076683044434,0.9994446635246277,0.004278123378753662,0.9941349625587463,0.032031476497650146,92.77211742156763,-7.177107501933492,88.12747110277421,-11.798660792518461,0.996584951877594,0.0002072453498840332,0.9978761672973633,-0.001548171043395996,0.9976622462272644,0.001322031021118164,0.9957226514816284,-0.0006852149963378906,94.24627593395877,74.35892262685363,90.60003413521923,59.220721033031744
Stealing,delta_classifier_positive_mean,4,Stealing079_x264,Stealing,5840,1650,0.8969659805297852,0.9994423985481262,0.9903517365455627,0.8601910471916199,80.53550300137414,52.99064017985469,0.9892528057098389,0.9973735213279724,0.9949586391448975,0.9870060086250305,88.1898604180227,82.18056016275732,0.9573028087615967,0.06033682823181152,0.9998596906661987,0.00041729211807250977,0.995415985584259,0.005064249038696289,0.9422938823699951,0.08210283517837524,80.2832429304983,-0.2522600708758347,56.052294441142955,3.0616542612882682,0.9929973483085632,0.0037445425987243652,0.9984440207481384,0.0010704994201660156,0.9970132112503052,0.002054572105407715,0.9914160370826721,0.0044100284576416016,89.24379836551675,1.053937947494049,78.63393199912527,-3.5466281636320502
Stealing,delta_classifier_positive_mean,5,Stealing036_x264,Stealing,2496,330,0.48478513956069946,0.9306153655052185,0.8370294570922852,0.43111908435821533,96.26654355186211,64.04410792253287,0.7403317093849182,0.8860145211219788,0.866243302822113,0.7211484909057617,98.49156383782423,81.6850798007631,0.7499628067016602,0.2651776671409607,0.9649603962898254,0.034345030784606934,0.9437182545661926,0.10668879747390747,0.7204431891441345,0.2893241047859192,89.6944514396038,-6.572092112258318,46.48437430411349,-17.559733618419386,0.9569612145423889,0.2166295051574707,0.98444002866745,0.09842550754547119,0.982674777507782,0.11643147468566895,0.9530436396598816,0.23189514875411987,99.92864937463276,1.4370855368085245,99.57950719314354,17.894427392380436
Stealing,delta_alignment_positive_mean,1,Stealing058_x264,Stealing,4976,3090,0.9445491433143616,0.9999969005584717,0.9999619722366333,0.8537614941596985,98.8477523019215,99.2969326993603,0.9789743423461914,0.9996278285980225,0.9993952512741089,0.9455171823501587,98.29975256274301,98.95576548727017,0.9504266977310181,0.005877554416656494,0.9999974966049194,5.960464477539062e-07,0.9999582767486572,-3.6954879760742188e-06,0.8692746162414551,0.015513122081756592,98.55123941699526,-0.29651288492624417,99.19573500285226,-0.1011976965080379,0.9708380699157715,-0.008136272430419922,0.9987762570381165,-0.0008515715599060059,0.9978396892547607,-0.0015555620193481445,0.926598846912384,-0.018918335437774658,94.61860000617736,-3.6811525565656495,96.76736991451442,-2.188395572755752
Stealing,delta_alignment_positive_mean,2,Stealing062_x264,Stealing,1552,690,0.9768028855323792,0.9971867203712463,0.995166540145874,0.9621034860610962,99.94922492350112,99.92613189529267,0.99637770652771,0.9994243383407593,0.9963402152061462,0.9964078664779663,19.887353307105148,31.37931310218749,0.9964956045150757,0.019692718982696533,0.9996309280395508,0.0024442076683044434,0.9994446635246277,0.004278123378753662,0.9941349625587463,0.032031476497650146,92.77211742156763,-7.177107501933492,88.12747110277421,-11.798660792518461,0.996584951877594,0.0002072453498840332,0.9978761672973633,-0.001548171043395996,0.9976622462272644,0.001322031021118164,0.9957226514816284,-0.0006852149963378906,94.24627593395877,74.35892262685363,90.60003413521923,59.220721033031744
Stealing,delta_alignment_positive_mean,3,Stealing079_x264,Stealing,5840,1650,0.8969659805297852,0.9994423985481262,0.9903517365455627,0.8601910471916199,80.53550300137414,52.99064017985469,0.9892528057098389,0.9973735213279724,0.9949586391448975,0.9870060086250305,88.1898604180227,82.18056016275732,0.9573028087615967,0.06033682823181152,0.9998596906661987,0.00041729211807250977,0.995415985584259,0.005064249038696289,0.9422938823699951,0.08210283517837524,80.2832429304983,-0.2522600708758347,56.052294441142955,3.0616542612882682,0.9929973483085632,0.0037445425987243652,0.9984440207481384,0.0010704994201660156,0.9970132112503052,0.002054572105407715,0.9914160370826721,0.0044100284576416016,89.24379836551675,1.053937947494049,78.63393199912527,-3.5466281636320502
Stealing,delta_alignment_positive_mean,4,Stealing019_x264,Stealing,4896,240,0.7818924188613892,0.9881167411804199,0.9599151611328125,0.7727159857749939,80.2548682703322,15.627935996765085,0.9398738741874695,0.996086835861206,0.9886444211006165,0.9373598694801331,52.59163802978236,14.788176165773073,0.7656229734420776,-0.016269445419311523,0.9931432008743286,0.005026459693908691,0.9544540643692017,-0.00546109676361084,0.755889356136322,-0.016826629638671875,68.10137457044674,-12.153493699885459,7.651381769053877,-7.976554227711208,0.9380930066108704,-0.001780867576599121,0.9960841536521912,-2.682209014892578e-06,0.9920101165771484,0.0033656954765319824,0.9353136420249939,-0.00204622745513916,73.24742268041237,20.65578465063001,10.688738250052236,-4.099437915720838
Stealing,delta_alignment_positive_mean,5,Stealing036_x264,Stealing,2496,330,0.48478513956069946,0.9306153655052185,0.8370294570922852,0.43111908435821533,96.26654355186211,64.04410792253287,0.7403317093849182,0.8860145211219788,0.866243302822113,0.7211484909057617,98.49156383782423,81.6850798007631,0.7499628067016602,0.2651776671409607,0.9649603962898254,0.034345030784606934,0.9437182545661926,0.10668879747390747,0.7204431891441345,0.2893241047859192,89.6944514396038,-6.572092112258318,46.48437430411349,-17.559733618419386,0.9569612145423889,0.2166295051574707,0.98444002866745,0.09842550754547119,0.982674777507782,0.11643147468566895,0.9530436396598816,0.23189514875411987,99.92864937463276,1.4370855368085245,99.57950719314354,17.894427392380436
Vandalism,delta_classifier_auc,1,Vandalism036_x264,Vandalism,1440,330,0.9980108737945557,0.9998557567596436,0.999666154384613,0.99751877784729,82.5984165984166,57.258205950105335,0.995774507522583,0.9982473850250244,0.9971073865890503,0.9953780174255371,84.86104286104286,68.83652951411278,0.9698494672775269,-0.02816140651702881,0.9979974627494812,-0.0018582940101623535,0.9847281575202942,-0.014937996864318848,0.965425968170166,-0.03209280967712402,66.71635271635272,-15.882063882063889,49.95717967062845,-7.301026279476886,0.9881784319877625,-0.007596075534820557,0.9962353110313416,-0.0020120739936828613,0.9942620396614075,-0.0028453469276428223,0.986369788646698,-0.009008228778839111,91.91100191100192,7.049959049959057,85.32739530886782,16.490865794755038
Vandalism,delta_classifier_auc,2,Vandalism017_x264,Vandalism,1008,120,0.9990658164024353,0.9999685287475586,0.9999582767486572,0.9989452362060547,85.64564564564564,50.3084505541347,0.998262345790863,0.998886227607727,0.9987480044364929,0.9981967210769653,94.83483483483484,73.72751322751321,0.9945486187934875,-0.004517197608947754,0.9998757839202881,-9.274482727050781e-05,0.9997283816337585,-0.00022989511489868164,0.9938485622406006,-0.0050966739654541016,77.08708708708708,-8.558558558558559,23.71918424308656,-26.589266311048142,0.9985679984092712,0.0003056526184082031,0.9990407228469849,0.0001544952392578125,0.9989365339279175,0.00018852949142456055,0.9985181093215942,0.00032138824462890625,90.72072072072072,-4.114114114114116,50.321123899248896,-23.406389328264318
Vandalism,delta_classifier_auc,3,Vandalism015_x264,Vandalism,2976,690,0.9840109348297119,0.9993346333503723,0.9983965158462524,0.9796688556671143,99.28702752735619,97.9011774720896,0.9960429072380066,0.9982289671897888,0.9973437190055847,0.9956501126289368,94.01435327830397,68.72910316963315,0.8863943815231323,-0.09761655330657959,0.9976492524147034,-0.0016853809356689453,0.9934878349304199,-0.0049086809158325195,0.8540695309638977,-0.12559932470321655,98.45321870998008,-0.8338088173761093,90.6166106251665,-7.284566846923099,0.9728050827980042,-0.02323782444000244,0.9967018961906433,-0.0015270709991455078,0.9873900413513184,-0.009953677654266357,0.9684028029441833,-0.027247309684753418,91.05037594938314,-2.9639773289208335,61.90431902397702,-6.824784145656132
Vandalism,delta_classifier_auc,4,Vandalism028_x264,Vandalism,4480,420,0.8682906031608582,0.9913813471794128,0.9556661248207092,0.8592516779899597,87.81749941355852,55.70923985579302,0.9788314700126648,0.9938700199127197,0.9876819252967834,0.9779158234596252,64.38986629134413,38.21983698069512,0.9463198781013489,0.07802927494049072,0.9841310381889343,-0.007250308990478516,0.9772017598152161,0.021535634994506836,0.9431251883506775,0.08387351036071777,98.82383298146844,11.00633356790992,94.28823828736343,38.578998431570405,0.9833389520645142,0.004507482051849365,0.990527331829071,-0.0033426880836486816,0.9879438281059265,0.0002619028091430664,0.9828625917434692,0.004946768283843994,88.78958479943702,24.39971850809289,50.4707702317689,12.250933251073782
Vandalism,delta_classifier_auc,5,Vandalism007_x264,Vandalism,1136,510,0.9358597993850708,0.9959834814071655,0.9418294429779053,0.9309963583946228,63.71170832550273,68.24150890661662,0.9924126267433167,0.9968969225883484,0.9946610331535339,0.9905809164047241,60.754870638351186,46.961837222905054,0.976688027381897,0.04082822799682617,0.9991534948348999,0.003170013427734375,0.9941473603248596,0.052317917346954346,0.9624640345573425,0.03146767616271973,85.10117145899893,21.389463133496207,83.84230769555538,15.60079878893876,0.9875876307487488,-0.004824995994567871,0.9955493211746216,-0.0013476014137268066,0.9917680621147156,-0.0028929710388183594,0.9841817617416382,-0.0063991546630859375,51.09252646745599,-9.662344170895196,41.97871243167718,-4.983124791227873
Vandalism,delta_alignment_auc,1,Vandalism007_x264,Vandalism,1136,510,0.9358597993850708,0.9959834814071655,0.9418294429779053,0.9309963583946228,63.71170832550273,68.24150890661662,0.9924126267433167,0.9968969225883484,0.9946610331535339,0.9905809164047241,60.754870638351186,46.961837222905054,0.976688027381897,0.04082822799682617,0.9991534948348999,0.003170013427734375,0.9941473603248596,0.052317917346954346,0.9624640345573425,0.03146767616271973,85.10117145899893,21.389463133496207,83.84230769555538,15.60079878893876,0.9875876307487488,-0.004824995994567871,0.9955493211746216,-0.0013476014137268066,0.9917680621147156,-0.0028929710388183594,0.9841817617416382,-0.0063991546630859375,51.09252646745599,-9.662344170895196,41.97871243167718,-4.983124791227873
Vandalism,delta_alignment_auc,2,Vandalism017_x264,Vandalism,1008,120,0.9990658164024353,0.9999685287475586,0.9999582767486572,0.9989452362060547,85.64564564564564,50.3084505541347,0.998262345790863,0.998886227607727,0.9987480044364929,0.9981967210769653,94.83483483483484,73.72751322751321,0.9945486187934875,-0.004517197608947754,0.9998757839202881,-9.274482727050781e-05,0.9997283816337585,-0.00022989511489868164,0.9938485622406006,-0.0050966739654541016,77.08708708708708,-8.558558558558559,23.71918424308656,-26.589266311048142,0.9985679984092712,0.0003056526184082031,0.9990407228469849,0.0001544952392578125,0.9989365339279175,0.00018852949142456055,0.9985181093215942,0.00032138824462890625,90.72072072072072,-4.114114114114116,50.321123899248896,-23.406389328264318
Vandalism,delta_alignment_auc,3,Vandalism015_x264,Vandalism,2976,690,0.9840109348297119,0.9993346333503723,0.9983965158462524,0.9796688556671143,99.28702752735619,97.9011774720896,0.9960429072380066,0.9982289671897888,0.9973437190055847,0.9956501126289368,94.01435327830397,68.72910316963315,0.8863943815231323,-0.09761655330657959,0.9976492524147034,-0.0016853809356689453,0.9934878349304199,-0.0049086809158325195,0.8540695309638977,-0.12559932470321655,98.45321870998008,-0.8338088173761093,90.6166106251665,-7.284566846923099,0.9728050827980042,-0.02323782444000244,0.9967018961906433,-0.0015270709991455078,0.9873900413513184,-0.009953677654266357,0.9684028029441833,-0.027247309684753418,91.05037594938314,-2.9639773289208335,61.90431902397702,-6.824784145656132
Vandalism,delta_alignment_auc,4,Vandalism036_x264,Vandalism,1440,330,0.9980108737945557,0.9998557567596436,0.999666154384613,0.99751877784729,82.5984165984166,57.258205950105335,0.995774507522583,0.9982473850250244,0.9971073865890503,0.9953780174255371,84.86104286104286,68.83652951411278,0.9698494672775269,-0.02816140651702881,0.9979974627494812,-0.0018582940101623535,0.9847281575202942,-0.014937996864318848,0.965425968170166,-0.03209280967712402,66.71635271635272,-15.882063882063889,49.95717967062845,-7.301026279476886,0.9881784319877625,-0.007596075534820557,0.9962353110313416,-0.0020120739936828613,0.9942620396614075,-0.0028453469276428223,0.986369788646698,-0.009008228778839111,91.91100191100192,7.049959049959057,85.32739530886782,16.490865794755038
Vandalism,delta_alignment_auc,5,Vandalism028_x264,Vandalism,4480,420,0.8682906031608582,0.9913813471794128,0.9556661248207092,0.8592516779899597,87.81749941355852,55.70923985579302,0.9788314700126648,0.9938700199127197,0.9876819252967834,0.9779158234596252,64.38986629134413,38.21983698069512,0.9463198781013489,0.07802927494049072,0.9841310381889343,-0.007250308990478516,0.9772017598152161,0.021535634994506836,0.9431251883506775,0.08387351036071777,98.82383298146844,11.00633356790992,94.28823828736343,38.578998431570405,0.9833389520645142,0.004507482051849365,0.990527331829071,-0.0033426880836486816,0.9879438281059265,0.0002619028091430664,0.9828625917434692,0.004946768283843994,88.78958479943702,24.39971850809289,50.4707702317689,12.250933251073782
Vandalism,delta_classifier_positive_mean,1,Vandalism036_x264,Vandalism,1440,330,0.9980108737945557,0.9998557567596436,0.999666154384613,0.99751877784729,82.5984165984166,57.258205950105335,0.995774507522583,0.9982473850250244,0.9971073865890503,0.9953780174255371,84.86104286104286,68.83652951411278,0.9698494672775269,-0.02816140651702881,0.9979974627494812,-0.0018582940101623535,0.9847281575202942,-0.014937996864318848,0.965425968170166,-0.03209280967712402,66.71635271635272,-15.882063882063889,49.95717967062845,-7.301026279476886,0.9881784319877625,-0.007596075534820557,0.9962353110313416,-0.0020120739936828613,0.9942620396614075,-0.0028453469276428223,0.986369788646698,-0.009008228778839111,91.91100191100192,7.049959049959057,85.32739530886782,16.490865794755038
Vandalism,delta_classifier_positive_mean,2,Vandalism015_x264,Vandalism,2976,690,0.9840109348297119,0.9993346333503723,0.9983965158462524,0.9796688556671143,99.28702752735619,97.9011774720896,0.9960429072380066,0.9982289671897888,0.9973437190055847,0.9956501126289368,94.01435327830397,68.72910316963315,0.8863943815231323,-0.09761655330657959,0.9976492524147034,-0.0016853809356689453,0.9934878349304199,-0.0049086809158325195,0.8540695309638977,-0.12559932470321655,98.45321870998008,-0.8338088173761093,90.6166106251665,-7.284566846923099,0.9728050827980042,-0.02323782444000244,0.9967018961906433,-0.0015270709991455078,0.9873900413513184,-0.009953677654266357,0.9684028029441833,-0.027247309684753418,91.05037594938314,-2.9639773289208335,61.90431902397702,-6.824784145656132
Vandalism,delta_classifier_positive_mean,3,Vandalism017_x264,Vandalism,1008,120,0.9990658164024353,0.9999685287475586,0.9999582767486572,0.9989452362060547,85.64564564564564,50.3084505541347,0.998262345790863,0.998886227607727,0.9987480044364929,0.9981967210769653,94.83483483483484,73.72751322751321,0.9945486187934875,-0.004517197608947754,0.9998757839202881,-9.274482727050781e-05,0.9997283816337585,-0.00022989511489868164,0.9938485622406006,-0.0050966739654541016,77.08708708708708,-8.558558558558559,23.71918424308656,-26.589266311048142,0.9985679984092712,0.0003056526184082031,0.9990407228469849,0.0001544952392578125,0.9989365339279175,0.00018852949142456055,0.9985181093215942,0.00032138824462890625,90.72072072072072,-4.114114114114116,50.321123899248896,-23.406389328264318
Vandalism,delta_classifier_positive_mean,4,Vandalism028_x264,Vandalism,4480,420,0.8682906031608582,0.9913813471794128,0.9556661248207092,0.8592516779899597,87.81749941355852,55.70923985579302,0.9788314700126648,0.9938700199127197,0.9876819252967834,0.9779158234596252,64.38986629134413,38.21983698069512,0.9463198781013489,0.07802927494049072,0.9841310381889343,-0.007250308990478516,0.9772017598152161,0.021535634994506836,0.9431251883506775,0.08387351036071777,98.82383298146844,11.00633356790992,94.28823828736343,38.578998431570405,0.9833389520645142,0.004507482051849365,0.990527331829071,-0.0033426880836486816,0.9879438281059265,0.0002619028091430664,0.9828625917434692,0.004946768283843994,88.78958479943702,24.39971850809289,50.4707702317689,12.250933251073782
Vandalism,delta_classifier_positive_mean,5,Vandalism007_x264,Vandalism,1136,510,0.9358597993850708,0.9959834814071655,0.9418294429779053,0.9309963583946228,63.71170832550273,68.24150890661662,0.9924126267433167,0.9968969225883484,0.9946610331535339,0.9905809164047241,60.754870638351186,46.961837222905054,0.976688027381897,0.04082822799682617,0.9991534948348999,0.003170013427734375,0.9941473603248596,0.052317917346954346,0.9624640345573425,0.03146767616271973,85.10117145899893,21.389463133496207,83.84230769555538,15.60079878893876,0.9875876307487488,-0.004824995994567871,0.9955493211746216,-0.0013476014137268066,0.9917680621147156,-0.0028929710388183594,0.9841817617416382,-0.0063991546630859375,51.09252646745599,-9.662344170895196,41.97871243167718,-4.983124791227873
Vandalism,delta_alignment_positive_mean,1,Vandalism015_x264,Vandalism,2976,690,0.9840109348297119,0.9993346333503723,0.9983965158462524,0.9796688556671143,99.28702752735619,97.9011774720896,0.9960429072380066,0.9982289671897888,0.9973437190055847,0.9956501126289368,94.01435327830397,68.72910316963315,0.8863943815231323,-0.09761655330657959,0.9976492524147034,-0.0016853809356689453,0.9934878349304199,-0.0049086809158325195,0.8540695309638977,-0.12559932470321655,98.45321870998008,-0.8338088173761093,90.6166106251665,-7.284566846923099,0.9728050827980042,-0.02323782444000244,0.9967018961906433,-0.0015270709991455078,0.9873900413513184,-0.009953677654266357,0.9684028029441833,-0.027247309684753418,91.05037594938314,-2.9639773289208335,61.90431902397702,-6.824784145656132
Vandalism,delta_alignment_positive_mean,2,Vandalism007_x264,Vandalism,1136,510,0.9358597993850708,0.9959834814071655,0.9418294429779053,0.9309963583946228,63.71170832550273,68.24150890661662,0.9924126267433167,0.9968969225883484,0.9946610331535339,0.9905809164047241,60.754870638351186,46.961837222905054,0.976688027381897,0.04082822799682617,0.9991534948348999,0.003170013427734375,0.9941473603248596,0.052317917346954346,0.9624640345573425,0.03146767616271973,85.10117145899893,21.389463133496207,83.84230769555538,15.60079878893876,0.9875876307487488,-0.004824995994567871,0.9955493211746216,-0.0013476014137268066,0.9917680621147156,-0.0028929710388183594,0.9841817617416382,-0.0063991546630859375,51.09252646745599,-9.662344170895196,41.97871243167718,-4.983124791227873
Vandalism,delta_alignment_positive_mean,3,Vandalism036_x264,Vandalism,1440,330,0.9980108737945557,0.9998557567596436,0.999666154384613,0.99751877784729,82.5984165984166,57.258205950105335,0.995774507522583,0.9982473850250244,0.9971073865890503,0.9953780174255371,84.86104286104286,68.83652951411278,0.9698494672775269,-0.02816140651702881,0.9979974627494812,-0.0018582940101623535,0.9847281575202942,-0.014937996864318848,0.965425968170166,-0.03209280967712402,66.71635271635272,-15.882063882063889,49.95717967062845,-7.301026279476886,0.9881784319877625,-0.007596075534820557,0.9962353110313416,-0.0020120739936828613,0.9942620396614075,-0.0028453469276428223,0.986369788646698,-0.009008228778839111,91.91100191100192,7.049959049959057,85.32739530886782,16.490865794755038
Vandalism,delta_alignment_positive_mean,4,Vandalism017_x264,Vandalism,1008,120,0.9990658164024353,0.9999685287475586,0.9999582767486572,0.9989452362060547,85.64564564564564,50.3084505541347,0.998262345790863,0.998886227607727,0.9987480044364929,0.9981967210769653,94.83483483483484,73.72751322751321,0.9945486187934875,-0.004517197608947754,0.9998757839202881,-9.274482727050781e-05,0.9997283816337585,-0.00022989511489868164,0.9938485622406006,-0.0050966739654541016,77.08708708708708,-8.558558558558559,23.71918424308656,-26.589266311048142,0.9985679984092712,0.0003056526184082031,0.9990407228469849,0.0001544952392578125,0.9989365339279175,0.00018852949142456055,0.9985181093215942,0.00032138824462890625,90.72072072072072,-4.114114114114116,50.321123899248896,-23.406389328264318
Vandalism,delta_alignment_positive_mean,5,Vandalism028_x264,Vandalism,4480,420,0.8682906031608582,0.9913813471794128,0.9556661248207092,0.8592516779899597,87.81749941355852,55.70923985579302,0.9788314700126648,0.9938700199127197,0.9876819252967834,0.9779158234596252,64.38986629134413,38.21983698069512,0.9463198781013489,0.07802927494049072,0.9841310381889343,-0.007250308990478516,0.9772017598152161,0.021535634994506836,0.9431251883506775,0.08387351036071777,98.82383298146844,11.00633356790992,94.28823828736343,38.578998431570405,0.9833389520645142,0.004507482051849365,0.990527331829071,-0.0033426880836486816,0.9879438281059265,0.0002619028091430664,0.9828625917434692,0.004946768283843994,88.78958479943702,24.39971850809289,50.4707702317689,12.250933251073782
