class_index,class_name,rank_in_class,source_file,source_stem,source_prompts_per_class,prompt_index,selection_score,anchor_similarity,intra_prompt_similarity,inter_prompt_similarity,anchor_margin,best_other_anchor_class,best_other_anchor_similarity,raw_prompt_text,encoded_prompt_text
0,Normal,1,ucf_manual_class_prompts_10x.json,ucf_manual_class_prompts_10x,10,8,0.25578874349594116,0.506760835647583,0.6215343475341797,0.9202598929405212,0.0069963932037353516,Robbery,0.49976444244384766,people interacting casually without panic or force,normal people interacting casually without panic or force
0,Normal,2,ucf_manual_class_prompts_10x.json,ucf_manual_class_prompts_10x,10,1,0.24890140295028682,0.4656851887702942,0.6715505719184875,0.9270318150520325,-0.06710439920425415,Robbery,0.5327895879745483,people standing and talking without aggressive movement,normal people standing and talking without aggressive movement
0,Normal,3,ucf_manual_class_prompts_10x_v2.json,ucf_manual_class_prompts_10x_v2,10,9,0.24364463984966278,0.41642019152641296,0.7238477468490601,0.9085988998413086,-0.2460252344608307,Robbery,0.6624454259872437,an orderly scene with predictable everyday activity,normal an orderly scene with predictable everyday activity
0,Normal,4,ucf_manual_class_prompts_5x_v3.json,ucf_manual_class_prompts_5x_v3,5,1,0.2382349193096161,0.39700984954833984,0.7268800139427185,0.8916700482368469,-0.20629942417144775,Robbery,0.6033092737197876,people waiting and talking in a public area,normal people waiting and talking in a public area
0,Normal,5,ucf_manual_class_prompts_5x_v4.json,ucf_manual_class_prompts_5x_v4,5,1,0.2382349193096161,0.39700984954833984,0.7268800139427185,0.8916700482368469,-0.20629942417144775,Robbery,0.6033092737197876,people waiting and talking in a public area,normal people waiting and talking in a public area
0,Normal,6,ucf_manual_class_prompts_10x.json,ucf_manual_class_prompts_10x,10,9,0.22493658661842342,0.3672816753387451,0.7501792311668396,0.9187901020050049,-0.3426242470741272,Shoplifting,0.7099059224128723,an orderly scene with predictable everyday human activity,normal an orderly scene with predictable everyday human activity
0,Normal,7,ucf_manual_class_prompts_5x_v5.json,ucf_manual_class_prompts_5x_v5,5,4,0.22401275932788847,0.5384019017219543,0.4840816557407379,0.9520634412765503,0.14615485072135925,Robbery,0.3922470510005951,routine activities occurring in a public place,normal routine activities occurring in a public place
0,Normal,8,ucf_manual_class_prompts_5x_v3.json,ucf_manual_class_prompts_5x_v3,5,3,0.22059618234634398,0.3411933183670044,0.7076714038848877,0.8115094900131226,-0.2143923044204712,Shoplifting,0.5555856227874756,customers standing calmly near store counters,normal customers standing calmly near store counters
0,Normal,9,ucf_manual_class_prompts_5x_v4.json,ucf_manual_class_prompts_5x_v4,5,3,0.22059618234634398,0.3411933183670044,0.7076714038848877,0.8115094900131226,-0.2143923044204712,Shoplifting,0.5555856227874756,customers standing calmly near store counters,normal customers standing calmly near store counters
0,Normal,10,ucf_manual_class_prompts_10x_v2.json,ucf_manual_class_prompts_10x_v2,10,3,0.21982533931732173,0.3599531650543213,0.6861169338226318,0.8299316167831421,-0.2329343557357788,Shoplifting,0.5928875207901001,shoppers browsing shelves and paying at checkout,normal shoppers browsing shelves and paying at checkout
0,Normal,11,ucf_manual_class_prompts_5x_v5.json,ucf_manual_class_prompts_5x_v5,5,3,0.18559214472770688,0.2639310359954834,0.7776100039482117,0.8982818722724915,-0.46786069869995117,Shoplifting,0.7317917346954346,a normal street scene with everyday human activity,normal a normal street scene with everyday human activity
0,Normal,12,ucf_manual_class_prompts_5x_v3.json,ucf_manual_class_prompts_5x_v3,5,4,0.18294311910867692,0.23081834614276886,0.789313793182373,0.8463009595870972,-0.44165337085723877,Shoplifting,0.6724717020988464,people entering and exiting buildings at normal pace,normal people entering and exiting buildings at normal pace
0,Normal,13,ucf_manual_class_prompts_5x_v4.json,ucf_manual_class_prompts_5x_v4,5,4,0.18294310122728344,0.23081834614276886,0.7893137335777283,0.8463009595870972,-0.44165337085723877,Shoplifting,0.6724717020988464,people entering and exiting buildings at normal pace,normal people entering and exiting buildings at normal pace
0,Normal,14,ucf_manual_class_prompts_10x_v2.json,ucf_manual_class_prompts_10x_v2,10,7,0.17941436916589734,0.21617074310779572,0.790738582611084,0.8294628858566284,-0.4369516968727112,RoadAccidents,0.6531224250793457,a public area with ordinary walking and waiting,normal a public area with ordinary walking and waiting
0,Normal,15,ucf_manual_class_prompts_10x.json,ucf_manual_class_prompts_10x,10,7,0.17941435128450392,0.21617074310779572,0.7907385230064392,0.8294628858566284,-0.4369516968727112,RoadAccidents,0.6531224250793457,a public area with ordinary walking and waiting,normal a public area with ordinary walking and waiting
0,Normal,16,ucf_manual_class_prompts_10x.json,ucf_manual_class_prompts_10x,10,6,0.1615644872188568,0.1929149031639099,0.7918808460235596,0.8622860908508301,-0.5114923715591431,Shoplifting,0.704407274723053,people entering and exiting buildings in a routine manner,normal people entering and exiting buildings in a routine manner
0,Normal,17,ucf_manual_class_prompts_5x_v5.json,ucf_manual_class_prompts_5x_v5,5,2,0.15469467341899867,0.1759030520915985,0.7999457120895386,0.8662028312683105,-0.5154132843017578,Shoplifting,0.6913163661956787,people shopping or standing normally without unusual activity,normal people shopping or standing normally without unusual activity
0,Normal,18,ucf_manual_class_prompts_10x_v2.json,ucf_manual_class_prompts_10x_v2,10,6,0.15323743671178816,0.1723071187734604,0.7849664092063904,0.8420302271842957,-0.4931957721710205,Shoplifting,0.6655029058456421,people entering and exiting buildings at a steady pace,normal people entering and exiting buildings at a steady pace
0,Normal,19,ucf_manual_class_prompts_10x_v2.json,ucf_manual_class_prompts_10x_v2,10,4,0.14809465408325193,0.19177931547164917,0.7417929768562317,0.8516644835472107,-0.5001286864280701,Shoplifting,0.6919080018997192,workers performing routine tasks in a calm store,normal workers performing routine tasks in a calm store
0,Normal,20,ucf_manual_class_prompts_10x_v2.json,ucf_manual_class_prompts_10x_v2,10,1,0.13566560745239256,0.13665682077407837,0.7768884301185608,0.8286466598510742,-0.5489078760147095,RoadAccidents,0.6855646967887878,people chatting casually in an ordinary public area,normal people chatting casually in an ordinary public area
0,Normal,21,ucf_manual_class_prompts_5x_v5.json,ucf_manual_class_prompts_5x_v5,5,1,0.13348852396011351,0.13897663354873657,0.7962722182273865,0.8744072914123535,-0.6033383011817932,RoadAccidents,0.7423149347305298,ordinary people and vehicles moving in a regular environment,normal ordinary people and vehicles moving in a regular environment
0,Normal,22,ucf_manual_class_prompts_5x_v3.json,ucf_manual_class_prompts_5x_v3,5,2,0.13012343496084208,0.13970611989498138,0.7647996544837952,0.8458476066589355,-0.552030622959137,RoadAccidents,0.6917367577552795,vehicles moving steadily through regular traffic,normal vehicles moving steadily through regular traffic
0,Normal,23,ucf_manual_class_prompts_5x_v4.json,ucf_manual_class_prompts_5x_v4,5,2,0.13012343496084208,0.13970611989498138,0.7647996544837952,0.8458476066589355,-0.552030622959137,RoadAccidents,0.6917367577552795,vehicles moving steadily through regular traffic,normal vehicles moving steadily through regular traffic
0,Normal,24,ucf_manual_class_prompts_10x.json,ucf_manual_class_prompts_10x,10,3,0.10776194483041762,0.1237003356218338,0.7138005495071411,0.841141939163208,-0.4880634546279907,Shoplifting,0.6117637753486633,shoppers browsing shelves and carrying bags normally,normal shoppers browsing shelves and carrying bags normally
0,Normal,25,ucf_manual_class_prompts_10x_v2.json,ucf_manual_class_prompts_10x_v2,10,8,0.10307842940092085,0.07941214740276337,0.7211757302284241,0.7649018168449402,-0.5598495602607727,RoadAccidents,0.6392617225646973,people standing calmly near counters and doorways,normal people standing calmly near counters and doorways
0,Normal,26,ucf_manual_class_prompts_10x_v2.json,ucf_manual_class_prompts_10x_v2,10,2,0.09371131360530849,0.08912339806556702,0.7371048331260681,0.859909176826477,-0.5979461669921875,RoadAccidents,0.6870695352554321,vehicles moving normally through regular traffic flow,normal vehicles moving normally through regular traffic flow
0,Normal,27,ucf_manual_class_prompts_10x.json,ucf_manual_class_prompts_10x,10,2,0.07648239135742183,0.058618903160095215,0.7543482780456543,0.8956577181816101,-0.6754167079925537,RoadAccidents,0.7340356111526489,vehicles moving through traffic in an ordinary way,normal vehicles moving through traffic in an ordinary way
0,Normal,28,ucf_manual_class_prompts_10x.json,ucf_manual_class_prompts_10x,10,5,0.06694276034831997,0.034303754568099976,0.7041404247283936,0.8072562217712402,-0.6381386518478394,RoadAccidents,0.6724424362182617,pedestrians crossing a walkway with regular spacing,normal pedestrians crossing a walkway with regular spacing
0,Normal,29,ucf_manual_class_prompts_10x_v2.json,ucf_manual_class_prompts_10x_v2,10,5,0.06694276034831997,0.034303754568099976,0.7041404247283936,0.8072562217712402,-0.6381386518478394,RoadAccidents,0.6724424362182617,pedestrians crossing a walkway with regular spacing,normal pedestrians crossing a walkway with regular spacing
0,Normal,30,ucf_manual_class_prompts_10x.json,ucf_manual_class_prompts_10x,10,4,0.06616141907870768,0.04845031723380089,0.6647257208824158,0.7874072790145874,-0.571808397769928,Shoplifting,0.6202586889266968,workers calmly performing tasks around counters and equipment,normal workers calmly performing tasks around counters and equipment
0,Normal,31,ucf_manual_class_prompts_10x_v2.json,ucf_manual_class_prompts_10x_v2,10,0,0.0650970060378313,0.029446009546518326,0.7484748959541321,0.8708423376083374,-0.6957323551177979,RoadAccidents,0.7251783609390259,pedestrians walking calmly along a quiet street,normal pedestrians walking calmly along a quiet street
0,Normal,32,ucf_manual_class_prompts_5x_v5.json,ucf_manual_class_prompts_5x_v5,5,0,0.04921245127916332,0.01895029842853546,0.7049083113670349,0.8586759567260742,-0.6723284125328064,RoadAccidents,0.6912786960601807,normal daily activity with people walking calmly in public areas,normal normal daily activity with people walking calmly in public areas
0,Normal,33,ucf_manual_class_prompts_10x.json,ucf_manual_class_prompts_10x,10,0,0.03985025268048048,0.0007587429136037827,0.677582323551178,0.819019079208374,-0.6571170091629028,RoadAccidents,0.6578757762908936,a normal street scene with pedestrians walking calmly,normal a normal street scene with pedestrians walking calmly
0,Normal,34,ucf_manual_class_prompts_5x_v3.json,ucf_manual_class_prompts_5x_v3,5,0,0.02875631581991908,-0.02292473055422306,0.703302800655365,0.8538607954978943,-0.7349660992622375,RoadAccidents,0.7120413780212402,pedestrians walking calmly along an ordinary street,normal pedestrians walking calmly along an ordinary street
0,Normal,35,ucf_manual_class_prompts_5x_v4.json,ucf_manual_class_prompts_5x_v4,5,0,0.02875629793852566,-0.02292473055422306,0.7033027410507202,0.8538607954978943,-0.7349660992622375,RoadAccidents,0.7120413780212402,pedestrians walking calmly along an ordinary street,normal pedestrians walking calmly along an ordinary street
1,Abuse,1,ucf_manual_class_prompts_5x_v4.json,ucf_manual_class_prompts_5x_v4,5,1,0.39004403352737416,0.6134742498397827,0.8910714387893677,0.920072615146637,-0.14428704977035522,Shoplifting,0.7577612996101379,a stronger aggressor controlling a weaker victim indoors,abuse a stronger aggressor controlling a weaker victim indoors
1,Abuse,2,ucf_manual_class_prompts_5x_v3.json,ucf_manual_class_prompts_5x_v3,5,1,0.3900439977645874,0.6134742498397827,0.8910713195800781,0.920072615146637,-0.14428704977035522,Shoplifting,0.7577612996101379,a stronger aggressor controlling a weaker victim indoors,abuse a stronger aggressor controlling a weaker victim indoors
1,Abuse,3,ucf_manual_class_prompts_10x.json,ucf_manual_class_prompts_10x,10,9,0.3819907844066619,0.5922181606292725,0.9072573781013489,0.9314775466918945,-0.13118553161621094,Shoplifting,0.7234036922454834,a hostile person restraining and hurting a defenseless target,abuse a hostile person restraining and hurting a defenseless target
1,Abuse,4,ucf_manual_class_prompts_10x.json,ucf_manual_class_prompts_10x,10,2,0.3803351581096649,0.5952965021133423,0.9029952883720398,0.9410583972930908,-0.1272028684616089,Shoplifting,0.7224993705749512,a violent person grabbing and controlling a weaker victim,abuse a violent person grabbing and controlling a weaker victim
1,Abuse,5,ucf_manual_class_prompts_10x.json,ucf_manual_class_prompts_10x,10,8,0.3740535736083983,0.6210209131240845,0.8540587425231934,0.963372528553009,-0.1035006046295166,Arrest,0.7245215177536011,a victim collapsing after repeated blows from another person,abuse a victim collapsing after repeated blows from another person
1,Abuse,6,ucf_manual_class_prompts_10x_v2.json,ucf_manual_class_prompts_10x_v2,10,8,0.3740535736083983,0.6210209131240845,0.8540587425231934,0.963372528553009,-0.1035006046295166,Arrest,0.7245215177536011,a victim collapsing after repeated blows from another person,abuse a victim collapsing after repeated blows from another person
1,Abuse,7,ucf_manual_class_prompts_10x_v2.json,ucf_manual_class_prompts_10x_v2,10,2,0.3703325808048248,0.5657573938369751,0.9115330576896667,0.9300301671028137,-0.15611404180526733,Shoplifting,0.7218714356422424,a dominant person grabbing and controlling a weaker victim,abuse a dominant person grabbing and controlling a weaker victim
1,Abuse,8,ucf_manual_class_prompts_10x.json,ucf_manual_class_prompts_10x,10,0,0.36679462194442736,0.5944568514823914,0.840370237827301,0.9127243757247925,-0.11776340007781982,Shoplifting,0.7122202515602112,a surveillance frame of an aggressor striking a vulnerable victim,abuse a surveillance frame of an aggressor striking a vulnerable victim
1,Abuse,9,ucf_manual_class_prompts_10x_v2.json,ucf_manual_class_prompts_10x_v2,10,0,0.36679462194442736,0.5944568514823914,0.840370237827301,0.9127243757247925,-0.11776340007781982,Shoplifting,0.7122202515602112,a surveillance frame of an aggressor striking a vulnerable victim,abuse a surveillance frame of an aggressor striking a vulnerable victim
1,Abuse,10,ucf_manual_class_prompts_10x.json,ucf_manual_class_prompts_10x,10,7,0.36394461393356325,0.5598457455635071,0.9005207419395447,0.9306724071502686,-0.14989393949508667,Shoplifting,0.7097396850585938,a stronger aggressor overpowering a weaker person indoors,abuse a stronger aggressor overpowering a weaker person indoors
1,Abuse,11,ucf_manual_class_prompts_10x_v2.json,ucf_manual_class_prompts_10x_v2,10,7,0.36394461393356325,0.5598457455635071,0.9005207419395447,0.9306724071502686,-0.14989393949508667,Shoplifting,0.7097396850585938,a stronger aggressor overpowering a weaker person indoors,abuse a stronger aggressor overpowering a weaker person indoors
1,Abuse,12,ucf_manual_class_prompts_5x_v5.json,ucf_manual_class_prompts_5x_v5,5,1,0.3636152684688568,0.5834561586380005,0.85710209608078,0.9262171983718872,-0.11033064126968384,Shoplifting,0.6937867999076843,a person being subjected to repeated physical violence by another person,abuse a person being subjected to repeated physical violence by another person
1,Abuse,13,ucf_manual_class_prompts_10x_v2.json,ucf_manual_class_prompts_10x_v2,10,3,0.3628709495067597,0.6043044328689575,0.7898408770561218,0.8811676502227783,-0.10869789123535156,Arrest,0.7130023241043091,a victim shielding their body from repeated physical mistreatment,abuse a victim shielding their body from repeated physical mistreatment
1,Abuse,14,ucf_manual_class_prompts_10x.json,ucf_manual_class_prompts_10x,10,5,0.35668850541114805,0.5566501021385193,0.8595641851425171,0.8975290060043335,-0.15759027004241943,Shoplifting,0.7142403721809387,a person dragging a resisting victim across the floor,abuse a person dragging a resisting victim across the floor
1,Abuse,15,ucf_manual_class_prompts_10x_v2.json,ucf_manual_class_prompts_10x_v2,10,5,0.35668850541114805,0.5566501021385193,0.8595641851425171,0.8975290060043335,-0.15759027004241943,Shoplifting,0.7142403721809387,a person dragging a resisting victim across the floor,abuse a person dragging a resisting victim across the floor
1,Abuse,16,ucf_manual_class_prompts_5x_v3.json,ucf_manual_class_prompts_5x_v3,5,3,0.347945636510849,0.5272235870361328,0.9052148461341858,0.9361530542373657,-0.17068982124328613,Shoplifting,0.697913408279419,a defenseless victim shielding from repeated aggressive contact,abuse a defenseless victim shielding from repeated aggressive contact
1,Abuse,17,ucf_manual_class_prompts_5x_v4.json,ucf_manual_class_prompts_5x_v4,5,3,0.347945636510849,0.5272235870361328,0.9052148461341858,0.9361530542373657,-0.17068982124328613,Shoplifting,0.697913408279419,a defenseless victim shielding from repeated aggressive contact,abuse a defenseless victim shielding from repeated aggressive contact
1,Abuse,18,ucf_manual_class_prompts_5x_v5.json,ucf_manual_class_prompts_5x_v5,5,2,0.3444474816322326,0.5256248116493225,0.8999494910240173,0.941748857498169,-0.20241576433181763,Shoplifting,0.7280405759811401,a person aggressively grabbing and hurting another person indoors,abuse a person aggressively grabbing and hurting another person indoors
1,Abuse,19,ucf_manual_class_prompts_10x.json,ucf_manual_class_prompts_10x,10,4,0.3435139596462249,0.5268115997314453,0.889874279499054,0.9342706203460693,-0.1600114107131958,Shoplifting,0.6868230104446411,an attacker cornering someone and delivering forceful hits,abuse an attacker cornering someone and delivering forceful hits
1,Abuse,20,ucf_manual_class_prompts_10x.json,ucf_manual_class_prompts_10x,10,6,0.3429417848587035,0.5105631351470947,0.9102027416229248,0.927003026008606,-0.16168105602264404,Shoplifting,0.6722441911697388,a vulnerable person recoiling from sustained aggressive body contact,abuse a vulnerable person recoiling from sustained aggressive body contact
1,Abuse,21,ucf_manual_class_prompts_10x_v2.json,ucf_manual_class_prompts_10x_v2,10,9,0.33916485905647276,0.5196609497070312,0.8787059187889099,0.9213869571685791,-0.14245903491973877,Shoplifting,0.66211998462677,a hostile person hurting a defenseless target at close range,abuse a hostile person hurting a defenseless target at close range
1,Abuse,22,ucf_manual_class_prompts_10x.json,ucf_manual_class_prompts_10x,10,3,0.3388971447944641,0.5883744955062866,0.7377686500549316,0.8831034898757935,-0.11442869901657104,Arrest,0.7028031945228577,a victim shielding their body during repeated physical mistreatment,abuse a victim shielding their body during repeated physical mistreatment
1,Abuse,23,ucf_manual_class_prompts_5x_v3.json,ucf_manual_class_prompts_5x_v3,5,0,0.3317095130681991,0.4997759759426117,0.8975590467453003,0.9372309446334839,-0.20928660035133362,Shoplifting,0.7090625762939453,a vulnerable victim enduring repeated close range mistreatment,abuse a vulnerable victim enduring repeated close range mistreatment
1,Abuse,24,ucf_manual_class_prompts_5x_v4.json,ucf_manual_class_prompts_5x_v4,5,0,0.3317095130681991,0.4997759759426117,0.8975590467453003,0.9372309446334839,-0.20928660035133362,Shoplifting,0.7090625762939453,a vulnerable victim enduring repeated close range mistreatment,abuse a vulnerable victim enduring repeated close range mistreatment
1,Abuse,25,ucf_manual_class_prompts_5x_v5.json,ucf_manual_class_prompts_5x_v5,5,0,0.32629002332687373,0.5097982883453369,0.8341634273529053,0.8942907452583313,-0.1834651231765747,Robbery,0.6932634115219116,physical abuse where one person repeatedly hurts another person in a close environment,abuse physical abuse where one person repeatedly hurts another person in a close environment
1,Abuse,26,ucf_manual_class_prompts_10x_v2.json,ucf_manual_class_prompts_10x_v2,10,1,0.3236442744731903,0.48099273443222046,0.8530993461608887,0.8639094829559326,-0.17231470346450806,Shoplifting,0.6533074378967285,a person forcefully pushing a helpless victim against furniture,abuse a person forcefully pushing a helpless victim against furniture
1,Abuse,27,ucf_manual_class_prompts_10x.json,ucf_manual_class_prompts_10x,10,1,0.32364425659179685,0.48099273443222046,0.8530992865562439,0.8639094829559326,-0.17231470346450806,Shoplifting,0.6533074378967285,a person forcefully pushing a helpless victim against furniture,abuse a person forcefully pushing a helpless victim against furniture
1,Abuse,28,ucf_manual_class_prompts_5x_v5.json,ucf_manual_class_prompts_5x_v5,5,4,0.31997489333152773,0.49160200357437134,0.8708053827285767,0.9353386163711548,-0.20766955614089966,Shoplifting,0.699271559715271,domestic violence involving physical harm between two people,abuse domestic violence involving physical harm between two people
1,Abuse,29,ucf_manual_class_prompts_10x_v2.json,ucf_manual_class_prompts_10x_v2,10,6,0.3141984105110167,0.46495115756988525,0.9015898704528809,0.9437706470489502,-0.19936025142669678,Shoplifting,0.664311408996582,a vulnerable person recoiling from sustained aggressive contact,abuse a vulnerable person recoiling from sustained aggressive contact
1,Abuse,30,ucf_manual_class_prompts_10x_v2.json,ucf_manual_class_prompts_10x_v2,10,4,0.30382840931415556,0.45622560381889343,0.8912320733070374,0.9582700729370117,-0.19866541028022766,Shoplifting,0.6548910140991211,an attacker cornering someone and delivering forceful blows,abuse an attacker cornering someone and delivering forceful blows
1,Abuse,31,ucf_manual_class_prompts_5x_v3.json,ucf_manual_class_prompts_5x_v3,5,4,0.3027103543281555,0.4601678252220154,0.8816707730293274,0.959373950958252,-0.1962689757347107,Robbery,0.6564368009567261,an aggressor dragging or overpowering a vulnerable person,abuse an aggressor dragging or overpowering a vulnerable person
1,Abuse,32,ucf_manual_class_prompts_5x_v4.json,ucf_manual_class_prompts_5x_v4,5,4,0.3027103543281555,0.4601678252220154,0.8816707730293274,0.959373950958252,-0.1962689757347107,Robbery,0.6564368009567261,an aggressor dragging or overpowering a vulnerable person,abuse an aggressor dragging or overpowering a vulnerable person
1,Abuse,33,ucf_manual_class_prompts_5x_v3.json,ucf_manual_class_prompts_5x_v3,5,2,0.3004261791706085,0.4363226294517517,0.8899151086807251,0.9235483407974243,-0.1953863501548767,Shoplifting,0.6317089796066284,a helpless person recoiling from sustained physical abuse,abuse a helpless person recoiling from sustained physical abuse
1,Abuse,34,ucf_manual_class_prompts_5x_v4.json,ucf_manual_class_prompts_5x_v4,5,2,0.3004261791706085,0.4363226294517517,0.8899151086807251,0.9235483407974243,-0.1953863501548767,Shoplifting,0.6317089796066284,a helpless person recoiling from sustained physical abuse,abuse a helpless person recoiling from sustained physical abuse
1,Abuse,35,ucf_manual_class_prompts_5x_v5.json,ucf_manual_class_prompts_5x_v5,5,3,0.25899085998535154,0.38193953037261963,0.8501578569412231,0.935131311416626,-0.21358484029769897,Robbery,0.5955243706703186,a person repeatedly attacking someone who appears unable to escape,abuse a person repeatedly attacking someone who appears unable to escape
2,Arrest,1,ucf_manual_class_prompts_10x_v2.json,ucf_manual_class_prompts_10x_v2,10,1,0.44548450708389287,0.704135537147522,0.8995864391326904,0.8822959661483765,0.06335073709487915,RoadAccidents,0.6407848000526428,officers escorting a handcuffed person toward a patrol car,arrest officers escorting a handcuffed person toward a patrol car
2,Arrest,2,ucf_manual_class_prompts_5x_v3.json,ucf_manual_class_prompts_5x_v3,5,1,0.4454844892024994,0.704135537147522,0.8995863795280457,0.8822959661483765,0.06335073709487915,RoadAccidents,0.6407848000526428,officers escorting a handcuffed person toward a patrol car,arrest officers escorting a handcuffed person toward a patrol car
2,Arrest,3,ucf_manual_class_prompts_5x_v4.json,ucf_manual_class_prompts_5x_v4,5,1,0.4454844713211059,0.704135537147522,0.8995863199234009,0.8822959661483765,0.06335073709487915,RoadAccidents,0.6407848000526428,officers escorting a handcuffed person toward a patrol car,arrest officers escorting a handcuffed person toward a patrol car
2,Arrest,4,ucf_manual_class_prompts_10x.json,ucf_manual_class_prompts_10x,10,4,0.44541379809379567,0.6975692510604858,0.9174765944480896,0.8930690288543701,0.025262892246246338,Shoplifting,0.6723063588142395,law enforcement pinning a resisting person during detention,arrest law enforcement pinning a resisting person during detention
2,Arrest,5,ucf_manual_class_prompts_5x_v5.json,ucf_manual_class_prompts_5x_v5,5,1,0.4388490498065948,0.6802515983581543,0.9292076230049133,0.9001951813697815,0.04408317804336548,RoadAccidents,0.6361684203147888,law enforcement officers detaining a person during an arrest,arrest law enforcement officers detaining a person during an arrest
2,Arrest,6,ucf_manual_class_prompts_5x_v5.json,ucf_manual_class_prompts_5x_v5,5,3,0.4335678398609161,0.6749594807624817,0.92368483543396,0.9050867557525635,-0.004706084728240967,RoadAccidents,0.6796655654907227,a person being arrested by uniformed police officers,arrest a person being arrested by uniformed police officers
2,Arrest,7,ucf_manual_class_prompts_10x.json,ucf_manual_class_prompts_10x,10,3,0.4311600625514984,0.6716480255126953,0.9022578597068787,0.8767065405845642,0.05464315414428711,RoadAccidents,0.6170048713684082,uniformed officers escorting a suspect toward a patrol car,arrest uniformed officers escorting a suspect toward a patrol car
2,Arrest,8,ucf_manual_class_prompts_5x_v5.json,ucf_manual_class_prompts_5x_v5,5,2,0.4308732748031615,0.6619322299957275,0.9340529441833496,0.9015436172485352,0.009942114353179932,RoadAccidents,0.6519901156425476,a police officer holding a detained suspect in custody,arrest a police officer holding a detained suspect in custody
2,Arrest,9,ucf_manual_class_prompts_10x_v2.json,ucf_manual_class_prompts_10x_v2,10,6,0.4308602690696716,0.6590492725372314,0.939299464225769,0.902271032333374,0.03461843729019165,RoadAccidents,0.6244308352470398,a handcuffed suspect standing between multiple police officers,arrest a handcuffed suspect standing between multiple police officers
2,Arrest,10,ucf_manual_class_prompts_5x_v3.json,ucf_manual_class_prompts_5x_v3,5,2,0.4308602690696716,0.6590492725372314,0.939299464225769,0.902271032333374,0.03461843729019165,RoadAccidents,0.6244308352470398,a handcuffed suspect standing between multiple police officers,arrest a handcuffed suspect standing between multiple police officers
2,Arrest,11,ucf_manual_class_prompts_5x_v4.json,ucf_manual_class_prompts_5x_v4,5,2,0.4308602690696716,0.6590492725372314,0.939299464225769,0.902271032333374,0.03461843729019165,RoadAccidents,0.6244308352470398,a handcuffed suspect standing between multiple police officers,arrest a handcuffed suspect standing between multiple police officers
2,Arrest,12,ucf_manual_class_prompts_5x_v5.json,ucf_manual_class_prompts_5x_v5,5,0,0.4303330957889556,0.6665974855422974,0.9313296675682068,0.9118227362632751,0.03779113292694092,RoadAccidents,0.6288063526153564,police arresting and restraining a suspect with handcuffs,arrest police arresting and restraining a suspect with handcuffs
2,Arrest,13,ucf_manual_class_prompts_10x_v2.json,ucf_manual_class_prompts_10x_v2,10,8,0.4274356007575989,0.654738187789917,0.9322172403335571,0.8979933261871338,0.02726578712463379,RoadAccidents,0.6274724006652832,a patrol team moving a suspect into police custody,arrest a patrol team moving a suspect into police custody
2,Arrest,14,ucf_manual_class_prompts_10x.json,ucf_manual_class_prompts_10x,10,0,0.4225480020046233,0.6649146676063538,0.909347414970398,0.9135677814483643,0.01026993989944458,Shoplifting,0.6546447277069092,a surveillance frame of police restraining a suspect,arrest a surveillance frame of police restraining a suspect
2,Arrest,15,ucf_manual_class_prompts_10x_v2.json,ucf_manual_class_prompts_10x_v2,10,5,0.4182586550712586,0.6360445618629456,0.9163493514060974,0.8733421564102173,0.02043813467025757,RoadAccidents,0.615606427192688,uniformed officers searching a suspect beside a patrol car,arrest uniformed officers searching a suspect beside a patrol car
2,Arrest,16,ucf_manual_class_prompts_10x_v2.json,ucf_manual_class_prompts_10x_v2,10,2,0.41741562485694883,0.6332175135612488,0.9160765409469604,0.8700804710388184,0.02158457040786743,RoadAccidents,0.6116329431533813,law enforcement surrounding a suspect beside a police vehicle,arrest law enforcement surrounding a suspect beside a police vehicle
2,Arrest,17,ucf_manual_class_prompts_10x.json,ucf_manual_class_prompts_10x,10,9,0.4144358575344086,0.6277558207511902,0.9167766571044922,0.8723752498626709,0.03832840919494629,Shoplifting,0.5894274115562439,officers immobilizing a suspect using coordinated restraint,arrest officers immobilizing a suspect using coordinated restraint
2,Arrest,18,ucf_manual_class_prompts_5x_v5.json,ucf_manual_class_prompts_5x_v5,5,4,0.4143978714942932,0.6221542358398438,0.9248858690261841,0.8707250356674194,-0.009230732917785645,RoadAccidents,0.6313849687576294,police officers surrounding and controlling a detained person,arrest police officers surrounding and controlling a detained person
2,Arrest,19,ucf_manual_class_prompts_10x_v2.json,ucf_manual_class_prompts_10x_v2,10,4,0.41228553652763367,0.6214409470558167,0.922897219657898,0.8765205144882202,0.010750651359558105,RoadAccidents,0.6106902956962585,police guiding a restrained person during formal detention,arrest police guiding a restrained person during formal detention
2,Arrest,20,ucf_manual_class_prompts_10x_v2.json,ucf_manual_class_prompts_10x_v2,10,7,0.4121115744113921,0.6225174069404602,0.911297082901001,0.8626812696456909,0.01645416021347046,RoadAccidents,0.6060632467269897,officers controlling a detainee during a roadside arrest,arrest officers controlling a detainee during a roadside arrest
2,Arrest,21,ucf_manual_class_prompts_10x_v2.json,ucf_manual_class_prompts_10x_v2,10,0,0.4106366455554963,0.6106826663017273,0.9328947067260742,0.8728654980659485,0.025490939617156982,Shoplifting,0.5851917266845703,uniformed police placing handcuffs on a detained suspect,arrest uniformed police placing handcuffs on a detained suspect
2,Arrest,22,ucf_manual_class_prompts_5x_v3.json,ucf_manual_class_prompts_5x_v3,5,0,0.4106366455554963,0.6106826663017273,0.9328947067260742,0.8728654980659485,0.025490939617156982,Shoplifting,0.5851917266845703,uniformed police placing handcuffs on a detained suspect,arrest uniformed police placing handcuffs on a detained suspect
2,Arrest,23,ucf_manual_class_prompts_5x_v4.json,ucf_manual_class_prompts_5x_v4,5,0,0.4106366455554963,0.6106826663017273,0.9328947067260742,0.8728654980659485,0.025490939617156982,Shoplifting,0.5851917266845703,uniformed police placing handcuffs on a detained suspect,arrest uniformed police placing handcuffs on a detained suspect
2,Arrest,24,ucf_manual_class_prompts_10x.json,ucf_manual_class_prompts_10x,10,1,0.40794318318367007,0.6049220561981201,0.9255236983299255,0.8608747720718384,0.039454638957977295,RoadAccidents,0.5654674172401428,officers handcuffing a detained person with controlled posture,arrest officers handcuffing a detained person with controlled posture
2,Arrest,25,ucf_manual_class_prompts_10x.json,ucf_manual_class_prompts_10x,10,2,0.4078361868858337,0.6083077192306519,0.9245386123657227,0.8683962821960449,-0.009245634078979492,RoadAccidents,0.6175533533096313,police surrounding a suspect and directing surrender,arrest police surrounding a suspect and directing surrender
2,Arrest,26,ucf_manual_class_prompts_10x.json,ucf_manual_class_prompts_10x,10,7,0.4058469235897064,0.6373136043548584,0.8990643620491028,0.9126459360122681,-0.01998347043991089,Shoplifting,0.6572970747947693,police pulling a suspect's arms behind their back,arrest police pulling a suspect's arms behind their back
2,Arrest,27,ucf_manual_class_prompts_5x_v3.json,ucf_manual_class_prompts_5x_v3,5,3,0.4054359912872314,0.6249987483024597,0.8883551955223083,0.8678497076034546,0.007450520992279053,Shoplifting,0.6175482273101807,law enforcement securing a suspect during formal custody,arrest law enforcement securing a suspect during formal custody
2,Arrest,28,ucf_manual_class_prompts_5x_v4.json,ucf_manual_class_prompts_5x_v4,5,3,0.4054359912872314,0.6249987483024597,0.8883551955223083,0.8678497076034546,0.007450520992279053,Shoplifting,0.6175482273101807,law enforcement securing a suspect during formal custody,arrest law enforcement securing a suspect during formal custody
2,Arrest,29,ucf_manual_class_prompts_5x_v3.json,ucf_manual_class_prompts_5x_v3,5,4,0.4025564908981323,0.5951660871505737,0.9179468154907227,0.8520529866218567,0.0259246826171875,RoadAccidents,0.5692414045333862,a detained person kneeling while officers apply restraints,arrest a detained person kneeling while officers apply restraints
2,Arrest,30,ucf_manual_class_prompts_5x_v4.json,ucf_manual_class_prompts_5x_v4,5,4,0.4025564908981323,0.5951660871505737,0.9179468154907227,0.8520529866218567,0.0259246826171875,RoadAccidents,0.5692414045333862,a detained person kneeling while officers apply restraints,arrest a detained person kneeling while officers apply restraints
2,Arrest,31,ucf_manual_class_prompts_10x.json,ucf_manual_class_prompts_10x,10,5,0.39902753233909605,0.5941212177276611,0.9232166409492493,0.8749903440475464,0.014589548110961914,Shoplifting,0.5795316696166992,officers searching a suspect after applying physical restraint,arrest officers searching a suspect after applying physical restraint
2,Arrest,32,ucf_manual_class_prompts_10x_v2.json,ucf_manual_class_prompts_10x_v2,10,3,0.3965633869171141,0.580603837966919,0.9159736633300781,0.8426531553268433,0.0361400842666626,Shoplifting,0.5444637537002563,a detained suspect kneeling while officers secure handcuffs,arrest a detained suspect kneeling while officers secure handcuffs
2,Arrest,33,ucf_manual_class_prompts_10x.json,ucf_manual_class_prompts_10x,10,6,0.3867562413215636,0.5872191190719604,0.896386981010437,0.878847062587738,-0.01789933443069458,RoadAccidents,0.605118453502655,a patrol team blocking a suspect from escaping,arrest a patrol team blocking a suspect from escaping
2,Arrest,34,ucf_manual_class_prompts_10x.json,ucf_manual_class_prompts_10x,10,8,0.3759873867034911,0.557195782661438,0.8959286212921143,0.8569454550743103,-0.03599429130554199,RoadAccidents,0.59319007396698,a detained person being guided beside police officers,arrest a detained person being guided beside police officers
2,Arrest,35,ucf_manual_class_prompts_10x_v2.json,ucf_manual_class_prompts_10x_v2,10,9,0.37082949876785276,0.5574622750282288,0.8878104090690613,0.8712238073348999,-0.010533392429351807,Shoplifting,0.5679956674575806,law enforcement securing wrists of a compliant detained person,arrest law enforcement securing wrists of a compliant detained person
3,Arson,1,ucf_manual_class_prompts_10x.json,ucf_manual_class_prompts_10x,10,7,0.40982269644737246,0.6777284145355225,0.8180728554725647,0.872316837310791,-0.05851006507873535,Shoplifting,0.7362384796142578,"fire spreading around an entrance, window, or vehicle","arson fire spreading around an entrance, window, or vehicle"
3,Arson,2,ucf_manual_class_prompts_5x_v3.json,ucf_manual_class_prompts_5x_v3,5,0,0.40087242722511285,0.6312021017074585,0.8851321339607239,0.9013413190841675,-0.10568851232528687,Shoplifting,0.7368906140327454,a person lighting flammable material before flames spread,arson a person lighting flammable material before flames spread
3,Arson,3,ucf_manual_class_prompts_10x.json,ucf_manual_class_prompts_10x,10,2,0.4007852613925934,0.6715850830078125,0.8081681132316589,0.8872885704040527,-0.050606369972229004,RoadAccidents,0.7221914529800415,a small fire spreading across a vehicle or building surface,arson a small fire spreading across a vehicle or building surface
3,Arson,4,ucf_manual_class_prompts_10x_v2.json,ucf_manual_class_prompts_10x_v2,10,5,0.3978929996490478,0.6346359848976135,0.845187246799469,0.864905834197998,-0.05173987150192261,Shoplifting,0.6863758563995361,a person crouching near combustible material before flames appear,arson a person crouching near combustible material before flames appear
3,Arson,5,ucf_manual_class_prompts_10x_v2.json,ucf_manual_class_prompts_10x_v2,10,7,0.3934714138507842,0.6460222005844116,0.8419817090034485,0.9106709957122803,-0.08428847789764404,Shoplifting,0.7303106784820557,a suspicious person leaving as a small fire spreads,arson a suspicious person leaving as a small fire spreads
3,Arson,6,ucf_manual_class_prompts_10x.json,ucf_manual_class_prompts_10x,10,5,0.3933004677295685,0.675258457660675,0.7654445171356201,0.8698105812072754,-0.07966107130050659,RoadAccidents,0.7549195289611816,smoke and flames rising from unattended damaged property,arson smoke and flames rising from unattended damaged property
3,Arson,7,ucf_manual_class_prompts_5x_v5.json,ucf_manual_class_prompts_5x_v5,5,0,0.3909429788589477,0.6168794631958008,0.8915613889694214,0.9248258471488953,-0.1464417576789856,Shoplifting,0.7633212208747864,a person intentionally setting fire to a building or object,arson a person intentionally setting fire to a building or object
3,Arson,8,ucf_manual_class_prompts_10x.json,ucf_manual_class_prompts_10x,10,4,0.3909063398838043,0.6112300157546997,0.88986736536026,0.9083443880081177,-0.12031054496765137,Shoplifting,0.7315405607223511,a person fleeing as a deliberately started fire grows,arson a person fleeing as a deliberately started fire grows
3,Arson,9,ucf_manual_class_prompts_10x.json,ucf_manual_class_prompts_10x,10,9,0.38996142745018003,0.6163439750671387,0.8738701939582825,0.9018580913543701,-0.09590780735015869,Shoplifting,0.7122517824172974,a property surface burning after a suspicious human action,arson a property surface burning after a suspicious human action
3,Arson,10,ucf_manual_class_prompts_10x_v2.json,ucf_manual_class_prompts_10x_v2,10,6,0.38549565076827996,0.6013186573982239,0.8908786177635193,0.9121363162994385,-0.138749361038208,Shoplifting,0.7400680184364319,a slow fire growing after someone lights an object,arson a slow fire growing after someone lights an object
3,Arson,11,ucf_manual_class_prompts_10x_v2.json,ucf_manual_class_prompts_10x_v2,10,3,0.38480907678604115,0.5933704376220703,0.8878456354141235,0.8911491632461548,-0.1312788724899292,Shoplifting,0.7246493101119995,a person pouring accelerant before fire begins growing,arson a person pouring accelerant before fire begins growing
3,Arson,12,ucf_manual_class_prompts_10x.json,ucf_manual_class_prompts_10x,10,3,0.38074550032615656,0.6044337749481201,0.8523094058036804,0.8858210444450378,-0.08240234851837158,Shoplifting,0.6868361234664917,bright flames emerging after someone approaches a combustible target,arson bright flames emerging after someone approaches a combustible target
3,Arson,13,ucf_manual_class_prompts_5x_v3.json,ucf_manual_class_prompts_5x_v3,5,2,0.38000692725181584,0.5909746885299683,0.8712834715843201,0.8843272924423218,-0.11682403087615967,Shoplifting,0.7077987194061279,a lighter touching a surface before ignition begins,arson a lighter touching a surface before ignition begins
3,Arson,14,ucf_manual_class_prompts_10x_v2.json,ucf_manual_class_prompts_10x_v2,10,1,0.37782422900199897,0.5887628793716431,0.8665979504585266,0.8826829791069031,-0.09734320640563965,Shoplifting,0.6861060857772827,a suspicious individual using a lighter on a flammable surface,arson a suspicious individual using a lighter on a flammable surface
3,Arson,15,ucf_manual_class_prompts_5x_v5.json,ucf_manual_class_prompts_5x_v5,5,4,0.3777108669281005,0.6584532260894775,0.7694711685180664,0.9117854833602905,-0.04874759912490845,Explosion,0.707200825214386,a scene showing a person involved in setting property on fire,arson a scene showing a person involved in setting property on fire
3,Arson,16,ucf_manual_class_prompts_10x_v2.json,ucf_manual_class_prompts_10x_v2,10,0,0.3777105450630188,0.5863567590713501,0.888587236404419,0.9102200269699097,-0.14849430322647095,Shoplifting,0.734851062297821,a person deliberately igniting material near a property entrance,arson a person deliberately igniting material near a property entrance
3,Arson,17,ucf_manual_class_prompts_5x_v5.json,ucf_manual_class_prompts_5x_v5,5,2,0.376410698890686,0.583817720413208,0.878734827041626,0.8955930471420288,-0.12484526634216309,Shoplifting,0.7086629867553711,a deliberate fire being created on someone's property,arson a deliberate fire being created on someone's property
3,Arson,18,ucf_manual_class_prompts_10x.json,ucf_manual_class_prompts_10x,10,8,0.3760571897029876,0.5772027969360352,0.8873715996742249,0.8937784433364868,-0.131117582321167,Shoplifting,0.7083203792572021,a person handling a lighter before a sudden flame outbreak,arson a person handling a lighter before a sudden flame outbreak
3,Arson,19,ucf_manual_class_prompts_5x_v4.json,ucf_manual_class_prompts_5x_v4,5,2,0.37218433022499087,0.5755765438079834,0.8705064654350281,0.8837794065475464,-0.12838000059127808,Shoplifting,0.7039565443992615,a lighter touching a surface before ignition starts,arson a lighter touching a surface before ignition starts
3,Arson,20,ucf_manual_class_prompts_10x.json,ucf_manual_class_prompts_10x,10,1,0.3708118498325348,0.5996083617210388,0.8124743700027466,0.863673210144043,-0.07622843980789185,Shoplifting,0.6758368015289307,a suspicious person pouring liquid before visible flames appear,arson a suspicious person pouring liquid before visible flames appear
3,Arson,21,ucf_manual_class_prompts_5x_v5.json,ucf_manual_class_prompts_5x_v5,5,3,0.3699572563171386,0.5648007392883301,0.9036164283752441,0.917640209197998,-0.16119766235351562,Shoplifting,0.7259984016418457,a person causing flames on an object or structure,arson a person causing flames on an object or structure
3,Arson,22,ucf_manual_class_prompts_5x_v3.json,ucf_manual_class_prompts_5x_v3,5,1,0.3695907652378082,0.5625441074371338,0.8901229500770569,0.8935908675193787,-0.1488848328590393,Shoplifting,0.7114289402961731,a person pouring accelerant before visible fire grows,arson a person pouring accelerant before visible fire grows
3,Arson,23,ucf_manual_class_prompts_10x_v2.json,ucf_manual_class_prompts_10x_v2,10,4,0.36416188478469846,0.5590325593948364,0.885380744934082,0.9048430919647217,-0.1509389877319336,Shoplifting,0.70997154712677,deliberate fire starting near property without an explosive blast,arson deliberate fire starting near property without an explosive blast
3,Arson,24,ucf_manual_class_prompts_10x.json,ucf_manual_class_prompts_10x,10,0,0.3635555446147919,0.5466870069503784,0.9002134203910828,0.8992599248886108,-0.16386502981185913,Shoplifting,0.7105520367622375,a person igniting flammable material near property,arson a person igniting flammable material near property
3,Arson,25,ucf_manual_class_prompts_5x_v4.json,ucf_manual_class_prompts_5x_v4,5,4,0.35277259349823,0.54133141040802,0.893295407295227,0.9294086694717407,-0.1590261459350586,Shoplifting,0.7003575563430786,a person retreating as planted fire begins spreading,arson a person retreating as planted fire begins spreading
3,Arson,26,ucf_manual_class_prompts_10x_v2.json,ucf_manual_class_prompts_10x_v2,10,2,0.33504828810691833,0.5210130214691162,0.8627055287361145,0.9213494062423706,-0.1345059871673584,Shoplifting,0.6555190086364746,a small flame spreading gradually after human ignition,arson a small flame spreading gradually after human ignition
3,Arson,27,ucf_manual_class_prompts_5x_v3.json,ucf_manual_class_prompts_5x_v3,5,4,0.3313248097896576,0.5093374848365784,0.8801577091217041,0.9369562268257141,-0.17406612634658813,Shoplifting,0.6834036111831665,a person retreating as planted fire starts spreading,arson a person retreating as planted fire starts spreading
3,Arson,28,ucf_manual_class_prompts_10x.json,ucf_manual_class_prompts_10x,10,6,0.32598150372505186,0.5026560425758362,0.8211045265197754,0.8583893775939941,-0.17300766706466675,Shoplifting,0.6756637096405029,a surveillance frame showing deliberate ignition near a structure,arson a surveillance frame showing deliberate ignition near a structure
3,Arson,29,ucf_manual_class_prompts_10x_v2.json,ucf_manual_class_prompts_10x_v2,10,8,0.30659710764884945,0.4612032175064087,0.8617252707481384,0.9126104116439819,-0.1764887571334839,Shoplifting,0.6376919746398926,visible accelerant or lighter use before property begins burning,arson visible accelerant or lighter use before property begins burning
3,Arson,30,ucf_manual_class_prompts_10x_v2.json,ucf_manual_class_prompts_10x_v2,10,9,0.3063151717185974,0.4669874310493469,0.8706473708152771,0.9418637752532959,-0.20243579149246216,Shoplifting,0.6694232225418091,human ignition causing flames to spread across property,arson human ignition causing flames to spread across property
3,Arson,31,ucf_manual_class_prompts_5x_v5.json,ucf_manual_class_prompts_5x_v5,5,1,0.30021959543228144,0.45567286014556885,0.8402942419052124,0.8985255360603333,-0.16411030292510986,Robbery,0.6197831630706787,a person starting a fire using a lighter or flammable material,arson a person starting a fire using a lighter or flammable material
3,Arson,32,ucf_manual_class_prompts_5x_v3.json,ucf_manual_class_prompts_5x_v3,5,3,0.25483767390251155,0.3914315104484558,0.8089981079101562,0.9178875684738159,-0.20347434282302856,Shoplifting,0.5949058532714844,small flames expanding after deliberate human ignition,arson small flames expanding after deliberate human ignition
3,Arson,33,ucf_manual_class_prompts_5x_v4.json,ucf_manual_class_prompts_5x_v4,5,3,0.25483767390251155,0.3914315104484558,0.8089981079101562,0.9178875684738159,-0.20347434282302856,Shoplifting,0.5949058532714844,small flames expanding after deliberate human ignition,arson small flames expanding after deliberate human ignition
3,Arson,34,ucf_manual_class_prompts_5x_v4.json,ucf_manual_class_prompts_5x_v4,5,0,0.20445207953453062,0.3186238408088684,0.770297646522522,0.9297456741333008,-0.24393421411514282,Robbery,0.5625580549240112,a person lighting material before flames spread,arson a person lighting material before flames spread
3,Arson,35,ucf_manual_class_prompts_5x_v4.json,ucf_manual_class_prompts_5x_v4,5,1,0.20322211980819704,0.3211844563484192,0.7528604865074158,0.9161412715911865,-0.2375144362449646,Robbery,0.5586988925933838,a person pouring accelerant before fire grows,arson a person pouring accelerant before fire grows
4,Assault,1,ucf_manual_class_prompts_10x.json,ucf_manual_class_prompts_10x,10,1,0.4238747000694274,0.6910439133644104,0.8631312251091003,0.9029331207275391,-0.03030872344970703,Arrest,0.7213526368141174,an attacker lunging toward a victim with a forceful strike,assault an attacker lunging toward a victim with a forceful strike
4,Assault,2,ucf_manual_class_prompts_10x_v2.json,ucf_manual_class_prompts_10x_v2,10,0,0.4238747000694274,0.6910439133644104,0.8631312251091003,0.9029331207275391,-0.03030872344970703,Arrest,0.7213526368141174,an attacker lunging toward a victim with a forceful strike,assault an attacker lunging toward a victim with a forceful strike
4,Assault,3,ucf_manual_class_prompts_10x_v2.json,ucf_manual_class_prompts_10x_v2,10,5,0.41092590689659114,0.6605991125106812,0.8793191313743591,0.9158469438552856,-0.0835983157157898,RoadAccidents,0.744197428226471,an attacker kicking a fallen victim on the ground,assault an attacker kicking a fallen victim on the ground
4,Assault,4,ucf_manual_class_prompts_5x_v5.json,ucf_manual_class_prompts_5x_v5,5,1,0.4103811979293823,0.6671169400215149,0.8674481511116028,0.9170585870742798,-0.08717930316925049,Arrest,0.7542962431907654,one person violently striking another person during an assault,assault one person violently striking another person during an assault
4,Assault,5,ucf_manual_class_prompts_5x_v3.json,ucf_manual_class_prompts_5x_v3,5,3,0.4092246890068054,0.668865442276001,0.8839908838272095,0.9520264863967896,-0.05360954999923706,Shoplifting,0.722474992275238,a victim stumbling backward after a sudden hit,assault a victim stumbling backward after a sudden hit
4,Assault,6,ucf_manual_class_prompts_5x_v4.json,ucf_manual_class_prompts_5x_v4,5,3,0.4092246890068054,0.668865442276001,0.8839908838272095,0.9520264863967896,-0.05360954999923706,Shoplifting,0.722474992275238,a victim stumbling backward after a sudden hit,assault a victim stumbling backward after a sudden hit
4,Assault,7,ucf_manual_class_prompts_5x_v5.json,ucf_manual_class_prompts_5x_v5,5,4,0.40482603311538695,0.6755616664886475,0.8468669652938843,0.9350744485855103,-0.07749921083450317,Arrest,0.7530608773231506,a victim being physically assaulted by a single attacker,assault a victim being physically assaulted by a single attacker
4,Assault,8,ucf_manual_class_prompts_10x.json,ucf_manual_class_prompts_10x,10,8,0.40459429621696474,0.6606234908103943,0.8180117607116699,0.855604887008667,-0.03678661584854126,Arrest,0.6974101066589355,an aggressor pursuing a target while continuing to strike,assault an aggressor pursuing a target while continuing to strike
4,Assault,9,ucf_manual_class_prompts_10x_v2.json,ucf_manual_class_prompts_10x_v2,10,7,0.40459429621696474,0.6606234908103943,0.8180117607116699,0.855604887008667,-0.03678661584854126,Arrest,0.6974101066589355,an aggressor pursuing a target while continuing to strike,assault an aggressor pursuing a target while continuing to strike
4,Assault,10,ucf_manual_class_prompts_10x.json,ucf_manual_class_prompts_10x,10,4,0.4014432430267334,0.651110053062439,0.8952090740203857,0.963372528553009,-0.053849220275878906,Shoplifting,0.7049592733383179,a victim stumbling backward after a direct body hit,assault a victim stumbling backward after a direct body hit
4,Assault,11,ucf_manual_class_prompts_10x_v2.json,ucf_manual_class_prompts_10x_v2,10,6,0.4014432430267334,0.651110053062439,0.8952090740203857,0.963372528553009,-0.053849220275878906,Shoplifting,0.7049592733383179,a victim stumbling backward after a direct body hit,assault a victim stumbling backward after a direct body hit
4,Assault,12,ucf_manual_class_prompts_10x.json,ucf_manual_class_prompts_10x,10,6,0.40065201520919796,0.6540404558181763,0.8631176948547363,0.9265176057815552,-0.06109189987182617,Shoplifting,0.7151323556900024,a person shoving an opponent hard enough to lose balance,assault a person shoving an opponent hard enough to lose balance
4,Assault,13,ucf_manual_class_prompts_10x_v2.json,ucf_manual_class_prompts_10x_v2,10,8,0.40065201520919796,0.6540404558181763,0.8631176948547363,0.9265176057815552,-0.06109189987182617,Shoplifting,0.7151323556900024,a person shoving an opponent hard enough to lose balance,assault a person shoving an opponent hard enough to lose balance
4,Assault,14,ucf_manual_class_prompts_5x_v5.json,ucf_manual_class_prompts_5x_v5,5,2,0.39234145879745486,0.644660472869873,0.8550707101821899,0.9325499534606934,-0.08191418647766113,Shoplifting,0.7265746593475342,a person hitting or kicking someone in a one-sided physical attack,assault a person hitting or kicking someone in a one-sided physical attack
4,Assault,15,ucf_manual_class_prompts_5x_v3.json,ucf_manual_class_prompts_5x_v3,5,4,0.3922682166099547,0.6318347454071045,0.8692221641540527,0.9220790266990662,-0.08536684513092041,Shoplifting,0.7172015905380249,an attacker chasing one target while striking repeatedly,assault an attacker chasing one target while striking repeatedly
4,Assault,16,ucf_manual_class_prompts_5x_v4.json,ucf_manual_class_prompts_5x_v4,5,4,0.3922682166099547,0.6318347454071045,0.8692221641540527,0.9220790266990662,-0.08536684513092041,Shoplifting,0.7172015905380249,an attacker chasing one target while striking repeatedly,assault an attacker chasing one target while striking repeatedly
4,Assault,17,ucf_manual_class_prompts_10x.json,ucf_manual_class_prompts_10x,10,2,0.39050578474998476,0.6467567682266235,0.8263047337532043,0.9038200974464417,-0.11754381656646729,RoadAccidents,0.7643005847930908,two people colliding violently during a street confrontation,assault two people colliding violently during a street confrontation
4,Assault,18,ucf_manual_class_prompts_10x.json,ucf_manual_class_prompts_10x,10,9,0.39043314456939693,0.6365486979484558,0.8458730578422546,0.9080156087875366,-0.05220383405685425,Arrest,0.6887525320053101,a victim shielding their face during a rapid attack,assault a victim shielding their face during a rapid attack
4,Assault,19,ucf_manual_class_prompts_10x_v2.json,ucf_manual_class_prompts_10x_v2,10,2,0.39043314456939693,0.6365486979484558,0.8458730578422546,0.9080156087875366,-0.05220383405685425,Arrest,0.6887525320053101,a victim shielding their face during a rapid attack,assault a victim shielding their face during a rapid attack
4,Assault,20,ucf_manual_class_prompts_5x_v5.json,ucf_manual_class_prompts_5x_v5,5,0,0.38038794994354247,0.608457624912262,0.878269374370575,0.9366083741188049,-0.09594041109085083,Shoplifting,0.7043980360031128,a person physically attacking another person with punches or kicks,assault a person physically attacking another person with punches or kicks
4,Assault,21,ucf_manual_class_prompts_5x_v3.json,ucf_manual_class_prompts_5x_v3,5,2,0.3791244387626648,0.6122236251831055,0.8662225008010864,0.9342706203460693,-0.11425435543060303,Shoplifting,0.7264779806137085,an aggressor kicking a fallen victim on pavement,assault an aggressor kicking a fallen victim on pavement
4,Assault,22,ucf_manual_class_prompts_5x_v4.json,ucf_manual_class_prompts_5x_v4,5,2,0.3791244387626648,0.6122236251831055,0.8662225008010864,0.9342706203460693,-0.11425435543060303,Shoplifting,0.7264779806137085,an aggressor kicking a fallen victim on pavement,assault an aggressor kicking a fallen victim on pavement
4,Assault,23,ucf_manual_class_prompts_10x_v2.json,ucf_manual_class_prompts_10x_v2,10,9,0.3781844556331634,0.6053574085235596,0.8666358590126038,0.9224250316619873,-0.11685484647750854,Shoplifting,0.7222122550010681,a victim recoiling from repeated close range hits,assault a victim recoiling from repeated close range hits
4,Assault,24,ucf_manual_class_prompts_10x_v2.json,ucf_manual_class_prompts_10x_v2,10,4,0.377456521987915,0.6236879229545593,0.8217501044273376,0.9045623540878296,-0.07133126258850098,RoadAccidents,0.6950191855430603,a person punching a victim during a one-sided confrontation,assault a person punching a victim during a one-sided confrontation
4,Assault,25,ucf_manual_class_prompts_5x_v5.json,ucf_manual_class_prompts_5x_v5,5,3,0.3752541601657868,0.5953718423843384,0.8759916424751282,0.9261462688446045,-0.10352307558059692,Shoplifting,0.6988949179649353,a person attacking another individual in a public place,assault a person attacking another individual in a public place
4,Assault,26,ucf_manual_class_prompts_10x.json,ucf_manual_class_prompts_10x,10,0,0.37384045124053955,0.6016709804534912,0.8688719272613525,0.9382830858230591,-0.14420419931411743,Shoplifting,0.7458751797676086,a person punching another person in a close confrontation,assault a person punching another person in a close confrontation
4,Assault,27,ucf_manual_class_prompts_10x.json,ucf_manual_class_prompts_10x,10,3,0.3701206922531128,0.593198299407959,0.8638638257980347,0.9281880259513855,-0.06498110294342041,Shoplifting,0.6581794023513794,an aggressor kicking a fallen victim on the ground,assault an aggressor kicking a fallen victim on the ground
4,Assault,28,ucf_manual_class_prompts_10x.json,ucf_manual_class_prompts_10x,10,7,0.36972104310989384,0.6136770248413086,0.804601788520813,0.892490029335022,-0.04807800054550171,Fighting,0.6617550253868103,"a close range attack with punches, kicks, and defense","assault a close range attack with punches, kicks, and defense"
4,Assault,29,ucf_manual_class_prompts_10x_v2.json,ucf_manual_class_prompts_10x_v2,10,1,0.36972104310989384,0.6136770248413086,0.804601788520813,0.892490029335022,-0.04807800054550171,Fighting,0.6617550253868103,"a close range attack with punches, kicks, and defense","assault a close range attack with punches, kicks, and defense"
4,Assault,30,ucf_manual_class_prompts_5x_v3.json,ucf_manual_class_prompts_5x_v3,5,0,0.3605037689208984,0.578599750995636,0.8367841839790344,0.8991568088531494,-0.13464432954788208,Shoplifting,0.7132440805435181,a single attacker lunging with a direct strike,assault a single attacker lunging with a direct strike
4,Assault,31,ucf_manual_class_prompts_5x_v4.json,ucf_manual_class_prompts_5x_v4,5,0,0.3605037689208984,0.578599750995636,0.8367841839790344,0.8991568088531494,-0.13464432954788208,Shoplifting,0.7132440805435181,a single attacker lunging with a direct strike,assault a single attacker lunging with a direct strike
4,Assault,32,ucf_manual_class_prompts_5x_v3.json,ucf_manual_class_prompts_5x_v3,5,1,0.3587721288204193,0.5798887014389038,0.8327671885490417,0.9050118923187256,-0.06232619285583496,Shoplifting,0.6422148942947388,a one-sided attack with punches and defensive movement,assault a one-sided attack with punches and defensive movement
4,Assault,33,ucf_manual_class_prompts_5x_v4.json,ucf_manual_class_prompts_5x_v4,5,1,0.35877211093902583,0.5798887014389038,0.832767128944397,0.9050118923187256,-0.06232619285583496,Shoplifting,0.6422148942947388,a one-sided attack with punches and defensive movement,assault a one-sided attack with punches and defensive movement
4,Assault,34,ucf_manual_class_prompts_10x.json,ucf_manual_class_prompts_10x,10,5,0.3260953307151794,0.5316414833068848,0.8331742286682129,0.948388397693634,-0.17763948440551758,Shoplifting,0.7092809677124023,an attacker swinging arms repeatedly at another person,assault an attacker swinging arms repeatedly at another person
4,Assault,35,ucf_manual_class_prompts_10x_v2.json,ucf_manual_class_prompts_10x_v2,10,3,0.2540106892585754,0.4432310461997986,0.7475665211677551,0.959373950958252,-0.19749432802200317,Shoplifting,0.6407253742218018,an aggressor swinging arms repeatedly at another person,assault an aggressor swinging arms repeatedly at another person
5,Burglary,1,ucf_manual_class_prompts_5x_v3.json,ucf_manual_class_prompts_5x_v3,5,0,0.4257059395313263,0.6843243837356567,0.8828447461128235,0.9065483808517456,-0.062232136726379395,Shoplifting,0.7465565204620361,an intruder forcing entry through a locked doorway,burglary an intruder forcing entry through a locked doorway
5,Burglary,2,ucf_manual_class_prompts_5x_v4.json,ucf_manual_class_prompts_5x_v4,5,0,0.4241356134414672,0.6818233728408813,0.8785377740859985,0.9016870260238647,-0.0595703125,Shoplifting,0.7413936853408813,an intruder manipulating a lock at a doorway,burglary an intruder manipulating a lock at a doorway
5,Burglary,3,ucf_manual_class_prompts_10x.json,ucf_manual_class_prompts_10x,10,0,0.4038277089595794,0.6286925077438354,0.8899340033531189,0.8874937295913696,-0.06279510259628296,Shoplifting,0.6914876103401184,a surveillance frame of an intruder forcing a doorway,burglary a surveillance frame of an intruder forcing a doorway
5,Burglary,4,ucf_manual_class_prompts_10x_v2.json,ucf_manual_class_prompts_10x_v2,10,0,0.4038277089595794,0.6286925077438354,0.8899340033531189,0.8874937295913696,-0.06279510259628296,Shoplifting,0.6914876103401184,a surveillance frame of an intruder forcing a doorway,burglary a surveillance frame of an intruder forcing a doorway
5,Burglary,5,ucf_manual_class_prompts_10x_v2.json,ucf_manual_class_prompts_10x_v2,10,4,0.4028257727622986,0.6404973268508911,0.8807358741760254,0.908218264579773,-0.07568752765655518,Shoplifting,0.7161848545074463,an intruder exiting through a damaged entry point,burglary an intruder exiting through a damaged entry point
5,Burglary,6,ucf_manual_class_prompts_5x_v3.json,ucf_manual_class_prompts_5x_v3,5,3,0.3934994578361511,0.6068828105926514,0.8790363073348999,0.8682641983032227,-0.10122442245483398,Shoplifting,0.7081072330474854,a person climbing through a window into private space,burglary a person climbing through a window into private space
5,Burglary,7,ucf_manual_class_prompts_5x_v4.json,ucf_manual_class_prompts_5x_v4,5,3,0.3934994578361511,0.6068828105926514,0.8790363073348999,0.8682641983032227,-0.10122442245483398,Shoplifting,0.7081072330474854,a person climbing through a window into private space,burglary a person climbing through a window into private space
5,Burglary,8,ucf_manual_class_prompts_5x_v4.json,ucf_manual_class_prompts_5x_v4,5,4,0.3894680142402649,0.605618953704834,0.8970228433609009,0.9122415781021118,-0.09587240219116211,Shoplifting,0.7014913558959961,an intruder searching inside rooms after unauthorized entry,burglary an intruder searching inside rooms after unauthorized entry
5,Burglary,9,ucf_manual_class_prompts_10x.json,ucf_manual_class_prompts_10x,10,1,0.3886249482631684,0.5999064445495605,0.8830500245094299,0.8812164068222046,-0.05489981174468994,Shoplifting,0.6548062562942505,a person prying a lock to enter a restricted room,burglary a person prying a lock to enter a restricted room
5,Burglary,10,ucf_manual_class_prompts_10x_v2.json,ucf_manual_class_prompts_10x_v2,10,1,0.3886249482631684,0.5999064445495605,0.8830500245094299,0.8812164068222046,-0.05489981174468994,Shoplifting,0.6548062562942505,a person prying a lock to enter a restricted room,burglary a person prying a lock to enter a restricted room
5,Burglary,11,ucf_manual_class_prompts_10x.json,ucf_manual_class_prompts_10x,10,7,0.38719535470008837,0.6005626320838928,0.8843122720718384,0.8918982148170471,-0.09924560785293579,Shoplifting,0.6998082399368286,a burglar moving quietly through a room collecting valuables,burglary a burglar moving quietly through a room collecting valuables
5,Burglary,12,ucf_manual_class_prompts_10x_v2.json,ucf_manual_class_prompts_10x_v2,10,7,0.38719535470008837,0.6005626320838928,0.8843122720718384,0.8918982148170471,-0.09924560785293579,Shoplifting,0.6998082399368286,a burglar moving quietly through a room collecting valuables,burglary a burglar moving quietly through a room collecting valuables
5,Burglary,13,ucf_manual_class_prompts_10x.json,ucf_manual_class_prompts_10x,10,5,0.3861253142356872,0.5871344804763794,0.8917229175567627,0.8747940063476562,-0.09219497442245483,Shoplifting,0.6793294548988342,a person climbing through a window into closed property,burglary a person climbing through a window into closed property
5,Burglary,14,ucf_manual_class_prompts_10x_v2.json,ucf_manual_class_prompts_10x_v2,10,5,0.3861253142356872,0.5871344804763794,0.8917229175567627,0.8747940063476562,-0.09219497442245483,Shoplifting,0.6793294548988342,a person climbing through a window into closed property,burglary a person climbing through a window into closed property
5,Burglary,15,ucf_manual_class_prompts_10x.json,ucf_manual_class_prompts_10x,10,2,0.3854427218437194,0.6067717671394348,0.8807714581489563,0.9108729958534241,-0.08896583318710327,Arrest,0.6957376003265381,a masked intruder breaking a barrier into private property,burglary a masked intruder breaking a barrier into private property
5,Burglary,16,ucf_manual_class_prompts_10x_v2.json,ucf_manual_class_prompts_10x_v2,10,2,0.3854427218437194,0.6067717671394348,0.8807714581489563,0.9108729958534241,-0.08896583318710327,Arrest,0.6957376003265381,a masked intruder breaking a barrier into private property,burglary a masked intruder breaking a barrier into private property
5,Burglary,17,ucf_manual_class_prompts_10x_v2.json,ucf_manual_class_prompts_10x_v2,10,6,0.38452289700508113,0.591962993144989,0.9105587005615234,0.9231310486793518,-0.11382442712783813,Shoplifting,0.7057874202728271,a suspicious person slipping inside after a doorway opens,burglary a suspicious person slipping inside after a doorway opens
5,Burglary,18,ucf_manual_class_prompts_10x.json,ucf_manual_class_prompts_10x,10,6,0.38452287912368766,0.591962993144989,0.9105586409568787,0.9231310486793518,-0.11382442712783813,Shoplifting,0.7057874202728271,a suspicious person slipping inside after a doorway opens,burglary a suspicious person slipping inside after a doorway opens
5,Burglary,19,ucf_manual_class_prompts_5x_v4.json,ucf_manual_class_prompts_5x_v4,5,2,0.38383097648620595,0.5919690132141113,0.8858321905136108,0.8895159363746643,-0.11974120140075684,Shoplifting,0.7117102146148682,a masked intruder entering a closed building interior,burglary a masked intruder entering a closed building interior
5,Burglary,20,ucf_manual_class_prompts_5x_v5.json,ucf_manual_class_prompts_5x_v5,5,1,0.3834483981132507,0.5933321714401245,0.8961427211761475,0.9103025197982788,-0.062300264835357666,Arrest,0.6556324362754822,a burglar breaking into a house or restricted building,burglary a burglar breaking into a house or restricted building
5,Burglary,21,ucf_manual_class_prompts_5x_v3.json,ucf_manual_class_prompts_5x_v3,5,4,0.3818401336669922,0.5890582799911499,0.8948818445205688,0.9057677984237671,-0.05843991041183472,Shoplifting,0.6474981904029846,an intruder entering rooms after damaging an entry point,burglary an intruder entering rooms after damaging an entry point
5,Burglary,22,ucf_manual_class_prompts_10x.json,ucf_manual_class_prompts_10x,10,9,0.3814446508884429,0.5916087627410889,0.8815451264381409,0.8941163420677185,-0.1146773099899292,Shoplifting,0.7062860727310181,an intruder exiting a building with bags or electronics,burglary an intruder exiting a building with bags or electronics
5,Burglary,23,ucf_manual_class_prompts_10x_v2.json,ucf_manual_class_prompts_10x_v2,10,9,0.3814446508884429,0.5916087627410889,0.8815451264381409,0.8941163420677185,-0.1146773099899292,Shoplifting,0.7062860727310181,an intruder exiting a building with bags or electronics,burglary an intruder exiting a building with bags or electronics
5,Burglary,24,ucf_manual_class_prompts_5x_v5.json,ucf_manual_class_prompts_5x_v5,5,3,0.38037959933280935,0.6102342009544373,0.87070631980896,0.9297469854354858,-0.11500120162963867,Arrest,0.7252354025840759,an intruder searching inside a building after unauthorized entry,burglary an intruder searching inside a building after unauthorized entry
5,Burglary,25,ucf_manual_class_prompts_10x.json,ucf_manual_class_prompts_10x,10,8,0.38017324209213255,0.5859737992286682,0.894897997379303,0.9064152836799622,-0.08393436670303345,Shoplifting,0.6699081659317017,a person damaging a lock to access an interior space,burglary a person damaging a lock to access an interior space
5,Burglary,26,ucf_manual_class_prompts_10x_v2.json,ucf_manual_class_prompts_10x_v2,10,8,0.38017324209213255,0.5859737992286682,0.894897997379303,0.9064152836799622,-0.08393436670303345,Shoplifting,0.6699081659317017,a person damaging a lock to access an interior space,burglary a person damaging a lock to access an interior space
5,Burglary,27,ucf_manual_class_prompts_5x_v3.json,ucf_manual_class_prompts_5x_v3,5,2,0.376163876056671,0.5874434113502502,0.8874382376670837,0.9189465045928955,-0.1299763321876526,Shoplifting,0.7174197435379028,a masked intruder breaking into a closed building,burglary a masked intruder breaking into a closed building
5,Burglary,28,ucf_manual_class_prompts_5x_v3.json,ucf_manual_class_prompts_5x_v3,5,1,0.3678975641727447,0.5693402886390686,0.8717854022979736,0.8915410041809082,-0.08435481786727905,Shoplifting,0.6536951065063477,a person prying a lock before entering property,burglary a person prying a lock before entering property
5,Burglary,29,ucf_manual_class_prompts_5x_v5.json,ucf_manual_class_prompts_5x_v5,5,2,0.3632301211357116,0.5690274238586426,0.8761205673217773,0.9205988049507141,-0.08213341236114502,Shoplifting,0.6511608362197876,a person forcing entry into a closed building,burglary a person forcing entry into a closed building
5,Burglary,30,ucf_manual_class_prompts_10x.json,ucf_manual_class_prompts_10x,10,4,0.35680031180381777,0.5556752681732178,0.8725590109825134,0.9140251278877258,-0.102059006690979,Shoplifting,0.6577342748641968,an intruder carrying stolen items from a damaged entrance,burglary an intruder carrying stolen items from a damaged entrance
5,Burglary,31,ucf_manual_class_prompts_5x_v5.json,ucf_manual_class_prompts_5x_v5,5,0,0.353326964378357,0.5505450963973999,0.8691564798355103,0.9134626388549805,-0.10404336452484131,Shoplifting,0.6545884609222412,a person illegally entering a building to steal property,burglary a person illegally entering a building to steal property
5,Burglary,32,ucf_manual_class_prompts_5x_v4.json,ucf_manual_class_prompts_5x_v4,5,1,0.35038914680480954,0.5968090295791626,0.7954163551330566,0.9332013726234436,-0.08706456422805786,Shoplifting,0.6838735938072205,a person prying open access to a restricted room,burglary a person prying open access to a restricted room
5,Burglary,33,ucf_manual_class_prompts_5x_v5.json,ucf_manual_class_prompts_5x_v5,5,4,0.3419704735279083,0.5484827756881714,0.8452052474021912,0.9291624426841736,-0.09586524963378906,Shoplifting,0.6443480253219604,a person entering private property without permission,burglary a person entering private property without permission
5,Burglary,34,ucf_manual_class_prompts_10x.json,ucf_manual_class_prompts_10x,10,3,0.33342587351799013,0.5247872471809387,0.8113193511962891,0.8618177771568298,-0.13036680221557617,Arrest,0.6551540493965149,a suspect searching drawers and shelves after unauthorized entry,burglary a suspect searching drawers and shelves after unauthorized entry
5,Burglary,35,ucf_manual_class_prompts_10x_v2.json,ucf_manual_class_prompts_10x_v2,10,3,0.33342587351799013,0.5247872471809387,0.8113193511962891,0.8618177771568298,-0.13036680221557617,Arrest,0.6551540493965149,a suspect searching drawers and shelves after unauthorized entry,burglary a suspect searching drawers and shelves after unauthorized entry
6,Explosion,1,ucf_manual_class_prompts_10x_v2.json,ucf_manual_class_prompts_10x_v2,10,8,0.4786290287971495,0.7855120897293091,0.8497439622879028,0.8452510237693787,0.047022223472595215,Fighting,0.7384898662567139,"a rapid blast creating flash, shockwave, and airborne debris","explosion a rapid blast creating flash, shockwave, and airborne debris"
6,Explosion,2,ucf_manual_class_prompts_10x_v2.json,ucf_manual_class_prompts_10x_v2,10,2,0.4746450126171111,0.773323655128479,0.8697183728218079,0.8646616339683533,0.04578292369842529,RoadAccidents,0.7275407314300537,a bright flash followed by rapid explosive pressure burst,explosion a bright flash followed by rapid explosive pressure burst
6,Explosion,3,ucf_manual_class_prompts_10x.json,ucf_manual_class_prompts_10x,10,2,0.4676102757453918,0.7668823003768921,0.8530642986297607,0.8587508201599121,0.03920835256576538,RoadAccidents,0.7276739478111267,a bright flash followed by an expanding smoke cloud,explosion a bright flash followed by an expanding smoke cloud
6,Explosion,4,ucf_manual_class_prompts_10x_v2.json,ucf_manual_class_prompts_10x_v2,10,3,0.4641406893730162,0.7567381858825684,0.8587383031845093,0.859249472618103,0.051136136054992676,Fighting,0.7056020498275757,an object erupting violently with an outward debris cloud,explosion an object erupting violently with an outward debris cloud
6,Explosion,5,ucf_manual_class_prompts_10x_v2.json,ucf_manual_class_prompts_10x_v2,10,6,0.45858597159385683,0.7511212825775146,0.8901328444480896,0.920072615146637,0.0022150278091430664,Shoplifting,0.7489062547683716,a violent pressure burst scattering debris in every direction,explosion a violent pressure burst scattering debris in every direction
6,Explosion,6,ucf_manual_class_prompts_10x.json,ucf_manual_class_prompts_10x,10,7,0.4579262137413025,0.7550817728042603,0.8238698244094849,0.8338780999183655,0.06595861911773682,RoadAccidents,0.6891231536865234,a blast plume rising as fragments scatter on the road,explosion a blast plume rising as fragments scatter on the road
6,Explosion,7,ucf_manual_class_prompts_5x_v5.json,ucf_manual_class_prompts_5x_v5,5,4,0.4550703763961792,0.7432286739349365,0.8656153678894043,0.8811428546905518,-0.0048416852951049805,RoadAccidents,0.7480703592300415,a violent explosion producing scattered debris and destruction,explosion a violent explosion producing scattered debris and destruction
6,Explosion,8,ucf_manual_class_prompts_10x.json,ucf_manual_class_prompts_10x,10,1,0.4530167996883393,0.7330310344696045,0.8649457097053528,0.8649121522903442,0.011287808418273926,Shoplifting,0.7217432260513306,a vehicle or structure bursting violently with scattered fragments,explosion a vehicle or structure bursting violently with scattered fragments
6,Explosion,9,ucf_manual_class_prompts_10x.json,ucf_manual_class_prompts_10x,10,0,0.45266964435577384,0.7506732940673828,0.8474926948547363,0.8845740556716919,0.04471850395202637,RoadAccidents,0.7059547901153564,"a sudden blast creating a fireball, smoke, and debris","explosion a sudden blast creating a fireball, smoke, and debris"
6,Explosion,10,ucf_manual_class_prompts_5x_v5.json,ucf_manual_class_prompts_5x_v5,5,2,0.44423295259475704,0.7465580105781555,0.7974123358726501,0.8413487672805786,0.025416910648345947,RoadAccidents,0.7211410999298096,an explosive event with a large fireball and smoke cloud,explosion an explosive event with a large fireball and smoke cloud
6,Explosion,11,ucf_manual_class_prompts_10x_v2.json,ucf_manual_class_prompts_10x_v2,10,7,0.44162862896919247,0.7015548348426819,0.8892853260040283,0.8796719312667847,0.03937762975692749,Shoplifting,0.6621772050857544,a sudden explosive plume rising from a detonation point,explosion a sudden explosive plume rising from a detonation point
6,Explosion,12,ucf_manual_class_prompts_5x_v3.json,ucf_manual_class_prompts_5x_v3,5,1,0.4359630584716796,0.6959554553031921,0.8877175450325012,0.8916496634483337,-0.01259547472000122,Shoplifting,0.7085509300231934,a shockwave pushing fragments outward within seconds,explosion a shockwave pushing fragments outward within seconds
6,Explosion,13,ucf_manual_class_prompts_10x.json,ucf_manual_class_prompts_10x,10,8,0.43547729253768924,0.7009423971176147,0.8739010095596313,0.8858210444450378,0.020456671714782715,RoadAccidents,0.680485725402832,a sudden light burst with heavy smoke and debris,explosion a sudden light burst with heavy smoke and debris
6,Explosion,14,ucf_manual_class_prompts_10x_v2.json,ucf_manual_class_prompts_10x_v2,10,0,0.43378261327743534,0.6929425001144409,0.8942744731903076,0.9048548936843872,0.004185318946838379,Shoplifting,0.6887571811676025,an instant blast wave with fireball and flying fragments,explosion an instant blast wave with fireball and flying fragments
6,Explosion,15,ucf_manual_class_prompts_5x_v5.json,ucf_manual_class_prompts_5x_v5,5,0,0.4335206806659698,0.7256584763526917,0.8434951305389404,0.9117854833602905,0.025348126888275146,RoadAccidents,0.7003103494644165,"a sudden explosion causing fire, smoke, and flying debris","explosion a sudden explosion causing fire, smoke, and flying debris"
6,Explosion,16,ucf_manual_class_prompts_10x.json,ucf_manual_class_prompts_10x,10,5,0.43238570094108586,0.7229464054107666,0.7851465344429016,0.8231573104858398,0.05740845203399658,Fighting,0.66553795337677,a shockwave shaking the scene while smoke engulfs objects,explosion a shockwave shaking the scene while smoke engulfs objects
6,Explosion,17,ucf_manual_class_prompts_10x.json,ucf_manual_class_prompts_10x,10,3,0.4267128050327301,0.6923953294754028,0.8692780137062073,0.9013413190841675,-0.05084967613220215,Shoplifting,0.743245005607605,an explosive impact throwing debris across a street,explosion an explosive impact throwing debris across a street
6,Explosion,18,ucf_manual_class_prompts_10x_v2.json,ucf_manual_class_prompts_10x_v2,10,5,0.4190287113189697,0.6728432178497314,0.86463463306427,0.883916437625885,0.0027042627334594727,Shoplifting,0.670138955116272,a shockwave pushing smoke and fragments away from impact,explosion a shockwave pushing smoke and fragments away from impact
6,Explosion,19,ucf_manual_class_prompts_10x.json,ucf_manual_class_prompts_10x,10,9,0.4153068542480468,0.6858987212181091,0.8483056426048279,0.9106709957122803,-0.022809922695159912,Shoplifting,0.708708643913269,a violent detonation damaging a vehicle or nearby building,explosion a violent detonation damaging a vehicle or nearby building
6,Explosion,20,ucf_manual_class_prompts_5x_v4.json,ucf_manual_class_prompts_5x_v4,5,1,0.41387777328491215,0.682284414768219,0.854978621006012,0.9187901020050049,-0.07191342115402222,Shoplifting,0.7541978359222412,a sudden shock front spreading from one point,explosion a sudden shock front spreading from one point
6,Explosion,21,ucf_manual_class_prompts_5x_v4.json,ucf_manual_class_prompts_5x_v4,5,0,0.41093014478683476,0.6580309867858887,0.8693591356277466,0.894465446472168,-0.05948030948638916,Shoplifting,0.7175112962722778,a blast center expanding into a radial debris cloud,explosion a blast center expanding into a radial debris cloud
6,Explosion,22,ucf_manual_class_prompts_5x_v3.json,ucf_manual_class_prompts_5x_v3,5,4,0.40992808341979975,0.6372036933898926,0.8892693519592285,0.8772728443145752,-0.02172619104385376,Shoplifting,0.6589298844337463,a sudden pressure wave following a visible detonation,explosion a sudden pressure wave following a visible detonation
6,Explosion,23,ucf_manual_class_prompts_10x_v2.json,ucf_manual_class_prompts_10x_v2,10,1,0.40377057790756216,0.6337577104568481,0.8761297464370728,0.8797360062599182,-0.01749730110168457,Shoplifting,0.6512550115585327,a sudden detonation producing shockwave and expanding smoke plume,explosion a sudden detonation producing shockwave and expanding smoke plume
6,Explosion,24,ucf_manual_class_prompts_5x_v5.json,ucf_manual_class_prompts_5x_v5,5,1,0.40253505706787107,0.6429682374000549,0.8819299340248108,0.917640209197998,-0.06915932893753052,Shoplifting,0.7121275663375854,a powerful blast destroying an object or structure,explosion a powerful blast destroying an object or structure
6,Explosion,25,ucf_manual_class_prompts_5x_v4.json,ucf_manual_class_prompts_5x_v4,5,2,0.3967470407485961,0.6444108486175537,0.859596848487854,0.9166871905326843,-0.04926389455795288,Shoplifting,0.6936747431755066,an object rupturing outward in a single instant,explosion an object rupturing outward in a single instant
6,Explosion,26,ucf_manual_class_prompts_5x_v4.json,ucf_manual_class_prompts_5x_v4,5,4,0.3906240463256836,0.6285794973373413,0.8686805963516235,0.9213494062423706,-0.053527653217315674,Shoplifting,0.682107150554657,a pressure blast expanding faster than surrounding motion,explosion a pressure blast expanding faster than surrounding motion
6,Explosion,27,ucf_manual_class_prompts_10x.json,ucf_manual_class_prompts_10x,10,6,0.38794025778770436,0.6154244542121887,0.850070595741272,0.8739657402038574,-0.02429109811782837,Shoplifting,0.6397155523300171,an object detonating and damaging the surrounding area,explosion an object detonating and damaging the surrounding area
6,Explosion,28,ucf_manual_class_prompts_5x_v5.json,ucf_manual_class_prompts_5x_v5,5,3,0.38758475780487056,0.6387977600097656,0.7997527122497559,0.8586996793746948,-0.01293092966079712,RoadAccidents,0.6517286896705627,a scene showing damage caused by an explosive blast,explosion a scene showing damage caused by an explosive blast
6,Explosion,29,ucf_manual_class_prompts_5x_v3.json,ucf_manual_class_prompts_5x_v3,5,2,0.3854952096939086,0.6032403111457825,0.874087393283844,0.8917558193206787,-0.055748701095581055,Shoplifting,0.6589890122413635,a structure bursting apart from explosive force,explosion a structure bursting apart from explosive force
6,Explosion,30,ucf_manual_class_prompts_5x_v4.json,ucf_manual_class_prompts_5x_v4,5,3,0.36269105076789854,0.5830605030059814,0.8443812727928162,0.9107679128646851,-0.0906287431716919,Shoplifting,0.6736892461776733,a compact detonation producing outward airborne fragments,explosion a compact detonation producing outward airborne fragments
6,Explosion,31,ucf_manual_class_prompts_5x_v3.json,ucf_manual_class_prompts_5x_v3,5,3,0.35453787446022034,0.5710811614990234,0.8512855172157288,0.93194180727005,-0.10667133331298828,Shoplifting,0.6777524948120117,a concentrated blast throwing debris radially outward,explosion a concentrated blast throwing debris radially outward
6,Explosion,32,ucf_manual_class_prompts_5x_v3.json,ucf_manual_class_prompts_5x_v3,5,0,0.34708261489868153,0.567112386226654,0.8396639227867126,0.9418637752532959,-0.10561639070510864,Shoplifting,0.6727287769317627,an instant detonation expanding from a blast center,explosion an instant detonation expanding from a blast center
6,Explosion,33,ucf_manual_class_prompts_10x_v2.json,ucf_manual_class_prompts_10x_v2,10,4,0.34139839410781847,0.5290418863296509,0.8414607048034668,0.8778038024902344,-0.06468284130096436,Shoplifting,0.5937247276306152,a large fireball appearing immediately after explosive detonation,explosion a large fireball appearing immediately after explosive detonation
6,Explosion,34,ucf_manual_class_prompts_10x_v2.json,ucf_manual_class_prompts_10x_v2,10,9,0.3359289526939392,0.5400164127349854,0.8212801218032837,0.9023164510726929,-0.10160624980926514,Shoplifting,0.6416226625442505,a concentrated detonation expanding outward within seconds,explosion a concentrated detonation expanding outward within seconds
6,Explosion,35,ucf_manual_class_prompts_10x.json,ucf_manual_class_prompts_10x,10,4,0.32002665400505065,0.5172083973884583,0.8103018999099731,0.908340573310852,-0.09588295221328735,Shoplifting,0.6130913496017456,a large fireball expanding after an abrupt detonation,explosion a large fireball expanding after an abrupt detonation
7,Fighting,1,ucf_manual_class_prompts_10x_v2.json,ucf_manual_class_prompts_10x_v2,10,4,0.4044918298721314,0.6664935350418091,0.8500871658325195,0.9189054369926453,-0.08207821846008301,Shoplifting,0.7485717535018921,a crowd circling two sides fighting each other,fighting a crowd circling two sides fighting each other
7,Fighting,2,ucf_manual_class_prompts_10x_v2.json,ucf_manual_class_prompts_10x_v2,10,6,0.3965611279010772,0.6619782447814941,0.8173362612724304,0.8981443643569946,-0.037903666496276855,Shoplifting,0.699881911277771,two sides clashing back and forth in public space,fighting two sides clashing back and forth in public space
7,Fighting,3,ucf_manual_class_prompts_10x_v2.json,ucf_manual_class_prompts_10x_v2,10,0,0.39174345731735216,0.6364907026290894,0.8585374355316162,0.9203156232833862,-0.05639362335205078,Shoplifting,0.6928843259811401,two groups mutually exchanging punches in a crowded brawl,fighting two groups mutually exchanging punches in a crowded brawl
7,Fighting,4,ucf_manual_class_prompts_10x.json,ucf_manual_class_prompts_10x,10,4,0.39055594205856325,0.6294999122619629,0.8605650663375854,0.9118176698684692,-0.06118178367614746,Shoplifting,0.6906816959381104,two groups clashing in a chaotic physical fight,fighting two groups clashing in a chaotic physical fight
7,Fighting,5,ucf_manual_class_prompts_5x_v5.json,ucf_manual_class_prompts_5x_v5,5,4,0.3895793139934539,0.6283952593803406,0.8601721525192261,0.9133498072624207,-0.09045201539993286,Shoplifting,0.7188472747802734,a public fight where both sides are physically attacking,fighting a public fight where both sides are physically attacking
7,Fighting,6,ucf_manual_class_prompts_5x_v5.json,ucf_manual_class_prompts_5x_v5,5,1,0.38253670930862427,0.6599942445755005,0.7968647480010986,0.9325991868972778,-0.035791993141174316,RoadAccidents,0.6957862377166748,a group of people involved in a violent fight or brawl,fighting a group of people involved in a violent fight or brawl
7,Fighting,7,ucf_manual_class_prompts_10x_v2.json,ucf_manual_class_prompts_10x_v2,10,7,0.38038658499717715,0.6316088438034058,0.8230919241905212,0.9117270708084106,-0.04996073246002197,Shoplifting,0.6815695762634277,multiple participants falling and rejoining a chaotic brawl,fighting multiple participants falling and rejoining a chaotic brawl
7,Fighting,8,ucf_manual_class_prompts_10x_v2.json,ucf_manual_class_prompts_10x_v2,10,3,0.37798310518264766,0.6043515205383301,0.86271071434021,0.9150293469429016,-0.10152006149291992,Shoplifting,0.70587158203125,multiple people wrestling and swinging arms at each other,fighting multiple people wrestling and swinging arms at each other
7,Fighting,9,ucf_manual_class_prompts_5x_v3.json,ucf_manual_class_prompts_5x_v3,5,1,0.3721999824047088,0.6094191074371338,0.8261775374412537,0.9018141627311707,-0.05314207077026367,Shoplifting,0.6625611782073975,multiple participants striking each other during mutual combat,fighting multiple participants striking each other during mutual combat
7,Fighting,10,ucf_manual_class_prompts_5x_v4.json,ucf_manual_class_prompts_5x_v4,5,1,0.3721999824047088,0.6094191074371338,0.8261775374412537,0.9018141627311707,-0.05314207077026367,Shoplifting,0.6625611782073975,multiple participants striking each other during mutual combat,fighting multiple participants striking each other during mutual combat
7,Fighting,11,ucf_manual_class_prompts_10x.json,ucf_manual_class_prompts_10x,10,9,0.3715562880039215,0.6239671111106873,0.7865649461746216,0.881983757019043,0.013546288013458252,Explosion,0.610420823097229,"a brawl with repeated grappling, striking, and falling","fighting a brawl with repeated grappling, striking, and falling"
7,Fighting,12,ucf_manual_class_prompts_10x_v2.json,ucf_manual_class_prompts_10x_v2,10,9,0.3709602534770965,0.6090314388275146,0.8141563534736633,0.8890118598937988,-0.05410194396972656,RoadAccidents,0.6631333827972412,a mutual street fight with several active combatants,fighting a mutual street fight with several active combatants
7,Fighting,13,ucf_manual_class_prompts_10x.json,ucf_manual_class_prompts_10x,10,1,0.36489683389663696,0.6178860664367676,0.7691878080368042,0.8740127086639404,-0.02112877368927002,RoadAccidents,0.6390148401260376,"several people grappling, pushing, and swinging arms","fighting several people grappling, pushing, and swinging arms"
7,Fighting,14,ucf_manual_class_prompts_5x_v3.json,ucf_manual_class_prompts_5x_v3,5,0,0.3625347316265105,0.5719276070594788,0.8685301542282104,0.9199405908584595,-0.11331576108932495,Shoplifting,0.6852433681488037,two groups mutually exchanging punches in a brawl,fighting two groups mutually exchanging punches in a brawl
7,Fighting,15,ucf_manual_class_prompts_5x_v4.json,ucf_manual_class_prompts_5x_v4,5,0,0.3625347316265105,0.5719276070594788,0.8685301542282104,0.9199405908584595,-0.11331576108932495,Shoplifting,0.6852433681488037,two groups mutually exchanging punches in a brawl,fighting two groups mutually exchanging punches in a brawl
7,Fighting,16,ucf_manual_class_prompts_10x.json,ucf_manual_class_prompts_10x,10,5,0.36171413660049445,0.6026002168655396,0.7594618797302246,0.8371226787567139,-0.05119907855987549,RoadAccidents,0.653799295425415,fighters grabbing clothing while others join the conflict,fighting fighters grabbing clothing while others join the conflict
7,Fighting,17,ucf_manual_class_prompts_10x.json,ucf_manual_class_prompts_10x,10,0,0.35775253772735593,0.5674442052841187,0.8650078773498535,0.9273596405982971,-0.10700303316116333,Shoplifting,0.674447238445282,a group of people exchanging punches and kicks,fighting a group of people exchanging punches and kicks
7,Fighting,18,ucf_manual_class_prompts_10x_v2.json,ucf_manual_class_prompts_10x_v2,10,5,0.35369493365287785,0.6192182898521423,0.7419459819793701,0.892490029335022,0.008119642734527588,Explosion,0.6110986471176147,"several combatants pushing, grappling, and striking simultaneously","fighting several combatants pushing, grappling, and striking simultaneously"
7,Fighting,19,ucf_manual_class_prompts_10x_v2.json,ucf_manual_class_prompts_10x_v2,10,1,0.35236784219741824,0.6077666282653809,0.7491772174835205,0.8813431859016418,-0.024973750114440918,RoadAccidents,0.6327403783798218,several participants striking each other during mutual combat,fighting several participants striking each other during mutual combat
7,Fighting,20,ucf_manual_class_prompts_5x_v3.json,ucf_manual_class_prompts_5x_v3,5,3,0.35003137588500977,0.5620598793029785,0.8013482093811035,0.8570151329040527,-0.03822791576385498,Shoplifting,0.6002877950668335,several combatants grappling and swinging simultaneously,fighting several combatants grappling and swinging simultaneously
7,Fighting,21,ucf_manual_class_prompts_5x_v4.json,ucf_manual_class_prompts_5x_v4,5,3,0.35003137588500977,0.5620598793029785,0.8013482093811035,0.8570151329040527,-0.03822791576385498,Shoplifting,0.6002877950668335,several combatants grappling and swinging simultaneously,fighting several combatants grappling and swinging simultaneously
7,Fighting,22,ucf_manual_class_prompts_10x.json,ucf_manual_class_prompts_10x,10,6,0.34790674448013303,0.5755569338798523,0.7739469408988953,0.8602790236473083,-0.03494781255722046,Shoplifting,0.6105047464370728,a crowd surrounding combatants in an escalating brawl,fighting a crowd surrounding combatants in an escalating brawl
7,Fighting,23,ucf_manual_class_prompts_5x_v5.json,ucf_manual_class_prompts_5x_v5,5,0,0.3394385457038879,0.545608639717102,0.8536543846130371,0.9473104476928711,-0.13959860801696777,Shoplifting,0.6852072477340698,two or more people physically fighting each other,fighting two or more people physically fighting each other
7,Fighting,24,ucf_manual_class_prompts_10x.json,ucf_manual_class_prompts_10x,10,2,0.3336253523826599,0.5147526264190674,0.8725160360336304,0.9275288581848145,-0.1200554370880127,Shoplifting,0.6348080635070801,two opponents separating and reengaging in a brawl,fighting two opponents separating and reengaging in a brawl
7,Fighting,25,ucf_manual_class_prompts_10x.json,ucf_manual_class_prompts_10x,10,3,0.3246394276618958,0.5058503746986389,0.8562631011009216,0.925823450088501,-0.1513432264328003,Shoplifting,0.6571936011314392,multiple individuals shoving and wrestling in public,fighting multiple individuals shoving and wrestling in public
7,Fighting,26,ucf_manual_class_prompts_5x_v3.json,ucf_manual_class_prompts_5x_v3,5,2,0.32321230173110965,0.5029358863830566,0.8605066537857056,0.9320381879806519,-0.1400970220565796,Shoplifting,0.6430329084396362,opponents separating and reengaging in group fighting,fighting opponents separating and reengaging in group fighting
7,Fighting,27,ucf_manual_class_prompts_5x_v4.json,ucf_manual_class_prompts_5x_v4,5,2,0.32321230173110965,0.5029358863830566,0.8605066537857056,0.9320381879806519,-0.1400970220565796,Shoplifting,0.6430329084396362,opponents separating and reengaging in group fighting,fighting opponents separating and reengaging in group fighting
7,Fighting,28,ucf_manual_class_prompts_10x_v2.json,ucf_manual_class_prompts_10x_v2,10,2,0.30302227735519405,0.4724169373512268,0.8454636931419373,0.9341264963150024,-0.11779290437698364,Robbery,0.5902098417282104,opponents separating and reengaging repeatedly in a group fight,fighting opponents separating and reengaging repeatedly in a group fight
7,Fighting,29,ucf_manual_class_prompts_10x_v2.json,ucf_manual_class_prompts_10x_v2,10,8,0.2949836820363998,0.4835459887981415,0.8116531372070312,0.9514262676239014,-0.16630831360816956,Shoplifting,0.649854302406311,people on both sides trading blows in close quarters,fighting people on both sides trading blows in close quarters
7,Fighting,30,ucf_manual_class_prompts_5x_v3.json,ucf_manual_class_prompts_5x_v3,5,4,0.280045148730278,0.46538928151130676,0.7811381220817566,0.9349546432495117,-0.16615870594978333,Shoplifting,0.6315479874610901,two sides clashing back and forth in public,fighting two sides clashing back and forth in public
7,Fighting,31,ucf_manual_class_prompts_5x_v4.json,ucf_manual_class_prompts_5x_v4,5,4,0.280045148730278,0.46538928151130676,0.7811381220817566,0.9349546432495117,-0.16615870594978333,Shoplifting,0.6315479874610901,two sides clashing back and forth in public,fighting two sides clashing back and forth in public
7,Fighting,32,ucf_manual_class_prompts_10x.json,ucf_manual_class_prompts_10x,10,7,0.24340909123420712,0.41118359565734863,0.7551211714744568,0.943595290184021,-0.19002807140350342,Robbery,0.601211667060852,people trading blows while moving unpredictably through space,fighting people trading blows while moving unpredictably through space
7,Fighting,33,ucf_manual_class_prompts_5x_v5.json,ucf_manual_class_prompts_5x_v5,5,2,0.1648994594812393,0.2853775918483734,0.6969818472862244,0.9344194531440735,-0.23631349205970764,Robbery,0.521691083908081,multiple people punching and attacking each other,fighting multiple people punching and attacking each other
7,Fighting,34,ucf_manual_class_prompts_10x.json,ucf_manual_class_prompts_10x,10,8,0.1636501908302307,0.2778194546699524,0.692440927028656,0.9149590730667114,-0.21163049340248108,Normal,0.48944994807243347,a mutual fight continuing despite attempts to separate,fighting a mutual fight continuing despite attempts to separate
7,Fighting,35,ucf_manual_class_prompts_5x_v5.json,ucf_manual_class_prompts_5x_v5,5,3,0.08732524812221523,0.18931439518928528,0.6116018891334534,0.9540625810623169,-0.34634867310523987,Normal,0.5356630682945251,people engaging in mutual physical combat,fighting people engaging in mutual physical combat
8,RoadAccidents,1,ucf_manual_class_prompts_5x_v5.json,ucf_manual_class_prompts_5x_v5,5,3,0.5000118732452392,0.7885752320289612,0.9305055737495422,0.86713707447052,0.06832140684127808,Arrest,0.7202538251876831,vehicles colliding and creating a traffic accident scene,roadAccidents vehicles colliding and creating a traffic accident scene
8,RoadAccidents,2,ucf_manual_class_prompts_5x_v4.json,ucf_manual_class_prompts_5x_v4,5,0,0.4930165827274322,0.7869685888290405,0.9154055714607239,0.8754469156265259,0.06078755855560303,Arrest,0.7261810302734375,vehicles colliding at an intersection on the roadway,roadAccidents vehicles colliding at an intersection on the roadway
8,RoadAccidents,3,ucf_manual_class_prompts_10x.json,ucf_manual_class_prompts_10x,10,8,0.49024248123168945,0.7841109037399292,0.9241236448287964,0.8952503204345703,0.0792989730834961,Arrest,0.7048119306564331,a car hitting an obstacle with sudden debris,roadAccidents a car hitting an obstacle with sudden debris
8,RoadAccidents,4,ucf_manual_class_prompts_10x_v2.json,ucf_manual_class_prompts_10x_v2,10,8,0.4902424633502961,0.7841109037399292,0.9241235852241516,0.8952503204345703,0.0792989730834961,Arrest,0.7048119306564331,a car hitting an obstacle with sudden debris,roadAccidents a car hitting an obstacle with sudden debris
8,RoadAccidents,5,ucf_manual_class_prompts_5x_v4.json,ucf_manual_class_prompts_5x_v4,5,3,0.48993295431137085,0.7772843837738037,0.9347410202026367,0.8956577181816101,0.08767545223236084,Arrest,0.6896089315414429,vehicles swerving before colliding in traffic,roadAccidents vehicles swerving before colliding in traffic
8,RoadAccidents,6,ucf_manual_class_prompts_5x_v3.json,ucf_manual_class_prompts_5x_v3,5,3,0.4899329364299775,0.7772843837738037,0.9347409605979919,0.8956577181816101,0.08767545223236084,Arrest,0.6896089315414429,vehicles swerving before colliding in traffic,roadAccidents vehicles swerving before colliding in traffic
8,RoadAccidents,7,ucf_manual_class_prompts_5x_v5.json,ucf_manual_class_prompts_5x_v5,5,2,0.486898773908615,0.7572349905967712,0.9276738166809082,0.8501043319702148,0.06868964433670044,Arrest,0.6885453462600708,a car or motorcycle accident causing road damage,roadAccidents a car or motorcycle accident causing road damage
8,RoadAccidents,8,ucf_manual_class_prompts_5x_v4.json,ucf_manual_class_prompts_5x_v4,5,4,0.4843481481075286,0.7547000646591187,0.9182347655296326,0.842361569404602,0.06459009647369385,Arrest,0.6901099681854248,a crashed vehicle blocking lanes after roadway impact,roadAccidents a crashed vehicle blocking lanes after roadway impact
8,RoadAccidents,9,ucf_manual_class_prompts_10x.json,ucf_manual_class_prompts_10x,10,1,0.4836504817008972,0.7585337162017822,0.9280496835708618,0.8701564073562622,0.06209695339202881,Arrest,0.6964367628097534,a car striking a pedestrian or cyclist on the road,roadAccidents a car striking a pedestrian or cyclist on the road
8,RoadAccidents,10,ucf_manual_class_prompts_10x_v2.json,ucf_manual_class_prompts_10x_v2,10,1,0.4836504817008972,0.7585337162017822,0.9280496835708618,0.8701564073562622,0.06209695339202881,Arrest,0.6964367628097534,a car striking a pedestrian or cyclist on the road,roadAccidents a car striking a pedestrian or cyclist on the road
8,RoadAccidents,11,ucf_manual_class_prompts_10x.json,ucf_manual_class_prompts_10x,10,3,0.4827927350997925,0.7564781904220581,0.9318772554397583,0.8750476837158203,0.06460469961166382,Arrest,0.6918734908103943,vehicles swerving and colliding during a sudden accident,roadAccidents vehicles swerving and colliding during a sudden accident
8,RoadAccidents,12,ucf_manual_class_prompts_10x_v2.json,ucf_manual_class_prompts_10x_v2,10,3,0.4827927350997925,0.7564781904220581,0.9318772554397583,0.8750476837158203,0.06460469961166382,Arrest,0.6918734908103943,vehicles swerving and colliding during a sudden accident,roadAccidents vehicles swerving and colliding during a sudden accident
8,RoadAccidents,13,ucf_manual_class_prompts_5x_v3.json,ucf_manual_class_prompts_5x_v3,5,1,0.481546413898468,0.7609372138977051,0.9284749031066895,0.8873233199119568,0.08049499988555908,Arrest,0.680442214012146,a car striking a pedestrian or cyclist on road,roadAccidents a car striking a pedestrian or cyclist on road
8,RoadAccidents,14,ucf_manual_class_prompts_5x_v4.json,ucf_manual_class_prompts_5x_v4,5,1,0.481546413898468,0.7609372138977051,0.9284749031066895,0.8873233199119568,0.08049499988555908,Arrest,0.680442214012146,a car striking a pedestrian or cyclist on road,roadAccidents a car striking a pedestrian or cyclist on road
8,RoadAccidents,15,ucf_manual_class_prompts_10x.json,ucf_manual_class_prompts_10x,10,4,0.4800796270370483,0.7587323188781738,0.9236884117126465,0.8819652795791626,0.05111861228942871,Arrest,0.7076137065887451,a pedestrian knocked down by a vehicle near a crossing,roadAccidents a pedestrian knocked down by a vehicle near a crossing
8,RoadAccidents,16,ucf_manual_class_prompts_10x_v2.json,ucf_manual_class_prompts_10x_v2,10,4,0.4800796270370483,0.7587323188781738,0.9236884117126465,0.8819652795791626,0.05111861228942871,Arrest,0.7076137065887451,a pedestrian knocked down by a vehicle near a crossing,roadAccidents a pedestrian knocked down by a vehicle near a crossing
8,RoadAccidents,17,ucf_manual_class_prompts_10x.json,ucf_manual_class_prompts_10x,10,9,0.4795137166976928,0.7821611762046814,0.8854531645774841,0.8860141038894653,0.06118494272232056,Arrest,0.7209762334823608,a motorbike rider falling during an intersection collision,roadAccidents a motorbike rider falling during an intersection collision
8,RoadAccidents,18,ucf_manual_class_prompts_10x_v2.json,ucf_manual_class_prompts_10x_v2,10,9,0.4795137166976928,0.7821611762046814,0.8854531645774841,0.8860141038894653,0.06118494272232056,Arrest,0.7209762334823608,a motorbike rider falling during an intersection collision,roadAccidents a motorbike rider falling during an intersection collision
8,RoadAccidents,19,ucf_manual_class_prompts_10x.json,ucf_manual_class_prompts_10x,10,7,0.4781756281852722,0.7516568899154663,0.9315061569213867,0.8855233192443848,0.06318128108978271,Arrest,0.6884756088256836,a traffic accident with a vehicle spinning to a halt,roadAccidents a traffic accident with a vehicle spinning to a halt
8,RoadAccidents,20,ucf_manual_class_prompts_10x_v2.json,ucf_manual_class_prompts_10x_v2,10,7,0.4781756281852722,0.7516568899154663,0.9315061569213867,0.8855233192443848,0.06318128108978271,Arrest,0.6884756088256836,a traffic accident with a vehicle spinning to a halt,roadAccidents a traffic accident with a vehicle spinning to a halt
8,RoadAccidents,21,ucf_manual_class_prompts_5x_v3.json,ucf_manual_class_prompts_5x_v3,5,4,0.46910280585289,0.7318729758262634,0.9137232303619385,0.8547532558441162,0.07969200611114502,Arrest,0.6521809697151184,a crashed vehicle blocking lanes after impact,roadAccidents a crashed vehicle blocking lanes after impact
8,RoadAccidents,22,ucf_manual_class_prompts_10x.json,ucf_manual_class_prompts_10x,10,2,0.46337718367576597,0.7271491289138794,0.8940717577934265,0.8420945405960083,0.06913810968399048,Arrest,0.6580110192298889,a motorbike sliding across a lane after a crash,roadAccidents a motorbike sliding across a lane after a crash
8,RoadAccidents,23,ucf_manual_class_prompts_10x_v2.json,ucf_manual_class_prompts_10x_v2,10,2,0.46337718367576597,0.7271491289138794,0.8940717577934265,0.8420945405960083,0.06913810968399048,Arrest,0.6580110192298889,a motorbike sliding across a lane after a crash,roadAccidents a motorbike sliding across a lane after a crash
8,RoadAccidents,24,ucf_manual_class_prompts_10x.json,ucf_manual_class_prompts_10x,10,6,0.4630764245986939,0.7404054403305054,0.8949617147445679,0.878074049949646,0.07832086086273193,Arrest,0.6620845794677734,a rider thrown onto pavement after a high speed impact,roadAccidents a rider thrown onto pavement after a high speed impact
8,RoadAccidents,25,ucf_manual_class_prompts_10x_v2.json,ucf_manual_class_prompts_10x_v2,10,6,0.4630764245986939,0.7404054403305054,0.8949617147445679,0.878074049949646,0.07832086086273193,Arrest,0.6620845794677734,a rider thrown onto pavement after a high speed impact,roadAccidents a rider thrown onto pavement after a high speed impact
8,RoadAccidents,26,ucf_manual_class_prompts_5x_v3.json,ucf_manual_class_prompts_5x_v3,5,2,0.46077089905738833,0.7252856492996216,0.891292154788971,0.8462978601455688,0.08455729484558105,Arrest,0.6407283544540405,a motorbike sliding across a lane after collision,roadAccidents a motorbike sliding across a lane after collision
8,RoadAccidents,27,ucf_manual_class_prompts_5x_v4.json,ucf_manual_class_prompts_5x_v4,5,2,0.46077089905738833,0.7252856492996216,0.891292154788971,0.8462978601455688,0.08455729484558105,Arrest,0.6407283544540405,a motorbike sliding across a lane after collision,roadAccidents a motorbike sliding across a lane after collision
8,RoadAccidents,28,ucf_manual_class_prompts_5x_v5.json,ucf_manual_class_prompts_5x_v5,5,4,0.45789639353752126,0.7079131603240967,0.9067549109458923,0.8404332995414734,0.08931708335876465,Arrest,0.618596076965332,a roadway with crashed vehicles after an accident,roadAccidents a roadway with crashed vehicles after an accident
8,RoadAccidents,29,ucf_manual_class_prompts_5x_v5.json,ucf_manual_class_prompts_5x_v5,5,0,0.4514641284942626,0.7144719362258911,0.8750056028366089,0.8413676023483276,0.10935497283935547,Shoplifting,0.6051169633865356,vehicles involved in a traffic accident on a road,roadAccidents vehicles involved in a traffic accident on a road
8,RoadAccidents,30,ucf_manual_class_prompts_5x_v5.json,ucf_manual_class_prompts_5x_v5,5,1,0.45111020207405084,0.698724091053009,0.8964090347290039,0.8358727693557739,0.09247630834579468,Arrest,0.6062477827072144,a damaged vehicle after a collision or crash,roadAccidents a damaged vehicle after a collision or crash
8,RoadAccidents,31,ucf_manual_class_prompts_10x.json,ucf_manual_class_prompts_10x,10,0,0.44920606017112735,0.6922026872634888,0.8803684115409851,0.805029034614563,0.09052270650863647,Arrest,0.6016799807548523,"a vehicle collision causing impact, debris, and disruption","roadAccidents a vehicle collision causing impact, debris, and disruption"
8,RoadAccidents,32,ucf_manual_class_prompts_10x_v2.json,ucf_manual_class_prompts_10x_v2,10,0,0.44920606017112735,0.6922026872634888,0.8803684115409851,0.805029034614563,0.09052270650863647,Arrest,0.6016799807548523,"a vehicle collision causing impact, debris, and disruption","roadAccidents a vehicle collision causing impact, debris, and disruption"
8,RoadAccidents,33,ucf_manual_class_prompts_5x_v3.json,ucf_manual_class_prompts_5x_v3,5,0,0.44801060557365413,0.7010709047317505,0.8923110365867615,0.8510907888412476,0.10078591108322144,Arrest,0.600284993648529,a vehicle collision causing roadway impact and disruption,roadAccidents a vehicle collision causing roadway impact and disruption
8,RoadAccidents,34,ucf_manual_class_prompts_10x.json,ucf_manual_class_prompts_10x,10,5,0.44623354673385623,0.7050879001617432,0.8920971155166626,0.8696976900100708,0.10123473405838013,Arrest,0.603853166103363,a damaged vehicle stopped and blocking the roadway,roadAccidents a damaged vehicle stopped and blocking the roadway
8,RoadAccidents,35,ucf_manual_class_prompts_10x_v2.json,ucf_manual_class_prompts_10x_v2,10,5,0.44623354673385623,0.7050879001617432,0.8920971155166626,0.8696976900100708,0.10123473405838013,Arrest,0.603853166103363,a damaged vehicle stopped and blocking the roadway,roadAccidents a damaged vehicle stopped and blocking the roadway
9,Robbery,1,ucf_manual_class_prompts_5x_v3.json,ucf_manual_class_prompts_5x_v3,5,2,0.41181901693344114,0.6471642255783081,0.913263201713562,0.9287102818489075,-0.05166912078857422,Shoplifting,0.6988333463668823,an attacker cornering a victim and seizing items,robbery an attacker cornering a victim and seizing items
9,Robbery,2,ucf_manual_class_prompts_10x.json,ucf_manual_class_prompts_10x,10,3,0.4103612959384917,0.6515530943870544,0.901390790939331,0.9291624426841736,-0.04215151071548462,Shoplifting,0.6937046051025391,a robber snatching property and escaping quickly,robbery a robber snatching property and escaping quickly
9,Robbery,3,ucf_manual_class_prompts_10x_v2.json,ucf_manual_class_prompts_10x_v2,10,3,0.4103612959384917,0.6515530943870544,0.901390790939331,0.9291624426841736,-0.04215151071548462,Shoplifting,0.6937046051025391,a robber snatching property and escaping quickly,robbery a robber snatching property and escaping quickly
9,Robbery,4,ucf_manual_class_prompts_10x.json,ucf_manual_class_prompts_10x,10,5,0.4071145057678222,0.6511678695678711,0.8915998935699463,0.9297469854354858,-0.056844472885131836,Shoplifting,0.7080123424530029,an attacker cornering a victim and seizing personal items,robbery an attacker cornering a victim and seizing personal items
9,Robbery,5,ucf_manual_class_prompts_10x_v2.json,ucf_manual_class_prompts_10x_v2,10,5,0.40711448788642873,0.6511678695678711,0.8915998339653015,0.9297469854354858,-0.056844472885131836,Shoplifting,0.7080123424530029,an attacker cornering a victim and seizing personal items,robbery an attacker cornering a victim and seizing personal items
9,Robbery,6,ucf_manual_class_prompts_5x_v4.json,ucf_manual_class_prompts_5x_v4,5,4,0.4043615818023682,0.6719058752059937,0.8654526472091675,0.9561357498168945,-0.045011043548583984,Shoplifting,0.7169169187545776,a victim backing away while valuables are taken,robbery a victim backing away while valuables are taken
9,Robbery,7,ucf_manual_class_prompts_5x_v5.json,ucf_manual_class_prompts_5x_v5,5,1,0.40301246643066396,0.6363941431045532,0.8993993997573853,0.9250221252441406,-0.06737762689590454,Shoplifting,0.7037717700004578,a robbery where someone uses intimidation or force to steal property,robbery a robbery where someone uses intimidation or force to steal property
9,Robbery,8,ucf_manual_class_prompts_5x_v4.json,ucf_manual_class_prompts_5x_v4,5,2,0.4016508400440215,0.6280695199966431,0.9148074984550476,0.934130847454071,-0.0916750431060791,Shoplifting,0.7197445631027222,a robber confronting someone and taking personal items,robbery a robber confronting someone and taking personal items
9,Robbery,9,ucf_manual_class_prompts_5x_v5.json,ucf_manual_class_prompts_5x_v5,5,0,0.4000820517539977,0.6234074831008911,0.9177403450012207,0.9347189664840698,-0.07779443264007568,Shoplifting,0.7012019157409668,a person threatening another person while taking their belongings,robbery a person threatening another person while taking their belongings
9,Robbery,10,ucf_manual_class_prompts_10x.json,ucf_manual_class_prompts_10x,10,0,0.3998337805271148,0.6128023266792297,0.9220808744430542,0.9159582257270813,-0.07927858829498291,Shoplifting,0.6920809149742126,a threatening person forcing a victim to surrender valuables,robbery a threatening person forcing a victim to surrender valuables
9,Robbery,11,ucf_manual_class_prompts_10x_v2.json,ucf_manual_class_prompts_10x_v2,10,0,0.3998337805271148,0.6128023266792297,0.9220808744430542,0.9159582257270813,-0.07927858829498291,Shoplifting,0.6920809149742126,a threatening person forcing a victim to surrender valuables,robbery a threatening person forcing a victim to surrender valuables
9,Robbery,12,ucf_manual_class_prompts_5x_v3.json,ucf_manual_class_prompts_5x_v3,5,0,0.3998337805271148,0.6128023266792297,0.9220808744430542,0.9159582257270813,-0.07927858829498291,Shoplifting,0.6920809149742126,a threatening person forcing a victim to surrender valuables,robbery a threatening person forcing a victim to surrender valuables
9,Robbery,13,ucf_manual_class_prompts_5x_v5.json,ucf_manual_class_prompts_5x_v5,5,4,0.39979879856109624,0.6332598924636841,0.8986345529556274,0.9321075677871704,-0.11075150966644287,Shoplifting,0.744011402130127,a criminal taking possessions from someone through threats,robbery a criminal taking possessions from someone through threats
9,Robbery,14,ucf_manual_class_prompts_10x.json,ucf_manual_class_prompts_10x,10,1,0.3992436051368713,0.6400241851806641,0.8722480535507202,0.9122145175933838,-0.04046285152435303,Shoplifting,0.6804870367050171,an aggressor confronting someone and grabbing a purse or wallet,robbery an aggressor confronting someone and grabbing a purse or wallet
9,Robbery,15,ucf_manual_class_prompts_10x_v2.json,ucf_manual_class_prompts_10x_v2,10,1,0.39898291230201716,0.642092764377594,0.8709570169448853,0.9167528748512268,-0.02923351526260376,Shoplifting,0.6713262796401978,an aggressor confronting someone and taking a purse or wallet,robbery an aggressor confronting someone and taking a purse or wallet
9,Robbery,16,ucf_manual_class_prompts_5x_v5.json,ucf_manual_class_prompts_5x_v5,5,3,0.3986635088920593,0.6273679733276367,0.9022057056427002,0.9284109473228455,-0.06615281105041504,Shoplifting,0.6935207843780518,an armed person committing a robbery against another person,robbery an armed person committing a robbery against another person
9,Robbery,17,ucf_manual_class_prompts_10x.json,ucf_manual_class_prompts_10x,10,8,0.3967057049274444,0.6431217193603516,0.8827417492866516,0.948388397693634,-0.02503049373626709,Shoplifting,0.6681522130966187,a person brandishing a weapon to demand property,robbery a person brandishing a weapon to demand property
9,Robbery,18,ucf_manual_class_prompts_10x_v2.json,ucf_manual_class_prompts_10x_v2,10,8,0.3967057049274444,0.6431217193603516,0.8827417492866516,0.948388397693634,-0.02503049373626709,Shoplifting,0.6681522130966187,a person brandishing a weapon to demand property,robbery a person brandishing a weapon to demand property
9,Robbery,19,ucf_manual_class_prompts_5x_v3.json,ucf_manual_class_prompts_5x_v3,5,3,0.3967057049274444,0.6431217193603516,0.8827417492866516,0.948388397693634,-0.02503049373626709,Shoplifting,0.6681522130966187,a person brandishing a weapon to demand property,robbery a person brandishing a weapon to demand property
9,Robbery,20,ucf_manual_class_prompts_5x_v5.json,ucf_manual_class_prompts_5x_v5,5,2,0.39354844093322744,0.612648606300354,0.9081779718399048,0.9261462688446045,-0.08955097198486328,Shoplifting,0.7021995782852173,a person confronting a victim and demanding valuables,robbery a person confronting a victim and demanding valuables
9,Robbery,21,ucf_manual_class_prompts_5x_v4.json,ucf_manual_class_prompts_5x_v4,5,0,0.388298898935318,0.596759557723999,0.9166267514228821,0.9253445267677307,-0.07882273197174072,Shoplifting,0.6755822896957397,a threatening person demanding valuables from a victim,robbery a threatening person demanding valuables from a victim
9,Robbery,22,ucf_manual_class_prompts_5x_v3.json,ucf_manual_class_prompts_5x_v3,5,1,0.3866714715957642,0.6052223443984985,0.9026888608932495,0.9337317943572998,-0.10620158910751343,Shoplifting,0.711423933506012,a victim handing belongings under close range intimidation,robbery a victim handing belongings under close range intimidation
9,Robbery,23,ucf_manual_class_prompts_10x.json,ucf_manual_class_prompts_10x,10,9,0.36393097043037415,0.5671960115432739,0.8805748820304871,0.9191974997520447,-0.10580891370773315,RoadAccidents,0.6730049252510071,a robber approaching a victim and leaving with belongings,robbery a robber approaching a victim and leaving with belongings
9,Robbery,24,ucf_manual_class_prompts_10x_v2.json,ucf_manual_class_prompts_10x_v2,10,9,0.36393097043037415,0.5671960115432739,0.8805748820304871,0.9191974997520447,-0.10580891370773315,RoadAccidents,0.6730049252510071,a robber approaching a victim and leaving with belongings,robbery a robber approaching a victim and leaving with belongings
9,Robbery,25,ucf_manual_class_prompts_5x_v4.json,ucf_manual_class_prompts_5x_v4,5,1,0.3634983837604522,0.5747735500335693,0.8678783774375916,0.9212595224380493,-0.10150313377380371,Shoplifting,0.676276683807373,a victim handing belongings during close intimidation,robbery a victim handing belongings during close intimidation
9,Robbery,26,ucf_manual_class_prompts_10x_v2.json,ucf_manual_class_prompts_10x_v2,10,2,0.3598011553287507,0.5571399927139282,0.8736950755119324,0.9043868184089661,-0.09801709651947021,Shoplifting,0.6551570892333984,a victim handing over belongings under close range intimidation,robbery a victim handing over belongings under close range intimidation
9,Robbery,27,ucf_manual_class_prompts_10x.json,ucf_manual_class_prompts_10x,10,2,0.3598011195659637,0.5571399927139282,0.8736949563026428,0.9043868184089661,-0.09801709651947021,Shoplifting,0.6551570892333984,a victim handing over belongings under close range intimidation,robbery a victim handing over belongings under close range intimidation
9,Robbery,28,ucf_manual_class_prompts_10x.json,ucf_manual_class_prompts_10x,10,6,0.3515914320945739,0.5556010603904724,0.8439059853553772,0.896904468536377,-0.04737061262130737,Shoplifting,0.6029716730117798,a forced handover following a visible threat gesture,robbery a forced handover following a visible threat gesture
9,Robbery,29,ucf_manual_class_prompts_10x.json,ucf_manual_class_prompts_10x,10,7,0.34866087436676024,0.5528351068496704,0.8641940355300903,0.9350744485855103,-0.1437615156173706,Arrest,0.696596622467041,a suspect taking valuables while the victim backs away,robbery a suspect taking valuables while the victim backs away
9,Robbery,30,ucf_manual_class_prompts_10x_v2.json,ucf_manual_class_prompts_10x_v2,10,7,0.34866085648536677,0.5528351068496704,0.8641939759254456,0.9350744485855103,-0.1437615156173706,Arrest,0.696596622467041,a suspect taking valuables while the victim backs away,robbery a suspect taking valuables while the victim backs away
9,Robbery,31,ucf_manual_class_prompts_10x.json,ucf_manual_class_prompts_10x,10,4,0.3466933608055115,0.5641248822212219,0.815715491771698,0.9004186391830444,-0.027435719966888428,Shoplifting,0.5915606021881104,a person threatening a clerk and demanding money,robbery a person threatening a clerk and demanding money
9,Robbery,32,ucf_manual_class_prompts_10x_v2.json,ucf_manual_class_prompts_10x_v2,10,4,0.346693342924118,0.5641248822212219,0.8157154321670532,0.9004186391830444,-0.027435719966888428,Shoplifting,0.5915606021881104,a person threatening a clerk and demanding money,robbery a person threatening a clerk and demanding money
9,Robbery,33,ucf_manual_class_prompts_5x_v3.json,ucf_manual_class_prompts_5x_v3,5,4,0.3453701853752135,0.5478761792182922,0.8594765067100525,0.9320542812347412,-0.11467486619949341,Shoplifting,0.6625510454177856,a robber confronting a victim before taking belongings,robbery a robber confronting a victim before taking belongings
9,Robbery,34,ucf_manual_class_prompts_10x_v2.json,ucf_manual_class_prompts_10x_v2,10,6,0.34409204721450803,0.5272414684295654,0.8263498544692993,0.8371682167053223,-0.045744240283966064,Shoplifting,0.5729857087135315,a coerced handover of valuables during visible intimidation,robbery a coerced handover of valuables during visible intimidation
9,Robbery,35,ucf_manual_class_prompts_5x_v4.json,ucf_manual_class_prompts_5x_v4,5,3,0.278297483921051,0.4854722023010254,0.7051825523376465,0.8799669146537781,0.023043066263198853,Shoplifting,0.46242913603782654,a weapon used to force a property handover,robbery a weapon used to force a property handover
10,Shooting,1,ucf_manual_class_prompts_10x.json,ucf_manual_class_prompts_10x,10,7,0.4149355947971344,0.7020894885063171,0.7729407548904419,0.8399568796157837,0.050129473209381104,Arrest,0.651960015296936,a gunfire scene with fear and rapid dispersal,shooting a gunfire scene with fear and rapid dispersal
10,Shooting,2,ucf_manual_class_prompts_10x_v2.json,ucf_manual_class_prompts_10x_v2,10,7,0.4149355947971344,0.7020894885063171,0.7729407548904419,0.8399568796157837,0.050129473209381104,Arrest,0.651960015296936,a gunfire scene with fear and rapid dispersal,shooting a gunfire scene with fear and rapid dispersal
10,Shooting,3,ucf_manual_class_prompts_10x.json,ucf_manual_class_prompts_10x,10,5,0.3982083082199096,0.6446821689605713,0.8646981716156006,0.9177111387252808,-0.04097270965576172,Arrest,0.685654878616333,a victim falling after a nearby firearm is fired,shooting a victim falling after a nearby firearm is fired
10,Shooting,4,ucf_manual_class_prompts_10x_v2.json,ucf_manual_class_prompts_10x_v2,10,5,0.3982083082199096,0.6446821689605713,0.8646981716156006,0.9177111387252808,-0.04097270965576172,Arrest,0.685654878616333,a victim falling after a nearby firearm is fired,shooting a victim falling after a nearby firearm is fired
10,Shooting,5,ucf_manual_class_prompts_10x.json,ucf_manual_class_prompts_10x,10,1,0.39535721540451046,0.6112723350524902,0.891679048538208,0.8889133334159851,-0.07022428512573242,RoadAccidents,0.6814966201782227,a gunman pointing a weapon as people scatter,shooting a gunman pointing a weapon as people scatter
10,Shooting,6,ucf_manual_class_prompts_10x_v2.json,ucf_manual_class_prompts_10x_v2,10,1,0.39535721540451046,0.6112723350524902,0.891679048538208,0.8889133334159851,-0.07022428512573242,RoadAccidents,0.6814966201782227,a gunman pointing a weapon as people scatter,shooting a gunman pointing a weapon as people scatter
10,Shooting,7,ucf_manual_class_prompts_10x.json,ucf_manual_class_prompts_10x,10,9,0.39241877794265734,0.6051415801048279,0.8852930665016174,0.8786996603012085,-0.07306915521621704,RoadAccidents,0.6782107353210449,a shooter stance with recoil and fleeing people,shooting a shooter stance with recoil and fleeing people
10,Shooting,8,ucf_manual_class_prompts_5x_v5.json,ucf_manual_class_prompts_5x_v5,5,3,0.38856352567672725,0.6219246983528137,0.854795515537262,0.8941873908042908,-0.06013554334640503,RoadAccidents,0.6820602416992188,a person using a firearm during a violent event,shooting a person using a firearm during a violent event
10,Shooting,9,ucf_manual_class_prompts_10x.json,ucf_manual_class_prompts_10x,10,2,0.38790646195411677,0.5993484854698181,0.844438910484314,0.8254972696304321,-0.018506228923797607,Explosion,0.6178547143936157,a muzzle flash appearing as a shooter targets someone,shooting a muzzle flash appearing as a shooter targets someone
10,Shooting,10,ucf_manual_class_prompts_10x_v2.json,ucf_manual_class_prompts_10x_v2,10,2,0.38790646195411677,0.5993484854698181,0.844438910484314,0.8254972696304321,-0.018506228923797607,Explosion,0.6178547143936157,a muzzle flash appearing as a shooter targets someone,shooting a muzzle flash appearing as a shooter targets someone
10,Shooting,11,ucf_manual_class_prompts_10x_v2.json,ucf_manual_class_prompts_10x_v2,10,9,0.3738354206085205,0.5854790210723877,0.8620877265930176,0.8876520395278931,-0.07653069496154785,RoadAccidents,0.6620097160339355,an armed shooter firing as people flee the scene,shooting an armed shooter firing as people flee the scene
10,Shooting,12,ucf_manual_class_prompts_10x.json,ucf_manual_class_prompts_10x,10,0,0.3731726408004761,0.5653908252716064,0.8967561721801758,0.8927481174468994,-0.08856916427612305,RoadAccidents,0.6539599895477295,an armed person aiming a firearm and firing shots,shooting an armed person aiming a firearm and firing shots
10,Shooting,13,ucf_manual_class_prompts_10x_v2.json,ucf_manual_class_prompts_10x_v2,10,0,0.3731726408004761,0.5653908252716064,0.8967561721801758,0.8927481174468994,-0.08856916427612305,RoadAccidents,0.6539599895477295,an armed person aiming a firearm and firing shots,shooting an armed person aiming a firearm and firing shots
10,Shooting,14,ucf_manual_class_prompts_5x_v3.json,ucf_manual_class_prompts_5x_v3,5,4,0.3726502716541289,0.5789712071418762,0.8824067115783691,0.9077867269515991,-0.12381982803344727,Shoplifting,0.7027910351753235,an armed shooter discharging a weapon toward people,shooting an armed shooter discharging a weapon toward people
10,Shooting,15,ucf_manual_class_prompts_5x_v4.json,ucf_manual_class_prompts_5x_v4,5,4,0.3726502716541289,0.5789712071418762,0.8824067115783691,0.9077867269515991,-0.12381982803344727,Shoplifting,0.7027910351753235,an armed shooter discharging a weapon toward people,shooting an armed shooter discharging a weapon toward people
10,Shooting,16,ucf_manual_class_prompts_10x.json,ucf_manual_class_prompts_10x,10,8,0.3726259768009186,0.5798009634017944,0.8167458176612854,0.8114912509918213,-0.025130510330200195,RoadAccidents,0.6049314737319946,a person aiming a rifle or handgun at a target,shooting a person aiming a rifle or handgun at a target
10,Shooting,17,ucf_manual_class_prompts_10x_v2.json,ucf_manual_class_prompts_10x_v2,10,8,0.3726259768009186,0.5798009634017944,0.8167458176612854,0.8114912509918213,-0.025130510330200195,RoadAccidents,0.6049314737319946,a person aiming a rifle or handgun at a target,shooting a person aiming a rifle or handgun at a target
10,Shooting,18,ucf_manual_class_prompts_5x_v5.json,ucf_manual_class_prompts_5x_v5,5,4,0.3692299306392669,0.549319863319397,0.867918074131012,0.8290271162986755,-0.09103667736053467,RoadAccidents,0.6403565406799316,a gun being fired in a public area,shooting a gun being fired in a public area
10,Shooting,19,ucf_manual_class_prompts_10x.json,ucf_manual_class_prompts_10x,10,6,0.36842004060745237,0.5749354958534241,0.8574458956718445,0.8814073801040649,-0.10238343477249146,Shoplifting,0.6773189306259155,a shooter raising a gun while a crowd runs,shooting a shooter raising a gun while a crowd runs
10,Shooting,20,ucf_manual_class_prompts_10x_v2.json,ucf_manual_class_prompts_10x_v2,10,6,0.36842004060745237,0.5749354958534241,0.8574458956718445,0.8814073801040649,-0.10238343477249146,Shoplifting,0.6773189306259155,a shooter raising a gun while a crowd runs,shooting a shooter raising a gun while a crowd runs
10,Shooting,21,ucf_manual_class_prompts_5x_v3.json,ucf_manual_class_prompts_5x_v3,5,3,0.3646268546581268,0.562818706035614,0.868828535079956,0.887155294418335,-0.11466377973556519,Arrest,0.6774824857711792,a person firing a handgun in surveillance footage,shooting a person firing a handgun in surveillance footage
10,Shooting,22,ucf_manual_class_prompts_5x_v4.json,ucf_manual_class_prompts_5x_v4,5,3,0.3646268546581268,0.562818706035614,0.868828535079956,0.887155294418335,-0.11466377973556519,Arrest,0.6774824857711792,a person firing a handgun in surveillance footage,shooting a person firing a handgun in surveillance footage
10,Shooting,23,ucf_manual_class_prompts_10x.json,ucf_manual_class_prompts_10x,10,3,0.36337970495224,0.5646305084228516,0.8911800384521484,0.9314478039741516,-0.10544657707214355,Shoplifting,0.6700770854949951,a person firing a handgun and causing panic,shooting a person firing a handgun and causing panic
10,Shooting,24,ucf_manual_class_prompts_10x_v2.json,ucf_manual_class_prompts_10x_v2,10,3,0.36337970495224,0.5646305084228516,0.8911800384521484,0.9314478039741516,-0.10544657707214355,Shoplifting,0.6700770854949951,a person firing a handgun and causing panic,shooting a person firing a handgun and causing panic
10,Shooting,25,ucf_manual_class_prompts_10x.json,ucf_manual_class_prompts_10x,10,4,0.3607582747936248,0.5669105052947998,0.8738380074501038,0.9242419004440308,-0.1361713409423828,Shoplifting,0.7030818462371826,an armed attacker discharging a weapon in public,shooting an armed attacker discharging a weapon in public
10,Shooting,26,ucf_manual_class_prompts_10x_v2.json,ucf_manual_class_prompts_10x_v2,10,4,0.3607582747936248,0.5669105052947998,0.8738380074501038,0.9242419004440308,-0.1361713409423828,Shoplifting,0.7030818462371826,an armed attacker discharging a weapon in public,shooting an armed attacker discharging a weapon in public
10,Shooting,27,ucf_manual_class_prompts_5x_v5.json,ucf_manual_class_prompts_5x_v5,5,1,0.35627091526985166,0.5432909727096558,0.8924625515937805,0.9155666828155518,-0.12198472023010254,RoadAccidents,0.6652756929397583,an armed person aiming and shooting a firearm,shooting an armed person aiming and shooting a firearm
10,Shooting,28,ucf_manual_class_prompts_5x_v3.json,ucf_manual_class_prompts_5x_v3,5,1,0.32983382344245904,0.5122270584106445,0.7811467051506042,0.8031185865402222,-0.055970847606658936,Shoplifting,0.5681979060173035,a visible muzzle flash from a discharged gun,shooting a visible muzzle flash from a discharged gun
10,Shooting,29,ucf_manual_class_prompts_5x_v4.json,ucf_manual_class_prompts_5x_v4,5,1,0.32983382344245904,0.5122270584106445,0.7811467051506042,0.8031185865402222,-0.055970847606658936,Shoplifting,0.5681979060173035,a visible muzzle flash from a discharged gun,shooting a visible muzzle flash from a discharged gun
10,Shooting,30,ucf_manual_class_prompts_5x_v3.json,ucf_manual_class_prompts_5x_v3,5,0,0.30802074670791624,0.45595431327819824,0.8654923439025879,0.8980205655097961,-0.1581241488456726,Shoplifting,0.6140784621238708,an armed person aiming and firing a firearm,shooting an armed person aiming and firing a firearm
10,Shooting,31,ucf_manual_class_prompts_5x_v4.json,ucf_manual_class_prompts_5x_v4,5,0,0.30802074670791624,0.45595431327819824,0.8654923439025879,0.8980205655097961,-0.1581241488456726,Shoplifting,0.6140784621238708,an armed person aiming and firing a firearm,shooting an armed person aiming and firing a firearm
10,Shooting,32,ucf_manual_class_prompts_5x_v3.json,ucf_manual_class_prompts_5x_v3,5,2,0.304276579618454,0.4528770446777344,0.8315029740333557,0.8580641746520996,-0.17076992988586426,Shoplifting,0.6236469745635986,a shooter raising a gun before firing,shooting a shooter raising a gun before firing
10,Shooting,33,ucf_manual_class_prompts_5x_v4.json,ucf_manual_class_prompts_5x_v4,5,2,0.3042765617370605,0.4528770446777344,0.8315029144287109,0.8580641746520996,-0.17076992988586426,Shoplifting,0.6236469745635986,a shooter raising a gun before firing,shooting a shooter raising a gun before firing
10,Shooting,34,ucf_manual_class_prompts_5x_v5.json,ucf_manual_class_prompts_5x_v5,5,2,0.2639240860939025,0.3986700177192688,0.7957469820976257,0.8706750869750977,-0.1809791922569275,Shoplifting,0.5796492099761963,a shooting incident involving a visible gun,shooting a shooting incident involving a visible gun
10,Shooting,35,ucf_manual_class_prompts_5x_v5.json,ucf_manual_class_prompts_5x_v5,5,0,0.22032204270362848,0.3461877703666687,0.7670232057571411,0.9143940210342407,-0.2508541941642761,Shoplifting,0.5970419645309448,a person firing a gun at another person,shooting a person firing a gun at another person
11,Shoplifting,1,ucf_manual_class_prompts_10x_v2.json,ucf_manual_class_prompts_10x_v2,10,1,0.48281860351562494,0.795352578163147,0.8936365842819214,0.9147433042526245,0.11388969421386719,Robbery,0.6814628839492798,a person removing a store item without checkout,shoplifting a person removing a store item without checkout
11,Shoplifting,2,ucf_manual_class_prompts_10x.json,ucf_manual_class_prompts_10x,10,1,0.48281858563423147,0.795352578163147,0.8936365246772766,0.9147433042526245,0.11388969421386719,Robbery,0.6814628839492798,a person removing a store item without checkout,shoplifting a person removing a store item without checkout
11,Shoplifting,3,ucf_manual_class_prompts_5x_v3.json,ucf_manual_class_prompts_5x_v3,5,0,0.47188149690628056,0.7565072774887085,0.9000304937362671,0.8819064497947693,0.11787450313568115,Robbery,0.6386327743530273,a shopper concealing merchandise inside clothing or bag,shoplifting a shopper concealing merchandise inside clothing or bag
11,Shoplifting,4,ucf_manual_class_prompts_5x_v4.json,ucf_manual_class_prompts_5x_v4,5,0,0.47188149690628056,0.7565072774887085,0.9000304937362671,0.8819064497947693,0.11787450313568115,Robbery,0.6386327743530273,a shopper concealing merchandise inside clothing or bag,shoplifting a shopper concealing merchandise inside clothing or bag
11,Shoplifting,5,ucf_manual_class_prompts_5x_v5.json,ucf_manual_class_prompts_5x_v5,5,4,0.4690421760082245,0.7805665731430054,0.8869356513023376,0.9366090297698975,0.11999917030334473,Robbery,0.6605674028396606,a person removing store goods without permission,shoplifting a person removing store goods without permission
11,Shoplifting,6,ucf_manual_class_prompts_10x.json,ucf_manual_class_prompts_10x,10,0,0.4676766633987426,0.7538721561431885,0.8944480419158936,0.8879691362380981,0.09368896484375,Arrest,0.6601831912994385,a shopper concealing merchandise inside clothing or a bag,shoplifting a shopper concealing merchandise inside clothing or a bag
11,Shoplifting,7,ucf_manual_class_prompts_10x_v2.json,ucf_manual_class_prompts_10x_v2,10,0,0.4676766633987426,0.7538721561431885,0.8944480419158936,0.8879691362380981,0.09368896484375,Arrest,0.6601831912994385,a shopper concealing merchandise inside clothing or a bag,shoplifting a shopper concealing merchandise inside clothing or a bag
11,Shoplifting,8,ucf_manual_class_prompts_5x_v3.json,ucf_manual_class_prompts_5x_v3,5,4,0.46755688786506644,0.769182562828064,0.869904100894928,0.8900281190872192,0.12277746200561523,Robbery,0.6464051008224487,a customer exiting retail space with concealed merchandise,shoplifting a customer exiting retail space with concealed merchandise
11,Shoplifting,9,ucf_manual_class_prompts_5x_v4.json,ucf_manual_class_prompts_5x_v4,5,4,0.46755688786506644,0.769182562828064,0.869904100894928,0.8900281190872192,0.12277746200561523,Robbery,0.6464051008224487,a customer exiting retail space with concealed merchandise,shoplifting a customer exiting retail space with concealed merchandise
11,Shoplifting,10,ucf_manual_class_prompts_5x_v5.json,ucf_manual_class_prompts_5x_v5,5,1,0.46593319177627557,0.7448815703392029,0.9041972756385803,0.8888338804244995,0.09510636329650879,Robbery,0.6497752070426941,a shopper hiding store products inside clothing or a bag,shoplifting a shopper hiding store products inside clothing or a bag
11,Shoplifting,11,ucf_manual_class_prompts_10x.json,ucf_manual_class_prompts_10x,10,7,0.4658823549747467,0.7419087290763855,0.8805298805236816,0.8461548686027527,0.107127845287323,Robbery,0.6347808837890625,a customer manipulating shelf products and hiding one item,shoplifting a customer manipulating shelf products and hiding one item
11,Shoplifting,12,ucf_manual_class_prompts_10x_v2.json,ucf_manual_class_prompts_10x_v2,10,8,0.4624384760856629,0.7360654473304749,0.9062690138816833,0.887374758720398,0.10908585786819458,Arrest,0.6269795894622803,a shopper leaving a store with concealed unpaid merchandise,shoplifting a shopper leaving a store with concealed unpaid merchandise
11,Shoplifting,13,ucf_manual_class_prompts_5x_v5.json,ucf_manual_class_prompts_5x_v5,5,2,0.461424708366394,0.7622625231742859,0.8813702464103699,0.9205881357192993,0.11355435848236084,Arrest,0.648708164691925,a person stealing items from a retail store,shoplifting a person stealing items from a retail store
11,Shoplifting,14,ucf_manual_class_prompts_10x_v2.json,ucf_manual_class_prompts_10x_v2,10,2,0.4594547986984252,0.7293761968612671,0.8835777044296265,0.851533055305481,0.13285964727401733,Explosion,0.5965165495872498,a customer hiding a product and exiting an aisle,shoplifting a customer hiding a product and exiting an aisle
11,Shoplifting,15,ucf_manual_class_prompts_10x.json,ucf_manual_class_prompts_10x,10,2,0.45945476293563836,0.7293761968612671,0.8835775852203369,0.851533055305481,0.13285964727401733,Explosion,0.5965165495872498,a customer hiding a product and exiting an aisle,shoplifting a customer hiding a product and exiting an aisle
11,Shoplifting,16,ucf_manual_class_prompts_5x_v5.json,ucf_manual_class_prompts_5x_v5,5,3,0.4549056589603424,0.736973762512207,0.8825251460075378,0.8916938304901123,0.07479095458984375,RoadAccidents,0.6621828079223633,a customer leaving a shop with concealed merchandise,shoplifting a customer leaving a shop with concealed merchandise
11,Shoplifting,17,ucf_manual_class_prompts_5x_v4.json,ucf_manual_class_prompts_5x_v4,5,1,0.45167230367660516,0.7120983600616455,0.8846760988235474,0.8488985300064087,0.12984782457351685,Robbery,0.5822505354881287,a person hiding a retail item while browsing shelves,shoplifting a person hiding a retail item while browsing shelves
11,Shoplifting,18,ucf_manual_class_prompts_5x_v3.json,ucf_manual_class_prompts_5x_v3,5,1,0.4516722857952118,0.7120983600616455,0.8846760392189026,0.8488985300064087,0.12984782457351685,Robbery,0.5822505354881287,a person hiding a retail item while browsing shelves,shoplifting a person hiding a retail item while browsing shelves
11,Shoplifting,19,ucf_manual_class_prompts_10x.json,ucf_manual_class_prompts_10x,10,6,0.4512408375740051,0.7112835645675659,0.862496018409729,0.8157487511634827,0.10341763496398926,RoadAccidents,0.6078659296035767,concealed goods disappearing beneath a jacket in a store,shoplifting concealed goods disappearing beneath a jacket in a store
11,Shoplifting,20,ucf_manual_class_prompts_10x_v2.json,ucf_manual_class_prompts_10x_v2,10,6,0.4512408375740051,0.7112835645675659,0.862496018409729,0.8157487511634827,0.10341763496398926,RoadAccidents,0.6078659296035767,concealed goods disappearing beneath a jacket in a store,shoplifting concealed goods disappearing beneath a jacket in a store
11,Shoplifting,21,ucf_manual_class_prompts_5x_v3.json,ucf_manual_class_prompts_5x_v3,5,3,0.45084742903709407,0.7166124582290649,0.8723029494285583,0.8457484245300293,0.10372090339660645,Arrest,0.6128915548324585,a shopper slipping merchandise into a bag in aisle,shoplifting a shopper slipping merchandise into a bag in aisle
11,Shoplifting,22,ucf_manual_class_prompts_5x_v4.json,ucf_manual_class_prompts_5x_v4,5,3,0.4508474111557006,0.7166124582290649,0.8723028898239136,0.8457484245300293,0.10372090339660645,Arrest,0.6128915548324585,a shopper slipping merchandise into a bag in aisle,shoplifting a shopper slipping merchandise into a bag in aisle
11,Shoplifting,23,ucf_manual_class_prompts_10x.json,ucf_manual_class_prompts_10x,10,4,0.4497604966163634,0.7358230352401733,0.8748202323913574,0.9029854536056519,0.1327146291732788,Robbery,0.6031084060668945,a person scanning surroundings before pocketing merchandise,shoplifting a person scanning surroundings before pocketing merchandise
11,Shoplifting,24,ucf_manual_class_prompts_10x_v2.json,ucf_manual_class_prompts_10x_v2,10,4,0.4497604966163634,0.7358230352401733,0.8748202323913574,0.9029854536056519,0.1327146291732788,Robbery,0.6031084060668945,a person scanning surroundings before pocketing merchandise,shoplifting a person scanning surroundings before pocketing merchandise
11,Shoplifting,25,ucf_manual_class_prompts_5x_v3.json,ucf_manual_class_prompts_5x_v3,5,2,0.44660418033599847,0.712356686592102,0.8741965293884277,0.859165608882904,0.12590265274047852,Robbery,0.5864540338516235,store goods disappearing beneath a jacket while shopping,shoplifting store goods disappearing beneath a jacket while shopping
11,Shoplifting,26,ucf_manual_class_prompts_5x_v4.json,ucf_manual_class_prompts_5x_v4,5,2,0.44660418033599847,0.712356686592102,0.8741965293884277,0.859165608882904,0.12590265274047852,Robbery,0.5864540338516235,store goods disappearing beneath a jacket while shopping,shoplifting store goods disappearing beneath a jacket while shopping
11,Shoplifting,27,ucf_manual_class_prompts_10x.json,ucf_manual_class_prompts_10x,10,5,0.44307569861412044,0.7170971632003784,0.8732590079307556,0.887252926826477,0.07611751556396484,Arrest,0.6409796476364136,someone carrying an unpaid item past the cashier,shoplifting someone carrying an unpaid item past the cashier
11,Shoplifting,28,ucf_manual_class_prompts_10x_v2.json,ucf_manual_class_prompts_10x_v2,10,5,0.44307569861412044,0.7170971632003784,0.8732590079307556,0.887252926826477,0.07611751556396484,Arrest,0.6409796476364136,someone carrying an unpaid item past the cashier,shoplifting someone carrying an unpaid item past the cashier
11,Shoplifting,29,ucf_manual_class_prompts_10x_v2.json,ucf_manual_class_prompts_10x_v2,10,7,0.4280859470367432,0.6781409382820129,0.8649480938911438,0.8523447513580322,0.10926252603530884,Arrest,0.5688784122467041,a customer hiding one item while handling shelf products,shoplifting a customer hiding one item while handling shelf products
11,Shoplifting,30,ucf_manual_class_prompts_5x_v5.json,ucf_manual_class_prompts_5x_v5,5,0,0.42569053173065186,0.7104478478431702,0.8509228825569153,0.9240512847900391,0.043773114681243896,Robbery,0.6666747331619263,a person secretly taking merchandise from a store without paying,shoplifting a person secretly taking merchandise from a store without paying
11,Shoplifting,31,ucf_manual_class_prompts_10x.json,ucf_manual_class_prompts_10x,10,3,0.41365763545036305,0.6625322103500366,0.8457006812095642,0.8565933704376221,0.05736982822418213,Arrest,0.6051623821258545,a shopper slipping goods into a bag while browsing,shoplifting a shopper slipping goods into a bag while browsing
11,Shoplifting,32,ucf_manual_class_prompts_10x_v2.json,ucf_manual_class_prompts_10x_v2,10,3,0.41365763545036305,0.6625322103500366,0.8457006812095642,0.8565933704376221,0.05736982822418213,Arrest,0.6051623821258545,a shopper slipping goods into a bag while browsing,shoplifting a shopper slipping goods into a bag while browsing
11,Shoplifting,33,ucf_manual_class_prompts_10x.json,ucf_manual_class_prompts_10x,10,8,0.41196026802062985,0.688779354095459,0.8466048240661621,0.9320542812347412,0.03019392490386963,Arrest,0.6585854291915894,a suspect leaving a shop while holding unpaid merchandise,shoplifting a suspect leaving a shop while holding unpaid merchandise
11,Shoplifting,34,ucf_manual_class_prompts_10x.json,ucf_manual_class_prompts_10x,10,9,0.3361875355243683,0.6259757280349731,0.6807919144630432,0.9051895141601562,-0.034158945083618164,Robbery,0.6601346731185913,a retail theft scene with discreet concealment and exit,shoplifting a retail theft scene with discreet concealment and exit
11,Shoplifting,35,ucf_manual_class_prompts_10x_v2.json,ucf_manual_class_prompts_10x_v2,10,9,0.3361875355243683,0.6259757280349731,0.6807919144630432,0.9051895141601562,-0.034158945083618164,Robbery,0.6601346731185913,a retail theft scene with discreet concealment and exit,shoplifting a retail theft scene with discreet concealment and exit
12,Stealing,1,ucf_manual_class_prompts_5x_v3.json,ucf_manual_class_prompts_5x_v3,5,4,0.3786832213401794,0.5890018939971924,0.8896483182907104,0.9135611057281494,-0.1814429759979248,Shoplifting,0.7704448699951172,a thief quietly removing property from public space,stealing a thief quietly removing property from public space
12,Stealing,2,ucf_manual_class_prompts_10x.json,ucf_manual_class_prompts_10x,10,7,0.37396222949028013,0.5796919465065002,0.8904632329940796,0.9151135683059692,-0.1478176712989807,Shoplifting,0.727509617805481,a person pocketing an unattended item and changing direction,stealing a person pocketing an unattended item and changing direction
12,Stealing,3,ucf_manual_class_prompts_10x_v2.json,ucf_manual_class_prompts_10x_v2,10,7,0.37396222949028013,0.5796919465065002,0.8904632329940796,0.9151135683059692,-0.1478176712989807,Shoplifting,0.727509617805481,a person pocketing an unattended item and changing direction,stealing a person pocketing an unattended item and changing direction
12,Stealing,4,ucf_manual_class_prompts_5x_v3.json,ucf_manual_class_prompts_5x_v3,5,3,0.37396222949028013,0.5796919465065002,0.8904632329940796,0.9151135683059692,-0.1478176712989807,Shoplifting,0.727509617805481,a person pocketing an unattended item and changing direction,stealing a person pocketing an unattended item and changing direction
12,Stealing,5,ucf_manual_class_prompts_5x_v4.json,ucf_manual_class_prompts_5x_v4,5,3,0.366126400232315,0.5681300163269043,0.8882116675376892,0.9220105409622192,-0.14395004510879517,Shoplifting,0.7120800614356995,a person pocketing an unattended item and walking away,stealing a person pocketing an unattended item and walking away
12,Stealing,6,ucf_manual_class_prompts_10x.json,ucf_manual_class_prompts_10x,10,0,0.35915067195892336,0.5508676171302795,0.9022021889686584,0.9347189664840698,-0.1834925413131714,Shoplifting,0.7343601584434509,a person taking unattended property and leaving quickly,stealing a person taking unattended property and leaving quickly
12,Stealing,7,ucf_manual_class_prompts_10x_v2.json,ucf_manual_class_prompts_10x_v2,10,0,0.35915067195892336,0.5508676171302795,0.9022021889686584,0.9347189664840698,-0.1834925413131714,Shoplifting,0.7343601584434509,a person taking unattended property and leaving quickly,stealing a person taking unattended property and leaving quickly
12,Stealing,8,ucf_manual_class_prompts_5x_v3.json,ucf_manual_class_prompts_5x_v3,5,0,0.35915067195892336,0.5508676171302795,0.9022021889686584,0.9347189664840698,-0.1834925413131714,Shoplifting,0.7343601584434509,a person taking unattended property and leaving quickly,stealing a person taking unattended property and leaving quickly
12,Stealing,9,ucf_manual_class_prompts_5x_v4.json,ucf_manual_class_prompts_5x_v4,5,1,0.3552946627140045,0.5367400646209717,0.8946201205253601,0.9073070287704468,-0.19972431659698486,Shoplifting,0.7364643812179565,a thief lifting a phone or package from public space,stealing a thief lifting a phone or package from public space
12,Stealing,10,ucf_manual_class_prompts_10x.json,ucf_manual_class_prompts_10x,10,9,0.35228205323219286,0.5328359603881836,0.9029747843742371,0.9251418113708496,-0.18323993682861328,Shoplifting,0.7160758972167969,a thief carrying stolen property away without confrontation,stealing a thief carrying stolen property away without confrontation
12,Stealing,11,ucf_manual_class_prompts_5x_v5.json,ucf_manual_class_prompts_5x_v5,5,2,0.3501260459423065,0.5335729122161865,0.8967134356498718,0.9283722043037415,-0.19452548027038574,Shoplifting,0.7280983924865723,a person removing someone's belongings and leaving,stealing a person removing someone's belongings and leaving
12,Stealing,12,ucf_manual_class_prompts_10x.json,ucf_manual_class_prompts_10x,10,1,0.34988946914672847,0.5412718057632446,0.8446820974349976,0.8707553148269653,-0.14965605735778809,Shoplifting,0.6909278631210327,"a thief grabbing a bicycle, bag, phone, or object","stealing a thief grabbing a bicycle, bag, phone, or object"
12,Stealing,13,ucf_manual_class_prompts_10x_v2.json,ucf_manual_class_prompts_10x_v2,10,1,0.349889451265335,0.5412718057632446,0.8446820378303528,0.8707553148269653,-0.14965605735778809,Shoplifting,0.6909278631210327,"a thief grabbing a bicycle, bag, phone, or object","stealing a thief grabbing a bicycle, bag, phone, or object"
12,Stealing,14,ucf_manual_class_prompts_5x_v3.json,ucf_manual_class_prompts_5x_v3,5,1,0.349889451265335,0.5412718057632446,0.8446820378303528,0.8707553148269653,-0.14965605735778809,Shoplifting,0.6909278631210327,"a thief grabbing a bicycle, bag, phone, or object","stealing a thief grabbing a bicycle, bag, phone, or object"
12,Stealing,15,ucf_manual_class_prompts_5x_v4.json,ucf_manual_class_prompts_5x_v4,5,0,0.3485863029956817,0.5290888547897339,0.8624528050422668,0.8734698295593262,-0.18006360530853271,Shoplifting,0.7091524600982666,a person taking an unattended bag and leaving,stealing a person taking an unattended bag and leaving
12,Stealing,16,ucf_manual_class_prompts_10x.json,ucf_manual_class_prompts_10x,10,3,0.3479416489601135,0.5325567722320557,0.8881968259811401,0.9239789247512817,-0.21157538890838623,Shoplifting,0.7441321611404419,unattended belongings disappearing after suspicious human contact,stealing unattended belongings disappearing after suspicious human contact
12,Stealing,17,ucf_manual_class_prompts_10x_v2.json,ucf_manual_class_prompts_10x_v2,10,3,0.3479416489601135,0.5325567722320557,0.8881968259811401,0.9239789247512817,-0.21157538890838623,Shoplifting,0.7441321611404419,unattended belongings disappearing after suspicious human contact,stealing unattended belongings disappearing after suspicious human contact
12,Stealing,18,ucf_manual_class_prompts_10x_v2.json,ucf_manual_class_prompts_10x_v2,10,9,0.34793964624404905,0.5375873446464539,0.8843430876731873,0.9307847619056702,-0.1871435046195984,Shoplifting,0.7247308492660522,a thief carrying stolen property away from the scene,stealing a thief carrying stolen property away from the scene
12,Stealing,19,ucf_manual_class_prompts_5x_v5.json,ucf_manual_class_prompts_5x_v5,5,3,0.345348834991455,0.5429563522338867,0.8836593627929688,0.9561357498168945,-0.19513356685638428,Shoplifting,0.738089919090271,a thief taking personal property in a public place,stealing a thief taking personal property in a public place
12,Stealing,20,ucf_manual_class_prompts_10x.json,ucf_manual_class_prompts_10x,10,5,0.34031587839126587,0.5636138916015625,0.826931357383728,0.947852373123169,-0.16642320156097412,Shoplifting,0.7300370931625366,a thief cutting a lock and taking a bicycle,stealing a thief cutting a lock and taking a bicycle
12,Stealing,21,ucf_manual_class_prompts_10x_v2.json,ucf_manual_class_prompts_10x_v2,10,5,0.34031587839126587,0.5636138916015625,0.826931357383728,0.947852373123169,-0.16642320156097412,Shoplifting,0.7300370931625366,a thief cutting a lock and taking a bicycle,stealing a thief cutting a lock and taking a bicycle
12,Stealing,22,ucf_manual_class_prompts_10x_v2.json,ucf_manual_class_prompts_10x_v2,10,4,0.3362286508083343,0.5080907940864563,0.8467835187911987,0.8592590093612671,-0.18346792459487915,Shoplifting,0.6915587186813354,a person lifting property while the owner is distracted,stealing a person lifting property while the owner is distracted
12,Stealing,23,ucf_manual_class_prompts_10x.json,ucf_manual_class_prompts_10x,10,4,0.33622863292694083,0.5080907940864563,0.846783459186554,0.8592590093612671,-0.18346792459487915,Shoplifting,0.6915587186813354,a person lifting property while the owner is distracted,stealing a person lifting property while the owner is distracted
12,Stealing,24,ucf_manual_class_prompts_5x_v4.json,ucf_manual_class_prompts_5x_v4,5,4,0.33565937876701357,0.5143047571182251,0.8305731415748596,0.8533247113227844,-0.1564205288887024,Shoplifting,0.6707252860069275,a thief removing a bicycle after handling its lock,stealing a thief removing a bicycle after handling its lock
12,Stealing,25,ucf_manual_class_prompts_10x.json,ucf_manual_class_prompts_10x,10,8,0.3339717805385589,0.5135411024093628,0.7951939702033997,0.8067848086357117,-0.12155437469482422,Shoplifting,0.635095477104187,a valuable object being taken stealthily during distraction,stealing a valuable object being taken stealthily during distraction
12,Stealing,26,ucf_manual_class_prompts_10x_v2.json,ucf_manual_class_prompts_10x_v2,10,8,0.3330752551555633,0.5422094464302063,0.8374752998352051,0.9463602900505066,-0.16541188955307007,Shoplifting,0.7076213359832764,a thief quietly taking property during owner distraction,stealing a thief quietly taking property during owner distraction
12,Stealing,27,ucf_manual_class_prompts_5x_v3.json,ucf_manual_class_prompts_5x_v3,5,2,0.33004104495048525,0.5086190104484558,0.8638989925384521,0.9171907901763916,-0.18970507383346558,RoadAccidents,0.6983240842819214,a suspect carrying property while the owner is distracted,stealing a suspect carrying property while the owner is distracted
12,Stealing,28,ucf_manual_class_prompts_5x_v4.json,ucf_manual_class_prompts_5x_v4,5,2,0.33004104495048525,0.5086190104484558,0.8638989925384521,0.9171907901763916,-0.18970507383346558,RoadAccidents,0.6983240842819214,a suspect carrying property while the owner is distracted,stealing a suspect carrying property while the owner is distracted
12,Stealing,29,ucf_manual_class_prompts_5x_v5.json,ucf_manual_class_prompts_5x_v5,5,0,0.3284928679466247,0.5092241168022156,0.8774822354316711,0.9468193054199219,-0.18821591138839722,Shoplifting,0.6974400281906128,a person taking another person's property without permission,stealing a person taking another person's property without permission
12,Stealing,30,ucf_manual_class_prompts_10x.json,ucf_manual_class_prompts_10x,10,6,0.3282357275485992,0.5183587074279785,0.8411257863044739,0.9164068102836609,-0.17819565534591675,Shoplifting,0.6965543627738953,a suspect removing a package or bag from public space,stealing a suspect removing a package or bag from public space
12,Stealing,31,ucf_manual_class_prompts_10x_v2.json,ucf_manual_class_prompts_10x_v2,10,6,0.3282357275485992,0.5183587074279785,0.8411257863044739,0.9164068102836609,-0.17819565534591675,Shoplifting,0.6965543627738953,a suspect removing a package or bag from public space,stealing a suspect removing a package or bag from public space
12,Stealing,32,ucf_manual_class_prompts_10x.json,ucf_manual_class_prompts_10x,10,2,0.32582293748855584,0.5046061277389526,0.8534551858901978,0.9125834107398987,-0.17436832189559937,Shoplifting,0.678974449634552,a suspect approaching a valuable item and carrying it away,stealing a suspect approaching a valuable item and carrying it away
12,Stealing,33,ucf_manual_class_prompts_10x_v2.json,ucf_manual_class_prompts_10x_v2,10,2,0.32582293748855584,0.5046061277389526,0.8534551858901978,0.9125834107398987,-0.17436832189559937,Shoplifting,0.678974449634552,a suspect approaching a valuable item and carrying it away,stealing a suspect approaching a valuable item and carrying it away
12,Stealing,34,ucf_manual_class_prompts_5x_v5.json,ucf_manual_class_prompts_5x_v5,5,4,0.3005633622407913,0.48424461483955383,0.8051389455795288,0.9155031442642212,-0.1843147575855255,Shoplifting,0.6685593724250793,a person carrying away stolen items,stealing a person carrying away stolen items
12,Stealing,35,ucf_manual_class_prompts_5x_v5.json,ucf_manual_class_prompts_5x_v5,5,1,0.2947065949440002,0.5011851191520691,0.7644050717353821,0.9260374307632446,-0.13958752155303955,Shoplifting,0.6407726407051086,a person secretly stealing an unattended object,stealing a person secretly stealing an unattended object
13,Vandalism,1,ucf_manual_class_prompts_10x.json,ucf_manual_class_prompts_10x,10,0,0.4038665354251862,0.6611957550048828,0.8541119694709778,0.9148246645927429,-0.047878921031951904,Shoplifting,0.7090746760368347,a person damaging property by smashing a window or door,vandalism a person damaging property by smashing a window or door
13,Vandalism,2,ucf_manual_class_prompts_5x_v5.json,ucf_manual_class_prompts_5x_v5,5,3,0.39442169666290283,0.6494230031967163,0.8096442222595215,0.8659153580665588,-0.046192049980163574,RoadAccidents,0.6956150531768799,property being damaged through vandalism or destruction,vandalism property being damaged through vandalism or destruction
13,Vandalism,3,ucf_manual_class_prompts_10x_v2.json,ucf_manual_class_prompts_10x_v2,10,7,0.3934313833713531,0.6252219080924988,0.8404173851013184,0.8565239310264587,-0.07138139009475708,Shoplifting,0.6966032981872559,a person painting graffiti directly onto public property,vandalism a person painting graffiti directly onto public property
13,Vandalism,4,ucf_manual_class_prompts_5x_v5.json,ucf_manual_class_prompts_5x_v5,5,4,0.39234995245933535,0.6358829736709595,0.8645787835121155,0.9248258471488953,-0.08761346340179443,Shoplifting,0.7234964370727539,a person breaking or marking property in a destructive way,vandalism a person breaking or marking property in a destructive way
13,Vandalism,5,ucf_manual_class_prompts_10x.json,ucf_manual_class_prompts_10x,10,9,0.39162361025810244,0.6385676860809326,0.8376348614692688,0.8947534561157227,-0.06456160545349121,Shoplifting,0.7031292915344238,"property damage happening without theft, fire, or confrontation","vandalism property damage happening without theft, fire, or confrontation"
13,Vandalism,6,ucf_manual_class_prompts_5x_v5.json,ucf_manual_class_prompts_5x_v5,5,1,0.3899835705757141,0.6316781044006348,0.8515962362289429,0.9066717624664307,-0.0600886344909668,Shoplifting,0.6917667388916016,a person destroying or defacing objects without taking them,vandalism a person destroying or defacing objects without taking them
13,Vandalism,7,ucf_manual_class_prompts_10x.json,ucf_manual_class_prompts_10x,10,6,0.3886174499988556,0.6375486850738525,0.832131564617157,0.8989818096160889,-0.09362798929214478,Shoplifting,0.7311766743659973,a person scratching and denting a parked vehicle,vandalism a person scratching and denting a parked vehicle
13,Vandalism,8,ucf_manual_class_prompts_10x_v2.json,ucf_manual_class_prompts_10x_v2,10,6,0.38861743211746214,0.6375486850738525,0.8321315050125122,0.8989818096160889,-0.09362798929214478,Shoplifting,0.7311766743659973,a person scratching and denting a parked vehicle,vandalism a person scratching and denting a parked vehicle
13,Vandalism,9,ucf_manual_class_prompts_5x_v4.json,ucf_manual_class_prompts_5x_v4,5,1,0.3874079346656799,0.6236492395401001,0.8344483375549316,0.873755931854248,-0.08579391241073608,Shoplifting,0.7094431519508362,someone scratching a parked vehicle with a tool,vandalism someone scratching a parked vehicle with a tool
13,Vandalism,10,ucf_manual_class_prompts_5x_v4.json,ucf_manual_class_prompts_5x_v4,5,0,0.38674497604370117,0.6112043857574463,0.828559160232544,0.8371248245239258,-0.06272351741790771,Shoplifting,0.673927903175354,a person spraying paint across a wall surface,vandalism a person spraying paint across a wall surface
13,Vandalism,11,ucf_manual_class_prompts_10x_v2.json,ucf_manual_class_prompts_10x_v2,10,5,0.38436900377273564,0.614526093006134,0.8685118556022644,0.9172379970550537,-0.09142595529556274,Shoplifting,0.7059520483016968,someone striking public property until visible damage appears,vandalism someone striking public property until visible damage appears
13,Vandalism,12,ucf_manual_class_prompts_5x_v4.json,ucf_manual_class_prompts_5x_v4,5,4,0.38278746008872977,0.6186420917510986,0.8143466114997864,0.8541878461837769,-0.054068684577941895,RoadAccidents,0.6727107763290405,a person marking property with deliberate graffiti strokes,vandalism a person marking property with deliberate graffiti strokes
13,Vandalism,13,ucf_manual_class_prompts_5x_v5.json,ucf_manual_class_prompts_5x_v5,5,2,0.37594664692878726,0.6304360032081604,0.7620987892150879,0.8395049571990967,-0.06846874952316284,Arrest,0.6989047527313232,"a person damaging a wall, vehicle, or public facility","vandalism a person damaging a wall, vehicle, or public facility"
13,Vandalism,14,ucf_manual_class_prompts_5x_v3.json,ucf_manual_class_prompts_5x_v3,5,4,0.37534733414649957,0.6024680137634277,0.8644210696220398,0.9260649681091309,-0.0762413740158081,Shoplifting,0.6787093877792358,a person deliberately damaging property with tools or kicks,vandalism a person deliberately damaging property with tools or kicks
13,Vandalism,15,ucf_manual_class_prompts_10x.json,ucf_manual_class_prompts_10x,10,4,0.3743586361408233,0.6544935703277588,0.746220052242279,0.8837708234786987,-0.10601431131362915,Arrest,0.7605078816413879,a vandal throwing an object at a storefront or car,vandalism a vandal throwing an object at a storefront or car
13,Vandalism,16,ucf_manual_class_prompts_10x_v2.json,ucf_manual_class_prompts_10x_v2,10,4,0.3743586361408233,0.6544935703277588,0.746220052242279,0.8837708234786987,-0.10601431131362915,Arrest,0.7605078816413879,a vandal throwing an object at a storefront or car,vandalism a vandal throwing an object at a storefront or car
13,Vandalism,17,ucf_manual_class_prompts_5x_v3.json,ucf_manual_class_prompts_5x_v3,5,1,0.37277076244354246,0.6267140507698059,0.7882660031318665,0.885330319404602,-0.08097773790359497,Arrest,0.7076917886734009,a suspect spraying graffiti directly onto public property,vandalism a suspect spraying graffiti directly onto public property
13,Vandalism,18,ucf_manual_class_prompts_10x.json,ucf_manual_class_prompts_10x,10,5,0.3714583992958068,0.6341680288314819,0.7188245058059692,0.8063648343086243,-0.06605446338653564,Arrest,0.7002224922180176,"deliberate destruction of signs, windows, equipment, or furniture","vandalism deliberate destruction of signs, windows, equipment, or furniture"
13,Vandalism,19,ucf_manual_class_prompts_10x.json,ucf_manual_class_prompts_10x,10,1,0.36967412829399104,0.5968994498252869,0.8544337749481201,0.9255286455154419,-0.08538657426834106,Shoplifting,0.6822860240936279,someone kicking or striking an object until it breaks,vandalism someone kicking or striking an object until it breaks
13,Vandalism,20,ucf_manual_class_prompts_10x.json,ucf_manual_class_prompts_10x,10,7,0.3679843544960022,0.619208574295044,0.7391089200973511,0.8167630434036255,-0.09610813856124878,RoadAccidents,0.7153167128562927,public property being defaced with paint or graffiti,vandalism public property being defaced with paint or graffiti
13,Vandalism,21,ucf_manual_class_prompts_5x_v5.json,ucf_manual_class_prompts_5x_v5,5,0,0.36624810099601746,0.5964642763137817,0.8523276448249817,0.9384116530418396,-0.09458351135253906,Shoplifting,0.6910477876663208,a person intentionally damaging public or private property,vandalism a person intentionally damaging public or private property
13,Vandalism,22,ucf_manual_class_prompts_10x_v2.json,ucf_manual_class_prompts_10x_v2,10,0,0.36602201461791983,0.5996654033660889,0.8420696258544922,0.9321578741073608,-0.08131968975067139,Shoplifting,0.6809850931167603,a person smashing a window or door with force,vandalism a person smashing a window or door with force
13,Vandalism,23,ucf_manual_class_prompts_5x_v3.json,ucf_manual_class_prompts_5x_v3,5,0,0.36602201461791983,0.5996654033660889,0.8420696258544922,0.9321578741073608,-0.08131968975067139,Shoplifting,0.6809850931167603,a person smashing a window or door with force,vandalism a person smashing a window or door with force
13,Vandalism,24,ucf_manual_class_prompts_10x_v2.json,ucf_manual_class_prompts_10x_v2,10,1,0.3623919427394867,0.5861539244651794,0.830547571182251,0.8992464542388916,-0.11163598299026489,Shoplifting,0.6977899074554443,someone kicking a fixture until visible pieces break,vandalism someone kicking a fixture until visible pieces break
13,Vandalism,25,ucf_manual_class_prompts_10x.json,ucf_manual_class_prompts_10x,10,8,0.36097586154937744,0.5937541723251343,0.8323065042495728,0.9279658794403076,-0.10198134183883667,Shoplifting,0.695735514163971,a suspect repeatedly hitting a fixture until pieces break,vandalism a suspect repeatedly hitting a fixture until pieces break
13,Vandalism,26,ucf_manual_class_prompts_10x_v2.json,ucf_manual_class_prompts_10x_v2,10,8,0.36058009862899776,0.5890334844589233,0.8382525444030762,0.9270620346069336,-0.09010624885559082,Shoplifting,0.6791397333145142,a suspect repeatedly hitting a fixture until it breaks,vandalism a suspect repeatedly hitting a fixture until it breaks
13,Vandalism,27,ucf_manual_class_prompts_10x.json,ucf_manual_class_prompts_10x,10,2,0.3424553751945496,0.5966751575469971,0.7069467306137085,0.8398311138153076,-0.11188793182373047,RoadAccidents,0.7085630893707275,a suspect spraying graffiti on a wall or vehicle,vandalism a suspect spraying graffiti on a wall or vehicle
13,Vandalism,28,ucf_manual_class_prompts_10x_v2.json,ucf_manual_class_prompts_10x_v2,10,2,0.33585408329963684,0.5850460529327393,0.6793202757835388,0.8023251295089722,-0.09023928642272949,Arrest,0.6752853393554688,a suspect spraying graffiti onto a wall with a can,vandalism a suspect spraying graffiti onto a wall with a can
13,Vandalism,29,ucf_manual_class_prompts_5x_v4.json,ucf_manual_class_prompts_5x_v4,5,3,0.31944577097892757,0.5367504358291626,0.756661593914032,0.8796396255493164,-0.024379730224609375,Robbery,0.561130166053772,a vandal hitting a sign until it bends,vandalism a vandal hitting a sign until it bends
13,Vandalism,30,ucf_manual_class_prompts_10x.json,ucf_manual_class_prompts_10x,10,3,0.3057655274868011,0.508947491645813,0.7811539769172668,0.915272057056427,-0.07914364337921143,Shoplifting,0.5880911350250244,a person breaking glass with repeated tool impacts,vandalism a person breaking glass with repeated tool impacts
13,Vandalism,31,ucf_manual_class_prompts_5x_v3.json,ucf_manual_class_prompts_5x_v3,5,2,0.3057655274868011,0.508947491645813,0.7811539769172668,0.915272057056427,-0.07914364337921143,Shoplifting,0.5880911350250244,a person breaking glass with repeated tool impacts,vandalism a person breaking glass with repeated tool impacts
13,Vandalism,32,ucf_manual_class_prompts_10x_v2.json,ucf_manual_class_prompts_10x_v2,10,3,0.3057655096054077,0.508947491645813,0.7811539173126221,0.915272057056427,-0.07914364337921143,Shoplifting,0.5880911350250244,a person breaking glass with repeated tool impacts,vandalism a person breaking glass with repeated tool impacts
13,Vandalism,33,ucf_manual_class_prompts_5x_v3.json,ucf_manual_class_prompts_5x_v3,5,3,0.27228196263313287,0.46706849336624146,0.7390291690826416,0.9148051738739014,-0.07702237367630005,Shoplifting,0.5440908670425415,someone striking fixtures until visible damage appears,vandalism someone striking fixtures until visible damage appears
13,Vandalism,34,ucf_manual_class_prompts_10x_v2.json,ucf_manual_class_prompts_10x_v2,10,9,0.2654921650886536,0.45517516136169434,0.7479172945022583,0.9323530197143555,-0.06793880462646484,Shoplifting,0.5231139659881592,a person deliberately damaging property without taking anything,vandalism a person deliberately damaging property without taking anything
13,Vandalism,35,ucf_manual_class_prompts_5x_v4.json,ucf_manual_class_prompts_5x_v4,5,2,0.09567593932151788,0.26189595460891724,0.5184682607650757,0.9540625810623169,-0.2905356287956238,Normal,0.552431583404541,a person repeatedly kicking a public fixture,vandalism a person repeatedly kicking a public fixture
