video_id,label,num_frames,positive_frames,baseline_classifier_mean,baseline_classifier_max,baseline_classifier_positive_mean,baseline_classifier_negative_mean,baseline_classifier_auc,baseline_classifier_ap,baseline_alignment_mean,baseline_alignment_max,baseline_alignment_positive_mean,baseline_alignment_negative_mean,baseline_alignment_auc,baseline_alignment_ap,manual_classifier_mean,delta_classifier_mean,manual_classifier_max,delta_classifier_max,manual_classifier_positive_mean,delta_classifier_positive_mean,manual_classifier_negative_mean,delta_classifier_negative_mean,manual_classifier_auc,delta_classifier_auc,manual_classifier_ap,delta_classifier_ap,manual_alignment_mean,delta_alignment_mean,manual_alignment_max,delta_alignment_max,manual_alignment_positive_mean,delta_alignment_positive_mean,manual_alignment_negative_mean,delta_alignment_negative_mean,manual_alignment_auc,delta_alignment_auc,manual_alignment_ap,delta_alignment_ap
Abuse028_x264,Abuse,1408,75,0.8617116808891296,0.9985138773918152,0.9662609100341797,0.8558292984962463,51.73643410852713,6.367688064496575,0.9958226680755615,0.9996578693389893,0.9981895089149475,0.9956895112991333,49.59189797449362,6.150696596618814,0.8177669048309326,-0.04394477605819702,0.9983768463134766,-0.00013703107833862305,0.9461758136749268,-0.02008509635925293,0.810542106628418,-0.04528719186782837,39.765441360340084,-11.970992748187044,5.120479409191547,-1.2472086553050286,0.9087803363800049,-0.08704233169555664,0.9972978830337524,-0.0023599863052368164,0.9789142608642578,-0.019275248050689697,0.9048344492912292,-0.09085506200790405,46.77519379844961,-2.816704176044013,5.763376036790671,-0.38732055982814284
Abuse030_x264,Abuse,1536,85,0.9929139614105225,0.9998125433921814,0.999457597732544,0.9925305843353271,69.11541735922488,9.577626597772973,0.9960942268371582,0.9987035393714905,0.9976728558540344,0.9960017800331116,49.40973770624721,6.223381187835201,0.9191120266914368,-0.0738019347190857,0.9960495829582214,-0.003762960433959961,0.9942119717597961,-0.005245625972747803,0.91471266746521,-0.07781791687011719,74.10994446021,4.994527100985124,11.062785316829435,1.4851587190564626,0.9820486903190613,-0.014045536518096924,0.9978070259094238,-0.0008965134620666504,0.9966902732849121,-0.0009825825691223145,0.9811909198760986,-0.01481086015701294,81.50443912920096,32.09470142295375,15.05346938070627,8.83008819287107
Arrest001_x264,Arrest,2368,300,0.4518764019012451,0.9980471134185791,0.9698720574378967,0.3767319321632385,98.38426821405545,90.03403346653347,0.6530710458755493,0.9905329346656799,0.9810068607330322,0.6054981350898743,99.59896840747905,97.37133478437828,0.21945208311080933,-0.2324243187904358,0.9958105087280273,-0.002236604690551758,0.9540777802467346,-0.01579427719116211,0.11288163810968399,-0.26385029405355453,99.47259832366215,1.0883301096067015,96.63476799468647,6.600734528152998,0.43075841665267944,-0.22231262922286987,0.9863287806510925,-0.004204154014587402,0.9618510007858276,-0.01915585994720459,0.3537140190601349,-0.2517841160297394,99.68407479045777,0.0851063829787222,97.95658356337704,0.5852487789987606
Arrest007_x264,Arrest,3136,630,0.7880198955535889,0.9999284744262695,0.9957724809646606,0.7357915639877319,99.70622886025919,99.15736607142858,0.9165781736373901,0.9999218583106995,0.9993320107460022,0.895774245262146,99.90891701186993,99.6533658140801,0.4386758506298065,-0.34934404492378235,0.993866503238678,-0.006061971187591553,0.906757652759552,-0.08901482820510864,0.3210016191005707,-0.41478994488716125,97.65097100292631,-2.055257857332876,92.94028052480523,-6.217085546623352,0.7344563007354736,-0.1821218729019165,0.9975259304046631,-0.002395927906036377,0.9789168834686279,-0.020415127277374268,0.6729997396469116,-0.22277450561523438,99.83392239577395,-0.07499461609597802,99.42919281154576,-0.2241730025343429
Arrest024_x264,Arrest,3616,2100,0.9995573163032532,0.9999921321868896,0.9998852610588074,0.9991028904914856,51.493152406081165,55.06442484182102,0.9997256398200989,0.9999205470085144,0.9997170567512512,0.9997373223304749,39.684633747958294,48.4604455660679,0.9995964765548706,3.916025161743164e-05,0.9999932050704956,1.0728836059570312e-06,0.9998925924301147,7.331371307373047e-06,0.9991863369941711,8.344650268554688e-05,55.52531725091092,4.032164844829758,65.76893494962388,10.70451010780286,0.9993380904197693,-0.00038754940032958984,0.9998183846473694,-0.00010216236114501953,0.9994689226150513,-0.00024813413619995117,0.9991567730903625,-0.0005805492401123047,67.74494283201406,28.060309084055767,63.58807020130506,15.127624635237161
Arrest030_x264,Arrest,8640,1665,0.9869815111160278,0.9999940395355225,0.9999823570251465,0.9838781356811523,94.27715457392877,78.17053623625138,0.9984167218208313,0.9999738335609436,0.9999187588691711,0.9980581998825073,80.21709020848806,34.57953957658516,0.962315559387207,-0.0246659517288208,0.9999855756759644,-8.463859558105469e-06,0.9999017715454102,-8.058547973632812e-05,0.953343391418457,-0.030534744262695312,84.14841938712907,-10.128735186799702,40.61855862018998,-37.5519776160614,0.9901021122932434,-0.00831460952758789,0.9998003244400024,-0.0001735091209411621,0.9996605515480042,-0.0002582073211669922,0.9878205060958862,-0.010237693786621094,80.23196960401262,0.014879395524559413,35.134481715957264,0.5549421393721019
Arrest039_x264,Arrest,15824,3120,0.31562724709510803,0.9983789920806885,0.42451947927474976,0.28888413310050964,59.54397565071369,23.391684099129716,0.3831726312637329,0.9992027878761292,0.4598191976547241,0.364348828792572,60.59185881289155,22.01382464863371,0.09445346146821976,-0.22117378562688828,0.9341907501220703,-0.06418824195861816,0.07323068380355835,-0.3512887954711914,0.09966560453176498,-0.18921852856874466,59.30213782858619,-0.2418378221275006,22.406373622555552,-0.9853104765741634,0.24892260134220123,-0.13425002992153168,0.9853468537330627,-0.013855934143066406,0.22028209269046783,-0.2395371049642563,0.2559564709663391,-0.10839235782623291,53.19007136859781,-7.401787444293738,19.486743699899566,-2.5270809487341452
Arson007_x264,Arson,6240,3450,0.957899808883667,0.9958055019378662,0.947363555431366,0.9709285497665405,40.183242428964725,47.75016439106431,0.9967396259307861,0.9988159537315369,0.9957154393196106,0.9980061054229736,20.153114123941616,44.81253779436939,0.9721827507019043,0.014282941818237305,0.9996325969696045,0.0038270950317382812,0.9643664956092834,0.01700294017791748,0.9818480014801025,0.010919451713562012,53.7754714040829,13.592228975118175,60.77331622010792,13.023151829043613,0.9880826473236084,-0.008656978607177734,0.9991448521614075,0.00032889842987060547,0.9855238795280457,-0.010191559791564941,0.9912468194961548,-0.006759285926818848,48.39010960469586,28.236995480754242,60.060250619701705,15.247712825332314
Arson009_x264,Arson,736,95,0.9960964918136597,0.9998841285705566,0.9980766177177429,0.9958029389381409,36.82322029723294,11.619719789387476,0.9986822605133057,0.9999508857727051,0.9986799359321594,0.9986826777458191,34.32712045323918,11.23853200278029,0.998662531375885,0.002566039562225342,0.9999493360519409,6.520748138427734e-05,0.9996462464332581,0.0015696287155151367,0.9985166788101196,0.0027137398719787598,46.15075129320962,9.32753099597668,13.192044266087507,1.5723244767000306,0.9985674023628235,-0.00011485815048217773,0.9995766878128052,-0.00037419795989990234,0.9986640810966492,-1.5854835510253906e-05,0.9985530376434326,-0.0001296401023864746,41.47384842762132,7.146727974382138,12.267961491307878,1.0294294885275868
Arson010_x264,Arson,3152,345,0.7839153409004211,0.9961961507797241,0.9833076596260071,0.7594085931777954,80.42662494901462,25.722674832918095,0.9570447206497192,0.9945799112319946,0.9928075671195984,0.9526492357254028,82.84542267519606,25.613980936556967,0.837826669216156,0.05391132831573486,0.9994295239448547,0.0032333731651306152,0.9978106021881104,0.014502942562103271,0.8181635141372681,0.058754920959472656,87.0750143275352,6.6483893785205765,30.188656074417462,4.465981241499367,0.9293566346168518,-0.02768808603286743,0.997520387172699,0.0029404759407043457,0.9943678975105286,0.0015603303909301758,0.9213663935661316,-0.03128284215927124,87.20223251395322,4.356809838757158,30.42736203388695,4.813381097329984
Arson011_x264,Arson,1264,854,0.9950112700462341,0.9997077584266663,0.9945997595787048,0.9958685040473938,62.822299651567945,84.5060374622714,0.9993823170661926,0.9997981786727905,0.9996566772460938,0.9988109469413757,98.08133889301422,99.00797730551056,0.9802901744842529,-0.014721095561981201,0.9939756989479065,-0.005732059478759766,0.9812894463539124,-0.01331031322479248,0.9782088398933411,-0.017659664154052734,60.37299365967898,-2.449305991888963,81.65392909891838,-2.852108363353011,0.9916872382164001,-0.0076950788497924805,0.9976465702056885,-0.0021516084671020508,0.9898552894592285,-0.009801387786865234,0.9955031871795654,-0.0033077597618103027,31.017878562860567,-67.06346033015365,61.14576638792493,-37.862210917585635
Arson016_x264,Arson,1792,792,0.785133957862854,0.9999029636383057,0.9992296695709229,0.615570068359375,99.99595959595959,99.98989898989899,0.9622316360473633,0.9996755719184875,0.9994420409202576,0.9327608346939087,99.99595959595959,99.98989898989899,0.5865503549575806,-0.19858360290527344,0.9989402890205383,-0.000962674617767334,0.992804765701294,-0.006424903869628906,0.2647968530654907,-0.3507732152938843,99.99595959595959,0.0,99.98989898989899,0.0,0.7922863364219666,-0.16994529962539673,0.9977535009384155,-0.0019220709800720215,0.995751142501831,-0.0036908984184265137,0.6311421394348145,-0.30161869525909424,99.99595959595959,0.0,99.98989898989899,0.0
Arson018_x264,Arson,832,330,0.9982958436012268,0.9998984336853027,0.9993827939033508,0.9975813627243042,60.67246166847761,42.24004651313983,0.9996012449264526,0.9998027682304382,0.999603271484375,0.9995996356010437,49.816491609320295,38.86924183618679,0.9964449405670166,-0.001850903034210205,0.999810516834259,-8.791685104370117e-05,0.9980995655059814,-0.0012832283973693848,0.9953572154045105,-0.002224147319793701,58.89532777978993,-1.777133888687679,41.23674696325569,-1.0032995498841402,0.9959601759910583,-0.003641068935394287,0.9988468885421753,-0.0009558796882629395,0.9960530400276184,-0.003550231456756592,0.9958990812301636,-0.003700554370880127,52.15380900639865,2.3373173970783583,38.30547111465539,-0.5637707215313981
Arson022_x264,Arson,8640,500,0.17088857293128967,0.9978341460227966,0.20723113417625427,0.16865621507167816,75.24855036855037,10.451115560881139,0.19434614479541779,0.9996037483215332,0.1678755283355713,0.19597209990024567,73.00147420147421,9.68167696248114,0.12092284858226776,-0.04996572434902191,0.9993883371353149,0.0015541911125183105,0.03790809586644173,-0.16932303830981255,0.12602202594280243,-0.04263418912887573,74.36638820638821,-0.8821621621621603,10.511806465673283,0.06069090479214445,0.20863071084022522,0.014284566044807434,0.9957250356674194,-0.0038787126541137695,0.27864009141921997,0.11076456308364868,0.20433035492897034,0.00835825502872467,76.89336609336608,3.8918918918918735,11.371421505908904,1.6897445434277643
Arson035_x264,Arson,1424,300,0.7763559818267822,0.9992513060569763,0.9986855983734131,0.717015266418457,88.60498220640571,70.8615977989792,0.9473569989204407,0.9996225833892822,0.9994032979011536,0.9334656000137329,99.67022538552787,98.72760270774977,0.7703939080238342,-0.005962073802947998,0.9993842840194702,0.00013297796249389648,0.9986922144889832,6.616115570068359e-06,0.7094601392745972,-0.007555127143859863,92.62870699881377,4.023724792408061,78.05633376995445,7.194735970975245,0.8935558199882507,-0.05380117893218994,0.9980292916297913,-0.0015932917594909668,0.9977491497993469,-0.0016541481018066406,0.8657462000846863,-0.06771939992904663,99.87900355871886,0.2087781731909928,99.53919823713875,0.8115955293889812
Arson041_x264,Arson,3744,1485,0.9899712204933167,0.9999760389328003,0.9986900091171265,0.9842398166656494,87.8709330280822,86.85469927528348,0.9993581771850586,0.9999215006828308,0.9996099472045898,0.9991926550865173,73.5513166190457,73.44281433032872,0.9750657081604004,-0.01490551233291626,0.9999154806137085,-6.0558319091796875e-05,0.9987810850143433,9.107589721679688e-05,0.9594758749008179,-0.024763941764831543,98.07156707997788,10.200634051895676,96.75141939380978,9.896720118526304,0.9951159954071045,-0.0042421817779541016,0.9997493028640747,-0.00017219781875610352,0.9982110261917114,-0.001398921012878418,0.9930815100669861,-0.00611114501953125,88.51005256937086,14.95873595032515,84.85597323709607,11.41315890676735
Assault006_x264,Assault,8096,6911,0.9767820239067078,0.9999532699584961,0.9811534881591797,0.9512874484062195,73.03534938186355,94.0607107569676,0.9967076778411865,0.9996147155761719,0.9974859356880188,0.9921685457229614,87.21578819798681,97.46402989205164,0.9278246760368347,-0.04895734786987305,0.9999438524246216,-9.417533874511719e-06,0.9745580554008484,-0.006595432758331299,0.6552720069885254,-0.2960154414176941,96.67664281305349,23.641293431189936,99.39057518618797,5.329864429220379,0.9815443158149719,-0.0151633620262146,0.9994844198226929,-0.0001302957534790039,0.9849697351455688,-0.012516200542449951,0.9615669250488281,-0.0306016206741333,81.61527485992795,-5.60051333805886,95.94438423046944,-1.519645661582203
Assault010_x264,Assault,16176,1020,0.8710532188415527,0.9990785121917725,0.9871956706047058,0.8632367849349976,93.37136913356,69.34718317514547,0.9958997964859009,0.9995843172073364,0.9991496801376343,0.9956810474395752,95.35978762051138,49.42276837812105,0.5770136117935181,-0.29403960704803467,0.9894630312919617,-0.009615480899810791,0.9425861239433289,-0.04460954666137695,0.5524106025695801,-0.3108261823654175,96.08324406563892,2.7118749320789277,60.418294040839,-8.928889134306473,0.8405264019966125,-0.15537339448928833,0.9942895770072937,-0.005294740200042725,0.986533522605896,-0.012616157531738281,0.830700159072876,-0.16498088836669922,97.83858330875238,2.478795688240993,68.42645998011693,19.003691601995882
Assault011_x264,Assault,2288,585,0.18547077476978302,0.5335298180580139,0.31966912746429443,0.1393720805644989,80.01801747544555,58.97961147964191,0.036148592829704285,0.08189702033996582,0.05701175332069397,0.028981857001781464,82.69042564403692,50.84262171518127,0.6185557842254639,0.43308500945568085,0.9650992751121521,0.4315694570541382,0.9181422591209412,0.5984731316566467,0.515644371509552,0.3762722909450531,83.31837732307491,3.300359847629366,65.49790077938265,6.5182892997407365,0.7483392357826233,0.712190642952919,0.9121657609939575,0.8302687406539917,0.8777400851249695,0.8207283318042755,0.7038885951042175,0.6749067381024361,84.54055437613863,1.8501287321017088,64.7949445164826,13.952322801301335
Burglary005_x264,Burglary,7728,330,0.9756871461868286,0.9999713897705078,0.9997075796127319,0.9746156930923462,75.0223238057788,8.006216790864459,0.992919921875,0.9983745813369751,0.9978688359260559,0.9926992058753967,93.25755527702,27.219298278077485,0.7942839860916138,-0.18140316009521484,0.9993066787719727,-0.0006647109985351562,0.9978063702583313,-0.0019012093544006348,0.7852054834365845,-0.18941020965576172,91.7580509064694,16.73572710069061,20.418258083917653,12.412041293053194,0.9662330150604248,-0.026686906814575195,0.9977559447288513,-0.0006186366081237793,0.9961965084075928,-0.0016723275184631348,0.9648965001106262,-0.027802705764770508,87.42600375203781,-5.8315515249821885,14.59832973607419,-12.620968542003295
Burglary017_x264,Burglary,2112,450,0.7980459332466125,0.991346538066864,0.8951343894004822,0.771758496761322,73.40205909881,31.78731746598257,0.9940235018730164,0.9982763528823853,0.9960899353027344,0.993463933467865,85.80157775103623,52.07764934905914,0.6365354061126709,-0.16151052713394165,0.9989192485809326,0.0075727105140686035,0.7048868536949158,-0.1902475357055664,0.6180287599563599,-0.15372973680496216,67.35633106030217,-6.045728038507832,28.02706066663244,-3.760256799350131,0.8153076171875,-0.17871588468551636,0.9984519481658936,0.00017559528350830078,0.8422900438308716,-0.1537998914718628,0.8080019354820251,-0.18546199798583984,63.039176360476,-22.762401390560235,25.236099755098124,-26.84154959396102
Burglary018_x264,Burglary,1120,330,0.9775689244270325,0.9986891150474548,0.99517822265625,0.9702132940292358,57.86191024165708,31.479371430385296,0.9956235885620117,0.9968234896659851,0.9961881041526794,0.9953876733779907,48.680475642500966,27.689003435399574,0.9855678081512451,0.007998883724212646,0.9983295798301697,-0.00035953521728515625,0.9951998591423035,2.1636486053466797e-05,0.9815442562103271,0.011330962181091309,43.807441503644036,-14.054468738013043,26.094777363970767,-5.384594066414529,0.9862226247787476,-0.00940096378326416,0.9953579306602478,-0.0014655590057373047,0.9917822480201721,-0.004405856132507324,0.983900249004364,-0.011487424373626709,56.08208668968162,7.401611047180651,30.404124567924885,2.7151211325253115
Burglary021_x264,Burglary,1536,640,0.9900563359260559,0.9975433945655823,0.9905263781547546,0.9897207021713257,23.69419642857143,29.291380330247502,0.9954221844673157,0.9986902475357056,0.9941042065620422,0.9963637590408325,23.482142857142858,29.84153722856754,0.96756511926651,-0.0224912166595459,0.99577796459198,-0.001765429973602295,0.9804126620292664,-0.010113716125488281,0.9583883285522461,-0.03133237361907959,61.685267857142854,37.99107142857142,46.24750878465276,16.956128454405256,0.9938977360725403,-0.0015244483947753906,0.9973774552345276,-0.0013127923011779785,0.9955297708511353,0.0014255642890930176,0.9927319884300232,-0.003631770610809326,64.70424107142858,41.22209821428572,50.84347609777501,21.00193886920747
Burglary024_x264,Burglary,3600,1170,0.8551924228668213,0.9362043142318726,0.8117175102233887,0.8761248588562012,22.45147901938025,22.387743444992562,0.9900637865066528,0.9948983192443848,0.985953688621521,0.9920427203178406,2.444022369948295,18.8487199808797,0.228864848613739,-0.6263275742530823,0.5128425359725952,-0.42336177825927734,0.36400583386421204,-0.44771167635917664,0.16379697620868683,-0.7123278826475143,94.98526256550947,72.53378354612923,81.98727220255815,59.59952875756558,0.747788667678833,-0.24227511882781982,0.8777909278869629,-0.11710739135742188,0.8082828521728516,-0.17767083644866943,0.7186619639396667,-0.27338075637817383,95.55140515634342,93.10738278639512,91.22758720205063,72.37886722117094
Burglary032_x264,Burglary,15792,2400,0.9388415217399597,0.9983882904052734,0.9795198440551758,0.9315515160560608,76.31700517722024,30.64313891182166,0.9984009861946106,0.9996887445449829,0.9989928007125854,0.9982949495315552,75.47361608920748,27.929841785555613,0.820257306098938,-0.11858421564102173,0.9998955726623535,0.0015072822570800781,0.9356796145439148,-0.043840229511260986,0.7995723485946655,-0.13197916746139526,77.22232178414974,0.9053166069295031,27.772215666182408,-2.8709232456392506,0.9836524724960327,-0.01474851369857788,0.9994370937347412,-0.0002516508102416992,0.9898035526275635,-0.009189248085021973,0.9825500845909119,-0.01574486494064331,75.06590999601752,-0.4077060931899581,25.35547284552192,-2.5743689400336933
Burglary033_x264,Burglary,1248,270,0.9137561321258545,0.9999761581420898,0.9999242424964905,0.8899674415588379,99.93410588502613,99.70315904139431,0.9904362559318542,0.9995739459991455,0.9992727637290955,0.9879968166351318,93.86275846398546,64.75922455024622,0.9615957736968994,0.04783964157104492,0.9998942613601685,-8.189678192138672e-05,0.9997022747993469,-0.0002219676971435547,0.951075553894043,0.06110811233520508,99.93410588502613,0.0,99.70315904139431,0.0,0.975642204284668,-0.01479405164718628,0.9991661310195923,-0.00040781497955322266,0.9988066554069519,-0.0004661083221435547,0.969247043132782,-0.018749773502349854,95.77747481632962,1.9147163523441577,81.48908933566655,16.729864785420332
Burglary035_x264,Burglary,4048,1739,0.9998481273651123,0.9999809265136719,0.9998738169670105,0.9998289346694946,93.71782192889239,94.96973452237404,0.9994125962257385,0.999835729598999,0.9994889497756958,0.9993550181388855,72.2290903086679,52.261643240017804,0.9993433356285095,-0.0005047917366027832,0.9999650716781616,-1.5854835510253906e-05,0.9998109340667725,-6.288290023803711e-05,0.998991072177887,-0.000837862491607666,95.63845103454219,1.9206291056497946,96.0266404707555,1.0569059483814556,0.9982411861419678,-0.001171410083770752,0.9992541670799255,-0.0005815625190734863,0.9990176558494568,-0.00047129392623901367,0.9976562857627869,-0.0016987323760986328,90.16386114190267,17.934770833234765,77.85426405464844,25.592620814630635
Burglary037_x264,Burglary,1920,1410,0.9947213530540466,0.9998849630355835,0.9990273118019104,0.982816755771637,96.40244750382423,98.65586217621929,0.9992823004722595,0.9997537136077881,0.9993818402290344,0.9990074038505554,84.55652899457655,93.67289336119022,0.9916694760322571,-0.0030518770217895508,0.9997395873069763,-0.00014537572860717773,0.9974718689918518,-0.0015554428100585938,0.9756278395652771,-0.007188916206359863,94.4755944931164,-1.9268530107078305,98.22273031463914,-0.4331318615801507,0.9960797429084778,-0.0032025575637817383,0.9988265037536621,-0.0009272098541259766,0.9976106882095337,-0.0017711520195007324,0.9918473958969116,-0.007160007953643799,90.00333750521486,5.446808510638306,96.35890468268778,2.68601132149756
Burglary061_x264,Burglary,8976,1500,0.8679232001304626,0.9945023059844971,0.9382994771003723,0.8538027405738831,87.18380595683968,80.5390952942049,0.9933741688728333,0.9973965883255005,0.995332658290863,0.9929812550544739,91.79461387551274,76.61520342424704,0.6996528506278992,-0.16827034950256348,0.979626476764679,-0.014875829219818115,0.8518783450126648,-0.08642113208770752,0.6691100597381592,-0.18469268083572388,93.04562154449793,5.861815587658256,84.51060541182466,3.971510117619758,0.9475117325782776,-0.045862436294555664,0.9918461441993713,-0.00555044412612915,0.9715874791145325,-0.023745179176330566,0.9426811337471008,-0.05030012130737305,75.67932940966648,-16.11528446584626,62.63373784504236,-13.98146557920468
Burglary076_x264,Burglary,12912,2710,0.6242148876190186,0.9609841108322144,0.6466238498687744,0.6182623505592346,49.871525082629766,18.930912727458452,0.9780318737030029,0.997644305229187,0.9904029965400696,0.9747456908226013,50.715292783196396,19.107860101957638,0.46764713525772095,-0.1565677523612976,0.8583247065544128,-0.10265940427780151,0.5596133470535278,-0.08701050281524658,0.44321775436401367,-0.17504459619522095,68.64390963062738,18.77238454799761,28.860811045079004,9.929898317620552,0.4219993054866791,-0.5560325682163239,0.8417215347290039,-0.1559227705001831,0.48885247111320496,-0.5015505254268646,0.40424078702926636,-0.570504903793335,70.1099126066736,19.394619823477207,28.85907691333798,9.751216811380342
Burglary079_x264,Burglary,14848,2960,0.639452338218689,0.9997780919075012,0.9967595338821411,0.5504862070083618,99.85313375286458,99.32603461570008,0.9383410811424255,0.9984244108200073,0.9970770478248596,0.9237163066864014,99.47137244916519,96.71061772012675,0.5327870845794678,-0.10666525363922119,0.9996042847633362,-0.00017380714416503906,0.9961485862731934,-0.0006109476089477539,0.41741442680358887,-0.13307178020477295,99.79020406678549,-0.06292968607908733,98.9905964010341,-0.33543821466598445,0.8243253231048584,-0.11401575803756714,0.9990323185920715,0.000607907772064209,0.996076762676239,-0.0010002851486206055,0.7815608382225037,-0.1421554684638977,99.74036957549744,0.2689971263322519,98.7081411775959,1.997523457469157
Burglary092_x264,Burglary,624,180,0.9702184796333313,0.9935245513916016,0.9690423607826233,0.9706951379776001,43.593593593593596,26.12467102141015,0.9919595718383789,0.9981125593185425,0.9892746806144714,0.9930481910705566,16.046046046046044,19.345980227337723,0.9770936369895935,0.006875157356262207,0.9985274076461792,0.005002856254577637,0.9775790572166443,0.008536696434020996,0.9768967032432556,0.006201565265655518,38.068068068068065,-5.525525525525531,24.191040441040442,-1.9336305803697087,0.9826206564903259,-0.009338915348052979,0.9962608218193054,-0.0018517374992370605,0.9758924841880798,-0.013382196426391602,0.9853482842445374,-0.007699906826019287,21.17117117117117,5.125125125125127,20.468554789325218,1.122574561987495
Explosion002_x264,Explosion,4000,600,0.8620659112930298,0.9966289401054382,0.9303942918777466,0.8500080704689026,55.681568627450986,48.19821437488159,0.9225325584411621,0.9951122403144836,0.9870256781578064,0.9111514687538147,59.160784313725486,48.51015656525753,0.762184202671051,-0.09988170862197876,0.9854142665863037,-0.011214673519134521,0.7679771184921265,-0.16241717338562012,0.7611619234085083,-0.08884614706039429,52.064313725490194,-3.6172549019607914,31.849829677225134,-16.348384697656453,0.8776679635047913,-0.04486459493637085,0.9925618171691895,-0.0025504231452941895,0.9652100801467896,-0.021815598011016846,0.8622193932533264,-0.04893207550048828,68.41254901960784,9.251764705882351,58.82823434023295,10.318077774975421
Explosion004_x264,Explosion,1888,150,0.9966143369674683,0.9999854564666748,0.9922956228256226,0.9969871640205383,16.29996164173379,5.266242163998933,0.9990835785865784,0.999813437461853,0.9995081424713135,0.9990469217300415,74.8500191791331,15.208272820624794,0.9994010329246521,0.002786695957183838,0.9999972581863403,1.1801719665527344e-05,0.9975526928901672,0.005257070064544678,0.999560534954071,0.002573370933532715,4.565400843881857,-11.734560797851934,4.639119750715687,-0.6271224132832458,0.9991236925125122,4.011392593383789e-05,0.9998083710670471,-5.066394805908203e-06,0.998368501663208,-0.0011396408081054688,0.9991888999938965,0.00014197826385498047,20.43651706942846,-54.41350210970464,5.458418533903138,-9.749854286721657
Explosion007_x264,Explosion,16288,690,0.9774187207221985,0.9999226331710815,0.9927476048469543,0.9767406582832336,56.64983061745188,4.525786014732006,0.9960662126541138,0.9999722242355347,0.9994826912879944,0.9959150552749634,64.3820742532952,5.737626892805835,0.9837039709091187,0.006285250186920166,0.9999090433120728,-1.3589859008789062e-05,0.8135606050491333,-0.17918699979782104,0.9912304878234863,0.014489829540252686,10.63635062837859,-46.01347998907329,2.308742423850889,-2.217043590881117,0.9952921271324158,-0.000774085521697998,0.9998294115066528,-0.00014281272888183594,0.9723716974258423,-0.0271109938621521,0.9963060021400452,0.0003909468650817871,7.930987064488015,-56.451087188807186,2.2817801266660815,-3.4558467661397536
Explosion008_x264,Explosion,1744,240,0.8950331211090088,0.9999692440032959,0.9955767393112183,0.8789888620376587,82.26507092198581,33.006703491357186,0.9899248480796814,0.9998602271080017,0.9992057681083679,0.988443911075592,69.3395390070922,20.15136958110005,0.5155802369117737,-0.3794528841972351,0.9996117949485779,-0.0003574490547180176,0.9714854955673218,-0.024091243743896484,0.4428294599056244,-0.4361594021320343,85.20390070921985,2.9388297872340416,43.64131519316244,10.634611701805255,0.9023968577384949,-0.08752799034118652,0.9975834488868713,-0.002276778221130371,0.9937571287155151,-0.005448639392852783,0.8878180384635925,-0.10062587261199951,88.02304964539006,18.68351063829786,63.10359929028594,42.95222970918589
Explosion010_x264,Explosion,2496,795,0.7032913565635681,0.9755982160568237,0.7785751819610596,0.6681057214736938,47.02135998432295,28.147962241911983,0.9427421689033508,0.9989928007125854,0.9923860430717468,0.9195398092269897,42.80926129283921,26.93747686989986,0.5640794634819031,-0.13921189308166504,0.9603040218353271,-0.015294194221496582,0.5692517757415771,-0.20932340621948242,0.5616621375083923,-0.10644358396530151,44.74848313422737,-2.272876850095578,27.488071739290156,-0.6598905026218276,0.7561252117156982,-0.1866169571876526,0.9786370992660522,-0.020355701446533203,0.8305521011352539,-0.16183394193649292,0.7213401794433594,-0.19819962978363037,47.12547927782029,4.31621798498108,28.38546211836536,1.4479852484654998
Explosion011_x264,Explosion,1568,150,0.12501445412635803,0.6799665689468384,0.08717291057109833,0.1290174424648285,66.5867418899859,13.802216723420882,0.1502983570098877,0.6938276290893555,0.12983325123786926,0.15246321260929108,69.77621062529384,14.940343851821854,0.10291173309087753,-0.0221027210354805,0.6209148168563843,-0.0590517520904541,0.0687256008386612,-0.018447309732437134,0.10652806609869003,-0.022489376366138458,71.23554301833569,4.648801128349788,15.649530068856365,1.8473133454354826,0.3123869299888611,0.1620885729789734,0.9065045714378357,0.21267694234848022,0.3931240439414978,0.26329079270362854,0.3038463294506073,0.15138311684131622,69.80629995298544,0.030089327691598555,15.006615610800642,0.06627175897878779
Explosion013_x264,Explosion,3312,450,0.47090575098991394,0.9997779726982117,0.9469028115272522,0.3960634768009186,95.08673033620623,83.76465185475391,0.7144436836242676,0.9997950196266174,0.9878283739089966,0.6714587211608887,97.57139529466573,90.72079450320761,0.5542826056480408,0.08337685465812683,0.9997658133506775,-1.2159347534179688e-05,0.9045548439025879,-0.04234796762466431,0.49920839071273804,0.10314491391181946,88.73344203742526,-6.353288298780967,46.85470404295877,-36.909947811795135,0.8688727021217346,0.15442901849746704,0.9983411431312561,-0.0014538764953613281,0.9868519902229309,-0.0009763836860656738,0.850322425365448,0.17886370420455933,93.42697414395526,-4.144421150710471,64.66203368490125,-26.058760818306368
Explosion016_x264,Explosion,960,270,0.5266688466072083,0.9549422264099121,0.42185279726982117,0.5676839351654053,39.03274288781535,23.32750355269849,0.6205200552940369,0.9301756024360657,0.5782278776168823,0.6370692849159241,36.12989801395599,22.628724976016677,0.07164953649044037,-0.4550193101167679,0.14644311368465424,-0.8084991127252579,0.03713773190975189,-0.3847150653600693,0.08515416085720062,-0.48252977430820465,30.70209339774558,-8.330649490069774,21.241749436299628,-2.0857541163988635,0.4906044006347656,-0.12991565465927124,0.7479504346847534,-0.18222516775131226,0.4659574031829834,-0.11227047443389893,0.5002488493919373,-0.13682043552398682,38.48309178743962,2.353193773483632,23.032953150151062,0.40422817413438494
Explosion017_x264,Explosion,1632,450,0.7852763533592224,0.9998602867126465,0.9979177117347717,0.7043216228485107,98.14438804286519,96.37931830099852,0.9634385108947754,0.9992538690567017,0.9978712201118469,0.9503295421600342,97.71122391426961,95.56106981023541,0.9923717975616455,0.2070954442024231,0.9999749660491943,0.00011467933654785156,0.9998849630355835,0.0019672513008117676,0.9895114302635193,0.28518980741500854,98.04812934762172,-0.09625869524346342,96.072463679524,-0.30685462147451403,0.9866029620170593,0.023164451122283936,0.9990605115890503,-0.0001933574676513672,0.9984676241874695,0.0005964040756225586,0.9820860028266907,0.031756460666656494,96.50799022372625,-1.2032336905433567,92.49669952060196,-3.0643702896334446
Explosion020_x264,Explosion,1280,210,0.9505796432495117,0.9994738698005676,0.9955364465713501,0.9417563676834106,72.66488651535381,25.874869389516803,0.9978550672531128,0.9996650218963623,0.9992405772209167,0.9975832104682922,76.25367156208279,28.167871045690596,0.9871397018432617,0.03656005859375,0.9992868304252625,-0.00018703937530517578,0.9961225390434265,0.000586092472076416,0.9853768944740295,0.043620526790618896,70.38629283489098,-2.2785936804628335,24.846187506956394,-1.0286818825604094,0.9960796236991882,-0.0017754435539245605,0.9987800717353821,-0.0008849501609802246,0.9981526732444763,-0.0010879039764404297,0.995672881603241,-0.0019103288650512695,82.79038718291055,6.5367156208277635,35.49010298242421,7.3222319367336155
Explosion021_x264,Explosion,768,135,0.9552720189094543,0.9999903440475464,0.9990637898445129,0.9459325671195984,31.73541630097712,14.06620191260714,0.993546724319458,0.9998800754547119,0.9995329976081848,0.9922700524330139,42.52003978702241,15.993608788761652,0.9172355532646179,-0.038036465644836426,0.9999817609786987,-8.58306884765625e-06,0.9970936179161072,-0.0019701719284057617,0.9002041220664978,-0.045728445053100586,35.12433444502955,3.3889181440524254,14.649664399632767,0.5834624870256278,0.9696720242500305,-0.02387470006942749,0.99955815076828,-0.00032192468643188477,0.997917890548706,-0.0016151070594787598,0.9636480212211609,-0.028622031211853027,48.043414662687965,5.523374875665553,17.477618502500476,1.4840097137388248
Explosion022_x264,Explosion,3584,190,0.11346597969532013,0.99854576587677,0.9924660921096802,0.06425854563713074,99.98790435133206,99.65334008097166,0.24750439822673798,0.9951902031898499,0.9841138124465942,0.20626814663410187,99.9184319077009,98.53127136021872,0.07890176773071289,-0.03456421196460724,0.9943544864654541,-0.004191279411315918,0.9684732556343079,-0.023992836475372314,0.02910252846777439,-0.035156017169356346,99.95316812951648,-0.034736221815578006,99.11881977671452,-0.5345203042571427,0.24401332437992096,-0.0034910738468170166,0.99565589427948,0.00046569108963012695,0.9901835918426514,0.006069779396057129,0.20224183797836304,-0.004026308655738831,99.96309276432093,0.044660856620026834,99.23786739576214,0.7065960355434129
Explosion025_x264,Explosion,496,160,0.001150451134890318,0.009439682587981224,0.0009470013901591301,0.0012473318492993712,66.30952380952381,40.297428266178265,0.014958448708057404,0.025424182415008545,0.02144240215420723,0.011870852671563625,99.52380952380952,98.96474358974359,0.0006249381112866104,-0.0005255130236037076,0.0058544352650642395,-0.0035852473229169846,0.00022525465465150774,-0.0007217467355076224,0.000815263541880995,-0.0004320683074183762,62.976190476190474,-3.3333333333333357,38.02136303239244,-2.276065233785822,0.035892046988010406,0.020933598279953003,0.061154723167419434,0.03573054075241089,0.05189096927642822,0.030448567122220993,0.028273513540625572,0.016402660869061947,99.64285714285714,0.1190476190476204,99.12500000000001,0.160256410256423
Explosion027_x264,Explosion,768,75,0.9326238632202148,0.9891167283058167,0.9210697412490845,0.933874249458313,23.87974987974988,7.411341815320241,0.9858519434928894,0.9917867183685303,0.9837878346443176,0.9860753417015076,26.003848003848002,7.831110418835752,0.7967355847358704,-0.13588827848434448,0.9421948790550232,-0.04692184925079346,0.8281393647193909,-0.0929303765296936,0.7933369278907776,-0.1405373215675354,53.03222703222703,29.152477152477147,11.632678513113296,4.221336697793055,0.9511027336120605,-0.03474920988082886,0.9864300489425659,-0.0053566694259643555,0.9640063643455505,-0.01978147029876709,0.9497061371803284,-0.0363692045211792,41.457431457431454,15.453583453583452,9.505595723643555,1.6744853048078037
Explosion028_x264,Explosion,1696,420,0.8404602408409119,0.9988874793052673,0.9396986365318298,0.807795524597168,34.899238692342145,19.29539620200448,0.9424685835838318,0.9986956119537354,0.9776875972747803,0.9308761358261108,22.873563218390807,17.145166134662936,0.8041342496871948,-0.03632599115371704,0.9990121126174927,0.0001246333122253418,0.7941250801086426,-0.14557355642318726,0.8074287176132202,-0.0003668069839477539,21.942080907598154,-12.957157784743991,17.112525062166924,-2.1828711398375553,0.9591512084007263,0.01668262481689453,0.9960070848464966,-0.0026885271072387695,0.9634483456611633,-0.014239251613616943,0.9577366709709167,0.026860535144805908,21.942080907598154,-0.9314823107926529,17.112525062166924,-0.03264107249601267
Explosion029_x264,Explosion,2400,190,0.9535583257675171,0.9955360889434814,0.9707807898521423,0.9520777463912964,64.87211240771612,10.871317032070875,0.9952470064163208,0.9981523752212524,0.9980370998382568,0.9950070381164551,99.34889259347464,91.865447418079,0.9815995097160339,0.028041183948516846,0.9988778233528137,0.0033417344093322754,0.9878130555152893,0.017032265663146973,0.9810653924942017,0.028987646102905273,37.79518933079304,-27.076923076923073,6.543738675673039,-4.3275783563978365,0.9914524555206299,-0.003794550895690918,0.9974302649497986,-0.0007221102714538574,0.9948903918266296,-0.0031467080116271973,0.9911569356918335,-0.003850102424621582,69.47511312217195,-29.873779471302697,12.080531676897714,-79.7849157411813
Explosion033_x264,Explosion,3152,1982,0.7355179190635681,0.9996402263641357,0.98082435131073,0.31996458768844604,98.44420295479833,99.09836102261956,0.9019203782081604,0.9998772144317627,0.9932818412780762,0.7471523284912109,93.9842341759597,93.73873989008435,0.5134931802749634,-0.22202473878860474,0.9959909319877625,-0.003649294376373291,0.7397790551185608,-0.2410452961921692,0.1301611214876175,-0.18980346620082855,92.942378845507,-5.501824109291334,95.42871199192538,-3.669649030694174,0.8491280674934387,-0.05279231071472168,0.9983201622962952,-0.0015570521354675293,0.9293302297592163,-0.06395161151885986,0.7132641673088074,-0.033888161182403564,89.27311616514442,-4.711118010815284,90.85945254276923,-2.8792873473151133
Explosion035_x264,Explosion,2864,100,0.8181776404380798,0.99608314037323,0.7730225920677185,0.8198113441467285,24.784370477568736,2.6044357353967054,0.9882277250289917,0.9996622800827026,0.9875171184539795,0.9882535338401794,18.67149059334298,2.434556554624819,0.8494626879692078,0.03128504753112793,0.999933123588562,0.0038499832153320312,0.7700476050376892,-0.002974987030029297,0.8523357510566711,0.03252440690994263,20.685962373371925,-4.09840810419681,2.470999257736351,-0.1334364776603545,0.9531928300857544,-0.035034894943237305,0.9996925592422485,3.0279159545898438e-05,0.9674717783927917,-0.020045340061187744,0.9526761770248413,-0.035577356815338135,24.04341534008683,5.371924746743851,2.61375085728832,0.17919430266350078
Explosion036_x264,Explosion,5312,120,0.9990744590759277,0.9999945163726807,0.9997060298919678,0.9990599155426025,23.045711350796097,1.6229619927456127,0.999206006526947,0.9999295473098755,0.9997339844703674,0.9991938471794128,76.93888032871084,5.118190056697529,0.9994983077049255,0.00042384862899780273,0.9999886751174927,-5.841255187988281e-06,0.9995021224021912,-0.00020390748977661133,0.999498188495636,0.00043827295303344727,11.545968156137649,-11.499743194658448,1.4168327863853438,-0.20612920636026888,0.9989656209945679,-0.0002403855323791504,0.99969482421875,-0.00023472309112548828,0.998772382736206,-0.000961601734161377,0.9989700317382812,-0.0002238154411315918,34.79198767334361,-42.146892655367225,1.8498629026375348,-3.268327154059994
Explosion039_x264,Explosion,992,90,0.9581896066665649,0.9994409680366516,0.957200288772583,0.9582883715629578,35.59251047055925,7.850786268663898,0.9925411343574524,0.999336838722229,0.9944822788238525,0.9923473000526428,39.219019462921906,8.262708142396663,0.9607987403869629,0.0026091337203979492,0.9997522234916687,0.00031125545501708984,0.9434919357299805,-0.013708353042602539,0.9625255465507507,0.004237174987792969,21.244148805124414,-14.348361665434833,6.3863276435125265,-1.4644586251513712,0.989500105381012,-0.0030410289764404297,0.9996805787086487,0.00034373998641967773,0.9896425604820251,-0.004839718341827393,0.9894858598709106,-0.0028614401817321777,27.787632421778763,-11.431387041143143,6.9690031660291485,-1.2937049763675148
Explosion043_x264,Explosion,7632,140,0.5442110300064087,0.9998316764831543,0.977740466594696,0.5361098647117615,68.01235603691556,2.8915917867783416,0.5109182000160217,0.9995599985122681,0.9887679815292358,0.5019888877868652,59.59194569445504,2.479055930086418,0.8044580817222595,0.26024705171585083,0.9999215602874756,8.988380432128906e-05,0.9966937303543091,0.018953263759613037,0.8008658289909363,0.2647559642791748,70.33712150102967,2.3247654641141082,3.133046028645023,0.2414542418666814,0.9423377513885498,0.4314195513725281,0.9992489218711853,-0.00031107664108276367,0.9934173822402954,0.00464940071105957,0.9413832426071167,0.43939435482025146,62.19739150331783,2.6054458088627896,2.568187127135481,0.08913119704906292
Fighting003_x264,Fighting,3088,1268,0.9872317910194397,0.9998700618743896,0.9958733916282654,0.9812111854553223,62.84292994072174,63.62918269825446,0.9992665648460388,0.9998982548713684,0.9994403719902039,0.9991454482078552,66.46757028460499,64.33597124574729,0.9525034427642822,-0.03472834825515747,0.9990808963775635,-0.0007891654968261719,0.9663389921188354,-0.02953439950942993,0.9428640007972717,-0.03834718465805054,60.28876486289736,-2.554165077824379,62.4325570125628,-1.1966256856916573,0.9905248284339905,-0.00874173641204834,0.9993071556091309,-0.0005910992622375488,0.988580048084259,-0.010860323905944824,0.9918797612190247,-0.007265686988830566,45.49069227302665,-20.976878011578336,55.906559630523866,-8.429411615223422
Fighting018_x264,Fighting,1376,340,0.9669985175132751,0.9999903440475464,0.9979129433631897,0.9568527936935425,69.93186463774698,54.54344239512856,0.9951386451721191,0.999989926815033,0.9999691843986511,0.9935533404350281,88.89166477401773,83.35119740652506,0.8832234144210815,-0.0837751030921936,0.9996039271354675,-0.0003864169120788574,0.985851526260376,-0.01206141710281372,0.8495424389839172,-0.10731035470962524,77.39041562570974,7.458550987962752,65.46742232652862,10.923979931400062,0.9870696067810059,-0.008069038391113281,0.9997952580451965,-0.00019466876983642578,0.9983218908309937,-0.0016472935676574707,0.9833767414093018,-0.010176599025726318,71.66704519645697,-17.22461957756076,56.925716183745024,-26.425481222780036
Fighting033_x264,Fighting,1104,270,0.9892849922180176,0.9999953508377075,0.9999523162841797,0.985831618309021,88.92352784439116,78.21823642919273,0.9987578392028809,0.9999605417251587,0.9999231696128845,0.9983805418014526,82.61390887290169,49.059542326737024,0.9601128697395325,-0.029172122478485107,0.9998968839645386,-9.846687316894531e-05,0.9992888569831848,-0.000663459300994873,0.9474300146102905,-0.03840160369873047,91.70885513811173,2.78532729372057,86.0974422946276,7.879205865434869,0.985579788684845,-0.013178050518035889,0.999552309513092,-0.0004082322120666504,0.9984899163246155,-0.001433253288269043,0.9814003705978394,-0.01698017120361328,80.56754596322942,-2.0463629096722684,44.713994626843686,-4.345547699893338
Fighting042_x264,Fighting,2224,910,0.9744382500648499,0.9998427629470825,0.99827641248703,0.9579294323921204,99.26823556960542,99.05989028381748,0.9965881705284119,0.9992939233779907,0.9985870122909546,0.995203971862793,96.25754762741063,94.5787647798097,0.8586414456367493,-0.11579680442810059,0.9993994235992432,-0.00044333934783935547,0.9921215176582336,-0.006154894828796387,0.7662009000778198,-0.19172853231430054,97.08983558298627,-2.178399986619155,95.51014446936281,-3.549745814454667,0.9780105352401733,-0.018577635288238525,0.999396562576294,0.00010263919830322266,0.9976277351379395,-0.0009592771530151367,0.9644247889518738,-0.03077918291091919,97.19420609831569,0.9366584709050585,95.79792131511097,1.2191565353012663
Fighting047_x264,Fighting,4448,1630,0.7970758080482483,0.9998224377632141,0.7414877414703369,0.8292292356491089,59.583614537569616,63.49653837011955,0.9417999982833862,0.9993445873260498,0.8897968530654907,0.9718798398971558,61.29182686237029,66.35695540417888,0.5859181880950928,-0.21115761995315552,0.991696298122406,-0.008126139640808105,0.6029432415962219,-0.138544499874115,0.5760704874992371,-0.2531587481498718,57.33827672238503,-2.245337815184584,59.95952317014248,-3.53701519997707,0.8522529006004333,-0.08954709768295288,0.9967855215072632,-0.002559065818786621,0.7714855074882507,-0.11831134557723999,0.8989706635475159,-0.07290917634963989,55.67534735072953,-5.616479511640762,62.39700638583992,-3.9599490183389534
RoadAccidents001_x264,RoadAccidents,1360,90,0.9955945014953613,0.9999200105667114,0.9956112504005432,0.9955931901931763,16.544181977252848,4.672321795406358,0.9988023042678833,0.9998025298118591,0.9982947707176208,0.9988382458686829,16.65616797900263,4.616834779704153,0.9979161620140076,0.0023216605186462402,0.9999849796295166,6.496906280517578e-05,0.9984402060508728,0.00282895565032959,0.997879147529602,0.0022859573364257812,16.544181977252844,-3.552713678800501e-15,4.672321795406358,0.0,0.9985873699188232,-0.0002149343490600586,0.9998136758804321,1.1146068572998047e-05,0.9976497888565063,-0.000644981861114502,0.9986538887023926,-0.0001843571662902832,16.544181977252848,-0.11198600174978068,4.672321795406358,0.055487015702205156
RoadAccidents002_x264,RoadAccidents,336,60,0.3034098744392395,0.9980212450027466,0.8929956555366516,0.17523904144763947,87.10144927536231,48.00000000000001,0.4440094530582428,0.9995854496955872,0.9641193151473999,0.3309420645236969,87.10144927536231,48.00000000000001,0.2830931842327118,-0.02031669020652771,0.9902702569961548,-0.007750988006591797,0.8149510622024536,-0.078044593334198,0.16747184097766876,-0.007767200469970703,87.10144927536231,0.0,48.00000000000001,0.0,0.47930023074150085,0.03529077768325806,0.9973247647285461,-0.0022606849670410156,0.9600604772567749,-0.004058837890625,0.37478721141815186,0.043845146894454956,87.10144927536231,0.0,48.00000000000001,0.0
RoadAccidents004_x264,RoadAccidents,384,49,0.19503384828567505,0.7156179547309875,0.06792813539505005,0.21362543106079102,34.64818763326226,12.203251601392436,0.13545723259449005,0.5910197496414185,0.0597001388669014,0.1465381383895874,41.76363082546452,13.570517492711371,0.08114785701036453,-0.11388599127531052,0.6566044688224792,-0.0590134859085083,0.006406974513083696,-0.06152116088196635,0.09208011627197266,-0.12154531478881836,25.48583612549497,-9.16235150776729,10.912162562393378,-1.2910890389990577,0.35895195603370667,0.2234947234392166,0.7919220924377441,0.20090234279632568,0.25623396039009094,0.19653382152318954,0.3739764392375946,0.2274383008480072,41.76363082546452,0.0,13.570517492711371,0.0
RoadAccidents009_x264,RoadAccidents,912,30,0.37581169605255127,0.5244616270065308,0.2331099659204483,0.38066551089286804,21.21693121693122,3.1020122051789545,0.7066810727119446,0.8081365823745728,0.6505087018013,0.7085916996002197,29.198790627362055,3.4674796747967482,0.4480436146259308,0.07223191857337952,0.5950021743774414,0.07054054737091064,0.3392140567302704,0.10610409080982208,0.45174533128738403,0.07107982039451599,22.91005291005291,1.693121693121693,3.1847545219638245,0.08274231678486998,0.6699098348617554,-0.03677123785018921,0.8093439340591431,0.0012073516845703125,0.5910522937774658,-0.05945640802383423,0.672592043876648,-0.03599965572357178,29.198790627362055,0.0,3.4674796747967482,0.0
RoadAccidents010_x264,RoadAccidents,528,40,0.7588064074516296,0.9797652363777161,0.8798812627792358,0.7488822937011719,47.049180327868854,9.257610939112487,0.9483808279037476,0.9899402260780334,0.954055666923523,0.9479156732559204,50.32786885245901,9.798049428104576,0.8554877042770386,0.09668129682540894,0.9878190755844116,0.008053839206695557,0.9723655581474304,0.09248429536819458,0.8459075093269348,0.09702521562576294,47.049180327868854,0.0,9.257610939112487,0.0,0.9310008883476257,-0.017379939556121826,0.9888919591903687,-0.001048266887664795,0.9733003377914429,0.019244670867919922,0.927533745765686,-0.020381927490234375,48.19672131147541,-2.131147540983605,9.370202850877194,-0.42784657722738295
RoadAccidents011_x264,RoadAccidents,2144,40,0.25385889410972595,0.8780470490455627,0.19609491527080536,0.25495702028274536,45.057034220532316,2.198153409090909,0.20975500345230103,0.7893293499946594,0.28218793869018555,0.20837794244289398,79.73384030418251,5.697595588899937,0.5273523926734924,0.2734934985637665,0.9971086382865906,0.11906158924102783,0.32464852929115295,0.1285536140203476,0.5312060713768005,0.2762490510940552,16.38783269961977,-28.669201520912544,1.4893167551907291,-0.70883665390018,0.9669173359870911,0.75716233253479,0.9968578219413757,0.2075284719467163,0.9665813446044922,0.6843934059143066,0.9669237732887268,0.7585458308458328,37.452471482889734,-42.28136882129277,1.9668560606060606,-3.730739528293876
RoadAccidents012_x264,RoadAccidents,464,140,0.2515156865119934,0.6008828282356262,0.28886398673057556,0.23537757992744446,75.96119929453262,45.95262723387724,0.14482852816581726,0.19423264265060425,0.16919776797294617,0.134298637509346,91.26984126984127,73.32522239665097,0.10603295266628265,-0.14548273384571075,0.5015468597412109,-0.09933596849441528,0.07899560779333115,-0.20986837893724442,0.11771576851606369,-0.11766181141138077,62.34567901234568,-13.615520282186942,35.655999327715385,-10.296627906161852,0.4513738453388214,0.30654531717300415,0.5881606340408325,0.39392799139022827,0.521001398563385,0.35180363059043884,0.4212879240512848,0.2869892865419388,82.66313932980599,-8.606701940035279,53.98415869844442,-19.341063698206554
RoadAccidents016_x264,RoadAccidents,2192,190,0.19329096376895905,0.8276540040969849,0.4597426950931549,0.16800332069396973,79.34328829065672,42.60026931875713,0.010253619402647018,0.048538804054260254,0.02547089196741581,0.008809422142803669,83.88611388611389,46.062039675631404,0.03419296815991402,-0.15909799560904503,0.5971775650978088,-0.23047643899917603,0.14244890213012695,-0.31729379296302795,0.02391892857849598,-0.14408439211547375,84.87039276512961,5.5271044744728925,39.36425260730476,-3.236016711452365,0.09875969588756561,0.0885060764849186,0.46835464239120483,0.4198158383369446,0.27765852212905884,0.25218763016164303,0.0817812830209732,0.07297186087816954,87.41942268258059,3.5333087964666987,56.871027249143594,10.80898757351219
RoadAccidents017_x264,RoadAccidents,240,70,0.12218689918518066,0.1779962033033371,0.08856066316366196,0.13603298366069794,11.008403361344534,20.544574473145904,0.33798232674598694,0.4539145231246948,0.41584059596061707,0.30592310428619385,64.78991596638654,38.78684807256236,0.5838687419891357,0.4616818428039551,0.8147590756416321,0.636762872338295,0.4848972260951996,0.39633656293153763,0.6246216893196106,0.48858870565891266,31.983193277310917,20.974789915966383,25.44784580498866,4.903271331842756,0.8537092804908752,0.5157269537448883,0.9397981762886047,0.4858836531639099,0.8403584361076355,0.42451784014701843,0.8592066764831543,0.5532835721969604,35.21008403361344,-29.579831932773104,26.459750566893426,-12.327097505668931
RoadAccidents019_x264,RoadAccidents,1312,150,0.6096227169036865,0.9985917210578918,0.9034808278083801,0.5716891884803772,64.42111302352266,15.991720855020827,0.9439534544944763,0.9988415837287903,0.984790563583374,0.9386818408966064,65.54102122776821,16.192529017521785,0.8624289631843567,0.25280624628067017,0.9999402761459351,0.0013485550880432129,0.9872171878814697,0.0837363600730896,0.8463203310966492,0.274631142616272,64.54962707974757,0.1285140562249012,16.070848878297785,0.079128023276958,0.9687016010284424,0.024748146533966064,0.9986891150474548,-0.00015246868133544922,0.995966374874115,0.011175811290740967,0.9651820063591003,0.026500165462493896,73.14170969592656,7.600688468158353,19.602336936729724,3.409807919207939
RoadAccidents020_x264,RoadAccidents,1760,120,0.8899043798446655,0.9997559189796448,0.9867387413978577,0.8828189969062805,65.3821138211382,10.098970213723577,0.9746208786964417,0.9963893890380859,0.9889376759529114,0.9735732674598694,76.14634146341463,13.787758099180515,0.9900132417678833,0.10010886192321777,0.9999680519104004,0.00021213293075561523,0.9991224408149719,0.012383699417114258,0.9893468618392944,0.10652786493301392,73.91869918699186,8.536585365853654,12.773143418748752,2.674173205025175,0.9795372486114502,0.004916369915008545,0.9956777095794678,-0.0007116794586181641,0.9919610619544983,0.003023386001586914,0.9786282181739807,0.005054950714111328,80.08130081300814,3.9349593495935125,16.162816607722274,2.375058508541759
RoadAccidents021_x264,RoadAccidents,144,60,0.6819291710853577,0.7395853400230408,0.7276223301887512,0.6492911577224731,98.88888888888889,97.60416666666667,0.881031334400177,0.9436544179916382,0.9148710370063782,0.8568602800369263,63.96825396825396,51.45833333333334,0.9415412545204163,0.2596120834350586,0.9615919589996338,0.22200661897659302,0.9462139010429382,0.218591570854187,0.9382038116455078,0.28891265392303467,36.031746031746025,-62.85714285714286,38.30952380952381,-59.29464285714286,0.9835919141769409,0.10256057977676392,0.9849963784217834,0.041341960430145264,0.9829586148262024,0.06808757781982422,0.9840443730354309,0.12718409299850464,22.063492063492063,-41.9047619047619,34.22222222222222,-17.23611111111112
RoadAccidents022_x264,RoadAccidents,704,100,0.17696410417556763,0.8547824025154114,0.07636935263872147,0.19361886382102966,39.88079470198676,12.748840361116576,0.4720703363418579,0.9548161029815674,0.43790191411972046,0.47772738337516785,47.29801324503312,14.289413021944783,0.15949854254722595,-0.017465561628341675,0.9328375458717346,0.07805514335632324,0.052611298859119415,-0.02375805377960205,0.17719510197639465,-0.01642376184463501,49.94701986754967,10.066225165562912,14.899109257642499,2.1502688965259225,0.5211954712867737,0.04912513494491577,0.9663753509521484,0.011559247970581055,0.5302265882492065,0.09232467412948608,0.519700288772583,0.04197290539741516,50.158940397350996,2.8609271523178776,14.94811174066672,0.6586987187219364
RoadAccidents121_x264,RoadAccidents,1824,60,0.9882077574729919,0.9999569654464722,0.9968435764312744,0.9879140257835388,19.463340891912324,2.5131596573506028,0.9920257925987244,0.9996816515922546,0.9958040714263916,0.9918972849845886,20.521541950113377,2.519827492541676,0.9944765567779541,0.006268799304962158,0.9999854564666748,2.849102020263672e-05,0.9992031455039978,0.0023595690727233887,0.9943158626556396,0.00640183687210083,19.856386999244144,0.3930461073318199,2.5277663908389076,0.01460673348830488,0.9959202408790588,0.0038944482803344727,0.9996612071990967,-2.0444393157958984e-05,0.9985643029212952,0.0027602314949035645,0.9958302974700928,0.00393301248550415,27.928949357520782,7.407407407407405,2.7348967813979046,0.21506928885622845
RoadAccidents122_x264,RoadAccidents,640,60,0.3345372974872589,0.5556278824806213,0.3832860589027405,0.32949429750442505,51.74712643678161,11.389774942406522,0.4449911117553711,0.623375415802002,0.4629538953304291,0.4431329071521759,51.74712643678161,11.389774942406522,0.7164057493209839,0.381868451833725,0.9709751605987549,0.41534727811813354,0.8756904602050781,0.49240440130233765,0.6999280452728271,0.3704337477684021,51.74712643678161,0.0,11.389774942406522,0.0,0.943110466003418,0.4981193542480469,0.9852055907249451,0.3618301749229431,0.9694284796714783,0.5064745843410492,0.9403877854347229,0.497254878282547,51.74712643678161,0.0,11.389774942406522,0.0
RoadAccidents123_x264,RoadAccidents,992,80,0.6784880757331848,0.9150828123092651,0.5762304067611694,0.6874580979347229,29.60526315789474,6.691837688351937,0.9717664122581482,0.9927240610122681,0.9736019372940063,0.9716054201126099,30.13157894736842,6.813079867554084,0.668060302734375,-0.010427772998809814,0.8615341186523438,-0.05354869365692139,0.7111584544181824,0.13492804765701294,0.6642798185348511,-0.023178279399871826,45.57017543859649,15.964912280701753,8.320023576973004,1.6281858886210667,0.9376419186592102,-0.03412449359893799,0.9623683094978333,-0.030355751514434814,0.9455012083053589,-0.02810072898864746,0.936952531337738,-0.034652888774871826,47.85087719298246,17.719298245614038,8.715093591052906,1.902013723498822
RoadAccidents124_x264,RoadAccidents,1488,170,0.9427472352981567,0.9999669790267944,0.899517297744751,0.948323130607605,18.651254128358477,7.773926946136717,0.9941414594650269,0.9993900060653687,0.9883479475975037,0.9948887228965759,18.922610015174506,7.811578586194351,0.9878730177879333,0.04512578248977661,0.9999880790710449,2.110004425048828e-05,0.9905324578285217,0.09101516008377075,0.9875299334526062,0.03920680284500122,18.96545568151388,0.314201553155403,7.817664272659785,0.043737326523068276,0.9974583983421326,0.003316938877105713,0.9993304014205933,-5.9604644775390625e-05,0.9956051111221313,0.0072571635246276855,0.9976975321769714,0.002808809280395508,18.96545568151388,0.04284566633937459,7.817664272659785,0.006085686465434392
RoadAccidents125_x264,RoadAccidents,1760,110,0.859211802482605,0.995455265045166,0.9882308840751648,0.8506106734275818,93.36308539944905,58.02207792207792,0.9921458959579468,0.9973435997962952,0.9964838027954102,0.9918566346168518,94.80881542699724,62.46517296517297,0.29936784505844116,-0.5598439574241638,0.8378821611404419,-0.15757310390472412,0.7322681546211243,-0.2559627294540405,0.2705077826976776,-0.5801028907299042,94.52672176308539,1.1636363636363427,59.07024793388429,1.04817001180637,0.9031322002410889,-0.08901369571685791,0.9649158716201782,-0.03242772817611694,0.954833447933197,-0.041650354862213135,0.8996855020523071,-0.09217113256454468,95.99008264462809,1.1812672176308467,74.4619182900433,11.996745324870332
RoadAccidents127_x264,RoadAccidents,2576,140,0.04902702942490578,0.4704607129096985,0.14968861639499664,0.04324187710881233,85.56181093126906,20.765222953476513,0.05918541178107262,0.39956390857696533,0.06790756434202194,0.05868413671851158,81.1705371803894,14.115404739350563,0.02013837918639183,-0.028888650238513947,0.15599429607391357,-0.3144664168357849,0.011992373503744602,-0.13769624289125204,0.020606540143489838,-0.022635336965322495,56.286652592071306,-29.27515833919776,6.81217805212615,-13.953044901350363,0.22401423752307892,0.1648288257420063,0.4651700258255005,0.06560611724853516,0.3679037392139435,0.29999617487192154,0.215744748711586,0.15706061199307442,91.00398780201736,9.83345062162796,26.69454574247807,12.579141003127507
RoadAccidents128_x264,RoadAccidents,560,110,0.9743351340293884,0.9977400302886963,0.9835569858551025,0.9720808863639832,20.262626262626256,14.278540947036245,0.9966121315956116,0.9985485076904297,0.9960199594497681,0.9967568516731262,21.038383838383833,14.304639250646511,0.9902633428573608,0.015928208827972412,0.9996711015701294,0.0019310712814331055,0.9951651692390442,0.01160818338394165,0.9890652298927307,0.01698434352874756,20.0040404040404,-0.2585858585858567,14.271354457636315,-0.0071864893999293855,0.9937315583229065,-0.002880573272705078,0.9964050650596619,-0.0021434426307678223,0.9934383034706116,-0.002581655979156494,0.9938033223152161,-0.0029535293579101562,27.244444444444436,6.206060606060603,15.011554676097404,0.7069154254508927
RoadAccidents131_x264,RoadAccidents,1520,60,0.7509441375732422,0.9472881555557251,0.8707655668258667,0.7460200190544128,57.01369863013698,5.54958426271529,0.9875722527503967,0.9971773028373718,0.9931020140647888,0.9873450994491577,49.78082191780822,4.747937036266555,0.7393459677696228,-0.011598169803619385,0.9202232360839844,-0.027064919471740723,0.8155810236930847,-0.05518454313278198,0.7362130880355835,-0.009806931018829346,58.40182648401826,1.3881278538812793,5.730493278004996,0.18090901528970615,0.9571056365966797,-0.03046661615371704,0.9741553664207458,-0.023021936416625977,0.9608791470527649,-0.032222867012023926,0.9569504857063293,-0.03039461374282837,44.73972602739727,-5.041095890410951,4.266077043925392,-0.48185999234116306
RoadAccidents132_x264,RoadAccidents,1856,100,0.12562952935695648,0.497145414352417,0.19069918990135193,0.12192394584417343,85.80865603644646,17.553621783161425,0.05336591973900795,0.31883853673934937,0.06220332160592079,0.05286264792084694,88.25056947608202,20.443380830593107,0.04924040660262108,-0.0763891227543354,0.23992525041103363,-0.25722016394138336,0.08999872207641602,-0.10070046782493591,0.0469193160533905,-0.07500462979078293,87.12072892938497,1.3120728929385024,19.175607725607726,1.621985942446301,0.4699006974697113,0.41653477773070335,0.6549015641212463,0.336063027381897,0.5939441919326782,0.5317408703267574,0.46283668279647827,0.40997403487563133,89.67198177676536,1.4214123006833432,23.341955699137014,2.898574868543907
RoadAccidents133_x264,RoadAccidents,672,180,0.8995576500892639,0.9999926090240479,0.9998279213905334,0.8628734350204468,82.61065943992773,62.87763337179813,0.966171145439148,0.9997375011444092,0.9994440674781799,0.9539982080459595,80.96657633242998,67.61227871099152,0.8935524821281433,-0.0060051679611206055,0.9999767541885376,-1.5854835510253906e-05,0.9995817542076111,-0.0002461671829223633,0.8547612428665161,-0.008112192153930664,74.9683830171635,-7.642276422764226,53.85881835555748,-9.018815016240652,0.9884730577468872,0.022301912307739258,0.9994876980781555,-0.0002498030662536621,0.998980700969696,-0.0004633665084838867,0.9846286773681641,0.03063046932220459,70.66847335140018,-10.2981029810298,40.453628501838224,-27.158650209153294
Robbery048_x264,Robbery,1408,480,0.948886513710022,0.9997454285621643,0.998911440372467,0.9230114221572876,97.35632183908046,94.86360457170268,0.9887657165527344,0.9979891180992126,0.9971846342086792,0.9844111204147339,95.45977011494251,90.48800856790666,0.9344909191131592,-0.014395594596862793,0.9994994401931763,-0.0002459883689880371,0.9977288842201233,-0.00118255615234375,0.9017815589904785,-0.021229863166809082,89.36781609195404,-7.988505747126425,82.15742329671036,-12.706181274992318,0.9851629137992859,-0.0036028027534484863,0.999008297920227,0.0010191798210144043,0.9985085725784302,0.0013239383697509766,0.9782599806785583,-0.006151139736175537,99.05172413793103,3.591954022988517,98.37267015694174,7.884661589035076
Robbery050_x264,Robbery,1696,915,0.03775212913751602,0.1826968789100647,0.06292809545993805,0.00825660489499569,84.35808092469371,88.90832060042261,0.010178390890359879,0.01830953359603882,0.012926989234983921,0.006958199664950371,85.38800612917444,90.78960700872818,0.04399591684341431,0.006243787705898285,0.1681794971227646,-0.01451738178730011,0.07230150699615479,0.009373411536216736,0.010833797976374626,0.0025771930813789368,87.29112878962798,2.9330478649342666,90.84309600723195,1.9347754068093366,0.0593150332570076,0.04913664236664772,0.10152298212051392,0.0832134485244751,0.07345224171876907,0.06052525248378515,0.04275223985314369,0.03579404018819332,85.19545489529327,-0.19255123388117568,90.77802657684282,-0.011580431885363396
Robbery102_x264,Robbery,1824,480,0.9774832725524902,0.9999916553497314,0.9999755620956421,0.9694501161575317,99.92063492063492,99.76419366074538,0.9949145317077637,0.9995980262756348,0.9993635416030884,0.9933257102966309,99.5436507936508,98.58204991691777,0.931685745716095,-0.045797526836395264,0.9999805688858032,-1.1086463928222656e-05,0.9999471306800842,-2.8431415557861328e-05,0.9073065519332886,-0.062143564224243164,99.24603174603173,-0.6746031746031917,98.05397829430088,-1.7102153664445012,0.9785965085029602,-0.016318023204803467,0.999303936958313,-0.00029408931732177734,0.9990463256835938,-0.0003172159194946289,0.9712931513786316,-0.022032558917999268,97.08333333333333,-2.4603174603174693,91.10558358058232,-7.476466336335449
Robbery106_x264,Robbery,1184,120,0.5343584418296814,0.9666337370872498,0.9536124467849731,0.48707419633865356,96.06516290726816,59.830687830687836,0.8468530774116516,0.971706748008728,0.9698381423950195,0.83298259973526,97.86967418546367,86.16849816849816,0.6606245636940002,0.12626612186431885,0.9925582408905029,0.025924503803253174,0.9907066822052002,0.03709423542022705,0.6233972311019897,0.13632303476333618,98.17042606516291,2.105263157894754,85.72053872053871,25.889850889850877,0.8606083989143372,0.013755321502685547,0.9788770079612732,0.007170259952545166,0.9766040444374084,0.006765902042388916,0.8475261926651001,0.014543592929840088,98.87218045112782,1.0025062656641524,91.18518518518518,5.016687016687015
Robbery137_x264,Robbery,2192,1815,0.9521539807319641,0.9999629259109497,0.9934781789779663,0.7532063722610474,98.0335547420187,99.59512687255557,0.9777076840400696,0.9958757758140564,0.9887369871139526,0.9246096611022949,91.77156177156178,98.14970279826196,0.8813610076904297,-0.07079297304153442,0.999946117401123,-1.6808509826660156e-05,0.968604564666748,-0.02487361431121826,0.4613424837589264,-0.29186388850212097,98.4567887702684,0.4232340282497091,99.69620630102926,0.101079428473696,0.9644644856452942,-0.01324319839477539,0.9986890554428101,0.002813279628753662,0.9899333119392395,0.0011963248252868652,0.8418498039245605,-0.08275985717773438,97.40688778306334,5.6353260115015615,99.46897985039209,1.3192770521301327
Shooting002_x264,Shooting,1200,80,0.9941193461418152,0.9986022114753723,0.9984310269355774,0.9938113689422607,96.78571428571429,85.00986842105263,0.999533474445343,0.999927282333374,0.999664306640625,0.9995242357254028,11.785714285714286,4.443996901585737,0.9994215965270996,0.005302250385284424,0.9998993873596191,0.0012971758842468262,0.9998883008956909,0.0014572739601135254,0.9993883371353149,0.005576968193054199,99.71428571428571,2.9285714285714164,95.07142857142856,10.061560150375925,0.9990708231925964,-0.00046265125274658203,0.9994205832481384,-0.0005066990852355957,0.9993499517440796,-0.00031435489654541016,0.9990509152412415,-0.00047332048416137695,93.14285714285715,81.35714285714286,36.31288156288156,31.86888466129582
Shooting004_x264,Shooting,1792,160,0.7481067776679993,0.9660001397132874,0.9629374742507935,0.727044939994812,99.92647058823529,99.13068181818183,0.8690720796585083,0.9983130097389221,0.9982013702392578,0.856412410736084,98.89705882352942,84.68371212121212,0.8138810396194458,0.06577426195144653,0.9991466999053955,0.033146560192108154,0.9989637136459351,0.0360262393951416,0.795735776424408,0.06869083642959595,99.5343137254902,-0.39215686274509665,95.61061334498834,-3.52006847319349,0.8656472563743591,-0.00342482328414917,0.998840868473053,0.0005278587341308594,0.9987490773200989,0.0005477070808410645,0.8525980114936829,-0.003814399242401123,99.70588235294117,0.8088235294117538,96.93229166666667,12.248579545454547
Shooting007_x264,Shooting,1424,120,0.9888675808906555,0.9997623562812805,0.9726460576057434,0.9903603792190552,8.640081799591002,5.175190031595873,0.9952447414398193,0.9993986487388611,0.9910239577293396,0.9956331849098206,18.261758691206545,5.734221373031297,0.997841477394104,0.008973896503448486,0.9998908042907715,0.0001284480094909668,0.9955107569694519,0.022864699363708496,0.9980560541152954,0.007695674896240234,5.2147239263803655,-3.4253578732106362,5.055414421568563,-0.11977561002731019,0.9980828762054443,0.002838134765625,0.9994469285011292,4.8279762268066406e-05,0.9967243075370789,0.005700349807739258,0.9982078671455383,0.0025746822357177734,9.683026584867074,-8.578732106339471,5.215842732150253,-0.5183786408810445
Shooting008_x264,Shooting,1616,240,0.302552729845047,0.9945724606513977,0.9911523461341858,0.18244817852973938,99.92732558139534,99.51370652427639,0.3087828755378723,0.9726930856704712,0.9644907712936401,0.19441519677639008,99.94670542635659,99.61805555555556,0.22192002832889557,-0.08063270151615143,0.9557219743728638,-0.038850486278533936,0.9249042272567749,-0.06624811887741089,0.09930649399757385,-0.08314168453216553,99.94670542635659,0.019379844961250114,99.61805555555556,0.10434903127917039,0.2901669442653656,-0.018615931272506714,0.9697960615158081,-0.002897024154663086,0.9571941494941711,-0.007296621799468994,0.17382502555847168,-0.020590171217918396,98.87596899224806,-1.0707364341085253,94.55038964598997,-5.067665909565591
Shooting010_x264,Shooting,2640,165,0.5634546875953674,0.7922945618629456,0.4638664424419403,0.5700939297676086,26.139577594123047,4.591441836606893,0.9139925837516785,0.9572708010673523,0.8952533006668091,0.9152418971061707,17.33198653198653,3.998386819886017,0.9465919137001038,0.38313722610473633,0.9969755411148071,0.20468097925186157,0.9336304664611816,0.46976402401924133,0.9474560022354126,0.37736207246780396,29.28962350780533,3.150045913682284,4.685325145911549,0.09388330930465649,0.9746032953262329,0.06061071157455444,0.9902103543281555,0.03293955326080322,0.9736299514770508,0.0783766508102417,0.9746681451797485,0.05942624807357788,54.364615855524946,37.032629323538416,7.1063590487337365,3.1079722288477196
Shooting011_x264,Shooting,4000,270,0.9915577173233032,0.9999852180480957,0.9942877888679504,0.9913601279258728,11.04934961771423,4.056081153984936,0.9994109869003296,0.999954342842102,0.9984918832778931,0.9994776248931885,7.557342865653857,3.841779209565663,0.9975253939628601,0.005967676639556885,0.9999943971633911,9.179115295410156e-06,0.9990882873535156,0.0048004984855651855,0.9974122643470764,0.006052136421203613,14.522291728726044,3.4729421110118146,4.161583566048903,0.10550241206396738,0.998813807964325,-0.0005971789360046387,0.9997242093086243,-0.0002301335334777832,0.9984596371650696,-3.224611282348633e-05,0.9988393783569336,-0.0006382465362548828,16.79416145367888,9.23681858802502,4.188999967367006,0.3472207578013431
Shooting013_x264,Shooting,1072,85,0.9998451471328735,0.9999973773956299,0.9999611973762512,0.9998351335525513,21.92681327850289,6.066139962352963,0.9994640946388245,0.9998502731323242,0.9996339082717896,0.9994494318962097,75.72739734191548,18.33545539427892,0.9997861385345459,-5.900859832763672e-05,0.9999845027923584,-1.2874603271484375e-05,0.9998229742050171,-0.00013822317123413086,0.9997830390930176,-5.2094459533691406e-05,32.49240121580547,10.565587937302581,6.842319990166024,0.7761800278130604,0.9988842010498047,-0.0005798935890197754,0.9996265172958374,-0.0002237558364868164,0.9989604949951172,-0.0006734132766723633,0.9988775849342346,-0.0005718469619750977,59.95530126944395,-15.772096072471527,11.035876327955933,-7.299579066322988
Shooting015_x264,Shooting,1712,857,0.8537434935569763,0.9997720122337341,0.9053929448127747,0.8019733428955078,56.06822384627457,49.63909448542789,0.9960247874259949,0.99979168176651,0.9983808398246765,0.9936631917953491,62.62775764771712,56.40667573488627,0.9213143587112427,0.06757086515426636,0.9991967082023621,-0.0005753040313720703,0.9794495701789856,0.07405662536621094,0.8630431294441223,0.0610697865486145,80.76255399291693,24.694330146642365,84.01970623101614,34.380611745588254,0.9801039695739746,-0.015920817852020264,0.9965299963951111,-0.0032616853713989258,0.9894626140594482,-0.008918225765228271,0.9707234501838684,-0.022939741611480713,75.32102328945662,12.693265641739501,75.79110401133427,19.384428276448
Shooting018_x264,Shooting,1792,165,0.9693892598152161,0.9999649524688721,0.9988784193992615,0.9663986563682556,20.810750405095828,6.425606522839668,0.9983372092247009,0.999924898147583,0.9994291067123413,0.9982264637947083,19.63662438769999,6.341430756493378,0.9893888235092163,0.019999563694000244,0.9998944997787476,-7.045269012451172e-05,0.9996042251586914,0.0007258057594299316,0.9883528351783752,0.02195417881011963,28.64223054143153,7.831480136335703,6.940119421335,0.5145128984953322,0.9953659772872925,-0.0029712319374084473,0.9989344477653503,-0.000990450382232666,0.997835636138916,-0.001593470573425293,0.9951155185699463,-0.003110945224761963,26.7529008586169,7.116276470916912,6.796012099466023,0.4545813429726451
Shooting019_x264,Shooting,2752,435,0.9825859665870667,0.9998725652694702,0.9967925548553467,0.9799187183380127,85.8156355572753,68.64836598944989,0.9975740909576416,0.9998441338539124,0.9993293285369873,0.9972445964813232,83.47253434137484,72.59746334012553,0.9965060949325562,0.013920128345489502,0.9999852180480957,0.00011265277862548828,0.9995098114013672,0.002717256546020508,0.995942234992981,0.01602351665496826,86.71096691619663,0.8953313589213252,69.72028270190809,1.0719167124582043,0.9941579103469849,-0.0034161806106567383,0.9990984797477722,-0.0007456541061401367,0.9977675080299377,-0.0015618205070495605,0.9934802651405334,-0.003764331340789795,88.741337143254,5.268802801879161,77.3079842301689,4.7105208900433695
Shooting021_x264,Shooting,1264,150,0.9583021998405457,0.9979092478752136,0.9971775412559509,0.9530676007270813,98.25852782764811,92.55065789473684,0.9929836392402649,0.9979361891746521,0.9977205395698547,0.9923457503318787,98.62238180730102,92.26406926406926,0.9466676115989685,-0.011634588241577148,0.9991322159767151,0.0012229681015014648,0.9980645775794983,0.0008870363235473633,0.9397470951080322,-0.013320505619049072,92.70496708557751,-5.5535607420706015,80.66340388007055,-11.887254014666297,0.9791731238365173,-0.013810515403747559,0.9971492886543274,-0.000786900520324707,0.9962121844291687,-0.0015083551406860352,0.9768787622451782,-0.01546698808670044,96.17115499700778,-2.4512268102932495,88.8232090490155,-3.4408602150537604
Shooting022_x264,Shooting,4544,450,0.2864677906036377,0.9394246339797974,0.8881983757019043,0.22032739222049713,92.79780708896487,40.87537853753729,0.2862392067909241,0.8200026750564575,0.7321662306785583,0.2372242957353592,90.3678011181675,42.08104369780561,0.29130250215530396,0.00483471155166626,0.9620943069458008,0.022669672966003418,0.9137044548988342,0.02550607919692993,0.2228899598121643,0.0025625675916671753,99.18634315800901,6.388536069044136,93.27703846869413,52.40165993115684,0.41687026619911194,0.13063105940818787,0.9691206812858582,0.14911800622940063,0.9489321708679199,0.21676594018936157,0.35838764905929565,0.12116335332393646,99.48683710579166,9.119035987624159,96.58899029523744,54.507946597431825
Shooting024_x264,Shooting,2000,585,0.8713719248771667,0.9932379722595215,0.9836461544036865,0.8249546885490417,77.55338105161427,44.29184737213973,0.9386434555053711,0.9959802031517029,0.9922563433647156,0.9164783954620361,86.5413306756063,56.737489451652515,0.8866623640060425,0.015290439128875732,0.9967779517173767,0.0035399794578552246,0.9929731488227844,0.0093269944190979,0.8427106142044067,0.01775592565536499,69.6787774455619,-7.874603606052361,37.07830301150642,-7.213544360633307,0.9484981894493103,0.009854733943939209,0.9965934753417969,0.0006132721900939941,0.9954665899276733,0.0032102465629577637,0.929080069065094,0.012601673603057861,78.48503518468183,-8.05629549092447,45.735096153608964,-11.00239329804355
Shooting026_x264,Shooting,1392,405,0.992069661617279,0.9995100498199463,0.9985238313674927,0.9894211292266846,67.35149536567975,55.02251015141692,0.9988416433334351,0.9996306896209717,0.9992469549179077,0.9986752271652222,39.7852327166748,30.159971830815486,0.9948483109474182,0.00277864933013916,0.9993352293968201,-0.0001748204231262207,0.99793541431427,-0.0005884170532226562,0.9935815930366516,0.004160463809967041,58.9219107658824,-8.429584599797352,31.02374709236464,-23.998763059052276,0.9963734745979309,-0.0024681687355041504,0.999390721321106,-0.00023996829986572266,0.9978629946708679,-0.001383960247039795,0.995762288570404,-0.0029129385948181152,65.02995734674221,25.24472463006741,34.233035531461745,4.073063700646259
Shooting028_x264,Shooting,1888,270,0.7892069220542908,0.9996213912963867,0.82718425989151,0.7828695178031921,30.229821910909678,10.531688834807333,0.9554376602172852,0.999311089515686,0.9696899652481079,0.9530593752861023,27.4389964748432,10.045477130283963,0.6858626008033752,-0.10334432125091553,0.9997500777244568,0.00012868642807006836,0.4424970746040344,-0.3846871852874756,0.7264736294746399,-0.056395888328552246,27.801584031497505,-2.4282378794121726,10.13369474997843,-0.39799408482890364,0.847270667552948,-0.10816699266433716,0.9978834986686707,-0.0014275908470153809,0.8539395928382874,-0.11575037240982056,0.8461576700210571,-0.10690170526504517,32.40900975140777,4.970013276564572,10.640833528194896,0.5953563979109333
Shooting032_x264,Shooting,21696,210,0.42490753531455994,0.9991525411605835,0.8228208422660828,0.42101842164993286,70.39653728008936,1.6291317020727973,0.45601069927215576,0.9994556307792664,0.7677744626998901,0.45296356081962585,63.94165857723523,1.3440027121270302,0.41875699162483215,-0.006150543689727783,0.9997664093971252,0.000613868236541748,0.8881809711456299,0.06536012887954712,0.41416895389556885,-0.006849467754364014,75.84504638679451,5.448509106705146,1.981232941752273,0.3521012396794756,0.641371488571167,0.18536078929901123,0.9989240765571594,-0.0005315542221069336,0.9440144300460815,0.1762399673461914,0.6384135484695435,0.1854499876499176,74.40924987699631,10.467591299761082,1.876369820706534,0.5323671085795039
Shooting033_x264,Shooting,3616,320,0.9894141554832458,0.9998610019683838,0.9995702505111694,0.9884282350540161,91.2135922330097,57.35069613941487,0.9987508058547974,0.9995734095573425,0.9994325637817383,0.9986847043037415,93.93203883495146,41.595938419509714,0.9945529103279114,0.005138754844665527,0.9999735355377197,0.0001125335693359375,0.9999063611030579,0.00033611059188842773,0.99403315782547,0.005604922771453857,92.64563106796115,1.4320388349514417,69.43960841079252,12.088912271377644,0.997933030128479,-0.0008177757263183594,0.9996991753578186,0.00012576580047607422,0.9996013641357422,0.00016880035400390625,0.9977710247039795,-0.0009136795997619629,95.21844660194175,1.286407766990294,64.98063999487937,23.384701575369654
Shooting034_x264,Shooting,1408,90,0.4355591833591461,0.9770957231521606,0.9563177227973938,0.3999989926815033,93.90490642387455,37.08680825347492,0.9198688268661499,0.9973093867301941,0.9963746666908264,0.914644718170166,95.46956668352723,48.96296296296297,0.6627442836761475,0.22718510031700134,0.9824615120887756,0.00536578893661499,0.9642448425292969,0.007927119731903076,0.642156183719635,0.2421571910381317,87.75417298937785,-6.150733434496701,22.793762729263246,-14.293045524211674,0.8601028323173523,-0.05976599454879761,0.9909253716468811,-0.006384015083312988,0.9852184057235718,-0.011156260967254639,0.8515591621398926,-0.06308555603027344,89.8313943685719,-5.638172314955327,26.16938997821351,-22.79357298474946
Shooting037_x264,Shooting,304,120,0.9558072090148926,0.9827467203140259,0.9742078185081482,0.9438069462776184,73.18840579710144,57.88467088467088,0.9965755343437195,0.9977178573608398,0.9969529509544373,0.9963292479515076,24.492753623188403,30.550882940588824,0.9809356331825256,0.025128424167633057,0.9951617121696472,0.012414991855621338,0.994031548500061,0.019823729991912842,0.9723949432373047,0.02858799695968628,82.46376811594203,9.275362318840592,64.72643097643098,6.841760091760094,0.9932357668876648,-0.0033397674560546875,0.9973570704460144,-0.00036078691482543945,0.9947806000709534,-0.0021723508834838867,0.9922283291816711,-0.004100918769836426,76.08695652173914,51.59420289855073,55.71055796055795,25.159675019969125
Shooting043_x264,Shooting,1872,285,0.9986116886138916,0.9999167919158936,0.9996646046638489,0.9984226226806641,69.8171547330835,21.99531914113265,0.998885989189148,0.9993917346000671,0.999144434928894,0.9988394379615784,53.75330260117843,15.943919673932545,0.9987152218818665,0.00010353326797485352,0.999983549118042,6.67572021484375e-05,0.9998188018798828,0.00015419721603393555,0.9985170960426331,9.447336196899414e-05,73.62705756198942,3.809902828905919,25.19386792906185,3.198548787929198,0.9979580640792847,-0.0009279251098632812,0.999764621257782,0.00037288665771484375,0.9989872574806213,-0.00015717744827270508,0.997773289680481,-0.0010661482810974121,61.07595706342101,7.322654462242575,18.25629346857791,2.3123737946453637
Shooting046_x264,Shooting,5088,553,0.9515215754508972,0.9994412064552307,0.9893534779548645,0.9469083547592163,39.68265709141876,8.773508743741921,0.9822192192077637,0.9994860291481018,0.9984588623046875,0.9802389740943909,73.0038818033738,55.31788276804984,0.862109899520874,-0.0894116759300232,0.9933370351791382,-0.006104171276092529,0.9385737180709839,-0.050779759883880615,0.8527858257293701,-0.09412252902984619,61.28262997661348,21.599972885194717,16.291051838516342,7.517543094774421,0.9591254591941833,-0.023093760013580322,0.9962049722671509,-0.0032810568809509277,0.9882331490516663,-0.01022571325302124,0.9555761218070984,-0.02466285228729248,56.74137858847501,-16.262503214898793,18.404924471054176,-36.91295829699567
Shooting047_x264,Shooting,8272,3480,0.8839629888534546,0.9998915195465088,0.9734777808189392,0.8189564943313599,62.99215167040854,50.606029376310815,0.9428699016571045,0.9988834857940674,0.9940117001533508,0.905730128288269,61.20373035518968,57.50809422368596,0.8890331983566284,0.005070209503173828,0.999861478805542,-3.0040740966796875e-05,0.9706372022628784,-0.002840578556060791,0.8297716379165649,0.010815143585205078,73.13395889701228,10.141807226603738,72.27636965916517,21.670340282854355,0.9404594302177429,-0.0024104714393615723,0.9989371299743652,5.364418029785156e-05,0.9940406084060669,2.8908252716064453e-05,0.9015482664108276,-0.004181861877441406,68.47753919367528,7.273808838485607,67.06820804988752,9.560113826201558
Shooting048_x264,Shooting,2736,320,0.033469270914793015,0.26033300161361694,0.1536930650472641,0.017545592039823532,98.9362582781457,91.75589203377035,0.02521713450551033,0.08907365798950195,0.06763158738613129,0.019599327817559242,99.50745033112582,96.11329205413517,0.0044075315818190575,-0.029061739332973957,0.03162063658237457,-0.22871236503124237,0.005581239238381386,-0.1481118258088827,0.00425207382068038,-0.013293518219143152,62.64072847682118,-36.29552980132452,21.756194633170676,-69.99969740059967,0.11155349016189575,0.08633635565638542,0.18567854166030884,0.09660488367080688,0.15758658945560455,0.08995500206947327,0.1054564118385315,0.08585708402097225,88.79139072847683,-10.716059602648997,69.29754098761593,-26.81575106651924
Shoplifting001_x264,Shoplifting,4336,450,0.9554311633110046,0.9987484216690063,0.9919727444648743,0.9511997699737549,76.86887402070109,18.71742987444724,0.9625085592269897,0.9921022653579712,0.976574718952179,0.9608796238899231,62.077543317893294,12.547738021023868,0.5790058374404907,-0.3764253258705139,0.9964878559112549,-0.002260565757751465,0.9802727699279785,-0.011699974536895752,0.5325390696525574,-0.4186607003211975,86.01669811860239,9.147824097901307,27.85032929935812,9.132899424910878,0.790771484375,-0.17173707485198975,0.9909470081329346,-0.001155257225036621,0.9757731556892395,-0.0008015632629394531,0.7693482637405396,-0.19153136014938354,81.87922456682107,19.80168124892777,23.248263923065032,10.700525902041164
Shoplifting004_x264,Shoplifting,6672,2700,0.9827414155006409,0.9997145533561707,0.9968745708465576,0.9731342196464539,80.6268322703368,78.37602000062208,0.9948650002479553,0.9993399381637573,0.9975231289863586,0.9930580854415894,70.23587333557121,51.58151334827957,0.9782146215438843,-0.004526793956756592,0.9998767375946045,0.0001621842384338379,0.9989744424819946,0.0020998716354370117,0.9641028642654419,-0.009031355381011963,85.71429637089255,5.087464100555749,82.4989218982153,4.1229018975932235,0.9922163486480713,-0.002648651599884033,0.9988634586334229,-0.00047647953033447266,0.9968860149383545,-0.0006371140480041504,0.9890421628952026,-0.004015922546386719,72.54119577785238,2.3053224422811667,54.412642768127085,2.831129419847514
Shoplifting005_x264,Shoplifting,1952,210,0.4413074851036072,0.890461266040802,0.3374907672405243,0.45382267236709595,35.623530698157566,8.505354025058294,0.6531397104263306,0.8470761775970459,0.5944858193397522,0.6602104902267456,35.45732874091084,8.635724971474627,0.047373950481414795,-0.3939335346221924,0.11078868061304092,-0.7796725854277611,0.08187989890575409,-0.2556108683347702,0.04321422055363655,-0.4106084518134594,93.89918539172271,58.275654693565144,55.861266840059265,47.35591281500097,0.1647309511899948,-0.48840875923633575,0.26761263608932495,-0.579463541507721,0.24383544921875,-0.3506503701210022,0.15519481897354126,-0.5050156712532043,99.55879940954568,64.10147066863485,97.41345551378444,88.77773054230981
Shoplifting007_x264,Shoplifting,5120,500,0.8175856471061707,0.9984691739082336,0.9585680365562439,0.8023278117179871,56.78787878787879,10.680395345482527,0.986862301826477,0.9978458285331726,0.9944190382957458,0.9860443472862244,72.25316017316018,15.18431255378682,0.6638843417167664,-0.1537013053894043,0.982831597328186,-0.015637576580047607,0.8123204112052917,-0.14624762535095215,0.6478198766708374,-0.15450793504714966,55.07428571428571,-1.7135930735930813,10.054023232539608,-0.626372112942919,0.794312596321106,-0.1925497055053711,0.9494804739952087,-0.04836535453796387,0.8252889513969421,-0.1691300868988037,0.7909602522850037,-0.1950840950012207,51.41991341991342,-20.833246753246762,9.464162764434258,-5.720149789352561
Shoplifting010_x264,Shoplifting,2736,590,0.03173794597387314,0.20464679598808289,0.021288270130753517,0.03461087867617607,40.23425529562291,17.364137826576943,0.02512356825172901,0.07951897382736206,0.020998597145080566,0.026257645338773727,43.466757230637995,18.594998599043986,0.006289398297667503,-0.025448547676205635,0.08447804301977158,-0.12016875296831131,0.0036502713337540627,-0.017637998796999454,0.007014973554760218,-0.027595905121415854,35.46764180896267,-4.7666134866602405,16.163081269037125,-1.2010565575398182,0.07450920343399048,0.04938563518226147,0.14783591032028198,0.06831693649291992,0.06495611369609833,0.04395751655101776,0.07713563740253448,0.05087799206376076,34.74986968265753,-8.716887547980463,16.043599892316905,-2.551398706727081
Shoplifting015_x264,Shoplifting,2256,150,0.38923993706703186,0.7292248010635376,0.3935851454734802,0.38893043994903564,50.94207027540361,6.971339858897885,0.4481220841407776,0.7914173603057861,0.3613814413547516,0.4543001651763916,33.86324786324786,5.298227987710118,0.11281953752040863,-0.27642039954662323,0.6816865801811218,-0.04753822088241577,0.0419689305126667,-0.3516162149608135,0.11786586791276932,-0.2710645720362663,43.38524849635961,-7.556821779044,6.208863256756874,-0.7624766021410112,0.2818570137023926,-0.166265070438385,0.8215649127960205,0.030147552490234375,0.19267280399799347,-0.16870863735675812,0.2882091701030731,-0.16609099507331848,42.42291864514087,8.559670781893011,6.13868463748132,0.8404566497712018
Shoplifting016_x264,Shoplifting,1472,90,0.6580471992492676,0.9368927478790283,0.7727301716804504,0.6505787372589111,66.19552982794661,9.548695525779708,0.9567623734474182,0.9797725081443787,0.9736714959144592,0.9556612968444824,73.83662968322882,11.928780284043441,0.41744083166122437,-0.2406063675880432,0.9070795178413391,-0.02981323003768921,0.7246963381767273,-0.048033833503723145,0.397431343793869,-0.2531473934650421,90.01929570670526,23.82376587875865,27.294764689501534,17.746069163721828,0.7090953588485718,-0.24766701459884644,0.8256962895393372,-0.1540762186050415,0.8073575496673584,-0.16631394624710083,0.7026961445808411,-0.25296515226364136,92.00032159511176,18.163691911882935,33.04062685680333,21.111846572759887
Shoplifting017_x264,Shoplifting,448,60,0.9147397875785828,0.9852215647697449,0.9819477200508118,0.9043468832969666,97.14776632302404,86.23611111111111,0.9795833230018616,0.9899181127548218,0.9851066470146179,0.9787291884422302,71.58075601374571,26.846153846153847,0.961829662322998,0.04708987474441528,0.9785077571868896,-0.006713807582855225,0.9475718140602112,-0.034375905990600586,0.9640345573425293,0.059687674045562744,17.69759450171821,-79.45017182130583,10.043078711270931,-76.19303239984018,0.9567347168922424,-0.02284860610961914,0.9842002391815186,-0.005717873573303223,0.9164636135101318,-0.06864303350448608,0.9629622101783752,-0.01576697826385498,7.250859106529206,-64.32989690721651,9.138857921466617,-17.70729592468723
Shoplifting020_x264,Shoplifting,5760,120,0.8307396769523621,0.9980071187019348,0.996722936630249,0.8272079825401306,99.54137115839244,82.42327117327117,0.987302303314209,0.9984267950057983,0.9970354437828064,0.9870951771736145,90.89834515366431,10.91379381812736,0.6345618963241577,-0.19617778062820435,0.9900251626968384,-0.007981956005096436,0.9736750721931458,-0.02304786443710327,0.6273467540740967,-0.19986122846603394,92.77068557919621,-6.7706855791962255,13.315774344553544,-69.10749682871763,0.8351484537124634,-0.1521538496017456,0.9936887621879578,-0.004738032817840576,0.9921208620071411,-0.004914581775665283,0.8318085670471191,-0.15528661012649536,99.096926713948,8.198581560283685,80.83699633699634,69.92320251886898
Shoplifting021_x264,Shoplifting,3536,150,0.7163552045822144,0.9834097623825073,0.825904369354248,0.711502194404602,60.91238432762355,5.74909405130106,0.9873394966125488,0.996908962726593,0.9942527413368225,0.9870332479476929,75.81925575900767,8.739698016610777,0.7297155857086182,0.013360381126403809,0.9891794919967651,0.0057697296142578125,0.9859596490859985,0.1600552797317505,0.7183639407157898,0.006861746311187744,95.38216184288247,34.46977751525892,32.09818422318422,26.34909017188316,0.965461015701294,-0.021878480911254883,0.9942589402198792,-0.002650022506713867,0.9935308694839478,-0.0007218718528747559,0.9642176032066345,-0.02281564474105835,97.41720811183305,21.597952352825374,65.03538961038961,56.29569159377884
Shoplifting022_x264,Shoplifting,2176,270,0.17045094072818756,0.5252758264541626,0.28090700507164,0.15480394661426544,83.1522288290389,40.566476684125945,0.053487543016672134,0.2989630103111267,0.0786178782582283,0.04992762953042984,91.52189965411371,49.699701054735954,0.052894413471221924,-0.11755652725696564,0.6232691407203674,0.09799331426620483,0.10584612190723419,-0.17506088316440582,0.045393384993076324,-0.10941056162118912,89.56317282655162,6.410943997512717,47.45739363125947,6.890916947133526,0.23929211497306824,0.1858045719563961,0.6330852508544922,0.3341222405433655,0.39866921305656433,0.32005133479833603,0.21671511232852936,0.16678748279809952,90.90629979402277,-0.6155998600909385,57.66767322338819,7.9679721686522385
Shoplifting027_x264,Shoplifting,1872,320,7.86676537245512e-05,0.0022599687799811363,7.315556285902858e-05,7.98041801317595e-05,73.96907216494846,26.642091007822817,0.005712881684303284,0.017051637172698975,0.005616579204797745,0.005732737947255373,57.4548969072165,19.720383878113505,4.364341657492332e-05,-3.502423714962788e-05,0.0016850901301950216,-0.0005748786497861147,5.697103915736079e-05,-1.6184523701667786e-05,4.089545109309256e-05,-3.8908729038666934e-05,84.2590206185567,10.289948453608247,37.496566581825554,10.854475574002738,0.012335862964391708,0.006622981280088425,0.02442300319671631,0.007371366024017334,0.012787004001438618,0.007170424796640873,0.012242845259606838,0.006510107312351465,62.2680412371134,4.8131443298969,27.070397132418584,7.350013254305079
Shoplifting028_x264,Shoplifting,1344,270,0.6381649971008301,0.9945629239082336,0.9830966591835022,0.551450252532959,82.74708600593144,40.83894156957807,0.7497797608375549,0.9981792569160461,0.9966717958450317,0.6877118349075317,83.01193185736948,43.009469416321686,0.5666783452033997,-0.07148665189743042,0.994446873664856,-0.00011605024337768555,0.9832577109336853,0.00016105175018310547,0.46195167303085327,-0.08949857950210571,90.17380509000621,7.426719084074776,65.589150710506,24.750209140927936,0.704744815826416,-0.045034945011138916,0.993473470211029,-0.00470578670501709,0.9890783429145813,-0.0075934529304504395,0.6332643032073975,-0.05444753170013428,91.67459824815505,8.662666390785574,67.97013674129256,24.960667324970878
Shoplifting029_x264,Shoplifting,2176,450,0.46686244010925293,0.9634280204772949,0.9133870005607605,0.3504452705383301,92.3020471224411,68.87088141286424,0.6113755702972412,0.9245925545692444,0.8933303356170654,0.5378646850585938,94.71636410454487,73.06455371973519,0.13731716573238373,-0.3295452743768692,0.7472493648529053,-0.21617865562438965,0.42729270458221436,-0.48609429597854614,0.061715200543403625,-0.28873006999492645,95.61040298699626,3.3083558645551676,80.57526450198019,11.70438308911595,0.25542712211608887,-0.35594844818115234,0.7125760912895203,-0.21201646327972412,0.5556271076202393,-0.33770322799682617,0.17715947329998016,-0.3607052117586136,95.43324320844599,0.7168791039011211,80.10307525754679,7.038521537811604
Shoplifting031_x264,Shoplifting,432,210,0.0866309106349945,0.32525399327278137,0.032562676817178726,0.13777655363082886,1.1282711282711269,31.430509885255763,0.21931485831737518,0.33362650871276855,0.18491999804973602,0.25185054540634155,15.954525954525952,34.59466892544696,0.4883054196834564,0.4016745090484619,0.8503959774971008,0.5251419842243195,0.3540055453777313,0.3214428685605526,0.61534583568573,0.4775692820549011,0.6477906477906468,-0.4804804804804801,31.381528754341865,-0.048981130913897886,0.5233525037765503,0.3040376454591751,0.704853892326355,0.3712273836135864,0.50651615858078,0.321596160531044,0.5392788052558899,0.28742825984954834,45.95023595023594,29.99570999570999,44.363856326483486,9.769187401036525
Shoplifting033_x264,Shoplifting,896,120,0.05196865275502205,0.13128596544265747,0.06602303683757782,0.04979528859257698,69.89690721649484,20.959064737005917,0.03948822617530823,0.07545799016952515,0.042382676154375076,0.03904062882065773,61.786941580756015,17.61267515114769,0.005839661695063114,-0.046128991059958935,0.029418131336569786,-0.10186783410608768,0.009672252461314201,-0.05635078437626362,0.005246993154287338,-0.04454829543828964,95.39518900343643,25.49828178694159,61.15254479316978,40.193480056163864,0.046008653938770294,0.006520427763462067,0.07232385873794556,-0.00313413143157959,0.06618037074804306,0.023797694593667984,0.0428893156349659,0.0038486868143081665,85.70446735395188,23.91752577319587,35.69047619047619,18.0778010393285
Shoplifting034_x264,Shoplifting,11936,120,0.8247857093811035,0.9955762624740601,0.9696729183197021,0.8233143091201782,70.16249153689913,1.8592260292344738,0.9837526082992554,0.9979693293571472,0.995245099067688,0.9836359620094299,81.36989392913563,2.8977823853403026,0.5392968654632568,-0.2854888439178467,0.994063675403595,-0.0015125870704650879,0.947395920753479,-0.022276997566223145,0.5351523756980896,-0.2881619334220886,87.31437598736177,17.151884450462646,4.134724386496186,2.2754983572617116,0.6454160213470459,-0.3383365869522095,0.9780895709991455,-0.01987975835800171,0.9353383183479309,-0.05990678071975708,0.6424716711044312,-0.3411642909049988,89.44707740916272,8.077183480027088,5.049407972507194,2.1516255871668917
Shoplifting037_x264,Shoplifting,1376,60,0.09621285647153854,0.40337324142456055,0.25721070170402527,0.0888725221157074,88.78419452887539,19.538961038961038,0.10849485546350479,0.4226663112640381,0.15018931031227112,0.10659391433000565,86.59574468085106,17.03907203907204,0.17907682061195374,0.08286396414041519,0.6668649911880493,0.26349174976348877,0.4452323019504547,0.18802160024642944,0.1669420599937439,0.0780695378780365,86.59574468085106,-2.1884498480243337,17.03907203907204,-2.4998889998889986,0.37961316108703613,0.27111830562353134,0.6997917890548706,0.2771254777908325,0.666601836681366,0.5164125263690948,0.36652854084968567,0.25993462651968,94.53900709219857,7.9432624113475185,32.55555555555556,15.516483516483518
Shoplifting039_x264,Shoplifting,2800,150,0.00825576763600111,0.21473658084869385,0.00029435649048537016,0.008706414140760899,70.76981132075471,9.168850626642653,0.008829070255160332,0.04685467481613159,0.007994096726179123,0.008876333013176918,70.72955974842768,9.133600977510978,0.001104772207327187,-0.007150995428673923,0.05668918415904045,-0.1580473966896534,4.590391836245544e-05,-0.0002484525721229147,0.0011647081701084971,-0.0075417059706524014,76.02666666666667,5.2568553459119585,11.128827662855407,1.959977036212754,0.009200034663081169,0.0003709644079208374,0.05518263578414917,0.008327960968017578,0.007139959372580051,-0.0008541373535990715,0.00931664276868105,0.0004403097555041313,67.21962264150943,-3.509937106918244,8.411264178778666,-0.7223367987323126
Shoplifting044_x264,Shoplifting,14544,180,0.7833876609802246,0.9949668049812317,0.8699579834938049,0.782302737236023,41.206411089452025,1.135231150804418,0.9796584248542786,0.997698187828064,0.981095552444458,0.9796404838562012,32.916550635848886,0.9915009577866267,0.8450878262519836,0.06170016527175903,0.9993873834609985,0.004420578479766846,0.9770256280899048,0.10706764459609985,0.8434344530105591,0.06113171577453613,45.29812184782946,4.091710758377431,1.2170386223897962,0.08180747158537827,0.9596055746078491,-0.020052850246429443,0.9967951774597168,-0.000903010368347168,0.9871841669082642,0.006088614463806152,0.9592599868774414,-0.020380496978759766,49.204183297750546,16.28763266190166,1.3005769677541386,0.30907600996751183
Shoplifting049_x264,Shoplifting,2144,330,0.960145890712738,0.9964122176170349,0.9277225136756897,0.9660441875457764,16.81166683371755,9.440550969254765,0.9970570802688599,0.9988831281661987,0.9943914413452148,0.9975419044494629,3.3941398549998323,8.61009780742541,0.7191394567489624,-0.24100643396377563,0.9864839911460876,-0.009928226470947266,0.3455975353717804,-0.5821249783039093,0.7870935797691345,-0.17895060777664185,1.2558885436503964,-15.555778290067153,8.51554328720671,-0.9250076820480562,0.9567429423332214,-0.04031413793563843,0.9907150268554688,-0.00816810131072998,0.9077346324920654,-0.08665680885314941,0.96565842628479,-0.03188347816467285,3.7416056930941166,0.34746583809428433,8.622866635540822,0.012768828115412134
Stealing019_x264,Stealing,4896,240,0.7818924188613892,0.9881167411804199,0.9599151611328125,0.7727159857749939,80.2548682703322,15.627935996765085,0.9398738741874695,0.996086835861206,0.9886444211006165,0.9373598694801331,52.59163802978236,14.788176165773073,0.702237069606781,-0.07965534925460815,0.9749603867530823,-0.013156354427337646,0.9138081669807434,-0.04610699415206909,0.6913313865661621,-0.08138459920883179,90.12313860252004,9.868270332187848,23.35482280233959,7.726886805574505,0.9233180284500122,-0.016555845737457275,0.9922674298286438,-0.003819406032562256,0.9855729341506958,-0.0030714869499206543,0.92010897397995,-0.017250895500183105,85.66437571592212,33.07273768613976,34.47286085976738,19.684684693994306
Stealing036_x264,Stealing,2496,330,0.48478513956069946,0.9306153655052185,0.8370294570922852,0.43111908435821533,96.26654355186211,64.04410792253287,0.7403317093849182,0.8860145211219788,0.866243302822113,0.7211484909057617,98.49156383782423,81.6850798007631,0.8521785140037537,0.3673933744430542,0.9844061136245728,0.05379074811935425,0.9669679403305054,0.12993848323822021,0.8346898555755615,0.4035707712173462,85.0832423962618,-11.183301155600319,32.44399790508261,-31.600110017450262,0.8964248895645142,0.15609318017959595,0.9648658037185669,0.07885128259658813,0.9603180885314941,0.0940747857093811,0.8866904973983765,0.16554200649261475,96.47695794510199,-2.014605892722244,78.82320590499955,-2.8618738957635514
Stealing058_x264,Stealing,4976,3090,0.9445491433143616,0.9999969005584717,0.9999619722366333,0.8537614941596985,98.8477523019215,99.2969326993603,0.9789743423461914,0.9996278285980225,0.9993952512741089,0.9455171823501587,98.29975256274301,98.95576548727017,0.9488929510116577,0.004343807697296143,0.9999988079071045,1.9073486328125e-06,0.9999868869781494,2.491474151611328e-05,0.8651811480522156,0.01141965389251709,98.4441653196608,-0.40358698226070544,99.03388657078392,-0.2630461285763772,0.9640107750892639,-0.01496356725692749,0.9992281794548035,-0.00039964914321899414,0.9986866116523743,-0.0007086396217346191,0.9071981906890869,-0.03831899166107178,97.55572486075219,-0.7440277019908166,98.48368524278723,-0.47208024448293884
Stealing062_x264,Stealing,1552,690,0.9768028855323792,0.9971867203712463,0.995166540145874,0.9621034860610962,99.94922492350112,99.92613189529267,0.99637770652771,0.9994243383407593,0.9963402152061462,0.9964078664779663,19.887353307105148,31.37931310218749,0.9868289232254028,0.010026037693023682,0.9993743300437927,0.0021876096725463867,0.9988942742347717,0.003727734088897705,0.9771710634231567,0.015067577362060547,98.97541948283398,-0.9738054406671353,98.68057095033087,-1.2455609449617953,0.9968365430831909,0.00045883655548095703,0.999229371547699,-0.00019496679306030273,0.9987865686416626,0.0024463534355163574,0.9952757954597473,-0.0011320710182189941,83.51827566495174,63.6309223578466,70.78504365616774,39.405730553980256
Stealing079_x264,Stealing,5840,1650,0.8969659805297852,0.9994423985481262,0.9903517365455627,0.8601910471916199,80.53550300137414,52.99064017985469,0.9892528057098389,0.9973735213279724,0.9949586391448975,0.9870060086250305,88.1898604180227,82.18056016275732,0.6988959908485413,-0.1980699896812439,0.9993597865104675,-8.26120376586914e-05,0.9642853140830994,-0.02606642246246338,0.5943871140480042,-0.2658039331436157,82.04628625153686,1.5107832501627172,59.97972273025848,6.9890825504037934,0.9781907796859741,-0.011062026023864746,0.9986921548843384,0.0013186335563659668,0.9956559538841248,0.0006973147392272949,0.9713130593299866,-0.015692949295043945,89.81311925941998,1.6232588413972735,81.59839465881245,-0.5821655039448643
Vandalism007_x264,Vandalism,1136,510,0.9358597993850708,0.9959834814071655,0.9418294429779053,0.9309963583946228,63.71170832550273,68.24150890661662,0.9924126267433167,0.9968969225883484,0.9946610331535339,0.9905809164047241,60.754870638351186,46.961837222905054,0.974772036075592,0.03891223669052124,0.9995055198669434,0.003522038459777832,0.9957759976387024,0.05394655466079712,0.9576601982116699,0.02666383981704712,87.9978700745474,24.286161749044666,85.57190807858642,17.330399171969802,0.9810219407081604,-0.01139068603515625,0.9948374629020691,-0.002059459686279297,0.9909182190895081,-0.003742814064025879,0.9729593992233276,-0.017621517181396484,72.92300945937481,12.168138821023625,59.08992736526402,12.128090142358964
Vandalism015_x264,Vandalism,2976,690,0.9840109348297119,0.9993346333503723,0.9983965158462524,0.9796688556671143,99.28702752735619,97.9011774720896,0.9960429072380066,0.9982289671897888,0.9973437190055847,0.9956501126289368,94.01435327830397,68.72910316963315,0.8334632515907288,-0.15054768323898315,0.9973168969154358,-0.0020177364349365234,0.9773515462875366,-0.02104496955871582,0.7900325059890747,-0.18963634967803955,94.94756995955215,-4.339457567804033,75.16539219224295,-22.735785279846652,0.9172269701957703,-0.07881593704223633,0.9969106316566467,-0.0013183355331420898,0.97740238904953,-0.019941329956054688,0.899063766002655,-0.09658634662628174,94.6209441211153,0.6065908428113289,70.98739567218573,2.258292502552578
Vandalism017_x264,Vandalism,1008,120,0.9990658164024353,0.9999685287475586,0.9999582767486572,0.9989452362060547,85.64564564564564,50.3084505541347,0.998262345790863,0.998886227607727,0.9987480044364929,0.9981967210769653,94.83483483483484,73.72751322751321,0.9940781593322754,-0.004987657070159912,0.9998500347137451,-0.00011849403381347656,0.999670147895813,-0.0002881288528442383,0.993322491645813,-0.005622744560241699,79.06906906906906,-6.576576576576585,26.271643308207267,-24.036807245927434,0.9976073503494263,-0.0006549954414367676,0.999164342880249,0.00027811527252197266,0.9988324642181396,8.445978164672852e-05,0.9974417686462402,-0.0007549524307250977,84.68468468468468,-10.150150150150154,36.2150757738993,-37.51243745361391
Vandalism028_x264,Vandalism,4480,420,0.8682906031608582,0.9913813471794128,0.9556661248207092,0.8592516779899597,87.81749941355852,55.70923985579302,0.9788314700126648,0.9938700199127197,0.9876819252967834,0.9779158234596252,64.38986629134413,38.21983698069512,0.9285814762115479,0.0602908730506897,0.995644211769104,0.004262864589691162,0.9726526737213135,0.016986548900604248,0.924022376537323,0.06477069854736328,79.7649542575651,-8.052545155993428,47.38623467661503,-8.32300517917799,0.9658137559890747,-0.013017714023590088,0.987932562828064,-0.005937457084655762,0.9770053029060364,-0.01067662239074707,0.9646559953689575,-0.013259828090667725,68.09617640159512,3.706310110250982,40.454790623460404,2.2349536427652836
Vandalism036_x264,Vandalism,1440,330,0.9980108737945557,0.9998557567596436,0.999666154384613,0.99751877784729,82.5984165984166,57.258205950105335,0.995774507522583,0.9982473850250244,0.9971073865890503,0.9953780174255371,84.86104286104286,68.83652951411278,0.979121744632721,-0.018889129161834717,0.9971193075180054,-0.0027364492416381836,0.9886952638626099,-0.010970890522003174,0.9762754440307617,-0.02124333381652832,75.01556101556102,-7.582855582855586,61.35536259463426,4.097156644528923,0.9852164387702942,-0.010558068752288818,0.9965623021125793,-0.0016850829124450684,0.9926110506057739,-0.004496335983276367,0.9830179214477539,-0.012360095977783203,70.75238875238875,-14.108654108654108,59.564218382410616,-9.272311131702168
Normal_Videos_003_x264,Normal,2816,0,0.0008227672078646719,0.0545252226293087,nan,0.0008227672078646719,nan,nan,0.007244844920933247,0.03374248743057251,nan,0.007244844920933247,nan,nan,0.01324599888175726,0.012423231673892587,0.9384807348251343,0.8839555121958256,nan,nan,0.01324599888175726,0.012423231673892587,nan,nan,nan,nan,0.055950939655303955,0.04870609473437071,0.8799344301223755,0.846191942691803,nan,nan,0.055950939655303955,0.04870609473437071,nan,nan,nan,nan
Normal_Videos_006_x264,Normal,448,0,0.0031427890062332153,0.030095933005213737,nan,0.0031427890062332153,nan,nan,0.004665791988372803,0.012701213359832764,nan,0.004665791988372803,nan,nan,0.05445507541298866,0.05131228640675545,0.6250131130218506,0.5949171800166368,nan,nan,0.05445507541298866,0.05131228640675545,nan,nan,nan,nan,0.0931631475687027,0.0884973555803299,0.38847672939300537,0.3757755160331726,nan,nan,0.0931631475687027,0.0884973555803299,nan,nan,nan,nan
Normal_Videos_010_x264,Normal,1040,0,0.0016126155387610197,0.0320335328578949,nan,0.0016126155387610197,nan,nan,0.028579095378518105,0.05839627981185913,nan,0.028579095378518105,nan,nan,0.005379199981689453,0.0037665844429284334,0.08673854172229767,0.05470500886440277,nan,nan,0.005379199981689453,0.0037665844429284334,nan,nan,nan,nan,0.1330234855413437,0.10444439016282558,0.2198522686958313,0.16145598888397217,nan,nan,0.1330234855413437,0.10444439016282558,nan,nan,nan,nan
Normal_Videos_014_x264,Normal,1488,0,0.0008576693362556398,0.01663801819086075,nan,0.0008576693362556398,nan,nan,0.010986573062837124,0.013474464416503906,nan,0.010986573062837124,nan,nan,0.0003240073856431991,-0.0005336619506124407,0.013027373701334,-0.0036106444895267487,nan,nan,0.0003240073856431991,-0.0005336619506124407,nan,nan,nan,nan,0.03562422841787338,0.02463765535503626,0.05135691165924072,0.037882447242736816,nan,nan,0.03562422841787338,0.02463765535503626,nan,nan,nan,nan
Normal_Videos_015_x264,Normal,480,0,6.340054096654058e-05,0.0011411982122808695,nan,6.340054096654058e-05,nan,nan,0.001954855630174279,0.003213047981262207,nan,0.001954855630174279,nan,nan,9.456645057071e-05,3.116590960416943e-05,0.001991479191929102,0.0008502809796482325,nan,nan,9.456645057071e-05,3.116590960416943e-05,nan,nan,nan,nan,0.006379308179020882,0.0044244525488466024,0.0077135562896728516,0.0045005083084106445,nan,nan,0.006379308179020882,0.0044244525488466024,nan,nan,nan,nan
Normal_Videos_018_x264,Normal,1168,0,1.8872960936278105e-05,0.0007922699442133307,nan,1.8872960936278105e-05,nan,nan,0.0012804432772099972,0.004840552806854248,nan,0.0012804432772099972,nan,nan,1.488622456236044e-05,-3.986736373917665e-06,0.0004877452738583088,-0.00030452467035502195,nan,nan,1.488622456236044e-05,-3.986736373917665e-06,nan,nan,nan,nan,0.0021382521372288465,0.0008578088600188494,0.004139125347137451,-0.0007014274597167969,nan,nan,0.0021382521372288465,0.0008578088600188494,nan,nan,nan,nan
Normal_Videos_019_x264,Normal,2832,0,0.13978716731071472,0.5425789952278137,nan,0.13978716731071472,nan,nan,0.04385831207036972,0.10375535488128662,nan,0.04385831207036972,nan,nan,0.01818181201815605,-0.12160535529255867,0.9484622478485107,0.405883252620697,nan,nan,0.01818181201815605,-0.12160535529255867,nan,nan,nan,nan,0.18384890258312225,0.13999059051275253,0.8794430494308472,0.7756876945495605,nan,nan,0.18384890258312225,0.13999059051275253,nan,nan,nan,nan
Normal_Videos_024_x264,Normal,1072,0,7.917640687082894e-06,0.0003207725239917636,nan,7.917640687082894e-06,nan,nan,0.0007015261799097061,0.0008820891380310059,nan,0.0007015261799097061,nan,nan,1.8848402760340832e-05,1.0930762073257938e-05,0.0009414154919795692,0.0006206429679878056,nan,nan,1.8848402760340832e-05,1.0930762073257938e-05,nan,nan,nan,nan,0.003052943618968129,0.002351417439058423,0.0037044882774353027,0.002822399139404297,nan,nan,0.003052943618968129,0.002351417439058423,nan,nan,nan,nan
Normal_Videos_025_x264,Normal,592,0,4.2766087062773295e-06,0.0001301886368310079,nan,4.2766087062773295e-06,nan,nan,0.0007216092781163752,0.0009114742279052734,nan,0.0007216092781163752,nan,nan,2.273545078423922e-06,-2.0030636278534075e-06,6.430856592487544e-05,-6.588007090613246e-05,nan,nan,2.273545078423922e-06,-2.0030636278534075e-06,nan,nan,nan,nan,0.0019825599156320095,0.0012609506375156343,0.002584218978881836,0.0016727447509765625,nan,nan,0.0019825599156320095,0.0012609506375156343,nan,nan,nan,nan
Normal_Videos_027_x264,Normal,4912,0,0.00010861898044822738,0.008046969771385193,nan,0.00010861898044822738,nan,nan,0.0024305868428200483,0.00537484884262085,nan,0.0024305868428200483,nan,nan,5.074092769064009e-05,-5.7878052757587284e-05,0.003932587802410126,-0.004114381968975067,nan,nan,5.074092769064009e-05,-5.7878052757587284e-05,nan,nan,nan,nan,0.013452906161546707,0.011022319318726659,0.03019082546234131,0.02481597661972046,nan,nan,0.013452906161546707,0.011022319318726659,nan,nan,nan,nan
Normal_Videos_033_x264,Normal,1680,0,2.6575626179692335e-05,0.001325747580267489,nan,2.6575626179692335e-05,nan,nan,0.0007720799767412245,0.0027332305908203125,nan,0.0007720799767412245,nan,nan,4.361669562058523e-05,1.7041069440892898e-05,0.0014239887241274118,9.824114385992289e-05,nan,nan,4.361669562058523e-05,1.7041069440892898e-05,nan,nan,nan,nan,0.006432217080146074,0.00566013710340485,0.018056273460388184,0.015323042869567871,nan,nan,0.006432217080146074,0.00566013710340485,nan,nan,nan,nan
Normal_Videos_034_x264,Normal,1312,0,4.199070190225029e-06,0.0001654961524764076,nan,4.199070190225029e-06,nan,nan,0.0005685549112968147,0.00177842378616333,nan,0.0005685549112968147,nan,nan,4.840144902118482e-05,4.420237883095979e-05,0.0027515420224517584,0.002586045869975351,nan,nan,4.840144902118482e-05,4.420237883095979e-05,nan,nan,nan,nan,0.0025776545517146587,0.002009099640417844,0.03043156862258911,0.02865314483642578,nan,nan,0.0025776545517146587,0.002009099640417844,nan,nan,nan,nan
Normal_Videos_041_x264,Normal,1264,0,0.001500184298492968,0.02227400243282318,nan,0.001500184298492968,nan,nan,0.009444309398531914,0.03424942493438721,nan,0.009444309398531914,nan,nan,0.0013970545260235667,-0.00010312977246940136,0.023259570822119713,0.0009855683892965317,nan,nan,0.0013970545260235667,-0.00010312977246940136,nan,nan,nan,nan,0.025340113788843155,0.01589580439031124,0.08267515897750854,0.04842573404312134,nan,nan,0.025340113788843155,0.01589580439031124,nan,nan,nan,nan
Normal_Videos_042_x264,Normal,3152,0,4.71359953735373e-06,0.00038136442890390754,nan,4.71359953735373e-06,nan,nan,0.001556607079692185,0.002502620220184326,nan,0.001556607079692185,nan,nan,2.89588319901668e-06,-1.8177163383370498e-06,0.0002179995644837618,-0.00016336486442014575,nan,nan,2.89588319901668e-06,-1.8177163383370498e-06,nan,nan,nan,nan,0.0025780058931559324,0.0010213988134637475,0.003165304660797119,0.000662684440612793,nan,nan,0.0025780058931559324,0.0010213988134637475,nan,nan,nan,nan
Normal_Videos_048_x264,Normal,1648,0,6.90404194756411e-05,0.002958604833111167,nan,6.90404194756411e-05,nan,nan,0.0014581425348296762,0.002237558364868164,nan,0.0014581425348296762,nan,nan,3.668915087473579e-05,-3.2351268600905314e-05,0.001942431554198265,-0.0010161732789129019,nan,nan,3.668915087473579e-05,-3.2351268600905314e-05,nan,nan,nan,nan,0.005376118700951338,0.003917976166121662,0.007257938385009766,0.0050203800201416016,nan,nan,0.005376118700951338,0.003917976166121662,nan,nan,nan,nan
Normal_Videos_050_x264,Normal,4192,0,0.0047172363847494125,0.32213911414146423,nan,0.0047172363847494125,nan,nan,0.014867848716676235,0.5140637159347534,nan,0.014867848716676235,nan,nan,0.019852621480822563,0.01513538509607315,0.9626880884170532,0.640548974275589,nan,nan,0.019852621480822563,0.01513538509607315,nan,nan,nan,nan,0.07383513450622559,0.05896728578954935,0.9859257340431213,0.4718620181083679,nan,nan,0.07383513450622559,0.05896728578954935,nan,nan,nan,nan
Normal_Videos_051_x264,Normal,2352,0,0.0669846385717392,0.3988797068595886,nan,0.0669846385717392,nan,nan,0.0510995127260685,0.20504474639892578,nan,0.0510995127260685,nan,nan,0.16112658381462097,0.09414194524288177,0.8058157563209534,0.40693604946136475,nan,nan,0.16112658381462097,0.09414194524288177,nan,nan,nan,nan,0.24692577123641968,0.19582625851035118,0.7662321329116821,0.5611873865127563,nan,nan,0.24692577123641968,0.19582625851035118,nan,nan,nan,nan
Normal_Videos_056_x264,Normal,1568,0,0.09549008309841156,0.22800810635089874,nan,0.09549008309841156,nan,nan,0.029613198712468147,0.049156129360198975,nan,0.029613198712468147,nan,nan,0.008538046851754189,-0.08695203624665737,0.046324603259563446,-0.1816835030913353,nan,nan,0.008538046851754189,-0.08695203624665737,nan,nan,nan,nan,0.13833649456501007,0.10872329585254192,0.25077325105667114,0.20161712169647217,nan,nan,0.13833649456501007,0.10872329585254192,nan,nan,nan,nan
Normal_Videos_059_x264,Normal,1824,0,0.12458581477403641,0.5700345635414124,nan,0.12458581477403641,nan,nan,0.09133341163396835,0.40262484550476074,nan,0.09133341163396835,nan,nan,0.07385154068470001,-0.050734274089336395,0.35116374492645264,-0.21887081861495972,nan,nan,0.07385154068470001,-0.050734274089336395,nan,nan,nan,nan,0.3394084870815277,0.24807507544755936,0.6094586849212646,0.2068338394165039,nan,nan,0.3394084870815277,0.24807507544755936,nan,nan,nan,nan
Normal_Videos_063_x264,Normal,352,0,0.026301639154553413,0.10914211720228195,nan,0.026301639154553413,nan,nan,0.01693110354244709,0.04231029748916626,nan,0.01693110354244709,nan,nan,0.003943684045225382,-0.02235795510932803,0.027532869949936867,-0.08160924725234509,nan,nan,0.003943684045225382,-0.02235795510932803,nan,nan,nan,nan,0.07256727665662766,0.055636173114180565,0.1483323574066162,0.10602205991744995,nan,nan,0.07256727665662766,0.055636173114180565,nan,nan,nan,nan
Normal_Videos_067_x264,Normal,1056,0,8.739832992432639e-06,0.00036204117350280285,nan,8.739832992432639e-06,nan,nan,0.0010678578400984406,0.0019645094871520996,nan,0.0010678578400984406,nan,nan,1.203958072437672e-05,3.2997477319440804e-06,0.0005618205759674311,0.00019977940246462822,nan,nan,1.203958072437672e-05,3.2997477319440804e-06,nan,nan,nan,nan,0.0023661283776164055,0.0012982705375179648,0.003908693790435791,0.0019441843032836914,nan,nan,0.0023661283776164055,0.0012982705375179648,nan,nan,nan,nan
Normal_Videos_070_x264,Normal,992,0,1.8137188817490824e-05,0.0008418344659730792,nan,1.8137188817490824e-05,nan,nan,0.0016058539040386677,0.001973092555999756,nan,0.0016058539040386677,nan,nan,1.0025991286966018e-05,-8.111197530524805e-06,0.000504985568113625,-0.00033684889785945415,nan,nan,1.0025991286966018e-05,-8.111197530524805e-06,nan,nan,nan,nan,0.0023351714480668306,0.000729317544028163,0.00259321928024292,0.0006201267242431641,nan,nan,0.0023351714480668306,0.000729317544028163,nan,nan,nan,nan
Normal_Videos_100_x264,Normal,624,0,0.0006836723769083619,0.011517981998622417,nan,0.0006836723769083619,nan,nan,0.004263593815267086,0.00713115930557251,nan,0.004263593815267086,nan,nan,9.929869702318683e-05,-0.0005843736798851751,0.0026509191375225782,-0.00886706286109984,nan,nan,9.929869702318683e-05,-0.0005843736798851751,nan,nan,nan,nan,0.013121986761689186,0.0088583929464221,0.022187888622283936,0.015056729316711426,nan,nan,0.013121986761689186,0.0088583929464221,nan,nan,nan,nan
Normal_Videos_129_x264,Normal,464,0,0.09642569720745087,0.18074554204940796,nan,0.09642569720745087,nan,nan,0.1155468299984932,0.17163395881652832,nan,0.1155468299984932,nan,nan,0.19286537170410156,0.0964396744966507,0.3129284977912903,0.13218295574188232,nan,nan,0.19286537170410156,0.0964396744966507,nan,nan,nan,nan,0.6979836821556091,0.5824368521571159,0.829198956489563,0.6575649976730347,nan,nan,0.6979836821556091,0.5824368521571159,nan,nan,nan,nan
Normal_Videos_150_x264,Normal,864,0,4.644996806746349e-05,0.00094470230396837,nan,4.644996806746349e-05,nan,nan,0.0034872060641646385,0.015116214752197266,nan,0.0034872060641646385,nan,nan,4.058789636474103e-05,-5.86207170272246e-06,0.0009838888654485345,3.918656148016453e-05,nan,nan,4.058789636474103e-05,-5.86207170272246e-06,nan,nan,nan,nan,0.0021662358194589615,-0.001320970244705677,0.007193326950073242,-0.007922887802124023,nan,nan,0.0021662358194589615,-0.001320970244705677,nan,nan,nan,nan
Normal_Videos_168_x264,Normal,1728,0,7.25186982890591e-05,0.002296507591381669,nan,7.25186982890591e-05,nan,nan,0.00143653922714293,0.0023345947265625,nan,0.00143653922714293,nan,nan,7.991458551259711e-05,7.395887223538011e-06,0.0035046071279793978,0.0012080995365977287,nan,nan,7.991458551259711e-05,7.395887223538011e-06,nan,nan,nan,nan,0.013867842964828014,0.012431303737685084,0.026788413524627686,0.024453818798065186,nan,nan,0.013867842964828014,0.012431303737685084,nan,nan,nan,nan
Normal_Videos_175_x264,Normal,8832,0,0.014474384486675262,0.27772611379623413,nan,0.014474384486675262,nan,nan,0.07962337136268616,0.5892958641052246,nan,0.07962337136268616,nan,nan,0.0013735707616433501,-0.013100813725031912,0.09924280643463135,-0.17848330736160278,nan,nan,0.0013735707616433501,-0.013100813725031912,nan,nan,nan,nan,0.03071272186934948,-0.04891064949333668,0.12853026390075684,-0.4607656002044678,nan,nan,0.03071272186934948,-0.04891064949333668,nan,nan,nan,nan
Normal_Videos_182_x264,Normal,4080,0,0.15216097235679626,0.798118531703949,nan,0.15216097235679626,nan,nan,0.04329606890678406,0.2630738615989685,nan,0.04329606890678406,nan,nan,0.06405060738325119,-0.08811036497354507,0.6439263820648193,-0.15419214963912964,nan,nan,0.06405060738325119,-0.08811036497354507,nan,nan,nan,nan,0.13617481291294098,0.09287874400615692,0.6489472389221191,0.38587337732315063,nan,nan,0.13617481291294098,0.09287874400615692,nan,nan,nan,nan
Normal_Videos_189_x264,Normal,736,0,0.15108278393745422,0.5715938210487366,nan,0.15108278393745422,nan,nan,0.1393737643957138,0.33047664165496826,nan,0.1393737643957138,nan,nan,0.22899144887924194,0.07790866494178772,0.7285873293876648,0.15699350833892822,nan,nan,0.22899144887924194,0.07790866494178772,nan,nan,nan,nan,0.7772218585014343,0.6378480941057205,0.9111167192459106,0.5806400775909424,nan,nan,0.7772218585014343,0.6378480941057205,nan,nan,nan,nan
Normal_Videos_196_x264,Normal,2000,0,4.201382398605347e-05,0.0026198269333690405,nan,4.201382398605347e-05,nan,nan,0.003061791881918907,0.007041811943054199,nan,0.003061791881918907,nan,nan,0.0005340997595340014,0.0004920859355479479,0.024775004014372826,0.022155177081003785,nan,nan,0.0005340997595340014,0.0004920859355479479,nan,nan,nan,nan,0.01677265204489231,0.013710860162973404,0.0327070951461792,0.025665283203125,nan,nan,0.01677265204489231,0.013710860162973404,nan,nan,nan,nan
Normal_Videos_203_x264,Normal,2560,0,0.00017030540038831532,0.005864334758371115,nan,0.00017030540038831532,nan,nan,0.002587325870990753,0.00593644380569458,nan,0.002587325870990753,nan,nan,0.000176222063601017,5.916663212701678e-06,0.009006389416754246,0.003142054658383131,nan,nan,0.000176222063601017,5.916663212701678e-06,nan,nan,nan,nan,0.016810692846775055,0.014223366975784302,0.05126923322677612,0.04533278942108154,nan,nan,0.016810692846775055,0.014223366975784302,nan,nan,nan,nan
Normal_Videos_210_x264,Normal,5408,0,0.00020913839398417622,0.02981461212038994,nan,0.00020913839398417622,nan,nan,0.0017981467535719275,0.034833431243896484,nan,0.0017981467535719275,nan,nan,0.009545711800456047,0.00933657340647187,0.949222981929779,0.9194083698093891,nan,nan,0.009545711800456047,0.00933657340647187,nan,nan,nan,nan,0.03309044986963272,0.03129230311606079,0.8895679116249084,0.854734480381012,nan,nan,0.03309044986963272,0.03129230311606079,nan,nan,nan,nan
Normal_Videos_217_x264,Normal,1808,0,0.08769474178552628,0.41414675116539,nan,0.08769474178552628,nan,nan,0.0259158406406641,0.06133919954299927,nan,0.0259158406406641,nan,nan,0.024454373866319656,-0.06324036791920662,0.20144560933113098,-0.21270114183425903,nan,nan,0.024454373866319656,-0.06324036791920662,nan,nan,nan,nan,0.18784691393375397,0.16193107329308987,0.36220240592956543,0.30086320638656616,nan,nan,0.18784691393375397,0.16193107329308987,nan,nan,nan,nan
Normal_Videos_224_x264,Normal,6944,0,0.03586305305361748,0.3754129409790039,nan,0.03586305305361748,nan,nan,0.04447637125849724,0.17381501197814941,nan,0.04447637125849724,nan,nan,0.02165517583489418,-0.014207877218723297,0.9927307963371277,0.6173178553581238,nan,nan,0.02165517583489418,-0.014207877218723297,nan,nan,nan,nan,0.07091045379638672,0.02643408253788948,0.9498018026351929,0.7759867906570435,nan,nan,0.07091045379638672,0.02643408253788948,nan,nan,nan,nan
Normal_Videos_246_x264,Normal,4992,0,0.005995288956910372,0.14562258124351501,nan,0.005995288956910372,nan,nan,0.017702803015708923,0.14186692237854004,nan,0.017702803015708923,nan,nan,0.010727094486355782,0.00473180552944541,0.16558676958084106,0.01996418833732605,nan,nan,0.010727094486355782,0.00473180552944541,nan,nan,nan,nan,0.041589125990867615,0.02388632297515869,0.3239057660102844,0.18203884363174438,nan,nan,0.041589125990867615,0.02388632297515869,nan,nan,nan,nan
Normal_Videos_247_x264,Normal,8208,0,0.00025322791771031916,0.010258507914841175,nan,0.00025322791771031916,nan,nan,0.004067564848810434,0.013307034969329834,nan,0.004067564848810434,nan,nan,0.00038577723898924887,0.0001325493212789297,0.11567236483097076,0.10541385691612959,nan,nan,0.00038577723898924887,0.0001325493212789297,nan,nan,nan,nan,0.01147517655044794,0.0074076117016375065,0.20072686672210693,0.1874198317527771,nan,nan,0.01147517655044794,0.0074076117016375065,nan,nan,nan,nan
Normal_Videos_248_x264,Normal,1136,0,2.384282197454013e-05,0.0008483074489049613,nan,2.384282197454013e-05,nan,nan,0.0008731207344681025,0.002255678176879883,nan,0.0008731207344681025,nan,nan,3.253995600971393e-05,8.697134035173804e-06,0.0010091470321640372,0.00016083958325907588,nan,nan,3.253995600971393e-05,8.697134035173804e-06,nan,nan,nan,nan,0.0038275315891951323,0.00295441085472703,0.006942391395568848,0.004686713218688965,nan,nan,0.0038275315891951323,0.00295441085472703,nan,nan,nan,nan
Normal_Videos_251_x264,Normal,400,0,0.009248110465705395,0.11976222693920135,nan,0.009248110465705395,nan,nan,0.021086368709802628,0.0735282301902771,nan,0.021086368709802628,nan,nan,0.015259750187397003,0.006011639721691608,0.19080378115177155,0.07104155421257019,nan,nan,0.015259750187397003,0.006011639721691608,nan,nan,nan,nan,0.10156096518039703,0.0804745964705944,0.23531293869018555,0.16178470849990845,nan,nan,0.10156096518039703,0.0804745964705944,nan,nan,nan,nan
Normal_Videos_289_x264,Normal,848,0,1.610072831681464e-05,0.0006559820030815899,nan,1.610072831681464e-05,nan,nan,0.0008159628487192094,0.0013535618782043457,nan,0.0008159628487192094,nan,nan,4.024944064440206e-05,2.4148712327587418e-05,0.0014807131374254823,0.0008247311343438923,nan,nan,4.024944064440206e-05,2.4148712327587418e-05,nan,nan,nan,nan,0.0037362980656325817,0.0029203352169133723,0.004796028137207031,0.0034424662590026855,nan,nan,0.0037362980656325817,0.0029203352169133723,nan,nan,nan,nan
Normal_Videos_310_x264,Normal,2512,0,0.0006699658115394413,0.04362505301833153,nan,0.0006699658115394413,nan,nan,0.004840111825615168,0.02535414695739746,nan,0.004840111825615168,nan,nan,0.00031355497776530683,-0.0003564108337741345,0.008109168149530888,-0.03551588486880064,nan,nan,0.00031355497776530683,-0.0003564108337741345,nan,nan,nan,nan,0.03983371704816818,0.034993605222553015,0.09723001718521118,0.07187587022781372,nan,nan,0.03983371704816818,0.034993605222553015,nan,nan,nan,nan
Normal_Videos_312_x264,Normal,1248,0,8.081351552391425e-06,0.0002636861754581332,nan,8.081351552391425e-06,nan,nan,0.0013360946904867887,0.00177079439163208,nan,0.0013360946904867887,nan,nan,2.2500104023492895e-05,1.441875247110147e-05,0.0005572036025114357,0.0002935174270533025,nan,nan,2.2500104023492895e-05,1.441875247110147e-05,nan,nan,nan,nan,0.0021186936646699905,0.0007825989741832018,0.004092812538146973,0.0023220181465148926,nan,nan,0.0021186936646699905,0.0007825989741832018,nan,nan,nan,nan
Normal_Videos_317_x264,Normal,928,0,0.0001649399782763794,0.005671242251992226,nan,0.0001649399782763794,nan,nan,0.005792111158370972,0.007253706455230713,nan,0.005792111158370972,nan,nan,5.502203566720709e-05,-0.00010991794260917231,0.002232313621789217,-0.0034389286302030087,nan,nan,5.502203566720709e-05,-0.00010991794260917231,nan,nan,nan,nan,0.0069719706661999226,0.0011798595078289509,0.009366989135742188,0.0021132826805114746,nan,nan,0.0069719706661999226,0.0011798595078289509,nan,nan,nan,nan
Normal_Videos_345_x264,Normal,208,0,0.003056246554479003,0.015581555664539337,nan,0.003056246554479003,nan,nan,0.014728812500834465,0.020372629165649414,nan,0.014728812500834465,nan,nan,0.0027861478738486767,-0.00027009868063032627,0.014619853347539902,-0.0009617023169994354,nan,nan,0.0027861478738486767,-0.00027009868063032627,nan,nan,nan,nan,0.032167062163352966,0.0174382496625185,0.03520321846008301,0.014830589294433594,nan,nan,0.032167062163352966,0.0174382496625185,nan,nan,nan,nan
Normal_Videos_352_x264,Normal,5392,0,1.5214178347378038e-05,0.00256680091843009,nan,1.5214178347378038e-05,nan,nan,0.0012349857715889812,0.005112588405609131,nan,0.0012349857715889812,nan,nan,0.00011141142022097483,9.61972418735968e-05,0.026135491207242012,0.023568690288811922,nan,nan,0.00011141142022097483,9.61972418735968e-05,nan,nan,nan,nan,0.01003902219235897,0.00880403642076999,0.338542103767395,0.3334295153617859,nan,nan,0.01003902219235897,0.00880403642076999,nan,nan,nan,nan
Normal_Videos_360_x264,Normal,976,0,0.0019195699132978916,0.034296758472919464,nan,0.0019195699132978916,nan,nan,0.007996720261871815,0.010367989540100098,nan,0.007996720261871815,nan,nan,0.00308619043789804,0.0011666205246001482,0.06150490790605545,0.027208149433135986,nan,nan,0.00308619043789804,0.0011666205246001482,nan,nan,nan,nan,0.03302442654967308,0.025027706287801266,0.07980823516845703,0.06944024562835693,nan,nan,0.03302442654967308,0.025027706287801266,nan,nan,nan,nan
Normal_Videos_365_x264,Normal,6624,0,5.919096292927861e-05,0.010716411285102367,nan,5.919096292927861e-05,nan,nan,0.0038625842425972223,0.0114707350730896,nan,0.0038625842425972223,nan,nan,3.078560621361248e-05,-2.840535671566613e-05,0.0026839962229132652,-0.008032415062189102,nan,nan,3.078560621361248e-05,-2.840535671566613e-05,nan,nan,nan,nan,0.01511450670659542,0.011251922463998199,0.03540337085723877,0.02393263578414917,nan,nan,0.01511450670659542,0.011251922463998199,nan,nan,nan,nan
Normal_Videos_401_x264,Normal,1616,0,0.001960793975740671,0.007067174185067415,nan,0.001960793975740671,nan,nan,0.004425663035362959,0.0074201226234436035,nan,0.004425663035362959,nan,nan,3.6817073123529553e-05,-0.0019239769026171416,0.0005529950140044093,-0.006514179171063006,nan,nan,3.6817073123529553e-05,-0.0019239769026171416,nan,nan,nan,nan,0.012234864756464958,0.007809201721101999,0.019137918949127197,0.011717796325683594,nan,nan,0.012234864756464958,0.007809201721101999,nan,nan,nan,nan
Normal_Videos_417_x264,Normal,1072,0,0.003214385360479355,0.020030539482831955,nan,0.003214385360479355,nan,nan,0.01003086008131504,0.03640580177307129,nan,0.01003086008131504,nan,nan,0.0016420843312516809,-0.001572301029227674,0.009000306017696857,-0.011030233465135098,nan,nan,0.0016420843312516809,-0.001572301029227674,nan,nan,nan,nan,0.020264333114027977,0.010233473032712936,0.07929325103759766,0.04288744926452637,nan,nan,0.020264333114027977,0.010233473032712936,nan,nan,nan,nan
Normal_Videos_439_x264,Normal,4224,0,0.005088503938168287,0.09151182323694229,nan,0.005088503938168287,nan,nan,0.012524263001978397,0.18816614151000977,nan,0.012524263001978397,nan,nan,0.0040711890906095505,-0.0010173148475587368,0.16954265534877777,0.07803083211183548,nan,nan,0.0040711890906095505,-0.0010173148475587368,nan,nan,nan,nan,0.03209323063492775,0.019568967632949352,0.29117512702941895,0.10300898551940918,nan,nan,0.03209323063492775,0.019568967632949352,nan,nan,nan,nan
Normal_Videos_452_x264,Normal,432,0,2.1964768166071735e-05,0.0002844620612449944,nan,2.1964768166071735e-05,nan,nan,0.00043880718294531107,0.0009233951568603516,nan,0.00043880718294531107,nan,nan,3.336972076795064e-05,1.1404952601878904e-05,0.00048394291661679745,0.00019948085537180305,nan,nan,3.336972076795064e-05,1.1404952601878904e-05,nan,nan,nan,nan,0.002618449740111828,0.0021796425571665168,0.005468130111694336,0.004544734954833984,nan,nan,0.002618449740111828,0.0021796425571665168,nan,nan,nan,nan
Normal_Videos_453_x264,Normal,5312,0,0.0009279710939154029,0.028418945148587227,nan,0.0009279710939154029,nan,nan,0.002841380424797535,0.00535738468170166,nan,0.002841380424797535,nan,nan,6.369083712343127e-05,-0.0008642802567919716,0.006038122344762087,-0.02238082280382514,nan,nan,6.369083712343127e-05,-0.0008642802567919716,nan,nan,nan,nan,0.00928911566734314,0.006447735242545605,0.035389244556427,0.030031859874725342,nan,nan,0.00928911566734314,0.006447735242545605,nan,nan,nan,nan
Normal_Videos_478_x264,Normal,4496,0,0.022037625312805176,0.5917888283729553,nan,0.022037625312805176,nan,nan,0.03918022662401199,0.42395561933517456,nan,0.03918022662401199,nan,nan,0.011105023324489594,-0.010932601988315582,0.48882532119750977,-0.10296350717544556,nan,nan,0.011105023324489594,-0.010932601988315582,nan,nan,nan,nan,0.20993643999099731,0.17075621336698532,0.5786677002906799,0.15471208095550537,nan,nan,0.20993643999099731,0.17075621336698532,nan,nan,nan,nan
Normal_Videos_576_x264,Normal,11264,0,0.013481208123266697,0.40814027190208435,nan,0.013481208123266697,nan,nan,0.025099987164139748,0.3396672010421753,nan,0.025099987164139748,nan,nan,0.0053312466479837894,-0.008149961475282907,0.1773766130208969,-0.23076365888118744,nan,nan,0.0053312466479837894,-0.008149961475282907,nan,nan,nan,nan,0.1336398422718048,0.10853985510766506,0.4835944175720215,0.1439272165298462,nan,nan,0.1336398422718048,0.10853985510766506,nan,nan,nan,nan
Normal_Videos_597_x264,Normal,2224,0,0.0038596594240516424,0.03691171854734421,nan,0.0038596594240516424,nan,nan,0.020252782851457596,0.08438622951507568,nan,0.020252782851457596,nan,nan,0.0073645757511258125,0.00350491632707417,0.05860031023621559,0.021688591688871384,nan,nan,0.0073645757511258125,0.00350491632707417,nan,nan,nan,nan,0.06413048505783081,0.043877702206373215,0.37653928995132446,0.2921530604362488,nan,nan,0.06413048505783081,0.043877702206373215,nan,nan,nan,nan
Normal_Videos_603_x264,Normal,3264,0,6.127721462689806e-06,0.0005472027696669102,nan,6.127721462689806e-06,nan,nan,0.0008189321961253881,0.0015445947647094727,nan,0.0008189321961253881,nan,nan,0.000138506104121916,0.0001323783826592262,0.01285197027027607,0.01230476750060916,nan,nan,0.000138506104121916,0.0001323783826592262,nan,nan,nan,nan,0.010493077337741852,0.009674145141616464,0.056074559688568115,0.05452996492385864,nan,nan,0.010493077337741852,0.009674145141616464,nan,nan,nan,nan
Normal_Videos_606_x264,Normal,1232,0,1.2747350410791114e-05,0.0005720565095543861,nan,1.2747350410791114e-05,nan,nan,0.0012356205843389034,0.0018254518508911133,nan,0.0012356205843389034,nan,nan,0.0012495388509705663,0.0012367915005597752,0.055791206657886505,0.05521915014833212,nan,nan,0.0012495388509705663,0.0012367915005597752,nan,nan,nan,nan,0.004827245604246855,0.0035916250199079514,0.08284449577331543,0.08101904392242432,nan,nan,0.004827245604246855,0.0035916250199079514,nan,nan,nan,nan
Normal_Videos_621_x264,Normal,4800,0,0.00010787885548779741,0.0067179249599576,nan,0.00010787885548779741,nan,nan,0.002550888806581497,0.007481575012207031,nan,0.002550888806581497,nan,nan,4.62459574919194e-05,-6.163289799587801e-05,0.006296081002801657,-0.0004218439571559429,nan,nan,4.62459574919194e-05,-6.163289799587801e-05,nan,nan,nan,nan,0.0068493494763970375,0.00429846066981554,0.017066597938537598,0.009585022926330566,nan,nan,0.0068493494763970375,0.00429846066981554,nan,nan,nan,nan
Normal_Videos_634_x264,Normal,13456,0,4.812425231648376e-06,0.0008059972897171974,nan,4.812425231648376e-06,nan,nan,0.0009183610673062503,0.001233816146850586,nan,0.0009183610673062503,nan,nan,1.514156610937789e-05,1.0329140877729515e-05,0.0027521110605448484,0.001946113770827651,nan,nan,1.514156610937789e-05,1.0329140877729515e-05,nan,nan,nan,nan,0.003381427377462387,0.0024630663101561368,0.027542591094970703,0.026308774948120117,nan,nan,0.003381427377462387,0.0024630663101561368,nan,nan,nan,nan
Normal_Videos_641_x264,Normal,3600,0,0.002636960009112954,0.05329899117350578,nan,0.002636960009112954,nan,nan,0.024200525134801865,0.07161462306976318,nan,0.024200525134801865,nan,nan,0.0005053593195043504,-0.0021316006896086037,0.007687854580581188,-0.045611136592924595,nan,nan,0.0005053593195043504,-0.0021316006896086037,nan,nan,nan,nan,0.032520610839128494,0.00832008570432663,0.15831351280212402,0.08669888973236084,nan,nan,0.032520610839128494,0.00832008570432663,nan,nan,nan,nan
Normal_Videos_656_x264,Normal,1808,0,0.00013096090697217733,0.00280230725184083,nan,0.00013096090697217733,nan,nan,0.001035293098539114,0.0023345947265625,nan,0.001035293098539114,nan,nan,7.917395851109177e-05,-5.178694846108556e-05,0.0030277271289378405,0.0002254198770970106,nan,nan,7.917395851109177e-05,-5.178694846108556e-05,nan,nan,nan,nan,0.006206050980836153,0.005170757882297039,0.017353415489196777,0.015018820762634277,nan,nan,0.006206050980836153,0.005170757882297039,nan,nan,nan,nan
Normal_Videos_686_x264,Normal,2400,0,0.004493632819503546,0.26480305194854736,nan,0.004493632819503546,nan,nan,0.0036817300133407116,0.06296032667160034,nan,0.0036817300133407116,nan,nan,0.0015746690332889557,-0.00291896378621459,0.10358395427465439,-0.16121909767389297,nan,nan,0.0015746690332889557,-0.00291896378621459,nan,nan,nan,nan,0.007345821242779493,0.0036640912294387817,0.15165776014328003,0.08869743347167969,nan,nan,0.007345821242779493,0.0036640912294387817,nan,nan,nan,nan
Normal_Videos_696_x264,Normal,3616,0,0.007230503484606743,0.5262178778648376,nan,0.007230503484606743,nan,nan,0.011087107472121716,0.08976525068283081,nan,0.011087107472121716,nan,nan,0.012442955747246742,0.005212452262639999,0.3305412828922272,-0.19567659497261047,nan,nan,0.012442955747246742,0.005212452262639999,nan,nan,nan,nan,0.3533291518688202,0.3422420443966985,0.5059353113174438,0.41617006063461304,nan,nan,0.3533291518688202,0.3422420443966985,nan,nan,nan,nan
Normal_Videos_702_x264,Normal,2512,0,0.0001821199693949893,0.00587425334379077,nan,0.0001821199693949893,nan,nan,0.00339135923422873,0.00966501235961914,nan,0.00339135923422873,nan,nan,2.2825723135611042e-05,-0.00015929424625937827,0.002220330759882927,-0.0036539225839078426,nan,nan,2.2825723135611042e-05,-0.00015929424625937827,nan,nan,nan,nan,0.003858424024656415,0.0004670647904276848,0.008171141147613525,-0.0014938712120056152,nan,nan,0.003858424024656415,0.0004670647904276848,nan,nan,nan,nan
Normal_Videos_704_x264,Normal,1680,0,0.26096558570861816,0.9208404421806335,nan,0.26096558570861816,nan,nan,0.2965297996997833,0.748517632484436,nan,0.2965297996997833,nan,nan,0.021764427423477173,-0.239201158285141,0.5758770704269409,-0.3449633717536926,nan,nan,0.021764427423477173,-0.239201158285141,nan,nan,nan,nan,0.0887339636683464,-0.20779583603143692,0.49196308851242065,-0.2565545439720154,nan,nan,0.0887339636683464,-0.20779583603143692,nan,nan,nan,nan
Normal_Videos_710_x264,Normal,1792,0,0.0007043105433695018,0.018116028979420662,nan,0.0007043105433695018,nan,nan,0.006397281773388386,0.012527763843536377,nan,0.006397281773388386,nan,nan,0.0005987564800307155,-0.00010555406333878636,0.010345147922635078,-0.0077708810567855835,nan,nan,0.0005987564800307155,-0.00010555406333878636,nan,nan,nan,nan,0.03283224627375603,0.02643496450036764,0.09381705522537231,0.08128929138183594,nan,nan,0.03283224627375603,0.02643496450036764,nan,nan,nan,nan
Normal_Videos_717_x264,Normal,1248,0,0.00010928873234661296,0.0029473418835550547,nan,0.00010928873234661296,nan,nan,0.004030338488519192,0.011980593204498291,nan,0.004030338488519192,nan,nan,0.000794517807662487,0.0006852290753158741,0.03729557991027832,0.034348238026723266,nan,nan,0.000794517807662487,0.0006852290753158741,nan,nan,nan,nan,0.013880197890102863,0.009849859401583672,0.056697845458984375,0.044717252254486084,nan,nan,0.013880197890102863,0.009849859401583672,nan,nan,nan,nan
Normal_Videos_722_x264,Normal,8720,0,3.511613977025263e-05,0.0025420249439775944,nan,3.511613977025263e-05,nan,nan,0.0014530529733747244,0.014939963817596436,nan,0.0014530529733747244,nan,nan,2.1514553736778907e-05,-1.3601586033473723e-05,0.0017756620654836297,-0.0007663628784939647,nan,nan,2.1514553736778907e-05,-1.3601586033473723e-05,nan,nan,nan,nan,0.004526666831225157,0.0030736138578504324,0.028990447521209717,0.014050483703613281,nan,nan,0.004526666831225157,0.0030736138578504324,nan,nan,nan,nan
Normal_Videos_725_x264,Normal,912,0,0.23889006674289703,0.5181824564933777,nan,0.23889006674289703,nan,nan,0.2559581995010376,0.46418190002441406,nan,0.2559581995010376,nan,nan,0.48251864314079285,0.2436285763978958,0.8372526168823242,0.31907016038894653,nan,nan,0.48251864314079285,0.2436285763978958,nan,nan,nan,nan,0.8346971273422241,0.5787389278411865,0.9696205258369446,0.5054386258125305,nan,nan,0.8346971273422241,0.5787389278411865,nan,nan,nan,nan
Normal_Videos_745_x264,Normal,304,0,0.0002032025222433731,0.002379386452957988,nan,0.0002032025222433731,nan,nan,0.008338946849107742,0.009091734886169434,nan,0.008338946849107742,nan,nan,0.00018437182006891817,-1.8830702174454927e-05,0.002200896153226495,-0.000178490299731493,nan,nan,0.00018437182006891817,-1.8830702174454927e-05,nan,nan,nan,nan,0.01625039428472519,0.007911447435617447,0.016747713088989258,0.007655978202819824,nan,nan,0.01625039428472519,0.007911447435617447,nan,nan,nan,nan
Normal_Videos_758_x264,Normal,1584,0,3.575673690647818e-05,0.0016398020088672638,nan,3.575673690647818e-05,nan,nan,0.001318307826295495,0.0020759105682373047,nan,0.001318307826295495,nan,nan,5.365490142139606e-05,1.789816451491788e-05,0.0026464047841727734,0.0010066027753055096,nan,nan,5.365490142139606e-05,1.789816451491788e-05,nan,nan,nan,nan,0.013071488589048386,0.01175318076275289,0.0179632306098938,0.015887320041656494,nan,nan,0.013071488589048386,0.01175318076275289,nan,nan,nan,nan
Normal_Videos_778_x264,Normal,1248,0,3.5133347410010174e-05,0.001045769895426929,nan,3.5133347410010174e-05,nan,nan,0.0022766506299376488,0.005279541015625,nan,0.0022766506299376488,nan,nan,0.00018971532699652016,0.00015458197958651,0.006997911259531975,0.005952141364105046,nan,nan,0.00018971532699652016,0.00015458197958651,nan,nan,nan,nan,0.008369083516299725,0.006092432886362076,0.01996791362762451,0.014688372611999512,nan,nan,0.008369083516299725,0.006092432886362076,nan,nan,nan,nan
Normal_Videos_780_x264,Normal,2016,0,1.499470727139851e-06,9.008294000523165e-05,nan,1.499470727139851e-06,nan,nan,0.0005401401431299746,0.0008724331855773926,nan,0.0005401401431299746,nan,nan,4.80838980365661e-06,3.3089190765167587e-06,0.00034598022466525435,0.0002558972846600227,nan,nan,4.80838980365661e-06,3.3089190765167587e-06,nan,nan,nan,nan,0.001846364582888782,0.0013062244397588074,0.008083045482635498,0.0072106122970581055,nan,nan,0.001846364582888782,0.0013062244397588074,nan,nan,nan,nan
Normal_Videos_781_x264,Normal,3968,0,9.090674097933515e-07,0.00012911886733490974,nan,9.090674097933515e-07,nan,nan,0.0004322391760069877,0.000637352466583252,nan,0.0004322391760069877,nan,nan,7.407661178149283e-05,7.316754437169948e-05,0.017380664125084877,0.017251545257749967,nan,nan,7.407661178149283e-05,7.316754437169948e-05,nan,nan,nan,nan,0.0017621406586840749,0.0013299014826770872,0.013269543647766113,0.012632191181182861,nan,nan,0.0017621406586840749,0.0013299014826770872,nan,nan,nan,nan
Normal_Videos_782_x264,Normal,5536,0,8.607162271800917e-06,0.0011921210680156946,nan,8.607162271800917e-06,nan,nan,0.0012164122890681028,0.002883434295654297,nan,0.0012164122890681028,nan,nan,1.5678760973969474e-05,7.071598702168558e-06,0.0020352236460894346,0.00084310257807374,nan,nan,1.5678760973969474e-05,7.071598702168558e-06,nan,nan,nan,nan,0.003774181939661503,0.0025577696505934,0.007757782936096191,0.0048743486404418945,nan,nan,0.003774181939661503,0.0025577696505934,nan,nan,nan,nan
Normal_Videos_783_x264,Normal,9584,0,3.066486169700511e-05,0.004807329270988703,nan,3.066486169700511e-05,nan,nan,0.0017960831755772233,0.004671692848205566,nan,0.0017960831755772233,nan,nan,1.974014776351396e-05,-1.0924713933491148e-05,0.0037389849312603474,-0.0010683443397283554,nan,nan,1.974014776351396e-05,-1.0924713933491148e-05,nan,nan,nan,nan,0.002542126690968871,0.0007460435153916478,0.0063416361808776855,0.0016699433326721191,nan,nan,0.002542126690968871,0.0007460435153916478,nan,nan,nan,nan
Normal_Videos_798_x264,Normal,6000,0,0.0003472869284451008,0.014384904876351357,nan,0.0003472869284451008,nan,nan,0.0057068271562457085,0.0077582597732543945,nan,0.0057068271562457085,nan,nan,0.00011820055806310847,-0.0002290863703819923,0.008410034701228142,-0.005974870175123215,nan,nan,0.00011820055806310847,-0.0002290863703819923,nan,nan,nan,nan,0.011446901597082615,0.005740074440836906,0.017938673496246338,0.010180413722991943,nan,nan,0.011446901597082615,0.005740074440836906,nan,nan,nan,nan
Normal_Videos_801_x264,Normal,2736,0,0.0002676003787200898,0.014319621957838535,nan,0.0002676003787200898,nan,nan,0.0035314043052494526,0.009694337844848633,nan,0.0035314043052494526,nan,nan,0.00025997799821197987,-7.622380508109927e-06,0.012796403840184212,-0.0015232181176543236,nan,nan,0.00025997799821197987,-7.622380508109927e-06,nan,nan,nan,nan,0.019434869289398193,0.01590346498414874,0.04396069049835205,0.03426635265350342,nan,nan,0.019434869289398193,0.01590346498414874,nan,nan,nan,nan
Normal_Videos_828_x264,Normal,928,0,0.00014790242130402476,0.0031357300467789173,nan,0.00014790242130402476,nan,nan,0.0027492581866681576,0.004190206527709961,nan,0.0027492581866681576,nan,nan,5.667190998792648e-05,-9.123051131609827e-05,0.002375840675085783,-0.0007598893716931343,nan,nan,5.667190998792648e-05,-9.123051131609827e-05,nan,nan,nan,nan,0.007054162211716175,0.0043049040250480175,0.012104153633117676,0.007913947105407715,nan,nan,0.007054162211716175,0.0043049040250480175,nan,nan,nan,nan
Normal_Videos_831_x264,Normal,448,0,0.0029770084656774998,0.026413388550281525,nan,0.0029770084656774998,nan,nan,0.010038440115749836,0.018274366855621338,nan,0.010038440115749836,nan,nan,0.009298980236053467,0.006321971770375967,0.1079540103673935,0.08154062181711197,nan,nan,0.009298980236053467,0.006321971770375967,nan,nan,nan,nan,0.056944724172353745,0.04690628405660391,0.10993361473083496,0.09165924787521362,nan,nan,0.056944724172353745,0.04690628405660391,nan,nan,nan,nan
Normal_Videos_866_x264,Normal,1184,0,0.000328676775097847,0.0032186927273869514,nan,0.000328676775097847,nan,nan,0.01099712960422039,0.029395341873168945,nan,0.01099712960422039,nan,nan,0.0006155648734420538,0.0002868880983442068,0.024309925734996796,0.021091233007609844,nan,nan,0.0006155648734420538,0.0002868880983442068,nan,nan,nan,nan,0.025430528447031975,0.014433398842811584,0.11751067638397217,0.08811533451080322,nan,nan,0.025430528447031975,0.014433398842811584,nan,nan,nan,nan
Normal_Videos_867_x264,Normal,624,0,2.2108155462774448e-05,0.0005739644402638078,nan,2.2108155462774448e-05,nan,nan,0.001782874227501452,0.00194549560546875,nan,0.001782874227501452,nan,nan,0.0006728069274686277,0.0006506987720058532,0.009610886685550213,0.009036922245286405,nan,nan,0.0006728069274686277,0.0006506987720058532,nan,nan,nan,nan,0.015554237179458141,0.01377136295195669,0.04154390096664429,0.03959840536117554,nan,nan,0.015554237179458141,0.01377136295195669,nan,nan,nan,nan
Normal_Videos_868_x264,Normal,2400,0,0.013261071406304836,0.47486189007759094,nan,0.013261071406304836,nan,nan,0.04135939106345177,0.3092508912086487,nan,0.04135939106345177,nan,nan,0.03588982671499252,0.022628755308687687,0.47015899419784546,-0.004702895879745483,nan,nan,0.03588982671499252,0.022628755308687687,nan,nan,nan,nan,0.19371101260185242,0.15235162153840065,0.6212003231048584,0.3119494318962097,nan,nan,0.19371101260185242,0.15235162153840065,nan,nan,nan,nan
Normal_Videos_869_x264,Normal,2400,0,0.0024660304188728333,0.2216765582561493,nan,0.0024660304188728333,nan,nan,0.01080603338778019,0.15315324068069458,nan,0.01080603338778019,nan,nan,0.001301045878790319,-0.0011649845400825143,0.09564905613660812,-0.12602750211954117,nan,nan,0.001301045878790319,-0.0011649845400825143,nan,nan,nan,nan,0.027413394302129745,0.016607360914349556,0.2747148275375366,0.12156158685684204,nan,nan,0.027413394302129745,0.016607360914349556,nan,nan,nan,nan
Normal_Videos_870_x264,Normal,592,0,5.6474686971341725e-06,0.00016953598242253065,nan,5.6474686971341725e-06,nan,nan,0.002963974606245756,0.00549548864364624,nan,0.002963974606245756,nan,nan,3.724866110133007e-05,3.16011924041959e-05,0.0008808093843981624,0.0007112734019756317,nan,nan,3.724866110133007e-05,3.16011924041959e-05,nan,nan,nan,nan,0.0075890920124948025,0.004625117406249046,0.009109914302825928,0.0036144256591796875,nan,nan,0.0075890920124948025,0.004625117406249046,nan,nan,nan,nan
Normal_Videos_871_x264,Normal,4352,0,0.00011485263530630618,0.008037842810153961,nan,0.00011485263530630618,nan,nan,0.006104535423219204,0.020898103713989258,nan,0.006104535423219204,nan,nan,0.00015744715346954763,4.2594518163241446e-05,0.007474543992429972,-0.0005632988177239895,nan,nan,0.00015744715346954763,4.2594518163241446e-05,nan,nan,nan,nan,0.01893983781337738,0.012835302390158176,0.03504973649978638,0.01415163278579712,nan,nan,0.01893983781337738,0.012835302390158176,nan,nan,nan,nan
Normal_Videos_872_x264,Normal,528,0,0.024034734815359116,0.09791620075702667,nan,0.024034734815359116,nan,nan,0.020688258111476898,0.0492132306098938,nan,0.020688258111476898,nan,nan,0.024203436449170113,0.000168701633810997,0.14318832755088806,0.04527212679386139,nan,nan,0.024203436449170113,0.000168701633810997,nan,nan,nan,nan,0.21417288482189178,0.1934846267104149,0.38265275955200195,0.33343952894210815,nan,nan,0.21417288482189178,0.1934846267104149,nan,nan,nan,nan
Normal_Videos_873_x264,Normal,1792,0,4.966580036125379e-06,0.00021759212540928274,nan,4.966580036125379e-06,nan,nan,0.0010430131806060672,0.0016766190528869629,nan,0.0010430131806060672,nan,nan,2.688208951440174e-05,2.1915509478276363e-05,0.0018305288394913077,0.001612936714082025,nan,nan,2.688208951440174e-05,2.1915509478276363e-05,nan,nan,nan,nan,0.00428839260712266,0.0032453794265165925,0.008498072624206543,0.00682145357131958,nan,nan,0.00428839260712266,0.0032453794265165925,nan,nan,nan,nan
Normal_Videos_874_x264,Normal,4224,0,0.032112762331962585,0.32412952184677124,nan,0.032112762331962585,nan,nan,0.032514650374650955,0.4827668070793152,nan,0.032514650374650955,nan,nan,0.009126421995460987,-0.0229863403365016,0.3222333490848541,-0.0018961727619171143,nan,nan,0.009126421995460987,-0.0229863403365016,nan,nan,nan,nan,0.061380140483379364,0.02886549010872841,0.4264286160469055,-0.05633819103240967,nan,nan,0.061380140483379364,0.02886549010872841,nan,nan,nan,nan
Normal_Videos_875_x264,Normal,2560,0,7.0074629547889344e-06,0.0006132646230980754,nan,7.0074629547889344e-06,nan,nan,0.0010115473996847868,0.0017998218536376953,nan,0.0010115473996847868,nan,nan,3.483607315502013e-06,-3.5238556392869214e-06,0.0004586124559864402,-0.0001546521671116352,nan,nan,3.483607315502013e-06,-3.5238556392869214e-06,nan,nan,nan,nan,0.0038276452105492353,0.0028160978108644485,0.00814729928970337,0.006347477436065674,nan,nan,0.0038276452105492353,0.0028160978108644485,nan,nan,nan,nan
Normal_Videos_876_x264,Normal,336,0,0.003220392856746912,0.011115789413452148,nan,0.003220392856746912,nan,nan,0.007664178032428026,0.011535465717315674,nan,0.007664178032428026,nan,nan,0.0013089650310575962,-0.0019114278256893158,0.006972820032387972,-0.0041429693810641766,nan,nan,0.0013089650310575962,-0.0019114278256893158,nan,nan,nan,nan,0.03874486684799194,0.031080688815563917,0.05570465326309204,0.04416918754577637,nan,nan,0.03874486684799194,0.031080688815563917,nan,nan,nan,nan
Normal_Videos_877_x264,Normal,10016,0,0.026906693354249,0.21477007865905762,nan,0.026906693354249,nan,nan,0.03718496859073639,0.20312219858169556,nan,0.03718496859073639,nan,nan,0.028789477422833443,0.0018827840685844421,0.24704408645629883,0.03227400779724121,nan,nan,0.028789477422833443,0.0018827840685844421,nan,nan,nan,nan,0.0544300377368927,0.01724506914615631,0.3228795528411865,0.11975735425949097,nan,nan,0.0544300377368927,0.01724506914615631,nan,nan,nan,nan
Normal_Videos_878_x264,Normal,256,0,0.6025195717811584,0.7044395208358765,nan,0.6025195717811584,nan,nan,0.7662554979324341,0.8407465219497681,nan,0.7662554979324341,nan,nan,0.9433189630508423,0.34079939126968384,0.9737594723701477,0.26931995153427124,nan,nan,0.9433189630508423,0.34079939126968384,nan,nan,nan,nan,0.9739038944244385,0.2076483964920044,0.9814082384109497,0.14066171646118164,nan,nan,0.9739038944244385,0.2076483964920044,nan,nan,nan,nan
Normal_Videos_879_x264,Normal,1136,0,0.0002916188968811184,0.008130778558552265,nan,0.0002916188968811184,nan,nan,0.006505649536848068,0.028195679187774658,nan,0.006505649536848068,nan,nan,0.0007591405883431435,0.00046752169146202505,0.021412963047623634,0.01328218448907137,nan,nan,0.0007591405883431435,0.00046752169146202505,nan,nan,nan,nan,0.0256833303719759,0.01917768083512783,0.047412335872650146,0.01921665668487549,nan,nan,0.0256833303719759,0.01917768083512783,nan,nan,nan,nan
Normal_Videos_880_x264,Normal,18048,0,0.026754874736070633,0.2821395993232727,nan,0.026754874736070633,nan,nan,0.019612452015280724,0.05803626775741577,nan,0.019612452015280724,nan,nan,0.0011011864989995956,-0.025653688237071037,0.10025584697723389,-0.18188375234603882,nan,nan,0.0011011864989995956,-0.025653688237071037,nan,nan,nan,nan,0.031166598200798035,0.011554146185517311,0.057817280292510986,-0.00021898746490478516,nan,nan,0.031166598200798035,0.011554146185517311,nan,nan,nan,nan
Normal_Videos_881_x264,Normal,224,0,4.448673644219525e-05,0.0004776734858751297,nan,4.448673644219525e-05,nan,nan,0.0009313566260971129,0.0012041330337524414,nan,0.0009313566260971129,nan,nan,4.4897013140143827e-05,4.10276697948575e-07,0.00046234700130298734,-1.5326484572142363e-05,nan,nan,4.4897013140143827e-05,4.10276697948575e-07,nan,nan,nan,nan,0.0034393668174743652,0.0025080101913772523,0.005695760250091553,0.004491627216339111,nan,nan,0.0034393668174743652,0.0025080101913772523,nan,nan,nan,nan
Normal_Videos_882_x264,Normal,1648,0,1.4491895854007453e-05,0.00031118374317884445,nan,1.4491895854007453e-05,nan,nan,0.002377580152824521,0.008579850196838379,nan,0.002377580152824521,nan,nan,1.294598314416362e-05,-1.545912709843833e-06,0.0007773771067149937,0.00046619336353614926,nan,nan,1.294598314416362e-05,-1.545912709843833e-06,nan,nan,nan,nan,0.005076536908745766,0.0026989567559212446,0.013284265995025635,0.004704415798187256,nan,nan,0.005076536908745766,0.0026989567559212446,nan,nan,nan,nan
Normal_Videos_883_x264,Normal,320,0,0.012434695847332478,0.049651164561510086,nan,0.012434695847332478,nan,nan,0.013698282651603222,0.01812875270843506,nan,0.013698282651603222,nan,nan,0.1356382668018341,0.12320357095450163,0.4312745928764343,0.38162342831492424,nan,nan,0.1356382668018341,0.12320357095450163,nan,nan,nan,nan,0.310525506734848,0.2968272240832448,0.5066714286804199,0.48854267597198486,nan,nan,0.310525506734848,0.2968272240832448,nan,nan,nan,nan
Normal_Videos_884_x264,Normal,9024,0,0.4347715973854065,0.9047473073005676,nan,0.4347715973854065,nan,nan,0.3765639066696167,0.8404020071029663,nan,0.3765639066696167,nan,nan,0.30230602622032166,-0.13246557116508484,0.9339231848716736,0.029175877571105957,nan,nan,0.30230602622032166,-0.13246557116508484,nan,nan,nan,nan,0.557908833026886,0.1813449263572693,0.9500688910484314,0.10966688394546509,nan,nan,0.557908833026886,0.1813449263572693,nan,nan,nan,nan
Normal_Videos_885_x264,Normal,464,0,1.613773019926157e-05,0.00033237822935916483,nan,1.613773019926157e-05,nan,nan,0.0009487826027907431,0.0010874271392822266,nan,0.0009487826027907431,nan,nan,3.4803433663910255e-05,1.8665703464648686e-05,0.000735652050934732,0.0004032738215755671,nan,nan,3.4803433663910255e-05,1.8665703464648686e-05,nan,nan,nan,nan,0.005261883605271578,0.004313101002480835,0.006242036819458008,0.005154609680175781,nan,nan,0.005261883605271578,0.004313101002480835,nan,nan,nan,nan
Normal_Videos_886_x264,Normal,2736,0,5.229126600170275e-06,0.0006305498536676168,nan,5.229126600170275e-06,nan,nan,0.0011561264982447028,0.0015260577201843262,nan,0.0011561264982447028,nan,nan,1.192125455418136e-05,6.6921279540110845e-06,0.0011192044476047158,0.000488654593937099,nan,nan,1.192125455418136e-05,6.6921279540110845e-06,nan,nan,nan,nan,0.006458205636590719,0.005302079138346016,0.008163034915924072,0.006636977195739746,nan,nan,0.006458205636590719,0.005302079138346016,nan,nan,nan,nan
Normal_Videos_887_x264,Normal,7616,0,0.4483366310596466,0.9901512861251831,nan,0.4483366310596466,nan,nan,0.6404661536216736,0.999484121799469,nan,0.6404661536216736,nan,nan,0.3513626754283905,-0.0969739556312561,0.9967033267021179,0.0065520405769348145,nan,nan,0.3513626754283905,-0.0969739556312561,nan,nan,nan,nan,0.5495763421058655,-0.0908898115158081,0.9905624985694885,-0.008921623229980469,nan,nan,0.5495763421058655,-0.0908898115158081,nan,nan,nan,nan
Normal_Videos_888_x264,Normal,560,0,0.00045496958773583174,0.006093725562095642,nan,0.00045496958773583174,nan,nan,0.005655745044350624,0.011228501796722412,nan,0.005655745044350624,nan,nan,0.0007579230586998165,0.00030295347096398473,0.012232797220349312,0.00613907165825367,nan,nan,0.0007579230586998165,0.00030295347096398473,nan,nan,nan,nan,0.019444335252046585,0.013788590207695961,0.03237557411193848,0.021147072315216064,nan,nan,0.019444335252046585,0.013788590207695961,nan,nan,nan,nan
Normal_Videos_889_x264,Normal,304,0,0.00019506782700773329,0.002358029130846262,nan,0.00019506782700773329,nan,nan,0.001222641789354384,0.0014230012893676758,nan,0.001222641789354384,nan,nan,0.0005379873909987509,0.00034291956399101764,0.00478098401799798,0.002422954887151718,nan,nan,0.0005379873909987509,0.00034291956399101764,nan,nan,nan,nan,0.013528271578252316,0.012305629788897932,0.01522362232208252,0.013800621032714844,nan,nan,0.013528271578252316,0.012305629788897932,nan,nan,nan,nan
Normal_Videos_890_x264,Normal,3568,0,0.0007100653019733727,0.057231612503528595,nan,0.0007100653019733727,nan,nan,0.004153952933847904,0.008500516414642334,nan,0.004153952933847904,nan,nan,0.0003051745879929513,-0.0004048907139804214,0.03284253925085068,-0.024389073252677917,nan,nan,0.0003051745879929513,-0.0004048907139804214,nan,nan,nan,nan,0.011580857448279858,0.007426904514431953,0.03441852331161499,0.025918006896972656,nan,nan,0.011580857448279858,0.007426904514431953,nan,nan,nan,nan
Normal_Videos_891_x264,Normal,1792,0,9.516153113509063e-06,0.0006332494085654616,nan,9.516153113509063e-06,nan,nan,0.0014809152344241738,0.0020951032638549805,nan,0.0014809152344241738,nan,nan,3.0705921290063998e-06,-6.445560984502663e-06,0.00026900554075837135,-0.0003642438678070903,nan,nan,3.0705921290063998e-06,-6.445560984502663e-06,nan,nan,nan,nan,0.005006781313568354,0.00352586607914418,0.006421685218811035,0.004326581954956055,nan,nan,0.005006781313568354,0.00352586607914418,nan,nan,nan,nan
Normal_Videos_892_x264,Normal,1760,0,0.011420669965445995,0.07652538269758224,nan,0.011420669965445995,nan,nan,0.011091005057096481,0.02315610647201538,nan,0.011091005057096481,nan,nan,0.07707039266824722,0.06564972270280123,0.2875765264034271,0.21105114370584488,nan,nan,0.07707039266824722,0.06564972270280123,nan,nan,nan,nan,0.22266776859760284,0.21157676354050636,0.46027445793151855,0.4371183514595032,nan,nan,0.22266776859760284,0.21157676354050636,nan,nan,nan,nan
Normal_Videos_893_x264,Normal,6368,0,2.3634534954908304e-05,0.001817918149754405,nan,2.3634534954908304e-05,nan,nan,0.0026959870010614395,0.004862964153289795,nan,0.0026959870010614395,nan,nan,9.022545418702066e-05,6.659091923211236e-05,0.003232664428651333,0.0014147462788969278,nan,nan,9.022545418702066e-05,6.659091923211236e-05,nan,nan,nan,nan,0.009972491301596165,0.007276504300534725,0.019401073455810547,0.014538109302520752,nan,nan,0.009972491301596165,0.007276504300534725,nan,nan,nan,nan
Normal_Videos_894_x264,Normal,2560,0,0.022676467895507812,0.4687609374523163,nan,0.022676467895507812,nan,nan,0.01734262704849243,0.1723628044128418,nan,0.01734262704849243,nan,nan,0.0056730350479483604,-0.017003432847559452,0.023283779621124268,-0.445477157831192,nan,nan,0.0056730350479483604,-0.017003432847559452,nan,nan,nan,nan,0.08526698499917984,0.06792435795068741,0.1682547926902771,-0.004108011722564697,nan,nan,0.08526698499917984,0.06792435795068741,nan,nan,nan,nan
Normal_Videos_895_x264,Normal,3024,0,0.22918866574764252,0.7900612950325012,nan,0.22918866574764252,nan,nan,0.07741758227348328,0.22611117362976074,nan,0.07741758227348328,nan,nan,0.25022146105766296,0.021032795310020447,0.8347287178039551,0.04466742277145386,nan,nan,0.25022146105766296,0.021032795310020447,nan,nan,nan,nan,0.3948873281478882,0.3174697458744049,0.8672016263008118,0.641090452671051,nan,nan,0.3948873281478882,0.3174697458744049,nan,nan,nan,nan
Normal_Videos_896_x264,Normal,2288,0,0.18884247541427612,0.5528483390808105,nan,0.18884247541427612,nan,nan,0.12856709957122803,0.2369077205657959,nan,0.12856709957122803,nan,nan,0.22295331954956055,0.034110844135284424,0.6706418395042419,0.1177935004234314,nan,nan,0.22295331954956055,0.034110844135284424,nan,nan,nan,nan,0.8009389638900757,0.6723718643188477,0.9288783669471741,0.6919706463813782,nan,nan,0.8009389638900757,0.6723718643188477,nan,nan,nan,nan
Normal_Videos_897_x264,Normal,864,0,0.0010926180984824896,0.01735341176390648,nan,0.0010926180984824896,nan,nan,0.009040902368724346,0.01071774959564209,nan,0.009040902368724346,nan,nan,0.000561542168725282,-0.0005310759297572076,0.012906966730952263,-0.004446445032954216,nan,nan,0.000561542168725282,-0.0005310759297572076,nan,nan,nan,nan,0.02846192941069603,0.019421027041971684,0.03369396924972534,0.022976219654083252,nan,nan,0.02846192941069603,0.019421027041971684,nan,nan,nan,nan
Normal_Videos_898_x264,Normal,992,0,0.0009407304460182786,0.0074223000556230545,nan,0.0009407304460182786,nan,nan,0.012880460359156132,0.048770010471343994,nan,0.012880460359156132,nan,nan,0.0006740782991982996,-0.00026665214681997895,0.004068377427756786,-0.003353922627866268,nan,nan,0.0006740782991982996,-0.00026665214681997895,nan,nan,nan,nan,0.02020658180117607,0.007326121442019939,0.06452375650405884,0.015753746032714844,nan,nan,0.02020658180117607,0.007326121442019939,nan,nan,nan,nan
Normal_Videos_899_x264,Normal,1376,0,0.0009014176903292537,0.013337095268070698,nan,0.0009014176903292537,nan,nan,0.003040152136236429,0.00811004638671875,nan,0.003040152136236429,nan,nan,0.007308966014534235,0.006407548324204981,0.16792625188827515,0.15458915662020445,nan,nan,0.007308966014534235,0.006407548324204981,nan,nan,nan,nan,0.011276504956185818,0.008236352819949389,0.07357662916183472,0.06546658277511597,nan,nan,0.011276504956185818,0.008236352819949389,nan,nan,nan,nan
Normal_Videos_900_x264,Normal,1440,0,0.025783276185393333,0.07387738674879074,nan,0.025783276185393333,nan,nan,0.019424693658947945,0.03084707260131836,nan,0.019424693658947945,nan,nan,0.031086845323443413,0.005303569138050079,0.4892639219760895,0.41538653522729874,nan,nan,0.031086845323443413,0.005303569138050079,nan,nan,nan,nan,0.13506513833999634,0.1156404446810484,0.48591911792755127,0.4550720453262329,nan,nan,0.13506513833999634,0.1156404446810484,nan,nan,nan,nan
Normal_Videos_901_x264,Normal,1168,0,0.3664814233779907,0.69297856092453,nan,0.3664814233779907,nan,nan,0.49900490045547485,0.7888944149017334,nan,0.49900490045547485,nan,nan,0.289985328912735,-0.07649609446525574,0.6277809739112854,-0.06519758701324463,nan,nan,0.289985328912735,-0.07649609446525574,nan,nan,nan,nan,0.5266311168670654,0.027626216411590576,0.8396095037460327,0.050715088844299316,nan,nan,0.5266311168670654,0.027626216411590576,nan,nan,nan,nan
Normal_Videos_902_x264,Normal,1376,0,0.04586288705468178,0.2894172966480255,nan,0.04586288705468178,nan,nan,0.053485698997974396,0.1856907606124878,nan,0.053485698997974396,nan,nan,0.18665190041065216,0.14078901335597038,0.9941574335098267,0.7047401368618011,nan,nan,0.18665190041065216,0.14078901335597038,nan,nan,nan,nan,0.39224615693092346,0.33876045793294907,0.994480311870575,0.8087895512580872,nan,nan,0.39224615693092346,0.33876045793294907,nan,nan,nan,nan
Normal_Videos_903_x264,Normal,784,0,0.0015444706659764051,0.01308841910213232,nan,0.0015444706659764051,nan,nan,0.003355886321514845,0.00579911470413208,nan,0.003355886321514845,nan,nan,0.002614326076582074,0.001069855410605669,0.03885020688176155,0.02576178777962923,nan,nan,0.002614326076582074,0.001069855410605669,nan,nan,nan,nan,0.0397757813334465,0.03641989501193166,0.07451391220092773,0.06871479749679565,nan,nan,0.0397757813334465,0.03641989501193166,nan,nan,nan,nan
Normal_Videos_904_x264,Normal,896,0,0.002126543316990137,0.01858336851000786,nan,0.002126543316990137,nan,nan,0.005372452083975077,0.012870490550994873,nan,0.005372452083975077,nan,nan,0.0062971217557787895,0.004170578438788652,0.050130445510149,0.031547077000141144,nan,nan,0.0062971217557787895,0.004170578438788652,nan,nan,nan,nan,0.07670415192842484,0.07133169984444976,0.21180236339569092,0.19893187284469604,nan,nan,0.07670415192842484,0.07133169984444976,nan,nan,nan,nan
Normal_Videos_905_x264,Normal,1184,0,0.002609559567645192,0.03835184872150421,nan,0.002609559567645192,nan,nan,0.005427798721939325,0.015184164047241211,nan,0.005427798721939325,nan,nan,0.013772244565188885,0.011162684997543693,0.3268243968486786,0.2884725481271744,nan,nan,0.013772244565188885,0.011162684997543693,nan,nan,nan,nan,0.07344663888216019,0.06801884016022086,0.626373827457428,0.6111896634101868,nan,nan,0.07344663888216019,0.06801884016022086,nan,nan,nan,nan
Normal_Videos_906_x264,Normal,672,0,0.008129562251269817,0.059759825468063354,nan,0.008129562251269817,nan,nan,0.0066153863444924355,0.009984850883483887,nan,0.0066153863444924355,nan,nan,0.012039845809340477,0.00391028355807066,0.27727648615837097,0.21751666069030762,nan,nan,0.012039845809340477,0.00391028355807066,nan,nan,nan,nan,0.11086736619472504,0.1042519798502326,0.7408652901649475,0.7308804392814636,nan,nan,0.11086736619472504,0.1042519798502326,nan,nan,nan,nan
Normal_Videos_907_x264,Normal,592,0,0.003966355696320534,0.03978654369711876,nan,0.003966355696320534,nan,nan,0.009767276234924793,0.020911753177642822,nan,0.009767276234924793,nan,nan,0.019726473838090897,0.015760118141770363,0.22836114466190338,0.18857460096478462,nan,nan,0.019726473838090897,0.015760118141770363,nan,nan,nan,nan,0.13658949732780457,0.12682222109287977,0.48416829109191895,0.4632565379142761,nan,nan,0.13658949732780457,0.12682222109287977,nan,nan,nan,nan
Normal_Videos_908_x264,Normal,880,0,0.0039623635821044445,0.04899071529507637,nan,0.0039623635821044445,nan,nan,0.007118477486073971,0.009492874145507812,nan,0.007118477486073971,nan,nan,0.0006382089923135936,-0.003324154589790851,0.013604361563920975,-0.035386353731155396,nan,nan,0.0006382089923135936,-0.003324154589790851,nan,nan,nan,nan,0.020294781774282455,0.013176304288208485,0.024517834186553955,0.015024960041046143,nan,nan,0.020294781774282455,0.013176304288208485,nan,nan,nan,nan
Normal_Videos_909_x264,Normal,864,0,0.013981020078063011,0.06540265679359436,nan,0.013981020078063011,nan,nan,0.051471028476953506,0.14671725034713745,nan,0.051471028476953506,nan,nan,0.03883879631757736,0.02485777623951435,0.31465816497802734,0.24925550818443298,nan,nan,0.03883879631757736,0.02485777623951435,nan,nan,nan,nan,0.16534043848514557,0.11386941000819206,0.5988492369651794,0.452131986618042,nan,nan,0.16534043848514557,0.11386941000819206,nan,nan,nan,nan
Normal_Videos_910_x264,Normal,560,0,0.003650077385827899,0.021135538816452026,nan,0.003650077385827899,nan,nan,0.01946062408387661,0.02354598045349121,nan,0.01946062408387661,nan,nan,0.009878884069621563,0.006228806683793664,0.09897378087043762,0.0778382420539856,nan,nan,0.009878884069621563,0.006228806683793664,nan,nan,nan,nan,0.13295969367027283,0.11349906958639622,0.34174907207489014,0.3182030916213989,nan,nan,0.13295969367027283,0.11349906958639622,nan,nan,nan,nan
Normal_Videos_911_x264,Normal,768,0,0.03831930831074715,0.11317591369152069,nan,0.03831930831074715,nan,nan,0.032515425235033035,0.04041069746017456,nan,0.032515425235033035,nan,nan,0.018870428204536438,-0.01944888010621071,0.10857424885034561,-0.004601664841175079,nan,nan,0.018870428204536438,-0.01944888010621071,nan,nan,nan,nan,0.06520962715148926,0.03269420191645622,0.08758455514907837,0.04717385768890381,nan,nan,0.06520962715148926,0.03269420191645622,nan,nan,nan,nan
Normal_Videos_912_x264,Normal,736,0,0.07081525772809982,0.18373775482177734,nan,0.07081525772809982,nan,nan,0.06835736334323883,0.1313035488128662,nan,0.06835736334323883,nan,nan,0.04294919595122337,-0.02786606177687645,0.16175511479377747,-0.021982640027999878,nan,nan,0.04294919595122337,-0.02786606177687645,nan,nan,nan,nan,0.13193432986736298,0.06357696652412415,0.22046124935150146,0.08915770053863525,nan,nan,0.13193432986736298,0.06357696652412415,nan,nan,nan,nan
Normal_Videos_913_x264,Normal,608,0,0.07501725107431412,0.2342967987060547,nan,0.07501725107431412,nan,nan,0.10305168479681015,0.1770254373550415,nan,0.10305168479681015,nan,nan,0.17216767370700836,0.09715042263269424,0.754112720489502,0.5198159217834473,nan,nan,0.17216767370700836,0.09715042263269424,nan,nan,nan,nan,0.5843152403831482,0.48126355558633804,0.8139492273330688,0.6369237899780273,nan,nan,0.5843152403831482,0.48126355558633804,nan,nan,nan,nan
Normal_Videos_914_x264,Normal,880,0,0.00010377976286690682,0.002437066286802292,nan,0.00010377976286690682,nan,nan,0.0014739144826307893,0.0018079876899719238,nan,0.0014739144826307893,nan,nan,0.00017382181249558926,7.004204962868243e-05,0.0042471447959542274,0.0018100785091519356,nan,nan,0.00017382181249558926,7.004204962868243e-05,nan,nan,nan,nan,0.007791310083121061,0.006317395600490272,0.008587241172790527,0.0067792534828186035,nan,nan,0.007791310083121061,0.006317395600490272,nan,nan,nan,nan
Normal_Videos_915_x264,Normal,1232,0,0.003580918535590172,0.03779055178165436,nan,0.003580918535590172,nan,nan,0.007011587731540203,0.021011829376220703,nan,0.007011587731540203,nan,nan,0.03381771966814995,0.030236801132559776,0.8538622856140137,0.8160717338323593,nan,nan,0.03381771966814995,0.030236801132559776,nan,nan,nan,nan,0.11621594429016113,0.10920435655862093,0.9007309675216675,0.8797191381454468,nan,nan,0.11621594429016113,0.10920435655862093,nan,nan,nan,nan
Normal_Videos_923_x264,Normal,18224,0,0.0008616088889539242,0.04439001530408859,nan,0.0008616088889539242,nan,nan,0.006855856627225876,0.01762557029724121,nan,0.006855856627225876,nan,nan,0.00011611256923060864,-0.0007454963197233155,0.009210184216499329,-0.035179831087589264,nan,nan,0.00011611256923060864,-0.0007454963197233155,nan,nan,nan,nan,0.012253873981535435,0.005398017354309559,0.032591402530670166,0.014965832233428955,nan,nan,0.012253873981535435,0.005398017354309559,nan,nan,nan,nan
Normal_Videos_924_x264,Normal,108000,0,0.02689782716333866,0.9449535608291626,nan,0.02689782716333866,nan,nan,0.08853640407323837,0.9046536684036255,nan,0.08853640407323837,nan,nan,0.038607407361269,0.011709580197930336,0.974120557308197,0.029166996479034424,nan,nan,0.038607407361269,0.011709580197930336,nan,nan,nan,nan,0.12387410551309586,0.03533770143985748,0.976746678352356,0.07209300994873047,nan,nan,0.12387410551309586,0.03533770143985748,nan,nan,nan,nan
Normal_Videos_925_x264,Normal,7712,0,0.9477088451385498,0.9957723021507263,nan,0.9477088451385498,nan,nan,0.9973363876342773,0.9995518922805786,nan,0.9973363876342773,nan,nan,0.9562007188796997,0.008491873741149902,0.9918683767318726,-0.0039039254188537598,nan,nan,0.9562007188796997,0.008491873741149902,nan,nan,nan,nan,0.9699249863624573,-0.02741140127182007,0.9856165647506714,-0.013935327529907227,nan,nan,0.9699249863624573,-0.02741140127182007,nan,nan,nan,nan
Normal_Videos_926_x264,Normal,1792,0,0.003132776590064168,0.05621180310845375,nan,0.003132776590064168,nan,nan,0.021712463349103928,0.053980886936187744,nan,0.021712463349103928,nan,nan,0.0009636003524065018,-0.002169176237657666,0.04857201129198074,-0.007639791816473007,nan,nan,0.0009636003524065018,-0.002169176237657666,nan,nan,nan,nan,0.015072807669639587,-0.00663965567946434,0.045066654682159424,-0.00891423225402832,nan,nan,0.015072807669639587,-0.00663965567946434,nan,nan,nan,nan
Normal_Videos_927_x264,Normal,1632,0,0.2240167111158371,0.5919232368469238,nan,0.2240167111158371,nan,nan,0.2233702391386032,0.47738051414489746,nan,0.2233702391386032,nan,nan,0.015996674075722694,-0.2080200370401144,0.1076856404542923,-0.48423759639263153,nan,nan,0.015996674075722694,-0.2080200370401144,nan,nan,nan,nan,0.17014339566230774,-0.05322684347629547,0.44335800409317017,-0.034022510051727295,nan,nan,0.17014339566230774,-0.05322684347629547,nan,nan,nan,nan
Normal_Videos_928_x264,Normal,912,0,4.021802669740282e-05,0.0015722248936071992,nan,4.021802669740282e-05,nan,nan,0.0016638531815260649,0.0022412538528442383,nan,0.0016638531815260649,nan,nan,1.2832975698984228e-05,-2.7385050998418592e-05,0.0005871069151908159,-0.0009851179784163833,nan,nan,1.2832975698984228e-05,-2.7385050998418592e-05,nan,nan,nan,nan,0.003974028863012791,0.002310175681486726,0.005963444709777832,0.0037221908569335938,nan,nan,0.003974028863012791,0.002310175681486726,nan,nan,nan,nan
Normal_Videos_929_x264,Normal,912,0,0.00036125825135968626,0.010347466915845871,nan,0.00036125825135968626,nan,nan,0.005328928120434284,0.007696092128753662,nan,0.005328928120434284,nan,nan,0.00020448116993065923,-0.00015677708142902702,0.006829564459621906,-0.0035179024562239647,nan,nan,0.00020448116993065923,-0.00015677708142902702,nan,nan,nan,nan,0.020069779828190804,0.01474085170775652,0.028788626194000244,0.021092534065246582,nan,nan,0.020069779828190804,0.01474085170775652,nan,nan,nan,nan
Normal_Videos_930_x264,Normal,3184,0,1.3004671018279623e-05,0.000965199782513082,nan,1.3004671018279623e-05,nan,nan,0.0017287281807512045,0.003026723861694336,nan,0.0017287281807512045,nan,nan,1.4371928955370095e-05,1.3672579370904714e-06,0.0013798750005662441,0.0004146752180531621,nan,nan,1.4371928955370095e-05,1.3672579370904714e-06,nan,nan,nan,nan,0.008861272595822811,0.007132544415071607,0.013506531715393066,0.01047980785369873,nan,nan,0.008861272595822811,0.007132544415071607,nan,nan,nan,nan
Normal_Videos_931_x264,Normal,1760,0,0.006838301662355661,0.121428482234478,nan,0.006838301662355661,nan,nan,0.013733631931245327,0.026140809059143066,nan,0.013733631931245327,nan,nan,0.009757399559020996,0.0029190978966653347,0.15115834772586823,0.02972986549139023,nan,nan,0.009757399559020996,0.0029190978966653347,nan,nan,nan,nan,0.19679957628250122,0.1830659443512559,0.2979247570037842,0.2717839479446411,nan,nan,0.19679957628250122,0.1830659443512559,nan,nan,nan,nan
Normal_Videos_932_x264,Normal,1776,0,0.7616239786148071,0.9502394199371338,nan,0.7616239786148071,nan,nan,0.9443206787109375,0.9770009517669678,nan,0.9443206787109375,nan,nan,0.04508119449019432,-0.7165427841246128,0.2685699164867401,-0.6816695034503937,nan,nan,0.04508119449019432,-0.7165427841246128,nan,nan,nan,nan,0.13142870366573334,-0.8128919750452042,0.20782619714736938,-0.7691747546195984,nan,nan,0.13142870366573334,-0.8128919750452042,nan,nan,nan,nan
Normal_Videos_933_x264,Normal,1760,0,5.455192422232358e-06,0.00033311801962554455,nan,5.455192422232358e-06,nan,nan,0.0013783806934952736,0.0019683241844177246,nan,0.0013783806934952736,nan,nan,3.10519608319737e-05,2.5596768409741344e-05,0.0023117647506296635,0.001978646731004119,nan,nan,3.10519608319737e-05,2.5596768409741344e-05,nan,nan,nan,nan,0.003470964962616563,0.0020925842691212893,0.00449371337890625,0.0025253891944885254,nan,nan,0.003470964962616563,0.0020925842691212893,nan,nan,nan,nan
Normal_Videos_934_x264,Normal,1760,0,1.7372181901009753e-05,0.0003395586973056197,nan,1.7372181901009753e-05,nan,nan,0.0023107111919671297,0.009029626846313477,nan,0.0023107111919671297,nan,nan,6.741159450029954e-05,5.003941259928979e-05,0.001623766147531569,0.0012842074502259493,nan,nan,6.741159450029954e-05,5.003941259928979e-05,nan,nan,nan,nan,0.005992348305881023,0.0036816371139138937,0.015616178512573242,0.006586551666259766,nan,nan,0.005992348305881023,0.0036816371139138937,nan,nan,nan,nan
Normal_Videos_935_x264,Normal,108000,0,2.2356398403644562e-05,0.009299111552536488,nan,2.2356398403644562e-05,nan,nan,0.004052387084811926,0.0379982590675354,nan,0.004052387084811926,nan,nan,2.2022710254532285e-05,-3.3368814911227673e-07,0.007147937547415495,-0.0021511740051209927,nan,nan,2.2022710254532285e-05,-3.3368814911227673e-07,nan,nan,nan,nan,0.0033547154162079096,-0.0006976716686040163,0.03220558166503906,-0.005792677402496338,nan,nan,0.0033547154162079096,-0.0006976716686040163,nan,nan,nan,nan
Normal_Videos_936_x264,Normal,1136,0,0.007948976941406727,0.03349481150507927,nan,0.007948976941406727,nan,nan,0.011490442790091038,0.016828477382659912,nan,0.011490442790091038,nan,nan,0.004522913601249456,-0.0034260633401572704,0.10286403447389603,0.06936922296881676,nan,nan,0.004522913601249456,-0.0034260633401572704,nan,nan,nan,nan,0.11546646803617477,0.10397602524608374,0.18435555696487427,0.16752707958221436,nan,nan,0.11546646803617477,0.10397602524608374,nan,nan,nan,nan
Normal_Videos_937_x264,Normal,1136,0,0.007948976941406727,0.03349481150507927,nan,0.007948976941406727,nan,nan,0.011490442790091038,0.016828477382659912,nan,0.011490442790091038,nan,nan,0.004522913601249456,-0.0034260633401572704,0.10286403447389603,0.06936922296881676,nan,nan,0.004522913601249456,-0.0034260633401572704,nan,nan,nan,nan,0.11546646803617477,0.10397602524608374,0.18435555696487427,0.16752707958221436,nan,nan,0.11546646803617477,0.10397602524608374,nan,nan,nan,nan
Normal_Videos_938_x264,Normal,4816,0,0.00038351473631337285,0.022087804973125458,nan,0.00038351473631337285,nan,nan,0.0031445196364074945,0.014409542083740234,nan,0.0031445196364074945,nan,nan,7.514904427807778e-05,-0.00030836569203529507,0.005149057600647211,-0.016938747372478247,nan,nan,7.514904427807778e-05,-0.00030836569203529507,nan,nan,nan,nan,0.01710122637450695,0.013956706738099456,0.023114681243896484,0.00870513916015625,nan,nan,0.01710122637450695,0.013956706738099456,nan,nan,nan,nan
Normal_Videos_939_x264,Normal,800,0,9.22592735150829e-05,0.003071823623031378,nan,9.22592735150829e-05,nan,nan,0.0023338389582931995,0.004945158958435059,nan,0.0023338389582931995,nan,nan,0.0004260609275661409,0.000333801654051058,0.01197104249149561,0.008899218868464231,nan,nan,0.0004260609275661409,0.000333801654051058,nan,nan,nan,nan,0.014340443536639214,0.012006604578346014,0.03039693832397461,0.02545177936553955,nan,nan,0.014340443536639214,0.012006604578346014,nan,nan,nan,nan
Normal_Videos_940_x264,Normal,36032,0,0.04074007272720337,0.7465588450431824,nan,0.04074007272720337,nan,nan,0.020793410018086433,0.13191312551498413,nan,0.020793410018086433,nan,nan,0.010009526275098324,-0.030730546452105045,0.5500245690345764,-0.19653427600860596,nan,nan,0.010009526275098324,-0.030730546452105045,nan,nan,nan,nan,0.03509063646197319,0.014297226443886757,0.3558674454689026,0.22395431995391846,nan,nan,0.03509063646197319,0.014297226443886757,nan,nan,nan,nan
Normal_Videos_941_x264,Normal,2016,0,0.0016549174906685948,0.10244613140821457,nan,0.0016549174906685948,nan,nan,0.006633405108004808,0.03721821308135986,nan,0.006633405108004808,nan,nan,0.014568960294127464,0.01291404280345887,0.7238590121269226,0.621412880718708,nan,nan,0.014568960294127464,0.01291404280345887,nan,nan,nan,nan,0.048282135277986526,0.04164873016998172,0.5848525762557983,0.5476343631744385,nan,nan,0.048282135277986526,0.04164873016998172,nan,nan,nan,nan
Normal_Videos_943_x264,Normal,1008,0,0.3679324984550476,0.8288537263870239,nan,0.3679324984550476,nan,nan,0.51324063539505,0.8073126673698425,nan,0.51324063539505,nan,nan,0.014695670455694199,-0.3532368279993534,0.04923546314239502,-0.7796182632446289,nan,nan,0.014695670455694199,-0.3532368279993534,nan,nan,nan,nan,0.15847542881965637,-0.3547652065753937,0.38770967721939087,-0.41960299015045166,nan,nan,0.15847542881965637,-0.3547652065753937,nan,nan,nan,nan
Normal_Videos_944_x264,Normal,7168,0,0.00031470012618228793,0.1020960584282875,nan,0.00031470012618228793,nan,nan,0.0012185551458969712,0.02651667594909668,nan,0.0012185551458969712,nan,nan,4.228525358485058e-05,-0.00027241487259743735,0.009979319758713245,-0.09211673866957426,nan,nan,4.228525358485058e-05,-0.00027241487259743735,nan,nan,nan,nan,0.005963583011180162,0.004745027865283191,0.028446555137634277,0.0019298791885375977,nan,nan,0.005963583011180162,0.004745027865283191,nan,nan,nan,nan
