eval_video_label,prompt_class_name,prompt_class_index,prompt_index,prompt_text,auc,ap,positive_mean,negative_mean,margin
Abuse,Normal,0,0,pedestrians walking calmly along an ordinary street,42.10847701149426,4.811787175080151,0.5691221952438354,0.6196573376655579,-0.05053514242172241
Abuse,Normal,0,1,people waiting and talking in a public area,42.007902298850574,4.876763906476793,0.620874285697937,0.6696348786354065,-0.04876059293746948
Abuse,Normal,0,2,vehicles moving steadily through regular traffic,42.377873563218394,4.839644336338495,0.6352669596672058,0.6775488257408142,-0.0422818660736084
Abuse,Normal,0,3,customers standing calmly near store counters,39.45043103448276,4.582631227387606,0.6010335683822632,0.6602150797843933,-0.05918151140213013
Abuse,Normal,0,4,people entering and exiting buildings at normal pace,40.58548850574712,4.737864320343708,0.6369016170501709,0.692487895488739,-0.055586278438568115
Abuse,Abuse,1,0,a vulnerable victim enduring repeated close range mistreatment,60.1580459770115,6.867902360308624,0.9097276926040649,0.7720029950141907,0.13772469758987427
Abuse,Abuse,1,1,a stronger aggressor controlling a weaker victim indoors,62.73347701149425,7.678595086297982,0.9140717387199402,0.7797732949256897,0.1342984437942505
Abuse,Abuse,1,2,a helpless person recoiling from sustained physical abuse,65.35560344827586,9.18744248705116,0.815024197101593,0.678203284740448,0.13682091236114502
Abuse,Abuse,1,3,a defenseless victim shielding from repeated aggressive contact,57.64727011494253,6.523742149153952,0.9255361557006836,0.818493127822876,0.10704302787780762
Abuse,Abuse,1,4,an aggressor dragging or overpowering a vulnerable person,64.01939655172414,8.442265925253936,0.9494353532791138,0.8534080982208252,0.09602725505828857
Abuse,Arrest,2,0,uniformed police placing handcuffs on a detained suspect,64.9066091954023,9.261719924070619,0.9335319399833679,0.8367770910263062,0.09675484895706177
Abuse,Arrest,2,1,officers escorting a handcuffed person toward a patrol car,63.10344827586207,7.530866306189503,0.698954701423645,0.5770657658576965,0.12188893556594849
Abuse,Arrest,2,2,a handcuffed suspect standing between multiple police officers,61.713362068965516,7.299848760300037,0.8771592974662781,0.7304537296295166,0.14670556783676147
Abuse,Arrest,2,3,law enforcement securing a suspect during formal custody,68.36925287356323,11.109929969185256,0.8988019824028015,0.7623244524002075,0.136477530002594
Abuse,Arrest,2,4,a detained person kneeling while officers apply restraints,65.20833333333333,8.635255565205355,0.9127168655395508,0.7835351228713989,0.12918174266815186
Abuse,Arson,3,0,a person lighting flammable material before flames spread,56.9360632183908,6.395797523271124,0.9735358953475952,0.9194186925888062,0.05411720275878906
Abuse,Arson,3,1,a person pouring accelerant before visible fire grows,65.16163793103448,7.819059339830312,0.9505916833877563,0.853223979473114,0.09736770391464233
Abuse,Arson,3,2,a lighter touching a surface before ignition begins,69.9353448275862,12.584573614250418,0.9048355221748352,0.7853540182113647,0.11948150396347046
Abuse,Arson,3,3,small flames expanding after deliberate human ignition,70.41307471264369,17.685160553808394,0.8168216943740845,0.6854844093322754,0.13133728504180908
Abuse,Arson,3,4,a person retreating as planted fire starts spreading,68.4662356321839,9.872434372152087,0.9081655740737915,0.7678788900375366,0.14028668403625488
Abuse,Assault,4,0,a single attacker lunging with a direct strike,66.46192528735632,13.494622057999134,0.8793686628341675,0.7810972332954407,0.0982714295387268
Abuse,Assault,4,1,a one-sided attack with punches and defensive movement,61.422413793103445,8.169711855769524,0.9395745992660522,0.8615263104438782,0.07804828882217407
Abuse,Assault,4,2,an aggressor kicking a fallen victim on pavement,69.52945402298852,16.48834856132995,0.8354688882827759,0.6959589719772339,0.139509916305542
Abuse,Assault,4,3,a victim stumbling backward after a sudden hit,60.44899425287357,7.343972277265517,0.8806607127189636,0.7599515318870544,0.12070918083190918
Abuse,Assault,4,4,an attacker chasing one target while striking repeatedly,61.60201149425287,7.765316231458227,0.8808112144470215,0.7719354629516602,0.10887575149536133
Abuse,Burglary,5,0,an intruder forcing entry through a locked doorway,65.1544540229885,8.81274057804303,0.7828476428985596,0.6434875130653381,0.13936012983322144
Abuse,Burglary,5,1,a person prying a lock before entering property,67.23419540229885,13.601418885740557,0.929517924785614,0.8567066192626953,0.0728113055229187
Abuse,Burglary,5,2,a masked intruder breaking into a closed building,59.88146551724138,7.156387903547692,0.8708453178405762,0.7537601590156555,0.11708515882492065
Abuse,Burglary,5,3,a person climbing through a window into private space,46.45833333333333,5.187690939227593,0.9798221588134766,0.9756438136100769,0.004178345203399658
Abuse,Burglary,5,4,an intruder entering rooms after damaging an entry point,51.13505747126437,5.605209024672799,0.9657624959945679,0.9446215629577637,0.0211409330368042
Abuse,Explosion,6,0,an instant detonation expanding from a blast center,69.83836206896552,12.249187474899177,0.8235272169113159,0.6616899967193604,0.16183722019195557
Abuse,Explosion,6,1,a shockwave pushing fragments outward within seconds,67.32040229885058,10.346763682614101,0.9008409380912781,0.7617124319076538,0.13912850618362427
Abuse,Explosion,6,2,a structure bursting apart from explosive force,70.26939655172414,11.997746601499504,0.8023784756660461,0.6587452292442322,0.14363324642181396
Abuse,Explosion,6,3,a concentrated blast throwing debris radially outward,68.71408045977012,13.802338123698984,0.7987003922462463,0.6541997194290161,0.14450067281723022
Abuse,Explosion,6,4,a sudden pressure wave following a visible detonation,71.12787356321839,9.432743507943558,0.9216402173042297,0.8003557324409485,0.12128448486328125
Abuse,Fighting,7,0,two groups mutually exchanging punches in a brawl,65.9375,9.434729578308819,0.7892895936965942,0.6383053064346313,0.1509842872619629
Abuse,Fighting,7,1,multiple participants striking each other during mutual combat,50.219109195402304,5.552669946826274,0.9353698492050171,0.887764573097229,0.047605276107788086
Abuse,Fighting,7,2,opponents separating and reengaging in group fighting,66.92528735632183,11.196629776634085,0.8093690872192383,0.6823721528053284,0.1269969344139099
Abuse,Fighting,7,3,several combatants grappling and swinging simultaneously,63.5919540229885,8.070670102454889,0.9327632784843445,0.8487206101417542,0.08404266834259033
Abuse,Fighting,7,4,two sides clashing back and forth in public,65.61063218390805,9.376781533244225,0.915496826171875,0.7931569218635559,0.12233990430831909
Abuse,RoadAccidents,8,0,a vehicle collision causing roadway impact and disruption,65.38074712643677,14.334535316657027,0.9221080541610718,0.8672466278076172,0.05486142635345459
Abuse,RoadAccidents,8,1,a car striking a pedestrian or cyclist on road,66.97557471264368,16.154811438892317,0.9148367643356323,0.8310915231704712,0.08374524116516113
Abuse,RoadAccidents,8,2,a motorbike sliding across a lane after collision,63.87212643678162,14.205578129945362,0.9304353594779968,0.8727113604545593,0.0577239990234375
Abuse,RoadAccidents,8,3,vehicles swerving before colliding in traffic,59.956896551724135,13.913515232405476,0.9503036737442017,0.9258861541748047,0.024417519569396973
Abuse,RoadAccidents,8,4,a crashed vehicle blocking lanes after impact,61.634339080459775,14.028384904555748,0.9041942358016968,0.8479884266853333,0.056205809116363525
Abuse,Robbery,9,0,a threatening person forcing a victim to surrender valuables,47.27011494252874,5.252579853365455,0.9234554171562195,0.9100742340087891,0.01338118314743042
Abuse,Robbery,9,1,a victim handing belongings under close range intimidation,49.518678160919535,5.514040707303006,0.9715564846992493,0.9435731768608093,0.02798330783843994
Abuse,Robbery,9,2,an attacker cornering a victim and seizing items,64.1235632183908,8.864933999829992,0.8246232867240906,0.6851067543029785,0.13951653242111206
Abuse,Robbery,9,3,a person brandishing a weapon to demand property,63.128591954022994,7.56937171689028,0.8972263336181641,0.7694984674453735,0.12772786617279053
Abuse,Robbery,9,4,a robber confronting a victim before taking belongings,48.98706896551724,5.412262830767918,0.9535338282585144,0.9448305368423462,0.008703291416168213
Abuse,Shooting,10,0,an armed person aiming and firing a firearm,68.82902298850576,13.449033784864461,0.8807560205459595,0.7514920234680176,0.1292639970779419
Abuse,Shooting,10,1,a visible muzzle flash from a discharged gun,64.91020114942529,7.70315458483022,0.8779056668281555,0.7271654605865479,0.15074020624160767
Abuse,Shooting,10,2,a shooter raising a gun before firing,69.44324712643679,8.692709111947602,0.9187696576118469,0.8254972696304321,0.0932723879814148
Abuse,Shooting,10,3,a person firing a handgun in surveillance footage,68.94755747126436,12.98165801805698,0.8171774744987488,0.6687737703323364,0.14840370416641235
Abuse,Shooting,10,4,an armed shooter discharging a weapon toward people,65.20833333333333,8.028699157908061,0.7790858149528503,0.617911696434021,0.16117411851882935
Abuse,Shoplifting,11,0,a shopper concealing merchandise inside clothing or bag,57.8125,6.463576297409379,0.8392656445503235,0.7762320637702942,0.0630335807800293
Abuse,Shoplifting,11,1,a person hiding a retail item while browsing shelves,68.45186781609196,17.457642123432933,0.7578005790710449,0.6789213418960571,0.07887923717498779
Abuse,Shoplifting,11,2,store goods disappearing beneath a jacket while shopping,60.30531609195402,6.812090811558473,0.7812722325325012,0.7505528330802917,0.030719399452209473
Abuse,Shoplifting,11,3,a shopper slipping merchandise into a bag in aisle,61.458333333333336,7.041031697382707,0.8202740550041199,0.7703801989555359,0.049893856048583984
Abuse,Shoplifting,11,4,a customer exiting retail space with concealed merchandise,65.56752873563218,9.947115164007053,0.7585854530334473,0.668770968914032,0.08981448411941528
Abuse,Stealing,12,0,a person taking unattended property and leaving quickly,50.319683908045974,6.686567303252463,0.9762235879898071,0.9661054015159607,0.010118186473846436
Abuse,Stealing,12,1,"a thief grabbing a bicycle, bag, phone, or object",69.95689655172414,15.010800666647665,0.7665830850601196,0.632645845413208,0.13393723964691162
Abuse,Stealing,12,2,a suspect carrying property while the owner is distracted,68.433908045977,17.4633869229646,0.9319202303886414,0.8406001329421997,0.09132009744644165
Abuse,Stealing,12,3,a person pocketing an unattended item and changing direction,53.753591954022994,7.837449954586361,0.9708385467529297,0.9607763886451721,0.010062158107757568
Abuse,Stealing,12,4,a thief quietly removing property from public space,69.6264367816092,22.92269798464394,0.8818379640579224,0.805561900138855,0.07627606391906738
Abuse,Vandalism,13,0,a person smashing a window or door with force,68.80747126436782,13.951344485502831,0.838426947593689,0.6996415257453918,0.13878542184829712
Abuse,Vandalism,13,1,a suspect spraying graffiti directly onto public property,60.90876436781609,7.5445236904275985,0.9796648025512695,0.9696569442749023,0.010007858276367188
Abuse,Vandalism,13,2,a person breaking glass with repeated tool impacts,69.06968390804597,16.539027840964742,0.8461907505989075,0.7132588028907776,0.13293194770812988
Abuse,Vandalism,13,3,someone striking fixtures until visible damage appears,72.08333333333334,17.750463022566663,0.8766873478889465,0.7767309546470642,0.09995639324188232
Abuse,Vandalism,13,4,a person deliberately damaging property with tools or kicks,68.3153735632184,18.777186446336884,0.9705837368965149,0.9209213852882385,0.04966235160827637
Arrest,Normal,0,0,pedestrians walking calmly along an ordinary street,43.61016116737944,21.00051672237672,0.4220839738845825,0.45954546332359314,-0.03746148943901062
Arrest,Normal,0,1,people waiting and talking in a public area,33.813764235903975,16.737754016201713,0.47379225492477417,0.5509514808654785,-0.07715922594070435
Arrest,Normal,0,2,vehicles moving steadily through regular traffic,40.11627966737399,19.30330265866949,0.5124877691268921,0.5679870247840881,-0.055499255657196045
Arrest,Normal,0,3,customers standing calmly near store counters,34.90908459372554,17.176891309141713,0.524013340473175,0.6001719236373901,-0.07615858316421509
Arrest,Normal,0,4,people entering and exiting buildings at normal pace,40.798953058681434,18.658600436659544,0.46494796872138977,0.5196003317832947,-0.05465236306190491
Arrest,Abuse,1,0,a vulnerable victim enduring repeated close range mistreatment,61.2720043055895,30.474857134013273,0.5853965282440186,0.39173588156700134,0.1936606466770172
Arrest,Abuse,1,1,a stronger aggressor controlling a weaker victim indoors,64.16006431669213,32.0152737580486,0.5686678290367126,0.35995200276374817,0.20871582627296448
Arrest,Abuse,1,2,a helpless person recoiling from sustained physical abuse,64.56674459461885,34.46039699163437,0.559975266456604,0.34580162167549133,0.21417364478111267
Arrest,Abuse,1,3,a defenseless victim shielding from repeated aggressive contact,61.751635495113376,30.641111268805908,0.589171826839447,0.39591994881629944,0.19325187802314758
Arrest,Abuse,1,4,an aggressor dragging or overpowering a vulnerable person,63.6907655885636,32.766990135362796,0.5724037885665894,0.36745786666870117,0.20494592189788818
Arrest,Arrest,2,0,uniformed police placing handcuffs on a detained suspect,64.32235665727097,37.81435743382697,0.580069899559021,0.38326069712638855,0.19680920243263245
Arrest,Arrest,2,1,officers escorting a handcuffed person toward a patrol car,63.87582430217464,36.35821910647844,0.557263970375061,0.35633549094200134,0.2009284794330597
Arrest,Arrest,2,2,a handcuffed suspect standing between multiple police officers,64.77681811384562,36.03704023555196,0.5728512406349182,0.36165186762809753,0.21119937300682068
Arrest,Arrest,2,3,law enforcement securing a suspect during formal custody,66.15858719381089,41.232780609321615,0.5519465804100037,0.33353814482688904,0.21840843558311462
Arrest,Arrest,2,4,a detained person kneeling while officers apply restraints,65.79009848983837,37.10769679837794,0.5837534666061401,0.3894602060317993,0.19429326057434082
Arrest,Arson,3,0,a person lighting flammable material before flames spread,64.74179261898871,37.221618733808526,0.553852379322052,0.35506951808929443,0.19878286123275757
Arrest,Arson,3,1,a person pouring accelerant before visible fire grows,64.98435718079625,36.4256701543591,0.559273898601532,0.34775447845458984,0.21151942014694214
Arrest,Arson,3,2,a lighter touching a surface before ignition begins,66.9434808452587,38.48770970277294,0.5397059917449951,0.31997740268707275,0.21972858905792236
Arrest,Arson,3,3,small flames expanding after deliberate human ignition,66.77401417739036,38.475018888869734,0.5464048981666565,0.32904648780822754,0.21735841035842896
Arrest,Arson,3,4,a person retreating as planted fire starts spreading,66.84181276202489,38.04156800938971,0.5508344173431396,0.33266404271125793,0.2181703746318817
Arrest,Assault,4,0,a single attacker lunging with a direct strike,66.66134625347844,40.06606230564114,0.5702486634254456,0.3612496554851532,0.20899900794029236
Arrest,Assault,4,1,a one-sided attack with punches and defensive movement,62.304988260406134,35.79246857767701,0.5855181813240051,0.3839753568172455,0.20154282450675964
Arrest,Assault,4,2,an aggressor kicking a fallen victim on pavement,67.08469512349086,39.59366351643246,0.5590657591819763,0.33718061447143555,0.22188514471054077
Arrest,Assault,4,3,a victim stumbling backward after a sudden hit,64.54195622125977,34.127884779343006,0.5691255331039429,0.35203832387924194,0.21708720922470093
Arrest,Assault,4,4,an attacker chasing one target while striking repeatedly,65.37240645374635,34.62247616787146,0.5834882855415344,0.38584962487220764,0.19763866066932678
Arrest,Burglary,5,0,an intruder forcing entry through a locked doorway,65.13026694898201,36.08720592823046,0.5474008917808533,0.3290977478027344,0.2183031439781189
Arrest,Burglary,5,1,a person prying a lock before entering property,61.513897515618545,41.18780046229833,0.537439227104187,0.340158075094223,0.197281152009964
Arrest,Burglary,5,2,a masked intruder breaking into a closed building,63.37362933690085,32.42997318635031,0.5658970475196838,0.35600438714027405,0.2098926603794098
Arrest,Burglary,5,3,a person climbing through a window into private space,53.07784996712884,23.45037777407479,0.5976371169090271,0.4783499538898468,0.1192871630191803
Arrest,Burglary,5,4,an intruder entering rooms after damaging an entry point,56.16158717293046,25.269706136291404,0.5783558487892151,0.41452983021736145,0.16382601857185364
Arrest,Explosion,6,0,an instant detonation expanding from a blast center,66.51882899664663,39.714312311596316,0.5512723326683044,0.3274351954460144,0.22383713722229004
Arrest,Explosion,6,1,a shockwave pushing fragments outward within seconds,66.13457742961502,39.077197497320384,0.5553809404373169,0.34064552187919617,0.21473541855812073
Arrest,Explosion,6,2,a structure bursting apart from explosive force,66.5371819269221,40.88495941521769,0.551151692867279,0.337425172328949,0.21372652053833008
Arrest,Explosion,6,3,a concentrated blast throwing debris radially outward,66.77828063780504,40.2639862505844,0.5443292856216431,0.31637558341026306,0.22795370221138
Arrest,Explosion,6,4,a sudden pressure wave following a visible detonation,66.47826981523698,38.67882787710743,0.5586381554603577,0.35257020592689514,0.20606794953346252
Arrest,Fighting,7,0,two groups mutually exchanging punches in a brawl,66.21458349362975,41.580145141034414,0.5450357794761658,0.3137728273868561,0.2312629520893097
Arrest,Fighting,7,1,multiple participants striking each other during mutual combat,61.39339583012584,34.99939008105997,0.6032524108886719,0.44040998816490173,0.16284242272377014
Arrest,Fighting,7,2,opponents separating and reengaging in group fighting,66.50518744630769,38.39308791142988,0.5655232667922974,0.35065218806266785,0.21487107872962952
Arrest,Fighting,7,3,several combatants grappling and swinging simultaneously,67.52407698627208,40.930837254718966,0.6002470254898071,0.4263223111629486,0.17392471432685852
Arrest,Fighting,7,4,two sides clashing back and forth in public,65.90135220527019,38.59240069349595,0.5583479404449463,0.34457772970199585,0.21377021074295044
Arrest,RoadAccidents,8,0,a vehicle collision causing roadway impact and disruption,65.97644826456187,42.24748487803297,0.47523871064186096,0.24975848197937012,0.22548022866249084
Arrest,RoadAccidents,8,1,a car striking a pedestrian or cyclist on road,65.3661855254322,47.593722593497525,0.5032216906547546,0.285015732049942,0.21820595860481262
Arrest,RoadAccidents,8,2,a motorbike sliding across a lane after collision,65.69827027852931,43.235984651797295,0.5123924016952515,0.3016546666622162,0.21073773503303528
Arrest,RoadAccidents,8,3,vehicles swerving before colliding in traffic,63.758961422771186,40.92229827196707,0.4923919439315796,0.2930688261985779,0.1993231177330017
Arrest,RoadAccidents,8,4,a crashed vehicle blocking lanes after impact,65.69279617941251,43.398718337243366,0.5142886638641357,0.2957298457622528,0.21855881810188293
Arrest,Robbery,9,0,a threatening person forcing a victim to surrender valuables,55.18888981332175,24.73226469815757,0.5622223615646362,0.4215049147605896,0.14071744680404663
Arrest,Robbery,9,1,a victim handing belongings under close range intimidation,56.59343718380641,27.627383736979567,0.5752100944519043,0.3847334384918213,0.190476655960083
Arrest,Robbery,9,2,an attacker cornering a victim and seizing items,65.1283601510313,38.5055399795933,0.5599186420440674,0.3378688395023346,0.2220498025417328
Arrest,Robbery,9,3,a person brandishing a weapon to demand property,60.872228225242594,30.30350873293579,0.565710186958313,0.3542492985725403,0.2114608883857727
Arrest,Robbery,9,4,a robber confronting a victim before taking belongings,54.11239908526334,24.72203683991286,0.5727805495262146,0.4358452260494232,0.13693532347679138
Arrest,Shooting,10,0,an armed person aiming and firing a firearm,66.5060613953684,42.98821256860923,0.5585360527038574,0.34145376086235046,0.21708229184150696
Arrest,Shooting,10,1,a visible muzzle flash from a discharged gun,64.68850158876242,34.96990687210606,0.5637513995170593,0.3486286699771881,0.21512272953987122
Arrest,Shooting,10,2,a shooter raising a gun before firing,64.01316142457371,35.835785142891694,0.5918195843696594,0.42128702998161316,0.17053255438804626
Arrest,Shooting,10,3,a person firing a handgun in surveillance footage,65.08792014449358,38.12762419268852,0.5528337359428406,0.3302098214626312,0.22262391448020935
Arrest,Shooting,10,4,an armed shooter discharging a weapon toward people,63.9274508566898,32.70055264971132,0.5625677108764648,0.3499683737754822,0.21259933710098267
Arrest,Shoplifting,11,0,a shopper concealing merchandise inside clothing or bag,55.24682469105715,26.798791538636085,0.5326047539710999,0.34246397018432617,0.19014078378677368
Arrest,Shoplifting,11,1,a person hiding a retail item while browsing shelves,62.13585528217915,40.17734935773517,0.5290400981903076,0.3315994143486023,0.19744068384170532
Arrest,Shoplifting,11,2,store goods disappearing beneath a jacket while shopping,54.84071645251562,27.51351781740873,0.5658673644065857,0.42937272787094116,0.13649463653564453
Arrest,Shoplifting,11,3,a shopper slipping merchandise into a bag in aisle,60.469075523524666,33.29757713298599,0.5290342569351196,0.3501143455505371,0.17891991138458252
Arrest,Shoplifting,11,4,a customer exiting retail space with concealed merchandise,63.719935624713564,42.96574689975051,0.5452909469604492,0.34417155385017395,0.20111939311027527
Arrest,Stealing,12,0,a person taking unattended property and leaving quickly,54.505469592816944,42.23535620882333,0.5023146271705627,0.3482985496520996,0.15401607751846313
Arrest,Stealing,12,1,"a thief grabbing a bicycle, bag, phone, or object",64.57118584484569,43.41875599439058,0.5349549651145935,0.3271506726741791,0.20780429244041443
Arrest,Stealing,12,2,a suspect carrying property while the owner is distracted,64.67907088389792,46.90841425569185,0.5386437773704529,0.32384422421455383,0.21479955315589905
Arrest,Stealing,12,3,a person pocketing an unattended item and changing direction,54.15020135463593,42.41976163604537,0.5002953410148621,0.3550609052181244,0.14523443579673767
Arrest,Stealing,12,4,a thief quietly removing property from public space,60.820832075479814,39.11005796812954,0.5148847699165344,0.32621443271636963,0.1886703372001648
Arrest,Vandalism,13,0,a person smashing a window or door with force,65.75350385916788,38.2861711412383,0.5489850640296936,0.3269697427749634,0.22201532125473022
Arrest,Vandalism,13,1,a suspect spraying graffiti directly onto public property,59.71719331159833,41.398020598723456,0.5386263728141785,0.3759383261203766,0.16268804669380188
Arrest,Vandalism,13,2,a person breaking glass with repeated tool impacts,66.12467797025428,39.36751863977883,0.5487732291221619,0.32943207025527954,0.21934115886688232
Arrest,Vandalism,13,3,someone striking fixtures until visible damage appears,64.69179081522739,42.41003423057047,0.5708155035972595,0.3893759250640869,0.1814395785331726
Arrest,Vandalism,13,4,a person deliberately damaging property with tools or kicks,61.588342085610414,43.258748685788476,0.5376113057136536,0.33855441212654114,0.19905689358711243
Arson,Normal,0,0,pedestrians walking calmly along an ordinary street,59.157004472518395,34.83022408080825,0.6372256875038147,0.5688956379890442,0.06833004951477051
Arson,Normal,0,1,people waiting and talking in a public area,56.533818485545005,33.9516847433817,0.6686026453971863,0.6281757354736328,0.04042690992355347
Arson,Normal,0,2,vehicles moving steadily through regular traffic,56.31152118389502,32.51324832999579,0.697187602519989,0.662755012512207,0.03443259000778198
Arson,Normal,0,3,customers standing calmly near store counters,51.36952459424884,30.28528075659136,0.6650375127792358,0.6549376249313354,0.01009988784790039
Arson,Normal,0,4,people entering and exiting buildings at normal pace,59.086630449064124,36.648486446154756,0.6890745759010315,0.6265264749526978,0.06254810094833374
Arson,Abuse,1,0,a vulnerable victim enduring repeated close range mistreatment,78.00937020693192,53.23770184870242,0.8639470338821411,0.4467875063419342,0.4171595275402069
Arson,Abuse,1,1,a stronger aggressor controlling a weaker victim indoors,79.72414958064539,54.31468626623659,0.8945297002792358,0.48005416989326477,0.41447553038597107
Arson,Abuse,1,2,a helpless person recoiling from sustained physical abuse,83.38672187829597,60.7636049993223,0.866269588470459,0.4454580545425415,0.4208115339279175
Arson,Abuse,1,3,a defenseless victim shielding from repeated aggressive contact,76.0668655620861,51.155833759631705,0.8882285952568054,0.48603159189224243,0.402197003364563
Arson,Abuse,1,4,an aggressor dragging or overpowering a vulnerable person,79.20269532859055,56.2525510894735,0.912177562713623,0.5027381181716919,0.40943944454193115
Arson,Arrest,2,0,uniformed police placing handcuffs on a detained suspect,79.14577149422128,53.842405134786844,0.892782986164093,0.4862704873085022,0.4065124988555908
Arson,Arrest,2,1,officers escorting a handcuffed person toward a patrol car,80.34885498748608,55.42247169684549,0.7242812514305115,0.3586345613002777,0.36564669013023376
Arson,Arrest,2,2,a handcuffed suspect standing between multiple police officers,77.59633565413327,52.43946309848192,0.8438406586647034,0.43669354915618896,0.4071471095085144
Arson,Arrest,2,3,law enforcement securing a suspect during formal custody,77.97690216888851,48.95062226548643,0.844589114189148,0.44814160466194153,0.3964475095272064
Arson,Arrest,2,4,a detained person kneeling while officers apply restraints,79.17506656480991,53.24325812540502,0.8794931769371033,0.47119399905204773,0.40829917788505554
Arson,Arson,3,0,a person lighting flammable material before flames spread,78.25116429602407,52.258478942995865,0.9294853806495667,0.572272777557373,0.3572126030921936
Arson,Arson,3,1,a person pouring accelerant before visible fire grows,79.28566144301308,54.3215527240281,0.9193539619445801,0.5353829860687256,0.3839709758758545
Arson,Arson,3,2,a lighter touching a surface before ignition begins,82.85089947172898,58.12658849941599,0.8996153473854065,0.512965977191925,0.38664937019348145
Arson,Arson,3,3,small flames expanding after deliberate human ignition,82.12782209590553,56.560827115989234,0.8376078605651855,0.4398658275604248,0.39774203300476074
Arson,Arson,3,4,a person retreating as planted fire starts spreading,83.18422070064048,58.44431713284318,0.902683436870575,0.501968502998352,0.4007149338722229
Arson,Assault,4,0,a single attacker lunging with a direct strike,80.5881745610789,55.324160553556936,0.9026243090629578,0.4934776723384857,0.40914663672447205
Arson,Assault,4,1,a one-sided attack with punches and defensive movement,77.08287368802583,52.40965481500008,0.9045472741127014,0.5095940232276917,0.39495325088500977
Arson,Assault,4,2,an aggressor kicking a fallen victim on pavement,83.28876898048647,59.537720310867805,0.8559969663619995,0.43968096375465393,0.4163160026073456
Arson,Assault,4,3,a victim stumbling backward after a sudden hit,77.0786530426379,53.02080475371709,0.8619841933250427,0.46510496735572815,0.3968792259693146
Arson,Assault,4,4,an attacker chasing one target while striking repeatedly,78.17848538111683,53.87701418001536,0.8672967553138733,0.46524569392204285,0.40205106139183044
Arson,Burglary,5,0,an intruder forcing entry through a locked doorway,82.95403089189391,62.105497546915736,0.8367593884468079,0.42103034257888794,0.4157290458679199
Arson,Burglary,5,1,a person prying a lock before entering property,76.76576652236588,51.44056923106434,0.9072725772857666,0.5209268927574158,0.38634568452835083
Arson,Burglary,5,2,a masked intruder breaking into a closed building,79.84913256913086,57.324132736405645,0.875839352607727,0.460414856672287,0.41542449593544006
Arson,Burglary,5,3,a person climbing through a window into private space,73.70892169413787,52.23686679142252,0.9358773231506348,0.6300630569458008,0.305814266204834
Arson,Burglary,5,4,an intruder entering rooms after damaging an entry point,74.44984950636565,50.40469814418789,0.9062852263450623,0.5356202125549316,0.3706650137901306
Arson,Explosion,6,0,an instant detonation expanding from a blast center,84.0867603174746,59.45892562958779,0.857038140296936,0.44215506315231323,0.4148830771446228
Arson,Explosion,6,1,a shockwave pushing fragments outward within seconds,80.31864195147027,56.28505476737432,0.9004756808280945,0.5049534440040588,0.39552223682403564
Arson,Explosion,6,2,a structure bursting apart from explosive force,82.40935810126285,57.83278608483285,0.807544469833374,0.4112408459186554,0.39630362391471863
Arson,Explosion,6,3,a concentrated blast throwing debris radially outward,82.40245340478896,55.708654261804455,0.8448983430862427,0.431463360786438,0.4134349822998047
Arson,Explosion,6,4,a sudden pressure wave following a visible detonation,81.30140376433052,57.82103766211066,0.9007428288459778,0.5105396509170532,0.39020317792892456
Arson,Fighting,7,0,two groups mutually exchanging punches in a brawl,83.75785929165261,60.27524376448494,0.8308020234107971,0.4128728210926056,0.41792920231819153
Arson,Fighting,7,1,multiple participants striking each other during mutual combat,76.62615595435625,51.52700850957487,0.905816912651062,0.5095909833908081,0.3962259292602539
Arson,Fighting,7,2,opponents separating and reengaging in group fighting,81.78965161484618,57.730924263180285,0.8213112354278564,0.41470301151275635,0.4066082239151001
Arson,Fighting,7,3,several combatants grappling and swinging simultaneously,82.54909838177849,59.56172563845246,0.9007530212402344,0.5023636221885681,0.39838939905166626
Arson,Fighting,7,4,two sides clashing back and forth in public,80.53369530855372,57.092839248563024,0.8930387496948242,0.49422505497932434,0.3988136947154999
Arson,RoadAccidents,8,0,a vehicle collision causing roadway impact and disruption,73.39429902186231,45.87933513065464,0.8964200615882874,0.5161164999008179,0.3803035616874695
Arson,RoadAccidents,8,1,a car striking a pedestrian or cyclist on road,78.65800258218934,48.69820919294128,0.8975312113761902,0.5007407069206238,0.3967905044555664
Arson,RoadAccidents,8,2,a motorbike sliding across a lane after collision,76.90683386159685,50.99035575645281,0.9046270251274109,0.5343663096427917,0.37026071548461914
Arson,RoadAccidents,8,3,vehicles swerving before colliding in traffic,71.06147946854017,43.65747410138958,0.908886730670929,0.5512228012084961,0.35766392946243286
Arson,RoadAccidents,8,4,a crashed vehicle blocking lanes after impact,73.3244538263172,48.80696382046421,0.8796554803848267,0.5099718570709229,0.3696836233139038
Arson,Robbery,9,0,a threatening person forcing a victim to surrender valuables,71.06418347539628,46.22101130547544,0.8314291834831238,0.5049275159835815,0.32650166749954224
Arson,Robbery,9,1,a victim handing belongings under close range intimidation,70.24083833242526,45.17347706872519,0.8980714678764343,0.5399457812309265,0.3581256866455078
Arson,Robbery,9,2,an attacker cornering a victim and seizing items,82.24217863678305,59.06651560929333,0.8456399440765381,0.42388105392456055,0.42175889015197754
Arson,Robbery,9,3,a person brandishing a weapon to demand property,74.53433225932002,50.47268153933471,0.8509170413017273,0.4621926546096802,0.3887243866920471
Arson,Robbery,9,4,a robber confronting a victim before taking belongings,69.87456014910154,44.40766725693969,0.8507187366485596,0.5294572114944458,0.32126152515411377
Arson,Shooting,10,0,an armed person aiming and firing a firearm,79.707057463507,52.95682809699148,0.8685635328292847,0.45994824171066284,0.4086152911186218
Arson,Shooting,10,1,a visible muzzle flash from a discharged gun,78.84986733435181,56.0400317428412,0.8310723900794983,0.43151047825813293,0.39956191182136536
Arson,Shooting,10,2,a shooter raising a gun before firing,75.5106683141901,49.560794697558016,0.8548034429550171,0.4895983040332794,0.36520513892173767
Arson,Shooting,10,3,a person firing a handgun in surveillance footage,81.19299404295938,55.44367479365641,0.8121049404144287,0.40643972158432007,0.40566521883010864
Arson,Shooting,10,4,an armed shooter discharging a weapon toward people,78.33781225004034,54.10048650341589,0.7926063537597656,0.39818206429481506,0.39442428946495056
Arson,Shoplifting,11,0,a shopper concealing merchandise inside clothing or bag,71.42167114196639,48.8217943822202,0.7882099151611328,0.45538678765296936,0.33282312750816345
Arson,Shoplifting,11,1,a person hiding a retail item while browsing shelves,81.81895666331988,59.12925436150564,0.769366979598999,0.41378042101860046,0.35558655858039856
Arson,Shoplifting,11,2,store goods disappearing beneath a jacket while shopping,76.50861646813888,52.52601993217477,0.7718527913093567,0.46386682987213135,0.30798596143722534
Arson,Shoplifting,11,3,a shopper slipping merchandise into a bag in aisle,73.7365504579185,49.547037626218426,0.7450013160705566,0.4418531060218811,0.30314821004867554
Arson,Shoplifting,11,4,a customer exiting retail space with concealed merchandise,82.31542629113974,58.00123692180177,0.7271016240119934,0.36853551864624023,0.3585661053657532
Arson,Stealing,12,0,a person taking unattended property and leaving quickly,67.66604508807956,48.06871253435152,0.9191636443138123,0.573937177658081,0.3452264666557312
Arson,Stealing,12,1,"a thief grabbing a bicycle, bag, phone, or object",79.80996937020019,59.430138755936724,0.8097983002662659,0.4285825788974762,0.3812157213687897
Arson,Stealing,12,2,a suspect carrying property while the owner is distracted,73.85055777281832,45.23200980895369,0.8894039392471313,0.5042549967765808,0.38514894247055054
Arson,Stealing,12,3,a person pocketing an unattended item and changing direction,66.81494146882189,47.83614865049301,0.9102701544761658,0.5724761486053467,0.3377940058708191
Arson,Stealing,12,4,a thief quietly removing property from public space,78.30245062532435,53.36454157319588,0.8627479672431946,0.49730703234672546,0.3654409348964691
Arson,Vandalism,13,0,a person smashing a window or door with force,83.70392882280669,60.60399234662168,0.8649182915687561,0.44141319394111633,0.42350509762763977
Arson,Vandalism,13,1,a suspect spraying graffiti directly onto public property,70.71348077067911,41.44339786785382,0.9172709584236145,0.5741351246833801,0.3431358337402344
Arson,Vandalism,13,2,a person breaking glass with repeated tool impacts,82.38391449431425,56.16547102949473,0.8674877285957336,0.4674180746078491,0.4000696539878845
Arson,Vandalism,13,3,someone striking fixtures until visible damage appears,79.40849918620681,51.16411990067442,0.8243157863616943,0.45926395058631897,0.36505183577537537
Arson,Vandalism,13,4,a person deliberately damaging property with tools or kicks,74.1840186921209,54.07366039364481,0.9185774922370911,0.5336490869522095,0.3849284052848816
Assault,Normal,0,0,pedestrians walking calmly along an ordinary street,48.04199723050559,29.55519204515573,0.804053783416748,0.7034318447113037,0.10062193870544434
Assault,Normal,0,1,people waiting and talking in a public area,42.062386198800716,26.299109264490173,0.837867021560669,0.7514880895614624,0.08637893199920654
Assault,Normal,0,2,vehicles moving steadily through regular traffic,42.94600464664477,27.014496140146,0.8083561658859253,0.7442139387130737,0.06414222717285156
Assault,Normal,0,3,customers standing calmly near store counters,52.730958059933656,32.45734997312254,0.84022057056427,0.7364866733551025,0.10373389720916748
Assault,Normal,0,4,people entering and exiting buildings at normal pace,36.47530242602005,24.557400177209804,0.8016613721847534,0.7506112456321716,0.05105012655258179
Assault,Abuse,1,0,a vulnerable victim enduring repeated close range mistreatment,79.0984961451674,64.06326888480848,0.9188089370727539,0.6436062455177307,0.2752026915550232
Assault,Abuse,1,1,a stronger aggressor controlling a weaker victim indoors,77.17526043274626,61.76493602072159,0.8850511312484741,0.6163250803947449,0.26872605085372925
Assault,Abuse,1,2,a helpless person recoiling from sustained physical abuse,83.61998367541416,69.34013125056231,0.8873499631881714,0.5816826820373535,0.30566728115081787
Assault,Abuse,1,3,a defenseless victim shielding from repeated aggressive contact,83.6800633158193,74.98962866531633,0.9307904839515686,0.6549704670906067,0.2758200168609619
Assault,Abuse,1,4,an aggressor dragging or overpowering a vulnerable person,82.70983439156451,69.88371995220157,0.9387342929840088,0.6549340486526489,0.28380024433135986
Assault,Arrest,2,0,uniformed police placing handcuffs on a detained suspect,86.44399749727168,78.9792473929523,0.9495837092399597,0.6610598564147949,0.2885238528251648
Assault,Arrest,2,1,officers escorting a handcuffed person toward a patrol car,95.82201286787198,93.00639785203725,0.9060171246528625,0.5096782445907593,0.39633888006210327
Assault,Arrest,2,2,a handcuffed suspect standing between multiple police officers,85.97525135311949,76.56668487773479,0.9012715816497803,0.562565267086029,0.3387063145637512
Assault,Arrest,2,3,law enforcement securing a suspect during formal custody,83.86073955850732,69.85986978825802,0.8366956114768982,0.512895405292511,0.3238002061843872
Assault,Arrest,2,4,a detained person kneeling while officers apply restraints,81.1803441907413,66.10021335249094,0.9296222925186157,0.6531006693840027,0.27652162313461304
Assault,Arson,3,0,a person lighting flammable material before flames spread,75.74353240588555,63.395800992005604,0.9315456748008728,0.6855561137199402,0.24598956108093262
Assault,Arson,3,1,a person pouring accelerant before visible fire grows,71.68430408461379,53.47147149312328,0.8706677556037903,0.629196047782898,0.24147170782089233
Assault,Arson,3,2,a lighter touching a surface before ignition begins,88.75263837606295,81.35143949272857,0.8218539953231812,0.4960305988788605,0.3258233964443207
Assault,Arson,3,3,small flames expanding after deliberate human ignition,86.56862370455227,74.28307515778486,0.766648530960083,0.44571825861930847,0.32093027234077454
Assault,Arson,3,4,a person retreating as planted fire starts spreading,77.30972637316079,58.8721520477195,0.8237642049789429,0.560566246509552,0.26319795846939087
Assault,Assault,4,0,a single attacker lunging with a direct strike,85.92202308245207,76.64809168597232,0.9215219616889954,0.6178702116012573,0.30365175008773804
Assault,Assault,4,1,a one-sided attack with punches and defensive movement,87.97285254071802,82.04050678805388,0.9426769614219666,0.6523132920265198,0.2903636693954468
Assault,Assault,4,2,an aggressor kicking a fallen victim on pavement,88.80298240749427,80.97599038445543,0.8780582547187805,0.5157482028007507,0.3623100519180298
Assault,Assault,4,3,a victim stumbling backward after a sudden hit,93.25885089201607,90.11012878986139,0.9420520067214966,0.5845823287963867,0.35746967792510986
Assault,Assault,4,4,an attacker chasing one target while striking repeatedly,85.06437320014882,73.99102432804042,0.9175437688827515,0.6256797909736633,0.29186397790908813
Assault,Burglary,5,0,an intruder forcing entry through a locked doorway,87.6642910045368,79.34627568400438,0.8504824042320251,0.5125467777252197,0.3379356265068054
Assault,Burglary,5,1,a person prying a lock before entering property,95.10972031313467,93.57454743731279,0.9542096853256226,0.6557192206382751,0.2984904646873474
Assault,Burglary,5,2,a masked intruder breaking into a closed building,84.62396965238878,73.60038324781966,0.9004229307174683,0.6003787517547607,0.3000441789627075
Assault,Burglary,5,3,a person climbing through a window into private space,47.66792077275954,31.366031911961713,0.9771035313606262,0.7802466750144958,0.19685685634613037
Assault,Burglary,5,4,an intruder entering rooms after damaging an entry point,82.8084816208883,75.12051476850749,0.9597522020339966,0.7152078747749329,0.24454432725906372
Assault,Explosion,6,0,an instant detonation expanding from a blast center,86.1214833236307,74.77126355989658,0.8030083179473877,0.4648417532444,0.33816656470298767
Assault,Explosion,6,1,a shockwave pushing fragments outward within seconds,81.82488315447058,70.14306359464805,0.8839086890220642,0.5902755856513977,0.2936331033706665
Assault,Explosion,6,2,a structure bursting apart from explosive force,91.47782795752443,83.32059726192355,0.8412312269210815,0.4787319600582123,0.36249926686286926
Assault,Explosion,6,3,a concentrated blast throwing debris radially outward,84.72689638469463,71.55034700000252,0.7841510772705078,0.4479641616344452,0.3361869156360626
Assault,Explosion,6,4,a sudden pressure wave following a visible detonation,82.7111567683984,69.24446562448577,0.895555317401886,0.6135274767875671,0.28202784061431885
Assault,Fighting,7,0,two groups mutually exchanging punches in a brawl,95.28292044112409,91.36514707440682,0.8922000527381897,0.43700432777404785,0.45519572496414185
Assault,Fighting,7,1,multiple participants striking each other during mutual combat,89.21345025921188,83.83907314409309,0.9776496291160583,0.7317385077476501,0.2459111213684082
Assault,Fighting,7,2,opponents separating and reengaging in group fighting,88.50799866179628,79.11594259437629,0.8708778619766235,0.5188581347465515,0.352019727230072
Assault,Fighting,7,3,several combatants grappling and swinging simultaneously,87.19621125500953,78.69688187238192,0.9473170042037964,0.6708087921142578,0.2765082120895386
Assault,Fighting,7,4,two sides clashing back and forth in public,92.49469409310929,87.62742481134033,0.9456290602684021,0.6032755970954895,0.3423534631729126
Assault,RoadAccidents,8,0,a vehicle collision causing roadway impact and disruption,86.09966931207978,61.355695228850124,0.7816402912139893,0.39078086614608765,0.3908594250679016
Assault,RoadAccidents,8,1,a car striking a pedestrian or cyclist on road,88.87718128401542,68.82946334461236,0.8274782299995422,0.42921745777130127,0.39826077222824097
Assault,RoadAccidents,8,2,a motorbike sliding across a lane after collision,91.65370407642965,73.27175894025568,0.8946077227592468,0.4750620424747467,0.4195456802845001
Assault,RoadAccidents,8,3,vehicles swerving before colliding in traffic,89.55386337598225,65.96415796021117,0.9146689176559448,0.4873718023300171,0.42729711532592773
Assault,RoadAccidents,8,4,a crashed vehicle blocking lanes after impact,89.04744511068866,66.19902217314406,0.8701043128967285,0.4473516643047333,0.42275264859199524
Assault,Robbery,9,0,a threatening person forcing a victim to surrender valuables,94.1023711257873,93.28404652215126,0.9764391183853149,0.7223711013793945,0.2540680170059204
Assault,Robbery,9,1,a victim handing belongings under close range intimidation,97.31313331568082,96.6649494198972,0.9914909601211548,0.7303857207298279,0.2611052393913269
Assault,Robbery,9,2,an attacker cornering a victim and seizing items,90.75298844148935,84.01650797047844,0.8822849988937378,0.49979299306869507,0.3824920058250427
Assault,Robbery,9,3,a person brandishing a weapon to demand property,90.27306977495333,85.39895917004121,0.9405875205993652,0.627720832824707,0.3128666877746582
Assault,Robbery,9,4,a robber confronting a victim before taking belongings,95.93140571052297,95.5762919391987,0.9886248111724854,0.7389252185821533,0.24969959259033203
Assault,Shooting,10,0,an armed person aiming and firing a firearm,85.424434545939,72.65894255900704,0.8588187098503113,0.5389337539672852,0.3198849558830261
Assault,Shooting,10,1,a visible muzzle flash from a discharged gun,86.92846638960616,78.91884125912607,0.8662465810775757,0.5225805640220642,0.3436660170555115
Assault,Shooting,10,2,a shooter raising a gun before firing,89.62363697569711,82.755503654042,0.9436448216438293,0.6689088344573975,0.2747359871864319
Assault,Shooting,10,3,a person firing a handgun in surveillance footage,87.90778535304182,78.30800924524999,0.8229950070381165,0.45981794595718384,0.3631770610809326
Assault,Shooting,10,4,an armed shooter discharging a weapon toward people,86.02802147748227,74.09569997551473,0.8533115983009338,0.5130309462547302,0.3402806520462036
Assault,Shoplifting,11,0,a shopper concealing merchandise inside clothing or bag,98.7292531309354,97.58031025127772,0.9841378331184387,0.6408049464225769,0.3433328866958618
Assault,Shoplifting,11,1,a person hiding a retail item while browsing shelves,98.36129917380603,97.35331943228003,0.9478495717048645,0.5844685435295105,0.363381028175354
Assault,Shoplifting,11,2,store goods disappearing beneath a jacket while shopping,96.66001452115538,94.97144097891692,0.9829924702644348,0.710273027420044,0.27271944284439087
Assault,Shoplifting,11,3,a shopper slipping merchandise into a bag in aisle,98.01910553389716,96.35856102849189,0.9788743257522583,0.6452606916427612,0.33361363410949707
Assault,Shoplifting,11,4,a customer exiting retail space with concealed merchandise,96.10266912913363,93.46019889670481,0.9043582677841187,0.5463099479675293,0.35804831981658936
Assault,Stealing,12,0,a person taking unattended property and leaving quickly,95.19307170333278,87.21423519096221,0.9735909700393677,0.7075881361961365,0.2660028338432312
Assault,Stealing,12,1,"a thief grabbing a bicycle, bag, phone, or object",95.86254840341739,92.83568087351877,0.8923794031143188,0.5139510035514832,0.3784283995628357
Assault,Stealing,12,2,a suspect carrying property while the owner is distracted,92.95797371885374,87.64585753066672,0.9294533729553223,0.5808574557304382,0.34859591722488403
Assault,Stealing,12,3,a person pocketing an unattended item and changing direction,92.423202444752,77.69598394230256,0.9815574884414673,0.7140181660652161,0.2675393223762512
Assault,Stealing,12,4,a thief quietly removing property from public space,88.7165489421558,67.69234076805213,0.9035157561302185,0.6040210723876953,0.2994946837425232
Assault,Vandalism,13,0,a person smashing a window or door with force,81.6961648676962,67.64396097575215,0.8278236985206604,0.5255624055862427,0.3022612929344177
Assault,Vandalism,13,1,a suspect spraying graffiti directly onto public property,82.47335801145346,60.26429669459246,0.9575828909873962,0.7214484810829163,0.23613440990447998
Assault,Vandalism,13,2,a person breaking glass with repeated tool impacts,83.67667928061452,66.9695884003946,0.8378214240074158,0.5415756106376648,0.296245813369751
Assault,Vandalism,13,3,someone striking fixtures until visible damage appears,93.40469760313472,87.70904393408408,0.8951790928840637,0.565272867679596,0.3299062252044678
Assault,Vandalism,13,4,a person deliberately damaging property with tools or kicks,96.22885719881644,93.54786347058368,0.9615973830223083,0.6573814749717712,0.3042159080505371
Burglary,Normal,0,0,pedestrians walking calmly along an ordinary street,41.18121844754083,16.535744776749933,0.5936397314071655,0.6248149871826172,-0.03117525577545166
Burglary,Normal,0,1,people waiting and talking in a public area,40.89065582016802,16.554646185455404,0.6453930735588074,0.6691645383834839,-0.023771464824676514
Burglary,Normal,0,2,vehicles moving steadily through regular traffic,40.49021989098682,16.388904710113998,0.6520883440971375,0.6881459355354309,-0.03605759143829346
Burglary,Normal,0,3,customers standing calmly near store counters,40.377067108721185,16.37125156109375,0.6555846333503723,0.6915366053581238,-0.035951972007751465
Burglary,Normal,0,4,people entering and exiting buildings at normal pace,40.544035654672946,16.432296466023278,0.662164032459259,0.6841701865196228,-0.02200615406036377
Burglary,Abuse,1,0,a vulnerable victim enduring repeated close range mistreatment,69.80435586882336,44.09156650641828,0.686748743057251,0.49685224890708923,0.18989649415016174
Burglary,Abuse,1,1,a stronger aggressor controlling a weaker victim indoors,69.54309608290427,42.09397208006693,0.6540722250938416,0.4425787329673767,0.21149349212646484
Burglary,Abuse,1,2,a helpless person recoiling from sustained physical abuse,70.41535552691055,43.9118561252575,0.6237383484840393,0.4107663631439209,0.2129719853401184
Burglary,Abuse,1,3,a defenseless victim shielding from repeated aggressive contact,69.46223407657226,45.36002680680112,0.7150644659996033,0.5459049344062805,0.16915953159332275
Burglary,Abuse,1,4,an aggressor dragging or overpowering a vulnerable person,70.80182854507413,44.2169720711191,0.7008222341537476,0.5170045495033264,0.18381768465042114
Burglary,Arrest,2,0,uniformed police placing handcuffs on a detained suspect,71.88432558180835,46.8986114727066,0.6979155540466309,0.5155923962593079,0.182323157787323
Burglary,Arrest,2,1,officers escorting a handcuffed person toward a patrol car,72.25020919479084,50.82480492984759,0.5455129742622375,0.3279922902584076,0.21752068400382996
Burglary,Arrest,2,2,a handcuffed suspect standing between multiple police officers,71.88985013100653,46.21849742193638,0.6115539073944092,0.3584364950656891,0.2531174123287201
Burglary,Arrest,2,3,law enforcement securing a suspect during formal custody,72.06779035919118,45.73046120215204,0.563076376914978,0.3164263069629669,0.2466500699520111
Burglary,Arrest,2,4,a detained person kneeling while officers apply restraints,71.39001349506826,44.802548424371835,0.6524552702903748,0.4310607314109802,0.22139453887939453
Burglary,Arson,3,0,a person lighting flammable material before flames spread,68.18199145102159,42.558224923409036,0.7490567564964294,0.6456554532051086,0.1034013032913208
Burglary,Arson,3,1,a person pouring accelerant before visible fire grows,68.23897139449598,41.78030004635833,0.7069504261016846,0.5487170815467834,0.15823334455490112
Burglary,Arson,3,2,a lighter touching a surface before ignition begins,70.19999529017356,42.1357386537774,0.5935246348381042,0.39001885056495667,0.20350578427314758
Burglary,Arson,3,3,small flames expanding after deliberate human ignition,70.98281106376835,43.02145370480549,0.49886664748191833,0.30219611525535583,0.1966705322265625
Burglary,Arson,3,4,a person retreating as planted fire starts spreading,68.64192746687132,41.59753158676787,0.6077337265014648,0.39705708622932434,0.2106766402721405
Burglary,Assault,4,0,a single attacker lunging with a direct strike,70.72456062531053,43.604249779247844,0.6622336506843567,0.4535553455352783,0.20867830514907837
Burglary,Assault,4,1,a one-sided attack with punches and defensive movement,70.89347939972103,48.225562112767236,0.7291463017463684,0.5824022889137268,0.1467440128326416
Burglary,Assault,4,2,an aggressor kicking a fallen victim on pavement,71.2265715024359,44.35034052203704,0.5408940315246582,0.2991553544998169,0.2417386770248413
Burglary,Assault,4,3,a victim stumbling backward after a sudden hit,70.9263680919811,45.583864332652894,0.6673386096954346,0.4540003538131714,0.21333825588226318
Burglary,Assault,4,4,an attacker chasing one target while striking repeatedly,70.07884228863077,43.82279584813409,0.6407099366188049,0.42811888456344604,0.2125910520553589
Burglary,Burglary,5,0,an intruder forcing entry through a locked doorway,69.15709744463605,43.216460552045255,0.571670413017273,0.3614389896392822,0.21023142337799072
Burglary,Burglary,5,1,a person prying a lock before entering property,70.01721243389032,52.904137794118014,0.7128499150276184,0.585922360420227,0.12692755460739136
Burglary,Burglary,5,2,a masked intruder breaking into a closed building,70.37628671879132,43.86896216667386,0.6683592796325684,0.4746548533439636,0.19370442628860474
Burglary,Burglary,5,3,a person climbing through a window into private space,60.145602353986696,26.100826913571446,0.806484043598175,0.7464008927345276,0.06008315086364746
Burglary,Burglary,5,4,an intruder entering rooms after damaging an entry point,65.42415428053091,37.186533668628506,0.767040491104126,0.6806501150131226,0.08639037609100342
Burglary,Explosion,6,0,an instant detonation expanding from a blast center,70.49622247469979,43.80766136065621,0.5190439224243164,0.2868397831916809,0.2322041392326355
Burglary,Explosion,6,1,a shockwave pushing fragments outward within seconds,70.14697015964639,44.24150141506383,0.6466336846351624,0.43352705240249634,0.21310663223266602
Burglary,Explosion,6,2,a structure bursting apart from explosive force,71.69441220272277,44.5764281448892,0.46875134110450745,0.26775062084198,0.20100072026252747
Burglary,Explosion,6,3,a concentrated blast throwing debris radially outward,70.40348614661175,43.21150614089266,0.4993229806423187,0.26301103830337524,0.23631194233894348
Burglary,Explosion,6,4,a sudden pressure wave following a visible detonation,70.7857358659846,42.77079970926771,0.6362552046775818,0.42137470841407776,0.21488049626350403
Burglary,Fighting,7,0,two groups mutually exchanging punches in a brawl,71.4654333098228,46.161469674056406,0.5227246880531311,0.28123047947883606,0.24149420857429504
Burglary,Fighting,7,1,multiple participants striking each other during mutual combat,68.15289450361969,43.02397569387915,0.7412298321723938,0.6203356981277466,0.12089413404464722
Burglary,Fighting,7,2,opponents separating and reengaging in group fighting,71.41267337083437,45.680515807452316,0.5463435053825378,0.3139301836490631,0.23241332173347473
Burglary,Fighting,7,3,several combatants grappling and swinging simultaneously,69.03379161488753,42.352364988144906,0.6862666606903076,0.5028495192527771,0.18341714143753052
Burglary,Fighting,7,4,two sides clashing back and forth in public,71.29987472633785,45.914028389605875,0.6664279103279114,0.45324113965034485,0.21318677067756653
Burglary,RoadAccidents,8,0,a vehicle collision causing roadway impact and disruption,65.75931850098321,34.813839324519925,0.5940447449684143,0.4282137453556061,0.16583099961280823
Burglary,RoadAccidents,8,1,a car striking a pedestrian or cyclist on road,67.72533820993395,44.83655309999989,0.5698967576026917,0.37227725982666016,0.1976194977760315
Burglary,RoadAccidents,8,2,a motorbike sliding across a lane after collision,68.14575245075048,42.127198053122946,0.6521095037460327,0.4867393672466278,0.1653701364994049
Burglary,RoadAccidents,8,3,vehicles swerving before colliding in traffic,62.72366272135059,35.68734348246673,0.7009003162384033,0.5712240934371948,0.1296762228012085
Burglary,RoadAccidents,8,4,a crashed vehicle blocking lanes after impact,67.36539422855809,37.82771908535444,0.598376989364624,0.4267197251319885,0.1716572642326355
Burglary,Robbery,9,0,a threatening person forcing a victim to surrender valuables,62.18532225057126,28.766514643499907,0.7761178016662598,0.6919268369674683,0.0841909646987915
Burglary,Robbery,9,1,a victim handing belongings under close range intimidation,71.03411821432721,46.98206414662349,0.7618289589881897,0.6743314862251282,0.08749747276306152
Burglary,Robbery,9,2,an attacker cornering a victim and seizing items,71.76548024079824,46.419789574203094,0.596106231212616,0.3548642694950104,0.2412419617176056
Burglary,Robbery,9,3,a person brandishing a weapon to demand property,72.85026187793135,51.6481146953818,0.6934277415275574,0.5001611709594727,0.19326657056808472
Burglary,Robbery,9,4,a robber confronting a victim before taking belongings,62.98439541849703,31.116567417125392,0.7892540693283081,0.7017392516136169,0.08751481771469116
Burglary,Shooting,10,0,an armed person aiming and firing a firearm,71.96821340712577,45.39684802527412,0.5929979681968689,0.3546006679534912,0.23839730024337769
Burglary,Shooting,10,1,a visible muzzle flash from a discharged gun,71.66018766985455,45.85471268074861,0.595811128616333,0.3551740348339081,0.24063709378242493
Burglary,Shooting,10,2,a shooter raising a gun before firing,68.55055662813487,42.437664818064846,0.6802245378494263,0.5128909945487976,0.16733354330062866
Burglary,Shooting,10,3,a person firing a handgun in surveillance footage,72.26963241606245,47.80728943134523,0.5466448664665222,0.2977364957332611,0.2489083707332611
Burglary,Shooting,10,4,an armed shooter discharging a weapon toward people,71.22314048395654,46.055658725176215,0.5704161524772644,0.3342827260494232,0.2361334264278412
Burglary,Shoplifting,11,0,a shopper concealing merchandise inside clothing or bag,70.61804422012288,49.86905191450129,0.7109841108322144,0.5846654772758484,0.12631863355636597
Burglary,Shoplifting,11,1,a person hiding a retail item while browsing shelves,73.08974136747365,55.423214700279686,0.6318092346191406,0.46476009488105774,0.16704913973808289
Burglary,Shoplifting,11,2,store goods disappearing beneath a jacket while shopping,66.56144548948545,38.470609139768605,0.6942179203033447,0.58449786901474,0.10972005128860474
Burglary,Shoplifting,11,3,a shopper slipping merchandise into a bag in aisle,69.27506979486647,44.332336285588084,0.684962272644043,0.5592476725578308,0.12571460008621216
Burglary,Shoplifting,11,4,a customer exiting retail space with concealed merchandise,72.41471360073051,49.14993972260922,0.5417402982711792,0.3444806933403015,0.19725960493087769
Burglary,Stealing,12,0,a person taking unattended property and leaving quickly,62.08986153238965,42.30349044289333,0.7752668261528015,0.7184990048408508,0.056767821311950684
Burglary,Stealing,12,1,"a thief grabbing a bicycle, bag, phone, or object",71.59948845622827,52.78198747336329,0.5981090664863586,0.3895491361618042,0.20855993032455444
Burglary,Stealing,12,2,a suspect carrying property while the owner is distracted,70.16783793358552,49.237725995864714,0.6798528432846069,0.5003991723060608,0.17945367097854614
Burglary,Stealing,12,3,a person pocketing an unattended item and changing direction,61.20811613762833,40.61717282541439,0.7812742590904236,0.7342999577522278,0.0469743013381958
Burglary,Stealing,12,4,a thief quietly removing property from public space,69.18352271082169,50.826373722453965,0.6576790809631348,0.5174323320388794,0.14024674892425537
Burglary,Vandalism,13,0,a person smashing a window or door with force,69.99865561478869,43.207228675500005,0.5950330495834351,0.3669843077659607,0.22804874181747437
Burglary,Vandalism,13,1,a suspect spraying graffiti directly onto public property,66.02798882561507,45.69309966004169,0.7837522029876709,0.6979362964630127,0.0858159065246582
Burglary,Vandalism,13,2,a person breaking glass with repeated tool impacts,71.29279032380315,44.951296941283545,0.5812662243843079,0.3571208715438843,0.22414535284042358
Burglary,Vandalism,13,3,someone striking fixtures until visible damage appears,73.14496544647416,50.54778961366537,0.6074692606925964,0.4174621105194092,0.19000715017318726
Burglary,Vandalism,13,4,a person deliberately damaging property with tools or kicks,69.76271915008995,53.05567183477851,0.7318001985549927,0.6274137496948242,0.10438644886016846
Explosion,Normal,0,0,pedestrians walking calmly along an ordinary street,59.121860639383726,14.00713617370391,0.7284380793571472,0.6806405782699585,0.04779750108718872
Explosion,Normal,0,1,people waiting and talking in a public area,58.78886803978974,13.677627898593547,0.7319638133049011,0.6904891133308411,0.04147469997406006
Explosion,Normal,0,2,vehicles moving steadily through regular traffic,59.29776079986111,13.917783097365305,0.7845310568809509,0.737048864364624,0.047482192516326904
Explosion,Normal,0,3,customers standing calmly near store counters,57.691422612464685,13.285930913029354,0.7654224038124084,0.7252157330513,0.0402066707611084
Explosion,Normal,0,4,people entering and exiting buildings at normal pace,58.088928232446456,13.404913841988675,0.7502711415290833,0.7138391733169556,0.036431968212127686
Explosion,Abuse,1,0,a vulnerable victim enduring repeated close range mistreatment,41.42890383492292,9.11640391156172,0.7051072716712952,0.7111126780509949,-0.006005406379699707
Explosion,Abuse,1,1,a stronger aggressor controlling a weaker victim indoors,43.932631661888756,9.484634516915701,0.7497335076332092,0.7148570418357849,0.034876465797424316
Explosion,Abuse,1,2,a helpless person recoiling from sustained physical abuse,41.780810746442356,9.167651324804055,0.690925121307373,0.7003705501556396,-0.009445428848266602
Explosion,Abuse,1,3,a defenseless victim shielding from repeated aggressive contact,41.41199269050608,9.119120652194615,0.731638491153717,0.7281367182731628,0.0035017728805541992
Explosion,Abuse,1,4,an aggressor dragging or overpowering a vulnerable person,39.95761589297481,8.916281527610344,0.7697213888168335,0.7640172839164734,0.005704104900360107
Explosion,Arrest,2,0,uniformed police placing handcuffs on a detained suspect,36.950515962080644,8.525123761971972,0.7458211779594421,0.7770871520042419,-0.031265974044799805
Explosion,Arrest,2,1,officers escorting a handcuffed person toward a patrol car,42.00942177892186,9.232124175920283,0.6244910955429077,0.6633571982383728,-0.03886610269546509
Explosion,Arrest,2,2,a handcuffed suspect standing between multiple police officers,40.56903774965724,8.988975452898396,0.685123085975647,0.7139762043952942,-0.028853118419647217
Explosion,Arrest,2,3,law enforcement securing a suspect during formal custody,41.39352311852291,9.121761851843097,0.7456644177436829,0.7466535568237305,-0.0009891390800476074
Explosion,Arrest,2,4,a detained person kneeling while officers apply restraints,41.000012806948234,9.045971195213088,0.7676291465759277,0.7624589204788208,0.005170226097106934
Explosion,Arson,3,0,a person lighting flammable material before flames spread,39.778602552901454,8.903448830752694,0.8440201878547668,0.8264048099517822,0.01761537790298462
Explosion,Arson,3,1,a person pouring accelerant before visible fire grows,42.04937118745622,9.195667187445457,0.8222119212150574,0.7873648405075073,0.03484708070755005
Explosion,Arson,3,2,a lighter touching a surface before ignition begins,48.589125017236256,10.325161538751246,0.8799461722373962,0.7949288487434387,0.08501732349395752
Explosion,Arson,3,3,small flames expanding after deliberate human ignition,49.49896369965283,10.493299939580817,0.8096305131912231,0.7263422012329102,0.08328831195831299
Explosion,Arson,3,4,a person retreating as planted fire starts spreading,45.515527276129234,9.753821699867922,0.820158839225769,0.7515743374824524,0.06858450174331665
Explosion,Assault,4,0,a single attacker lunging with a direct strike,41.564979555114185,9.131098039430489,0.7990971803665161,0.7564710378646851,0.042626142501831055
Explosion,Assault,4,1,a one-sided attack with punches and defensive movement,39.9691460516437,8.913638616570676,0.7702159881591797,0.7653301358222961,0.004885852336883545
Explosion,Assault,4,2,an aggressor kicking a fallen victim on pavement,44.35295133824856,9.552936294251268,0.7505542635917664,0.7149087190628052,0.03564554452896118
Explosion,Assault,4,3,a victim stumbling backward after a sudden hit,40.310879077541365,8.962143359422294,0.7382805943489075,0.7361074090003967,0.002173185348510742
Explosion,Assault,4,4,an attacker chasing one target while striking repeatedly,43.659451071226556,9.443126587237478,0.7882106900215149,0.7359864711761475,0.05222421884536743
Explosion,Burglary,5,0,an intruder forcing entry through a locked doorway,43.308477746032246,9.40342554955184,0.674178421497345,0.6708407998085022,0.0033376216888427734
Explosion,Burglary,5,1,a person prying a lock before entering property,33.45518346297928,8.15787836209679,0.7548851370811462,0.7952677607536316,-0.04038262367248535
Explosion,Burglary,5,2,a masked intruder breaking into a closed building,40.39791946244357,8.967395662603819,0.6880974769592285,0.7108890414237976,-0.022791564464569092
Explosion,Burglary,5,3,a person climbing through a window into private space,32.685676772267705,8.116093997436305,0.7902728319168091,0.8414754271507263,-0.051202595233917236
Explosion,Burglary,5,4,an intruder entering rooms after damaging an entry point,34.32889897057979,8.250273559605983,0.6761055588722229,0.7808767557144165,-0.1047711968421936
Explosion,Explosion,6,0,an instant detonation expanding from a blast center,47.01742141228708,10.020717927522337,0.7821916937828064,0.7125575542449951,0.06963413953781128
Explosion,Explosion,6,1,a shockwave pushing fragments outward within seconds,44.335977709707606,9.555472275577975,0.8153115510940552,0.7546267509460449,0.060684800148010254
Explosion,Explosion,6,2,a structure bursting apart from explosive force,51.31879176149121,10.930501631122981,0.8147534132003784,0.73458331823349,0.08017009496688843
Explosion,Explosion,6,3,a concentrated blast throwing debris radially outward,44.3457362596808,9.555644516846145,0.7214475870132446,0.6940043568611145,0.027443230152130127
Explosion,Explosion,6,4,a sudden pressure wave following a visible detonation,48.31145292071069,10.260854285694354,0.8832249641418457,0.7972952127456665,0.0859297513961792
Explosion,Fighting,7,0,two groups mutually exchanging punches in a brawl,45.58578516039956,9.76597469058543,0.7300276756286621,0.6999951601028442,0.03003251552581787
Explosion,Fighting,7,1,multiple participants striking each other during mutual combat,39.44807991397865,8.84988340114594,0.8300237059593201,0.8003515601158142,0.02967214584350586
Explosion,Fighting,7,2,opponents separating and reengaging in group fighting,46.467719168090504,9.894881659740633,0.7447805404663086,0.6947976350784302,0.04998290538787842
Explosion,Fighting,7,3,several combatants grappling and swinging simultaneously,47.80442365775286,10.146887530362404,0.8773839473724365,0.8029555082321167,0.07442843914031982
Explosion,Fighting,7,4,two sides clashing back and forth in public,42.763483864365114,9.296872277502708,0.8226305246353149,0.7716302275657654,0.05100029706954956
Explosion,RoadAccidents,8,0,a vehicle collision causing roadway impact and disruption,40.38651794755963,10.172947560979573,0.8736943006515503,0.8388639092445374,0.03483039140701294
Explosion,RoadAccidents,8,1,a car striking a pedestrian or cyclist on road,39.49004719216849,9.56626678608897,0.8189249038696289,0.8076738119125366,0.011251091957092285
Explosion,RoadAccidents,8,2,a motorbike sliding across a lane after collision,39.4446322605418,11.109232547444273,0.8898182511329651,0.8552446961402893,0.03457355499267578
Explosion,RoadAccidents,8,3,vehicles swerving before colliding in traffic,38.613997718755165,10.558395979484503,0.9051533341407776,0.8709030151367188,0.03425031900405884
Explosion,RoadAccidents,8,4,a crashed vehicle blocking lanes after impact,45.52992067789761,12.605926398845547,0.899482250213623,0.853651762008667,0.045830488204956055
Explosion,Robbery,9,0,a threatening person forcing a victim to surrender valuables,29.58147651248767,7.815312867132756,0.5489848852157593,0.7540318369865417,-0.20504695177078247
Explosion,Robbery,9,1,a victim handing belongings under close range intimidation,31.401896335736843,7.939891919571279,0.7589378356933594,0.821533739566803,-0.0625959038734436
Explosion,Robbery,9,2,an attacker cornering a victim and seizing items,40.80917894080565,9.024101051785026,0.6743261218070984,0.7004959583282471,-0.02616983652114868
Explosion,Robbery,9,3,a person brandishing a weapon to demand property,35.9069649295793,8.404813148181072,0.6334401965141296,0.7221837639808655,-0.08874356746673584
Explosion,Robbery,9,4,a robber confronting a victim before taking belongings,29.79304040569196,7.817940566240036,0.6282377243041992,0.7939772009849548,-0.16573947668075562
Explosion,Shooting,10,0,an armed person aiming and firing a firearm,42.67163220190551,9.292168011105236,0.7672295570373535,0.7452521324157715,0.02197742462158203
Explosion,Shooting,10,1,a visible muzzle flash from a discharged gun,42.98509667494294,9.329335769949681,0.7369793653488159,0.7192252278327942,0.01775413751602173
Explosion,Shooting,10,2,a shooter raising a gun before firing,43.48011060838574,9.425555759467336,0.8450941443443298,0.7960804104804993,0.049013733863830566
Explosion,Shooting,10,3,a person firing a handgun in surveillance footage,41.171167849529034,9.069067723465722,0.6398046612739563,0.6768007874488831,-0.03699612617492676
Explosion,Shooting,10,4,an armed shooter discharging a weapon toward people,42.32891045663202,9.24085881238123,0.6235215663909912,0.651353120803833,-0.027831554412841797
Explosion,Shoplifting,11,0,a shopper concealing merchandise inside clothing or bag,30.452137649079624,7.949169697957983,0.6398947834968567,0.7610888481140137,-0.12119406461715698
Explosion,Shoplifting,11,1,a person hiding a retail item while browsing shelves,36.12654884389151,8.485197963659845,0.6686890721321106,0.7221859693527222,-0.05349689722061157
Explosion,Shoplifting,11,2,store goods disappearing beneath a jacket while shopping,40.5230457587666,9.014887729105757,0.7889477014541626,0.7893863320350647,-0.0004386305809020996
Explosion,Shoplifting,11,3,a shopper slipping merchandise into a bag in aisle,31.740056739949406,8.070575816155365,0.6960413455963135,0.7690829634666443,-0.07304161787033081
Explosion,Shoplifting,11,4,a customer exiting retail space with concealed merchandise,46.27695146160875,9.981221198315078,0.6934807300567627,0.6860095262527466,0.007471203804016113
Explosion,Stealing,12,0,a person taking unattended property and leaving quickly,30.763459284213347,7.852550577650527,0.7813376188278198,0.8488746881484985,-0.06753706932067871
Explosion,Stealing,12,1,"a thief grabbing a bicycle, bag, phone, or object",37.76660272955694,8.654700728864825,0.6257690191268921,0.6880803108215332,-0.06231129169464111
Explosion,Stealing,12,2,a suspect carrying property while the owner is distracted,35.111883854418195,8.312078492513315,0.7200490832328796,0.7718127965927124,-0.051763713359832764
Explosion,Stealing,12,3,a person pocketing an unattended item and changing direction,29.453957441764423,7.741243484623264,0.7586197257041931,0.84999018907547,-0.09137046337127686
Explosion,Stealing,12,4,a thief quietly removing property from public space,35.89916544067416,8.718676307010693,0.7764146327972412,0.7918198704719543,-0.015405237674713135
Explosion,Vandalism,13,0,a person smashing a window or door with force,41.86019866390795,9.173028599112683,0.6673063039779663,0.6843823194503784,-0.01707601547241211
Explosion,Vandalism,13,1,a suspect spraying graffiti directly onto public property,30.922606348352556,7.9328701206050205,0.8656591773033142,0.8669517040252686,-0.0012925267219543457
Explosion,Vandalism,13,2,a person breaking glass with repeated tool impacts,43.52567991255438,9.42223886768408,0.7688975930213928,0.7372249960899353,0.03167259693145752
Explosion,Vandalism,13,3,someone striking fixtures until visible damage appears,48.10067191682628,10.266251400021389,0.8173544406890869,0.7655362486839294,0.05181819200515747
Explosion,Vandalism,13,4,a person deliberately damaging property with tools or kicks,31.597265814183356,7.93911298414015,0.7211301922798157,0.8089795112609863,-0.08784931898117065
Fighting,Normal,0,0,pedestrians walking calmly along an ordinary street,42.04111304501621,36.33918887539382,0.6628199815750122,0.7152712345123291,-0.052451252937316895
Fighting,Normal,0,1,people waiting and talking in a public area,41.66201260064503,34.88269392092288,0.7214409708976746,0.7619742155075073,-0.040533244609832764
Fighting,Normal,0,2,vehicles moving steadily through regular traffic,39.2611048523167,34.641344396932006,0.6892971992492676,0.7576627731323242,-0.06836557388305664
Fighting,Normal,0,3,customers standing calmly near store counters,41.45088680358437,35.92839381946224,0.7155450582504272,0.7739495038986206,-0.05840444564819336
Fighting,Normal,0,4,people entering and exiting buildings at normal pace,39.596035557565976,35.95987456358027,0.7031118273735046,0.7549684643745422,-0.0518566370010376
Fighting,Abuse,1,0,a vulnerable victim enduring repeated close range mistreatment,58.277890626419726,48.65948246210795,0.8398834466934204,0.8330531120300293,0.006830334663391113
Fighting,Abuse,1,1,a stronger aggressor controlling a weaker victim indoors,57.45885217247172,47.15400424972087,0.7874118089675903,0.7398859262466431,0.047525882720947266
Fighting,Abuse,1,2,a helpless person recoiling from sustained physical abuse,57.50700367004696,46.931472133202256,0.7787972092628479,0.7410523891448975,0.03774482011795044
Fighting,Abuse,1,3,a defenseless victim shielding from repeated aggressive contact,58.24872193077319,47.874552459466734,0.8463050127029419,0.833332359790802,0.012972652912139893
Fighting,Abuse,1,4,an aggressor dragging or overpowering a vulnerable person,58.10232285833771,46.972677409567076,0.8248019814491272,0.7937857508659363,0.031016230583190918
Fighting,Arrest,2,0,uniformed police placing handcuffs on a detained suspect,59.13535767939413,47.12362460061081,0.8353492617607117,0.8159685730934143,0.019380688667297363
Fighting,Arrest,2,1,officers escorting a handcuffed person toward a patrol car,57.43699880049527,45.11108463393833,0.800662100315094,0.7632464170455933,0.03741568326950073
Fighting,Arrest,2,2,a handcuffed suspect standing between multiple police officers,57.784800771442555,47.220473641866576,0.7977438569068909,0.74037766456604,0.05736619234085083
Fighting,Arrest,2,3,law enforcement securing a suspect during formal custody,57.379679998573984,47.37280923492577,0.7532170414924622,0.710560142993927,0.042656898498535156
Fighting,Arrest,2,4,a detained person kneeling while officers apply restraints,57.04882365081183,45.47563223295358,0.8232847452163696,0.7916892766952515,0.031595468521118164
Fighting,Arson,3,0,a person lighting flammable material before flames spread,60.900387862627944,46.577971306415336,0.8241506218910217,0.8203408122062683,0.003809809684753418
Fighting,Arson,3,1,a person pouring accelerant before visible fire grows,60.23126724439975,44.36983651272837,0.8143443465232849,0.7951992154121399,0.01914513111114502
Fighting,Arson,3,2,a lighter touching a surface before ignition begins,53.58089723602302,48.298178526021076,0.7270248532295227,0.7622773051261902,-0.03525245189666748
Fighting,Arson,3,3,small flames expanding after deliberate human ignition,54.431604559530115,49.02755411669086,0.7082861661911011,0.7277616858482361,-0.01947551965713501
Fighting,Arson,3,4,a person retreating as planted fire starts spreading,56.13246361234155,44.11825866282139,0.7572635412216187,0.7327686548233032,0.02449488639831543
Fighting,Assault,4,0,a single attacker lunging with a direct strike,56.92575953489359,45.9396852424334,0.8032912611961365,0.7915277481079102,0.011763513088226318
Fighting,Assault,4,1,a one-sided attack with punches and defensive movement,59.25694021077162,47.050264585257686,0.8588566184043884,0.868104875087738,-0.00924825668334961
Fighting,Assault,4,2,an aggressor kicking a fallen victim on pavement,56.13709356403148,48.829644817056774,0.7501368522644043,0.7362159490585327,0.013920903205871582
Fighting,Assault,4,3,a victim stumbling backward after a sudden hit,59.646041350793034,50.9550684658695,0.8437590003013611,0.8294482827186584,0.014310717582702637
Fighting,Assault,4,4,an attacker chasing one target while striking repeatedly,56.55397441419247,46.34563969573389,0.8217113614082336,0.815871000289917,0.00584036111831665
Fighting,Burglary,5,0,an intruder forcing entry through a locked doorway,57.00752448173767,48.785841623351025,0.7400164008140564,0.7021089196205139,0.03790748119354248
Fighting,Burglary,5,1,a person prying a lock before entering property,66.81385476003597,57.57545435701235,0.822594940662384,0.805942714214325,0.016652226448059082
Fighting,Burglary,5,2,a masked intruder breaking into a closed building,59.25897738951518,48.630321018863754,0.8198907971382141,0.7917266488075256,0.028164148330688477
Fighting,Burglary,5,3,a person climbing through a window into private space,54.21529321657674,48.02338975163346,0.9230065941810608,0.9250832200050354,-0.0020766258239746094
Fighting,Burglary,5,4,an intruder entering rooms after damaging an entry point,58.42484529305799,51.514997408119534,0.8654996156692505,0.8757067322731018,-0.010207116603851318
Fighting,Explosion,6,0,an instant detonation expanding from a blast center,55.3663918057263,48.151827905821406,0.7146807312965393,0.7106127738952637,0.004067957401275635
Fighting,Explosion,6,1,a shockwave pushing fragments outward within seconds,57.245041003430906,48.46359385068471,0.776944100856781,0.7592189311981201,0.01772516965866089
Fighting,Explosion,6,2,a structure bursting apart from explosive force,56.64796243349798,53.910219791538275,0.7462010383605957,0.7758309245109558,-0.029629886150360107
Fighting,Explosion,6,3,a concentrated blast throwing debris radially outward,56.87770063635214,48.235256531579644,0.6966995596885681,0.6564121246337891,0.04028743505477905
Fighting,Explosion,6,4,a sudden pressure wave following a visible detonation,53.76813248236364,46.90937844063862,0.7777737975120544,0.8013778924942017,-0.023604094982147217
Fighting,Fighting,7,0,two groups mutually exchanging punches in a brawl,56.33840386350949,49.45729939718627,0.7208002209663391,0.6929935812950134,0.027806639671325684
Fighting,Fighting,7,1,multiple participants striking each other during mutual combat,58.85765317703233,48.140006473771116,0.8880419731140137,0.9209717512130737,-0.03292977809906006
Fighting,Fighting,7,2,opponents separating and reengaging in group fighting,56.208765216191544,49.29791509456587,0.7604575753211975,0.7475814819335938,0.01287609338760376
Fighting,Fighting,7,3,several combatants grappling and swinging simultaneously,55.26268088787194,48.49144291946621,0.8461210131645203,0.8577464818954468,-0.011625468730926514
Fighting,Fighting,7,4,two sides clashing back and forth in public,58.475682162613396,50.946332288112,0.8277906775474548,0.8182776570320129,0.009513020515441895
Fighting,RoadAccidents,8,0,a vehicle collision causing roadway impact and disruption,50.494478840484156,35.59287995566911,0.6786876916885376,0.675733208656311,0.0029544830322265625
Fighting,RoadAccidents,8,1,a car striking a pedestrian or cyclist on road,58.366878297900115,49.84030337032505,0.7341339588165283,0.7079707384109497,0.026163220405578613
Fighting,RoadAccidents,8,2,a motorbike sliding across a lane after collision,54.3000213325024,41.12601383215273,0.8072006702423096,0.7935952544212341,0.01360541582107544
Fighting,RoadAccidents,8,3,vehicles swerving before colliding in traffic,53.73600061763556,37.12838784751536,0.8226600289344788,0.8112470507621765,0.011412978172302246
Fighting,RoadAccidents,8,4,a crashed vehicle blocking lanes after impact,51.04507269545023,35.71943819181789,0.7857446670532227,0.7722972631454468,0.013447403907775879
Fighting,Robbery,9,0,a threatening person forcing a victim to surrender valuables,58.62587779543461,50.48944742002441,0.8983122706413269,0.9130950570106506,-0.01478278636932373
Fighting,Robbery,9,1,a victim handing belongings under close range intimidation,66.72597827696116,54.34364001944157,0.9188594222068787,0.94911789894104,-0.030258476734161377
Fighting,Robbery,9,2,an attacker cornering a victim and seizing items,57.357641428529924,48.17338382855279,0.7815381288528442,0.7454317808151245,0.03610634803771973
Fighting,Robbery,9,3,a person brandishing a weapon to demand property,60.50165642309147,49.57217233574267,0.8330597281455994,0.8104573488235474,0.022602379322052002
Fighting,Robbery,9,4,a robber confronting a victim before taking belongings,61.71840772720417,52.279794541307744,0.9329111576080322,0.9457690715789795,-0.012857913970947266
Fighting,Shooting,10,0,an armed person aiming and firing a firearm,56.699262298222365,47.09320831242214,0.7595152854919434,0.7401196360588074,0.019395649433135986
Fighting,Shooting,10,1,a visible muzzle flash from a discharged gun,57.24226303241695,49.55255118654451,0.7818936705589294,0.7520819902420044,0.02981168031692505
Fighting,Shooting,10,2,a shooter raising a gun before firing,58.009723824539186,53.64180501678759,0.8823912739753723,0.8884824514389038,-0.006091177463531494
Fighting,Shooting,10,3,a person firing a handgun in surveillance footage,58.64013804663959,50.33979713282788,0.7500102519989014,0.7025148868560791,0.047495365142822266
Fighting,Shooting,10,4,an armed shooter discharging a weapon toward people,57.98833344773173,48.460413439889045,0.7720113396644592,0.7242240309715271,0.04778730869293213
Fighting,Shoplifting,11,0,a shopper concealing merchandise inside clothing or bag,70.41197541634551,60.2112874475078,0.9059231877326965,0.8932399749755859,0.012683212757110596
Fighting,Shoplifting,11,1,a person hiding a retail item while browsing shelves,62.34428459664845,58.785279614111616,0.8276298642158508,0.8150792121887207,0.012550652027130127
Fighting,Shoplifting,11,2,store goods disappearing beneath a jacket while shopping,59.22008579531979,58.116879951483966,0.9479940533638,0.9342240691184998,0.013769984245300293
Fighting,Shoplifting,11,3,a shopper slipping merchandise into a bag in aisle,64.3347934271817,57.85442184719043,0.9202525019645691,0.8913118243217468,0.028940677642822266
Fighting,Shoplifting,11,4,a customer exiting retail space with concealed merchandise,57.21883547686593,51.10543763184251,0.7923668622970581,0.7879601120948792,0.004406750202178955
Fighting,Stealing,12,0,a person taking unattended property and leaving quickly,63.18499122450532,52.20039448615606,0.838140070438385,0.8206407427787781,0.017499327659606934
Fighting,Stealing,12,1,"a thief grabbing a bicycle, bag, phone, or object",60.24867586275388,49.57274915003313,0.7740339636802673,0.732373058795929,0.04166090488433838
Fighting,Stealing,12,2,a suspect carrying property while the owner is distracted,63.22054925348395,50.152064326554544,0.8111486434936523,0.7516036629676819,0.05954498052597046
Fighting,Stealing,12,3,a person pocketing an unattended item and changing direction,62.204645253680255,53.52361028063659,0.8540686964988708,0.8415144681930542,0.01255422830581665
Fighting,Stealing,12,4,a thief quietly removing property from public space,62.92238036465269,57.982380702183264,0.806733250617981,0.7926010489463806,0.014132201671600342
Fighting,Vandalism,13,0,a person smashing a window or door with force,58.46345909015199,47.29673812327907,0.7452899217605591,0.6888552904129028,0.05643463134765625
Fighting,Vandalism,13,1,a suspect spraying graffiti directly onto public property,64.4985085189375,56.38227396779432,0.8597109913825989,0.8609523177146912,-0.0012413263320922852
Fighting,Vandalism,13,2,a person breaking glass with repeated tool impacts,57.19725990199087,47.65078529941074,0.7483283877372742,0.7368173003196716,0.011511087417602539
Fighting,Vandalism,13,3,someone striking fixtures until visible damage appears,58.772647264005286,55.084622432072074,0.838710367679596,0.8358897566795349,0.002820611000061035
Fighting,Vandalism,13,4,a person deliberately damaging property with tools or kicks,66.59282086635889,59.22826393079777,0.8306282758712769,0.8065850138664246,0.024043262004852295
Normal,Normal,0,0,pedestrians walking calmly along an ordinary street,nan,nan,nan,0.7140434980392456,nan
Normal,Normal,0,1,people waiting and talking in a public area,nan,nan,nan,0.7368593811988831,nan
Normal,Normal,0,2,vehicles moving steadily through regular traffic,nan,nan,nan,0.8166163563728333,nan
Normal,Normal,0,3,customers standing calmly near store counters,nan,nan,nan,0.8428100347518921,nan
Normal,Normal,0,4,people entering and exiting buildings at normal pace,nan,nan,nan,0.7172409296035767,nan
Normal,Abuse,1,0,a vulnerable victim enduring repeated close range mistreatment,nan,nan,nan,0.012177981436252594,nan
Normal,Abuse,1,1,a stronger aggressor controlling a weaker victim indoors,nan,nan,nan,0.014971106313169003,nan
Normal,Abuse,1,2,a helpless person recoiling from sustained physical abuse,nan,nan,nan,0.01378572452813387,nan
Normal,Abuse,1,3,a defenseless victim shielding from repeated aggressive contact,nan,nan,nan,0.01503150537610054,nan
Normal,Abuse,1,4,an aggressor dragging or overpowering a vulnerable person,nan,nan,nan,0.016102125868201256,nan
Normal,Arrest,2,0,uniformed police placing handcuffs on a detained suspect,nan,nan,nan,0.016717566177248955,nan
Normal,Arrest,2,1,officers escorting a handcuffed person toward a patrol car,nan,nan,nan,0.014046814292669296,nan
Normal,Arrest,2,2,a handcuffed suspect standing between multiple police officers,nan,nan,nan,0.013380968943238258,nan
Normal,Arrest,2,3,law enforcement securing a suspect during formal custody,nan,nan,nan,0.017927732318639755,nan
Normal,Arrest,2,4,a detained person kneeling while officers apply restraints,nan,nan,nan,0.018948951736092567,nan
Normal,Arson,3,0,a person lighting flammable material before flames spread,nan,nan,nan,0.021571815013885498,nan
Normal,Arson,3,1,a person pouring accelerant before visible fire grows,nan,nan,nan,0.01992899365723133,nan
Normal,Arson,3,2,a lighter touching a surface before ignition begins,nan,nan,nan,0.029765862971544266,nan
Normal,Arson,3,3,small flames expanding after deliberate human ignition,nan,nan,nan,0.026158802211284637,nan
Normal,Arson,3,4,a person retreating as planted fire starts spreading,nan,nan,nan,0.01856253482401371,nan
Normal,Assault,4,0,a single attacker lunging with a direct strike,nan,nan,nan,0.01862083002924919,nan
Normal,Assault,4,1,a one-sided attack with punches and defensive movement,nan,nan,nan,0.016604214906692505,nan
Normal,Assault,4,2,an aggressor kicking a fallen victim on pavement,nan,nan,nan,0.01565701700747013,nan
Normal,Assault,4,3,a victim stumbling backward after a sudden hit,nan,nan,nan,0.014806777238845825,nan
Normal,Assault,4,4,an attacker chasing one target while striking repeatedly,nan,nan,nan,0.01921779103577137,nan
Normal,Burglary,5,0,an intruder forcing entry through a locked doorway,nan,nan,nan,0.012069107964634895,nan
Normal,Burglary,5,1,a person prying a lock before entering property,nan,nan,nan,0.01914128288626671,nan
Normal,Burglary,5,2,a masked intruder breaking into a closed building,nan,nan,nan,0.014028879813849926,nan
Normal,Burglary,5,3,a person climbing through a window into private space,nan,nan,nan,0.05414145439863205,nan
Normal,Burglary,5,4,an intruder entering rooms after damaging an entry point,nan,nan,nan,0.021627677604556084,nan
Normal,Explosion,6,0,an instant detonation expanding from a blast center,nan,nan,nan,0.017811959609389305,nan
Normal,Explosion,6,1,a shockwave pushing fragments outward within seconds,nan,nan,nan,0.01684468425810337,nan
Normal,Explosion,6,2,a structure bursting apart from explosive force,nan,nan,nan,0.0255802683532238,nan
Normal,Explosion,6,3,a concentrated blast throwing debris radially outward,nan,nan,nan,0.014519833028316498,nan
Normal,Explosion,6,4,a sudden pressure wave following a visible detonation,nan,nan,nan,0.024150468409061432,nan
Normal,Fighting,7,0,two groups mutually exchanging punches in a brawl,nan,nan,nan,0.012928785756230354,nan
Normal,Fighting,7,1,multiple participants striking each other during mutual combat,nan,nan,nan,0.022648846730589867,nan
Normal,Fighting,7,2,opponents separating and reengaging in group fighting,nan,nan,nan,0.016037294641137123,nan
Normal,Fighting,7,3,several combatants grappling and swinging simultaneously,nan,nan,nan,0.028763869777321815,nan
Normal,Fighting,7,4,two sides clashing back and forth in public,nan,nan,nan,0.0163122545927763,nan
Normal,RoadAccidents,8,0,a vehicle collision causing roadway impact and disruption,nan,nan,nan,0.05085204169154167,nan
Normal,RoadAccidents,8,1,a car striking a pedestrian or cyclist on road,nan,nan,nan,0.029052264988422394,nan
Normal,RoadAccidents,8,2,a motorbike sliding across a lane after collision,nan,nan,nan,0.04708914831280708,nan
Normal,RoadAccidents,8,3,vehicles swerving before colliding in traffic,nan,nan,nan,0.05895904451608658,nan
Normal,RoadAccidents,8,4,a crashed vehicle blocking lanes after impact,nan,nan,nan,0.0735262855887413,nan
Normal,Robbery,9,0,a threatening person forcing a victim to surrender valuables,nan,nan,nan,0.030946500599384308,nan
Normal,Robbery,9,1,a victim handing belongings under close range intimidation,nan,nan,nan,0.02182217687368393,nan
Normal,Robbery,9,2,an attacker cornering a victim and seizing items,nan,nan,nan,0.012706303037703037,nan
Normal,Robbery,9,3,a person brandishing a weapon to demand property,nan,nan,nan,0.013513362035155296,nan
Normal,Robbery,9,4,a robber confronting a victim before taking belongings,nan,nan,nan,0.04079543054103851,nan
Normal,Shooting,10,0,an armed person aiming and firing a firearm,nan,nan,nan,0.018841853365302086,nan
Normal,Shooting,10,1,a visible muzzle flash from a discharged gun,nan,nan,nan,0.014733489602804184,nan
Normal,Shooting,10,2,a shooter raising a gun before firing,nan,nan,nan,0.03490074723958969,nan
Normal,Shooting,10,3,a person firing a handgun in surveillance footage,nan,nan,nan,0.012660129927098751,nan
Normal,Shooting,10,4,an armed shooter discharging a weapon toward people,nan,nan,nan,0.011959302239120007,nan
Normal,Shoplifting,11,0,a shopper concealing merchandise inside clothing or bag,nan,nan,nan,0.020845824852585793,nan
Normal,Shoplifting,11,1,a person hiding a retail item while browsing shelves,nan,nan,nan,0.019978094846010208,nan
Normal,Shoplifting,11,2,store goods disappearing beneath a jacket while shopping,nan,nan,nan,0.1024751290678978,nan
Normal,Shoplifting,11,3,a shopper slipping merchandise into a bag in aisle,nan,nan,nan,0.04413915425539017,nan
Normal,Shoplifting,11,4,a customer exiting retail space with concealed merchandise,nan,nan,nan,0.027083590626716614,nan
Normal,Stealing,12,0,a person taking unattended property and leaving quickly,nan,nan,nan,0.03333830088376999,nan
Normal,Stealing,12,1,"a thief grabbing a bicycle, bag, phone, or object",nan,nan,nan,0.01532289944589138,nan
Normal,Stealing,12,2,a suspect carrying property while the owner is distracted,nan,nan,nan,0.015986116603016853,nan
Normal,Stealing,12,3,a person pocketing an unattended item and changing direction,nan,nan,nan,0.048574887216091156,nan
Normal,Stealing,12,4,a thief quietly removing property from public space,nan,nan,nan,0.04175318405032158,nan
Normal,Vandalism,13,0,a person smashing a window or door with force,nan,nan,nan,0.013386180624365807,nan
Normal,Vandalism,13,1,a suspect spraying graffiti directly onto public property,nan,nan,nan,0.05409499630331993,nan
Normal,Vandalism,13,2,a person breaking glass with repeated tool impacts,nan,nan,nan,0.02146725170314312,nan
Normal,Vandalism,13,3,someone striking fixtures until visible damage appears,nan,nan,nan,0.04451075196266174,nan
Normal,Vandalism,13,4,a person deliberately damaging property with tools or kicks,nan,nan,nan,0.018282094970345497,nan
RoadAccidents,Normal,0,0,pedestrians walking calmly along an ordinary street,42.22886418821318,6.83420807780403,0.7177777886390686,0.7572265267372131,-0.03944873809814453
RoadAccidents,Normal,0,1,people waiting and talking in a public area,43.350481309401275,6.983660284188635,0.6794406175613403,0.7195308208465576,-0.040090203285217285
RoadAccidents,Normal,0,2,vehicles moving steadily through regular traffic,41.617073031201485,6.771432904312216,0.8076819777488708,0.834175705909729,-0.026493728160858154
RoadAccidents,Normal,0,3,customers standing calmly near store counters,40.7127877779531,6.784411746566299,0.7771575450897217,0.8122245073318481,-0.035066962242126465
RoadAccidents,Normal,0,4,people entering and exiting buildings at normal pace,44.21111430720473,7.063275801410274,0.7139989137649536,0.7471503615379333,-0.033151447772979736
RoadAccidents,Abuse,1,0,a vulnerable victim enduring repeated close range mistreatment,52.976403253899385,8.746796115708982,0.4317028522491455,0.3923802971839905,0.03932255506515503
RoadAccidents,Abuse,1,1,a stronger aggressor controlling a weaker victim indoors,53.61922468864836,8.878918776662099,0.4696550965309143,0.42118918895721436,0.04846590757369995
RoadAccidents,Abuse,1,2,a helpless person recoiling from sustained physical abuse,52.95082950809271,8.643782656568918,0.4616892635822296,0.43284666538238525,0.02884259819984436
RoadAccidents,Abuse,1,3,a defenseless victim shielding from repeated aggressive contact,53.729854374494344,8.91259401293821,0.4403875172138214,0.3825409412384033,0.05784657597541809
RoadAccidents,Abuse,1,4,an aggressor dragging or overpowering a vulnerable person,52.93416010285412,8.730535204319862,0.5127544403076172,0.48535871505737305,0.02739572525024414
RoadAccidents,Arrest,2,0,uniformed police placing handcuffs on a detained suspect,52.910565099395924,8.619438458926727,0.5491530299186707,0.5190660357475281,0.030086994171142578
RoadAccidents,Arrest,2,1,officers escorting a handcuffed person toward a patrol car,51.22560602778885,8.172104124197771,0.43956443667411804,0.43170028924942017,0.007864147424697876
RoadAccidents,Arrest,2,2,a handcuffed suspect standing between multiple police officers,52.832764547967635,8.594833566185365,0.5006786584854126,0.4707200527191162,0.029958605766296387
RoadAccidents,Arrest,2,3,law enforcement securing a suspect during formal custody,53.30736290215244,8.6712925411881,0.5902911424636841,0.5638397336006165,0.026451408863067627
RoadAccidents,Arrest,2,4,a detained person kneeling while officers apply restraints,51.82360595025063,8.296050819488274,0.5776544213294983,0.5609298944473267,0.01672452688217163
RoadAccidents,Arson,3,0,a person lighting flammable material before flames spread,55.313088100823514,9.282618118882281,0.5867725610733032,0.5320793986320496,0.05469316244125366
RoadAccidents,Arson,3,1,a person pouring accelerant before visible fire grows,54.21854377267579,8.950116900385243,0.5365424156188965,0.4836798906326294,0.05286252498626709
RoadAccidents,Arson,3,2,a lighter touching a surface before ignition begins,53.13836031702676,8.66317482045153,0.6583543419837952,0.6380839943885803,0.020270347595214844
RoadAccidents,Arson,3,3,small flames expanding after deliberate human ignition,52.12602373917433,8.432839716201077,0.5772002935409546,0.5597572922706604,0.01744300127029419
RoadAccidents,Arson,3,4,a person retreating as planted fire starts spreading,53.870225157456645,8.919723254630634,0.5383212566375732,0.5023921132087708,0.03592914342880249
RoadAccidents,Assault,4,0,a single attacker lunging with a direct strike,53.203149138466635,8.80350481416157,0.5371080040931702,0.5055661201477051,0.03154188394546509
RoadAccidents,Assault,4,1,a one-sided attack with punches and defensive movement,54.401157706683335,9.05825428873742,0.5113749504089355,0.45533108711242676,0.05604386329650879
RoadAccidents,Assault,4,2,an aggressor kicking a fallen victim on pavement,53.208905479843985,8.813310379512325,0.5252189040184021,0.5011209845542908,0.024097919464111328
RoadAccidents,Assault,4,3,a victim stumbling backward after a sudden hit,53.43789993526177,8.825953400534143,0.4807552695274353,0.4335120618343353,0.047243207693099976
RoadAccidents,Assault,4,4,an attacker chasing one target while striking repeatedly,52.4348574502582,8.688345080698008,0.5041020512580872,0.4716440439224243,0.03245800733566284
RoadAccidents,Burglary,5,0,an intruder forcing entry through a locked doorway,52.95751525875495,8.645076002373667,0.43316683173179626,0.4035927951335907,0.029574036598205566
RoadAccidents,Burglary,5,1,a person prying a lock before entering property,52.82808752059856,8.476758274769194,0.5662913918495178,0.5369445085525513,0.029346883296966553
RoadAccidents,Burglary,5,2,a masked intruder breaking into a closed building,53.20770624205704,8.737739652094378,0.46151217818260193,0.42448756098747253,0.037024617195129395
RoadAccidents,Burglary,5,3,a person climbing through a window into private space,53.001317418923236,8.509160301114338,0.5512754917144775,0.49812471866607666,0.05315077304840088
RoadAccidents,Burglary,5,4,an intruder entering rooms after damaging an entry point,53.63091725707111,8.752084383641956,0.43223080039024353,0.38026362657546997,0.05196717381477356
RoadAccidents,Explosion,6,0,an instant detonation expanding from a blast center,52.938027644717046,8.651809096253118,0.5264155864715576,0.49516135454177856,0.03125423192977905
RoadAccidents,Explosion,6,1,a shockwave pushing fragments outward within seconds,53.515130848741244,8.850401713545514,0.5311844348907471,0.4922361969947815,0.038948237895965576
RoadAccidents,Explosion,6,2,a structure bursting apart from explosive force,51.87844109805885,8.409876004330222,0.5739562511444092,0.5674746632575989,0.006481587886810303
RoadAccidents,Explosion,6,3,a concentrated blast throwing debris radially outward,53.06616620225246,8.68351777787209,0.4989091157913208,0.4646056592464447,0.0343034565448761
RoadAccidents,Explosion,6,4,a sudden pressure wave following a visible detonation,53.05465351949776,8.764982911625346,0.5915639996528625,0.5795174241065979,0.012046575546264648
RoadAccidents,Fighting,7,0,two groups mutually exchanging punches in a brawl,52.69794023976998,8.583470075250347,0.5004919171333313,0.48457449674606323,0.015917420387268066
RoadAccidents,Fighting,7,1,multiple participants striking each other during mutual combat,52.59747409416838,8.631449687858565,0.53074711561203,0.5032580494880676,0.027489066123962402
RoadAccidents,Fighting,7,2,opponents separating and reengaging in group fighting,52.31130597725784,8.595659365769254,0.49293649196624756,0.47023430466651917,0.022702187299728394
RoadAccidents,Fighting,7,3,several combatants grappling and swinging simultaneously,52.610006129042,8.562669422323328,0.6423730254173279,0.6318707466125488,0.010502278804779053
RoadAccidents,Fighting,7,4,two sides clashing back and forth in public,53.802857974774824,8.923229896599643,0.539451539516449,0.5091908574104309,0.030260682106018066
RoadAccidents,RoadAccidents,8,0,a vehicle collision causing roadway impact and disruption,51.84198426933562,8.382269197995566,0.856921374797821,0.7955260276794434,0.061395347118377686
RoadAccidents,RoadAccidents,8,1,a car striking a pedestrian or cyclist on road,51.62486226800862,8.230764799055226,0.7447789907455444,0.7011777758598328,0.04360121488571167
RoadAccidents,RoadAccidents,8,2,a motorbike sliding across a lane after collision,51.64992633775584,8.319767665561953,0.8553618788719177,0.7926413416862488,0.06272053718566895
RoadAccidents,RoadAccidents,8,3,vehicles swerving before colliding in traffic,52.18550593340696,8.563983032298825,0.8784209489822388,0.8160605430603027,0.062360405921936035
RoadAccidents,RoadAccidents,8,4,a crashed vehicle blocking lanes after impact,51.62869982892686,8.402175419426221,0.9096291661262512,0.8608735203742981,0.048755645751953125
RoadAccidents,Robbery,9,0,a threatening person forcing a victim to surrender valuables,50.787224654769894,8.01223604077052,0.42907464504241943,0.3949287533760071,0.034145891666412354
RoadAccidents,Robbery,9,1,a victim handing belongings under close range intimidation,52.53295510123057,8.361434844413482,0.5326939821243286,0.49364355206489563,0.03905043005943298
RoadAccidents,Robbery,9,2,an attacker cornering a victim and seizing items,53.080557055695856,8.725024735445366,0.47841063141822815,0.44797825813293457,0.03043237328529358
RoadAccidents,Robbery,9,3,a person brandishing a weapon to demand property,52.6786624923448,8.587382484212903,0.4346243441104889,0.4015253484249115,0.03309899568557739
RoadAccidents,Robbery,9,4,a robber confronting a victim before taking belongings,51.0469795594229,8.050797554759658,0.485809326171875,0.45100879669189453,0.03480052947998047
RoadAccidents,Shooting,10,0,an armed person aiming and firing a firearm,52.62121900234996,8.534901986814642,0.5794256925582886,0.5562331676483154,0.023192524909973145
RoadAccidents,Shooting,10,1,a visible muzzle flash from a discharged gun,52.59144792428896,8.570460813743374,0.48571720719337463,0.458089679479599,0.027627527713775635
RoadAccidents,Shooting,10,2,a shooter raising a gun before firing,51.30310676977038,8.251449945043921,0.5730530023574829,0.563998281955719,0.009054720401763916
RoadAccidents,Shooting,10,3,a person firing a handgun in surveillance footage,53.02008549028897,8.691042038876517,0.48609215021133423,0.4557684659957886,0.030323684215545654
RoadAccidents,Shooting,10,4,an armed shooter discharging a weapon toward people,52.632461856602596,8.604865264667511,0.41614601016044617,0.38625743985176086,0.029888570308685303
RoadAccidents,Shoplifting,11,0,a shopper concealing merchandise inside clothing or bag,50.575319337816126,7.973816295648622,0.4606490433216095,0.4427717626094818,0.017877280712127686
RoadAccidents,Shoplifting,11,1,a person hiding a retail item while browsing shelves,51.42899675645529,8.142606300332792,0.48854705691337585,0.47405850887298584,0.014488548040390015
RoadAccidents,Shoplifting,11,2,store goods disappearing beneath a jacket while shopping,49.38501587238056,7.782232266874373,0.5034545660018921,0.511651873588562,-0.008197307586669922
RoadAccidents,Shoplifting,11,3,a shopper slipping merchandise into a bag in aisle,50.58830108685983,7.924990671308377,0.5173283815383911,0.5034170150756836,0.01391136646270752
RoadAccidents,Shoplifting,11,4,a customer exiting retail space with concealed merchandise,50.28849164012276,7.994745997852037,0.4971298277378082,0.5035538673400879,-0.006424039602279663
RoadAccidents,Stealing,12,0,a person taking unattended property and leaving quickly,52.87677657474866,9.070237787397021,0.6955022811889648,0.6449049115180969,0.05059736967086792
RoadAccidents,Stealing,12,1,"a thief grabbing a bicycle, bag, phone, or object",51.85145824785251,8.345155517606587,0.47589385509490967,0.45953434705734253,0.01635950803756714
RoadAccidents,Stealing,12,2,a suspect carrying property while the owner is distracted,52.61942014566954,8.556473441983734,0.5613465309143066,0.5324810743331909,0.028865456581115723
RoadAccidents,Stealing,12,3,a person pocketing an unattended item and changing direction,52.29406693407046,8.701016937542407,0.714409589767456,0.6631737947463989,0.05123579502105713
RoadAccidents,Stealing,12,4,a thief quietly removing property from public space,49.19877424406749,7.64441166616729,0.6630219221115112,0.6360939145088196,0.02692800760269165
RoadAccidents,Vandalism,13,0,a person smashing a window or door with force,53.23298017841698,8.709880380150631,0.4712296426296234,0.4339660704135895,0.037263572216033936
RoadAccidents,Vandalism,13,1,a suspect spraying graffiti directly onto public property,51.07636088520313,8.091763687856773,0.7496440410614014,0.7003070116043091,0.049337029457092285
RoadAccidents,Vandalism,13,2,a person breaking glass with repeated tool impacts,53.22722383703962,8.673929239879637,0.5740421414375305,0.5479732155799866,0.026068925857543945
RoadAccidents,Vandalism,13,3,someone striking fixtures until visible damage appears,51.92449182907767,8.371781847287371,0.6025091409683228,0.592759907245636,0.009749233722686768
RoadAccidents,Vandalism,13,4,a person deliberately damaging property with tools or kicks,52.35432863286461,8.350573294563423,0.5936909317970276,0.5606199502944946,0.03307098150253296
Robbery,Normal,0,0,pedestrians walking calmly along an ordinary street,37.655187961317914,37.02961763355831,0.6889595985412598,0.7517136335372925,-0.06275403499603271
Robbery,Normal,0,1,people waiting and talking in a public area,34.174594998055156,35.495811361635496,0.7186645269393921,0.781707227230072,-0.06304270029067993
Robbery,Normal,0,2,vehicles moving steadily through regular traffic,37.20804759218181,37.202660819524326,0.7340505123138428,0.8029025197029114,-0.0688520073890686
Robbery,Normal,0,3,customers standing calmly near store counters,40.22935217209999,38.1978781477458,0.7745670676231384,0.8165555596351624,-0.041988492012023926
Robbery,Normal,0,4,people entering and exiting buildings at normal pace,36.535514836346394,36.57150999823947,0.7218406796455383,0.7750046849250793,-0.053164005279541016
Robbery,Abuse,1,0,a vulnerable victim enduring repeated close range mistreatment,73.82823642371807,79.40084571111774,0.7147465944290161,0.49701783061027527,0.21772876381874084
Robbery,Abuse,1,1,a stronger aggressor controlling a weaker victim indoors,68.21688176828364,67.95326538000914,0.6283190250396729,0.4061505198478699,0.22216850519180298
Robbery,Abuse,1,2,a helpless person recoiling from sustained physical abuse,69.96628926057141,71.38673981630063,0.6544386148452759,0.43277114629745483,0.22166746854782104
Robbery,Abuse,1,3,a defenseless victim shielding from repeated aggressive contact,72.7133290581668,75.70420744548973,0.7251180410385132,0.521906316280365,0.2032117247581482
Robbery,Abuse,1,4,an aggressor dragging or overpowering a vulnerable person,69.5948403645806,70.00920855004654,0.7140222787857056,0.5420438051223755,0.17197847366333008
Robbery,Arrest,2,0,uniformed police placing handcuffs on a detained suspect,70.45267706022727,71.49074053277597,0.7366580963134766,0.5957694053649902,0.14088869094848633
Robbery,Arrest,2,1,officers escorting a handcuffed person toward a patrol car,71.38190670091473,74.75317263543889,0.7066047191619873,0.534098207950592,0.17250651121139526
Robbery,Arrest,2,2,a handcuffed suspect standing between multiple police officers,69.69342617219576,69.58490022268063,0.6984640955924988,0.4737820029258728,0.22468209266662598
Robbery,Arrest,2,3,law enforcement securing a suspect during formal custody,69.88031869848044,70.69614845075476,0.6522637605667114,0.44257527589797974,0.2096884846687317
Robbery,Arrest,2,4,a detained person kneeling while officers apply restraints,69.84051059038181,70.30212759708661,0.7118014097213745,0.5348708033561707,0.17693060636520386
Robbery,Arson,3,0,a person lighting flammable material before flames spread,67.59808061375506,64.49074055663631,0.7082639932632446,0.6139470934867859,0.09431689977645874
Robbery,Arson,3,1,a person pouring accelerant before visible fire grows,68.44320861761439,67.7131851595179,0.6720353364944458,0.5264315605163574,0.14560377597808838
Robbery,Arson,3,2,a lighter touching a surface before ignition begins,62.522453384915664,63.02388943122572,0.5330774784088135,0.44588592648506165,0.08719155192375183
Robbery,Arson,3,3,small flames expanding after deliberate human ignition,65.01148804997507,64.95930623062551,0.5162840485572815,0.38544324040412903,0.13084080815315247
Robbery,Arson,3,4,a person retreating as planted fire starts spreading,65.97043360234176,65.90784510986057,0.5533592700958252,0.39613866806030273,0.15722060203552246
Robbery,Assault,4,0,a single attacker lunging with a direct strike,67.84057366660943,67.03419549939933,0.6629716157913208,0.4684585928916931,0.19451302289962769
Robbery,Assault,4,1,a one-sided attack with punches and defensive movement,72.99665812801437,76.24004109712345,0.7383940815925598,0.5933195948600769,0.1450744867324829
Robbery,Assault,4,2,an aggressor kicking a fallen victim on pavement,68.97052588052661,69.5276563481038,0.5822449922561646,0.368919312953949,0.21332567930221558
Robbery,Assault,4,3,a victim stumbling backward after a sudden hit,72.6224058441293,74.93002435381189,0.7054394483566284,0.49349576234817505,0.21194368600845337
Robbery,Assault,4,4,an attacker chasing one target while striking repeatedly,70.03076718213961,70.8369339009135,0.6911671161651611,0.481990784406662,0.20917633175849915
Robbery,Burglary,5,0,an intruder forcing entry through a locked doorway,67.0803883159465,67.39656913117058,0.5710278749465942,0.37808898091316223,0.192938894033432
Robbery,Burglary,5,1,a person prying a lock before entering property,67.17280667019425,65.01721307623333,0.7279919981956482,0.6613288521766663,0.06666314601898193
Robbery,Burglary,5,2,a masked intruder breaking into a closed building,71.741861706539,73.32960209635422,0.6810020208358765,0.47802701592445374,0.20297500491142273
Robbery,Burglary,5,3,a person climbing through a window into private space,66.00818589265127,64.64708447510216,0.7763192653656006,0.8006260395050049,-0.024306774139404297
Robbery,Burglary,5,4,an intruder entering rooms after damaging an entry point,73.54247775102878,79.46680134046105,0.7527101635932922,0.6963313817977905,0.05637878179550171
Robbery,Explosion,6,0,an instant detonation expanding from a blast center,68.66467626126173,69.20877539291699,0.5549816489219666,0.3647918403148651,0.19018980860710144
Robbery,Explosion,6,1,a shockwave pushing fragments outward within seconds,68.81185412571091,68.60713797616276,0.6026464700698853,0.39625754952430725,0.206388920545578
Robbery,Explosion,6,2,a structure bursting apart from explosive force,70.06225857281858,75.19495902994218,0.5597367882728577,0.39425167441368103,0.16548511385917664
Robbery,Explosion,6,3,a concentrated blast throwing debris radially outward,67.07337984621083,66.41025069680535,0.5113053321838379,0.322939932346344,0.1883653998374939
Robbery,Explosion,6,4,a sudden pressure wave following a visible detonation,71.90511232824869,75.9167170654063,0.6126835346221924,0.430822491645813,0.1818610429763794
Robbery,Fighting,7,0,two groups mutually exchanging punches in a brawl,69.67707307614586,69.7353395310824,0.6207291483879089,0.3837684392929077,0.23696070909500122
Robbery,Fighting,7,1,multiple participants striking each other during mutual combat,74.65346037352808,79.6810000935653,0.751426637172699,0.6595454812049866,0.0918811559677124
Robbery,Fighting,7,2,opponents separating and reengaging in group fighting,69.40878885466421,69.92286204044393,0.6231220960617065,0.3986259698867798,0.22449612617492676
Robbery,Fighting,7,3,several combatants grappling and swinging simultaneously,72.20937336104015,76.71914785768908,0.7111498117446899,0.5277535915374756,0.18339622020721436
Robbery,Fighting,7,4,two sides clashing back and forth in public,72.34589835149112,75.13580198933438,0.6977072358131409,0.5012710690498352,0.19643616676330566
Robbery,RoadAccidents,8,0,a vehicle collision causing roadway impact and disruption,52.786661013167745,47.52391895003388,0.5800326466560364,0.57024747133255,0.009785175323486328
Robbery,RoadAccidents,8,1,a car striking a pedestrian or cyclist on road,56.49283325565613,55.43486967023706,0.5901709198951721,0.5442349910736084,0.04593592882156372
Robbery,RoadAccidents,8,2,a motorbike sliding across a lane after collision,59.08045372833068,54.19334200564302,0.6584596037864685,0.6343749165534973,0.02408468723297119
Robbery,RoadAccidents,8,3,vehicles swerving before colliding in traffic,52.22430140157714,46.415517231787916,0.7086946368217468,0.7291670441627502,-0.020472407341003418
Robbery,RoadAccidents,8,4,a crashed vehicle blocking lanes after impact,55.86777120149701,51.243697981676604,0.650288462638855,0.6458432078361511,0.004445254802703857
Robbery,Robbery,9,0,a threatening person forcing a victim to surrender valuables,74.92735137079829,81.84847622456678,0.7603169083595276,0.7551479339599609,0.00516897439956665
Robbery,Robbery,9,1,a victim handing belongings under close range intimidation,75.91591938858112,81.8576292492045,0.7611246109008789,0.7686794996261597,-0.007554888725280762
Robbery,Robbery,9,2,an attacker cornering a victim and seizing items,72.12190765873892,74.19495181417383,0.6802529096603394,0.4437130391597748,0.23653987050056458
Robbery,Robbery,9,3,a person brandishing a weapon to demand property,71.89240363646132,73.81699162239495,0.724684476852417,0.5701344013214111,0.15455007553100586
Robbery,Robbery,9,4,a robber confronting a victim before taking belongings,73.56182112749924,79.96094701881016,0.7635165452957153,0.7833645343780518,-0.019847989082336426
Robbery,Shooting,10,0,an armed person aiming and firing a firearm,68.4673177535051,67.91273149634203,0.6203614473342896,0.4289471209049225,0.19141432642936707
Robbery,Shooting,10,1,a visible muzzle flash from a discharged gun,70.95289490682825,72.01243751121764,0.6675252318382263,0.41960617899894714,0.24791905283927917
Robbery,Shooting,10,2,a shooter raising a gun before firing,72.60502483918484,76.35974735914954,0.7347687482833862,0.6301165223121643,0.10465222597122192
Robbery,Shooting,10,3,a person firing a handgun in surveillance footage,69.82985771638359,69.83259816356413,0.6205545663833618,0.38797688484191895,0.23257768154144287
Robbery,Shooting,10,4,an armed shooter discharging a weapon toward people,71.91034531898465,74.47881622060032,0.6556981801986694,0.41437074542045593,0.2413274347782135
Robbery,Shoplifting,11,0,a shopper concealing merchandise inside clothing or bag,77.1160497461182,83.81134215086942,0.763189435005188,0.7367597818374634,0.02642965316772461
Robbery,Shoplifting,11,1,a person hiding a retail item while browsing shelves,75.338141143572,81.78491365235458,0.7194474339485168,0.6138966679573059,0.10555076599121094
Robbery,Shoplifting,11,2,store goods disappearing beneath a jacket while shopping,73.4842607290911,78.96388260623525,0.7850462794303894,0.7587740421295166,0.026272237300872803
Robbery,Shoplifting,11,3,a shopper slipping merchandise into a bag in aisle,76.17990508195822,82.50059547082797,0.7599821090698242,0.7333305478096008,0.02665156126022339
Robbery,Shoplifting,11,4,a customer exiting retail space with concealed merchandise,74.0401725485249,80.02169388777045,0.6835918426513672,0.504744827747345,0.17884701490402222
Robbery,Stealing,12,0,a person taking unattended property and leaving quickly,57.54457094732317,49.49469091050411,0.758556067943573,0.7937688231468201,-0.03521275520324707
Robbery,Stealing,12,1,"a thief grabbing a bicycle, bag, phone, or object",67.90878943870334,68.69023164634642,0.6668325066566467,0.511745274066925,0.15508723258972168
Robbery,Stealing,12,2,a suspect carrying property while the owner is distracted,66.00201843928389,64.55005147117627,0.6939396858215332,0.5560867190361023,0.1378529667854309
Robbery,Stealing,12,3,a person pocketing an unattended item and changing direction,52.09749482249298,46.15186079822873,0.7825267314910889,0.8198012113571167,-0.03727447986602783
Robbery,Stealing,12,4,a thief quietly removing property from public space,70.47061874275062,73.61876942066954,0.710408091545105,0.6529616713523865,0.057446420192718506
Robbery,Vandalism,13,0,a person smashing a window or door with force,67.30447245496183,66.99990490968071,0.5779933929443359,0.37687593698501587,0.20111745595932007
Robbery,Vandalism,13,1,a suspect spraying graffiti directly onto public property,71.91557830972064,74.63824936710124,0.7614416480064392,0.7610434293746948,0.00039821863174438477
Robbery,Vandalism,13,2,a person breaking glass with repeated tool impacts,65.90352607793186,65.36067840554365,0.5793564319610596,0.4373267889022827,0.14202964305877686
Robbery,Vandalism,13,3,someone striking fixtures until visible damage appears,71.38265427101985,76.13120644389333,0.7078903913497925,0.5880172848701477,0.11987310647964478
Robbery,Vandalism,13,4,a person deliberately damaging property with tools or kicks,69.94189978589124,69.42245192280969,0.7465546727180481,0.7053467035293579,0.041207969188690186
Shooting,Normal,0,0,pedestrians walking calmly along an ordinary street,49.11026809681669,11.687695512302582,0.6097797751426697,0.6229602694511414,-0.01318049430847168
Shooting,Normal,0,1,people waiting and talking in a public area,49.772626611247176,11.810017262221589,0.634978175163269,0.6386702656745911,-0.0036920905113220215
Shooting,Normal,0,2,vehicles moving steadily through regular traffic,45.25326008713451,11.061086948681512,0.6600279211997986,0.702872097492218,-0.042844176292419434
Shooting,Normal,0,3,customers standing calmly near store counters,46.024802158424784,11.262957322694403,0.6589279770851135,0.6961020231246948,-0.0371740460395813
Shooting,Normal,0,4,people entering and exiting buildings at normal pace,48.67644903897998,11.52373412255336,0.6376928091049194,0.6512614488601685,-0.013568639755249023
Shooting,Abuse,1,0,a vulnerable victim enduring repeated close range mistreatment,59.381515172469925,14.177954290745332,0.771523654460907,0.5730178952217102,0.19850575923919678
Shooting,Abuse,1,1,a stronger aggressor controlling a weaker victim indoors,58.67098993801383,14.14357361741172,0.7390634417533875,0.5717556476593018,0.1673077940940857
Shooting,Abuse,1,2,a helpless person recoiling from sustained physical abuse,60.39411224917443,14.897170393788755,0.7275950312614441,0.5595763921737671,0.168018639087677
Shooting,Abuse,1,3,a defenseless victim shielding from repeated aggressive contact,59.22192378207585,14.207104447633034,0.8006413578987122,0.593361496925354,0.20727986097335815
Shooting,Abuse,1,4,an aggressor dragging or overpowering a vulnerable person,61.298110032969014,15.338338672212393,0.8132420778274536,0.613501787185669,0.19974029064178467
Shooting,Arrest,2,0,uniformed police placing handcuffs on a detained suspect,63.323472700401474,16.544174519907184,0.8262048959732056,0.6174551248550415,0.20874977111816406
Shooting,Arrest,2,1,officers escorting a handcuffed person toward a patrol car,60.69933419663457,15.096787853722764,0.7037959098815918,0.5311235785484314,0.1726723313331604
Shooting,Arrest,2,2,a handcuffed suspect standing between multiple police officers,60.00400105490393,14.786075475687477,0.7543972134590149,0.5756180286407471,0.17877918481826782
Shooting,Arrest,2,3,law enforcement securing a suspect during formal custody,58.35848006654767,18.296928569294842,0.7208991646766663,0.5796170234680176,0.14128214120864868
Shooting,Arrest,2,4,a detained person kneeling while officers apply restraints,59.46162944527329,15.0561612568955,0.7889648675918579,0.6099629998207092,0.17900186777114868
Shooting,Arson,3,0,a person lighting flammable material before flames spread,59.97617779059742,16.619278401709494,0.8436819314956665,0.6448936462402344,0.19878828525543213
Shooting,Arson,3,1,a person pouring accelerant before visible fire grows,58.24904189360869,15.997546530918228,0.7859932780265808,0.6194697618484497,0.1665235161781311
Shooting,Arson,3,2,a lighter touching a surface before ignition begins,54.8929436636171,13.38789496147587,0.7170627117156982,0.6126328110694885,0.10442990064620972
Shooting,Arson,3,3,small flames expanding after deliberate human ignition,53.88417197824739,12.808723862952359,0.6338129043579102,0.5559500455856323,0.07786285877227783
Shooting,Arson,3,4,a person retreating as planted fire starts spreading,56.52855553538393,13.726950034979124,0.6995182633399963,0.5786648392677307,0.12085342407226562
Shooting,Assault,4,0,a single attacker lunging with a direct strike,57.74439282463906,14.092744050204086,0.7670359015464783,0.6020501852035522,0.16498571634292603
Shooting,Assault,4,1,a one-sided attack with punches and defensive movement,59.710097837689105,14.710857811249479,0.8350064158439636,0.6170446872711182,0.21796172857284546
Shooting,Assault,4,2,an aggressor kicking a fallen victim on pavement,57.2736310647607,13.69698466691104,0.6751223206520081,0.547688364982605,0.12743395566940308
Shooting,Assault,4,3,a victim stumbling backward after a sudden hit,57.487728746543574,13.896279987323046,0.7617271542549133,0.5829228162765503,0.17880433797836304
Shooting,Assault,4,4,an attacker chasing one target while striking repeatedly,56.43770064613827,13.345631247219705,0.7330473065376282,0.5842772126197815,0.14877009391784668
Shooting,Burglary,5,0,an intruder forcing entry through a locked doorway,59.591377863138405,14.485669981444795,0.6816747784614563,0.527800977230072,0.15387380123138428
Shooting,Burglary,5,1,a person prying a lock before entering property,67.16661212895828,24.972246820139507,0.8453183770179749,0.6329126954078674,0.21240568161010742
Shooting,Burglary,5,2,a masked intruder breaking into a closed building,60.75137919925779,15.015833851554389,0.7614858150482178,0.5763069987297058,0.18517881631851196
Shooting,Burglary,5,3,a person climbing through a window into private space,68.94143872460715,24.24567483510181,0.8805890679359436,0.666842520236969,0.2137465476989746
Shooting,Burglary,5,4,an intruder entering rooms after damaging an entry point,66.68408390814463,19.229523904266273,0.8547075986862183,0.6197226643562317,0.23498493432998657
Shooting,Explosion,6,0,an instant detonation expanding from a blast center,56.675330019762335,13.542366409563467,0.6557285189628601,0.5450620651245117,0.11066645383834839
Shooting,Explosion,6,1,a shockwave pushing fragments outward within seconds,56.88134517856741,13.937460412006564,0.740608274936676,0.5907981395721436,0.14981013536453247
Shooting,Explosion,6,2,a structure bursting apart from explosive force,53.38872844906866,12.584222507879018,0.6270681619644165,0.5555963516235352,0.07147181034088135
Shooting,Explosion,6,3,a concentrated blast throwing debris radially outward,57.932186328385015,14.309169974276175,0.6416566371917725,0.526202917098999,0.11545372009277344
Shooting,Explosion,6,4,a sudden pressure wave following a visible detonation,53.40705588665341,12.593614575367344,0.7155709862709045,0.6072060465812683,0.10836493968963623
Shooting,Fighting,7,0,two groups mutually exchanging punches in a brawl,57.398228119632186,13.769966092807726,0.6768813729286194,0.5402917861938477,0.13658958673477173
Shooting,Fighting,7,1,multiple participants striking each other during mutual combat,58.71210612970144,13.89029409696128,0.8591671586036682,0.6406629681587219,0.2185041904449463
Shooting,Fighting,7,2,opponents separating and reengaging in group fighting,56.17191836033702,13.225819698850302,0.6658200025558472,0.5447171926498413,0.12110280990600586
Shooting,Fighting,7,3,several combatants grappling and swinging simultaneously,56.388155063191036,13.247972034122867,0.8108729720115662,0.6462418437004089,0.16463112831115723
Shooting,Fighting,7,4,two sides clashing back and forth in public,56.59169786296619,13.823957970268664,0.7752891182899475,0.6044436097145081,0.17084550857543945
Shooting,RoadAccidents,8,0,a vehicle collision causing roadway impact and disruption,58.849547151234695,15.323257289141651,0.7923901081085205,0.634264349937439,0.15812575817108154
Shooting,RoadAccidents,8,1,a car striking a pedestrian or cyclist on road,60.793943135511675,17.872031116296238,0.788379430770874,0.6179543137550354,0.17042511701583862
Shooting,RoadAccidents,8,2,a motorbike sliding across a lane after collision,58.508619911277215,14.770494495191,0.823821485042572,0.6710033416748047,0.15281814336776733
Shooting,RoadAccidents,8,3,vehicles swerving before colliding in traffic,59.94244546520653,15.190650554216568,0.8466951251029968,0.6879803538322449,0.15871477127075195
Shooting,RoadAccidents,8,4,a crashed vehicle blocking lanes after impact,56.567034544106335,14.1717057794299,0.8073261976242065,0.701574981212616,0.10575121641159058
Shooting,Robbery,9,0,a threatening person forcing a victim to surrender valuables,67.28615868324434,17.85266260233385,0.8581846952438354,0.6053860187530518,0.2527986764907837
Shooting,Robbery,9,1,a victim handing belongings under close range intimidation,64.21602506092586,16.34197758999669,0.8944482803344727,0.6538605093955994,0.2405877709388733
Shooting,Robbery,9,2,an attacker cornering a victim and seizing items,59.41631762341104,14.561892660848534,0.7098230123519897,0.552842378616333,0.15698063373565674
Shooting,Robbery,9,3,a person brandishing a weapon to demand property,60.97425806069956,14.979598111261705,0.7835679054260254,0.580281138420105,0.2032867670059204
Shooting,Robbery,9,4,a robber confronting a victim before taking belongings,66.79151221309613,17.29761326273162,0.8842898011207581,0.6328544616699219,0.2514353394508362
Shooting,Shooting,10,0,an armed person aiming and firing a firearm,57.40715813284463,14.104673957947561,0.7160815000534058,0.5824014544487,0.1336800456047058
Shooting,Shooting,10,1,a visible muzzle flash from a discharged gun,57.082664085245035,13.601836907359093,0.7025225162506104,0.5592955350875854,0.1432269811630249
Shooting,Shooting,10,2,a shooter raising a gun before firing,54.120477840271384,12.542077868453152,0.7963430881500244,0.635489821434021,0.16085326671600342
Shooting,Shooting,10,3,a person firing a handgun in surveillance footage,59.44278539535392,14.639287128698115,0.6857031583786011,0.5359169244766235,0.14978623390197754
Shooting,Shooting,10,4,an armed shooter discharging a weapon toward people,58.47094411173217,14.104365290902809,0.6636449098587036,0.5198690891265869,0.1437758207321167
Shooting,Shoplifting,11,0,a shopper concealing merchandise inside clothing or bag,66.70120591694864,18.289839239270496,0.8382166028022766,0.6010183691978455,0.23719823360443115
Shooting,Shoplifting,11,1,a person hiding a retail item while browsing shelves,61.0189450276428,15.280992490574643,0.7577184438705444,0.5698685050010681,0.18784993886947632
Shooting,Shoplifting,11,2,store goods disappearing beneath a jacket while shopping,58.40420763833632,13.7616366620281,0.8038650751113892,0.6264791488647461,0.17738592624664307
Shooting,Shoplifting,11,3,a shopper slipping merchandise into a bag in aisle,63.75185871851927,16.810872379421205,0.8057137131690979,0.6021291017532349,0.20358461141586304
Shooting,Shoplifting,11,4,a customer exiting retail space with concealed merchandise,56.15983209176603,13.140818668072754,0.6795381307601929,0.5410624146461487,0.1384757161140442
Shooting,Stealing,12,0,a person taking unattended property and leaving quickly,71.92674706164242,25.747056570996442,0.8703581690788269,0.664921760559082,0.20543640851974487
Shooting,Stealing,12,1,"a thief grabbing a bicycle, bag, phone, or object",64.7606181035953,17.955979462074247,0.732749342918396,0.5464054942131042,0.18634384870529175
Shooting,Stealing,12,2,a suspect carrying property while the owner is distracted,64.6060378528469,20.071770127633005,0.8179661631584167,0.6155927777290344,0.20237338542938232
Shooting,Stealing,12,3,a person pocketing an unattended item and changing direction,72.46409523133374,28.87651404925161,0.8743220567703247,0.669051468372345,0.20527058839797974
Shooting,Stealing,12,4,a thief quietly removing property from public space,63.28965058286672,17.59357460495429,0.7988752126693726,0.6250485777854919,0.17382663488388062
Shooting,Vandalism,13,0,a person smashing a window or door with force,61.36141472442787,15.487381596140168,0.7136233448982239,0.5450371503829956,0.16858619451522827
Shooting,Vandalism,13,1,a suspect spraying graffiti directly onto public property,65.91973873868713,21.843094398597255,0.8717502355575562,0.6903249621391296,0.1814252734184265
Shooting,Vandalism,13,2,a person breaking glass with repeated tool impacts,57.83828096630646,14.07360764574696,0.7024276256561279,0.5679782032966614,0.13444942235946655
Shooting,Vandalism,13,3,someone striking fixtures until visible damage appears,54.8664808117917,12.862116263066437,0.7464368939399719,0.6232516765594482,0.12318521738052368
Shooting,Vandalism,13,4,a person deliberately damaging property with tools or kicks,71.03455632975226,28.27008068567174,0.8580946922302246,0.6408106088638306,0.21728408336639404
Shoplifting,Normal,0,0,pedestrians walking calmly along an ordinary street,33.498465432315086,6.928692351452294,0.7053294777870178,0.7842756509780884,-0.07894617319107056
Shoplifting,Normal,0,1,people waiting and talking in a public area,31.256636878686994,6.680456021659237,0.7345885634422302,0.8224584460258484,-0.08786988258361816
Shoplifting,Normal,0,2,vehicles moving steadily through regular traffic,31.405939684208473,6.7255170708425185,0.7497951984405518,0.8331778049468994,-0.08338260650634766
Shoplifting,Normal,0,3,customers standing calmly near store counters,30.868992854778732,6.6784232155553696,0.7912274599075317,0.873253345489502,-0.08202588558197021
Shoplifting,Normal,0,4,people entering and exiting buildings at normal pace,31.894527967603135,6.724530360108832,0.7103187441825867,0.798682451248169,-0.08836370706558228
Shoplifting,Abuse,1,0,a vulnerable victim enduring repeated close range mistreatment,61.032732511730224,28.568527100475055,0.5719364285469055,0.4755861759185791,0.09635025262832642
Shoplifting,Abuse,1,1,a stronger aggressor controlling a weaker victim indoors,61.244483382979965,36.766498675838804,0.47310733795166016,0.31307369470596313,0.16003364324569702
Shoplifting,Abuse,1,2,a helpless person recoiling from sustained physical abuse,61.03248330510289,25.87706147636065,0.4950869679450989,0.3677264451980591,0.1273605227470398
Shoplifting,Abuse,1,3,a defenseless victim shielding from repeated aggressive contact,61.32697077662909,33.53000184451814,0.5832883715629578,0.4840879738330841,0.09920039772987366
Shoplifting,Abuse,1,4,an aggressor dragging or overpowering a vulnerable person,61.087695033389785,33.722865565505224,0.555677592754364,0.4490944743156433,0.1065831184387207
Shoplifting,Arrest,2,0,uniformed police placing handcuffs on a detained suspect,57.7108268598018,13.048608207135896,0.5679636597633362,0.5040867924690247,0.06387686729431152
Shoplifting,Arrest,2,1,officers escorting a handcuffed person toward a patrol car,53.67558592761327,10.276308589345899,0.5313754081726074,0.47753262519836426,0.053842782974243164
Shoplifting,Arrest,2,2,a handcuffed suspect standing between multiple police officers,60.41169713607072,26.698611369364546,0.49100354313850403,0.37839454412460327,0.11260899901390076
Shoplifting,Arrest,2,3,law enforcement securing a suspect during formal custody,60.87071082296595,29.14988214148988,0.4286172091960907,0.3031661808490753,0.12545102834701538
Shoplifting,Arrest,2,4,a detained person kneeling while officers apply restraints,59.58281720304499,19.067318477362942,0.527843177318573,0.4302526116371155,0.09759056568145752
Shoplifting,Arson,3,0,a person lighting flammable material before flames spread,59.530215914179465,29.04930318285821,0.5645347833633423,0.47548264265060425,0.08905214071273804
Shoplifting,Arson,3,1,a person pouring accelerant before visible fire grows,60.47902030644627,29.193989032271826,0.5222352147102356,0.4049314558506012,0.1173037588596344
Shoplifting,Arson,3,2,a lighter touching a surface before ignition begins,60.78927009715165,22.855985736392835,0.4238068461418152,0.29326990246772766,0.13053694367408752
Shoplifting,Arson,3,3,small flames expanding after deliberate human ignition,60.59303233845375,18.768278528596046,0.36368319392204285,0.2624884843826294,0.10119470953941345
Shoplifting,Arson,3,4,a person retreating as planted fire starts spreading,61.15132371551506,30.849329070029153,0.4304906129837036,0.26553258299827576,0.16495802998542786
Shoplifting,Assault,4,0,a single attacker lunging with a direct strike,61.2651239218893,38.796287205344484,0.5028851628303528,0.3706800937652588,0.132205069065094
Shoplifting,Assault,4,1,a one-sided attack with punches and defensive movement,61.029424293752314,34.771825609225104,0.6041847467422485,0.5263030529022217,0.07788169384002686
Shoplifting,Assault,4,2,an aggressor kicking a fallen victim on pavement,61.74482798901933,37.59370043735844,0.44888195395469666,0.289575457572937,0.15930649638175964
Shoplifting,Assault,4,3,a victim stumbling backward after a sudden hit,61.41266670560519,40.16812651455169,0.5707656145095825,0.46189576387405396,0.10886985063552856
Shoplifting,Assault,4,4,an attacker chasing one target while striking repeatedly,61.007519031209235,33.47618784618884,0.5252504944801331,0.4093915522098541,0.11585894227027893
Shoplifting,Burglary,5,0,an intruder forcing entry through a locked doorway,61.536896209333555,34.41212602619679,0.44621238112449646,0.3054741322994232,0.14073824882507324
Shoplifting,Burglary,5,1,a person prying a lock before entering property,60.26388645523042,32.50039760992181,0.6096948385238647,0.55992591381073,0.049768924713134766
Shoplifting,Burglary,5,2,a masked intruder breaking into a closed building,60.93759788174366,34.56675327988164,0.5260543823242188,0.41736865043640137,0.10868573188781738
Shoplifting,Burglary,5,3,a person climbing through a window into private space,57.61157409029847,15.507381444098394,0.720166802406311,0.7171251177787781,0.003041684627532959
Shoplifting,Burglary,5,4,an intruder entering rooms after damaging an entry point,59.32499425656601,19.386978564138836,0.6654838919639587,0.649293065071106,0.016190826892852783
Shoplifting,Explosion,6,0,an instant detonation expanding from a blast center,61.462719856706194,27.026473514092924,0.3919004797935486,0.25087714195251465,0.14102333784103394
Shoplifting,Explosion,6,1,a shockwave pushing fragments outward within seconds,61.364382921558324,39.83686686170173,0.48142385482788086,0.3245643079280853,0.15685954689979553
Shoplifting,Explosion,6,2,a structure bursting apart from explosive force,59.559192414773285,15.309743620260683,0.421373575925827,0.3282741606235504,0.09309941530227661
Shoplifting,Explosion,6,3,a concentrated blast throwing debris radially outward,61.42384985300702,32.97613917484244,0.37185969948768616,0.2137378752231598,0.15812182426452637
Shoplifting,Explosion,6,4,a sudden pressure wave following a visible detonation,61.36600276463602,26.8077485159788,0.4905766248703003,0.35928547382354736,0.13129115104675293
Shoplifting,Fighting,7,0,two groups mutually exchanging punches in a brawl,61.58627650254074,34.181251027128674,0.4824482500553131,0.3377561569213867,0.1446920931339264
Shoplifting,Fighting,7,1,multiple participants striking each other during mutual combat,60.59140626521037,25.260908136973516,0.6621096134185791,0.6145176291465759,0.047591984272003174
Shoplifting,Fighting,7,2,opponents separating and reengaging in group fighting,61.25838911278547,31.187139102296108,0.46171146631240845,0.33117252588272095,0.1305389404296875
Shoplifting,Fighting,7,3,several combatants grappling and swinging simultaneously,61.3064299203707,30.027376750721967,0.5774757862091064,0.4779687225818634,0.09950706362724304
Shoplifting,Fighting,7,4,two sides clashing back and forth in public,61.40383856083172,38.969903913775475,0.5607346892356873,0.4473975896835327,0.11333709955215454
Shoplifting,RoadAccidents,8,0,a vehicle collision causing roadway impact and disruption,58.89720616007632,22.286377240518195,0.4668073356151581,0.35737931728363037,0.10942801833152771
Shoplifting,RoadAccidents,8,1,a car striking a pedestrian or cyclist on road,60.126804119697056,22.82697589731843,0.47748637199401855,0.35216549038887024,0.12532088160514832
Shoplifting,RoadAccidents,8,2,a motorbike sliding across a lane after collision,59.24019547144832,23.0262068656579,0.5502298474311829,0.47403913736343384,0.07619071006774902
Shoplifting,RoadAccidents,8,3,vehicles swerving before colliding in traffic,58.77313241049005,22.423029742177945,0.5916879773139954,0.5514377951622009,0.040250182151794434
Shoplifting,RoadAccidents,8,4,a crashed vehicle blocking lanes after impact,59.3638891809279,21.455877886271928,0.5355585813522339,0.45542189478874207,0.08013668656349182
Shoplifting,Robbery,9,0,a threatening person forcing a victim to surrender valuables,53.30060471545666,11.18844435643873,0.7199268341064453,0.7170138359069824,0.0029129981994628906
Shoplifting,Robbery,9,1,a victim handing belongings under close range intimidation,59.03169363160251,18.463650667639936,0.7046385407447815,0.6904462575912476,0.014192283153533936
Shoplifting,Robbery,9,2,an attacker cornering a victim and seizing items,60.977022370188664,33.195495322095546,0.5051811933517456,0.38500311970710754,0.12017807364463806
Shoplifting,Robbery,9,3,a person brandishing a weapon to demand property,59.68002024803848,20.644994949862195,0.583297073841095,0.5103423595428467,0.07295471429824829
Shoplifting,Robbery,9,4,a robber confronting a victim before taking belongings,53.60276463602205,10.727469753943094,0.7506418824195862,0.7533859014511108,-0.002744019031524658
Shoplifting,Shooting,10,0,an armed person aiming and firing a firearm,59.985983684753606,23.130534835075718,0.43400511145591736,0.3219994604587555,0.11200565099716187
Shoplifting,Shooting,10,1,a visible muzzle flash from a discharged gun,61.32229815236649,33.192491286262715,0.49296510219573975,0.3640030026435852,0.12896209955215454
Shoplifting,Shooting,10,2,a shooter raising a gun before firing,54.92242898584585,10.921222483248394,0.6256535053253174,0.5846957564353943,0.040957748889923096
Shoplifting,Shooting,10,3,a person firing a handgun in surveillance footage,60.771632498101745,31.067833859996576,0.438892662525177,0.3141644299030304,0.1247282326221466
Shoplifting,Shooting,10,4,an armed shooter discharging a weapon toward people,60.01707844167981,21.901063014419286,0.4642755389213562,0.35838741064071655,0.10588812828063965
Shoplifting,Shoplifting,11,0,a shopper concealing merchandise inside clothing or bag,56.47046317388003,11.891940867815814,0.7032598853111267,0.6948943734169006,0.008365511894226074
Shoplifting,Shoplifting,11,1,a person hiding a retail item while browsing shelves,56.60517181628799,12.106848387613594,0.637334942817688,0.6056907176971436,0.031644225120544434
Shoplifting,Shoplifting,11,2,store goods disappearing beneath a jacket while shopping,46.96205906975839,8.588933487667175,0.7735787034034729,0.7649983763694763,0.008580327033996582
Shoplifting,Shoplifting,11,3,a shopper slipping merchandise into a bag in aisle,56.57896150925764,12.276716927421335,0.7150961756706238,0.7185969948768616,-0.003500819206237793
Shoplifting,Shoplifting,11,4,a customer exiting retail space with concealed merchandise,55.30866810739248,10.972069452644876,0.5729120373725891,0.5234053730964661,0.04950666427612305
Shoplifting,Stealing,12,0,a person taking unattended property and leaving quickly,59.136656347954755,27.186830200325545,0.6548149585723877,0.6365068554878235,0.01830810308456421
Shoplifting,Stealing,12,1,"a thief grabbing a bicycle, bag, phone, or object",58.193658470104936,13.093086561483332,0.512270987033844,0.4392748773097992,0.0729961097240448
Shoplifting,Stealing,12,2,a suspect carrying property while the owner is distracted,60.44936471779296,38.50044391358658,0.5509662628173828,0.45632100105285645,0.09464526176452637
Shoplifting,Stealing,12,3,a person pocketing an unattended item and changing direction,57.08344606039366,14.572545914121346,0.6822164058685303,0.6717609763145447,0.010455429553985596
Shoplifting,Stealing,12,4,a thief quietly removing property from public space,52.10748437591262,9.782882365090073,0.5787070989608765,0.5567569136619568,0.021950185298919678
Shoplifting,Vandalism,13,0,a person smashing a window or door with force,60.9384887954364,35.751485884165206,0.4270839989185333,0.28066232800483704,0.1464216709136963
Shoplifting,Vandalism,13,1,a suspect spraying graffiti directly onto public property,57.210133364484165,14.357790667560455,0.657562255859375,0.6491290926933289,0.008433163166046143
Shoplifting,Vandalism,13,2,a person breaking glass with repeated tool impacts,59.74749294239044,17.307871600795636,0.4190526604652405,0.3222026228904724,0.09685003757476807
Shoplifting,Vandalism,13,3,someone striking fixtures until visible damage appears,51.862046998812374,9.65736168905214,0.5622448325157166,0.5212520360946655,0.040992796421051025
Shoplifting,Vandalism,13,4,a person deliberately damaging property with tools or kicks,59.80805638299944,29.214806195923465,0.6182931065559387,0.5740883350372314,0.044204771518707275
Stealing,Normal,0,0,pedestrians walking calmly along an ordinary street,16.936511627906977,18.940702355822676,0.6092012524604797,0.7915453314781189,-0.18234407901763916
Stealing,Normal,0,1,people waiting and talking in a public area,17.78065891472868,19.100959603874802,0.6296524405479431,0.801511287689209,-0.17185884714126587
Stealing,Normal,0,2,vehicles moving steadily through regular traffic,12.972403100775193,18.291087942313883,0.6381737589836121,0.8374990224838257,-0.19932526350021362
Stealing,Normal,0,3,customers standing calmly near store counters,13.951976744186044,18.458555444561753,0.6458364725112915,0.8334012627601624,-0.18756479024887085
Stealing,Normal,0,4,people entering and exiting buildings at normal pace,15.886317829457363,18.743951865026474,0.6327991485595703,0.8145945072174072,-0.18179535865783691
Stealing,Abuse,1,0,a vulnerable victim enduring repeated close range mistreatment,89.665,76.654878806004,0.8932642340660095,0.5438342094421387,0.34943002462387085
Stealing,Abuse,1,1,a stronger aggressor controlling a weaker victim indoors,88.8830620155039,73.58877269546466,0.888136088848114,0.5202012658119202,0.36793482303619385
Stealing,Abuse,1,2,a helpless person recoiling from sustained physical abuse,89.80205426356589,76.85882238937283,0.8728727102279663,0.5294269323348999,0.3434457778930664
Stealing,Abuse,1,3,a defenseless victim shielding from repeated aggressive contact,90.02821705426356,83.45069527452593,0.9192646741867065,0.6248394846916199,0.29442518949508667
Stealing,Abuse,1,4,an aggressor dragging or overpowering a vulnerable person,90.4548062015504,83.94883888001917,0.9464641809463501,0.7282868027687073,0.21817737817764282
Stealing,Arrest,2,0,uniformed police placing handcuffs on a detained suspect,90.10686046511628,81.90433585008918,0.9432454705238342,0.7289310097694397,0.21431446075439453
Stealing,Arrest,2,1,officers escorting a handcuffed person toward a patrol car,88.4837984496124,78.75260086149689,0.8043259382247925,0.5055069923400879,0.2988189458847046
Stealing,Arrest,2,2,a handcuffed suspect standing between multiple police officers,89.66724806201552,75.78358103784699,0.8893455266952515,0.5484377145767212,0.3409078121185303
Stealing,Arrest,2,3,law enforcement securing a suspect during formal custody,87.3613953488372,68.24216174466146,0.8664441704750061,0.5716875195503235,0.2947566509246826
Stealing,Arrest,2,4,a detained person kneeling while officers apply restraints,89.77426356589149,74.9158308786161,0.9235934019088745,0.6724075078964233,0.25118589401245117
Stealing,Arson,3,0,a person lighting flammable material before flames spread,89.5553100775194,84.94941545756495,0.9734136462211609,0.8680218458175659,0.10539180040359497
Stealing,Arson,3,1,a person pouring accelerant before visible fire grows,88.77321705426355,78.67071548373691,0.9390900135040283,0.7349432110786438,0.20414680242538452
Stealing,Arson,3,2,a lighter touching a surface before ignition begins,85.94127906976743,64.78777624829092,0.8619070649147034,0.6046640276908875,0.2572430372238159
Stealing,Arson,3,3,small flames expanding after deliberate human ignition,86.68139534883721,65.36486759846359,0.7578596472740173,0.4608920216560364,0.29696762561798096
Stealing,Arson,3,4,a person retreating as planted fire starts spreading,87.98647286821706,69.05880958748541,0.8743944764137268,0.5556513667106628,0.31874310970306396
Stealing,Assault,4,0,a single attacker lunging with a direct strike,90.16112403100777,79.90131312465438,0.9182149767875671,0.6342288255691528,0.2839861512184143
Stealing,Assault,4,1,a one-sided attack with punches and defensive movement,90.1767441860465,85.90097121078321,0.9482610821723938,0.7375594973564148,0.210701584815979
Stealing,Assault,4,2,an aggressor kicking a fallen victim on pavement,88.70945736434108,70.79866885881141,0.8278998732566833,0.42508211731910706,0.4028177559375763
Stealing,Assault,4,3,a victim stumbling backward after a sudden hit,89.89817829457364,78.99504644751883,0.8997246026992798,0.5508819818496704,0.3488426208496094
Stealing,Assault,4,4,an attacker chasing one target while striking repeatedly,88.84794573643411,74.5280665191254,0.867899477481842,0.536266565322876,0.33163291215896606
Stealing,Burglary,5,0,an intruder forcing entry through a locked doorway,90.16515503875968,74.42642712711616,0.8184958696365356,0.4266646206378937,0.39183124899864197
Stealing,Burglary,5,1,a person prying a lock before entering property,90.585,85.29543875774729,0.9702569246292114,0.849744439125061,0.12051248550415039
Stealing,Burglary,5,2,a masked intruder breaking into a closed building,90.38170542635658,79.0592411255902,0.8988348245620728,0.5744875073432922,0.3243473172187805
Stealing,Burglary,5,3,a person climbing through a window into private space,84.68918604651164,83.40359194230447,0.9911970496177673,0.9691380858421326,0.022058963775634766
Stealing,Burglary,5,4,an intruder entering rooms after damaging an entry point,90.53883720930233,89.03986716377553,0.9762659668922424,0.8858485221862793,0.09041744470596313
Stealing,Explosion,6,0,an instant detonation expanding from a blast center,87.80391472868216,68.31453171854272,0.8050171136856079,0.43545612692832947,0.36956098675727844
Stealing,Explosion,6,1,a shockwave pushing fragments outward within seconds,89.07368217054263,72.63507274848396,0.8977527618408203,0.5788955688476562,0.31885719299316406
Stealing,Explosion,6,2,a structure bursting apart from explosive force,84.9143023255814,63.50823670210804,0.7358108758926392,0.4341881573200226,0.3016227185726166
Stealing,Explosion,6,3,a concentrated blast throwing debris radially outward,88.17286821705426,70.18788545348002,0.8086971044540405,0.41266608238220215,0.3960310220718384
Stealing,Explosion,6,4,a sudden pressure wave following a visible detonation,84.8537596899225,64.75880877018098,0.8637643456459045,0.5911813378334045,0.2725830078125
Stealing,Fighting,7,0,two groups mutually exchanging punches in a brawl,88.96519379844962,72.71364673910655,0.8254953622817993,0.43292102217674255,0.39257434010505676
Stealing,Fighting,7,1,multiple participants striking each other during mutual combat,87.75864341085273,82.77880372250385,0.9508790969848633,0.7956708073616028,0.1552082896232605
Stealing,Fighting,7,2,opponents separating and reengaging in group fighting,89.01662790697675,71.64546530249703,0.7851803302764893,0.3903171718120575,0.39486315846443176
Stealing,Fighting,7,3,several combatants grappling and swinging simultaneously,88.8618992248062,70.13958258766262,0.9035419821739197,0.6341953277587891,0.2693466544151306
Stealing,Fighting,7,4,two sides clashing back and forth in public,89.74577519379845,77.37801593450143,0.9175276756286621,0.620320737361908,0.29720693826675415
Stealing,RoadAccidents,8,0,a vehicle collision causing roadway impact and disruption,70.65220930232559,46.50774504872786,0.9587644934654236,0.8873165845870972,0.07144790887832642
Stealing,RoadAccidents,8,1,a car striking a pedestrian or cyclist on road,84.2270542635659,65.9928922329985,0.9551902413368225,0.8322879076004028,0.12290233373641968
Stealing,RoadAccidents,8,2,a motorbike sliding across a lane after collision,78.09616279069768,55.624308445207916,0.9622769355773926,0.8791736960411072,0.0831032395362854
Stealing,RoadAccidents,8,3,vehicles swerving before colliding in traffic,64.84922480620155,45.4824382186071,0.9848037362098694,0.9452855587005615,0.03951817750930786
Stealing,RoadAccidents,8,4,a crashed vehicle blocking lanes after impact,71.39860465116278,48.362661030600826,0.952406644821167,0.8733722567558289,0.07903438806533813
Stealing,Robbery,9,0,a threatening person forcing a victim to surrender valuables,82.11503875968992,71.34883199943715,0.9783145189285278,0.9222651124000549,0.0560494065284729
Stealing,Robbery,9,1,a victim handing belongings under close range intimidation,91.06089147286822,86.88902361228357,0.9906364679336548,0.9335030317306519,0.05713343620300293
Stealing,Robbery,9,2,an attacker cornering a victim and seizing items,90.77007751937984,76.42718131376083,0.8704228401184082,0.4985496401786804,0.3718731999397278
Stealing,Robbery,9,3,a person brandishing a weapon to demand property,92.36193798449611,88.77405772634651,0.9218037724494934,0.6199653148651123,0.3018384575843811
Stealing,Robbery,9,4,a robber confronting a victim before taking belongings,82.84945736434108,67.28731242270958,0.9866226315498352,0.9447565674781799,0.04186606407165527
Stealing,Shooting,10,0,an armed person aiming and firing a firearm,88.1767441860465,70.37204554764604,0.8534839153289795,0.5315022468566895,0.32198166847229004
Stealing,Shooting,10,1,a visible muzzle flash from a discharged gun,89.20957364341085,72.3040119862806,0.8394272327423096,0.4631221890449524,0.3763050436973572
Stealing,Shooting,10,2,a shooter raising a gun before firing,87.20372093023256,69.96881622299267,0.8826050758361816,0.6738109588623047,0.20879411697387695
Stealing,Shooting,10,3,a person firing a handgun in surveillance footage,89.87891472868216,73.56223028937589,0.8297765254974365,0.43988513946533203,0.3898913860321045
Stealing,Shooting,10,4,an armed shooter discharging a weapon toward people,89.59147286821705,74.4921253189199,0.8010178208351135,0.39258918166160583,0.4084286391735077
Stealing,Shoplifting,11,0,a shopper concealing merchandise inside clothing or bag,86.42492248062015,76.76288210391249,0.9655891060829163,0.8458682298660278,0.11972087621688843
Stealing,Shoplifting,11,1,a person hiding a retail item while browsing shelves,91.22317829457364,85.99004180602027,0.8901552557945251,0.7017160058021545,0.1884392499923706
Stealing,Shoplifting,11,2,store goods disappearing beneath a jacket while shopping,72.05441860465116,41.72332105318973,0.8995252251625061,0.8197973966598511,0.07972782850265503
Stealing,Shoplifting,11,3,a shopper slipping merchandise into a bag in aisle,78.03527131782947,47.19939558178255,0.9337435960769653,0.8060458898544312,0.12769770622253418
Stealing,Shoplifting,11,4,a customer exiting retail space with concealed merchandise,86.69186046511628,71.78613026450371,0.7831102013587952,0.5323703289031982,0.2507398724555969
Stealing,Stealing,12,0,a person taking unattended property and leaving quickly,78.62850775193799,69.07671656104108,0.9969353675842285,0.971677839756012,0.025257527828216553
Stealing,Stealing,12,1,"a thief grabbing a bicycle, bag, phone, or object",90.60573643410854,83.137828703869,0.8761816620826721,0.6017156839370728,0.27446597814559937
Stealing,Stealing,12,2,a suspect carrying property while the owner is distracted,90.89554263565891,85.67904691411218,0.9668469429016113,0.8123149275779724,0.15453201532363892
Stealing,Stealing,12,3,a person pocketing an unattended item and changing direction,74.41810077519379,57.152115718699356,0.9977011680603027,0.9757781028747559,0.021923065185546875
Stealing,Stealing,12,4,a thief quietly removing property from public space,82.95511627906976,76.15580940307444,0.9227034449577332,0.8079681396484375,0.11473530530929565
Stealing,Vandalism,13,0,a person smashing a window or door with force,90.41937984496123,77.46332541445632,0.8610883951187134,0.472118616104126,0.3889697790145874
Stealing,Vandalism,13,1,a suspect spraying graffiti directly onto public property,74.95492248062014,70.77312339181569,0.9802413582801819,0.940710186958313,0.039531171321868896
Stealing,Vandalism,13,2,a person breaking glass with repeated tool impacts,88.72980620155037,70.94233376212196,0.8572112917900085,0.5579789280891418,0.2992323637008667
Stealing,Vandalism,13,3,someone striking fixtures until visible damage appears,85.21158914728682,68.03771132325163,0.8319534659385681,0.6149272322654724,0.2170262336730957
Stealing,Vandalism,13,4,a person deliberately damaging property with tools or kicks,90.73220930232559,85.7946892445202,0.9893077611923218,0.9133567214012146,0.07595103979110718
Vandalism,Normal,0,0,pedestrians walking calmly along an ordinary street,27.663214472288196,12.558822888645624,0.7134650945663452,0.7870034575462341,-0.07353836297988892
Vandalism,Normal,0,1,people waiting and talking in a public area,28.049257051147407,12.522295813147752,0.7550983428955078,0.8286033272743225,-0.0735049843788147
Vandalism,Normal,0,2,vehicles moving steadily through regular traffic,26.828569735942136,12.442371090534,0.7567238807678223,0.8241555094718933,-0.06743162870407104
Vandalism,Normal,0,3,customers standing calmly near store counters,26.08785053775602,12.38583503889949,0.7606909275054932,0.8271527886390686,-0.06646186113357544
Vandalism,Normal,0,4,people entering and exiting buildings at normal pace,27.627022980520145,12.455203915637258,0.7622914910316467,0.8365537524223328,-0.07426226139068604
Vandalism,Abuse,1,0,a vulnerable victim enduring repeated close range mistreatment,74.27785586953829,33.46682248677818,0.712358832359314,0.5984914302825928,0.11386740207672119
Vandalism,Abuse,1,1,a stronger aggressor controlling a weaker victim indoors,68.37105973211834,30.518739526744586,0.7182446122169495,0.5984917879104614,0.11975282430648804
Vandalism,Abuse,1,2,a helpless person recoiling from sustained physical abuse,73.22709622520587,33.90236581972075,0.675868570804596,0.5518686175346375,0.1239999532699585
Vandalism,Abuse,1,3,a defenseless victim shielding from repeated aggressive contact,80.15535413266981,38.31242552980931,0.8325520753860474,0.7046746015548706,0.12787747383117676
Vandalism,Abuse,1,4,an aggressor dragging or overpowering a vulnerable person,69.80493216788112,32.37960422473903,0.8443745970726013,0.7372846603393555,0.10708993673324585
Vandalism,Arrest,2,0,uniformed police placing handcuffs on a detained suspect,81.47754996526263,38.045816873197055,0.8528984189033508,0.700355052947998,0.15254336595535278
Vandalism,Arrest,2,1,officers escorting a handcuffed person toward a patrol car,83.14235858659298,39.49050640928117,0.5667819976806641,0.39513102173805237,0.1716509759426117
Vandalism,Arrest,2,2,a handcuffed suspect standing between multiple police officers,84.60897570538403,41.21474326856952,0.6709542274475098,0.4270891845226288,0.24386504292488098
Vandalism,Arrest,2,3,law enforcement securing a suspect during formal custody,81.65850742410288,42.42090055569497,0.6557379961013794,0.41898444294929504,0.23675355315208435
Vandalism,Arrest,2,4,a detained person kneeling while officers apply restraints,86.74289499620313,44.23173397581689,0.7294424772262573,0.5304907560348511,0.19895172119140625
Vandalism,Arson,3,0,a person lighting flammable material before flames spread,57.79073562438401,26.13284057716776,0.9606157541275024,0.938544511795044,0.022071242332458496
Vandalism,Arson,3,1,a person pouring accelerant before visible fire grows,69.10953850462357,36.65655333755864,0.8867209553718567,0.8156076669692993,0.07111328840255737
Vandalism,Arson,3,2,a lighter touching a surface before ignition begins,78.94052639232224,54.06924955313836,0.7351793646812439,0.6231566667556763,0.11202269792556763
Vandalism,Arson,3,3,small flames expanding after deliberate human ignition,79.97129454596374,50.07123943894073,0.6050757765769958,0.4364275336265564,0.16864824295043945
Vandalism,Arson,3,4,a person retreating as planted fire starts spreading,72.63079831321798,37.838151280322116,0.7397865653038025,0.6280600428581238,0.11172652244567871
Vandalism,Assault,4,0,a single attacker lunging with a direct strike,82.0331755341207,47.57662635399402,0.7964608669281006,0.6384406089782715,0.1580202579498291
Vandalism,Assault,4,1,a one-sided attack with punches and defensive movement,82.5960394013324,39.72617951095306,0.9191858172416687,0.8241037726402283,0.09508204460144043
Vandalism,Assault,4,2,an aggressor kicking a fallen victim on pavement,81.44670102704129,46.86043721891001,0.5623418688774109,0.38263365626335144,0.17970821261405945
Vandalism,Assault,4,3,a victim stumbling backward after a sudden hit,82.72495004820146,41.15564679584431,0.7593392133712769,0.5768383741378784,0.18250083923339844
Vandalism,Assault,4,4,an attacker chasing one target while striking repeatedly,83.33951604651038,43.04392164469406,0.7240321636199951,0.5207471251487732,0.20328503847122192
Vandalism,Burglary,5,0,an intruder forcing entry through a locked doorway,76.00608577168123,39.41872433836106,0.5759481191635132,0.44604378938674927,0.12990432977676392
Vandalism,Burglary,5,1,a person prying a lock before entering property,74.70974100463704,42.322927330864054,0.9368106126785278,0.8852227330207825,0.05158787965774536
Vandalism,Burglary,5,2,a masked intruder breaking into a closed building,78.8967519213266,39.94504381484607,0.7637223601341248,0.6311399340629578,0.132582426071167
Vandalism,Burglary,5,3,a person climbing through a window into private space,38.84414500293517,18.465981876377835,0.9864981174468994,0.9899991154670715,-0.003500998020172119
Vandalism,Burglary,5,4,an intruder entering rooms after damaging an entry point,51.007416024429254,22.640942421602453,0.9561060070991516,0.9547742605209351,0.0013317465782165527
Vandalism,Explosion,6,0,an instant detonation expanding from a blast center,81.46996698603502,46.34242042997228,0.5954394340515137,0.40833181142807007,0.1871076226234436
Vandalism,Explosion,6,1,a shockwave pushing fragments outward within seconds,70.39175135583454,34.0163026960363,0.7610945701599121,0.6523732542991638,0.10872131586074829
Vandalism,Explosion,6,2,a structure bursting apart from explosive force,82.07160745156965,47.242043056038995,0.5570388436317444,0.3911196291446686,0.1659192144870758
Vandalism,Explosion,6,3,a concentrated blast throwing debris radially outward,80.91916694941268,47.195065437426166,0.5661054849624634,0.357036292552948,0.20906919240951538
Vandalism,Explosion,6,4,a sudden pressure wave following a visible detonation,77.04185179799548,42.55313338039731,0.739013135433197,0.630912721157074,0.10810041427612305
Vandalism,Fighting,7,0,two groups mutually exchanging punches in a brawl,83.4822139283387,46.87938495029781,0.5682791471481323,0.3815925121307373,0.18668663501739502
Vandalism,Fighting,7,1,multiple participants striking each other during mutual combat,74.82227930999197,32.10077549741666,0.9181122183799744,0.8563264012336731,0.06178581714630127
Vandalism,Fighting,7,2,opponents separating and reengaging in group fighting,82.75493728423785,46.035079212850626,0.591329038143158,0.404764860868454,0.18656417727470398
Vandalism,Fighting,7,3,several combatants grappling and swinging simultaneously,83.34227349350223,45.787826068037006,0.8027954697608948,0.6704291105270386,0.1323663592338562
Vandalism,Fighting,7,4,two sides clashing back and forth in public,80.53708820060427,44.62621248657994,0.8203418850898743,0.6833788752555847,0.13696300983428955
Vandalism,RoadAccidents,8,0,a vehicle collision causing roadway impact and disruption,71.5105854727783,42.9863790029338,0.8303413391113281,0.7356160879135132,0.09472525119781494
Vandalism,RoadAccidents,8,1,a car striking a pedestrian or cyclist on road,76.6957922005181,50.129400379762934,0.7839237451553345,0.6456952691078186,0.13822847604751587
Vandalism,RoadAccidents,8,2,a motorbike sliding across a lane after collision,76.74956241685922,48.17357379830534,0.8820494413375854,0.788912296295166,0.09313714504241943
Vandalism,RoadAccidents,8,3,vehicles swerving before colliding in traffic,71.85061315496097,46.1809062604684,0.9483625888824463,0.8940618634223938,0.05430072546005249
Vandalism,RoadAccidents,8,4,a crashed vehicle blocking lanes after impact,73.71326859795668,55.52991662682862,0.8332626819610596,0.7025619745254517,0.1307007074356079
Vandalism,Robbery,9,0,a threatening person forcing a victim to surrender valuables,49.15096483716521,23.586082694483373,0.9466390013694763,0.9390097260475159,0.007629275321960449
Vandalism,Robbery,9,1,a victim handing belongings under close range intimidation,64.50511904954249,28.728347085681307,0.9718818068504333,0.9490340948104858,0.02284771203994751
Vandalism,Robbery,9,2,an attacker cornering a victim and seizing items,87.3452248234857,45.29049297894389,0.6192346215248108,0.42172959446907043,0.19750502705574036
Vandalism,Robbery,9,3,a person brandishing a weapon to demand property,79.8363519838,39.50307657720842,0.7874330282211304,0.6569281220436096,0.13050490617752075
Vandalism,Robbery,9,4,a robber confronting a victim before taking belongings,56.34841850720868,26.237450996277857,0.958413302898407,0.9495648741722107,0.008848428726196289
Vandalism,Shooting,10,0,an armed person aiming and firing a firearm,83.18527135540367,45.32195151181037,0.6783764958381653,0.4659179151058197,0.21245858073234558
Vandalism,Shooting,10,1,a visible muzzle flash from a discharged gun,85.5659821519935,40.95729052002469,0.5773741006851196,0.3696448504924774,0.2077292501926422
Vandalism,Shooting,10,2,a shooter raising a gun before firing,79.96474560935809,37.03957134907603,0.7892282605171204,0.6380878686904907,0.15114039182662964
Vandalism,Shooting,10,3,a person firing a handgun in surveillance footage,85.89963323800754,46.45072364366026,0.5836983919143677,0.3706246614456177,0.21307373046875
Vandalism,Shooting,10,4,an armed shooter discharging a weapon toward people,85.38519703359023,41.984714505789036,0.5263856053352356,0.334804892539978,0.19158071279525757
Vandalism,Shoplifting,11,0,a shopper concealing merchandise inside clothing or bag,69.07041722542667,29.43861018174228,0.8897397518157959,0.8185667991638184,0.07117295265197754
Vandalism,Shoplifting,11,1,a person hiding a retail item while browsing shelves,81.02360525422908,42.39952224087003,0.7412883639335632,0.6532282829284668,0.08806008100509644
Vandalism,Shoplifting,11,2,store goods disappearing beneath a jacket while shopping,55.63062058714232,22.279861369121086,0.8081575632095337,0.7882521152496338,0.019905447959899902
Vandalism,Shoplifting,11,3,a shopper slipping merchandise into a bag in aisle,53.385197033590224,22.609114043610063,0.8081916570663452,0.7695097923278809,0.038681864738464355
Vandalism,Shoplifting,11,4,a customer exiting retail space with concealed merchandise,80.17930945341153,45.72801709231169,0.6278642416000366,0.5137300491333008,0.11413419246673584
Vandalism,Stealing,12,0,a person taking unattended property and leaving quickly,60.33516983611502,26.576989411016523,0.9927579760551453,0.9870036840438843,0.005754292011260986
Vandalism,Stealing,12,1,"a thief grabbing a bicycle, bag, phone, or object",82.250324484729,45.84666800647433,0.684072732925415,0.53448885679245,0.1495838761329651
Vandalism,Stealing,12,2,a suspect carrying property while the owner is distracted,81.58957124930659,49.69017941125818,0.8758651614189148,0.760577917098999,0.11528724431991577
Vandalism,Stealing,12,3,a person pocketing an unattended item and changing direction,64.04514242321426,32.38921059615712,0.9929493069648743,0.9868892431259155,0.00606006383895874
Vandalism,Stealing,12,4,a thief quietly removing property from public space,75.9142283187652,64.11879413759843,0.8546559810638428,0.7908853888511658,0.063770592212677
Vandalism,Vandalism,13,0,a person smashing a window or door with force,75.41133892362626,39.307457007082405,0.6465592384338379,0.5073257684707642,0.13923346996307373
Vandalism,Vandalism,13,1,a suspect spraying graffiti directly onto public property,72.07155359518308,50.98610760182445,0.980596125125885,0.9622223973274231,0.018373727798461914
Vandalism,Vandalism,13,2,a person breaking glass with repeated tool impacts,81.4801350718175,53.04822437527984,0.6959995031356812,0.5468199849128723,0.14917951822280884
Vandalism,Vandalism,13,3,someone striking fixtures until visible damage appears,81.1030541956818,43.53819534316267,0.7470446228981018,0.5736908316612244,0.17335379123687744
Vandalism,Vandalism,13,4,a person deliberately damaging property with tools or kicks,79.18111364236128,41.16577793343608,0.974238932132721,0.9326784610748291,0.041560471057891846
