label,criterion,rank,video_id,label,num_frames,positive_frames,baseline_classifier_mean,baseline_classifier_max,baseline_classifier_positive_mean,baseline_classifier_negative_mean,baseline_classifier_auc,baseline_classifier_ap,baseline_alignment_mean,baseline_alignment_max,baseline_alignment_positive_mean,baseline_alignment_negative_mean,baseline_alignment_auc,baseline_alignment_ap,manual_classifier_mean,delta_classifier_mean,manual_classifier_max,delta_classifier_max,manual_classifier_positive_mean,delta_classifier_positive_mean,manual_classifier_negative_mean,delta_classifier_negative_mean,manual_classifier_auc,delta_classifier_auc,manual_classifier_ap,delta_classifier_ap,manual_alignment_mean,delta_alignment_mean,manual_alignment_max,delta_alignment_max,manual_alignment_positive_mean,delta_alignment_positive_mean,manual_alignment_negative_mean,delta_alignment_negative_mean,manual_alignment_auc,delta_alignment_auc,manual_alignment_ap,delta_alignment_ap
Abuse,delta_classifier_auc,1,Abuse028_x264,Abuse,1408,75,0.8617116808891296,0.9985138773918152,0.9662609100341797,0.8558292984962463,51.73643410852713,6.367688064496575,0.9958226680755615,0.9996578693389893,0.9981895089149475,0.9956895112991333,49.59189797449362,6.150696596618814,0.8177669048309326,-0.04394477605819702,0.9983768463134766,-0.00013703107833862305,0.9461758136749268,-0.02008509635925293,0.810542106628418,-0.04528719186782837,39.765441360340084,-11.970992748187044,5.120479409191547,-1.2472086553050286,0.9087803363800049,-0.08704233169555664,0.9972978830337524,-0.0023599863052368164,0.9789142608642578,-0.019275248050689697,0.9048344492912292,-0.09085506200790405,46.77519379844961,-2.816704176044013,5.763376036790671,-0.38732055982814284
Abuse,delta_classifier_auc,2,Abuse030_x264,Abuse,1536,85,0.9929139614105225,0.9998125433921814,0.999457597732544,0.9925305843353271,69.11541735922488,9.577626597772973,0.9960942268371582,0.9987035393714905,0.9976728558540344,0.9960017800331116,49.40973770624721,6.223381187835201,0.9191120266914368,-0.0738019347190857,0.9960495829582214,-0.003762960433959961,0.9942119717597961,-0.005245625972747803,0.91471266746521,-0.07781791687011719,74.10994446021,4.994527100985124,11.062785316829435,1.4851587190564626,0.9820486903190613,-0.014045536518096924,0.9978070259094238,-0.0008965134620666504,0.9966902732849121,-0.0009825825691223145,0.9811909198760986,-0.01481086015701294,81.50443912920096,32.09470142295375,15.05346938070627,8.83008819287107
Abuse,delta_alignment_auc,1,Abuse028_x264,Abuse,1408,75,0.8617116808891296,0.9985138773918152,0.9662609100341797,0.8558292984962463,51.73643410852713,6.367688064496575,0.9958226680755615,0.9996578693389893,0.9981895089149475,0.9956895112991333,49.59189797449362,6.150696596618814,0.8177669048309326,-0.04394477605819702,0.9983768463134766,-0.00013703107833862305,0.9461758136749268,-0.02008509635925293,0.810542106628418,-0.04528719186782837,39.765441360340084,-11.970992748187044,5.120479409191547,-1.2472086553050286,0.9087803363800049,-0.08704233169555664,0.9972978830337524,-0.0023599863052368164,0.9789142608642578,-0.019275248050689697,0.9048344492912292,-0.09085506200790405,46.77519379844961,-2.816704176044013,5.763376036790671,-0.38732055982814284
Abuse,delta_alignment_auc,2,Abuse030_x264,Abuse,1536,85,0.9929139614105225,0.9998125433921814,0.999457597732544,0.9925305843353271,69.11541735922488,9.577626597772973,0.9960942268371582,0.9987035393714905,0.9976728558540344,0.9960017800331116,49.40973770624721,6.223381187835201,0.9191120266914368,-0.0738019347190857,0.9960495829582214,-0.003762960433959961,0.9942119717597961,-0.005245625972747803,0.91471266746521,-0.07781791687011719,74.10994446021,4.994527100985124,11.062785316829435,1.4851587190564626,0.9820486903190613,-0.014045536518096924,0.9978070259094238,-0.0008965134620666504,0.9966902732849121,-0.0009825825691223145,0.9811909198760986,-0.01481086015701294,81.50443912920096,32.09470142295375,15.05346938070627,8.83008819287107
Abuse,delta_classifier_positive_mean,1,Abuse028_x264,Abuse,1408,75,0.8617116808891296,0.9985138773918152,0.9662609100341797,0.8558292984962463,51.73643410852713,6.367688064496575,0.9958226680755615,0.9996578693389893,0.9981895089149475,0.9956895112991333,49.59189797449362,6.150696596618814,0.8177669048309326,-0.04394477605819702,0.9983768463134766,-0.00013703107833862305,0.9461758136749268,-0.02008509635925293,0.810542106628418,-0.04528719186782837,39.765441360340084,-11.970992748187044,5.120479409191547,-1.2472086553050286,0.9087803363800049,-0.08704233169555664,0.9972978830337524,-0.0023599863052368164,0.9789142608642578,-0.019275248050689697,0.9048344492912292,-0.09085506200790405,46.77519379844961,-2.816704176044013,5.763376036790671,-0.38732055982814284
Abuse,delta_classifier_positive_mean,2,Abuse030_x264,Abuse,1536,85,0.9929139614105225,0.9998125433921814,0.999457597732544,0.9925305843353271,69.11541735922488,9.577626597772973,0.9960942268371582,0.9987035393714905,0.9976728558540344,0.9960017800331116,49.40973770624721,6.223381187835201,0.9191120266914368,-0.0738019347190857,0.9960495829582214,-0.003762960433959961,0.9942119717597961,-0.005245625972747803,0.91471266746521,-0.07781791687011719,74.10994446021,4.994527100985124,11.062785316829435,1.4851587190564626,0.9820486903190613,-0.014045536518096924,0.9978070259094238,-0.0008965134620666504,0.9966902732849121,-0.0009825825691223145,0.9811909198760986,-0.01481086015701294,81.50443912920096,32.09470142295375,15.05346938070627,8.83008819287107
Abuse,delta_alignment_positive_mean,1,Abuse028_x264,Abuse,1408,75,0.8617116808891296,0.9985138773918152,0.9662609100341797,0.8558292984962463,51.73643410852713,6.367688064496575,0.9958226680755615,0.9996578693389893,0.9981895089149475,0.9956895112991333,49.59189797449362,6.150696596618814,0.8177669048309326,-0.04394477605819702,0.9983768463134766,-0.00013703107833862305,0.9461758136749268,-0.02008509635925293,0.810542106628418,-0.04528719186782837,39.765441360340084,-11.970992748187044,5.120479409191547,-1.2472086553050286,0.9087803363800049,-0.08704233169555664,0.9972978830337524,-0.0023599863052368164,0.9789142608642578,-0.019275248050689697,0.9048344492912292,-0.09085506200790405,46.77519379844961,-2.816704176044013,5.763376036790671,-0.38732055982814284
Abuse,delta_alignment_positive_mean,2,Abuse030_x264,Abuse,1536,85,0.9929139614105225,0.9998125433921814,0.999457597732544,0.9925305843353271,69.11541735922488,9.577626597772973,0.9960942268371582,0.9987035393714905,0.9976728558540344,0.9960017800331116,49.40973770624721,6.223381187835201,0.9191120266914368,-0.0738019347190857,0.9960495829582214,-0.003762960433959961,0.9942119717597961,-0.005245625972747803,0.91471266746521,-0.07781791687011719,74.10994446021,4.994527100985124,11.062785316829435,1.4851587190564626,0.9820486903190613,-0.014045536518096924,0.9978070259094238,-0.0008965134620666504,0.9966902732849121,-0.0009825825691223145,0.9811909198760986,-0.01481086015701294,81.50443912920096,32.09470142295375,15.05346938070627,8.83008819287107
Arrest,delta_classifier_auc,1,Arrest030_x264,Arrest,8640,1665,0.9869815111160278,0.9999940395355225,0.9999823570251465,0.9838781356811523,94.27715457392877,78.17053623625138,0.9984167218208313,0.9999738335609436,0.9999187588691711,0.9980581998825073,80.21709020848806,34.57953957658516,0.962315559387207,-0.0246659517288208,0.9999855756759644,-8.463859558105469e-06,0.9999017715454102,-8.058547973632812e-05,0.953343391418457,-0.030534744262695312,84.14841938712907,-10.128735186799702,40.61855862018998,-37.5519776160614,0.9901021122932434,-0.00831460952758789,0.9998003244400024,-0.0001735091209411621,0.9996605515480042,-0.0002582073211669922,0.9878205060958862,-0.010237693786621094,80.23196960401262,0.014879395524559413,35.134481715957264,0.5549421393721019
Arrest,delta_classifier_auc,2,Arrest007_x264,Arrest,3136,630,0.7880198955535889,0.9999284744262695,0.9957724809646606,0.7357915639877319,99.70622886025919,99.15736607142858,0.9165781736373901,0.9999218583106995,0.9993320107460022,0.895774245262146,99.90891701186993,99.6533658140801,0.4386758506298065,-0.34934404492378235,0.993866503238678,-0.006061971187591553,0.906757652759552,-0.08901482820510864,0.3210016191005707,-0.41478994488716125,97.65097100292631,-2.055257857332876,92.94028052480523,-6.217085546623352,0.7344563007354736,-0.1821218729019165,0.9975259304046631,-0.002395927906036377,0.9789168834686279,-0.020415127277374268,0.6729997396469116,-0.22277450561523438,99.83392239577395,-0.07499461609597802,99.42919281154576,-0.2241730025343429
Arrest,delta_classifier_auc,3,Arrest039_x264,Arrest,15824,3120,0.31562724709510803,0.9983789920806885,0.42451947927474976,0.28888413310050964,59.54397565071369,23.391684099129716,0.3831726312637329,0.9992027878761292,0.4598191976547241,0.364348828792572,60.59185881289155,22.01382464863371,0.09445346146821976,-0.22117378562688828,0.9341907501220703,-0.06418824195861816,0.07323068380355835,-0.3512887954711914,0.09966560453176498,-0.18921852856874466,59.30213782858619,-0.2418378221275006,22.406373622555552,-0.9853104765741634,0.24892260134220123,-0.13425002992153168,0.9853468537330627,-0.013855934143066406,0.22028209269046783,-0.2395371049642563,0.2559564709663391,-0.10839235782623291,53.19007136859781,-7.401787444293738,19.486743699899566,-2.5270809487341452
Arrest,delta_classifier_auc,4,Arrest001_x264,Arrest,2368,300,0.4518764019012451,0.9980471134185791,0.9698720574378967,0.3767319321632385,98.38426821405545,90.03403346653347,0.6530710458755493,0.9905329346656799,0.9810068607330322,0.6054981350898743,99.59896840747905,97.37133478437828,0.21945208311080933,-0.2324243187904358,0.9958105087280273,-0.002236604690551758,0.9540777802467346,-0.01579427719116211,0.11288163810968399,-0.26385029405355453,99.47259832366215,1.0883301096067015,96.63476799468647,6.600734528152998,0.43075841665267944,-0.22231262922286987,0.9863287806510925,-0.004204154014587402,0.9618510007858276,-0.01915585994720459,0.3537140190601349,-0.2517841160297394,99.68407479045777,0.0851063829787222,97.95658356337704,0.5852487789987606
Arrest,delta_classifier_auc,5,Arrest024_x264,Arrest,3616,2100,0.9995573163032532,0.9999921321868896,0.9998852610588074,0.9991028904914856,51.493152406081165,55.06442484182102,0.9997256398200989,0.9999205470085144,0.9997170567512512,0.9997373223304749,39.684633747958294,48.4604455660679,0.9995964765548706,3.916025161743164e-05,0.9999932050704956,1.0728836059570312e-06,0.9998925924301147,7.331371307373047e-06,0.9991863369941711,8.344650268554688e-05,55.52531725091092,4.032164844829758,65.76893494962388,10.70451010780286,0.9993380904197693,-0.00038754940032958984,0.9998183846473694,-0.00010216236114501953,0.9994689226150513,-0.00024813413619995117,0.9991567730903625,-0.0005805492401123047,67.74494283201406,28.060309084055767,63.58807020130506,15.127624635237161
Arrest,delta_alignment_auc,1,Arrest039_x264,Arrest,15824,3120,0.31562724709510803,0.9983789920806885,0.42451947927474976,0.28888413310050964,59.54397565071369,23.391684099129716,0.3831726312637329,0.9992027878761292,0.4598191976547241,0.364348828792572,60.59185881289155,22.01382464863371,0.09445346146821976,-0.22117378562688828,0.9341907501220703,-0.06418824195861816,0.07323068380355835,-0.3512887954711914,0.09966560453176498,-0.18921852856874466,59.30213782858619,-0.2418378221275006,22.406373622555552,-0.9853104765741634,0.24892260134220123,-0.13425002992153168,0.9853468537330627,-0.013855934143066406,0.22028209269046783,-0.2395371049642563,0.2559564709663391,-0.10839235782623291,53.19007136859781,-7.401787444293738,19.486743699899566,-2.5270809487341452
Arrest,delta_alignment_auc,2,Arrest007_x264,Arrest,3136,630,0.7880198955535889,0.9999284744262695,0.9957724809646606,0.7357915639877319,99.70622886025919,99.15736607142858,0.9165781736373901,0.9999218583106995,0.9993320107460022,0.895774245262146,99.90891701186993,99.6533658140801,0.4386758506298065,-0.34934404492378235,0.993866503238678,-0.006061971187591553,0.906757652759552,-0.08901482820510864,0.3210016191005707,-0.41478994488716125,97.65097100292631,-2.055257857332876,92.94028052480523,-6.217085546623352,0.7344563007354736,-0.1821218729019165,0.9975259304046631,-0.002395927906036377,0.9789168834686279,-0.020415127277374268,0.6729997396469116,-0.22277450561523438,99.83392239577395,-0.07499461609597802,99.42919281154576,-0.2241730025343429
Arrest,delta_alignment_auc,3,Arrest030_x264,Arrest,8640,1665,0.9869815111160278,0.9999940395355225,0.9999823570251465,0.9838781356811523,94.27715457392877,78.17053623625138,0.9984167218208313,0.9999738335609436,0.9999187588691711,0.9980581998825073,80.21709020848806,34.57953957658516,0.962315559387207,-0.0246659517288208,0.9999855756759644,-8.463859558105469e-06,0.9999017715454102,-8.058547973632812e-05,0.953343391418457,-0.030534744262695312,84.14841938712907,-10.128735186799702,40.61855862018998,-37.5519776160614,0.9901021122932434,-0.00831460952758789,0.9998003244400024,-0.0001735091209411621,0.9996605515480042,-0.0002582073211669922,0.9878205060958862,-0.010237693786621094,80.23196960401262,0.014879395524559413,35.134481715957264,0.5549421393721019
Arrest,delta_alignment_auc,4,Arrest001_x264,Arrest,2368,300,0.4518764019012451,0.9980471134185791,0.9698720574378967,0.3767319321632385,98.38426821405545,90.03403346653347,0.6530710458755493,0.9905329346656799,0.9810068607330322,0.6054981350898743,99.59896840747905,97.37133478437828,0.21945208311080933,-0.2324243187904358,0.9958105087280273,-0.002236604690551758,0.9540777802467346,-0.01579427719116211,0.11288163810968399,-0.26385029405355453,99.47259832366215,1.0883301096067015,96.63476799468647,6.600734528152998,0.43075841665267944,-0.22231262922286987,0.9863287806510925,-0.004204154014587402,0.9618510007858276,-0.01915585994720459,0.3537140190601349,-0.2517841160297394,99.68407479045777,0.0851063829787222,97.95658356337704,0.5852487789987606
Arrest,delta_alignment_auc,5,Arrest024_x264,Arrest,3616,2100,0.9995573163032532,0.9999921321868896,0.9998852610588074,0.9991028904914856,51.493152406081165,55.06442484182102,0.9997256398200989,0.9999205470085144,0.9997170567512512,0.9997373223304749,39.684633747958294,48.4604455660679,0.9995964765548706,3.916025161743164e-05,0.9999932050704956,1.0728836059570312e-06,0.9998925924301147,7.331371307373047e-06,0.9991863369941711,8.344650268554688e-05,55.52531725091092,4.032164844829758,65.76893494962388,10.70451010780286,0.9993380904197693,-0.00038754940032958984,0.9998183846473694,-0.00010216236114501953,0.9994689226150513,-0.00024813413619995117,0.9991567730903625,-0.0005805492401123047,67.74494283201406,28.060309084055767,63.58807020130506,15.127624635237161
Arrest,delta_classifier_positive_mean,1,Arrest039_x264,Arrest,15824,3120,0.31562724709510803,0.9983789920806885,0.42451947927474976,0.28888413310050964,59.54397565071369,23.391684099129716,0.3831726312637329,0.9992027878761292,0.4598191976547241,0.364348828792572,60.59185881289155,22.01382464863371,0.09445346146821976,-0.22117378562688828,0.9341907501220703,-0.06418824195861816,0.07323068380355835,-0.3512887954711914,0.09966560453176498,-0.18921852856874466,59.30213782858619,-0.2418378221275006,22.406373622555552,-0.9853104765741634,0.24892260134220123,-0.13425002992153168,0.9853468537330627,-0.013855934143066406,0.22028209269046783,-0.2395371049642563,0.2559564709663391,-0.10839235782623291,53.19007136859781,-7.401787444293738,19.486743699899566,-2.5270809487341452
Arrest,delta_classifier_positive_mean,2,Arrest007_x264,Arrest,3136,630,0.7880198955535889,0.9999284744262695,0.9957724809646606,0.7357915639877319,99.70622886025919,99.15736607142858,0.9165781736373901,0.9999218583106995,0.9993320107460022,0.895774245262146,99.90891701186993,99.6533658140801,0.4386758506298065,-0.34934404492378235,0.993866503238678,-0.006061971187591553,0.906757652759552,-0.08901482820510864,0.3210016191005707,-0.41478994488716125,97.65097100292631,-2.055257857332876,92.94028052480523,-6.217085546623352,0.7344563007354736,-0.1821218729019165,0.9975259304046631,-0.002395927906036377,0.9789168834686279,-0.020415127277374268,0.6729997396469116,-0.22277450561523438,99.83392239577395,-0.07499461609597802,99.42919281154576,-0.2241730025343429
Arrest,delta_classifier_positive_mean,3,Arrest001_x264,Arrest,2368,300,0.4518764019012451,0.9980471134185791,0.9698720574378967,0.3767319321632385,98.38426821405545,90.03403346653347,0.6530710458755493,0.9905329346656799,0.9810068607330322,0.6054981350898743,99.59896840747905,97.37133478437828,0.21945208311080933,-0.2324243187904358,0.9958105087280273,-0.002236604690551758,0.9540777802467346,-0.01579427719116211,0.11288163810968399,-0.26385029405355453,99.47259832366215,1.0883301096067015,96.63476799468647,6.600734528152998,0.43075841665267944,-0.22231262922286987,0.9863287806510925,-0.004204154014587402,0.9618510007858276,-0.01915585994720459,0.3537140190601349,-0.2517841160297394,99.68407479045777,0.0851063829787222,97.95658356337704,0.5852487789987606
Arrest,delta_classifier_positive_mean,4,Arrest030_x264,Arrest,8640,1665,0.9869815111160278,0.9999940395355225,0.9999823570251465,0.9838781356811523,94.27715457392877,78.17053623625138,0.9984167218208313,0.9999738335609436,0.9999187588691711,0.9980581998825073,80.21709020848806,34.57953957658516,0.962315559387207,-0.0246659517288208,0.9999855756759644,-8.463859558105469e-06,0.9999017715454102,-8.058547973632812e-05,0.953343391418457,-0.030534744262695312,84.14841938712907,-10.128735186799702,40.61855862018998,-37.5519776160614,0.9901021122932434,-0.00831460952758789,0.9998003244400024,-0.0001735091209411621,0.9996605515480042,-0.0002582073211669922,0.9878205060958862,-0.010237693786621094,80.23196960401262,0.014879395524559413,35.134481715957264,0.5549421393721019
Arrest,delta_classifier_positive_mean,5,Arrest024_x264,Arrest,3616,2100,0.9995573163032532,0.9999921321868896,0.9998852610588074,0.9991028904914856,51.493152406081165,55.06442484182102,0.9997256398200989,0.9999205470085144,0.9997170567512512,0.9997373223304749,39.684633747958294,48.4604455660679,0.9995964765548706,3.916025161743164e-05,0.9999932050704956,1.0728836059570312e-06,0.9998925924301147,7.331371307373047e-06,0.9991863369941711,8.344650268554688e-05,55.52531725091092,4.032164844829758,65.76893494962388,10.70451010780286,0.9993380904197693,-0.00038754940032958984,0.9998183846473694,-0.00010216236114501953,0.9994689226150513,-0.00024813413619995117,0.9991567730903625,-0.0005805492401123047,67.74494283201406,28.060309084055767,63.58807020130506,15.127624635237161
Arrest,delta_alignment_positive_mean,1,Arrest039_x264,Arrest,15824,3120,0.31562724709510803,0.9983789920806885,0.42451947927474976,0.28888413310050964,59.54397565071369,23.391684099129716,0.3831726312637329,0.9992027878761292,0.4598191976547241,0.364348828792572,60.59185881289155,22.01382464863371,0.09445346146821976,-0.22117378562688828,0.9341907501220703,-0.06418824195861816,0.07323068380355835,-0.3512887954711914,0.09966560453176498,-0.18921852856874466,59.30213782858619,-0.2418378221275006,22.406373622555552,-0.9853104765741634,0.24892260134220123,-0.13425002992153168,0.9853468537330627,-0.013855934143066406,0.22028209269046783,-0.2395371049642563,0.2559564709663391,-0.10839235782623291,53.19007136859781,-7.401787444293738,19.486743699899566,-2.5270809487341452
Arrest,delta_alignment_positive_mean,2,Arrest007_x264,Arrest,3136,630,0.7880198955535889,0.9999284744262695,0.9957724809646606,0.7357915639877319,99.70622886025919,99.15736607142858,0.9165781736373901,0.9999218583106995,0.9993320107460022,0.895774245262146,99.90891701186993,99.6533658140801,0.4386758506298065,-0.34934404492378235,0.993866503238678,-0.006061971187591553,0.906757652759552,-0.08901482820510864,0.3210016191005707,-0.41478994488716125,97.65097100292631,-2.055257857332876,92.94028052480523,-6.217085546623352,0.7344563007354736,-0.1821218729019165,0.9975259304046631,-0.002395927906036377,0.9789168834686279,-0.020415127277374268,0.6729997396469116,-0.22277450561523438,99.83392239577395,-0.07499461609597802,99.42919281154576,-0.2241730025343429
Arrest,delta_alignment_positive_mean,3,Arrest001_x264,Arrest,2368,300,0.4518764019012451,0.9980471134185791,0.9698720574378967,0.3767319321632385,98.38426821405545,90.03403346653347,0.6530710458755493,0.9905329346656799,0.9810068607330322,0.6054981350898743,99.59896840747905,97.37133478437828,0.21945208311080933,-0.2324243187904358,0.9958105087280273,-0.002236604690551758,0.9540777802467346,-0.01579427719116211,0.11288163810968399,-0.26385029405355453,99.47259832366215,1.0883301096067015,96.63476799468647,6.600734528152998,0.43075841665267944,-0.22231262922286987,0.9863287806510925,-0.004204154014587402,0.9618510007858276,-0.01915585994720459,0.3537140190601349,-0.2517841160297394,99.68407479045777,0.0851063829787222,97.95658356337704,0.5852487789987606
Arrest,delta_alignment_positive_mean,4,Arrest030_x264,Arrest,8640,1665,0.9869815111160278,0.9999940395355225,0.9999823570251465,0.9838781356811523,94.27715457392877,78.17053623625138,0.9984167218208313,0.9999738335609436,0.9999187588691711,0.9980581998825073,80.21709020848806,34.57953957658516,0.962315559387207,-0.0246659517288208,0.9999855756759644,-8.463859558105469e-06,0.9999017715454102,-8.058547973632812e-05,0.953343391418457,-0.030534744262695312,84.14841938712907,-10.128735186799702,40.61855862018998,-37.5519776160614,0.9901021122932434,-0.00831460952758789,0.9998003244400024,-0.0001735091209411621,0.9996605515480042,-0.0002582073211669922,0.9878205060958862,-0.010237693786621094,80.23196960401262,0.014879395524559413,35.134481715957264,0.5549421393721019
Arrest,delta_alignment_positive_mean,5,Arrest024_x264,Arrest,3616,2100,0.9995573163032532,0.9999921321868896,0.9998852610588074,0.9991028904914856,51.493152406081165,55.06442484182102,0.9997256398200989,0.9999205470085144,0.9997170567512512,0.9997373223304749,39.684633747958294,48.4604455660679,0.9995964765548706,3.916025161743164e-05,0.9999932050704956,1.0728836059570312e-06,0.9998925924301147,7.331371307373047e-06,0.9991863369941711,8.344650268554688e-05,55.52531725091092,4.032164844829758,65.76893494962388,10.70451010780286,0.9993380904197693,-0.00038754940032958984,0.9998183846473694,-0.00010216236114501953,0.9994689226150513,-0.00024813413619995117,0.9991567730903625,-0.0005805492401123047,67.74494283201406,28.060309084055767,63.58807020130506,15.127624635237161
Arson,delta_classifier_auc,1,Arson011_x264,Arson,1264,854,0.9950112700462341,0.9997077584266663,0.9945997595787048,0.9958685040473938,62.822299651567945,84.5060374622714,0.9993823170661926,0.9997981786727905,0.9996566772460938,0.9988109469413757,98.08133889301422,99.00797730551056,0.9802901744842529,-0.014721095561981201,0.9939756989479065,-0.005732059478759766,0.9812894463539124,-0.01331031322479248,0.9782088398933411,-0.017659664154052734,60.37299365967898,-2.449305991888963,81.65392909891838,-2.852108363353011,0.9916872382164001,-0.0076950788497924805,0.9976465702056885,-0.0021516084671020508,0.9898552894592285,-0.009801387786865234,0.9955031871795654,-0.0033077597618103027,31.017878562860567,-67.06346033015365,61.14576638792493,-37.862210917585635
Arson,delta_classifier_auc,2,Arson018_x264,Arson,832,330,0.9982958436012268,0.9998984336853027,0.9993827939033508,0.9975813627243042,60.67246166847761,42.24004651313983,0.9996012449264526,0.9998027682304382,0.999603271484375,0.9995996356010437,49.816491609320295,38.86924183618679,0.9964449405670166,-0.001850903034210205,0.999810516834259,-8.791685104370117e-05,0.9980995655059814,-0.0012832283973693848,0.9953572154045105,-0.002224147319793701,58.89532777978993,-1.777133888687679,41.23674696325569,-1.0032995498841402,0.9959601759910583,-0.003641068935394287,0.9988468885421753,-0.0009558796882629395,0.9960530400276184,-0.003550231456756592,0.9958990812301636,-0.003700554370880127,52.15380900639865,2.3373173970783583,38.30547111465539,-0.5637707215313981
Arson,delta_classifier_auc,3,Arson022_x264,Arson,8640,500,0.17088857293128967,0.9978341460227966,0.20723113417625427,0.16865621507167816,75.24855036855037,10.451115560881139,0.19434614479541779,0.9996037483215332,0.1678755283355713,0.19597209990024567,73.00147420147421,9.68167696248114,0.12092284858226776,-0.04996572434902191,0.9993883371353149,0.0015541911125183105,0.03790809586644173,-0.16932303830981255,0.12602202594280243,-0.04263418912887573,74.36638820638821,-0.8821621621621603,10.511806465673283,0.06069090479214445,0.20863071084022522,0.014284566044807434,0.9957250356674194,-0.0038787126541137695,0.27864009141921997,0.11076456308364868,0.20433035492897034,0.00835825502872467,76.89336609336608,3.8918918918918735,11.371421505908904,1.6897445434277643
Arson,delta_classifier_auc,4,Arson016_x264,Arson,1792,792,0.785133957862854,0.9999029636383057,0.9992296695709229,0.615570068359375,99.99595959595959,99.98989898989899,0.9622316360473633,0.9996755719184875,0.9994420409202576,0.9327608346939087,99.99595959595959,99.98989898989899,0.5865503549575806,-0.19858360290527344,0.9989402890205383,-0.000962674617767334,0.992804765701294,-0.006424903869628906,0.2647968530654907,-0.3507732152938843,99.99595959595959,0.0,99.98989898989899,0.0,0.7922863364219666,-0.16994529962539673,0.9977535009384155,-0.0019220709800720215,0.995751142501831,-0.0036908984184265137,0.6311421394348145,-0.30161869525909424,99.99595959595959,0.0,99.98989898989899,0.0
Arson,delta_classifier_auc,5,Arson035_x264,Arson,1424,300,0.7763559818267822,0.9992513060569763,0.9986855983734131,0.717015266418457,88.60498220640571,70.8615977989792,0.9473569989204407,0.9996225833892822,0.9994032979011536,0.9334656000137329,99.67022538552787,98.72760270774977,0.7703939080238342,-0.005962073802947998,0.9993842840194702,0.00013297796249389648,0.9986922144889832,6.616115570068359e-06,0.7094601392745972,-0.007555127143859863,92.62870699881377,4.023724792408061,78.05633376995445,7.194735970975245,0.8935558199882507,-0.05380117893218994,0.9980292916297913,-0.0015932917594909668,0.9977491497993469,-0.0016541481018066406,0.8657462000846863,-0.06771939992904663,99.87900355871886,0.2087781731909928,99.53919823713875,0.8115955293889812
Arson,delta_alignment_auc,1,Arson011_x264,Arson,1264,854,0.9950112700462341,0.9997077584266663,0.9945997595787048,0.9958685040473938,62.822299651567945,84.5060374622714,0.9993823170661926,0.9997981786727905,0.9996566772460938,0.9988109469413757,98.08133889301422,99.00797730551056,0.9802901744842529,-0.014721095561981201,0.9939756989479065,-0.005732059478759766,0.9812894463539124,-0.01331031322479248,0.9782088398933411,-0.017659664154052734,60.37299365967898,-2.449305991888963,81.65392909891838,-2.852108363353011,0.9916872382164001,-0.0076950788497924805,0.9976465702056885,-0.0021516084671020508,0.9898552894592285,-0.009801387786865234,0.9955031871795654,-0.0033077597618103027,31.017878562860567,-67.06346033015365,61.14576638792493,-37.862210917585635
Arson,delta_alignment_auc,2,Arson016_x264,Arson,1792,792,0.785133957862854,0.9999029636383057,0.9992296695709229,0.615570068359375,99.99595959595959,99.98989898989899,0.9622316360473633,0.9996755719184875,0.9994420409202576,0.9327608346939087,99.99595959595959,99.98989898989899,0.5865503549575806,-0.19858360290527344,0.9989402890205383,-0.000962674617767334,0.992804765701294,-0.006424903869628906,0.2647968530654907,-0.3507732152938843,99.99595959595959,0.0,99.98989898989899,0.0,0.7922863364219666,-0.16994529962539673,0.9977535009384155,-0.0019220709800720215,0.995751142501831,-0.0036908984184265137,0.6311421394348145,-0.30161869525909424,99.99595959595959,0.0,99.98989898989899,0.0
Arson,delta_alignment_auc,3,Arson035_x264,Arson,1424,300,0.7763559818267822,0.9992513060569763,0.9986855983734131,0.717015266418457,88.60498220640571,70.8615977989792,0.9473569989204407,0.9996225833892822,0.9994032979011536,0.9334656000137329,99.67022538552787,98.72760270774977,0.7703939080238342,-0.005962073802947998,0.9993842840194702,0.00013297796249389648,0.9986922144889832,6.616115570068359e-06,0.7094601392745972,-0.007555127143859863,92.62870699881377,4.023724792408061,78.05633376995445,7.194735970975245,0.8935558199882507,-0.05380117893218994,0.9980292916297913,-0.0015932917594909668,0.9977491497993469,-0.0016541481018066406,0.8657462000846863,-0.06771939992904663,99.87900355871886,0.2087781731909928,99.53919823713875,0.8115955293889812
Arson,delta_alignment_auc,4,Arson018_x264,Arson,832,330,0.9982958436012268,0.9998984336853027,0.9993827939033508,0.9975813627243042,60.67246166847761,42.24004651313983,0.9996012449264526,0.9998027682304382,0.999603271484375,0.9995996356010437,49.816491609320295,38.86924183618679,0.9964449405670166,-0.001850903034210205,0.999810516834259,-8.791685104370117e-05,0.9980995655059814,-0.0012832283973693848,0.9953572154045105,-0.002224147319793701,58.89532777978993,-1.777133888687679,41.23674696325569,-1.0032995498841402,0.9959601759910583,-0.003641068935394287,0.9988468885421753,-0.0009558796882629395,0.9960530400276184,-0.003550231456756592,0.9958990812301636,-0.003700554370880127,52.15380900639865,2.3373173970783583,38.30547111465539,-0.5637707215313981
Arson,delta_alignment_auc,5,Arson022_x264,Arson,8640,500,0.17088857293128967,0.9978341460227966,0.20723113417625427,0.16865621507167816,75.24855036855037,10.451115560881139,0.19434614479541779,0.9996037483215332,0.1678755283355713,0.19597209990024567,73.00147420147421,9.68167696248114,0.12092284858226776,-0.04996572434902191,0.9993883371353149,0.0015541911125183105,0.03790809586644173,-0.16932303830981255,0.12602202594280243,-0.04263418912887573,74.36638820638821,-0.8821621621621603,10.511806465673283,0.06069090479214445,0.20863071084022522,0.014284566044807434,0.9957250356674194,-0.0038787126541137695,0.27864009141921997,0.11076456308364868,0.20433035492897034,0.00835825502872467,76.89336609336608,3.8918918918918735,11.371421505908904,1.6897445434277643
Arson,delta_classifier_positive_mean,1,Arson022_x264,Arson,8640,500,0.17088857293128967,0.9978341460227966,0.20723113417625427,0.16865621507167816,75.24855036855037,10.451115560881139,0.19434614479541779,0.9996037483215332,0.1678755283355713,0.19597209990024567,73.00147420147421,9.68167696248114,0.12092284858226776,-0.04996572434902191,0.9993883371353149,0.0015541911125183105,0.03790809586644173,-0.16932303830981255,0.12602202594280243,-0.04263418912887573,74.36638820638821,-0.8821621621621603,10.511806465673283,0.06069090479214445,0.20863071084022522,0.014284566044807434,0.9957250356674194,-0.0038787126541137695,0.27864009141921997,0.11076456308364868,0.20433035492897034,0.00835825502872467,76.89336609336608,3.8918918918918735,11.371421505908904,1.6897445434277643
Arson,delta_classifier_positive_mean,2,Arson011_x264,Arson,1264,854,0.9950112700462341,0.9997077584266663,0.9945997595787048,0.9958685040473938,62.822299651567945,84.5060374622714,0.9993823170661926,0.9997981786727905,0.9996566772460938,0.9988109469413757,98.08133889301422,99.00797730551056,0.9802901744842529,-0.014721095561981201,0.9939756989479065,-0.005732059478759766,0.9812894463539124,-0.01331031322479248,0.9782088398933411,-0.017659664154052734,60.37299365967898,-2.449305991888963,81.65392909891838,-2.852108363353011,0.9916872382164001,-0.0076950788497924805,0.9976465702056885,-0.0021516084671020508,0.9898552894592285,-0.009801387786865234,0.9955031871795654,-0.0033077597618103027,31.017878562860567,-67.06346033015365,61.14576638792493,-37.862210917585635
Arson,delta_classifier_positive_mean,3,Arson016_x264,Arson,1792,792,0.785133957862854,0.9999029636383057,0.9992296695709229,0.615570068359375,99.99595959595959,99.98989898989899,0.9622316360473633,0.9996755719184875,0.9994420409202576,0.9327608346939087,99.99595959595959,99.98989898989899,0.5865503549575806,-0.19858360290527344,0.9989402890205383,-0.000962674617767334,0.992804765701294,-0.006424903869628906,0.2647968530654907,-0.3507732152938843,99.99595959595959,0.0,99.98989898989899,0.0,0.7922863364219666,-0.16994529962539673,0.9977535009384155,-0.0019220709800720215,0.995751142501831,-0.0036908984184265137,0.6311421394348145,-0.30161869525909424,99.99595959595959,0.0,99.98989898989899,0.0
Arson,delta_classifier_positive_mean,4,Arson018_x264,Arson,832,330,0.9982958436012268,0.9998984336853027,0.9993827939033508,0.9975813627243042,60.67246166847761,42.24004651313983,0.9996012449264526,0.9998027682304382,0.999603271484375,0.9995996356010437,49.816491609320295,38.86924183618679,0.9964449405670166,-0.001850903034210205,0.999810516834259,-8.791685104370117e-05,0.9980995655059814,-0.0012832283973693848,0.9953572154045105,-0.002224147319793701,58.89532777978993,-1.777133888687679,41.23674696325569,-1.0032995498841402,0.9959601759910583,-0.003641068935394287,0.9988468885421753,-0.0009558796882629395,0.9960530400276184,-0.003550231456756592,0.9958990812301636,-0.003700554370880127,52.15380900639865,2.3373173970783583,38.30547111465539,-0.5637707215313981
Arson,delta_classifier_positive_mean,5,Arson035_x264,Arson,1424,300,0.7763559818267822,0.9992513060569763,0.9986855983734131,0.717015266418457,88.60498220640571,70.8615977989792,0.9473569989204407,0.9996225833892822,0.9994032979011536,0.9334656000137329,99.67022538552787,98.72760270774977,0.7703939080238342,-0.005962073802947998,0.9993842840194702,0.00013297796249389648,0.9986922144889832,6.616115570068359e-06,0.7094601392745972,-0.007555127143859863,92.62870699881377,4.023724792408061,78.05633376995445,7.194735970975245,0.8935558199882507,-0.05380117893218994,0.9980292916297913,-0.0015932917594909668,0.9977491497993469,-0.0016541481018066406,0.8657462000846863,-0.06771939992904663,99.87900355871886,0.2087781731909928,99.53919823713875,0.8115955293889812
Arson,delta_alignment_positive_mean,1,Arson007_x264,Arson,6240,3450,0.957899808883667,0.9958055019378662,0.947363555431366,0.9709285497665405,40.183242428964725,47.75016439106431,0.9967396259307861,0.9988159537315369,0.9957154393196106,0.9980061054229736,20.153114123941616,44.81253779436939,0.9721827507019043,0.014282941818237305,0.9996325969696045,0.0038270950317382812,0.9643664956092834,0.01700294017791748,0.9818480014801025,0.010919451713562012,53.7754714040829,13.592228975118175,60.77331622010792,13.023151829043613,0.9880826473236084,-0.008656978607177734,0.9991448521614075,0.00032889842987060547,0.9855238795280457,-0.010191559791564941,0.9912468194961548,-0.006759285926818848,48.39010960469586,28.236995480754242,60.060250619701705,15.247712825332314
Arson,delta_alignment_positive_mean,2,Arson011_x264,Arson,1264,854,0.9950112700462341,0.9997077584266663,0.9945997595787048,0.9958685040473938,62.822299651567945,84.5060374622714,0.9993823170661926,0.9997981786727905,0.9996566772460938,0.9988109469413757,98.08133889301422,99.00797730551056,0.9802901744842529,-0.014721095561981201,0.9939756989479065,-0.005732059478759766,0.9812894463539124,-0.01331031322479248,0.9782088398933411,-0.017659664154052734,60.37299365967898,-2.449305991888963,81.65392909891838,-2.852108363353011,0.9916872382164001,-0.0076950788497924805,0.9976465702056885,-0.0021516084671020508,0.9898552894592285,-0.009801387786865234,0.9955031871795654,-0.0033077597618103027,31.017878562860567,-67.06346033015365,61.14576638792493,-37.862210917585635
Arson,delta_alignment_positive_mean,3,Arson016_x264,Arson,1792,792,0.785133957862854,0.9999029636383057,0.9992296695709229,0.615570068359375,99.99595959595959,99.98989898989899,0.9622316360473633,0.9996755719184875,0.9994420409202576,0.9327608346939087,99.99595959595959,99.98989898989899,0.5865503549575806,-0.19858360290527344,0.9989402890205383,-0.000962674617767334,0.992804765701294,-0.006424903869628906,0.2647968530654907,-0.3507732152938843,99.99595959595959,0.0,99.98989898989899,0.0,0.7922863364219666,-0.16994529962539673,0.9977535009384155,-0.0019220709800720215,0.995751142501831,-0.0036908984184265137,0.6311421394348145,-0.30161869525909424,99.99595959595959,0.0,99.98989898989899,0.0
Arson,delta_alignment_positive_mean,4,Arson018_x264,Arson,832,330,0.9982958436012268,0.9998984336853027,0.9993827939033508,0.9975813627243042,60.67246166847761,42.24004651313983,0.9996012449264526,0.9998027682304382,0.999603271484375,0.9995996356010437,49.816491609320295,38.86924183618679,0.9964449405670166,-0.001850903034210205,0.999810516834259,-8.791685104370117e-05,0.9980995655059814,-0.0012832283973693848,0.9953572154045105,-0.002224147319793701,58.89532777978993,-1.777133888687679,41.23674696325569,-1.0032995498841402,0.9959601759910583,-0.003641068935394287,0.9988468885421753,-0.0009558796882629395,0.9960530400276184,-0.003550231456756592,0.9958990812301636,-0.003700554370880127,52.15380900639865,2.3373173970783583,38.30547111465539,-0.5637707215313981
Arson,delta_alignment_positive_mean,5,Arson035_x264,Arson,1424,300,0.7763559818267822,0.9992513060569763,0.9986855983734131,0.717015266418457,88.60498220640571,70.8615977989792,0.9473569989204407,0.9996225833892822,0.9994032979011536,0.9334656000137329,99.67022538552787,98.72760270774977,0.7703939080238342,-0.005962073802947998,0.9993842840194702,0.00013297796249389648,0.9986922144889832,6.616115570068359e-06,0.7094601392745972,-0.007555127143859863,92.62870699881377,4.023724792408061,78.05633376995445,7.194735970975245,0.8935558199882507,-0.05380117893218994,0.9980292916297913,-0.0015932917594909668,0.9977491497993469,-0.0016541481018066406,0.8657462000846863,-0.06771939992904663,99.87900355871886,0.2087781731909928,99.53919823713875,0.8115955293889812
Assault,delta_classifier_auc,1,Assault010_x264,Assault,16176,1020,0.8710532188415527,0.9990785121917725,0.9871956706047058,0.8632367849349976,93.37136913356,69.34718317514547,0.9958997964859009,0.9995843172073364,0.9991496801376343,0.9956810474395752,95.35978762051138,49.42276837812105,0.5770136117935181,-0.29403960704803467,0.9894630312919617,-0.009615480899810791,0.9425861239433289,-0.04460954666137695,0.5524106025695801,-0.3108261823654175,96.08324406563892,2.7118749320789277,60.418294040839,-8.928889134306473,0.8405264019966125,-0.15537339448928833,0.9942895770072937,-0.005294740200042725,0.986533522605896,-0.012616157531738281,0.830700159072876,-0.16498088836669922,97.83858330875238,2.478795688240993,68.42645998011693,19.003691601995882
Assault,delta_classifier_auc,2,Assault011_x264,Assault,2288,585,0.18547077476978302,0.5335298180580139,0.31966912746429443,0.1393720805644989,80.01801747544555,58.97961147964191,0.036148592829704285,0.08189702033996582,0.05701175332069397,0.028981857001781464,82.69042564403692,50.84262171518127,0.6185557842254639,0.43308500945568085,0.9650992751121521,0.4315694570541382,0.9181422591209412,0.5984731316566467,0.515644371509552,0.3762722909450531,83.31837732307491,3.300359847629366,65.49790077938265,6.5182892997407365,0.7483392357826233,0.712190642952919,0.9121657609939575,0.8302687406539917,0.8777400851249695,0.8207283318042755,0.7038885951042175,0.6749067381024361,84.54055437613863,1.8501287321017088,64.7949445164826,13.952322801301335
Assault,delta_classifier_auc,3,Assault006_x264,Assault,8096,6911,0.9767820239067078,0.9999532699584961,0.9811534881591797,0.9512874484062195,73.03534938186355,94.0607107569676,0.9967076778411865,0.9996147155761719,0.9974859356880188,0.9921685457229614,87.21578819798681,97.46402989205164,0.9278246760368347,-0.04895734786987305,0.9999438524246216,-9.417533874511719e-06,0.9745580554008484,-0.006595432758331299,0.6552720069885254,-0.2960154414176941,96.67664281305349,23.641293431189936,99.39057518618797,5.329864429220379,0.9815443158149719,-0.0151633620262146,0.9994844198226929,-0.0001302957534790039,0.9849697351455688,-0.012516200542449951,0.9615669250488281,-0.0306016206741333,81.61527485992795,-5.60051333805886,95.94438423046944,-1.519645661582203
Assault,delta_alignment_auc,1,Assault006_x264,Assault,8096,6911,0.9767820239067078,0.9999532699584961,0.9811534881591797,0.9512874484062195,73.03534938186355,94.0607107569676,0.9967076778411865,0.9996147155761719,0.9974859356880188,0.9921685457229614,87.21578819798681,97.46402989205164,0.9278246760368347,-0.04895734786987305,0.9999438524246216,-9.417533874511719e-06,0.9745580554008484,-0.006595432758331299,0.6552720069885254,-0.2960154414176941,96.67664281305349,23.641293431189936,99.39057518618797,5.329864429220379,0.9815443158149719,-0.0151633620262146,0.9994844198226929,-0.0001302957534790039,0.9849697351455688,-0.012516200542449951,0.9615669250488281,-0.0306016206741333,81.61527485992795,-5.60051333805886,95.94438423046944,-1.519645661582203
Assault,delta_alignment_auc,2,Assault011_x264,Assault,2288,585,0.18547077476978302,0.5335298180580139,0.31966912746429443,0.1393720805644989,80.01801747544555,58.97961147964191,0.036148592829704285,0.08189702033996582,0.05701175332069397,0.028981857001781464,82.69042564403692,50.84262171518127,0.6185557842254639,0.43308500945568085,0.9650992751121521,0.4315694570541382,0.9181422591209412,0.5984731316566467,0.515644371509552,0.3762722909450531,83.31837732307491,3.300359847629366,65.49790077938265,6.5182892997407365,0.7483392357826233,0.712190642952919,0.9121657609939575,0.8302687406539917,0.8777400851249695,0.8207283318042755,0.7038885951042175,0.6749067381024361,84.54055437613863,1.8501287321017088,64.7949445164826,13.952322801301335
Assault,delta_alignment_auc,3,Assault010_x264,Assault,16176,1020,0.8710532188415527,0.9990785121917725,0.9871956706047058,0.8632367849349976,93.37136913356,69.34718317514547,0.9958997964859009,0.9995843172073364,0.9991496801376343,0.9956810474395752,95.35978762051138,49.42276837812105,0.5770136117935181,-0.29403960704803467,0.9894630312919617,-0.009615480899810791,0.9425861239433289,-0.04460954666137695,0.5524106025695801,-0.3108261823654175,96.08324406563892,2.7118749320789277,60.418294040839,-8.928889134306473,0.8405264019966125,-0.15537339448928833,0.9942895770072937,-0.005294740200042725,0.986533522605896,-0.012616157531738281,0.830700159072876,-0.16498088836669922,97.83858330875238,2.478795688240993,68.42645998011693,19.003691601995882
Assault,delta_classifier_positive_mean,1,Assault010_x264,Assault,16176,1020,0.8710532188415527,0.9990785121917725,0.9871956706047058,0.8632367849349976,93.37136913356,69.34718317514547,0.9958997964859009,0.9995843172073364,0.9991496801376343,0.9956810474395752,95.35978762051138,49.42276837812105,0.5770136117935181,-0.29403960704803467,0.9894630312919617,-0.009615480899810791,0.9425861239433289,-0.04460954666137695,0.5524106025695801,-0.3108261823654175,96.08324406563892,2.7118749320789277,60.418294040839,-8.928889134306473,0.8405264019966125,-0.15537339448928833,0.9942895770072937,-0.005294740200042725,0.986533522605896,-0.012616157531738281,0.830700159072876,-0.16498088836669922,97.83858330875238,2.478795688240993,68.42645998011693,19.003691601995882
Assault,delta_classifier_positive_mean,2,Assault006_x264,Assault,8096,6911,0.9767820239067078,0.9999532699584961,0.9811534881591797,0.9512874484062195,73.03534938186355,94.0607107569676,0.9967076778411865,0.9996147155761719,0.9974859356880188,0.9921685457229614,87.21578819798681,97.46402989205164,0.9278246760368347,-0.04895734786987305,0.9999438524246216,-9.417533874511719e-06,0.9745580554008484,-0.006595432758331299,0.6552720069885254,-0.2960154414176941,96.67664281305349,23.641293431189936,99.39057518618797,5.329864429220379,0.9815443158149719,-0.0151633620262146,0.9994844198226929,-0.0001302957534790039,0.9849697351455688,-0.012516200542449951,0.9615669250488281,-0.0306016206741333,81.61527485992795,-5.60051333805886,95.94438423046944,-1.519645661582203
Assault,delta_classifier_positive_mean,3,Assault011_x264,Assault,2288,585,0.18547077476978302,0.5335298180580139,0.31966912746429443,0.1393720805644989,80.01801747544555,58.97961147964191,0.036148592829704285,0.08189702033996582,0.05701175332069397,0.028981857001781464,82.69042564403692,50.84262171518127,0.6185557842254639,0.43308500945568085,0.9650992751121521,0.4315694570541382,0.9181422591209412,0.5984731316566467,0.515644371509552,0.3762722909450531,83.31837732307491,3.300359847629366,65.49790077938265,6.5182892997407365,0.7483392357826233,0.712190642952919,0.9121657609939575,0.8302687406539917,0.8777400851249695,0.8207283318042755,0.7038885951042175,0.6749067381024361,84.54055437613863,1.8501287321017088,64.7949445164826,13.952322801301335
Assault,delta_alignment_positive_mean,1,Assault010_x264,Assault,16176,1020,0.8710532188415527,0.9990785121917725,0.9871956706047058,0.8632367849349976,93.37136913356,69.34718317514547,0.9958997964859009,0.9995843172073364,0.9991496801376343,0.9956810474395752,95.35978762051138,49.42276837812105,0.5770136117935181,-0.29403960704803467,0.9894630312919617,-0.009615480899810791,0.9425861239433289,-0.04460954666137695,0.5524106025695801,-0.3108261823654175,96.08324406563892,2.7118749320789277,60.418294040839,-8.928889134306473,0.8405264019966125,-0.15537339448928833,0.9942895770072937,-0.005294740200042725,0.986533522605896,-0.012616157531738281,0.830700159072876,-0.16498088836669922,97.83858330875238,2.478795688240993,68.42645998011693,19.003691601995882
Assault,delta_alignment_positive_mean,2,Assault006_x264,Assault,8096,6911,0.9767820239067078,0.9999532699584961,0.9811534881591797,0.9512874484062195,73.03534938186355,94.0607107569676,0.9967076778411865,0.9996147155761719,0.9974859356880188,0.9921685457229614,87.21578819798681,97.46402989205164,0.9278246760368347,-0.04895734786987305,0.9999438524246216,-9.417533874511719e-06,0.9745580554008484,-0.006595432758331299,0.6552720069885254,-0.2960154414176941,96.67664281305349,23.641293431189936,99.39057518618797,5.329864429220379,0.9815443158149719,-0.0151633620262146,0.9994844198226929,-0.0001302957534790039,0.9849697351455688,-0.012516200542449951,0.9615669250488281,-0.0306016206741333,81.61527485992795,-5.60051333805886,95.94438423046944,-1.519645661582203
Assault,delta_alignment_positive_mean,3,Assault011_x264,Assault,2288,585,0.18547077476978302,0.5335298180580139,0.31966912746429443,0.1393720805644989,80.01801747544555,58.97961147964191,0.036148592829704285,0.08189702033996582,0.05701175332069397,0.028981857001781464,82.69042564403692,50.84262171518127,0.6185557842254639,0.43308500945568085,0.9650992751121521,0.4315694570541382,0.9181422591209412,0.5984731316566467,0.515644371509552,0.3762722909450531,83.31837732307491,3.300359847629366,65.49790077938265,6.5182892997407365,0.7483392357826233,0.712190642952919,0.9121657609939575,0.8302687406539917,0.8777400851249695,0.8207283318042755,0.7038885951042175,0.6749067381024361,84.54055437613863,1.8501287321017088,64.7949445164826,13.952322801301335
Burglary,delta_classifier_auc,1,Burglary018_x264,Burglary,1120,330,0.9775689244270325,0.9986891150474548,0.99517822265625,0.9702132940292358,57.86191024165708,31.479371430385296,0.9956235885620117,0.9968234896659851,0.9961881041526794,0.9953876733779907,48.680475642500966,27.689003435399574,0.9855678081512451,0.007998883724212646,0.9983295798301697,-0.00035953521728515625,0.9951998591423035,2.1636486053466797e-05,0.9815442562103271,0.011330962181091309,43.807441503644036,-14.054468738013043,26.094777363970767,-5.384594066414529,0.9862226247787476,-0.00940096378326416,0.9953579306602478,-0.0014655590057373047,0.9917822480201721,-0.004405856132507324,0.983900249004364,-0.011487424373626709,56.08208668968162,7.401611047180651,30.404124567924885,2.7151211325253115
Burglary,delta_classifier_auc,2,Burglary017_x264,Burglary,2112,450,0.7980459332466125,0.991346538066864,0.8951343894004822,0.771758496761322,73.40205909881,31.78731746598257,0.9940235018730164,0.9982763528823853,0.9960899353027344,0.993463933467865,85.80157775103623,52.07764934905914,0.6365354061126709,-0.16151052713394165,0.9989192485809326,0.0075727105140686035,0.7048868536949158,-0.1902475357055664,0.6180287599563599,-0.15372973680496216,67.35633106030217,-6.045728038507832,28.02706066663244,-3.760256799350131,0.8153076171875,-0.17871588468551636,0.9984519481658936,0.00017559528350830078,0.8422900438308716,-0.1537998914718628,0.8080019354820251,-0.18546199798583984,63.039176360476,-22.762401390560235,25.236099755098124,-26.84154959396102
Burglary,delta_classifier_auc,3,Burglary092_x264,Burglary,624,180,0.9702184796333313,0.9935245513916016,0.9690423607826233,0.9706951379776001,43.593593593593596,26.12467102141015,0.9919595718383789,0.9981125593185425,0.9892746806144714,0.9930481910705566,16.046046046046044,19.345980227337723,0.9770936369895935,0.006875157356262207,0.9985274076461792,0.005002856254577637,0.9775790572166443,0.008536696434020996,0.9768967032432556,0.006201565265655518,38.068068068068065,-5.525525525525531,24.191040441040442,-1.9336305803697087,0.9826206564903259,-0.009338915348052979,0.9962608218193054,-0.0018517374992370605,0.9758924841880798,-0.013382196426391602,0.9853482842445374,-0.007699906826019287,21.17117117117117,5.125125125125127,20.468554789325218,1.122574561987495
Burglary,delta_classifier_auc,4,Burglary037_x264,Burglary,1920,1410,0.9947213530540466,0.9998849630355835,0.9990273118019104,0.982816755771637,96.40244750382423,98.65586217621929,0.9992823004722595,0.9997537136077881,0.9993818402290344,0.9990074038505554,84.55652899457655,93.67289336119022,0.9916694760322571,-0.0030518770217895508,0.9997395873069763,-0.00014537572860717773,0.9974718689918518,-0.0015554428100585938,0.9756278395652771,-0.007188916206359863,94.4755944931164,-1.9268530107078305,98.22273031463914,-0.4331318615801507,0.9960797429084778,-0.0032025575637817383,0.9988265037536621,-0.0009272098541259766,0.9976106882095337,-0.0017711520195007324,0.9918473958969116,-0.007160007953643799,90.00333750521486,5.446808510638306,96.35890468268778,2.68601132149756
Burglary,delta_classifier_auc,5,Burglary079_x264,Burglary,14848,2960,0.639452338218689,0.9997780919075012,0.9967595338821411,0.5504862070083618,99.85313375286458,99.32603461570008,0.9383410811424255,0.9984244108200073,0.9970770478248596,0.9237163066864014,99.47137244916519,96.71061772012675,0.5327870845794678,-0.10666525363922119,0.9996042847633362,-0.00017380714416503906,0.9961485862731934,-0.0006109476089477539,0.41741442680358887,-0.13307178020477295,99.79020406678549,-0.06292968607908733,98.9905964010341,-0.33543821466598445,0.8243253231048584,-0.11401575803756714,0.9990323185920715,0.000607907772064209,0.996076762676239,-0.0010002851486206055,0.7815608382225037,-0.1421554684638977,99.74036957549744,0.2689971263322519,98.7081411775959,1.997523457469157
Burglary,delta_alignment_auc,1,Burglary017_x264,Burglary,2112,450,0.7980459332466125,0.991346538066864,0.8951343894004822,0.771758496761322,73.40205909881,31.78731746598257,0.9940235018730164,0.9982763528823853,0.9960899353027344,0.993463933467865,85.80157775103623,52.07764934905914,0.6365354061126709,-0.16151052713394165,0.9989192485809326,0.0075727105140686035,0.7048868536949158,-0.1902475357055664,0.6180287599563599,-0.15372973680496216,67.35633106030217,-6.045728038507832,28.02706066663244,-3.760256799350131,0.8153076171875,-0.17871588468551636,0.9984519481658936,0.00017559528350830078,0.8422900438308716,-0.1537998914718628,0.8080019354820251,-0.18546199798583984,63.039176360476,-22.762401390560235,25.236099755098124,-26.84154959396102
Burglary,delta_alignment_auc,2,Burglary061_x264,Burglary,8976,1500,0.8679232001304626,0.9945023059844971,0.9382994771003723,0.8538027405738831,87.18380595683968,80.5390952942049,0.9933741688728333,0.9973965883255005,0.995332658290863,0.9929812550544739,91.79461387551274,76.61520342424704,0.6996528506278992,-0.16827034950256348,0.979626476764679,-0.014875829219818115,0.8518783450126648,-0.08642113208770752,0.6691100597381592,-0.18469268083572388,93.04562154449793,5.861815587658256,84.51060541182466,3.971510117619758,0.9475117325782776,-0.045862436294555664,0.9918461441993713,-0.00555044412612915,0.9715874791145325,-0.023745179176330566,0.9426811337471008,-0.05030012130737305,75.67932940966648,-16.11528446584626,62.63373784504236,-13.98146557920468
Burglary,delta_alignment_auc,3,Burglary005_x264,Burglary,7728,330,0.9756871461868286,0.9999713897705078,0.9997075796127319,0.9746156930923462,75.0223238057788,8.006216790864459,0.992919921875,0.9983745813369751,0.9978688359260559,0.9926992058753967,93.25755527702,27.219298278077485,0.7942839860916138,-0.18140316009521484,0.9993066787719727,-0.0006647109985351562,0.9978063702583313,-0.0019012093544006348,0.7852054834365845,-0.18941020965576172,91.7580509064694,16.73572710069061,20.418258083917653,12.412041293053194,0.9662330150604248,-0.026686906814575195,0.9977559447288513,-0.0006186366081237793,0.9961965084075928,-0.0016723275184631348,0.9648965001106262,-0.027802705764770508,87.42600375203781,-5.8315515249821885,14.59832973607419,-12.620968542003295
Burglary,delta_alignment_auc,4,Burglary032_x264,Burglary,15792,2400,0.9388415217399597,0.9983882904052734,0.9795198440551758,0.9315515160560608,76.31700517722024,30.64313891182166,0.9984009861946106,0.9996887445449829,0.9989928007125854,0.9982949495315552,75.47361608920748,27.929841785555613,0.820257306098938,-0.11858421564102173,0.9998955726623535,0.0015072822570800781,0.9356796145439148,-0.043840229511260986,0.7995723485946655,-0.13197916746139526,77.22232178414974,0.9053166069295031,27.772215666182408,-2.8709232456392506,0.9836524724960327,-0.01474851369857788,0.9994370937347412,-0.0002516508102416992,0.9898035526275635,-0.009189248085021973,0.9825500845909119,-0.01574486494064331,75.06590999601752,-0.4077060931899581,25.35547284552192,-2.5743689400336933
Burglary,delta_alignment_auc,5,Burglary079_x264,Burglary,14848,2960,0.639452338218689,0.9997780919075012,0.9967595338821411,0.5504862070083618,99.85313375286458,99.32603461570008,0.9383410811424255,0.9984244108200073,0.9970770478248596,0.9237163066864014,99.47137244916519,96.71061772012675,0.5327870845794678,-0.10666525363922119,0.9996042847633362,-0.00017380714416503906,0.9961485862731934,-0.0006109476089477539,0.41741442680358887,-0.13307178020477295,99.79020406678549,-0.06292968607908733,98.9905964010341,-0.33543821466598445,0.8243253231048584,-0.11401575803756714,0.9990323185920715,0.000607907772064209,0.996076762676239,-0.0010002851486206055,0.7815608382225037,-0.1421554684638977,99.74036957549744,0.2689971263322519,98.7081411775959,1.997523457469157
Burglary,delta_classifier_positive_mean,1,Burglary024_x264,Burglary,3600,1170,0.8551924228668213,0.9362043142318726,0.8117175102233887,0.8761248588562012,22.45147901938025,22.387743444992562,0.9900637865066528,0.9948983192443848,0.985953688621521,0.9920427203178406,2.444022369948295,18.8487199808797,0.228864848613739,-0.6263275742530823,0.5128425359725952,-0.42336177825927734,0.36400583386421204,-0.44771167635917664,0.16379697620868683,-0.7123278826475143,94.98526256550947,72.53378354612923,81.98727220255815,59.59952875756558,0.747788667678833,-0.24227511882781982,0.8777909278869629,-0.11710739135742188,0.8082828521728516,-0.17767083644866943,0.7186619639396667,-0.27338075637817383,95.55140515634342,93.10738278639512,91.22758720205063,72.37886722117094
Burglary,delta_classifier_positive_mean,2,Burglary017_x264,Burglary,2112,450,0.7980459332466125,0.991346538066864,0.8951343894004822,0.771758496761322,73.40205909881,31.78731746598257,0.9940235018730164,0.9982763528823853,0.9960899353027344,0.993463933467865,85.80157775103623,52.07764934905914,0.6365354061126709,-0.16151052713394165,0.9989192485809326,0.0075727105140686035,0.7048868536949158,-0.1902475357055664,0.6180287599563599,-0.15372973680496216,67.35633106030217,-6.045728038507832,28.02706066663244,-3.760256799350131,0.8153076171875,-0.17871588468551636,0.9984519481658936,0.00017559528350830078,0.8422900438308716,-0.1537998914718628,0.8080019354820251,-0.18546199798583984,63.039176360476,-22.762401390560235,25.236099755098124,-26.84154959396102
Burglary,delta_classifier_positive_mean,3,Burglary076_x264,Burglary,12912,2710,0.6242148876190186,0.9609841108322144,0.6466238498687744,0.6182623505592346,49.871525082629766,18.930912727458452,0.9780318737030029,0.997644305229187,0.9904029965400696,0.9747456908226013,50.715292783196396,19.107860101957638,0.46764713525772095,-0.1565677523612976,0.8583247065544128,-0.10265940427780151,0.5596133470535278,-0.08701050281524658,0.44321775436401367,-0.17504459619522095,68.64390963062738,18.77238454799761,28.860811045079004,9.929898317620552,0.4219993054866791,-0.5560325682163239,0.8417215347290039,-0.1559227705001831,0.48885247111320496,-0.5015505254268646,0.40424078702926636,-0.570504903793335,70.1099126066736,19.394619823477207,28.85907691333798,9.751216811380342
Burglary,delta_classifier_positive_mean,4,Burglary061_x264,Burglary,8976,1500,0.8679232001304626,0.9945023059844971,0.9382994771003723,0.8538027405738831,87.18380595683968,80.5390952942049,0.9933741688728333,0.9973965883255005,0.995332658290863,0.9929812550544739,91.79461387551274,76.61520342424704,0.6996528506278992,-0.16827034950256348,0.979626476764679,-0.014875829219818115,0.8518783450126648,-0.08642113208770752,0.6691100597381592,-0.18469268083572388,93.04562154449793,5.861815587658256,84.51060541182466,3.971510117619758,0.9475117325782776,-0.045862436294555664,0.9918461441993713,-0.00555044412612915,0.9715874791145325,-0.023745179176330566,0.9426811337471008,-0.05030012130737305,75.67932940966648,-16.11528446584626,62.63373784504236,-13.98146557920468
Burglary,delta_classifier_positive_mean,5,Burglary032_x264,Burglary,15792,2400,0.9388415217399597,0.9983882904052734,0.9795198440551758,0.9315515160560608,76.31700517722024,30.64313891182166,0.9984009861946106,0.9996887445449829,0.9989928007125854,0.9982949495315552,75.47361608920748,27.929841785555613,0.820257306098938,-0.11858421564102173,0.9998955726623535,0.0015072822570800781,0.9356796145439148,-0.043840229511260986,0.7995723485946655,-0.13197916746139526,77.22232178414974,0.9053166069295031,27.772215666182408,-2.8709232456392506,0.9836524724960327,-0.01474851369857788,0.9994370937347412,-0.0002516508102416992,0.9898035526275635,-0.009189248085021973,0.9825500845909119,-0.01574486494064331,75.06590999601752,-0.4077060931899581,25.35547284552192,-2.5743689400336933
Burglary,delta_alignment_positive_mean,1,Burglary076_x264,Burglary,12912,2710,0.6242148876190186,0.9609841108322144,0.6466238498687744,0.6182623505592346,49.871525082629766,18.930912727458452,0.9780318737030029,0.997644305229187,0.9904029965400696,0.9747456908226013,50.715292783196396,19.107860101957638,0.46764713525772095,-0.1565677523612976,0.8583247065544128,-0.10265940427780151,0.5596133470535278,-0.08701050281524658,0.44321775436401367,-0.17504459619522095,68.64390963062738,18.77238454799761,28.860811045079004,9.929898317620552,0.4219993054866791,-0.5560325682163239,0.8417215347290039,-0.1559227705001831,0.48885247111320496,-0.5015505254268646,0.40424078702926636,-0.570504903793335,70.1099126066736,19.394619823477207,28.85907691333798,9.751216811380342
Burglary,delta_alignment_positive_mean,2,Burglary024_x264,Burglary,3600,1170,0.8551924228668213,0.9362043142318726,0.8117175102233887,0.8761248588562012,22.45147901938025,22.387743444992562,0.9900637865066528,0.9948983192443848,0.985953688621521,0.9920427203178406,2.444022369948295,18.8487199808797,0.228864848613739,-0.6263275742530823,0.5128425359725952,-0.42336177825927734,0.36400583386421204,-0.44771167635917664,0.16379697620868683,-0.7123278826475143,94.98526256550947,72.53378354612923,81.98727220255815,59.59952875756558,0.747788667678833,-0.24227511882781982,0.8777909278869629,-0.11710739135742188,0.8082828521728516,-0.17767083644866943,0.7186619639396667,-0.27338075637817383,95.55140515634342,93.10738278639512,91.22758720205063,72.37886722117094
Burglary,delta_alignment_positive_mean,3,Burglary017_x264,Burglary,2112,450,0.7980459332466125,0.991346538066864,0.8951343894004822,0.771758496761322,73.40205909881,31.78731746598257,0.9940235018730164,0.9982763528823853,0.9960899353027344,0.993463933467865,85.80157775103623,52.07764934905914,0.6365354061126709,-0.16151052713394165,0.9989192485809326,0.0075727105140686035,0.7048868536949158,-0.1902475357055664,0.6180287599563599,-0.15372973680496216,67.35633106030217,-6.045728038507832,28.02706066663244,-3.760256799350131,0.8153076171875,-0.17871588468551636,0.9984519481658936,0.00017559528350830078,0.8422900438308716,-0.1537998914718628,0.8080019354820251,-0.18546199798583984,63.039176360476,-22.762401390560235,25.236099755098124,-26.84154959396102
Burglary,delta_alignment_positive_mean,4,Burglary061_x264,Burglary,8976,1500,0.8679232001304626,0.9945023059844971,0.9382994771003723,0.8538027405738831,87.18380595683968,80.5390952942049,0.9933741688728333,0.9973965883255005,0.995332658290863,0.9929812550544739,91.79461387551274,76.61520342424704,0.6996528506278992,-0.16827034950256348,0.979626476764679,-0.014875829219818115,0.8518783450126648,-0.08642113208770752,0.6691100597381592,-0.18469268083572388,93.04562154449793,5.861815587658256,84.51060541182466,3.971510117619758,0.9475117325782776,-0.045862436294555664,0.9918461441993713,-0.00555044412612915,0.9715874791145325,-0.023745179176330566,0.9426811337471008,-0.05030012130737305,75.67932940966648,-16.11528446584626,62.63373784504236,-13.98146557920468
Burglary,delta_alignment_positive_mean,5,Burglary092_x264,Burglary,624,180,0.9702184796333313,0.9935245513916016,0.9690423607826233,0.9706951379776001,43.593593593593596,26.12467102141015,0.9919595718383789,0.9981125593185425,0.9892746806144714,0.9930481910705566,16.046046046046044,19.345980227337723,0.9770936369895935,0.006875157356262207,0.9985274076461792,0.005002856254577637,0.9775790572166443,0.008536696434020996,0.9768967032432556,0.006201565265655518,38.068068068068065,-5.525525525525531,24.191040441040442,-1.9336305803697087,0.9826206564903259,-0.009338915348052979,0.9962608218193054,-0.0018517374992370605,0.9758924841880798,-0.013382196426391602,0.9853482842445374,-0.007699906826019287,21.17117117117117,5.125125125125127,20.468554789325218,1.122574561987495
Explosion,delta_classifier_auc,1,Explosion007_x264,Explosion,16288,690,0.9774187207221985,0.9999226331710815,0.9927476048469543,0.9767406582832336,56.64983061745188,4.525786014732006,0.9960662126541138,0.9999722242355347,0.9994826912879944,0.9959150552749634,64.3820742532952,5.737626892805835,0.9837039709091187,0.006285250186920166,0.9999090433120728,-1.3589859008789062e-05,0.8135606050491333,-0.17918699979782104,0.9912304878234863,0.014489829540252686,10.63635062837859,-46.01347998907329,2.308742423850889,-2.217043590881117,0.9952921271324158,-0.000774085521697998,0.9998294115066528,-0.00014281272888183594,0.9723716974258423,-0.0271109938621521,0.9963060021400452,0.0003909468650817871,7.930987064488015,-56.451087188807186,2.2817801266660815,-3.4558467661397536
Explosion,delta_classifier_auc,2,Explosion029_x264,Explosion,2400,190,0.9535583257675171,0.9955360889434814,0.9707807898521423,0.9520777463912964,64.87211240771612,10.871317032070875,0.9952470064163208,0.9981523752212524,0.9980370998382568,0.9950070381164551,99.34889259347464,91.865447418079,0.9815995097160339,0.028041183948516846,0.9988778233528137,0.0033417344093322754,0.9878130555152893,0.017032265663146973,0.9810653924942017,0.028987646102905273,37.79518933079304,-27.076923076923073,6.543738675673039,-4.3275783563978365,0.9914524555206299,-0.003794550895690918,0.9974302649497986,-0.0007221102714538574,0.9948903918266296,-0.0031467080116271973,0.9911569356918335,-0.003850102424621582,69.47511312217195,-29.873779471302697,12.080531676897714,-79.7849157411813
Explosion,delta_classifier_auc,3,Explosion039_x264,Explosion,992,90,0.9581896066665649,0.9994409680366516,0.957200288772583,0.9582883715629578,35.59251047055925,7.850786268663898,0.9925411343574524,0.999336838722229,0.9944822788238525,0.9923473000526428,39.219019462921906,8.262708142396663,0.9607987403869629,0.0026091337203979492,0.9997522234916687,0.00031125545501708984,0.9434919357299805,-0.013708353042602539,0.9625255465507507,0.004237174987792969,21.244148805124414,-14.348361665434833,6.3863276435125265,-1.4644586251513712,0.989500105381012,-0.0030410289764404297,0.9996805787086487,0.00034373998641967773,0.9896425604820251,-0.004839718341827393,0.9894858598709106,-0.0028614401817321777,27.787632421778763,-11.431387041143143,6.9690031660291485,-1.2937049763675148
Explosion,delta_classifier_auc,4,Explosion028_x264,Explosion,1696,420,0.8404602408409119,0.9988874793052673,0.9396986365318298,0.807795524597168,34.899238692342145,19.29539620200448,0.9424685835838318,0.9986956119537354,0.9776875972747803,0.9308761358261108,22.873563218390807,17.145166134662936,0.8041342496871948,-0.03632599115371704,0.9990121126174927,0.0001246333122253418,0.7941250801086426,-0.14557355642318726,0.8074287176132202,-0.0003668069839477539,21.942080907598154,-12.957157784743991,17.112525062166924,-2.1828711398375553,0.9591512084007263,0.01668262481689453,0.9960070848464966,-0.0026885271072387695,0.9634483456611633,-0.014239251613616943,0.9577366709709167,0.026860535144805908,21.942080907598154,-0.9314823107926529,17.112525062166924,-0.03264107249601267
Explosion,delta_classifier_auc,5,Explosion004_x264,Explosion,1888,150,0.9966143369674683,0.9999854564666748,0.9922956228256226,0.9969871640205383,16.29996164173379,5.266242163998933,0.9990835785865784,0.999813437461853,0.9995081424713135,0.9990469217300415,74.8500191791331,15.208272820624794,0.9994010329246521,0.002786695957183838,0.9999972581863403,1.1801719665527344e-05,0.9975526928901672,0.005257070064544678,0.999560534954071,0.002573370933532715,4.565400843881857,-11.734560797851934,4.639119750715687,-0.6271224132832458,0.9991236925125122,4.011392593383789e-05,0.9998083710670471,-5.066394805908203e-06,0.998368501663208,-0.0011396408081054688,0.9991888999938965,0.00014197826385498047,20.43651706942846,-54.41350210970464,5.458418533903138,-9.749854286721657
Explosion,delta_alignment_auc,1,Explosion007_x264,Explosion,16288,690,0.9774187207221985,0.9999226331710815,0.9927476048469543,0.9767406582832336,56.64983061745188,4.525786014732006,0.9960662126541138,0.9999722242355347,0.9994826912879944,0.9959150552749634,64.3820742532952,5.737626892805835,0.9837039709091187,0.006285250186920166,0.9999090433120728,-1.3589859008789062e-05,0.8135606050491333,-0.17918699979782104,0.9912304878234863,0.014489829540252686,10.63635062837859,-46.01347998907329,2.308742423850889,-2.217043590881117,0.9952921271324158,-0.000774085521697998,0.9998294115066528,-0.00014281272888183594,0.9723716974258423,-0.0271109938621521,0.9963060021400452,0.0003909468650817871,7.930987064488015,-56.451087188807186,2.2817801266660815,-3.4558467661397536
Explosion,delta_alignment_auc,2,Explosion004_x264,Explosion,1888,150,0.9966143369674683,0.9999854564666748,0.9922956228256226,0.9969871640205383,16.29996164173379,5.266242163998933,0.9990835785865784,0.999813437461853,0.9995081424713135,0.9990469217300415,74.8500191791331,15.208272820624794,0.9994010329246521,0.002786695957183838,0.9999972581863403,1.1801719665527344e-05,0.9975526928901672,0.005257070064544678,0.999560534954071,0.002573370933532715,4.565400843881857,-11.734560797851934,4.639119750715687,-0.6271224132832458,0.9991236925125122,4.011392593383789e-05,0.9998083710670471,-5.066394805908203e-06,0.998368501663208,-0.0011396408081054688,0.9991888999938965,0.00014197826385498047,20.43651706942846,-54.41350210970464,5.458418533903138,-9.749854286721657
Explosion,delta_alignment_auc,3,Explosion036_x264,Explosion,5312,120,0.9990744590759277,0.9999945163726807,0.9997060298919678,0.9990599155426025,23.045711350796097,1.6229619927456127,0.999206006526947,0.9999295473098755,0.9997339844703674,0.9991938471794128,76.93888032871084,5.118190056697529,0.9994983077049255,0.00042384862899780273,0.9999886751174927,-5.841255187988281e-06,0.9995021224021912,-0.00020390748977661133,0.999498188495636,0.00043827295303344727,11.545968156137649,-11.499743194658448,1.4168327863853438,-0.20612920636026888,0.9989656209945679,-0.0002403855323791504,0.99969482421875,-0.00023472309112548828,0.998772382736206,-0.000961601734161377,0.9989700317382812,-0.0002238154411315918,34.79198767334361,-42.146892655367225,1.8498629026375348,-3.268327154059994
Explosion,delta_alignment_auc,4,Explosion029_x264,Explosion,2400,190,0.9535583257675171,0.9955360889434814,0.9707807898521423,0.9520777463912964,64.87211240771612,10.871317032070875,0.9952470064163208,0.9981523752212524,0.9980370998382568,0.9950070381164551,99.34889259347464,91.865447418079,0.9815995097160339,0.028041183948516846,0.9988778233528137,0.0033417344093322754,0.9878130555152893,0.017032265663146973,0.9810653924942017,0.028987646102905273,37.79518933079304,-27.076923076923073,6.543738675673039,-4.3275783563978365,0.9914524555206299,-0.003794550895690918,0.9974302649497986,-0.0007221102714538574,0.9948903918266296,-0.0031467080116271973,0.9911569356918335,-0.003850102424621582,69.47511312217195,-29.873779471302697,12.080531676897714,-79.7849157411813
Explosion,delta_alignment_auc,5,Explosion039_x264,Explosion,992,90,0.9581896066665649,0.9994409680366516,0.957200288772583,0.9582883715629578,35.59251047055925,7.850786268663898,0.9925411343574524,0.999336838722229,0.9944822788238525,0.9923473000526428,39.219019462921906,8.262708142396663,0.9607987403869629,0.0026091337203979492,0.9997522234916687,0.00031125545501708984,0.9434919357299805,-0.013708353042602539,0.9625255465507507,0.004237174987792969,21.244148805124414,-14.348361665434833,6.3863276435125265,-1.4644586251513712,0.989500105381012,-0.0030410289764404297,0.9996805787086487,0.00034373998641967773,0.9896425604820251,-0.004839718341827393,0.9894858598709106,-0.0028614401817321777,27.787632421778763,-11.431387041143143,6.9690031660291485,-1.2937049763675148
Explosion,delta_classifier_positive_mean,1,Explosion016_x264,Explosion,960,270,0.5266688466072083,0.9549422264099121,0.42185279726982117,0.5676839351654053,39.03274288781535,23.32750355269849,0.6205200552940369,0.9301756024360657,0.5782278776168823,0.6370692849159241,36.12989801395599,22.628724976016677,0.07164953649044037,-0.4550193101167679,0.14644311368465424,-0.8084991127252579,0.03713773190975189,-0.3847150653600693,0.08515416085720062,-0.48252977430820465,30.70209339774558,-8.330649490069774,21.241749436299628,-2.0857541163988635,0.4906044006347656,-0.12991565465927124,0.7479504346847534,-0.18222516775131226,0.4659574031829834,-0.11227047443389893,0.5002488493919373,-0.13682043552398682,38.48309178743962,2.353193773483632,23.032953150151062,0.40422817413438494
Explosion,delta_classifier_positive_mean,2,Explosion033_x264,Explosion,3152,1982,0.7355179190635681,0.9996402263641357,0.98082435131073,0.31996458768844604,98.44420295479833,99.09836102261956,0.9019203782081604,0.9998772144317627,0.9932818412780762,0.7471523284912109,93.9842341759597,93.73873989008435,0.5134931802749634,-0.22202473878860474,0.9959909319877625,-0.003649294376373291,0.7397790551185608,-0.2410452961921692,0.1301611214876175,-0.18980346620082855,92.942378845507,-5.501824109291334,95.42871199192538,-3.669649030694174,0.8491280674934387,-0.05279231071472168,0.9983201622962952,-0.0015570521354675293,0.9293302297592163,-0.06395161151885986,0.7132641673088074,-0.033888161182403564,89.27311616514442,-4.711118010815284,90.85945254276923,-2.8792873473151133
Explosion,delta_classifier_positive_mean,3,Explosion010_x264,Explosion,2496,795,0.7032913565635681,0.9755982160568237,0.7785751819610596,0.6681057214736938,47.02135998432295,28.147962241911983,0.9427421689033508,0.9989928007125854,0.9923860430717468,0.9195398092269897,42.80926129283921,26.93747686989986,0.5640794634819031,-0.13921189308166504,0.9603040218353271,-0.015294194221496582,0.5692517757415771,-0.20932340621948242,0.5616621375083923,-0.10644358396530151,44.74848313422737,-2.272876850095578,27.488071739290156,-0.6598905026218276,0.7561252117156982,-0.1866169571876526,0.9786370992660522,-0.020355701446533203,0.8305521011352539,-0.16183394193649292,0.7213401794433594,-0.19819962978363037,47.12547927782029,4.31621798498108,28.38546211836536,1.4479852484654998
Explosion,delta_classifier_positive_mean,4,Explosion007_x264,Explosion,16288,690,0.9774187207221985,0.9999226331710815,0.9927476048469543,0.9767406582832336,56.64983061745188,4.525786014732006,0.9960662126541138,0.9999722242355347,0.9994826912879944,0.9959150552749634,64.3820742532952,5.737626892805835,0.9837039709091187,0.006285250186920166,0.9999090433120728,-1.3589859008789062e-05,0.8135606050491333,-0.17918699979782104,0.9912304878234863,0.014489829540252686,10.63635062837859,-46.01347998907329,2.308742423850889,-2.217043590881117,0.9952921271324158,-0.000774085521697998,0.9998294115066528,-0.00014281272888183594,0.9723716974258423,-0.0271109938621521,0.9963060021400452,0.0003909468650817871,7.930987064488015,-56.451087188807186,2.2817801266660815,-3.4558467661397536
Explosion,delta_classifier_positive_mean,5,Explosion002_x264,Explosion,4000,600,0.8620659112930298,0.9966289401054382,0.9303942918777466,0.8500080704689026,55.681568627450986,48.19821437488159,0.9225325584411621,0.9951122403144836,0.9870256781578064,0.9111514687538147,59.160784313725486,48.51015656525753,0.762184202671051,-0.09988170862197876,0.9854142665863037,-0.011214673519134521,0.7679771184921265,-0.16241717338562012,0.7611619234085083,-0.08884614706039429,52.064313725490194,-3.6172549019607914,31.849829677225134,-16.348384697656453,0.8776679635047913,-0.04486459493637085,0.9925618171691895,-0.0025504231452941895,0.9652100801467896,-0.021815598011016846,0.8622193932533264,-0.04893207550048828,68.41254901960784,9.251764705882351,58.82823434023295,10.318077774975421
Explosion,delta_alignment_positive_mean,1,Explosion010_x264,Explosion,2496,795,0.7032913565635681,0.9755982160568237,0.7785751819610596,0.6681057214736938,47.02135998432295,28.147962241911983,0.9427421689033508,0.9989928007125854,0.9923860430717468,0.9195398092269897,42.80926129283921,26.93747686989986,0.5640794634819031,-0.13921189308166504,0.9603040218353271,-0.015294194221496582,0.5692517757415771,-0.20932340621948242,0.5616621375083923,-0.10644358396530151,44.74848313422737,-2.272876850095578,27.488071739290156,-0.6598905026218276,0.7561252117156982,-0.1866169571876526,0.9786370992660522,-0.020355701446533203,0.8305521011352539,-0.16183394193649292,0.7213401794433594,-0.19819962978363037,47.12547927782029,4.31621798498108,28.38546211836536,1.4479852484654998
Explosion,delta_alignment_positive_mean,2,Explosion016_x264,Explosion,960,270,0.5266688466072083,0.9549422264099121,0.42185279726982117,0.5676839351654053,39.03274288781535,23.32750355269849,0.6205200552940369,0.9301756024360657,0.5782278776168823,0.6370692849159241,36.12989801395599,22.628724976016677,0.07164953649044037,-0.4550193101167679,0.14644311368465424,-0.8084991127252579,0.03713773190975189,-0.3847150653600693,0.08515416085720062,-0.48252977430820465,30.70209339774558,-8.330649490069774,21.241749436299628,-2.0857541163988635,0.4906044006347656,-0.12991565465927124,0.7479504346847534,-0.18222516775131226,0.4659574031829834,-0.11227047443389893,0.5002488493919373,-0.13682043552398682,38.48309178743962,2.353193773483632,23.032953150151062,0.40422817413438494
Explosion,delta_alignment_positive_mean,3,Explosion033_x264,Explosion,3152,1982,0.7355179190635681,0.9996402263641357,0.98082435131073,0.31996458768844604,98.44420295479833,99.09836102261956,0.9019203782081604,0.9998772144317627,0.9932818412780762,0.7471523284912109,93.9842341759597,93.73873989008435,0.5134931802749634,-0.22202473878860474,0.9959909319877625,-0.003649294376373291,0.7397790551185608,-0.2410452961921692,0.1301611214876175,-0.18980346620082855,92.942378845507,-5.501824109291334,95.42871199192538,-3.669649030694174,0.8491280674934387,-0.05279231071472168,0.9983201622962952,-0.0015570521354675293,0.9293302297592163,-0.06395161151885986,0.7132641673088074,-0.033888161182403564,89.27311616514442,-4.711118010815284,90.85945254276923,-2.8792873473151133
Explosion,delta_alignment_positive_mean,4,Explosion007_x264,Explosion,16288,690,0.9774187207221985,0.9999226331710815,0.9927476048469543,0.9767406582832336,56.64983061745188,4.525786014732006,0.9960662126541138,0.9999722242355347,0.9994826912879944,0.9959150552749634,64.3820742532952,5.737626892805835,0.9837039709091187,0.006285250186920166,0.9999090433120728,-1.3589859008789062e-05,0.8135606050491333,-0.17918699979782104,0.9912304878234863,0.014489829540252686,10.63635062837859,-46.01347998907329,2.308742423850889,-2.217043590881117,0.9952921271324158,-0.000774085521697998,0.9998294115066528,-0.00014281272888183594,0.9723716974258423,-0.0271109938621521,0.9963060021400452,0.0003909468650817871,7.930987064488015,-56.451087188807186,2.2817801266660815,-3.4558467661397536
Explosion,delta_alignment_positive_mean,5,Explosion002_x264,Explosion,4000,600,0.8620659112930298,0.9966289401054382,0.9303942918777466,0.8500080704689026,55.681568627450986,48.19821437488159,0.9225325584411621,0.9951122403144836,0.9870256781578064,0.9111514687538147,59.160784313725486,48.51015656525753,0.762184202671051,-0.09988170862197876,0.9854142665863037,-0.011214673519134521,0.7679771184921265,-0.16241717338562012,0.7611619234085083,-0.08884614706039429,52.064313725490194,-3.6172549019607914,31.849829677225134,-16.348384697656453,0.8776679635047913,-0.04486459493637085,0.9925618171691895,-0.0025504231452941895,0.9652100801467896,-0.021815598011016846,0.8622193932533264,-0.04893207550048828,68.41254901960784,9.251764705882351,58.82823434023295,10.318077774975421
Fighting,delta_classifier_auc,1,Fighting003_x264,Fighting,3088,1268,0.9872317910194397,0.9998700618743896,0.9958733916282654,0.9812111854553223,62.84292994072174,63.62918269825446,0.9992665648460388,0.9998982548713684,0.9994403719902039,0.9991454482078552,66.46757028460499,64.33597124574729,0.9525034427642822,-0.03472834825515747,0.9990808963775635,-0.0007891654968261719,0.9663389921188354,-0.02953439950942993,0.9428640007972717,-0.03834718465805054,60.28876486289736,-2.554165077824379,62.4325570125628,-1.1966256856916573,0.9905248284339905,-0.00874173641204834,0.9993071556091309,-0.0005910992622375488,0.988580048084259,-0.010860323905944824,0.9918797612190247,-0.007265686988830566,45.49069227302665,-20.976878011578336,55.906559630523866,-8.429411615223422
Fighting,delta_classifier_auc,2,Fighting047_x264,Fighting,4448,1630,0.7970758080482483,0.9998224377632141,0.7414877414703369,0.8292292356491089,59.583614537569616,63.49653837011955,0.9417999982833862,0.9993445873260498,0.8897968530654907,0.9718798398971558,61.29182686237029,66.35695540417888,0.5859181880950928,-0.21115761995315552,0.991696298122406,-0.008126139640808105,0.6029432415962219,-0.138544499874115,0.5760704874992371,-0.2531587481498718,57.33827672238503,-2.245337815184584,59.95952317014248,-3.53701519997707,0.8522529006004333,-0.08954709768295288,0.9967855215072632,-0.002559065818786621,0.7714855074882507,-0.11831134557723999,0.8989706635475159,-0.07290917634963989,55.67534735072953,-5.616479511640762,62.39700638583992,-3.9599490183389534
Fighting,delta_classifier_auc,3,Fighting042_x264,Fighting,2224,910,0.9744382500648499,0.9998427629470825,0.99827641248703,0.9579294323921204,99.26823556960542,99.05989028381748,0.9965881705284119,0.9992939233779907,0.9985870122909546,0.995203971862793,96.25754762741063,94.5787647798097,0.8586414456367493,-0.11579680442810059,0.9993994235992432,-0.00044333934783935547,0.9921215176582336,-0.006154894828796387,0.7662009000778198,-0.19172853231430054,97.08983558298627,-2.178399986619155,95.51014446936281,-3.549745814454667,0.9780105352401733,-0.018577635288238525,0.999396562576294,0.00010263919830322266,0.9976277351379395,-0.0009592771530151367,0.9644247889518738,-0.03077918291091919,97.19420609831569,0.9366584709050585,95.79792131511097,1.2191565353012663
Fighting,delta_classifier_auc,4,Fighting033_x264,Fighting,1104,270,0.9892849922180176,0.9999953508377075,0.9999523162841797,0.985831618309021,88.92352784439116,78.21823642919273,0.9987578392028809,0.9999605417251587,0.9999231696128845,0.9983805418014526,82.61390887290169,49.059542326737024,0.9601128697395325,-0.029172122478485107,0.9998968839645386,-9.846687316894531e-05,0.9992888569831848,-0.000663459300994873,0.9474300146102905,-0.03840160369873047,91.70885513811173,2.78532729372057,86.0974422946276,7.879205865434869,0.985579788684845,-0.013178050518035889,0.999552309513092,-0.0004082322120666504,0.9984899163246155,-0.001433253288269043,0.9814003705978394,-0.01698017120361328,80.56754596322942,-2.0463629096722684,44.713994626843686,-4.345547699893338
Fighting,delta_classifier_auc,5,Fighting018_x264,Fighting,1376,340,0.9669985175132751,0.9999903440475464,0.9979129433631897,0.9568527936935425,69.93186463774698,54.54344239512856,0.9951386451721191,0.999989926815033,0.9999691843986511,0.9935533404350281,88.89166477401773,83.35119740652506,0.8832234144210815,-0.0837751030921936,0.9996039271354675,-0.0003864169120788574,0.985851526260376,-0.01206141710281372,0.8495424389839172,-0.10731035470962524,77.39041562570974,7.458550987962752,65.46742232652862,10.923979931400062,0.9870696067810059,-0.008069038391113281,0.9997952580451965,-0.00019466876983642578,0.9983218908309937,-0.0016472935676574707,0.9833767414093018,-0.010176599025726318,71.66704519645697,-17.22461957756076,56.925716183745024,-26.425481222780036
Fighting,delta_alignment_auc,1,Fighting003_x264,Fighting,3088,1268,0.9872317910194397,0.9998700618743896,0.9958733916282654,0.9812111854553223,62.84292994072174,63.62918269825446,0.9992665648460388,0.9998982548713684,0.9994403719902039,0.9991454482078552,66.46757028460499,64.33597124574729,0.9525034427642822,-0.03472834825515747,0.9990808963775635,-0.0007891654968261719,0.9663389921188354,-0.02953439950942993,0.9428640007972717,-0.03834718465805054,60.28876486289736,-2.554165077824379,62.4325570125628,-1.1966256856916573,0.9905248284339905,-0.00874173641204834,0.9993071556091309,-0.0005910992622375488,0.988580048084259,-0.010860323905944824,0.9918797612190247,-0.007265686988830566,45.49069227302665,-20.976878011578336,55.906559630523866,-8.429411615223422
Fighting,delta_alignment_auc,2,Fighting018_x264,Fighting,1376,340,0.9669985175132751,0.9999903440475464,0.9979129433631897,0.9568527936935425,69.93186463774698,54.54344239512856,0.9951386451721191,0.999989926815033,0.9999691843986511,0.9935533404350281,88.89166477401773,83.35119740652506,0.8832234144210815,-0.0837751030921936,0.9996039271354675,-0.0003864169120788574,0.985851526260376,-0.01206141710281372,0.8495424389839172,-0.10731035470962524,77.39041562570974,7.458550987962752,65.46742232652862,10.923979931400062,0.9870696067810059,-0.008069038391113281,0.9997952580451965,-0.00019466876983642578,0.9983218908309937,-0.0016472935676574707,0.9833767414093018,-0.010176599025726318,71.66704519645697,-17.22461957756076,56.925716183745024,-26.425481222780036
Fighting,delta_alignment_auc,3,Fighting047_x264,Fighting,4448,1630,0.7970758080482483,0.9998224377632141,0.7414877414703369,0.8292292356491089,59.583614537569616,63.49653837011955,0.9417999982833862,0.9993445873260498,0.8897968530654907,0.9718798398971558,61.29182686237029,66.35695540417888,0.5859181880950928,-0.21115761995315552,0.991696298122406,-0.008126139640808105,0.6029432415962219,-0.138544499874115,0.5760704874992371,-0.2531587481498718,57.33827672238503,-2.245337815184584,59.95952317014248,-3.53701519997707,0.8522529006004333,-0.08954709768295288,0.9967855215072632,-0.002559065818786621,0.7714855074882507,-0.11831134557723999,0.8989706635475159,-0.07290917634963989,55.67534735072953,-5.616479511640762,62.39700638583992,-3.9599490183389534
Fighting,delta_alignment_auc,4,Fighting033_x264,Fighting,1104,270,0.9892849922180176,0.9999953508377075,0.9999523162841797,0.985831618309021,88.92352784439116,78.21823642919273,0.9987578392028809,0.9999605417251587,0.9999231696128845,0.9983805418014526,82.61390887290169,49.059542326737024,0.9601128697395325,-0.029172122478485107,0.9998968839645386,-9.846687316894531e-05,0.9992888569831848,-0.000663459300994873,0.9474300146102905,-0.03840160369873047,91.70885513811173,2.78532729372057,86.0974422946276,7.879205865434869,0.985579788684845,-0.013178050518035889,0.999552309513092,-0.0004082322120666504,0.9984899163246155,-0.001433253288269043,0.9814003705978394,-0.01698017120361328,80.56754596322942,-2.0463629096722684,44.713994626843686,-4.345547699893338
Fighting,delta_alignment_auc,5,Fighting042_x264,Fighting,2224,910,0.9744382500648499,0.9998427629470825,0.99827641248703,0.9579294323921204,99.26823556960542,99.05989028381748,0.9965881705284119,0.9992939233779907,0.9985870122909546,0.995203971862793,96.25754762741063,94.5787647798097,0.8586414456367493,-0.11579680442810059,0.9993994235992432,-0.00044333934783935547,0.9921215176582336,-0.006154894828796387,0.7662009000778198,-0.19172853231430054,97.08983558298627,-2.178399986619155,95.51014446936281,-3.549745814454667,0.9780105352401733,-0.018577635288238525,0.999396562576294,0.00010263919830322266,0.9976277351379395,-0.0009592771530151367,0.9644247889518738,-0.03077918291091919,97.19420609831569,0.9366584709050585,95.79792131511097,1.2191565353012663
Fighting,delta_classifier_positive_mean,1,Fighting047_x264,Fighting,4448,1630,0.7970758080482483,0.9998224377632141,0.7414877414703369,0.8292292356491089,59.583614537569616,63.49653837011955,0.9417999982833862,0.9993445873260498,0.8897968530654907,0.9718798398971558,61.29182686237029,66.35695540417888,0.5859181880950928,-0.21115761995315552,0.991696298122406,-0.008126139640808105,0.6029432415962219,-0.138544499874115,0.5760704874992371,-0.2531587481498718,57.33827672238503,-2.245337815184584,59.95952317014248,-3.53701519997707,0.8522529006004333,-0.08954709768295288,0.9967855215072632,-0.002559065818786621,0.7714855074882507,-0.11831134557723999,0.8989706635475159,-0.07290917634963989,55.67534735072953,-5.616479511640762,62.39700638583992,-3.9599490183389534
Fighting,delta_classifier_positive_mean,2,Fighting003_x264,Fighting,3088,1268,0.9872317910194397,0.9998700618743896,0.9958733916282654,0.9812111854553223,62.84292994072174,63.62918269825446,0.9992665648460388,0.9998982548713684,0.9994403719902039,0.9991454482078552,66.46757028460499,64.33597124574729,0.9525034427642822,-0.03472834825515747,0.9990808963775635,-0.0007891654968261719,0.9663389921188354,-0.02953439950942993,0.9428640007972717,-0.03834718465805054,60.28876486289736,-2.554165077824379,62.4325570125628,-1.1966256856916573,0.9905248284339905,-0.00874173641204834,0.9993071556091309,-0.0005910992622375488,0.988580048084259,-0.010860323905944824,0.9918797612190247,-0.007265686988830566,45.49069227302665,-20.976878011578336,55.906559630523866,-8.429411615223422
Fighting,delta_classifier_positive_mean,3,Fighting018_x264,Fighting,1376,340,0.9669985175132751,0.9999903440475464,0.9979129433631897,0.9568527936935425,69.93186463774698,54.54344239512856,0.9951386451721191,0.999989926815033,0.9999691843986511,0.9935533404350281,88.89166477401773,83.35119740652506,0.8832234144210815,-0.0837751030921936,0.9996039271354675,-0.0003864169120788574,0.985851526260376,-0.01206141710281372,0.8495424389839172,-0.10731035470962524,77.39041562570974,7.458550987962752,65.46742232652862,10.923979931400062,0.9870696067810059,-0.008069038391113281,0.9997952580451965,-0.00019466876983642578,0.9983218908309937,-0.0016472935676574707,0.9833767414093018,-0.010176599025726318,71.66704519645697,-17.22461957756076,56.925716183745024,-26.425481222780036
Fighting,delta_classifier_positive_mean,4,Fighting042_x264,Fighting,2224,910,0.9744382500648499,0.9998427629470825,0.99827641248703,0.9579294323921204,99.26823556960542,99.05989028381748,0.9965881705284119,0.9992939233779907,0.9985870122909546,0.995203971862793,96.25754762741063,94.5787647798097,0.8586414456367493,-0.11579680442810059,0.9993994235992432,-0.00044333934783935547,0.9921215176582336,-0.006154894828796387,0.7662009000778198,-0.19172853231430054,97.08983558298627,-2.178399986619155,95.51014446936281,-3.549745814454667,0.9780105352401733,-0.018577635288238525,0.999396562576294,0.00010263919830322266,0.9976277351379395,-0.0009592771530151367,0.9644247889518738,-0.03077918291091919,97.19420609831569,0.9366584709050585,95.79792131511097,1.2191565353012663
Fighting,delta_classifier_positive_mean,5,Fighting033_x264,Fighting,1104,270,0.9892849922180176,0.9999953508377075,0.9999523162841797,0.985831618309021,88.92352784439116,78.21823642919273,0.9987578392028809,0.9999605417251587,0.9999231696128845,0.9983805418014526,82.61390887290169,49.059542326737024,0.9601128697395325,-0.029172122478485107,0.9998968839645386,-9.846687316894531e-05,0.9992888569831848,-0.000663459300994873,0.9474300146102905,-0.03840160369873047,91.70885513811173,2.78532729372057,86.0974422946276,7.879205865434869,0.985579788684845,-0.013178050518035889,0.999552309513092,-0.0004082322120666504,0.9984899163246155,-0.001433253288269043,0.9814003705978394,-0.01698017120361328,80.56754596322942,-2.0463629096722684,44.713994626843686,-4.345547699893338
Fighting,delta_alignment_positive_mean,1,Fighting047_x264,Fighting,4448,1630,0.7970758080482483,0.9998224377632141,0.7414877414703369,0.8292292356491089,59.583614537569616,63.49653837011955,0.9417999982833862,0.9993445873260498,0.8897968530654907,0.9718798398971558,61.29182686237029,66.35695540417888,0.5859181880950928,-0.21115761995315552,0.991696298122406,-0.008126139640808105,0.6029432415962219,-0.138544499874115,0.5760704874992371,-0.2531587481498718,57.33827672238503,-2.245337815184584,59.95952317014248,-3.53701519997707,0.8522529006004333,-0.08954709768295288,0.9967855215072632,-0.002559065818786621,0.7714855074882507,-0.11831134557723999,0.8989706635475159,-0.07290917634963989,55.67534735072953,-5.616479511640762,62.39700638583992,-3.9599490183389534
Fighting,delta_alignment_positive_mean,2,Fighting003_x264,Fighting,3088,1268,0.9872317910194397,0.9998700618743896,0.9958733916282654,0.9812111854553223,62.84292994072174,63.62918269825446,0.9992665648460388,0.9998982548713684,0.9994403719902039,0.9991454482078552,66.46757028460499,64.33597124574729,0.9525034427642822,-0.03472834825515747,0.9990808963775635,-0.0007891654968261719,0.9663389921188354,-0.02953439950942993,0.9428640007972717,-0.03834718465805054,60.28876486289736,-2.554165077824379,62.4325570125628,-1.1966256856916573,0.9905248284339905,-0.00874173641204834,0.9993071556091309,-0.0005910992622375488,0.988580048084259,-0.010860323905944824,0.9918797612190247,-0.007265686988830566,45.49069227302665,-20.976878011578336,55.906559630523866,-8.429411615223422
Fighting,delta_alignment_positive_mean,3,Fighting018_x264,Fighting,1376,340,0.9669985175132751,0.9999903440475464,0.9979129433631897,0.9568527936935425,69.93186463774698,54.54344239512856,0.9951386451721191,0.999989926815033,0.9999691843986511,0.9935533404350281,88.89166477401773,83.35119740652506,0.8832234144210815,-0.0837751030921936,0.9996039271354675,-0.0003864169120788574,0.985851526260376,-0.01206141710281372,0.8495424389839172,-0.10731035470962524,77.39041562570974,7.458550987962752,65.46742232652862,10.923979931400062,0.9870696067810059,-0.008069038391113281,0.9997952580451965,-0.00019466876983642578,0.9983218908309937,-0.0016472935676574707,0.9833767414093018,-0.010176599025726318,71.66704519645697,-17.22461957756076,56.925716183745024,-26.425481222780036
Fighting,delta_alignment_positive_mean,4,Fighting033_x264,Fighting,1104,270,0.9892849922180176,0.9999953508377075,0.9999523162841797,0.985831618309021,88.92352784439116,78.21823642919273,0.9987578392028809,0.9999605417251587,0.9999231696128845,0.9983805418014526,82.61390887290169,49.059542326737024,0.9601128697395325,-0.029172122478485107,0.9998968839645386,-9.846687316894531e-05,0.9992888569831848,-0.000663459300994873,0.9474300146102905,-0.03840160369873047,91.70885513811173,2.78532729372057,86.0974422946276,7.879205865434869,0.985579788684845,-0.013178050518035889,0.999552309513092,-0.0004082322120666504,0.9984899163246155,-0.001433253288269043,0.9814003705978394,-0.01698017120361328,80.56754596322942,-2.0463629096722684,44.713994626843686,-4.345547699893338
Fighting,delta_alignment_positive_mean,5,Fighting042_x264,Fighting,2224,910,0.9744382500648499,0.9998427629470825,0.99827641248703,0.9579294323921204,99.26823556960542,99.05989028381748,0.9965881705284119,0.9992939233779907,0.9985870122909546,0.995203971862793,96.25754762741063,94.5787647798097,0.8586414456367493,-0.11579680442810059,0.9993994235992432,-0.00044333934783935547,0.9921215176582336,-0.006154894828796387,0.7662009000778198,-0.19172853231430054,97.08983558298627,-2.178399986619155,95.51014446936281,-3.549745814454667,0.9780105352401733,-0.018577635288238525,0.999396562576294,0.00010263919830322266,0.9976277351379395,-0.0009592771530151367,0.9644247889518738,-0.03077918291091919,97.19420609831569,0.9366584709050585,95.79792131511097,1.2191565353012663
RoadAccidents,delta_classifier_auc,1,RoadAccidents021_x264,RoadAccidents,144,60,0.6819291710853577,0.7395853400230408,0.7276223301887512,0.6492911577224731,98.88888888888889,97.60416666666667,0.881031334400177,0.9436544179916382,0.9148710370063782,0.8568602800369263,63.96825396825396,51.45833333333334,0.9415412545204163,0.2596120834350586,0.9615919589996338,0.22200661897659302,0.9462139010429382,0.218591570854187,0.9382038116455078,0.28891265392303467,36.031746031746025,-62.85714285714286,38.30952380952381,-59.29464285714286,0.9835919141769409,0.10256057977676392,0.9849963784217834,0.041341960430145264,0.9829586148262024,0.06808757781982422,0.9840443730354309,0.12718409299850464,22.063492063492063,-41.9047619047619,34.22222222222222,-17.23611111111112
RoadAccidents,delta_classifier_auc,2,RoadAccidents127_x264,RoadAccidents,2576,140,0.04902702942490578,0.4704607129096985,0.14968861639499664,0.04324187710881233,85.56181093126906,20.765222953476513,0.05918541178107262,0.39956390857696533,0.06790756434202194,0.05868413671851158,81.1705371803894,14.115404739350563,0.02013837918639183,-0.028888650238513947,0.15599429607391357,-0.3144664168357849,0.011992373503744602,-0.13769624289125204,0.020606540143489838,-0.022635336965322495,56.286652592071306,-29.27515833919776,6.81217805212615,-13.953044901350363,0.22401423752307892,0.1648288257420063,0.4651700258255005,0.06560611724853516,0.3679037392139435,0.29999617487192154,0.215744748711586,0.15706061199307442,91.00398780201736,9.83345062162796,26.69454574247807,12.579141003127507
RoadAccidents,delta_classifier_auc,3,RoadAccidents011_x264,RoadAccidents,2144,40,0.25385889410972595,0.8780470490455627,0.19609491527080536,0.25495702028274536,45.057034220532316,2.198153409090909,0.20975500345230103,0.7893293499946594,0.28218793869018555,0.20837794244289398,79.73384030418251,5.697595588899937,0.5273523926734924,0.2734934985637665,0.9971086382865906,0.11906158924102783,0.32464852929115295,0.1285536140203476,0.5312060713768005,0.2762490510940552,16.38783269961977,-28.669201520912544,1.4893167551907291,-0.70883665390018,0.9669173359870911,0.75716233253479,0.9968578219413757,0.2075284719467163,0.9665813446044922,0.6843934059143066,0.9669237732887268,0.7585458308458328,37.452471482889734,-42.28136882129277,1.9668560606060606,-3.730739528293876
RoadAccidents,delta_classifier_auc,4,RoadAccidents012_x264,RoadAccidents,464,140,0.2515156865119934,0.6008828282356262,0.28886398673057556,0.23537757992744446,75.96119929453262,45.95262723387724,0.14482852816581726,0.19423264265060425,0.16919776797294617,0.134298637509346,91.26984126984127,73.32522239665097,0.10603295266628265,-0.14548273384571075,0.5015468597412109,-0.09933596849441528,0.07899560779333115,-0.20986837893724442,0.11771576851606369,-0.11766181141138077,62.34567901234568,-13.615520282186942,35.655999327715385,-10.296627906161852,0.4513738453388214,0.30654531717300415,0.5881606340408325,0.39392799139022827,0.521001398563385,0.35180363059043884,0.4212879240512848,0.2869892865419388,82.66313932980599,-8.606701940035279,53.98415869844442,-19.341063698206554
RoadAccidents,delta_classifier_auc,5,RoadAccidents004_x264,RoadAccidents,384,49,0.19503384828567505,0.7156179547309875,0.06792813539505005,0.21362543106079102,34.64818763326226,12.203251601392436,0.13545723259449005,0.5910197496414185,0.0597001388669014,0.1465381383895874,41.76363082546452,13.570517492711371,0.08114785701036453,-0.11388599127531052,0.6566044688224792,-0.0590134859085083,0.006406974513083696,-0.06152116088196635,0.09208011627197266,-0.12154531478881836,25.48583612549497,-9.16235150776729,10.912162562393378,-1.2910890389990577,0.35895195603370667,0.2234947234392166,0.7919220924377441,0.20090234279632568,0.25623396039009094,0.19653382152318954,0.3739764392375946,0.2274383008480072,41.76363082546452,0.0,13.570517492711371,0.0
RoadAccidents,delta_alignment_auc,1,RoadAccidents011_x264,RoadAccidents,2144,40,0.25385889410972595,0.8780470490455627,0.19609491527080536,0.25495702028274536,45.057034220532316,2.198153409090909,0.20975500345230103,0.7893293499946594,0.28218793869018555,0.20837794244289398,79.73384030418251,5.697595588899937,0.5273523926734924,0.2734934985637665,0.9971086382865906,0.11906158924102783,0.32464852929115295,0.1285536140203476,0.5312060713768005,0.2762490510940552,16.38783269961977,-28.669201520912544,1.4893167551907291,-0.70883665390018,0.9669173359870911,0.75716233253479,0.9968578219413757,0.2075284719467163,0.9665813446044922,0.6843934059143066,0.9669237732887268,0.7585458308458328,37.452471482889734,-42.28136882129277,1.9668560606060606,-3.730739528293876
RoadAccidents,delta_alignment_auc,2,RoadAccidents021_x264,RoadAccidents,144,60,0.6819291710853577,0.7395853400230408,0.7276223301887512,0.6492911577224731,98.88888888888889,97.60416666666667,0.881031334400177,0.9436544179916382,0.9148710370063782,0.8568602800369263,63.96825396825396,51.45833333333334,0.9415412545204163,0.2596120834350586,0.9615919589996338,0.22200661897659302,0.9462139010429382,0.218591570854187,0.9382038116455078,0.28891265392303467,36.031746031746025,-62.85714285714286,38.30952380952381,-59.29464285714286,0.9835919141769409,0.10256057977676392,0.9849963784217834,0.041341960430145264,0.9829586148262024,0.06808757781982422,0.9840443730354309,0.12718409299850464,22.063492063492063,-41.9047619047619,34.22222222222222,-17.23611111111112
RoadAccidents,delta_alignment_auc,3,RoadAccidents017_x264,RoadAccidents,240,70,0.12218689918518066,0.1779962033033371,0.08856066316366196,0.13603298366069794,11.008403361344534,20.544574473145904,0.33798232674598694,0.4539145231246948,0.41584059596061707,0.30592310428619385,64.78991596638654,38.78684807256236,0.5838687419891357,0.4616818428039551,0.8147590756416321,0.636762872338295,0.4848972260951996,0.39633656293153763,0.6246216893196106,0.48858870565891266,31.983193277310917,20.974789915966383,25.44784580498866,4.903271331842756,0.8537092804908752,0.5157269537448883,0.9397981762886047,0.4858836531639099,0.8403584361076355,0.42451784014701843,0.8592066764831543,0.5532835721969604,35.21008403361344,-29.579831932773104,26.459750566893426,-12.327097505668931
RoadAccidents,delta_alignment_auc,4,RoadAccidents133_x264,RoadAccidents,672,180,0.8995576500892639,0.9999926090240479,0.9998279213905334,0.8628734350204468,82.61065943992773,62.87763337179813,0.966171145439148,0.9997375011444092,0.9994440674781799,0.9539982080459595,80.96657633242998,67.61227871099152,0.8935524821281433,-0.0060051679611206055,0.9999767541885376,-1.5854835510253906e-05,0.9995817542076111,-0.0002461671829223633,0.8547612428665161,-0.008112192153930664,74.9683830171635,-7.642276422764226,53.85881835555748,-9.018815016240652,0.9884730577468872,0.022301912307739258,0.9994876980781555,-0.0002498030662536621,0.998980700969696,-0.0004633665084838867,0.9846286773681641,0.03063046932220459,70.66847335140018,-10.2981029810298,40.453628501838224,-27.158650209153294
RoadAccidents,delta_alignment_auc,5,RoadAccidents012_x264,RoadAccidents,464,140,0.2515156865119934,0.6008828282356262,0.28886398673057556,0.23537757992744446,75.96119929453262,45.95262723387724,0.14482852816581726,0.19423264265060425,0.16919776797294617,0.134298637509346,91.26984126984127,73.32522239665097,0.10603295266628265,-0.14548273384571075,0.5015468597412109,-0.09933596849441528,0.07899560779333115,-0.20986837893724442,0.11771576851606369,-0.11766181141138077,62.34567901234568,-13.615520282186942,35.655999327715385,-10.296627906161852,0.4513738453388214,0.30654531717300415,0.5881606340408325,0.39392799139022827,0.521001398563385,0.35180363059043884,0.4212879240512848,0.2869892865419388,82.66313932980599,-8.606701940035279,53.98415869844442,-19.341063698206554
RoadAccidents,delta_classifier_positive_mean,1,RoadAccidents016_x264,RoadAccidents,2192,190,0.19329096376895905,0.8276540040969849,0.4597426950931549,0.16800332069396973,79.34328829065672,42.60026931875713,0.010253619402647018,0.048538804054260254,0.02547089196741581,0.008809422142803669,83.88611388611389,46.062039675631404,0.03419296815991402,-0.15909799560904503,0.5971775650978088,-0.23047643899917603,0.14244890213012695,-0.31729379296302795,0.02391892857849598,-0.14408439211547375,84.87039276512961,5.5271044744728925,39.36425260730476,-3.236016711452365,0.09875969588756561,0.0885060764849186,0.46835464239120483,0.4198158383369446,0.27765852212905884,0.25218763016164303,0.0817812830209732,0.07297186087816954,87.41942268258059,3.5333087964666987,56.871027249143594,10.80898757351219
RoadAccidents,delta_classifier_positive_mean,2,RoadAccidents125_x264,RoadAccidents,1760,110,0.859211802482605,0.995455265045166,0.9882308840751648,0.8506106734275818,93.36308539944905,58.02207792207792,0.9921458959579468,0.9973435997962952,0.9964838027954102,0.9918566346168518,94.80881542699724,62.46517296517297,0.29936784505844116,-0.5598439574241638,0.8378821611404419,-0.15757310390472412,0.7322681546211243,-0.2559627294540405,0.2705077826976776,-0.5801028907299042,94.52672176308539,1.1636363636363427,59.07024793388429,1.04817001180637,0.9031322002410889,-0.08901369571685791,0.9649158716201782,-0.03242772817611694,0.954833447933197,-0.041650354862213135,0.8996855020523071,-0.09217113256454468,95.99008264462809,1.1812672176308467,74.4619182900433,11.996745324870332
RoadAccidents,delta_classifier_positive_mean,3,RoadAccidents012_x264,RoadAccidents,464,140,0.2515156865119934,0.6008828282356262,0.28886398673057556,0.23537757992744446,75.96119929453262,45.95262723387724,0.14482852816581726,0.19423264265060425,0.16919776797294617,0.134298637509346,91.26984126984127,73.32522239665097,0.10603295266628265,-0.14548273384571075,0.5015468597412109,-0.09933596849441528,0.07899560779333115,-0.20986837893724442,0.11771576851606369,-0.11766181141138077,62.34567901234568,-13.615520282186942,35.655999327715385,-10.296627906161852,0.4513738453388214,0.30654531717300415,0.5881606340408325,0.39392799139022827,0.521001398563385,0.35180363059043884,0.4212879240512848,0.2869892865419388,82.66313932980599,-8.606701940035279,53.98415869844442,-19.341063698206554
RoadAccidents,delta_classifier_positive_mean,4,RoadAccidents127_x264,RoadAccidents,2576,140,0.04902702942490578,0.4704607129096985,0.14968861639499664,0.04324187710881233,85.56181093126906,20.765222953476513,0.05918541178107262,0.39956390857696533,0.06790756434202194,0.05868413671851158,81.1705371803894,14.115404739350563,0.02013837918639183,-0.028888650238513947,0.15599429607391357,-0.3144664168357849,0.011992373503744602,-0.13769624289125204,0.020606540143489838,-0.022635336965322495,56.286652592071306,-29.27515833919776,6.81217805212615,-13.953044901350363,0.22401423752307892,0.1648288257420063,0.4651700258255005,0.06560611724853516,0.3679037392139435,0.29999617487192154,0.215744748711586,0.15706061199307442,91.00398780201736,9.83345062162796,26.69454574247807,12.579141003127507
RoadAccidents,delta_classifier_positive_mean,5,RoadAccidents132_x264,RoadAccidents,1856,100,0.12562952935695648,0.497145414352417,0.19069918990135193,0.12192394584417343,85.80865603644646,17.553621783161425,0.05336591973900795,0.31883853673934937,0.06220332160592079,0.05286264792084694,88.25056947608202,20.443380830593107,0.04924040660262108,-0.0763891227543354,0.23992525041103363,-0.25722016394138336,0.08999872207641602,-0.10070046782493591,0.0469193160533905,-0.07500462979078293,87.12072892938497,1.3120728929385024,19.175607725607726,1.621985942446301,0.4699006974697113,0.41653477773070335,0.6549015641212463,0.336063027381897,0.5939441919326782,0.5317408703267574,0.46283668279647827,0.40997403487563133,89.67198177676536,1.4214123006833432,23.341955699137014,2.898574868543907
RoadAccidents,delta_alignment_positive_mean,1,RoadAccidents009_x264,RoadAccidents,912,30,0.37581169605255127,0.5244616270065308,0.2331099659204483,0.38066551089286804,21.21693121693122,3.1020122051789545,0.7066810727119446,0.8081365823745728,0.6505087018013,0.7085916996002197,29.198790627362055,3.4674796747967482,0.4480436146259308,0.07223191857337952,0.5950021743774414,0.07054054737091064,0.3392140567302704,0.10610409080982208,0.45174533128738403,0.07107982039451599,22.91005291005291,1.693121693121693,3.1847545219638245,0.08274231678486998,0.6699098348617554,-0.03677123785018921,0.8093439340591431,0.0012073516845703125,0.5910522937774658,-0.05945640802383423,0.672592043876648,-0.03599965572357178,29.198790627362055,0.0,3.4674796747967482,0.0
RoadAccidents,delta_alignment_positive_mean,2,RoadAccidents125_x264,RoadAccidents,1760,110,0.859211802482605,0.995455265045166,0.9882308840751648,0.8506106734275818,93.36308539944905,58.02207792207792,0.9921458959579468,0.9973435997962952,0.9964838027954102,0.9918566346168518,94.80881542699724,62.46517296517297,0.29936784505844116,-0.5598439574241638,0.8378821611404419,-0.15757310390472412,0.7322681546211243,-0.2559627294540405,0.2705077826976776,-0.5801028907299042,94.52672176308539,1.1636363636363427,59.07024793388429,1.04817001180637,0.9031322002410889,-0.08901369571685791,0.9649158716201782,-0.03242772817611694,0.954833447933197,-0.041650354862213135,0.8996855020523071,-0.09217113256454468,95.99008264462809,1.1812672176308467,74.4619182900433,11.996745324870332
RoadAccidents,delta_alignment_positive_mean,3,RoadAccidents131_x264,RoadAccidents,1520,60,0.7509441375732422,0.9472881555557251,0.8707655668258667,0.7460200190544128,57.01369863013698,5.54958426271529,0.9875722527503967,0.9971773028373718,0.9931020140647888,0.9873450994491577,49.78082191780822,4.747937036266555,0.7393459677696228,-0.011598169803619385,0.9202232360839844,-0.027064919471740723,0.8155810236930847,-0.05518454313278198,0.7362130880355835,-0.009806931018829346,58.40182648401826,1.3881278538812793,5.730493278004996,0.18090901528970615,0.9571056365966797,-0.03046661615371704,0.9741553664207458,-0.023021936416625977,0.9608791470527649,-0.032222867012023926,0.9569504857063293,-0.03039461374282837,44.73972602739727,-5.041095890410951,4.266077043925392,-0.48185999234116306
RoadAccidents,delta_alignment_positive_mean,4,RoadAccidents123_x264,RoadAccidents,992,80,0.6784880757331848,0.9150828123092651,0.5762304067611694,0.6874580979347229,29.60526315789474,6.691837688351937,0.9717664122581482,0.9927240610122681,0.9736019372940063,0.9716054201126099,30.13157894736842,6.813079867554084,0.668060302734375,-0.010427772998809814,0.8615341186523438,-0.05354869365692139,0.7111584544181824,0.13492804765701294,0.6642798185348511,-0.023178279399871826,45.57017543859649,15.964912280701753,8.320023576973004,1.6281858886210667,0.9376419186592102,-0.03412449359893799,0.9623683094978333,-0.030355751514434814,0.9455012083053589,-0.02810072898864746,0.936952531337738,-0.034652888774871826,47.85087719298246,17.719298245614038,8.715093591052906,1.902013723498822
RoadAccidents,delta_alignment_positive_mean,5,RoadAccidents002_x264,RoadAccidents,336,60,0.3034098744392395,0.9980212450027466,0.8929956555366516,0.17523904144763947,87.10144927536231,48.00000000000001,0.4440094530582428,0.9995854496955872,0.9641193151473999,0.3309420645236969,87.10144927536231,48.00000000000001,0.2830931842327118,-0.02031669020652771,0.9902702569961548,-0.007750988006591797,0.8149510622024536,-0.078044593334198,0.16747184097766876,-0.007767200469970703,87.10144927536231,0.0,48.00000000000001,0.0,0.47930023074150085,0.03529077768325806,0.9973247647285461,-0.0022606849670410156,0.9600604772567749,-0.004058837890625,0.37478721141815186,0.043845146894454956,87.10144927536231,0.0,48.00000000000001,0.0
Robbery,delta_classifier_auc,1,Robbery048_x264,Robbery,1408,480,0.948886513710022,0.9997454285621643,0.998911440372467,0.9230114221572876,97.35632183908046,94.86360457170268,0.9887657165527344,0.9979891180992126,0.9971846342086792,0.9844111204147339,95.45977011494251,90.48800856790666,0.9344909191131592,-0.014395594596862793,0.9994994401931763,-0.0002459883689880371,0.9977288842201233,-0.00118255615234375,0.9017815589904785,-0.021229863166809082,89.36781609195404,-7.988505747126425,82.15742329671036,-12.706181274992318,0.9851629137992859,-0.0036028027534484863,0.999008297920227,0.0010191798210144043,0.9985085725784302,0.0013239383697509766,0.9782599806785583,-0.006151139736175537,99.05172413793103,3.591954022988517,98.37267015694174,7.884661589035076
Robbery,delta_classifier_auc,2,Robbery102_x264,Robbery,1824,480,0.9774832725524902,0.9999916553497314,0.9999755620956421,0.9694501161575317,99.92063492063492,99.76419366074538,0.9949145317077637,0.9995980262756348,0.9993635416030884,0.9933257102966309,99.5436507936508,98.58204991691777,0.931685745716095,-0.045797526836395264,0.9999805688858032,-1.1086463928222656e-05,0.9999471306800842,-2.8431415557861328e-05,0.9073065519332886,-0.062143564224243164,99.24603174603173,-0.6746031746031917,98.05397829430088,-1.7102153664445012,0.9785965085029602,-0.016318023204803467,0.999303936958313,-0.00029408931732177734,0.9990463256835938,-0.0003172159194946289,0.9712931513786316,-0.022032558917999268,97.08333333333333,-2.4603174603174693,91.10558358058232,-7.476466336335449
Robbery,delta_classifier_auc,3,Robbery137_x264,Robbery,2192,1815,0.9521539807319641,0.9999629259109497,0.9934781789779663,0.7532063722610474,98.0335547420187,99.59512687255557,0.9777076840400696,0.9958757758140564,0.9887369871139526,0.9246096611022949,91.77156177156178,98.14970279826196,0.8813610076904297,-0.07079297304153442,0.999946117401123,-1.6808509826660156e-05,0.968604564666748,-0.02487361431121826,0.4613424837589264,-0.29186388850212097,98.4567887702684,0.4232340282497091,99.69620630102926,0.101079428473696,0.9644644856452942,-0.01324319839477539,0.9986890554428101,0.002813279628753662,0.9899333119392395,0.0011963248252868652,0.8418498039245605,-0.08275985717773438,97.40688778306334,5.6353260115015615,99.46897985039209,1.3192770521301327
Robbery,delta_classifier_auc,4,Robbery106_x264,Robbery,1184,120,0.5343584418296814,0.9666337370872498,0.9536124467849731,0.48707419633865356,96.06516290726816,59.830687830687836,0.8468530774116516,0.971706748008728,0.9698381423950195,0.83298259973526,97.86967418546367,86.16849816849816,0.6606245636940002,0.12626612186431885,0.9925582408905029,0.025924503803253174,0.9907066822052002,0.03709423542022705,0.6233972311019897,0.13632303476333618,98.17042606516291,2.105263157894754,85.72053872053871,25.889850889850877,0.8606083989143372,0.013755321502685547,0.9788770079612732,0.007170259952545166,0.9766040444374084,0.006765902042388916,0.8475261926651001,0.014543592929840088,98.87218045112782,1.0025062656641524,91.18518518518518,5.016687016687015
Robbery,delta_classifier_auc,5,Robbery050_x264,Robbery,1696,915,0.03775212913751602,0.1826968789100647,0.06292809545993805,0.00825660489499569,84.35808092469371,88.90832060042261,0.010178390890359879,0.01830953359603882,0.012926989234983921,0.006958199664950371,85.38800612917444,90.78960700872818,0.04399591684341431,0.006243787705898285,0.1681794971227646,-0.01451738178730011,0.07230150699615479,0.009373411536216736,0.010833797976374626,0.0025771930813789368,87.29112878962798,2.9330478649342666,90.84309600723195,1.9347754068093366,0.0593150332570076,0.04913664236664772,0.10152298212051392,0.0832134485244751,0.07345224171876907,0.06052525248378515,0.04275223985314369,0.03579404018819332,85.19545489529327,-0.19255123388117568,90.77802657684282,-0.011580431885363396
Robbery,delta_alignment_auc,1,Robbery102_x264,Robbery,1824,480,0.9774832725524902,0.9999916553497314,0.9999755620956421,0.9694501161575317,99.92063492063492,99.76419366074538,0.9949145317077637,0.9995980262756348,0.9993635416030884,0.9933257102966309,99.5436507936508,98.58204991691777,0.931685745716095,-0.045797526836395264,0.9999805688858032,-1.1086463928222656e-05,0.9999471306800842,-2.8431415557861328e-05,0.9073065519332886,-0.062143564224243164,99.24603174603173,-0.6746031746031917,98.05397829430088,-1.7102153664445012,0.9785965085029602,-0.016318023204803467,0.999303936958313,-0.00029408931732177734,0.9990463256835938,-0.0003172159194946289,0.9712931513786316,-0.022032558917999268,97.08333333333333,-2.4603174603174693,91.10558358058232,-7.476466336335449
Robbery,delta_alignment_auc,2,Robbery050_x264,Robbery,1696,915,0.03775212913751602,0.1826968789100647,0.06292809545993805,0.00825660489499569,84.35808092469371,88.90832060042261,0.010178390890359879,0.01830953359603882,0.012926989234983921,0.006958199664950371,85.38800612917444,90.78960700872818,0.04399591684341431,0.006243787705898285,0.1681794971227646,-0.01451738178730011,0.07230150699615479,0.009373411536216736,0.010833797976374626,0.0025771930813789368,87.29112878962798,2.9330478649342666,90.84309600723195,1.9347754068093366,0.0593150332570076,0.04913664236664772,0.10152298212051392,0.0832134485244751,0.07345224171876907,0.06052525248378515,0.04275223985314369,0.03579404018819332,85.19545489529327,-0.19255123388117568,90.77802657684282,-0.011580431885363396
Robbery,delta_alignment_auc,3,Robbery106_x264,Robbery,1184,120,0.5343584418296814,0.9666337370872498,0.9536124467849731,0.48707419633865356,96.06516290726816,59.830687830687836,0.8468530774116516,0.971706748008728,0.9698381423950195,0.83298259973526,97.86967418546367,86.16849816849816,0.6606245636940002,0.12626612186431885,0.9925582408905029,0.025924503803253174,0.9907066822052002,0.03709423542022705,0.6233972311019897,0.13632303476333618,98.17042606516291,2.105263157894754,85.72053872053871,25.889850889850877,0.8606083989143372,0.013755321502685547,0.9788770079612732,0.007170259952545166,0.9766040444374084,0.006765902042388916,0.8475261926651001,0.014543592929840088,98.87218045112782,1.0025062656641524,91.18518518518518,5.016687016687015
Robbery,delta_alignment_auc,4,Robbery048_x264,Robbery,1408,480,0.948886513710022,0.9997454285621643,0.998911440372467,0.9230114221572876,97.35632183908046,94.86360457170268,0.9887657165527344,0.9979891180992126,0.9971846342086792,0.9844111204147339,95.45977011494251,90.48800856790666,0.9344909191131592,-0.014395594596862793,0.9994994401931763,-0.0002459883689880371,0.9977288842201233,-0.00118255615234375,0.9017815589904785,-0.021229863166809082,89.36781609195404,-7.988505747126425,82.15742329671036,-12.706181274992318,0.9851629137992859,-0.0036028027534484863,0.999008297920227,0.0010191798210144043,0.9985085725784302,0.0013239383697509766,0.9782599806785583,-0.006151139736175537,99.05172413793103,3.591954022988517,98.37267015694174,7.884661589035076
Robbery,delta_alignment_auc,5,Robbery137_x264,Robbery,2192,1815,0.9521539807319641,0.9999629259109497,0.9934781789779663,0.7532063722610474,98.0335547420187,99.59512687255557,0.9777076840400696,0.9958757758140564,0.9887369871139526,0.9246096611022949,91.77156177156178,98.14970279826196,0.8813610076904297,-0.07079297304153442,0.999946117401123,-1.6808509826660156e-05,0.968604564666748,-0.02487361431121826,0.4613424837589264,-0.29186388850212097,98.4567887702684,0.4232340282497091,99.69620630102926,0.101079428473696,0.9644644856452942,-0.01324319839477539,0.9986890554428101,0.002813279628753662,0.9899333119392395,0.0011963248252868652,0.8418498039245605,-0.08275985717773438,97.40688778306334,5.6353260115015615,99.46897985039209,1.3192770521301327
Robbery,delta_classifier_positive_mean,1,Robbery137_x264,Robbery,2192,1815,0.9521539807319641,0.9999629259109497,0.9934781789779663,0.7532063722610474,98.0335547420187,99.59512687255557,0.9777076840400696,0.9958757758140564,0.9887369871139526,0.9246096611022949,91.77156177156178,98.14970279826196,0.8813610076904297,-0.07079297304153442,0.999946117401123,-1.6808509826660156e-05,0.968604564666748,-0.02487361431121826,0.4613424837589264,-0.29186388850212097,98.4567887702684,0.4232340282497091,99.69620630102926,0.101079428473696,0.9644644856452942,-0.01324319839477539,0.9986890554428101,0.002813279628753662,0.9899333119392395,0.0011963248252868652,0.8418498039245605,-0.08275985717773438,97.40688778306334,5.6353260115015615,99.46897985039209,1.3192770521301327
Robbery,delta_classifier_positive_mean,2,Robbery048_x264,Robbery,1408,480,0.948886513710022,0.9997454285621643,0.998911440372467,0.9230114221572876,97.35632183908046,94.86360457170268,0.9887657165527344,0.9979891180992126,0.9971846342086792,0.9844111204147339,95.45977011494251,90.48800856790666,0.9344909191131592,-0.014395594596862793,0.9994994401931763,-0.0002459883689880371,0.9977288842201233,-0.00118255615234375,0.9017815589904785,-0.021229863166809082,89.36781609195404,-7.988505747126425,82.15742329671036,-12.706181274992318,0.9851629137992859,-0.0036028027534484863,0.999008297920227,0.0010191798210144043,0.9985085725784302,0.0013239383697509766,0.9782599806785583,-0.006151139736175537,99.05172413793103,3.591954022988517,98.37267015694174,7.884661589035076
Robbery,delta_classifier_positive_mean,3,Robbery102_x264,Robbery,1824,480,0.9774832725524902,0.9999916553497314,0.9999755620956421,0.9694501161575317,99.92063492063492,99.76419366074538,0.9949145317077637,0.9995980262756348,0.9993635416030884,0.9933257102966309,99.5436507936508,98.58204991691777,0.931685745716095,-0.045797526836395264,0.9999805688858032,-1.1086463928222656e-05,0.9999471306800842,-2.8431415557861328e-05,0.9073065519332886,-0.062143564224243164,99.24603174603173,-0.6746031746031917,98.05397829430088,-1.7102153664445012,0.9785965085029602,-0.016318023204803467,0.999303936958313,-0.00029408931732177734,0.9990463256835938,-0.0003172159194946289,0.9712931513786316,-0.022032558917999268,97.08333333333333,-2.4603174603174693,91.10558358058232,-7.476466336335449
Robbery,delta_classifier_positive_mean,4,Robbery050_x264,Robbery,1696,915,0.03775212913751602,0.1826968789100647,0.06292809545993805,0.00825660489499569,84.35808092469371,88.90832060042261,0.010178390890359879,0.01830953359603882,0.012926989234983921,0.006958199664950371,85.38800612917444,90.78960700872818,0.04399591684341431,0.006243787705898285,0.1681794971227646,-0.01451738178730011,0.07230150699615479,0.009373411536216736,0.010833797976374626,0.0025771930813789368,87.29112878962798,2.9330478649342666,90.84309600723195,1.9347754068093366,0.0593150332570076,0.04913664236664772,0.10152298212051392,0.0832134485244751,0.07345224171876907,0.06052525248378515,0.04275223985314369,0.03579404018819332,85.19545489529327,-0.19255123388117568,90.77802657684282,-0.011580431885363396
Robbery,delta_classifier_positive_mean,5,Robbery106_x264,Robbery,1184,120,0.5343584418296814,0.9666337370872498,0.9536124467849731,0.48707419633865356,96.06516290726816,59.830687830687836,0.8468530774116516,0.971706748008728,0.9698381423950195,0.83298259973526,97.86967418546367,86.16849816849816,0.6606245636940002,0.12626612186431885,0.9925582408905029,0.025924503803253174,0.9907066822052002,0.03709423542022705,0.6233972311019897,0.13632303476333618,98.17042606516291,2.105263157894754,85.72053872053871,25.889850889850877,0.8606083989143372,0.013755321502685547,0.9788770079612732,0.007170259952545166,0.9766040444374084,0.006765902042388916,0.8475261926651001,0.014543592929840088,98.87218045112782,1.0025062656641524,91.18518518518518,5.016687016687015
Robbery,delta_alignment_positive_mean,1,Robbery102_x264,Robbery,1824,480,0.9774832725524902,0.9999916553497314,0.9999755620956421,0.9694501161575317,99.92063492063492,99.76419366074538,0.9949145317077637,0.9995980262756348,0.9993635416030884,0.9933257102966309,99.5436507936508,98.58204991691777,0.931685745716095,-0.045797526836395264,0.9999805688858032,-1.1086463928222656e-05,0.9999471306800842,-2.8431415557861328e-05,0.9073065519332886,-0.062143564224243164,99.24603174603173,-0.6746031746031917,98.05397829430088,-1.7102153664445012,0.9785965085029602,-0.016318023204803467,0.999303936958313,-0.00029408931732177734,0.9990463256835938,-0.0003172159194946289,0.9712931513786316,-0.022032558917999268,97.08333333333333,-2.4603174603174693,91.10558358058232,-7.476466336335449
Robbery,delta_alignment_positive_mean,2,Robbery137_x264,Robbery,2192,1815,0.9521539807319641,0.9999629259109497,0.9934781789779663,0.7532063722610474,98.0335547420187,99.59512687255557,0.9777076840400696,0.9958757758140564,0.9887369871139526,0.9246096611022949,91.77156177156178,98.14970279826196,0.8813610076904297,-0.07079297304153442,0.999946117401123,-1.6808509826660156e-05,0.968604564666748,-0.02487361431121826,0.4613424837589264,-0.29186388850212097,98.4567887702684,0.4232340282497091,99.69620630102926,0.101079428473696,0.9644644856452942,-0.01324319839477539,0.9986890554428101,0.002813279628753662,0.9899333119392395,0.0011963248252868652,0.8418498039245605,-0.08275985717773438,97.40688778306334,5.6353260115015615,99.46897985039209,1.3192770521301327
Robbery,delta_alignment_positive_mean,3,Robbery048_x264,Robbery,1408,480,0.948886513710022,0.9997454285621643,0.998911440372467,0.9230114221572876,97.35632183908046,94.86360457170268,0.9887657165527344,0.9979891180992126,0.9971846342086792,0.9844111204147339,95.45977011494251,90.48800856790666,0.9344909191131592,-0.014395594596862793,0.9994994401931763,-0.0002459883689880371,0.9977288842201233,-0.00118255615234375,0.9017815589904785,-0.021229863166809082,89.36781609195404,-7.988505747126425,82.15742329671036,-12.706181274992318,0.9851629137992859,-0.0036028027534484863,0.999008297920227,0.0010191798210144043,0.9985085725784302,0.0013239383697509766,0.9782599806785583,-0.006151139736175537,99.05172413793103,3.591954022988517,98.37267015694174,7.884661589035076
Robbery,delta_alignment_positive_mean,4,Robbery106_x264,Robbery,1184,120,0.5343584418296814,0.9666337370872498,0.9536124467849731,0.48707419633865356,96.06516290726816,59.830687830687836,0.8468530774116516,0.971706748008728,0.9698381423950195,0.83298259973526,97.86967418546367,86.16849816849816,0.6606245636940002,0.12626612186431885,0.9925582408905029,0.025924503803253174,0.9907066822052002,0.03709423542022705,0.6233972311019897,0.13632303476333618,98.17042606516291,2.105263157894754,85.72053872053871,25.889850889850877,0.8606083989143372,0.013755321502685547,0.9788770079612732,0.007170259952545166,0.9766040444374084,0.006765902042388916,0.8475261926651001,0.014543592929840088,98.87218045112782,1.0025062656641524,91.18518518518518,5.016687016687015
Robbery,delta_alignment_positive_mean,5,Robbery050_x264,Robbery,1696,915,0.03775212913751602,0.1826968789100647,0.06292809545993805,0.00825660489499569,84.35808092469371,88.90832060042261,0.010178390890359879,0.01830953359603882,0.012926989234983921,0.006958199664950371,85.38800612917444,90.78960700872818,0.04399591684341431,0.006243787705898285,0.1681794971227646,-0.01451738178730011,0.07230150699615479,0.009373411536216736,0.010833797976374626,0.0025771930813789368,87.29112878962798,2.9330478649342666,90.84309600723195,1.9347754068093366,0.0593150332570076,0.04913664236664772,0.10152298212051392,0.0832134485244751,0.07345224171876907,0.06052525248378515,0.04275223985314369,0.03579404018819332,85.19545489529327,-0.19255123388117568,90.77802657684282,-0.011580431885363396
Shooting,delta_classifier_auc,1,Shooting048_x264,Shooting,2736,320,0.033469270914793015,0.26033300161361694,0.1536930650472641,0.017545592039823532,98.9362582781457,91.75589203377035,0.02521713450551033,0.08907365798950195,0.06763158738613129,0.019599327817559242,99.50745033112582,96.11329205413517,0.0044075315818190575,-0.029061739332973957,0.03162063658237457,-0.22871236503124237,0.005581239238381386,-0.1481118258088827,0.00425207382068038,-0.013293518219143152,62.64072847682118,-36.29552980132452,21.756194633170676,-69.99969740059967,0.11155349016189575,0.08633635565638542,0.18567854166030884,0.09660488367080688,0.15758658945560455,0.08995500206947327,0.1054564118385315,0.08585708402097225,88.79139072847683,-10.716059602648997,69.29754098761593,-26.81575106651924
Shooting,delta_classifier_auc,2,Shooting026_x264,Shooting,1392,405,0.992069661617279,0.9995100498199463,0.9985238313674927,0.9894211292266846,67.35149536567975,55.02251015141692,0.9988416433334351,0.9996306896209717,0.9992469549179077,0.9986752271652222,39.7852327166748,30.159971830815486,0.9948483109474182,0.00277864933013916,0.9993352293968201,-0.0001748204231262207,0.99793541431427,-0.0005884170532226562,0.9935815930366516,0.004160463809967041,58.9219107658824,-8.429584599797352,31.02374709236464,-23.998763059052276,0.9963734745979309,-0.0024681687355041504,0.999390721321106,-0.00023996829986572266,0.9978629946708679,-0.001383960247039795,0.995762288570404,-0.0029129385948181152,65.02995734674221,25.24472463006741,34.233035531461745,4.073063700646259
Shooting,delta_classifier_auc,3,Shooting024_x264,Shooting,2000,585,0.8713719248771667,0.9932379722595215,0.9836461544036865,0.8249546885490417,77.55338105161427,44.29184737213973,0.9386434555053711,0.9959802031517029,0.9922563433647156,0.9164783954620361,86.5413306756063,56.737489451652515,0.8866623640060425,0.015290439128875732,0.9967779517173767,0.0035399794578552246,0.9929731488227844,0.0093269944190979,0.8427106142044067,0.01775592565536499,69.6787774455619,-7.874603606052361,37.07830301150642,-7.213544360633307,0.9484981894493103,0.009854733943939209,0.9965934753417969,0.0006132721900939941,0.9954665899276733,0.0032102465629577637,0.929080069065094,0.012601673603057861,78.48503518468183,-8.05629549092447,45.735096153608964,-11.00239329804355
Shooting,delta_classifier_auc,4,Shooting034_x264,Shooting,1408,90,0.4355591833591461,0.9770957231521606,0.9563177227973938,0.3999989926815033,93.90490642387455,37.08680825347492,0.9198688268661499,0.9973093867301941,0.9963746666908264,0.914644718170166,95.46956668352723,48.96296296296297,0.6627442836761475,0.22718510031700134,0.9824615120887756,0.00536578893661499,0.9642448425292969,0.007927119731903076,0.642156183719635,0.2421571910381317,87.75417298937785,-6.150733434496701,22.793762729263246,-14.293045524211674,0.8601028323173523,-0.05976599454879761,0.9909253716468811,-0.006384015083312988,0.9852184057235718,-0.011156260967254639,0.8515591621398926,-0.06308555603027344,89.8313943685719,-5.638172314955327,26.16938997821351,-22.79357298474946
Shooting,delta_classifier_auc,5,Shooting021_x264,Shooting,1264,150,0.9583021998405457,0.9979092478752136,0.9971775412559509,0.9530676007270813,98.25852782764811,92.55065789473684,0.9929836392402649,0.9979361891746521,0.9977205395698547,0.9923457503318787,98.62238180730102,92.26406926406926,0.9466676115989685,-0.011634588241577148,0.9991322159767151,0.0012229681015014648,0.9980645775794983,0.0008870363235473633,0.9397470951080322,-0.013320505619049072,92.70496708557751,-5.5535607420706015,80.66340388007055,-11.887254014666297,0.9791731238365173,-0.013810515403747559,0.9971492886543274,-0.000786900520324707,0.9962121844291687,-0.0015083551406860352,0.9768787622451782,-0.01546698808670044,96.17115499700778,-2.4512268102932495,88.8232090490155,-3.4408602150537604
Shooting,delta_alignment_auc,1,Shooting046_x264,Shooting,5088,553,0.9515215754508972,0.9994412064552307,0.9893534779548645,0.9469083547592163,39.68265709141876,8.773508743741921,0.9822192192077637,0.9994860291481018,0.9984588623046875,0.9802389740943909,73.0038818033738,55.31788276804984,0.862109899520874,-0.0894116759300232,0.9933370351791382,-0.006104171276092529,0.9385737180709839,-0.050779759883880615,0.8527858257293701,-0.09412252902984619,61.28262997661348,21.599972885194717,16.291051838516342,7.517543094774421,0.9591254591941833,-0.023093760013580322,0.9962049722671509,-0.0032810568809509277,0.9882331490516663,-0.01022571325302124,0.9555761218070984,-0.02466285228729248,56.74137858847501,-16.262503214898793,18.404924471054176,-36.91295829699567
Shooting,delta_alignment_auc,2,Shooting013_x264,Shooting,1072,85,0.9998451471328735,0.9999973773956299,0.9999611973762512,0.9998351335525513,21.92681327850289,6.066139962352963,0.9994640946388245,0.9998502731323242,0.9996339082717896,0.9994494318962097,75.72739734191548,18.33545539427892,0.9997861385345459,-5.900859832763672e-05,0.9999845027923584,-1.2874603271484375e-05,0.9998229742050171,-0.00013822317123413086,0.9997830390930176,-5.2094459533691406e-05,32.49240121580547,10.565587937302581,6.842319990166024,0.7761800278130604,0.9988842010498047,-0.0005798935890197754,0.9996265172958374,-0.0002237558364868164,0.9989604949951172,-0.0006734132766723633,0.9988775849342346,-0.0005718469619750977,59.95530126944395,-15.772096072471527,11.035876327955933,-7.299579066322988
Shooting,delta_alignment_auc,3,Shooting048_x264,Shooting,2736,320,0.033469270914793015,0.26033300161361694,0.1536930650472641,0.017545592039823532,98.9362582781457,91.75589203377035,0.02521713450551033,0.08907365798950195,0.06763158738613129,0.019599327817559242,99.50745033112582,96.11329205413517,0.0044075315818190575,-0.029061739332973957,0.03162063658237457,-0.22871236503124237,0.005581239238381386,-0.1481118258088827,0.00425207382068038,-0.013293518219143152,62.64072847682118,-36.29552980132452,21.756194633170676,-69.99969740059967,0.11155349016189575,0.08633635565638542,0.18567854166030884,0.09660488367080688,0.15758658945560455,0.08995500206947327,0.1054564118385315,0.08585708402097225,88.79139072847683,-10.716059602648997,69.29754098761593,-26.81575106651924
Shooting,delta_alignment_auc,4,Shooting007_x264,Shooting,1424,120,0.9888675808906555,0.9997623562812805,0.9726460576057434,0.9903603792190552,8.640081799591002,5.175190031595873,0.9952447414398193,0.9993986487388611,0.9910239577293396,0.9956331849098206,18.261758691206545,5.734221373031297,0.997841477394104,0.008973896503448486,0.9998908042907715,0.0001284480094909668,0.9955107569694519,0.022864699363708496,0.9980560541152954,0.007695674896240234,5.2147239263803655,-3.4253578732106362,5.055414421568563,-0.11977561002731019,0.9980828762054443,0.002838134765625,0.9994469285011292,4.8279762268066406e-05,0.9967243075370789,0.005700349807739258,0.9982078671455383,0.0025746822357177734,9.683026584867074,-8.578732106339471,5.215842732150253,-0.5183786408810445
Shooting,delta_alignment_auc,5,Shooting024_x264,Shooting,2000,585,0.8713719248771667,0.9932379722595215,0.9836461544036865,0.8249546885490417,77.55338105161427,44.29184737213973,0.9386434555053711,0.9959802031517029,0.9922563433647156,0.9164783954620361,86.5413306756063,56.737489451652515,0.8866623640060425,0.015290439128875732,0.9967779517173767,0.0035399794578552246,0.9929731488227844,0.0093269944190979,0.8427106142044067,0.01775592565536499,69.6787774455619,-7.874603606052361,37.07830301150642,-7.213544360633307,0.9484981894493103,0.009854733943939209,0.9965934753417969,0.0006132721900939941,0.9954665899276733,0.0032102465629577637,0.929080069065094,0.012601673603057861,78.48503518468183,-8.05629549092447,45.735096153608964,-11.00239329804355
Shooting,delta_classifier_positive_mean,1,Shooting028_x264,Shooting,1888,270,0.7892069220542908,0.9996213912963867,0.82718425989151,0.7828695178031921,30.229821910909678,10.531688834807333,0.9554376602172852,0.999311089515686,0.9696899652481079,0.9530593752861023,27.4389964748432,10.045477130283963,0.6858626008033752,-0.10334432125091553,0.9997500777244568,0.00012868642807006836,0.4424970746040344,-0.3846871852874756,0.7264736294746399,-0.056395888328552246,27.801584031497505,-2.4282378794121726,10.13369474997843,-0.39799408482890364,0.847270667552948,-0.10816699266433716,0.9978834986686707,-0.0014275908470153809,0.8539395928382874,-0.11575037240982056,0.8461576700210571,-0.10690170526504517,32.40900975140777,4.970013276564572,10.640833528194896,0.5953563979109333
Shooting,delta_classifier_positive_mean,2,Shooting048_x264,Shooting,2736,320,0.033469270914793015,0.26033300161361694,0.1536930650472641,0.017545592039823532,98.9362582781457,91.75589203377035,0.02521713450551033,0.08907365798950195,0.06763158738613129,0.019599327817559242,99.50745033112582,96.11329205413517,0.0044075315818190575,-0.029061739332973957,0.03162063658237457,-0.22871236503124237,0.005581239238381386,-0.1481118258088827,0.00425207382068038,-0.013293518219143152,62.64072847682118,-36.29552980132452,21.756194633170676,-69.99969740059967,0.11155349016189575,0.08633635565638542,0.18567854166030884,0.09660488367080688,0.15758658945560455,0.08995500206947327,0.1054564118385315,0.08585708402097225,88.79139072847683,-10.716059602648997,69.29754098761593,-26.81575106651924
Shooting,delta_classifier_positive_mean,3,Shooting008_x264,Shooting,1616,240,0.302552729845047,0.9945724606513977,0.9911523461341858,0.18244817852973938,99.92732558139534,99.51370652427639,0.3087828755378723,0.9726930856704712,0.9644907712936401,0.19441519677639008,99.94670542635659,99.61805555555556,0.22192002832889557,-0.08063270151615143,0.9557219743728638,-0.038850486278533936,0.9249042272567749,-0.06624811887741089,0.09930649399757385,-0.08314168453216553,99.94670542635659,0.019379844961250114,99.61805555555556,0.10434903127917039,0.2901669442653656,-0.018615931272506714,0.9697960615158081,-0.002897024154663086,0.9571941494941711,-0.007296621799468994,0.17382502555847168,-0.020590171217918396,98.87596899224806,-1.0707364341085253,94.55038964598997,-5.067665909565591
Shooting,delta_classifier_positive_mean,4,Shooting046_x264,Shooting,5088,553,0.9515215754508972,0.9994412064552307,0.9893534779548645,0.9469083547592163,39.68265709141876,8.773508743741921,0.9822192192077637,0.9994860291481018,0.9984588623046875,0.9802389740943909,73.0038818033738,55.31788276804984,0.862109899520874,-0.0894116759300232,0.9933370351791382,-0.006104171276092529,0.9385737180709839,-0.050779759883880615,0.8527858257293701,-0.09412252902984619,61.28262997661348,21.599972885194717,16.291051838516342,7.517543094774421,0.9591254591941833,-0.023093760013580322,0.9962049722671509,-0.0032810568809509277,0.9882331490516663,-0.01022571325302124,0.9555761218070984,-0.02466285228729248,56.74137858847501,-16.262503214898793,18.404924471054176,-36.91295829699567
Shooting,delta_classifier_positive_mean,5,Shooting047_x264,Shooting,8272,3480,0.8839629888534546,0.9998915195465088,0.9734777808189392,0.8189564943313599,62.99215167040854,50.606029376310815,0.9428699016571045,0.9988834857940674,0.9940117001533508,0.905730128288269,61.20373035518968,57.50809422368596,0.8890331983566284,0.005070209503173828,0.999861478805542,-3.0040740966796875e-05,0.9706372022628784,-0.002840578556060791,0.8297716379165649,0.010815143585205078,73.13395889701228,10.141807226603738,72.27636965916517,21.670340282854355,0.9404594302177429,-0.0024104714393615723,0.9989371299743652,5.364418029785156e-05,0.9940406084060669,2.8908252716064453e-05,0.9015482664108276,-0.004181861877441406,68.47753919367528,7.273808838485607,67.06820804988752,9.560113826201558
Shooting,delta_alignment_positive_mean,1,Shooting028_x264,Shooting,1888,270,0.7892069220542908,0.9996213912963867,0.82718425989151,0.7828695178031921,30.229821910909678,10.531688834807333,0.9554376602172852,0.999311089515686,0.9696899652481079,0.9530593752861023,27.4389964748432,10.045477130283963,0.6858626008033752,-0.10334432125091553,0.9997500777244568,0.00012868642807006836,0.4424970746040344,-0.3846871852874756,0.7264736294746399,-0.056395888328552246,27.801584031497505,-2.4282378794121726,10.13369474997843,-0.39799408482890364,0.847270667552948,-0.10816699266433716,0.9978834986686707,-0.0014275908470153809,0.8539395928382874,-0.11575037240982056,0.8461576700210571,-0.10690170526504517,32.40900975140777,4.970013276564572,10.640833528194896,0.5953563979109333
Shooting,delta_alignment_positive_mean,2,Shooting034_x264,Shooting,1408,90,0.4355591833591461,0.9770957231521606,0.9563177227973938,0.3999989926815033,93.90490642387455,37.08680825347492,0.9198688268661499,0.9973093867301941,0.9963746666908264,0.914644718170166,95.46956668352723,48.96296296296297,0.6627442836761475,0.22718510031700134,0.9824615120887756,0.00536578893661499,0.9642448425292969,0.007927119731903076,0.642156183719635,0.2421571910381317,87.75417298937785,-6.150733434496701,22.793762729263246,-14.293045524211674,0.8601028323173523,-0.05976599454879761,0.9909253716468811,-0.006384015083312988,0.9852184057235718,-0.011156260967254639,0.8515591621398926,-0.06308555603027344,89.8313943685719,-5.638172314955327,26.16938997821351,-22.79357298474946
Shooting,delta_alignment_positive_mean,3,Shooting046_x264,Shooting,5088,553,0.9515215754508972,0.9994412064552307,0.9893534779548645,0.9469083547592163,39.68265709141876,8.773508743741921,0.9822192192077637,0.9994860291481018,0.9984588623046875,0.9802389740943909,73.0038818033738,55.31788276804984,0.862109899520874,-0.0894116759300232,0.9933370351791382,-0.006104171276092529,0.9385737180709839,-0.050779759883880615,0.8527858257293701,-0.09412252902984619,61.28262997661348,21.599972885194717,16.291051838516342,7.517543094774421,0.9591254591941833,-0.023093760013580322,0.9962049722671509,-0.0032810568809509277,0.9882331490516663,-0.01022571325302124,0.9555761218070984,-0.02466285228729248,56.74137858847501,-16.262503214898793,18.404924471054176,-36.91295829699567
Shooting,delta_alignment_positive_mean,4,Shooting015_x264,Shooting,1712,857,0.8537434935569763,0.9997720122337341,0.9053929448127747,0.8019733428955078,56.06822384627457,49.63909448542789,0.9960247874259949,0.99979168176651,0.9983808398246765,0.9936631917953491,62.62775764771712,56.40667573488627,0.9213143587112427,0.06757086515426636,0.9991967082023621,-0.0005753040313720703,0.9794495701789856,0.07405662536621094,0.8630431294441223,0.0610697865486145,80.76255399291693,24.694330146642365,84.01970623101614,34.380611745588254,0.9801039695739746,-0.015920817852020264,0.9965299963951111,-0.0032616853713989258,0.9894626140594482,-0.008918225765228271,0.9707234501838684,-0.022939741611480713,75.32102328945662,12.693265641739501,75.79110401133427,19.384428276448
Shooting,delta_alignment_positive_mean,5,Shooting008_x264,Shooting,1616,240,0.302552729845047,0.9945724606513977,0.9911523461341858,0.18244817852973938,99.92732558139534,99.51370652427639,0.3087828755378723,0.9726930856704712,0.9644907712936401,0.19441519677639008,99.94670542635659,99.61805555555556,0.22192002832889557,-0.08063270151615143,0.9557219743728638,-0.038850486278533936,0.9249042272567749,-0.06624811887741089,0.09930649399757385,-0.08314168453216553,99.94670542635659,0.019379844961250114,99.61805555555556,0.10434903127917039,0.2901669442653656,-0.018615931272506714,0.9697960615158081,-0.002897024154663086,0.9571941494941711,-0.007296621799468994,0.17382502555847168,-0.020590171217918396,98.87596899224806,-1.0707364341085253,94.55038964598997,-5.067665909565591
Shoplifting,delta_classifier_auc,1,Shoplifting017_x264,Shoplifting,448,60,0.9147397875785828,0.9852215647697449,0.9819477200508118,0.9043468832969666,97.14776632302404,86.23611111111111,0.9795833230018616,0.9899181127548218,0.9851066470146179,0.9787291884422302,71.58075601374571,26.846153846153847,0.961829662322998,0.04708987474441528,0.9785077571868896,-0.006713807582855225,0.9475718140602112,-0.034375905990600586,0.9640345573425293,0.059687674045562744,17.69759450171821,-79.45017182130583,10.043078711270931,-76.19303239984018,0.9567347168922424,-0.02284860610961914,0.9842002391815186,-0.005717873573303223,0.9164636135101318,-0.06864303350448608,0.9629622101783752,-0.01576697826385498,7.250859106529206,-64.32989690721651,9.138857921466617,-17.70729592468723
Shoplifting,delta_classifier_auc,2,Shoplifting049_x264,Shoplifting,2144,330,0.960145890712738,0.9964122176170349,0.9277225136756897,0.9660441875457764,16.81166683371755,9.440550969254765,0.9970570802688599,0.9988831281661987,0.9943914413452148,0.9975419044494629,3.3941398549998323,8.61009780742541,0.7191394567489624,-0.24100643396377563,0.9864839911460876,-0.009928226470947266,0.3455975353717804,-0.5821249783039093,0.7870935797691345,-0.17895060777664185,1.2558885436503964,-15.555778290067153,8.51554328720671,-0.9250076820480562,0.9567429423332214,-0.04031413793563843,0.9907150268554688,-0.00816810131072998,0.9077346324920654,-0.08665680885314941,0.96565842628479,-0.03188347816467285,3.7416056930941166,0.34746583809428433,8.622866635540822,0.012768828115412134
Shoplifting,delta_classifier_auc,3,Shoplifting015_x264,Shoplifting,2256,150,0.38923993706703186,0.7292248010635376,0.3935851454734802,0.38893043994903564,50.94207027540361,6.971339858897885,0.4481220841407776,0.7914173603057861,0.3613814413547516,0.4543001651763916,33.86324786324786,5.298227987710118,0.11281953752040863,-0.27642039954662323,0.6816865801811218,-0.04753822088241577,0.0419689305126667,-0.3516162149608135,0.11786586791276932,-0.2710645720362663,43.38524849635961,-7.556821779044,6.208863256756874,-0.7624766021410112,0.2818570137023926,-0.166265070438385,0.8215649127960205,0.030147552490234375,0.19267280399799347,-0.16870863735675812,0.2882091701030731,-0.16609099507331848,42.42291864514087,8.559670781893011,6.13868463748132,0.8404566497712018
Shoplifting,delta_classifier_auc,4,Shoplifting020_x264,Shoplifting,5760,120,0.8307396769523621,0.9980071187019348,0.996722936630249,0.8272079825401306,99.54137115839244,82.42327117327117,0.987302303314209,0.9984267950057983,0.9970354437828064,0.9870951771736145,90.89834515366431,10.91379381812736,0.6345618963241577,-0.19617778062820435,0.9900251626968384,-0.007981956005096436,0.9736750721931458,-0.02304786443710327,0.6273467540740967,-0.19986122846603394,92.77068557919621,-6.7706855791962255,13.315774344553544,-69.10749682871763,0.8351484537124634,-0.1521538496017456,0.9936887621879578,-0.004738032817840576,0.9921208620071411,-0.004914581775665283,0.8318085670471191,-0.15528661012649536,99.096926713948,8.198581560283685,80.83699633699634,69.92320251886898
Shoplifting,delta_classifier_auc,5,Shoplifting010_x264,Shoplifting,2736,590,0.03173794597387314,0.20464679598808289,0.021288270130753517,0.03461087867617607,40.23425529562291,17.364137826576943,0.02512356825172901,0.07951897382736206,0.020998597145080566,0.026257645338773727,43.466757230637995,18.594998599043986,0.006289398297667503,-0.025448547676205635,0.08447804301977158,-0.12016875296831131,0.0036502713337540627,-0.017637998796999454,0.007014973554760218,-0.027595905121415854,35.46764180896267,-4.7666134866602405,16.163081269037125,-1.2010565575398182,0.07450920343399048,0.04938563518226147,0.14783591032028198,0.06831693649291992,0.06495611369609833,0.04395751655101776,0.07713563740253448,0.05087799206376076,34.74986968265753,-8.716887547980463,16.043599892316905,-2.551398706727081
Shoplifting,delta_alignment_auc,1,Shoplifting017_x264,Shoplifting,448,60,0.9147397875785828,0.9852215647697449,0.9819477200508118,0.9043468832969666,97.14776632302404,86.23611111111111,0.9795833230018616,0.9899181127548218,0.9851066470146179,0.9787291884422302,71.58075601374571,26.846153846153847,0.961829662322998,0.04708987474441528,0.9785077571868896,-0.006713807582855225,0.9475718140602112,-0.034375905990600586,0.9640345573425293,0.059687674045562744,17.69759450171821,-79.45017182130583,10.043078711270931,-76.19303239984018,0.9567347168922424,-0.02284860610961914,0.9842002391815186,-0.005717873573303223,0.9164636135101318,-0.06864303350448608,0.9629622101783752,-0.01576697826385498,7.250859106529206,-64.32989690721651,9.138857921466617,-17.70729592468723
Shoplifting,delta_alignment_auc,2,Shoplifting007_x264,Shoplifting,5120,500,0.8175856471061707,0.9984691739082336,0.9585680365562439,0.8023278117179871,56.78787878787879,10.680395345482527,0.986862301826477,0.9978458285331726,0.9944190382957458,0.9860443472862244,72.25316017316018,15.18431255378682,0.6638843417167664,-0.1537013053894043,0.982831597328186,-0.015637576580047607,0.8123204112052917,-0.14624762535095215,0.6478198766708374,-0.15450793504714966,55.07428571428571,-1.7135930735930813,10.054023232539608,-0.626372112942919,0.794312596321106,-0.1925497055053711,0.9494804739952087,-0.04836535453796387,0.8252889513969421,-0.1691300868988037,0.7909602522850037,-0.1950840950012207,51.41991341991342,-20.833246753246762,9.464162764434258,-5.720149789352561
Shoplifting,delta_alignment_auc,3,Shoplifting010_x264,Shoplifting,2736,590,0.03173794597387314,0.20464679598808289,0.021288270130753517,0.03461087867617607,40.23425529562291,17.364137826576943,0.02512356825172901,0.07951897382736206,0.020998597145080566,0.026257645338773727,43.466757230637995,18.594998599043986,0.006289398297667503,-0.025448547676205635,0.08447804301977158,-0.12016875296831131,0.0036502713337540627,-0.017637998796999454,0.007014973554760218,-0.027595905121415854,35.46764180896267,-4.7666134866602405,16.163081269037125,-1.2010565575398182,0.07450920343399048,0.04938563518226147,0.14783591032028198,0.06831693649291992,0.06495611369609833,0.04395751655101776,0.07713563740253448,0.05087799206376076,34.74986968265753,-8.716887547980463,16.043599892316905,-2.551398706727081
Shoplifting,delta_alignment_auc,4,Shoplifting039_x264,Shoplifting,2800,150,0.00825576763600111,0.21473658084869385,0.00029435649048537016,0.008706414140760899,70.76981132075471,9.168850626642653,0.008829070255160332,0.04685467481613159,0.007994096726179123,0.008876333013176918,70.72955974842768,9.133600977510978,0.001104772207327187,-0.007150995428673923,0.05668918415904045,-0.1580473966896534,4.590391836245544e-05,-0.0002484525721229147,0.0011647081701084971,-0.0075417059706524014,76.02666666666667,5.2568553459119585,11.128827662855407,1.959977036212754,0.009200034663081169,0.0003709644079208374,0.05518263578414917,0.008327960968017578,0.007139959372580051,-0.0008541373535990715,0.00931664276868105,0.0004403097555041313,67.21962264150943,-3.509937106918244,8.411264178778666,-0.7223367987323126
Shoplifting,delta_alignment_auc,5,Shoplifting022_x264,Shoplifting,2176,270,0.17045094072818756,0.5252758264541626,0.28090700507164,0.15480394661426544,83.1522288290389,40.566476684125945,0.053487543016672134,0.2989630103111267,0.0786178782582283,0.04992762953042984,91.52189965411371,49.699701054735954,0.052894413471221924,-0.11755652725696564,0.6232691407203674,0.09799331426620483,0.10584612190723419,-0.17506088316440582,0.045393384993076324,-0.10941056162118912,89.56317282655162,6.410943997512717,47.45739363125947,6.890916947133526,0.23929211497306824,0.1858045719563961,0.6330852508544922,0.3341222405433655,0.39866921305656433,0.32005133479833603,0.21671511232852936,0.16678748279809952,90.90629979402277,-0.6155998600909385,57.66767322338819,7.9679721686522385
Shoplifting,delta_classifier_positive_mean,1,Shoplifting049_x264,Shoplifting,2144,330,0.960145890712738,0.9964122176170349,0.9277225136756897,0.9660441875457764,16.81166683371755,9.440550969254765,0.9970570802688599,0.9988831281661987,0.9943914413452148,0.9975419044494629,3.3941398549998323,8.61009780742541,0.7191394567489624,-0.24100643396377563,0.9864839911460876,-0.009928226470947266,0.3455975353717804,-0.5821249783039093,0.7870935797691345,-0.17895060777664185,1.2558885436503964,-15.555778290067153,8.51554328720671,-0.9250076820480562,0.9567429423332214,-0.04031413793563843,0.9907150268554688,-0.00816810131072998,0.9077346324920654,-0.08665680885314941,0.96565842628479,-0.03188347816467285,3.7416056930941166,0.34746583809428433,8.622866635540822,0.012768828115412134
Shoplifting,delta_classifier_positive_mean,2,Shoplifting029_x264,Shoplifting,2176,450,0.46686244010925293,0.9634280204772949,0.9133870005607605,0.3504452705383301,92.3020471224411,68.87088141286424,0.6113755702972412,0.9245925545692444,0.8933303356170654,0.5378646850585938,94.71636410454487,73.06455371973519,0.13731716573238373,-0.3295452743768692,0.7472493648529053,-0.21617865562438965,0.42729270458221436,-0.48609429597854614,0.061715200543403625,-0.28873006999492645,95.61040298699626,3.3083558645551676,80.57526450198019,11.70438308911595,0.25542712211608887,-0.35594844818115234,0.7125760912895203,-0.21201646327972412,0.5556271076202393,-0.33770322799682617,0.17715947329998016,-0.3607052117586136,95.43324320844599,0.7168791039011211,80.10307525754679,7.038521537811604
Shoplifting,delta_classifier_positive_mean,3,Shoplifting015_x264,Shoplifting,2256,150,0.38923993706703186,0.7292248010635376,0.3935851454734802,0.38893043994903564,50.94207027540361,6.971339858897885,0.4481220841407776,0.7914173603057861,0.3613814413547516,0.4543001651763916,33.86324786324786,5.298227987710118,0.11281953752040863,-0.27642039954662323,0.6816865801811218,-0.04753822088241577,0.0419689305126667,-0.3516162149608135,0.11786586791276932,-0.2710645720362663,43.38524849635961,-7.556821779044,6.208863256756874,-0.7624766021410112,0.2818570137023926,-0.166265070438385,0.8215649127960205,0.030147552490234375,0.19267280399799347,-0.16870863735675812,0.2882091701030731,-0.16609099507331848,42.42291864514087,8.559670781893011,6.13868463748132,0.8404566497712018
Shoplifting,delta_classifier_positive_mean,4,Shoplifting005_x264,Shoplifting,1952,210,0.4413074851036072,0.890461266040802,0.3374907672405243,0.45382267236709595,35.623530698157566,8.505354025058294,0.6531397104263306,0.8470761775970459,0.5944858193397522,0.6602104902267456,35.45732874091084,8.635724971474627,0.047373950481414795,-0.3939335346221924,0.11078868061304092,-0.7796725854277611,0.08187989890575409,-0.2556108683347702,0.04321422055363655,-0.4106084518134594,93.89918539172271,58.275654693565144,55.861266840059265,47.35591281500097,0.1647309511899948,-0.48840875923633575,0.26761263608932495,-0.579463541507721,0.24383544921875,-0.3506503701210022,0.15519481897354126,-0.5050156712532043,99.55879940954568,64.10147066863485,97.41345551378444,88.77773054230981
Shoplifting,delta_classifier_positive_mean,5,Shoplifting022_x264,Shoplifting,2176,270,0.17045094072818756,0.5252758264541626,0.28090700507164,0.15480394661426544,83.1522288290389,40.566476684125945,0.053487543016672134,0.2989630103111267,0.0786178782582283,0.04992762953042984,91.52189965411371,49.699701054735954,0.052894413471221924,-0.11755652725696564,0.6232691407203674,0.09799331426620483,0.10584612190723419,-0.17506088316440582,0.045393384993076324,-0.10941056162118912,89.56317282655162,6.410943997512717,47.45739363125947,6.890916947133526,0.23929211497306824,0.1858045719563961,0.6330852508544922,0.3341222405433655,0.39866921305656433,0.32005133479833603,0.21671511232852936,0.16678748279809952,90.90629979402277,-0.6155998600909385,57.66767322338819,7.9679721686522385
Shoplifting,delta_alignment_positive_mean,1,Shoplifting005_x264,Shoplifting,1952,210,0.4413074851036072,0.890461266040802,0.3374907672405243,0.45382267236709595,35.623530698157566,8.505354025058294,0.6531397104263306,0.8470761775970459,0.5944858193397522,0.6602104902267456,35.45732874091084,8.635724971474627,0.047373950481414795,-0.3939335346221924,0.11078868061304092,-0.7796725854277611,0.08187989890575409,-0.2556108683347702,0.04321422055363655,-0.4106084518134594,93.89918539172271,58.275654693565144,55.861266840059265,47.35591281500097,0.1647309511899948,-0.48840875923633575,0.26761263608932495,-0.579463541507721,0.24383544921875,-0.3506503701210022,0.15519481897354126,-0.5050156712532043,99.55879940954568,64.10147066863485,97.41345551378444,88.77773054230981
Shoplifting,delta_alignment_positive_mean,2,Shoplifting029_x264,Shoplifting,2176,450,0.46686244010925293,0.9634280204772949,0.9133870005607605,0.3504452705383301,92.3020471224411,68.87088141286424,0.6113755702972412,0.9245925545692444,0.8933303356170654,0.5378646850585938,94.71636410454487,73.06455371973519,0.13731716573238373,-0.3295452743768692,0.7472493648529053,-0.21617865562438965,0.42729270458221436,-0.48609429597854614,0.061715200543403625,-0.28873006999492645,95.61040298699626,3.3083558645551676,80.57526450198019,11.70438308911595,0.25542712211608887,-0.35594844818115234,0.7125760912895203,-0.21201646327972412,0.5556271076202393,-0.33770322799682617,0.17715947329998016,-0.3607052117586136,95.43324320844599,0.7168791039011211,80.10307525754679,7.038521537811604
Shoplifting,delta_alignment_positive_mean,3,Shoplifting007_x264,Shoplifting,5120,500,0.8175856471061707,0.9984691739082336,0.9585680365562439,0.8023278117179871,56.78787878787879,10.680395345482527,0.986862301826477,0.9978458285331726,0.9944190382957458,0.9860443472862244,72.25316017316018,15.18431255378682,0.6638843417167664,-0.1537013053894043,0.982831597328186,-0.015637576580047607,0.8123204112052917,-0.14624762535095215,0.6478198766708374,-0.15450793504714966,55.07428571428571,-1.7135930735930813,10.054023232539608,-0.626372112942919,0.794312596321106,-0.1925497055053711,0.9494804739952087,-0.04836535453796387,0.8252889513969421,-0.1691300868988037,0.7909602522850037,-0.1950840950012207,51.41991341991342,-20.833246753246762,9.464162764434258,-5.720149789352561
Shoplifting,delta_alignment_positive_mean,4,Shoplifting015_x264,Shoplifting,2256,150,0.38923993706703186,0.7292248010635376,0.3935851454734802,0.38893043994903564,50.94207027540361,6.971339858897885,0.4481220841407776,0.7914173603057861,0.3613814413547516,0.4543001651763916,33.86324786324786,5.298227987710118,0.11281953752040863,-0.27642039954662323,0.6816865801811218,-0.04753822088241577,0.0419689305126667,-0.3516162149608135,0.11786586791276932,-0.2710645720362663,43.38524849635961,-7.556821779044,6.208863256756874,-0.7624766021410112,0.2818570137023926,-0.166265070438385,0.8215649127960205,0.030147552490234375,0.19267280399799347,-0.16870863735675812,0.2882091701030731,-0.16609099507331848,42.42291864514087,8.559670781893011,6.13868463748132,0.8404566497712018
Shoplifting,delta_alignment_positive_mean,5,Shoplifting016_x264,Shoplifting,1472,90,0.6580471992492676,0.9368927478790283,0.7727301716804504,0.6505787372589111,66.19552982794661,9.548695525779708,0.9567623734474182,0.9797725081443787,0.9736714959144592,0.9556612968444824,73.83662968322882,11.928780284043441,0.41744083166122437,-0.2406063675880432,0.9070795178413391,-0.02981323003768921,0.7246963381767273,-0.048033833503723145,0.397431343793869,-0.2531473934650421,90.01929570670526,23.82376587875865,27.294764689501534,17.746069163721828,0.7090953588485718,-0.24766701459884644,0.8256962895393372,-0.1540762186050415,0.8073575496673584,-0.16631394624710083,0.7026961445808411,-0.25296515226364136,92.00032159511176,18.163691911882935,33.04062685680333,21.111846572759887
Stealing,delta_classifier_auc,1,Stealing036_x264,Stealing,2496,330,0.48478513956069946,0.9306153655052185,0.8370294570922852,0.43111908435821533,96.26654355186211,64.04410792253287,0.7403317093849182,0.8860145211219788,0.866243302822113,0.7211484909057617,98.49156383782423,81.6850798007631,0.8521785140037537,0.3673933744430542,0.9844061136245728,0.05379074811935425,0.9669679403305054,0.12993848323822021,0.8346898555755615,0.4035707712173462,85.0832423962618,-11.183301155600319,32.44399790508261,-31.600110017450262,0.8964248895645142,0.15609318017959595,0.9648658037185669,0.07885128259658813,0.9603180885314941,0.0940747857093811,0.8866904973983765,0.16554200649261475,96.47695794510199,-2.014605892722244,78.82320590499955,-2.8618738957635514
Stealing,delta_classifier_auc,2,Stealing062_x264,Stealing,1552,690,0.9768028855323792,0.9971867203712463,0.995166540145874,0.9621034860610962,99.94922492350112,99.92613189529267,0.99637770652771,0.9994243383407593,0.9963402152061462,0.9964078664779663,19.887353307105148,31.37931310218749,0.9868289232254028,0.010026037693023682,0.9993743300437927,0.0021876096725463867,0.9988942742347717,0.003727734088897705,0.9771710634231567,0.015067577362060547,98.97541948283398,-0.9738054406671353,98.68057095033087,-1.2455609449617953,0.9968365430831909,0.00045883655548095703,0.999229371547699,-0.00019496679306030273,0.9987865686416626,0.0024463534355163574,0.9952757954597473,-0.0011320710182189941,83.51827566495174,63.6309223578466,70.78504365616774,39.405730553980256
Stealing,delta_classifier_auc,3,Stealing058_x264,Stealing,4976,3090,0.9445491433143616,0.9999969005584717,0.9999619722366333,0.8537614941596985,98.8477523019215,99.2969326993603,0.9789743423461914,0.9996278285980225,0.9993952512741089,0.9455171823501587,98.29975256274301,98.95576548727017,0.9488929510116577,0.004343807697296143,0.9999988079071045,1.9073486328125e-06,0.9999868869781494,2.491474151611328e-05,0.8651811480522156,0.01141965389251709,98.4441653196608,-0.40358698226070544,99.03388657078392,-0.2630461285763772,0.9640107750892639,-0.01496356725692749,0.9992281794548035,-0.00039964914321899414,0.9986866116523743,-0.0007086396217346191,0.9071981906890869,-0.03831899166107178,97.55572486075219,-0.7440277019908166,98.48368524278723,-0.47208024448293884
Stealing,delta_classifier_auc,4,Stealing079_x264,Stealing,5840,1650,0.8969659805297852,0.9994423985481262,0.9903517365455627,0.8601910471916199,80.53550300137414,52.99064017985469,0.9892528057098389,0.9973735213279724,0.9949586391448975,0.9870060086250305,88.1898604180227,82.18056016275732,0.6988959908485413,-0.1980699896812439,0.9993597865104675,-8.26120376586914e-05,0.9642853140830994,-0.02606642246246338,0.5943871140480042,-0.2658039331436157,82.04628625153686,1.5107832501627172,59.97972273025848,6.9890825504037934,0.9781907796859741,-0.011062026023864746,0.9986921548843384,0.0013186335563659668,0.9956559538841248,0.0006973147392272949,0.9713130593299866,-0.015692949295043945,89.81311925941998,1.6232588413972735,81.59839465881245,-0.5821655039448643
Stealing,delta_classifier_auc,5,Stealing019_x264,Stealing,4896,240,0.7818924188613892,0.9881167411804199,0.9599151611328125,0.7727159857749939,80.2548682703322,15.627935996765085,0.9398738741874695,0.996086835861206,0.9886444211006165,0.9373598694801331,52.59163802978236,14.788176165773073,0.702237069606781,-0.07965534925460815,0.9749603867530823,-0.013156354427337646,0.9138081669807434,-0.04610699415206909,0.6913313865661621,-0.08138459920883179,90.12313860252004,9.868270332187848,23.35482280233959,7.726886805574505,0.9233180284500122,-0.016555845737457275,0.9922674298286438,-0.003819406032562256,0.9855729341506958,-0.0030714869499206543,0.92010897397995,-0.017250895500183105,85.66437571592212,33.07273768613976,34.47286085976738,19.684684693994306
Stealing,delta_alignment_auc,1,Stealing036_x264,Stealing,2496,330,0.48478513956069946,0.9306153655052185,0.8370294570922852,0.43111908435821533,96.26654355186211,64.04410792253287,0.7403317093849182,0.8860145211219788,0.866243302822113,0.7211484909057617,98.49156383782423,81.6850798007631,0.8521785140037537,0.3673933744430542,0.9844061136245728,0.05379074811935425,0.9669679403305054,0.12993848323822021,0.8346898555755615,0.4035707712173462,85.0832423962618,-11.183301155600319,32.44399790508261,-31.600110017450262,0.8964248895645142,0.15609318017959595,0.9648658037185669,0.07885128259658813,0.9603180885314941,0.0940747857093811,0.8866904973983765,0.16554200649261475,96.47695794510199,-2.014605892722244,78.82320590499955,-2.8618738957635514
Stealing,delta_alignment_auc,2,Stealing058_x264,Stealing,4976,3090,0.9445491433143616,0.9999969005584717,0.9999619722366333,0.8537614941596985,98.8477523019215,99.2969326993603,0.9789743423461914,0.9996278285980225,0.9993952512741089,0.9455171823501587,98.29975256274301,98.95576548727017,0.9488929510116577,0.004343807697296143,0.9999988079071045,1.9073486328125e-06,0.9999868869781494,2.491474151611328e-05,0.8651811480522156,0.01141965389251709,98.4441653196608,-0.40358698226070544,99.03388657078392,-0.2630461285763772,0.9640107750892639,-0.01496356725692749,0.9992281794548035,-0.00039964914321899414,0.9986866116523743,-0.0007086396217346191,0.9071981906890869,-0.03831899166107178,97.55572486075219,-0.7440277019908166,98.48368524278723,-0.47208024448293884
Stealing,delta_alignment_auc,3,Stealing079_x264,Stealing,5840,1650,0.8969659805297852,0.9994423985481262,0.9903517365455627,0.8601910471916199,80.53550300137414,52.99064017985469,0.9892528057098389,0.9973735213279724,0.9949586391448975,0.9870060086250305,88.1898604180227,82.18056016275732,0.6988959908485413,-0.1980699896812439,0.9993597865104675,-8.26120376586914e-05,0.9642853140830994,-0.02606642246246338,0.5943871140480042,-0.2658039331436157,82.04628625153686,1.5107832501627172,59.97972273025848,6.9890825504037934,0.9781907796859741,-0.011062026023864746,0.9986921548843384,0.0013186335563659668,0.9956559538841248,0.0006973147392272949,0.9713130593299866,-0.015692949295043945,89.81311925941998,1.6232588413972735,81.59839465881245,-0.5821655039448643
Stealing,delta_alignment_auc,4,Stealing019_x264,Stealing,4896,240,0.7818924188613892,0.9881167411804199,0.9599151611328125,0.7727159857749939,80.2548682703322,15.627935996765085,0.9398738741874695,0.996086835861206,0.9886444211006165,0.9373598694801331,52.59163802978236,14.788176165773073,0.702237069606781,-0.07965534925460815,0.9749603867530823,-0.013156354427337646,0.9138081669807434,-0.04610699415206909,0.6913313865661621,-0.08138459920883179,90.12313860252004,9.868270332187848,23.35482280233959,7.726886805574505,0.9233180284500122,-0.016555845737457275,0.9922674298286438,-0.003819406032562256,0.9855729341506958,-0.0030714869499206543,0.92010897397995,-0.017250895500183105,85.66437571592212,33.07273768613976,34.47286085976738,19.684684693994306
Stealing,delta_alignment_auc,5,Stealing062_x264,Stealing,1552,690,0.9768028855323792,0.9971867203712463,0.995166540145874,0.9621034860610962,99.94922492350112,99.92613189529267,0.99637770652771,0.9994243383407593,0.9963402152061462,0.9964078664779663,19.887353307105148,31.37931310218749,0.9868289232254028,0.010026037693023682,0.9993743300437927,0.0021876096725463867,0.9988942742347717,0.003727734088897705,0.9771710634231567,0.015067577362060547,98.97541948283398,-0.9738054406671353,98.68057095033087,-1.2455609449617953,0.9968365430831909,0.00045883655548095703,0.999229371547699,-0.00019496679306030273,0.9987865686416626,0.0024463534355163574,0.9952757954597473,-0.0011320710182189941,83.51827566495174,63.6309223578466,70.78504365616774,39.405730553980256
Stealing,delta_classifier_positive_mean,1,Stealing019_x264,Stealing,4896,240,0.7818924188613892,0.9881167411804199,0.9599151611328125,0.7727159857749939,80.2548682703322,15.627935996765085,0.9398738741874695,0.996086835861206,0.9886444211006165,0.9373598694801331,52.59163802978236,14.788176165773073,0.702237069606781,-0.07965534925460815,0.9749603867530823,-0.013156354427337646,0.9138081669807434,-0.04610699415206909,0.6913313865661621,-0.08138459920883179,90.12313860252004,9.868270332187848,23.35482280233959,7.726886805574505,0.9233180284500122,-0.016555845737457275,0.9922674298286438,-0.003819406032562256,0.9855729341506958,-0.0030714869499206543,0.92010897397995,-0.017250895500183105,85.66437571592212,33.07273768613976,34.47286085976738,19.684684693994306
Stealing,delta_classifier_positive_mean,2,Stealing079_x264,Stealing,5840,1650,0.8969659805297852,0.9994423985481262,0.9903517365455627,0.8601910471916199,80.53550300137414,52.99064017985469,0.9892528057098389,0.9973735213279724,0.9949586391448975,0.9870060086250305,88.1898604180227,82.18056016275732,0.6988959908485413,-0.1980699896812439,0.9993597865104675,-8.26120376586914e-05,0.9642853140830994,-0.02606642246246338,0.5943871140480042,-0.2658039331436157,82.04628625153686,1.5107832501627172,59.97972273025848,6.9890825504037934,0.9781907796859741,-0.011062026023864746,0.9986921548843384,0.0013186335563659668,0.9956559538841248,0.0006973147392272949,0.9713130593299866,-0.015692949295043945,89.81311925941998,1.6232588413972735,81.59839465881245,-0.5821655039448643
Stealing,delta_classifier_positive_mean,3,Stealing058_x264,Stealing,4976,3090,0.9445491433143616,0.9999969005584717,0.9999619722366333,0.8537614941596985,98.8477523019215,99.2969326993603,0.9789743423461914,0.9996278285980225,0.9993952512741089,0.9455171823501587,98.29975256274301,98.95576548727017,0.9488929510116577,0.004343807697296143,0.9999988079071045,1.9073486328125e-06,0.9999868869781494,2.491474151611328e-05,0.8651811480522156,0.01141965389251709,98.4441653196608,-0.40358698226070544,99.03388657078392,-0.2630461285763772,0.9640107750892639,-0.01496356725692749,0.9992281794548035,-0.00039964914321899414,0.9986866116523743,-0.0007086396217346191,0.9071981906890869,-0.03831899166107178,97.55572486075219,-0.7440277019908166,98.48368524278723,-0.47208024448293884
Stealing,delta_classifier_positive_mean,4,Stealing062_x264,Stealing,1552,690,0.9768028855323792,0.9971867203712463,0.995166540145874,0.9621034860610962,99.94922492350112,99.92613189529267,0.99637770652771,0.9994243383407593,0.9963402152061462,0.9964078664779663,19.887353307105148,31.37931310218749,0.9868289232254028,0.010026037693023682,0.9993743300437927,0.0021876096725463867,0.9988942742347717,0.003727734088897705,0.9771710634231567,0.015067577362060547,98.97541948283398,-0.9738054406671353,98.68057095033087,-1.2455609449617953,0.9968365430831909,0.00045883655548095703,0.999229371547699,-0.00019496679306030273,0.9987865686416626,0.0024463534355163574,0.9952757954597473,-0.0011320710182189941,83.51827566495174,63.6309223578466,70.78504365616774,39.405730553980256
Stealing,delta_classifier_positive_mean,5,Stealing036_x264,Stealing,2496,330,0.48478513956069946,0.9306153655052185,0.8370294570922852,0.43111908435821533,96.26654355186211,64.04410792253287,0.7403317093849182,0.8860145211219788,0.866243302822113,0.7211484909057617,98.49156383782423,81.6850798007631,0.8521785140037537,0.3673933744430542,0.9844061136245728,0.05379074811935425,0.9669679403305054,0.12993848323822021,0.8346898555755615,0.4035707712173462,85.0832423962618,-11.183301155600319,32.44399790508261,-31.600110017450262,0.8964248895645142,0.15609318017959595,0.9648658037185669,0.07885128259658813,0.9603180885314941,0.0940747857093811,0.8866904973983765,0.16554200649261475,96.47695794510199,-2.014605892722244,78.82320590499955,-2.8618738957635514
Stealing,delta_alignment_positive_mean,1,Stealing019_x264,Stealing,4896,240,0.7818924188613892,0.9881167411804199,0.9599151611328125,0.7727159857749939,80.2548682703322,15.627935996765085,0.9398738741874695,0.996086835861206,0.9886444211006165,0.9373598694801331,52.59163802978236,14.788176165773073,0.702237069606781,-0.07965534925460815,0.9749603867530823,-0.013156354427337646,0.9138081669807434,-0.04610699415206909,0.6913313865661621,-0.08138459920883179,90.12313860252004,9.868270332187848,23.35482280233959,7.726886805574505,0.9233180284500122,-0.016555845737457275,0.9922674298286438,-0.003819406032562256,0.9855729341506958,-0.0030714869499206543,0.92010897397995,-0.017250895500183105,85.66437571592212,33.07273768613976,34.47286085976738,19.684684693994306
Stealing,delta_alignment_positive_mean,2,Stealing058_x264,Stealing,4976,3090,0.9445491433143616,0.9999969005584717,0.9999619722366333,0.8537614941596985,98.8477523019215,99.2969326993603,0.9789743423461914,0.9996278285980225,0.9993952512741089,0.9455171823501587,98.29975256274301,98.95576548727017,0.9488929510116577,0.004343807697296143,0.9999988079071045,1.9073486328125e-06,0.9999868869781494,2.491474151611328e-05,0.8651811480522156,0.01141965389251709,98.4441653196608,-0.40358698226070544,99.03388657078392,-0.2630461285763772,0.9640107750892639,-0.01496356725692749,0.9992281794548035,-0.00039964914321899414,0.9986866116523743,-0.0007086396217346191,0.9071981906890869,-0.03831899166107178,97.55572486075219,-0.7440277019908166,98.48368524278723,-0.47208024448293884
Stealing,delta_alignment_positive_mean,3,Stealing079_x264,Stealing,5840,1650,0.8969659805297852,0.9994423985481262,0.9903517365455627,0.8601910471916199,80.53550300137414,52.99064017985469,0.9892528057098389,0.9973735213279724,0.9949586391448975,0.9870060086250305,88.1898604180227,82.18056016275732,0.6988959908485413,-0.1980699896812439,0.9993597865104675,-8.26120376586914e-05,0.9642853140830994,-0.02606642246246338,0.5943871140480042,-0.2658039331436157,82.04628625153686,1.5107832501627172,59.97972273025848,6.9890825504037934,0.9781907796859741,-0.011062026023864746,0.9986921548843384,0.0013186335563659668,0.9956559538841248,0.0006973147392272949,0.9713130593299866,-0.015692949295043945,89.81311925941998,1.6232588413972735,81.59839465881245,-0.5821655039448643
Stealing,delta_alignment_positive_mean,4,Stealing062_x264,Stealing,1552,690,0.9768028855323792,0.9971867203712463,0.995166540145874,0.9621034860610962,99.94922492350112,99.92613189529267,0.99637770652771,0.9994243383407593,0.9963402152061462,0.9964078664779663,19.887353307105148,31.37931310218749,0.9868289232254028,0.010026037693023682,0.9993743300437927,0.0021876096725463867,0.9988942742347717,0.003727734088897705,0.9771710634231567,0.015067577362060547,98.97541948283398,-0.9738054406671353,98.68057095033087,-1.2455609449617953,0.9968365430831909,0.00045883655548095703,0.999229371547699,-0.00019496679306030273,0.9987865686416626,0.0024463534355163574,0.9952757954597473,-0.0011320710182189941,83.51827566495174,63.6309223578466,70.78504365616774,39.405730553980256
Stealing,delta_alignment_positive_mean,5,Stealing036_x264,Stealing,2496,330,0.48478513956069946,0.9306153655052185,0.8370294570922852,0.43111908435821533,96.26654355186211,64.04410792253287,0.7403317093849182,0.8860145211219788,0.866243302822113,0.7211484909057617,98.49156383782423,81.6850798007631,0.8521785140037537,0.3673933744430542,0.9844061136245728,0.05379074811935425,0.9669679403305054,0.12993848323822021,0.8346898555755615,0.4035707712173462,85.0832423962618,-11.183301155600319,32.44399790508261,-31.600110017450262,0.8964248895645142,0.15609318017959595,0.9648658037185669,0.07885128259658813,0.9603180885314941,0.0940747857093811,0.8866904973983765,0.16554200649261475,96.47695794510199,-2.014605892722244,78.82320590499955,-2.8618738957635514
Vandalism,delta_classifier_auc,1,Vandalism028_x264,Vandalism,4480,420,0.8682906031608582,0.9913813471794128,0.9556661248207092,0.8592516779899597,87.81749941355852,55.70923985579302,0.9788314700126648,0.9938700199127197,0.9876819252967834,0.9779158234596252,64.38986629134413,38.21983698069512,0.9285814762115479,0.0602908730506897,0.995644211769104,0.004262864589691162,0.9726526737213135,0.016986548900604248,0.924022376537323,0.06477069854736328,79.7649542575651,-8.052545155993428,47.38623467661503,-8.32300517917799,0.9658137559890747,-0.013017714023590088,0.987932562828064,-0.005937457084655762,0.9770053029060364,-0.01067662239074707,0.9646559953689575,-0.013259828090667725,68.09617640159512,3.706310110250982,40.454790623460404,2.2349536427652836
Vandalism,delta_classifier_auc,2,Vandalism036_x264,Vandalism,1440,330,0.9980108737945557,0.9998557567596436,0.999666154384613,0.99751877784729,82.5984165984166,57.258205950105335,0.995774507522583,0.9982473850250244,0.9971073865890503,0.9953780174255371,84.86104286104286,68.83652951411278,0.979121744632721,-0.018889129161834717,0.9971193075180054,-0.0027364492416381836,0.9886952638626099,-0.010970890522003174,0.9762754440307617,-0.02124333381652832,75.01556101556102,-7.582855582855586,61.35536259463426,4.097156644528923,0.9852164387702942,-0.010558068752288818,0.9965623021125793,-0.0016850829124450684,0.9926110506057739,-0.004496335983276367,0.9830179214477539,-0.012360095977783203,70.75238875238875,-14.108654108654108,59.564218382410616,-9.272311131702168
Vandalism,delta_classifier_auc,3,Vandalism017_x264,Vandalism,1008,120,0.9990658164024353,0.9999685287475586,0.9999582767486572,0.9989452362060547,85.64564564564564,50.3084505541347,0.998262345790863,0.998886227607727,0.9987480044364929,0.9981967210769653,94.83483483483484,73.72751322751321,0.9940781593322754,-0.004987657070159912,0.9998500347137451,-0.00011849403381347656,0.999670147895813,-0.0002881288528442383,0.993322491645813,-0.005622744560241699,79.06906906906906,-6.576576576576585,26.271643308207267,-24.036807245927434,0.9976073503494263,-0.0006549954414367676,0.999164342880249,0.00027811527252197266,0.9988324642181396,8.445978164672852e-05,0.9974417686462402,-0.0007549524307250977,84.68468468468468,-10.150150150150154,36.2150757738993,-37.51243745361391
Vandalism,delta_classifier_auc,4,Vandalism015_x264,Vandalism,2976,690,0.9840109348297119,0.9993346333503723,0.9983965158462524,0.9796688556671143,99.28702752735619,97.9011774720896,0.9960429072380066,0.9982289671897888,0.9973437190055847,0.9956501126289368,94.01435327830397,68.72910316963315,0.8334632515907288,-0.15054768323898315,0.9973168969154358,-0.0020177364349365234,0.9773515462875366,-0.02104496955871582,0.7900325059890747,-0.18963634967803955,94.94756995955215,-4.339457567804033,75.16539219224295,-22.735785279846652,0.9172269701957703,-0.07881593704223633,0.9969106316566467,-0.0013183355331420898,0.97740238904953,-0.019941329956054688,0.899063766002655,-0.09658634662628174,94.6209441211153,0.6065908428113289,70.98739567218573,2.258292502552578
Vandalism,delta_classifier_auc,5,Vandalism007_x264,Vandalism,1136,510,0.9358597993850708,0.9959834814071655,0.9418294429779053,0.9309963583946228,63.71170832550273,68.24150890661662,0.9924126267433167,0.9968969225883484,0.9946610331535339,0.9905809164047241,60.754870638351186,46.961837222905054,0.974772036075592,0.03891223669052124,0.9995055198669434,0.003522038459777832,0.9957759976387024,0.05394655466079712,0.9576601982116699,0.02666383981704712,87.9978700745474,24.286161749044666,85.57190807858642,17.330399171969802,0.9810219407081604,-0.01139068603515625,0.9948374629020691,-0.002059459686279297,0.9909182190895081,-0.003742814064025879,0.9729593992233276,-0.017621517181396484,72.92300945937481,12.168138821023625,59.08992736526402,12.128090142358964
Vandalism,delta_alignment_auc,1,Vandalism036_x264,Vandalism,1440,330,0.9980108737945557,0.9998557567596436,0.999666154384613,0.99751877784729,82.5984165984166,57.258205950105335,0.995774507522583,0.9982473850250244,0.9971073865890503,0.9953780174255371,84.86104286104286,68.83652951411278,0.979121744632721,-0.018889129161834717,0.9971193075180054,-0.0027364492416381836,0.9886952638626099,-0.010970890522003174,0.9762754440307617,-0.02124333381652832,75.01556101556102,-7.582855582855586,61.35536259463426,4.097156644528923,0.9852164387702942,-0.010558068752288818,0.9965623021125793,-0.0016850829124450684,0.9926110506057739,-0.004496335983276367,0.9830179214477539,-0.012360095977783203,70.75238875238875,-14.108654108654108,59.564218382410616,-9.272311131702168
Vandalism,delta_alignment_auc,2,Vandalism017_x264,Vandalism,1008,120,0.9990658164024353,0.9999685287475586,0.9999582767486572,0.9989452362060547,85.64564564564564,50.3084505541347,0.998262345790863,0.998886227607727,0.9987480044364929,0.9981967210769653,94.83483483483484,73.72751322751321,0.9940781593322754,-0.004987657070159912,0.9998500347137451,-0.00011849403381347656,0.999670147895813,-0.0002881288528442383,0.993322491645813,-0.005622744560241699,79.06906906906906,-6.576576576576585,26.271643308207267,-24.036807245927434,0.9976073503494263,-0.0006549954414367676,0.999164342880249,0.00027811527252197266,0.9988324642181396,8.445978164672852e-05,0.9974417686462402,-0.0007549524307250977,84.68468468468468,-10.150150150150154,36.2150757738993,-37.51243745361391
Vandalism,delta_alignment_auc,3,Vandalism015_x264,Vandalism,2976,690,0.9840109348297119,0.9993346333503723,0.9983965158462524,0.9796688556671143,99.28702752735619,97.9011774720896,0.9960429072380066,0.9982289671897888,0.9973437190055847,0.9956501126289368,94.01435327830397,68.72910316963315,0.8334632515907288,-0.15054768323898315,0.9973168969154358,-0.0020177364349365234,0.9773515462875366,-0.02104496955871582,0.7900325059890747,-0.18963634967803955,94.94756995955215,-4.339457567804033,75.16539219224295,-22.735785279846652,0.9172269701957703,-0.07881593704223633,0.9969106316566467,-0.0013183355331420898,0.97740238904953,-0.019941329956054688,0.899063766002655,-0.09658634662628174,94.6209441211153,0.6065908428113289,70.98739567218573,2.258292502552578
Vandalism,delta_alignment_auc,4,Vandalism028_x264,Vandalism,4480,420,0.8682906031608582,0.9913813471794128,0.9556661248207092,0.8592516779899597,87.81749941355852,55.70923985579302,0.9788314700126648,0.9938700199127197,0.9876819252967834,0.9779158234596252,64.38986629134413,38.21983698069512,0.9285814762115479,0.0602908730506897,0.995644211769104,0.004262864589691162,0.9726526737213135,0.016986548900604248,0.924022376537323,0.06477069854736328,79.7649542575651,-8.052545155993428,47.38623467661503,-8.32300517917799,0.9658137559890747,-0.013017714023590088,0.987932562828064,-0.005937457084655762,0.9770053029060364,-0.01067662239074707,0.9646559953689575,-0.013259828090667725,68.09617640159512,3.706310110250982,40.454790623460404,2.2349536427652836
Vandalism,delta_alignment_auc,5,Vandalism007_x264,Vandalism,1136,510,0.9358597993850708,0.9959834814071655,0.9418294429779053,0.9309963583946228,63.71170832550273,68.24150890661662,0.9924126267433167,0.9968969225883484,0.9946610331535339,0.9905809164047241,60.754870638351186,46.961837222905054,0.974772036075592,0.03891223669052124,0.9995055198669434,0.003522038459777832,0.9957759976387024,0.05394655466079712,0.9576601982116699,0.02666383981704712,87.9978700745474,24.286161749044666,85.57190807858642,17.330399171969802,0.9810219407081604,-0.01139068603515625,0.9948374629020691,-0.002059459686279297,0.9909182190895081,-0.003742814064025879,0.9729593992233276,-0.017621517181396484,72.92300945937481,12.168138821023625,59.08992736526402,12.128090142358964
Vandalism,delta_classifier_positive_mean,1,Vandalism015_x264,Vandalism,2976,690,0.9840109348297119,0.9993346333503723,0.9983965158462524,0.9796688556671143,99.28702752735619,97.9011774720896,0.9960429072380066,0.9982289671897888,0.9973437190055847,0.9956501126289368,94.01435327830397,68.72910316963315,0.8334632515907288,-0.15054768323898315,0.9973168969154358,-0.0020177364349365234,0.9773515462875366,-0.02104496955871582,0.7900325059890747,-0.18963634967803955,94.94756995955215,-4.339457567804033,75.16539219224295,-22.735785279846652,0.9172269701957703,-0.07881593704223633,0.9969106316566467,-0.0013183355331420898,0.97740238904953,-0.019941329956054688,0.899063766002655,-0.09658634662628174,94.6209441211153,0.6065908428113289,70.98739567218573,2.258292502552578
Vandalism,delta_classifier_positive_mean,2,Vandalism036_x264,Vandalism,1440,330,0.9980108737945557,0.9998557567596436,0.999666154384613,0.99751877784729,82.5984165984166,57.258205950105335,0.995774507522583,0.9982473850250244,0.9971073865890503,0.9953780174255371,84.86104286104286,68.83652951411278,0.979121744632721,-0.018889129161834717,0.9971193075180054,-0.0027364492416381836,0.9886952638626099,-0.010970890522003174,0.9762754440307617,-0.02124333381652832,75.01556101556102,-7.582855582855586,61.35536259463426,4.097156644528923,0.9852164387702942,-0.010558068752288818,0.9965623021125793,-0.0016850829124450684,0.9926110506057739,-0.004496335983276367,0.9830179214477539,-0.012360095977783203,70.75238875238875,-14.108654108654108,59.564218382410616,-9.272311131702168
Vandalism,delta_classifier_positive_mean,3,Vandalism017_x264,Vandalism,1008,120,0.9990658164024353,0.9999685287475586,0.9999582767486572,0.9989452362060547,85.64564564564564,50.3084505541347,0.998262345790863,0.998886227607727,0.9987480044364929,0.9981967210769653,94.83483483483484,73.72751322751321,0.9940781593322754,-0.004987657070159912,0.9998500347137451,-0.00011849403381347656,0.999670147895813,-0.0002881288528442383,0.993322491645813,-0.005622744560241699,79.06906906906906,-6.576576576576585,26.271643308207267,-24.036807245927434,0.9976073503494263,-0.0006549954414367676,0.999164342880249,0.00027811527252197266,0.9988324642181396,8.445978164672852e-05,0.9974417686462402,-0.0007549524307250977,84.68468468468468,-10.150150150150154,36.2150757738993,-37.51243745361391
Vandalism,delta_classifier_positive_mean,4,Vandalism028_x264,Vandalism,4480,420,0.8682906031608582,0.9913813471794128,0.9556661248207092,0.8592516779899597,87.81749941355852,55.70923985579302,0.9788314700126648,0.9938700199127197,0.9876819252967834,0.9779158234596252,64.38986629134413,38.21983698069512,0.9285814762115479,0.0602908730506897,0.995644211769104,0.004262864589691162,0.9726526737213135,0.016986548900604248,0.924022376537323,0.06477069854736328,79.7649542575651,-8.052545155993428,47.38623467661503,-8.32300517917799,0.9658137559890747,-0.013017714023590088,0.987932562828064,-0.005937457084655762,0.9770053029060364,-0.01067662239074707,0.9646559953689575,-0.013259828090667725,68.09617640159512,3.706310110250982,40.454790623460404,2.2349536427652836
Vandalism,delta_classifier_positive_mean,5,Vandalism007_x264,Vandalism,1136,510,0.9358597993850708,0.9959834814071655,0.9418294429779053,0.9309963583946228,63.71170832550273,68.24150890661662,0.9924126267433167,0.9968969225883484,0.9946610331535339,0.9905809164047241,60.754870638351186,46.961837222905054,0.974772036075592,0.03891223669052124,0.9995055198669434,0.003522038459777832,0.9957759976387024,0.05394655466079712,0.9576601982116699,0.02666383981704712,87.9978700745474,24.286161749044666,85.57190807858642,17.330399171969802,0.9810219407081604,-0.01139068603515625,0.9948374629020691,-0.002059459686279297,0.9909182190895081,-0.003742814064025879,0.9729593992233276,-0.017621517181396484,72.92300945937481,12.168138821023625,59.08992736526402,12.128090142358964
Vandalism,delta_alignment_positive_mean,1,Vandalism015_x264,Vandalism,2976,690,0.9840109348297119,0.9993346333503723,0.9983965158462524,0.9796688556671143,99.28702752735619,97.9011774720896,0.9960429072380066,0.9982289671897888,0.9973437190055847,0.9956501126289368,94.01435327830397,68.72910316963315,0.8334632515907288,-0.15054768323898315,0.9973168969154358,-0.0020177364349365234,0.9773515462875366,-0.02104496955871582,0.7900325059890747,-0.18963634967803955,94.94756995955215,-4.339457567804033,75.16539219224295,-22.735785279846652,0.9172269701957703,-0.07881593704223633,0.9969106316566467,-0.0013183355331420898,0.97740238904953,-0.019941329956054688,0.899063766002655,-0.09658634662628174,94.6209441211153,0.6065908428113289,70.98739567218573,2.258292502552578
Vandalism,delta_alignment_positive_mean,2,Vandalism028_x264,Vandalism,4480,420,0.8682906031608582,0.9913813471794128,0.9556661248207092,0.8592516779899597,87.81749941355852,55.70923985579302,0.9788314700126648,0.9938700199127197,0.9876819252967834,0.9779158234596252,64.38986629134413,38.21983698069512,0.9285814762115479,0.0602908730506897,0.995644211769104,0.004262864589691162,0.9726526737213135,0.016986548900604248,0.924022376537323,0.06477069854736328,79.7649542575651,-8.052545155993428,47.38623467661503,-8.32300517917799,0.9658137559890747,-0.013017714023590088,0.987932562828064,-0.005937457084655762,0.9770053029060364,-0.01067662239074707,0.9646559953689575,-0.013259828090667725,68.09617640159512,3.706310110250982,40.454790623460404,2.2349536427652836
Vandalism,delta_alignment_positive_mean,3,Vandalism036_x264,Vandalism,1440,330,0.9980108737945557,0.9998557567596436,0.999666154384613,0.99751877784729,82.5984165984166,57.258205950105335,0.995774507522583,0.9982473850250244,0.9971073865890503,0.9953780174255371,84.86104286104286,68.83652951411278,0.979121744632721,-0.018889129161834717,0.9971193075180054,-0.0027364492416381836,0.9886952638626099,-0.010970890522003174,0.9762754440307617,-0.02124333381652832,75.01556101556102,-7.582855582855586,61.35536259463426,4.097156644528923,0.9852164387702942,-0.010558068752288818,0.9965623021125793,-0.0016850829124450684,0.9926110506057739,-0.004496335983276367,0.9830179214477539,-0.012360095977783203,70.75238875238875,-14.108654108654108,59.564218382410616,-9.272311131702168
Vandalism,delta_alignment_positive_mean,4,Vandalism007_x264,Vandalism,1136,510,0.9358597993850708,0.9959834814071655,0.9418294429779053,0.9309963583946228,63.71170832550273,68.24150890661662,0.9924126267433167,0.9968969225883484,0.9946610331535339,0.9905809164047241,60.754870638351186,46.961837222905054,0.974772036075592,0.03891223669052124,0.9995055198669434,0.003522038459777832,0.9957759976387024,0.05394655466079712,0.9576601982116699,0.02666383981704712,87.9978700745474,24.286161749044666,85.57190807858642,17.330399171969802,0.9810219407081604,-0.01139068603515625,0.9948374629020691,-0.002059459686279297,0.9909182190895081,-0.003742814064025879,0.9729593992233276,-0.017621517181396484,72.92300945937481,12.168138821023625,59.08992736526402,12.128090142358964
Vandalism,delta_alignment_positive_mean,5,Vandalism017_x264,Vandalism,1008,120,0.9990658164024353,0.9999685287475586,0.9999582767486572,0.9989452362060547,85.64564564564564,50.3084505541347,0.998262345790863,0.998886227607727,0.9987480044364929,0.9981967210769653,94.83483483483484,73.72751322751321,0.9940781593322754,-0.004987657070159912,0.9998500347137451,-0.00011849403381347656,0.999670147895813,-0.0002881288528442383,0.993322491645813,-0.005622744560241699,79.06906906906906,-6.576576576576585,26.271643308207267,-24.036807245927434,0.9976073503494263,-0.0006549954414367676,0.999164342880249,0.00027811527252197266,0.9988324642181396,8.445978164672852e-05,0.9974417686462402,-0.0007549524307250977,84.68468468468468,-10.150150150150154,36.2150757738993,-37.51243745361391
