label,criterion,rank,video_id,label,num_frames,positive_frames,baseline_classifier_mean,baseline_classifier_max,baseline_classifier_positive_mean,baseline_classifier_negative_mean,baseline_classifier_auc,baseline_classifier_ap,baseline_alignment_mean,baseline_alignment_max,baseline_alignment_positive_mean,baseline_alignment_negative_mean,baseline_alignment_auc,baseline_alignment_ap,manual_classifier_mean,delta_classifier_mean,manual_classifier_max,delta_classifier_max,manual_classifier_positive_mean,delta_classifier_positive_mean,manual_classifier_negative_mean,delta_classifier_negative_mean,manual_classifier_auc,delta_classifier_auc,manual_classifier_ap,delta_classifier_ap,manual_alignment_mean,delta_alignment_mean,manual_alignment_max,delta_alignment_max,manual_alignment_positive_mean,delta_alignment_positive_mean,manual_alignment_negative_mean,delta_alignment_negative_mean,manual_alignment_auc,delta_alignment_auc,manual_alignment_ap,delta_alignment_ap
Abuse,delta_classifier_auc,1,Abuse028_x264,Abuse,1408,75,0.8617116808891296,0.9985138773918152,0.9662609100341797,0.8558292984962463,51.73643410852713,6.367688064496575,0.9958226680755615,0.9996578693389893,0.9981895089149475,0.9956895112991333,49.59189797449362,6.150696596618814,0.7828150391578674,-0.07889664173126221,0.9978390336036682,-0.0006748437881469727,0.9105392694473267,-0.05572164058685303,0.7756287455558777,-0.08020055294036865,43.9584896224056,-7.777944486121527,5.443250217191167,-0.9244378473054082,0.973442018032074,-0.02238065004348755,0.9986167550086975,-0.001041114330291748,0.9924196600914001,-0.005769848823547363,0.9723742008209229,-0.02331531047821045,44.7266816704176,-4.8652163040760215,5.5283457268766405,-0.6223508697421734
Abuse,delta_classifier_auc,2,Abuse030_x264,Abuse,1536,85,0.9929139614105225,0.9998125433921814,0.999457597732544,0.9925305843353271,69.11541735922488,9.577626597772973,0.9960942268371582,0.9987035393714905,0.9976728558540344,0.9960017800331116,49.40973770624721,6.223381187835201,0.8773019313812256,-0.11561203002929688,0.9942852854728699,-0.0055272579193115234,0.9889017343521118,-0.010555863380432129,0.8707643747329712,-0.12176620960235596,72.44942635910326,3.334008999878378,10.539863551001094,0.9622369532281212,0.982647716999054,-0.013446509838104248,0.9944312572479248,-0.004272282123565674,0.990401029586792,-0.007271826267242432,0.9821935296058655,-0.013808250427246094,57.38800827015851,7.978270563911295,7.352876755407537,1.1294955675723362
Abuse,delta_alignment_auc,1,Abuse028_x264,Abuse,1408,75,0.8617116808891296,0.9985138773918152,0.9662609100341797,0.8558292984962463,51.73643410852713,6.367688064496575,0.9958226680755615,0.9996578693389893,0.9981895089149475,0.9956895112991333,49.59189797449362,6.150696596618814,0.7828150391578674,-0.07889664173126221,0.9978390336036682,-0.0006748437881469727,0.9105392694473267,-0.05572164058685303,0.7756287455558777,-0.08020055294036865,43.9584896224056,-7.777944486121527,5.443250217191167,-0.9244378473054082,0.973442018032074,-0.02238065004348755,0.9986167550086975,-0.001041114330291748,0.9924196600914001,-0.005769848823547363,0.9723742008209229,-0.02331531047821045,44.7266816704176,-4.8652163040760215,5.5283457268766405,-0.6223508697421734
Abuse,delta_alignment_auc,2,Abuse030_x264,Abuse,1536,85,0.9929139614105225,0.9998125433921814,0.999457597732544,0.9925305843353271,69.11541735922488,9.577626597772973,0.9960942268371582,0.9987035393714905,0.9976728558540344,0.9960017800331116,49.40973770624721,6.223381187835201,0.8773019313812256,-0.11561203002929688,0.9942852854728699,-0.0055272579193115234,0.9889017343521118,-0.010555863380432129,0.8707643747329712,-0.12176620960235596,72.44942635910326,3.334008999878378,10.539863551001094,0.9622369532281212,0.982647716999054,-0.013446509838104248,0.9944312572479248,-0.004272282123565674,0.990401029586792,-0.007271826267242432,0.9821935296058655,-0.013808250427246094,57.38800827015851,7.978270563911295,7.352876755407537,1.1294955675723362
Abuse,delta_classifier_positive_mean,1,Abuse028_x264,Abuse,1408,75,0.8617116808891296,0.9985138773918152,0.9662609100341797,0.8558292984962463,51.73643410852713,6.367688064496575,0.9958226680755615,0.9996578693389893,0.9981895089149475,0.9956895112991333,49.59189797449362,6.150696596618814,0.7828150391578674,-0.07889664173126221,0.9978390336036682,-0.0006748437881469727,0.9105392694473267,-0.05572164058685303,0.7756287455558777,-0.08020055294036865,43.9584896224056,-7.777944486121527,5.443250217191167,-0.9244378473054082,0.973442018032074,-0.02238065004348755,0.9986167550086975,-0.001041114330291748,0.9924196600914001,-0.005769848823547363,0.9723742008209229,-0.02331531047821045,44.7266816704176,-4.8652163040760215,5.5283457268766405,-0.6223508697421734
Abuse,delta_classifier_positive_mean,2,Abuse030_x264,Abuse,1536,85,0.9929139614105225,0.9998125433921814,0.999457597732544,0.9925305843353271,69.11541735922488,9.577626597772973,0.9960942268371582,0.9987035393714905,0.9976728558540344,0.9960017800331116,49.40973770624721,6.223381187835201,0.8773019313812256,-0.11561203002929688,0.9942852854728699,-0.0055272579193115234,0.9889017343521118,-0.010555863380432129,0.8707643747329712,-0.12176620960235596,72.44942635910326,3.334008999878378,10.539863551001094,0.9622369532281212,0.982647716999054,-0.013446509838104248,0.9944312572479248,-0.004272282123565674,0.990401029586792,-0.007271826267242432,0.9821935296058655,-0.013808250427246094,57.38800827015851,7.978270563911295,7.352876755407537,1.1294955675723362
Abuse,delta_alignment_positive_mean,1,Abuse030_x264,Abuse,1536,85,0.9929139614105225,0.9998125433921814,0.999457597732544,0.9925305843353271,69.11541735922488,9.577626597772973,0.9960942268371582,0.9987035393714905,0.9976728558540344,0.9960017800331116,49.40973770624721,6.223381187835201,0.8773019313812256,-0.11561203002929688,0.9942852854728699,-0.0055272579193115234,0.9889017343521118,-0.010555863380432129,0.8707643747329712,-0.12176620960235596,72.44942635910326,3.334008999878378,10.539863551001094,0.9622369532281212,0.982647716999054,-0.013446509838104248,0.9944312572479248,-0.004272282123565674,0.990401029586792,-0.007271826267242432,0.9821935296058655,-0.013808250427246094,57.38800827015851,7.978270563911295,7.352876755407537,1.1294955675723362
Abuse,delta_alignment_positive_mean,2,Abuse028_x264,Abuse,1408,75,0.8617116808891296,0.9985138773918152,0.9662609100341797,0.8558292984962463,51.73643410852713,6.367688064496575,0.9958226680755615,0.9996578693389893,0.9981895089149475,0.9956895112991333,49.59189797449362,6.150696596618814,0.7828150391578674,-0.07889664173126221,0.9978390336036682,-0.0006748437881469727,0.9105392694473267,-0.05572164058685303,0.7756287455558777,-0.08020055294036865,43.9584896224056,-7.777944486121527,5.443250217191167,-0.9244378473054082,0.973442018032074,-0.02238065004348755,0.9986167550086975,-0.001041114330291748,0.9924196600914001,-0.005769848823547363,0.9723742008209229,-0.02331531047821045,44.7266816704176,-4.8652163040760215,5.5283457268766405,-0.6223508697421734
Arrest,delta_classifier_auc,1,Arrest030_x264,Arrest,8640,1665,0.9869815111160278,0.9999940395355225,0.9999823570251465,0.9838781356811523,94.27715457392877,78.17053623625138,0.9984167218208313,0.9999738335609436,0.9999187588691711,0.9980581998825073,80.21709020848806,34.57953957658516,0.9635385274887085,-0.023442983627319336,0.9999872446060181,-6.794929504394531e-06,0.999919056892395,-6.330013275146484e-05,0.9548541903495789,-0.029023945331573486,84.26511242425221,-10.01204214967656,43.151122394075244,-35.019413842176135,0.996159553527832,-0.0022571682929992676,0.9999029040336609,-7.092952728271484e-05,0.9998260140419006,-9.274482727050781e-05,0.995284378528595,-0.0027738213539123535,89.07184603958798,8.854755831099922,56.619715467165065,22.040175890579903
Arrest,delta_classifier_auc,2,Arrest007_x264,Arrest,3136,630,0.7880198955535889,0.9999284744262695,0.9957724809646606,0.7357915639877319,99.70622886025919,99.15736607142858,0.9165781736373901,0.9999218583106995,0.9993320107460022,0.895774245262146,99.90891701186993,99.6533658140801,0.5297353863716125,-0.2582845091819763,0.9973993301391602,-0.002529144287109375,0.9310562610626221,-0.06471621990203857,0.4288446605205536,-0.30694690346717834,94.83563257705318,-4.870596283206012,84.92000564654214,-14.237360424886447,0.8741803765296936,-0.04239779710769653,0.9971795082092285,-0.0027423501014709473,0.988937497138977,-0.010394513607025146,0.8453308939933777,-0.05044335126876831,97.14425062389947,-2.7646663879704647,93.22831611646787,-6.425049697612238
Arrest,delta_classifier_auc,3,Arrest001_x264,Arrest,2368,300,0.4518764019012451,0.9980471134185791,0.9698720574378967,0.3767319321632385,98.38426821405545,90.03403346653347,0.6530710458755493,0.9905329346656799,0.9810068607330322,0.6054981350898743,99.59896840747905,97.37133478437828,0.25232580304145813,-0.199550598859787,0.9978118538856506,-0.0002352595329284668,0.9619703888893127,-0.007901668548583984,0.14937932789325714,-0.22735260426998138,99.28175370728563,0.8974854932301781,95.5053339022089,5.471300435675431,0.5490652322769165,-0.10400581359863281,0.9899687170982361,-0.0005642175674438477,0.9708555340766907,-0.010151326656341553,0.48787710070610046,-0.1176210343837738,99.5551257253385,-0.04384268214054998,97.0295580000028,-0.3417767843754831
Arrest,delta_classifier_auc,4,Arrest039_x264,Arrest,15824,3120,0.31562724709510803,0.9983789920806885,0.42451947927474976,0.28888413310050964,59.54397565071369,23.391684099129716,0.3831726312637329,0.9992027878761292,0.4598191976547241,0.364348828792572,60.59185881289155,22.01382464863371,0.14029677212238312,-0.17533047497272491,0.9797820448875427,-0.018596947193145752,0.188693568110466,-0.23582591116428375,0.1284109205007553,-0.16047321259975433,62.84509623457987,3.3011205838661795,25.354153949701423,1.9624698505717078,0.25220775604248047,-0.13096487522125244,0.9892077445983887,-0.009995043277740479,0.23903194069862366,-0.22078725695610046,0.25544363260269165,-0.10890519618988037,60.34457146547827,-0.24728734741328395,22.38952082574469,0.3756961771109779
Arrest,delta_classifier_auc,5,Arrest024_x264,Arrest,3616,2100,0.9995573163032532,0.9999921321868896,0.9998852610588074,0.9991028904914856,51.493152406081165,55.06442484182102,0.9997256398200989,0.9999205470085144,0.9997170567512512,0.9997373223304749,39.684633747958294,48.4604455660679,0.999373733997345,-0.00018358230590820312,0.99998939037323,-2.7418136596679688e-06,0.9998611807823181,-2.4080276489257812e-05,0.9986984729766846,-0.0004044175148010254,67.60673451438622,16.113582108305053,75.79353805350448,20.729113211683455,0.9988195300102234,-0.0009061098098754883,0.9995534420013428,-0.00036710500717163086,0.9988452196121216,-0.0008718371391296387,0.9987841248512268,-0.0009531974792480469,53.64317125266993,13.958537504711636,58.421594215710826,9.96114864964293
Arrest,delta_alignment_auc,1,Arrest007_x264,Arrest,3136,630,0.7880198955535889,0.9999284744262695,0.9957724809646606,0.7357915639877319,99.70622886025919,99.15736607142858,0.9165781736373901,0.9999218583106995,0.9993320107460022,0.895774245262146,99.90891701186993,99.6533658140801,0.5297353863716125,-0.2582845091819763,0.9973993301391602,-0.002529144287109375,0.9310562610626221,-0.06471621990203857,0.4288446605205536,-0.30694690346717834,94.83563257705318,-4.870596283206012,84.92000564654214,-14.237360424886447,0.8741803765296936,-0.04239779710769653,0.9971795082092285,-0.0027423501014709473,0.988937497138977,-0.010394513607025146,0.8453308939933777,-0.05044335126876831,97.14425062389947,-2.7646663879704647,93.22831611646787,-6.425049697612238
Arrest,delta_alignment_auc,2,Arrest039_x264,Arrest,15824,3120,0.31562724709510803,0.9983789920806885,0.42451947927474976,0.28888413310050964,59.54397565071369,23.391684099129716,0.3831726312637329,0.9992027878761292,0.4598191976547241,0.364348828792572,60.59185881289155,22.01382464863371,0.14029677212238312,-0.17533047497272491,0.9797820448875427,-0.018596947193145752,0.188693568110466,-0.23582591116428375,0.1284109205007553,-0.16047321259975433,62.84509623457987,3.3011205838661795,25.354153949701423,1.9624698505717078,0.25220775604248047,-0.13096487522125244,0.9892077445983887,-0.009995043277740479,0.23903194069862366,-0.22078725695610046,0.25544363260269165,-0.10890519618988037,60.34457146547827,-0.24728734741328395,22.38952082574469,0.3756961771109779
Arrest,delta_alignment_auc,3,Arrest001_x264,Arrest,2368,300,0.4518764019012451,0.9980471134185791,0.9698720574378967,0.3767319321632385,98.38426821405545,90.03403346653347,0.6530710458755493,0.9905329346656799,0.9810068607330322,0.6054981350898743,99.59896840747905,97.37133478437828,0.25232580304145813,-0.199550598859787,0.9978118538856506,-0.0002352595329284668,0.9619703888893127,-0.007901668548583984,0.14937932789325714,-0.22735260426998138,99.28175370728563,0.8974854932301781,95.5053339022089,5.471300435675431,0.5490652322769165,-0.10400581359863281,0.9899687170982361,-0.0005642175674438477,0.9708555340766907,-0.010151326656341553,0.48787710070610046,-0.1176210343837738,99.5551257253385,-0.04384268214054998,97.0295580000028,-0.3417767843754831
Arrest,delta_alignment_auc,4,Arrest030_x264,Arrest,8640,1665,0.9869815111160278,0.9999940395355225,0.9999823570251465,0.9838781356811523,94.27715457392877,78.17053623625138,0.9984167218208313,0.9999738335609436,0.9999187588691711,0.9980581998825073,80.21709020848806,34.57953957658516,0.9635385274887085,-0.023442983627319336,0.9999872446060181,-6.794929504394531e-06,0.999919056892395,-6.330013275146484e-05,0.9548541903495789,-0.029023945331573486,84.26511242425221,-10.01204214967656,43.151122394075244,-35.019413842176135,0.996159553527832,-0.0022571682929992676,0.9999029040336609,-7.092952728271484e-05,0.9998260140419006,-9.274482727050781e-05,0.995284378528595,-0.0027738213539123535,89.07184603958798,8.854755831099922,56.619715467165065,22.040175890579903
Arrest,delta_alignment_auc,5,Arrest024_x264,Arrest,3616,2100,0.9995573163032532,0.9999921321868896,0.9998852610588074,0.9991028904914856,51.493152406081165,55.06442484182102,0.9997256398200989,0.9999205470085144,0.9997170567512512,0.9997373223304749,39.684633747958294,48.4604455660679,0.999373733997345,-0.00018358230590820312,0.99998939037323,-2.7418136596679688e-06,0.9998611807823181,-2.4080276489257812e-05,0.9986984729766846,-0.0004044175148010254,67.60673451438622,16.113582108305053,75.79353805350448,20.729113211683455,0.9988195300102234,-0.0009061098098754883,0.9995534420013428,-0.00036710500717163086,0.9988452196121216,-0.0008718371391296387,0.9987841248512268,-0.0009531974792480469,53.64317125266993,13.958537504711636,58.421594215710826,9.96114864964293
Arrest,delta_classifier_positive_mean,1,Arrest039_x264,Arrest,15824,3120,0.31562724709510803,0.9983789920806885,0.42451947927474976,0.28888413310050964,59.54397565071369,23.391684099129716,0.3831726312637329,0.9992027878761292,0.4598191976547241,0.364348828792572,60.59185881289155,22.01382464863371,0.14029677212238312,-0.17533047497272491,0.9797820448875427,-0.018596947193145752,0.188693568110466,-0.23582591116428375,0.1284109205007553,-0.16047321259975433,62.84509623457987,3.3011205838661795,25.354153949701423,1.9624698505717078,0.25220775604248047,-0.13096487522125244,0.9892077445983887,-0.009995043277740479,0.23903194069862366,-0.22078725695610046,0.25544363260269165,-0.10890519618988037,60.34457146547827,-0.24728734741328395,22.38952082574469,0.3756961771109779
Arrest,delta_classifier_positive_mean,2,Arrest007_x264,Arrest,3136,630,0.7880198955535889,0.9999284744262695,0.9957724809646606,0.7357915639877319,99.70622886025919,99.15736607142858,0.9165781736373901,0.9999218583106995,0.9993320107460022,0.895774245262146,99.90891701186993,99.6533658140801,0.5297353863716125,-0.2582845091819763,0.9973993301391602,-0.002529144287109375,0.9310562610626221,-0.06471621990203857,0.4288446605205536,-0.30694690346717834,94.83563257705318,-4.870596283206012,84.92000564654214,-14.237360424886447,0.8741803765296936,-0.04239779710769653,0.9971795082092285,-0.0027423501014709473,0.988937497138977,-0.010394513607025146,0.8453308939933777,-0.05044335126876831,97.14425062389947,-2.7646663879704647,93.22831611646787,-6.425049697612238
Arrest,delta_classifier_positive_mean,3,Arrest001_x264,Arrest,2368,300,0.4518764019012451,0.9980471134185791,0.9698720574378967,0.3767319321632385,98.38426821405545,90.03403346653347,0.6530710458755493,0.9905329346656799,0.9810068607330322,0.6054981350898743,99.59896840747905,97.37133478437828,0.25232580304145813,-0.199550598859787,0.9978118538856506,-0.0002352595329284668,0.9619703888893127,-0.007901668548583984,0.14937932789325714,-0.22735260426998138,99.28175370728563,0.8974854932301781,95.5053339022089,5.471300435675431,0.5490652322769165,-0.10400581359863281,0.9899687170982361,-0.0005642175674438477,0.9708555340766907,-0.010151326656341553,0.48787710070610046,-0.1176210343837738,99.5551257253385,-0.04384268214054998,97.0295580000028,-0.3417767843754831
Arrest,delta_classifier_positive_mean,4,Arrest030_x264,Arrest,8640,1665,0.9869815111160278,0.9999940395355225,0.9999823570251465,0.9838781356811523,94.27715457392877,78.17053623625138,0.9984167218208313,0.9999738335609436,0.9999187588691711,0.9980581998825073,80.21709020848806,34.57953957658516,0.9635385274887085,-0.023442983627319336,0.9999872446060181,-6.794929504394531e-06,0.999919056892395,-6.330013275146484e-05,0.9548541903495789,-0.029023945331573486,84.26511242425221,-10.01204214967656,43.151122394075244,-35.019413842176135,0.996159553527832,-0.0022571682929992676,0.9999029040336609,-7.092952728271484e-05,0.9998260140419006,-9.274482727050781e-05,0.995284378528595,-0.0027738213539123535,89.07184603958798,8.854755831099922,56.619715467165065,22.040175890579903
Arrest,delta_classifier_positive_mean,5,Arrest024_x264,Arrest,3616,2100,0.9995573163032532,0.9999921321868896,0.9998852610588074,0.9991028904914856,51.493152406081165,55.06442484182102,0.9997256398200989,0.9999205470085144,0.9997170567512512,0.9997373223304749,39.684633747958294,48.4604455660679,0.999373733997345,-0.00018358230590820312,0.99998939037323,-2.7418136596679688e-06,0.9998611807823181,-2.4080276489257812e-05,0.9986984729766846,-0.0004044175148010254,67.60673451438622,16.113582108305053,75.79353805350448,20.729113211683455,0.9988195300102234,-0.0009061098098754883,0.9995534420013428,-0.00036710500717163086,0.9988452196121216,-0.0008718371391296387,0.9987841248512268,-0.0009531974792480469,53.64317125266993,13.958537504711636,58.421594215710826,9.96114864964293
Arrest,delta_alignment_positive_mean,1,Arrest039_x264,Arrest,15824,3120,0.31562724709510803,0.9983789920806885,0.42451947927474976,0.28888413310050964,59.54397565071369,23.391684099129716,0.3831726312637329,0.9992027878761292,0.4598191976547241,0.364348828792572,60.59185881289155,22.01382464863371,0.14029677212238312,-0.17533047497272491,0.9797820448875427,-0.018596947193145752,0.188693568110466,-0.23582591116428375,0.1284109205007553,-0.16047321259975433,62.84509623457987,3.3011205838661795,25.354153949701423,1.9624698505717078,0.25220775604248047,-0.13096487522125244,0.9892077445983887,-0.009995043277740479,0.23903194069862366,-0.22078725695610046,0.25544363260269165,-0.10890519618988037,60.34457146547827,-0.24728734741328395,22.38952082574469,0.3756961771109779
Arrest,delta_alignment_positive_mean,2,Arrest007_x264,Arrest,3136,630,0.7880198955535889,0.9999284744262695,0.9957724809646606,0.7357915639877319,99.70622886025919,99.15736607142858,0.9165781736373901,0.9999218583106995,0.9993320107460022,0.895774245262146,99.90891701186993,99.6533658140801,0.5297353863716125,-0.2582845091819763,0.9973993301391602,-0.002529144287109375,0.9310562610626221,-0.06471621990203857,0.4288446605205536,-0.30694690346717834,94.83563257705318,-4.870596283206012,84.92000564654214,-14.237360424886447,0.8741803765296936,-0.04239779710769653,0.9971795082092285,-0.0027423501014709473,0.988937497138977,-0.010394513607025146,0.8453308939933777,-0.05044335126876831,97.14425062389947,-2.7646663879704647,93.22831611646787,-6.425049697612238
Arrest,delta_alignment_positive_mean,3,Arrest001_x264,Arrest,2368,300,0.4518764019012451,0.9980471134185791,0.9698720574378967,0.3767319321632385,98.38426821405545,90.03403346653347,0.6530710458755493,0.9905329346656799,0.9810068607330322,0.6054981350898743,99.59896840747905,97.37133478437828,0.25232580304145813,-0.199550598859787,0.9978118538856506,-0.0002352595329284668,0.9619703888893127,-0.007901668548583984,0.14937932789325714,-0.22735260426998138,99.28175370728563,0.8974854932301781,95.5053339022089,5.471300435675431,0.5490652322769165,-0.10400581359863281,0.9899687170982361,-0.0005642175674438477,0.9708555340766907,-0.010151326656341553,0.48787710070610046,-0.1176210343837738,99.5551257253385,-0.04384268214054998,97.0295580000028,-0.3417767843754831
Arrest,delta_alignment_positive_mean,4,Arrest024_x264,Arrest,3616,2100,0.9995573163032532,0.9999921321868896,0.9998852610588074,0.9991028904914856,51.493152406081165,55.06442484182102,0.9997256398200989,0.9999205470085144,0.9997170567512512,0.9997373223304749,39.684633747958294,48.4604455660679,0.999373733997345,-0.00018358230590820312,0.99998939037323,-2.7418136596679688e-06,0.9998611807823181,-2.4080276489257812e-05,0.9986984729766846,-0.0004044175148010254,67.60673451438622,16.113582108305053,75.79353805350448,20.729113211683455,0.9988195300102234,-0.0009061098098754883,0.9995534420013428,-0.00036710500717163086,0.9988452196121216,-0.0008718371391296387,0.9987841248512268,-0.0009531974792480469,53.64317125266993,13.958537504711636,58.421594215710826,9.96114864964293
Arrest,delta_alignment_positive_mean,5,Arrest030_x264,Arrest,8640,1665,0.9869815111160278,0.9999940395355225,0.9999823570251465,0.9838781356811523,94.27715457392877,78.17053623625138,0.9984167218208313,0.9999738335609436,0.9999187588691711,0.9980581998825073,80.21709020848806,34.57953957658516,0.9635385274887085,-0.023442983627319336,0.9999872446060181,-6.794929504394531e-06,0.999919056892395,-6.330013275146484e-05,0.9548541903495789,-0.029023945331573486,84.26511242425221,-10.01204214967656,43.151122394075244,-35.019413842176135,0.996159553527832,-0.0022571682929992676,0.9999029040336609,-7.092952728271484e-05,0.9998260140419006,-9.274482727050781e-05,0.995284378528595,-0.0027738213539123535,89.07184603958798,8.854755831099922,56.619715467165065,22.040175890579903
Arson,delta_classifier_auc,1,Arson011_x264,Arson,1264,854,0.9950112700462341,0.9997077584266663,0.9945997595787048,0.9958685040473938,62.822299651567945,84.5060374622714,0.9993823170661926,0.9997981786727905,0.9996566772460938,0.9988109469413757,98.08133889301422,99.00797730551056,0.9430009722709656,-0.052010297775268555,0.9963484406471252,-0.0033593177795410156,0.9288039803504944,-0.06579577922821045,0.9725719690322876,-0.0232965350151062,37.15028274404524,-25.672016907522703,67.13312198955951,-17.37291547271188,0.9985782504081726,-0.0008040666580200195,0.9995037317276001,-0.0002944469451904297,0.9989580512046814,-0.0006986260414123535,0.9977871179580688,-0.0010238289833068848,88.0556348889016,-10.025704004112626,93.70540980608784,-5.302567499422722
Arson,delta_classifier_auc,2,Arson035_x264,Arson,1424,300,0.7763559818267822,0.9992513060569763,0.9986855983734131,0.717015266418457,88.60498220640571,70.8615977989792,0.9473569989204407,0.9996225833892822,0.9994032979011536,0.9334656000137329,99.67022538552787,98.72760270774977,0.7149730920791626,-0.06138288974761963,0.9985886216163635,-0.000662684440612793,0.9971016645431519,-0.0015839338302612305,0.6396719217300415,-0.07734334468841553,81.92408066429418,-6.680901542111528,41.665294101567724,-29.19630369741148,0.9364240169525146,-0.010932981967926025,0.998555600643158,-0.0010669827461242676,0.9977068305015564,-0.001696467399597168,0.9200674295425415,-0.013398170471191406,98.17081850533808,-1.4994068801897953,94.79591167284998,-3.931691034899785
Arson,delta_classifier_auc,3,Arson016_x264,Arson,1792,792,0.785133957862854,0.9999029636383057,0.9992296695709229,0.615570068359375,99.99595959595959,99.98989898989899,0.9622316360473633,0.9996755719184875,0.9994420409202576,0.9327608346939087,99.99595959595959,99.98989898989899,0.6057947874069214,-0.17933917045593262,0.9993147850036621,-0.0005881786346435547,0.9948151111602783,-0.004414558410644531,0.2976906895637512,-0.3178793787956238,99.99595959595959,0.0,99.98989898989899,0.0,0.9751361012458801,0.012904465198516846,0.999671459197998,-4.112720489501953e-06,0.9994602203369141,1.817941665649414e-05,0.9558713436126709,0.023110508918762207,99.99595959595959,0.0,99.98989898989899,0.0
Arson,delta_classifier_auc,4,Arson009_x264,Arson,736,95,0.9960964918136597,0.9998841285705566,0.9980766177177429,0.9958029389381409,36.82322029723294,11.619719789387476,0.9986822605133057,0.9999508857727051,0.9986799359321594,0.9986826777458191,34.32712045323918,11.23853200278029,0.9964635372161865,0.00036704540252685547,0.9999138116836548,2.968311309814453e-05,0.9980347752571106,-4.184246063232422e-05,0.9962306618690491,0.0004277229309082031,37.11224238443223,0.28902208719928524,11.631966752950229,0.012246963562752455,0.9987341165542603,5.1856040954589844e-05,0.9997273087501526,-0.00022357702255249023,0.9988695383071899,0.00018960237503051758,0.9987139701843262,3.129243850708008e-05,36.166351917234586,1.8392314639954037,11.42684089762276,0.1883088948424696
Arson,delta_classifier_auc,5,Arson022_x264,Arson,8640,500,0.17088857293128967,0.9978341460227966,0.20723113417625427,0.16865621507167816,75.24855036855037,10.451115560881139,0.19434614479541779,0.9996037483215332,0.1678755283355713,0.19597209990024567,73.00147420147421,9.68167696248114,0.12481880187988281,-0.04606977105140686,0.9971127510070801,-0.0007213950157165527,0.036805201321840286,-0.170425932854414,0.1302250325679779,-0.038431182503700256,75.98761670761671,0.7390663390663406,10.724841787720809,0.2737262268396705,0.17524351179599762,-0.019102632999420166,0.9974808692932129,-0.0021228790283203125,0.17073175311088562,0.002856224775314331,0.175520658493042,-0.020451441407203674,77.18742014742016,4.185945945945946,11.243147128757707,1.5614701662765675
Arson,delta_alignment_auc,1,Arson011_x264,Arson,1264,854,0.9950112700462341,0.9997077584266663,0.9945997595787048,0.9958685040473938,62.822299651567945,84.5060374622714,0.9993823170661926,0.9997981786727905,0.9996566772460938,0.9988109469413757,98.08133889301422,99.00797730551056,0.9430009722709656,-0.052010297775268555,0.9963484406471252,-0.0033593177795410156,0.9288039803504944,-0.06579577922821045,0.9725719690322876,-0.0232965350151062,37.15028274404524,-25.672016907522703,67.13312198955951,-17.37291547271188,0.9985782504081726,-0.0008040666580200195,0.9995037317276001,-0.0002944469451904297,0.9989580512046814,-0.0006986260414123535,0.9977871179580688,-0.0010238289833068848,88.0556348889016,-10.025704004112626,93.70540980608784,-5.302567499422722
Arson,delta_alignment_auc,2,Arson041_x264,Arson,3744,1485,0.9899712204933167,0.9999760389328003,0.9986900091171265,0.9842398166656494,87.8709330280822,86.85469927528348,0.9993581771850586,0.9999215006828308,0.9996099472045898,0.9991926550865173,73.5513166190457,73.44281433032872,0.9876070618629456,-0.0023641586303710938,0.9999741315841675,-1.9073486328125e-06,0.9993135929107666,0.0006235837936401367,0.9799115061759949,-0.004328310489654541,96.62734769861817,8.75641467053596,95.32101480788735,8.466315532603872,0.9985805153846741,-0.0007776618003845215,0.9998297095298767,-9.179115295410156e-05,0.9989343285560608,-0.0006756186485290527,0.9983478784561157,-0.0008447766304016113,64.62033646185925,-8.930980157186454,67.65909990928662,-5.783714421042092
Arson,delta_alignment_auc,3,Arson035_x264,Arson,1424,300,0.7763559818267822,0.9992513060569763,0.9986855983734131,0.717015266418457,88.60498220640571,70.8615977989792,0.9473569989204407,0.9996225833892822,0.9994032979011536,0.9334656000137329,99.67022538552787,98.72760270774977,0.7149730920791626,-0.06138288974761963,0.9985886216163635,-0.000662684440612793,0.9971016645431519,-0.0015839338302612305,0.6396719217300415,-0.07734334468841553,81.92408066429418,-6.680901542111528,41.665294101567724,-29.19630369741148,0.9364240169525146,-0.010932981967926025,0.998555600643158,-0.0010669827461242676,0.9977068305015564,-0.001696467399597168,0.9200674295425415,-0.013398170471191406,98.17081850533808,-1.4994068801897953,94.79591167284998,-3.931691034899785
Arson,delta_alignment_auc,4,Arson007_x264,Arson,6240,3450,0.957899808883667,0.9958055019378662,0.947363555431366,0.9709285497665405,40.183242428964725,47.75016439106431,0.9967396259307861,0.9988159537315369,0.9957154393196106,0.9980061054229736,20.153114123941616,44.81253779436939,0.9676958322525024,0.00979602336883545,0.999077558517456,0.0032720565795898438,0.9570856094360352,0.00972205400466919,0.980816125869751,0.00988757610321045,44.96287985039737,4.779637421432646,58.211512788702905,10.461348397638595,0.9927005767822266,-0.00403904914855957,0.9995192289352417,0.000703275203704834,0.990614652633667,-0.0051007866859436035,0.9952797889709473,-0.002726316452026367,19.873855903589426,-0.2792582203521903,39.10158590464099,-5.710951889728399
Arson,delta_alignment_auc,5,Arson016_x264,Arson,1792,792,0.785133957862854,0.9999029636383057,0.9992296695709229,0.615570068359375,99.99595959595959,99.98989898989899,0.9622316360473633,0.9996755719184875,0.9994420409202576,0.9327608346939087,99.99595959595959,99.98989898989899,0.6057947874069214,-0.17933917045593262,0.9993147850036621,-0.0005881786346435547,0.9948151111602783,-0.004414558410644531,0.2976906895637512,-0.3178793787956238,99.99595959595959,0.0,99.98989898989899,0.0,0.9751361012458801,0.012904465198516846,0.999671459197998,-4.112720489501953e-06,0.9994602203369141,1.817941665649414e-05,0.9558713436126709,0.023110508918762207,99.99595959595959,0.0,99.98989898989899,0.0
Arson,delta_classifier_positive_mean,1,Arson022_x264,Arson,8640,500,0.17088857293128967,0.9978341460227966,0.20723113417625427,0.16865621507167816,75.24855036855037,10.451115560881139,0.19434614479541779,0.9996037483215332,0.1678755283355713,0.19597209990024567,73.00147420147421,9.68167696248114,0.12481880187988281,-0.04606977105140686,0.9971127510070801,-0.0007213950157165527,0.036805201321840286,-0.170425932854414,0.1302250325679779,-0.038431182503700256,75.98761670761671,0.7390663390663406,10.724841787720809,0.2737262268396705,0.17524351179599762,-0.019102632999420166,0.9974808692932129,-0.0021228790283203125,0.17073175311088562,0.002856224775314331,0.175520658493042,-0.020451441407203674,77.18742014742016,4.185945945945946,11.243147128757707,1.5614701662765675
Arson,delta_classifier_positive_mean,2,Arson011_x264,Arson,1264,854,0.9950112700462341,0.9997077584266663,0.9945997595787048,0.9958685040473938,62.822299651567945,84.5060374622714,0.9993823170661926,0.9997981786727905,0.9996566772460938,0.9988109469413757,98.08133889301422,99.00797730551056,0.9430009722709656,-0.052010297775268555,0.9963484406471252,-0.0033593177795410156,0.9288039803504944,-0.06579577922821045,0.9725719690322876,-0.0232965350151062,37.15028274404524,-25.672016907522703,67.13312198955951,-17.37291547271188,0.9985782504081726,-0.0008040666580200195,0.9995037317276001,-0.0002944469451904297,0.9989580512046814,-0.0006986260414123535,0.9977871179580688,-0.0010238289833068848,88.0556348889016,-10.025704004112626,93.70540980608784,-5.302567499422722
Arson,delta_classifier_positive_mean,3,Arson016_x264,Arson,1792,792,0.785133957862854,0.9999029636383057,0.9992296695709229,0.615570068359375,99.99595959595959,99.98989898989899,0.9622316360473633,0.9996755719184875,0.9994420409202576,0.9327608346939087,99.99595959595959,99.98989898989899,0.6057947874069214,-0.17933917045593262,0.9993147850036621,-0.0005881786346435547,0.9948151111602783,-0.004414558410644531,0.2976906895637512,-0.3178793787956238,99.99595959595959,0.0,99.98989898989899,0.0,0.9751361012458801,0.012904465198516846,0.999671459197998,-4.112720489501953e-06,0.9994602203369141,1.817941665649414e-05,0.9558713436126709,0.023110508918762207,99.99595959595959,0.0,99.98989898989899,0.0
Arson,delta_classifier_positive_mean,4,Arson035_x264,Arson,1424,300,0.7763559818267822,0.9992513060569763,0.9986855983734131,0.717015266418457,88.60498220640571,70.8615977989792,0.9473569989204407,0.9996225833892822,0.9994032979011536,0.9334656000137329,99.67022538552787,98.72760270774977,0.7149730920791626,-0.06138288974761963,0.9985886216163635,-0.000662684440612793,0.9971016645431519,-0.0015839338302612305,0.6396719217300415,-0.07734334468841553,81.92408066429418,-6.680901542111528,41.665294101567724,-29.19630369741148,0.9364240169525146,-0.010932981967926025,0.998555600643158,-0.0010669827461242676,0.9977068305015564,-0.001696467399597168,0.9200674295425415,-0.013398170471191406,98.17081850533808,-1.4994068801897953,94.79591167284998,-3.931691034899785
Arson,delta_classifier_positive_mean,5,Arson018_x264,Arson,832,330,0.9982958436012268,0.9998984336853027,0.9993827939033508,0.9975813627243042,60.67246166847761,42.24004651313983,0.9996012449264526,0.9998027682304382,0.999603271484375,0.9995996356010437,49.816491609320295,38.86924183618679,0.9977322816848755,-0.0005635619163513184,0.9998160004615784,-8.243322372436523e-05,0.9988057613372803,-0.0005770325660705566,0.9970266819000244,-0.0005546808242797852,61.94736206688397,1.2749003984063592,43.05055390571427,0.8105073925744364,0.9982120990753174,-0.001389145851135254,0.9990329742431641,-0.0007697939872741699,0.9983493685722351,-0.0012539029121398926,0.998121976852417,-0.001477658748626709,63.22226246529037,13.405770855970076,45.90433116164695,7.035089325460163
Arson,delta_alignment_positive_mean,1,Arson007_x264,Arson,6240,3450,0.957899808883667,0.9958055019378662,0.947363555431366,0.9709285497665405,40.183242428964725,47.75016439106431,0.9967396259307861,0.9988159537315369,0.9957154393196106,0.9980061054229736,20.153114123941616,44.81253779436939,0.9676958322525024,0.00979602336883545,0.999077558517456,0.0032720565795898438,0.9570856094360352,0.00972205400466919,0.980816125869751,0.00988757610321045,44.96287985039737,4.779637421432646,58.211512788702905,10.461348397638595,0.9927005767822266,-0.00403904914855957,0.9995192289352417,0.000703275203704834,0.990614652633667,-0.0051007866859436035,0.9952797889709473,-0.002726316452026367,19.873855903589426,-0.2792582203521903,39.10158590464099,-5.710951889728399
Arson,delta_alignment_positive_mean,2,Arson035_x264,Arson,1424,300,0.7763559818267822,0.9992513060569763,0.9986855983734131,0.717015266418457,88.60498220640571,70.8615977989792,0.9473569989204407,0.9996225833892822,0.9994032979011536,0.9334656000137329,99.67022538552787,98.72760270774977,0.7149730920791626,-0.06138288974761963,0.9985886216163635,-0.000662684440612793,0.9971016645431519,-0.0015839338302612305,0.6396719217300415,-0.07734334468841553,81.92408066429418,-6.680901542111528,41.665294101567724,-29.19630369741148,0.9364240169525146,-0.010932981967926025,0.998555600643158,-0.0010669827461242676,0.9977068305015564,-0.001696467399597168,0.9200674295425415,-0.013398170471191406,98.17081850533808,-1.4994068801897953,94.79591167284998,-3.931691034899785
Arson,delta_alignment_positive_mean,3,Arson018_x264,Arson,832,330,0.9982958436012268,0.9998984336853027,0.9993827939033508,0.9975813627243042,60.67246166847761,42.24004651313983,0.9996012449264526,0.9998027682304382,0.999603271484375,0.9995996356010437,49.816491609320295,38.86924183618679,0.9977322816848755,-0.0005635619163513184,0.9998160004615784,-8.243322372436523e-05,0.9988057613372803,-0.0005770325660705566,0.9970266819000244,-0.0005546808242797852,61.94736206688397,1.2749003984063592,43.05055390571427,0.8105073925744364,0.9982120990753174,-0.001389145851135254,0.9990329742431641,-0.0007697939872741699,0.9983493685722351,-0.0012539029121398926,0.998121976852417,-0.001477658748626709,63.22226246529037,13.405770855970076,45.90433116164695,7.035089325460163
Arson,delta_alignment_positive_mean,4,Arson011_x264,Arson,1264,854,0.9950112700462341,0.9997077584266663,0.9945997595787048,0.9958685040473938,62.822299651567945,84.5060374622714,0.9993823170661926,0.9997981786727905,0.9996566772460938,0.9988109469413757,98.08133889301422,99.00797730551056,0.9430009722709656,-0.052010297775268555,0.9963484406471252,-0.0033593177795410156,0.9288039803504944,-0.06579577922821045,0.9725719690322876,-0.0232965350151062,37.15028274404524,-25.672016907522703,67.13312198955951,-17.37291547271188,0.9985782504081726,-0.0008040666580200195,0.9995037317276001,-0.0002944469451904297,0.9989580512046814,-0.0006986260414123535,0.9977871179580688,-0.0010238289833068848,88.0556348889016,-10.025704004112626,93.70540980608784,-5.302567499422722
Arson,delta_alignment_positive_mean,5,Arson041_x264,Arson,3744,1485,0.9899712204933167,0.9999760389328003,0.9986900091171265,0.9842398166656494,87.8709330280822,86.85469927528348,0.9993581771850586,0.9999215006828308,0.9996099472045898,0.9991926550865173,73.5513166190457,73.44281433032872,0.9876070618629456,-0.0023641586303710938,0.9999741315841675,-1.9073486328125e-06,0.9993135929107666,0.0006235837936401367,0.9799115061759949,-0.004328310489654541,96.62734769861817,8.75641467053596,95.32101480788735,8.466315532603872,0.9985805153846741,-0.0007776618003845215,0.9998297095298767,-9.179115295410156e-05,0.9989343285560608,-0.0006756186485290527,0.9983478784561157,-0.0008447766304016113,64.62033646185925,-8.930980157186454,67.65909990928662,-5.783714421042092
Assault,delta_classifier_auc,1,Assault011_x264,Assault,2288,585,0.18547077476978302,0.5335298180580139,0.31966912746429443,0.1393720805644989,80.01801747544555,58.97961147964191,0.036148592829704285,0.08189702033996582,0.05701175332069397,0.028981857001781464,82.69042564403692,50.84262171518127,0.4250534176826477,0.23958264291286469,0.8239678144454956,0.2904379963874817,0.6840236186981201,0.3643544912338257,0.3360942304134369,0.196722149848938,79.56351536504206,-0.45450211040348165,54.47824874387346,-4.501362735768453,0.44415000081062317,0.4080014079809189,0.6848245859146118,0.602927565574646,0.6271026134490967,0.5700908601284027,0.3813036382198334,0.3523217812180519,87.32538356143759,4.634957917400669,70.62690889034194,19.78428717516067
Assault,delta_classifier_auc,2,Assault010_x264,Assault,16176,1020,0.8710532188415527,0.9990785121917725,0.9871956706047058,0.8632367849349976,93.37136913356,69.34718317514547,0.9958997964859009,0.9995843172073364,0.9991496801376343,0.9956810474395752,95.35978762051138,49.42276837812105,0.6431291699409485,-0.22792404890060425,0.9952735304832458,-0.0038049817085266113,0.9529169797897339,-0.034278690814971924,0.622280478477478,-0.24095630645751953,95.55208834655531,2.1807192129953137,74.98087548751951,5.633692312374038,0.9912880063056946,-0.004611790180206299,0.9990024566650391,-0.0005818605422973633,0.997597873210907,-0.001551806926727295,0.9908633828163147,-0.004817664623260498,94.906255983523,-0.4535316369883873,59.997658129842044,10.574889751720995
Assault,delta_classifier_auc,3,Assault006_x264,Assault,8096,6911,0.9767820239067078,0.9999532699584961,0.9811534881591797,0.9512874484062195,73.03534938186355,94.0607107569676,0.9967076778411865,0.9996147155761719,0.9974859356880188,0.9921685457229614,87.21578819798681,97.46402989205164,0.9025396704673767,-0.07424235343933105,0.9999092817306519,-4.398822784423828e-05,0.9464524388313293,-0.03470104932785034,0.6464375853538513,-0.30484986305236816,91.39204484747914,18.356695465615587,98.22813213995045,4.167421382982852,0.9845172166824341,-0.012190461158752441,0.9992365837097168,-0.0003781318664550781,0.9876683950424194,-0.009817540645599365,0.9661389589309692,-0.026029586791992188,79.23780165784747,-7.977986540139341,95.00668929322475,-2.457340598826889
Assault,delta_alignment_auc,1,Assault006_x264,Assault,8096,6911,0.9767820239067078,0.9999532699584961,0.9811534881591797,0.9512874484062195,73.03534938186355,94.0607107569676,0.9967076778411865,0.9996147155761719,0.9974859356880188,0.9921685457229614,87.21578819798681,97.46402989205164,0.9025396704673767,-0.07424235343933105,0.9999092817306519,-4.398822784423828e-05,0.9464524388313293,-0.03470104932785034,0.6464375853538513,-0.30484986305236816,91.39204484747914,18.356695465615587,98.22813213995045,4.167421382982852,0.9845172166824341,-0.012190461158752441,0.9992365837097168,-0.0003781318664550781,0.9876683950424194,-0.009817540645599365,0.9661389589309692,-0.026029586791992188,79.23780165784747,-7.977986540139341,95.00668929322475,-2.457340598826889
Assault,delta_alignment_auc,2,Assault010_x264,Assault,16176,1020,0.8710532188415527,0.9990785121917725,0.9871956706047058,0.8632367849349976,93.37136913356,69.34718317514547,0.9958997964859009,0.9995843172073364,0.9991496801376343,0.9956810474395752,95.35978762051138,49.42276837812105,0.6431291699409485,-0.22792404890060425,0.9952735304832458,-0.0038049817085266113,0.9529169797897339,-0.034278690814971924,0.622280478477478,-0.24095630645751953,95.55208834655531,2.1807192129953137,74.98087548751951,5.633692312374038,0.9912880063056946,-0.004611790180206299,0.9990024566650391,-0.0005818605422973633,0.997597873210907,-0.001551806926727295,0.9908633828163147,-0.004817664623260498,94.906255983523,-0.4535316369883873,59.997658129842044,10.574889751720995
Assault,delta_alignment_auc,3,Assault011_x264,Assault,2288,585,0.18547077476978302,0.5335298180580139,0.31966912746429443,0.1393720805644989,80.01801747544555,58.97961147964191,0.036148592829704285,0.08189702033996582,0.05701175332069397,0.028981857001781464,82.69042564403692,50.84262171518127,0.4250534176826477,0.23958264291286469,0.8239678144454956,0.2904379963874817,0.6840236186981201,0.3643544912338257,0.3360942304134369,0.196722149848938,79.56351536504206,-0.45450211040348165,54.47824874387346,-4.501362735768453,0.44415000081062317,0.4080014079809189,0.6848245859146118,0.602927565574646,0.6271026134490967,0.5700908601284027,0.3813036382198334,0.3523217812180519,87.32538356143759,4.634957917400669,70.62690889034194,19.78428717516067
Assault,delta_classifier_positive_mean,1,Assault006_x264,Assault,8096,6911,0.9767820239067078,0.9999532699584961,0.9811534881591797,0.9512874484062195,73.03534938186355,94.0607107569676,0.9967076778411865,0.9996147155761719,0.9974859356880188,0.9921685457229614,87.21578819798681,97.46402989205164,0.9025396704673767,-0.07424235343933105,0.9999092817306519,-4.398822784423828e-05,0.9464524388313293,-0.03470104932785034,0.6464375853538513,-0.30484986305236816,91.39204484747914,18.356695465615587,98.22813213995045,4.167421382982852,0.9845172166824341,-0.012190461158752441,0.9992365837097168,-0.0003781318664550781,0.9876683950424194,-0.009817540645599365,0.9661389589309692,-0.026029586791992188,79.23780165784747,-7.977986540139341,95.00668929322475,-2.457340598826889
Assault,delta_classifier_positive_mean,2,Assault010_x264,Assault,16176,1020,0.8710532188415527,0.9990785121917725,0.9871956706047058,0.8632367849349976,93.37136913356,69.34718317514547,0.9958997964859009,0.9995843172073364,0.9991496801376343,0.9956810474395752,95.35978762051138,49.42276837812105,0.6431291699409485,-0.22792404890060425,0.9952735304832458,-0.0038049817085266113,0.9529169797897339,-0.034278690814971924,0.622280478477478,-0.24095630645751953,95.55208834655531,2.1807192129953137,74.98087548751951,5.633692312374038,0.9912880063056946,-0.004611790180206299,0.9990024566650391,-0.0005818605422973633,0.997597873210907,-0.001551806926727295,0.9908633828163147,-0.004817664623260498,94.906255983523,-0.4535316369883873,59.997658129842044,10.574889751720995
Assault,delta_classifier_positive_mean,3,Assault011_x264,Assault,2288,585,0.18547077476978302,0.5335298180580139,0.31966912746429443,0.1393720805644989,80.01801747544555,58.97961147964191,0.036148592829704285,0.08189702033996582,0.05701175332069397,0.028981857001781464,82.69042564403692,50.84262171518127,0.4250534176826477,0.23958264291286469,0.8239678144454956,0.2904379963874817,0.6840236186981201,0.3643544912338257,0.3360942304134369,0.196722149848938,79.56351536504206,-0.45450211040348165,54.47824874387346,-4.501362735768453,0.44415000081062317,0.4080014079809189,0.6848245859146118,0.602927565574646,0.6271026134490967,0.5700908601284027,0.3813036382198334,0.3523217812180519,87.32538356143759,4.634957917400669,70.62690889034194,19.78428717516067
Assault,delta_alignment_positive_mean,1,Assault006_x264,Assault,8096,6911,0.9767820239067078,0.9999532699584961,0.9811534881591797,0.9512874484062195,73.03534938186355,94.0607107569676,0.9967076778411865,0.9996147155761719,0.9974859356880188,0.9921685457229614,87.21578819798681,97.46402989205164,0.9025396704673767,-0.07424235343933105,0.9999092817306519,-4.398822784423828e-05,0.9464524388313293,-0.03470104932785034,0.6464375853538513,-0.30484986305236816,91.39204484747914,18.356695465615587,98.22813213995045,4.167421382982852,0.9845172166824341,-0.012190461158752441,0.9992365837097168,-0.0003781318664550781,0.9876683950424194,-0.009817540645599365,0.9661389589309692,-0.026029586791992188,79.23780165784747,-7.977986540139341,95.00668929322475,-2.457340598826889
Assault,delta_alignment_positive_mean,2,Assault010_x264,Assault,16176,1020,0.8710532188415527,0.9990785121917725,0.9871956706047058,0.8632367849349976,93.37136913356,69.34718317514547,0.9958997964859009,0.9995843172073364,0.9991496801376343,0.9956810474395752,95.35978762051138,49.42276837812105,0.6431291699409485,-0.22792404890060425,0.9952735304832458,-0.0038049817085266113,0.9529169797897339,-0.034278690814971924,0.622280478477478,-0.24095630645751953,95.55208834655531,2.1807192129953137,74.98087548751951,5.633692312374038,0.9912880063056946,-0.004611790180206299,0.9990024566650391,-0.0005818605422973633,0.997597873210907,-0.001551806926727295,0.9908633828163147,-0.004817664623260498,94.906255983523,-0.4535316369883873,59.997658129842044,10.574889751720995
Assault,delta_alignment_positive_mean,3,Assault011_x264,Assault,2288,585,0.18547077476978302,0.5335298180580139,0.31966912746429443,0.1393720805644989,80.01801747544555,58.97961147964191,0.036148592829704285,0.08189702033996582,0.05701175332069397,0.028981857001781464,82.69042564403692,50.84262171518127,0.4250534176826477,0.23958264291286469,0.8239678144454956,0.2904379963874817,0.6840236186981201,0.3643544912338257,0.3360942304134369,0.196722149848938,79.56351536504206,-0.45450211040348165,54.47824874387346,-4.501362735768453,0.44415000081062317,0.4080014079809189,0.6848245859146118,0.602927565574646,0.6271026134490967,0.5700908601284027,0.3813036382198334,0.3523217812180519,87.32538356143759,4.634957917400669,70.62690889034194,19.78428717516067
Burglary,delta_classifier_auc,1,Burglary035_x264,Burglary,4048,1739,0.9998481273651123,0.9999809265136719,0.9998738169670105,0.9998289346694946,93.71782192889239,94.96973452237404,0.9994125962257385,0.999835729598999,0.9994889497756958,0.9993550181388855,72.2290903086679,52.261643240017804,0.9993771910667419,-0.00047093629837036133,0.999868631362915,-0.00011229515075683594,0.999409019947052,-0.0004647970199584961,0.9993531107902527,-0.00047582387924194336,80.20647510018428,-13.511346828708113,66.70308380534105,-28.266650717032988,0.9988834261894226,-0.000529170036315918,0.9997427463531494,-9.298324584960938e-05,0.9985143542289734,-0.0009745955467224121,0.9991615414619446,-0.00019347667694091797,5.345373293642324,-66.88371701502558,26.04494200094839,-26.216701239069415
Burglary,delta_classifier_auc,2,Burglary032_x264,Burglary,15792,2400,0.9388415217399597,0.9983882904052734,0.9795198440551758,0.9315515160560608,76.31700517722024,30.64313891182166,0.9984009861946106,0.9996887445449829,0.9989928007125854,0.9982949495315552,75.47361608920748,27.929841785555613,0.8944091200828552,-0.04443240165710449,0.9995474219322205,0.0011591315269470215,0.9191581010818481,-0.06036174297332764,0.8899738192558289,-0.041577696800231934,63.36549183592195,-12.951513341298288,19.972752405813154,-10.670386506008505,0.9965513944625854,-0.0018495917320251465,0.9993645548820496,-0.0003241896629333496,0.9971689581871033,-0.0018238425254821777,0.9964407086372375,-0.001854240894317627,58.63709677419355,-16.83651931501393,17.691946801903605,-10.237894983652009
Burglary,delta_classifier_auc,3,Burglary092_x264,Burglary,624,180,0.9702184796333313,0.9935245513916016,0.9690423607826233,0.9706951379776001,43.593593593593596,26.12467102141015,0.9919595718383789,0.9981125593185425,0.9892746806144714,0.9930481910705566,16.046046046046044,19.345980227337723,0.9728553891181946,0.0026369094848632812,0.9960987567901611,0.0025742053985595703,0.9717913866043091,0.002749025821685791,0.9732868075370789,0.0025916695594787598,38.708708708708706,-4.88488488488489,24.400664144177465,-1.7240068772326858,0.9897734522819519,-0.002186119556427002,0.9978809356689453,-0.00023162364959716797,0.9851422905921936,-0.004132390022277832,0.9916508197784424,-0.0013973712921142578,19.48948948948949,3.4434434434434458,20.184978180748608,0.8389979534108853
Burglary,delta_classifier_auc,4,Burglary018_x264,Burglary,1120,330,0.9775689244270325,0.9986891150474548,0.99517822265625,0.9702132940292358,57.86191024165708,31.479371430385296,0.9956235885620117,0.9968234896659851,0.9961881041526794,0.9953876733779907,48.680475642500966,27.689003435399574,0.9766488075256348,-0.0009201169013977051,0.9988495111465454,0.00016039609909057617,0.9946820735931396,-0.0004961490631103516,0.9691160321235657,-0.001097261905670166,54.58457997698504,-3.277330264672038,29.66648047503149,-1.8128909553538044,0.9933870434761047,-0.0022365450859069824,0.9962570667266846,-0.0005664229393005371,0.994726836681366,-0.0014612674713134766,0.9928273558616638,-0.0025603175163269043,47.99309551208285,-0.6873801304181129,27.278426841896913,-0.41057659350266107
Burglary,delta_classifier_auc,5,Burglary017_x264,Burglary,2112,450,0.7980459332466125,0.991346538066864,0.8951343894004822,0.771758496761322,73.40205909881,31.78731746598257,0.9940235018730164,0.9982763528823853,0.9960899353027344,0.993463933467865,85.80157775103623,52.07764934905914,0.755005955696106,-0.04303997755050659,0.9940248131752014,0.0026782751083374023,0.8569507002830505,-0.03818368911743164,0.7274036407470703,-0.04435485601425171,72.6105094263939,-0.791549672416096,30.946752376681008,-0.8405650893015633,0.9745025634765625,-0.019520938396453857,0.9963886737823486,-0.001887679100036621,0.9815328121185303,-0.014557123184204102,0.9725990295410156,-0.020864903926849365,65.43949725899184,-20.3620804920444,26.32911187806674,-25.748537470992403
Burglary,delta_alignment_auc,1,Burglary035_x264,Burglary,4048,1739,0.9998481273651123,0.9999809265136719,0.9998738169670105,0.9998289346694946,93.71782192889239,94.96973452237404,0.9994125962257385,0.999835729598999,0.9994889497756958,0.9993550181388855,72.2290903086679,52.261643240017804,0.9993771910667419,-0.00047093629837036133,0.999868631362915,-0.00011229515075683594,0.999409019947052,-0.0004647970199584961,0.9993531107902527,-0.00047582387924194336,80.20647510018428,-13.511346828708113,66.70308380534105,-28.266650717032988,0.9988834261894226,-0.000529170036315918,0.9997427463531494,-9.298324584960938e-05,0.9985143542289734,-0.0009745955467224121,0.9991615414619446,-0.00019347667694091797,5.345373293642324,-66.88371701502558,26.04494200094839,-26.216701239069415
Burglary,delta_alignment_auc,2,Burglary017_x264,Burglary,2112,450,0.7980459332466125,0.991346538066864,0.8951343894004822,0.771758496761322,73.40205909881,31.78731746598257,0.9940235018730164,0.9982763528823853,0.9960899353027344,0.993463933467865,85.80157775103623,52.07764934905914,0.755005955696106,-0.04303997755050659,0.9940248131752014,0.0026782751083374023,0.8569507002830505,-0.03818368911743164,0.7274036407470703,-0.04435485601425171,72.6105094263939,-0.791549672416096,30.946752376681008,-0.8405650893015633,0.9745025634765625,-0.019520938396453857,0.9963886737823486,-0.001887679100036621,0.9815328121185303,-0.014557123184204102,0.9725990295410156,-0.020864903926849365,65.43949725899184,-20.3620804920444,26.32911187806674,-25.748537470992403
Burglary,delta_alignment_auc,3,Burglary032_x264,Burglary,15792,2400,0.9388415217399597,0.9983882904052734,0.9795198440551758,0.9315515160560608,76.31700517722024,30.64313891182166,0.9984009861946106,0.9996887445449829,0.9989928007125854,0.9982949495315552,75.47361608920748,27.929841785555613,0.8944091200828552,-0.04443240165710449,0.9995474219322205,0.0011591315269470215,0.9191581010818481,-0.06036174297332764,0.8899738192558289,-0.041577696800231934,63.36549183592195,-12.951513341298288,19.972752405813154,-10.670386506008505,0.9965513944625854,-0.0018495917320251465,0.9993645548820496,-0.0003241896629333496,0.9971689581871033,-0.0018238425254821777,0.9964407086372375,-0.001854240894317627,58.63709677419355,-16.83651931501393,17.691946801903605,-10.237894983652009
Burglary,delta_alignment_auc,4,Burglary061_x264,Burglary,8976,1500,0.8679232001304626,0.9945023059844971,0.9382994771003723,0.8538027405738831,87.18380595683968,80.5390952942049,0.9933741688728333,0.9973965883255005,0.995332658290863,0.9929812550544739,91.79461387551274,76.61520342424704,0.6464344263076782,-0.22148877382278442,0.9698017835617065,-0.024700522422790527,0.8165610432624817,-0.12173843383789062,0.6122999787330627,-0.2415027618408203,89.11339397182094,1.9295880149812632,81.26694012800122,0.7278448337963255,0.9839423298835754,-0.009431838989257812,0.9965271949768066,-0.0008693933486938477,0.9911893010139465,-0.004143357276916504,0.9824883341789246,-0.010492920875549316,78.63220973782772,-13.162404137685016,64.2558727356078,-12.359330688639247
Burglary,delta_alignment_auc,5,Burglary005_x264,Burglary,7728,330,0.9756871461868286,0.9999713897705078,0.9997075796127319,0.9746156930923462,75.0223238057788,8.006216790864459,0.992919921875,0.9983745813369751,0.9978688359260559,0.9926992058753967,93.25755527702,27.219298278077485,0.823776125907898,-0.15191102027893066,0.999148964881897,-0.0008224248886108398,0.9977990388870239,-0.0019085407257080078,0.8160136342048645,-0.1586020588874817,92.71359171602481,17.69126791024601,30.47313554422118,22.466918753356723,0.9871006011962891,-0.0058193206787109375,0.999014675617218,0.0006400942802429199,0.9981003403663635,0.0002315044403076172,0.986609935760498,-0.006089270114898682,91.16296787829634,-2.094587398723661,19.822170644073555,-7.39712763400393
Burglary,delta_classifier_positive_mean,1,Burglary024_x264,Burglary,3600,1170,0.8551924228668213,0.9362043142318726,0.8117175102233887,0.8761248588562012,22.45147901938025,22.387743444992562,0.9900637865066528,0.9948983192443848,0.985953688621521,0.9920427203178406,2.444022369948295,18.8487199808797,0.11597317457199097,-0.7392192482948303,0.47650599479675293,-0.45969831943511963,0.16683851182460785,-0.6448789983987808,0.09148245304822922,-0.784642405807972,85.66248109457986,63.21100207519961,69.10572709255558,46.71798364756302,0.5791231393814087,-0.41094064712524414,0.6812161207199097,-0.3136821985244751,0.5339856147766113,-0.45196807384490967,0.6008559465408325,-0.39118677377700806,20.379374626288204,17.935352256339907,22.031112140820774,3.182392159941074
Burglary,delta_classifier_positive_mean,2,Burglary061_x264,Burglary,8976,1500,0.8679232001304626,0.9945023059844971,0.9382994771003723,0.8538027405738831,87.18380595683968,80.5390952942049,0.9933741688728333,0.9973965883255005,0.995332658290863,0.9929812550544739,91.79461387551274,76.61520342424704,0.6464344263076782,-0.22148877382278442,0.9698017835617065,-0.024700522422790527,0.8165610432624817,-0.12173843383789062,0.6122999787330627,-0.2415027618408203,89.11339397182094,1.9295880149812632,81.26694012800122,0.7278448337963255,0.9839423298835754,-0.009431838989257812,0.9965271949768066,-0.0008693933486938477,0.9911893010139465,-0.004143357276916504,0.9824883341789246,-0.010492920875549316,78.63220973782772,-13.162404137685016,64.2558727356078,-12.359330688639247
Burglary,delta_classifier_positive_mean,3,Burglary076_x264,Burglary,12912,2710,0.6242148876190186,0.9609841108322144,0.6466238498687744,0.6182623505592346,49.871525082629766,18.930912727458452,0.9780318737030029,0.997644305229187,0.9904029965400696,0.9747456908226013,50.715292783196396,19.107860101957638,0.47235968708992004,-0.1518552005290985,0.935144305229187,-0.025839805603027344,0.5582253336906433,-0.0883985161781311,0.4495508670806885,-0.16871148347854614,67.04005654053796,17.168531457908195,27.043772345834977,8.112859618376525,0.5191397666931152,-0.4588921070098877,0.9607251286506653,-0.03691917657852173,0.6413446068763733,-0.3490583896636963,0.486677885055542,-0.4880678057670593,82.13435467034537,31.419061887148978,38.65530887694245,19.54744877498481
Burglary,delta_classifier_positive_mean,4,Burglary032_x264,Burglary,15792,2400,0.9388415217399597,0.9983882904052734,0.9795198440551758,0.9315515160560608,76.31700517722024,30.64313891182166,0.9984009861946106,0.9996887445449829,0.9989928007125854,0.9982949495315552,75.47361608920748,27.929841785555613,0.8944091200828552,-0.04443240165710449,0.9995474219322205,0.0011591315269470215,0.9191581010818481,-0.06036174297332764,0.8899738192558289,-0.041577696800231934,63.36549183592195,-12.951513341298288,19.972752405813154,-10.670386506008505,0.9965513944625854,-0.0018495917320251465,0.9993645548820496,-0.0003241896629333496,0.9971689581871033,-0.0018238425254821777,0.9964407086372375,-0.001854240894317627,58.63709677419355,-16.83651931501393,17.691946801903605,-10.237894983652009
Burglary,delta_classifier_positive_mean,5,Burglary017_x264,Burglary,2112,450,0.7980459332466125,0.991346538066864,0.8951343894004822,0.771758496761322,73.40205909881,31.78731746598257,0.9940235018730164,0.9982763528823853,0.9960899353027344,0.993463933467865,85.80157775103623,52.07764934905914,0.755005955696106,-0.04303997755050659,0.9940248131752014,0.0026782751083374023,0.8569507002830505,-0.03818368911743164,0.7274036407470703,-0.04435485601425171,72.6105094263939,-0.791549672416096,30.946752376681008,-0.8405650893015633,0.9745025634765625,-0.019520938396453857,0.9963886737823486,-0.001887679100036621,0.9815328121185303,-0.014557123184204102,0.9725990295410156,-0.020864903926849365,65.43949725899184,-20.3620804920444,26.32911187806674,-25.748537470992403
Burglary,delta_alignment_positive_mean,1,Burglary024_x264,Burglary,3600,1170,0.8551924228668213,0.9362043142318726,0.8117175102233887,0.8761248588562012,22.45147901938025,22.387743444992562,0.9900637865066528,0.9948983192443848,0.985953688621521,0.9920427203178406,2.444022369948295,18.8487199808797,0.11597317457199097,-0.7392192482948303,0.47650599479675293,-0.45969831943511963,0.16683851182460785,-0.6448789983987808,0.09148245304822922,-0.784642405807972,85.66248109457986,63.21100207519961,69.10572709255558,46.71798364756302,0.5791231393814087,-0.41094064712524414,0.6812161207199097,-0.3136821985244751,0.5339856147766113,-0.45196807384490967,0.6008559465408325,-0.39118677377700806,20.379374626288204,17.935352256339907,22.031112140820774,3.182392159941074
Burglary,delta_alignment_positive_mean,2,Burglary076_x264,Burglary,12912,2710,0.6242148876190186,0.9609841108322144,0.6466238498687744,0.6182623505592346,49.871525082629766,18.930912727458452,0.9780318737030029,0.997644305229187,0.9904029965400696,0.9747456908226013,50.715292783196396,19.107860101957638,0.47235968708992004,-0.1518552005290985,0.935144305229187,-0.025839805603027344,0.5582253336906433,-0.0883985161781311,0.4495508670806885,-0.16871148347854614,67.04005654053796,17.168531457908195,27.043772345834977,8.112859618376525,0.5191397666931152,-0.4588921070098877,0.9607251286506653,-0.03691917657852173,0.6413446068763733,-0.3490583896636963,0.486677885055542,-0.4880678057670593,82.13435467034537,31.419061887148978,38.65530887694245,19.54744877498481
Burglary,delta_alignment_positive_mean,3,Burglary017_x264,Burglary,2112,450,0.7980459332466125,0.991346538066864,0.8951343894004822,0.771758496761322,73.40205909881,31.78731746598257,0.9940235018730164,0.9982763528823853,0.9960899353027344,0.993463933467865,85.80157775103623,52.07764934905914,0.755005955696106,-0.04303997755050659,0.9940248131752014,0.0026782751083374023,0.8569507002830505,-0.03818368911743164,0.7274036407470703,-0.04435485601425171,72.6105094263939,-0.791549672416096,30.946752376681008,-0.8405650893015633,0.9745025634765625,-0.019520938396453857,0.9963886737823486,-0.001887679100036621,0.9815328121185303,-0.014557123184204102,0.9725990295410156,-0.020864903926849365,65.43949725899184,-20.3620804920444,26.32911187806674,-25.748537470992403
Burglary,delta_alignment_positive_mean,4,Burglary061_x264,Burglary,8976,1500,0.8679232001304626,0.9945023059844971,0.9382994771003723,0.8538027405738831,87.18380595683968,80.5390952942049,0.9933741688728333,0.9973965883255005,0.995332658290863,0.9929812550544739,91.79461387551274,76.61520342424704,0.6464344263076782,-0.22148877382278442,0.9698017835617065,-0.024700522422790527,0.8165610432624817,-0.12173843383789062,0.6122999787330627,-0.2415027618408203,89.11339397182094,1.9295880149812632,81.26694012800122,0.7278448337963255,0.9839423298835754,-0.009431838989257812,0.9965271949768066,-0.0008693933486938477,0.9911893010139465,-0.004143357276916504,0.9824883341789246,-0.010492920875549316,78.63220973782772,-13.162404137685016,64.2558727356078,-12.359330688639247
Burglary,delta_alignment_positive_mean,5,Burglary092_x264,Burglary,624,180,0.9702184796333313,0.9935245513916016,0.9690423607826233,0.9706951379776001,43.593593593593596,26.12467102141015,0.9919595718383789,0.9981125593185425,0.9892746806144714,0.9930481910705566,16.046046046046044,19.345980227337723,0.9728553891181946,0.0026369094848632812,0.9960987567901611,0.0025742053985595703,0.9717913866043091,0.002749025821685791,0.9732868075370789,0.0025916695594787598,38.708708708708706,-4.88488488488489,24.400664144177465,-1.7240068772326858,0.9897734522819519,-0.002186119556427002,0.9978809356689453,-0.00023162364959716797,0.9851422905921936,-0.004132390022277832,0.9916508197784424,-0.0013973712921142578,19.48948948948949,3.4434434434434458,20.184978180748608,0.8389979534108853
Explosion,delta_classifier_auc,1,Explosion029_x264,Explosion,2400,190,0.9535583257675171,0.9955360889434814,0.9707807898521423,0.9520777463912964,64.87211240771612,10.871317032070875,0.9952470064163208,0.9981523752212524,0.9980370998382568,0.9950070381164551,99.34889259347464,91.865447418079,0.9742329716682434,0.02067464590072632,0.9978844523429871,0.0023483633995056152,0.9669743776321411,-0.0038064122200012207,0.9748570322990417,0.02277928590774536,24.20719218861634,-40.66492021909978,5.602844103007768,-5.268472929063107,0.9954559206962585,0.00020891427993774414,0.998391330242157,0.00023895502090454102,0.9967507719993591,-0.001286327838897705,0.9953445196151733,0.0003374814987182617,58.16575375089307,-41.18313884258158,9.149547596550864,-82.71589982152814
Explosion,delta_classifier_auc,2,Explosion007_x264,Explosion,16288,690,0.9774187207221985,0.9999226331710815,0.9927476048469543,0.9767406582832336,56.64983061745188,4.525786014732006,0.9960662126541138,0.9999722242355347,0.9994826912879944,0.9959150552749634,64.3820742532952,5.737626892805835,0.9868587255477905,0.009440004825592041,0.9999195337295532,-3.0994415283203125e-06,0.9605100750923157,-0.03223752975463867,0.9880242943763733,0.011283636093139648,24.10667662706664,-32.54315399038524,2.628132103657141,-1.897653911074865,0.9966038465499878,0.0005376338958740234,0.9998863339424133,-8.589029312133789e-05,0.9947659969329834,-0.004716694355010986,0.9966852068901062,0.0007701516151428223,29.30481611354856,-35.07725813974664,2.8042869049022867,-2.9333399879035484
Explosion,delta_classifier_auc,3,Explosion039_x264,Explosion,992,90,0.9581896066665649,0.9994409680366516,0.957200288772583,0.9582883715629578,35.59251047055925,7.850786268663898,0.9925411343574524,0.999336838722229,0.9944822788238525,0.9923473000526428,39.219019462921906,8.262708142396663,0.9546981453895569,-0.0034914612770080566,0.9992859959602356,-0.00015497207641601562,0.9215019941329956,-0.0356982946395874,0.9580103754997253,-0.0002779960632324219,22.111357477211136,-13.481152993348111,6.4698583989105245,-1.3809278697533731,0.9958251118659973,0.003283977508544922,0.9994510412216187,0.00011420249938964844,0.9951880574226379,0.0007057785987854004,0.9958887100219727,0.003541409969329834,26.84158659768416,-12.377432865237747,6.819375049845615,-1.4433330925510486
Explosion,delta_classifier_auc,4,Explosion028_x264,Explosion,1696,420,0.8404602408409119,0.9988874793052673,0.9396986365318298,0.807795524597168,34.899238692342145,19.29539620200448,0.9424685835838318,0.9986956119537354,0.9776875972747803,0.9308761358261108,22.873563218390807,17.145166134662936,0.8056496381759644,-0.03481060266494751,0.9983707070350647,-0.0005167722702026367,0.8566967844963074,-0.08300185203552246,0.7888472676277161,-0.018948256969451904,22.049559635766535,-12.84967905657561,17.114225742439032,-2.181170459565447,0.9366433620452881,-0.005825221538543701,0.9940558075904846,-0.004639804363250732,0.9589861631393433,-0.01870143413543701,0.9292889833450317,-0.0015871524810791016,22.99298402746679,0.11942080907598296,17.156962435782646,0.011796301119709085
Explosion,delta_classifier_auc,5,Explosion016_x264,Explosion,960,270,0.5266688466072083,0.9549422264099121,0.42185279726982117,0.5676839351654053,39.03274288781535,23.32750355269849,0.6205200552940369,0.9301756024360657,0.5782278776168823,0.6370692849159241,36.12989801395599,22.628724976016677,0.04278520867228508,-0.48388363793492317,0.10584968328475952,-0.8490925431251526,0.016769446432590485,-0.4050833508372307,0.052965279668569565,-0.5147186554968357,28.21148684916801,-10.821256038647341,20.52339964236993,-2.8041039103285605,0.31942713260650635,-0.3010929226875305,0.6049104928970337,-0.325265109539032,0.24653275310993195,-0.3316951245069504,0.3479509949684143,-0.28911828994750977,39.685453569511544,3.555555555555557,23.350282134608165,0.7215571585914873
Explosion,delta_alignment_auc,1,Explosion004_x264,Explosion,1888,150,0.9966143369674683,0.9999854564666748,0.9922956228256226,0.9969871640205383,16.29996164173379,5.266242163998933,0.9990835785865784,0.999813437461853,0.9995081424713135,0.9990469217300415,74.8500191791331,15.208272820624794,0.9980665445327759,0.0014522075653076172,0.9999876022338867,2.1457672119140625e-06,0.9925395846366882,0.00024396181106567383,0.9985434412956238,0.0015562772750854492,5.633294975067129,-10.666666666666663,4.638998637826138,-0.6272435261727951,0.9990355968475342,-4.798173904418945e-05,0.9996481537818909,-0.0001652836799621582,0.9988989233970642,-0.0006092190742492676,0.9990473389625549,4.172325134277344e-07,26.659762178749524,-48.190257000383575,5.857195880908219,-9.351076939716574
Explosion,delta_alignment_auc,2,Explosion029_x264,Explosion,2400,190,0.9535583257675171,0.9955360889434814,0.9707807898521423,0.9520777463912964,64.87211240771612,10.871317032070875,0.9952470064163208,0.9981523752212524,0.9980370998382568,0.9950070381164551,99.34889259347464,91.865447418079,0.9742329716682434,0.02067464590072632,0.9978844523429871,0.0023483633995056152,0.9669743776321411,-0.0038064122200012207,0.9748570322990417,0.02277928590774536,24.20719218861634,-40.66492021909978,5.602844103007768,-5.268472929063107,0.9954559206962585,0.00020891427993774414,0.998391330242157,0.00023895502090454102,0.9967507719993591,-0.001286327838897705,0.9953445196151733,0.0003374814987182617,58.16575375089307,-41.18313884258158,9.149547596550864,-82.71589982152814
Explosion,delta_alignment_auc,3,Explosion007_x264,Explosion,16288,690,0.9774187207221985,0.9999226331710815,0.9927476048469543,0.9767406582832336,56.64983061745188,4.525786014732006,0.9960662126541138,0.9999722242355347,0.9994826912879944,0.9959150552749634,64.3820742532952,5.737626892805835,0.9868587255477905,0.009440004825592041,0.9999195337295532,-3.0994415283203125e-06,0.9605100750923157,-0.03223752975463867,0.9880242943763733,0.011283636093139648,24.10667662706664,-32.54315399038524,2.628132103657141,-1.897653911074865,0.9966038465499878,0.0005376338958740234,0.9998863339424133,-8.589029312133789e-05,0.9947659969329834,-0.004716694355010986,0.9966852068901062,0.0007701516151428223,29.30481611354856,-35.07725813974664,2.8042869049022867,-2.9333399879035484
Explosion,delta_alignment_auc,4,Explosion036_x264,Explosion,5312,120,0.9990744590759277,0.9999945163726807,0.9997060298919678,0.9990599155426025,23.045711350796097,1.6229619927456127,0.999206006526947,0.9999295473098755,0.9997339844703674,0.9991938471794128,76.93888032871084,5.118190056697529,0.9988447427749634,-0.00022971630096435547,0.9999799728393555,-1.4543533325195312e-05,0.9994847774505615,-0.00022125244140625,0.9988299608230591,-0.00022995471954345703,21.114535182331792,-1.9311761684643045,1.543206544769674,-0.07975544797593881,0.9989402294158936,-0.0002657771110534668,0.9997894167900085,-0.00014013051986694336,0.9991708993911743,-0.0005630850791931152,0.9989348649978638,-0.00025898218154907227,52.48587570621469,-24.453004622496145,2.496470680274005,-2.6217193764235236
Explosion,delta_alignment_auc,5,Explosion039_x264,Explosion,992,90,0.9581896066665649,0.9994409680366516,0.957200288772583,0.9582883715629578,35.59251047055925,7.850786268663898,0.9925411343574524,0.999336838722229,0.9944822788238525,0.9923473000526428,39.219019462921906,8.262708142396663,0.9546981453895569,-0.0034914612770080566,0.9992859959602356,-0.00015497207641601562,0.9215019941329956,-0.0356982946395874,0.9580103754997253,-0.0002779960632324219,22.111357477211136,-13.481152993348111,6.4698583989105245,-1.3809278697533731,0.9958251118659973,0.003283977508544922,0.9994510412216187,0.00011420249938964844,0.9951880574226379,0.0007057785987854004,0.9958887100219727,0.003541409969329834,26.84158659768416,-12.377432865237747,6.819375049845615,-1.4433330925510486
Explosion,delta_classifier_positive_mean,1,Explosion016_x264,Explosion,960,270,0.5266688466072083,0.9549422264099121,0.42185279726982117,0.5676839351654053,39.03274288781535,23.32750355269849,0.6205200552940369,0.9301756024360657,0.5782278776168823,0.6370692849159241,36.12989801395599,22.628724976016677,0.04278520867228508,-0.48388363793492317,0.10584968328475952,-0.8490925431251526,0.016769446432590485,-0.4050833508372307,0.052965279668569565,-0.5147186554968357,28.21148684916801,-10.821256038647341,20.52339964236993,-2.8041039103285605,0.31942713260650635,-0.3010929226875305,0.6049104928970337,-0.325265109539032,0.24653275310993195,-0.3316951245069504,0.3479509949684143,-0.28911828994750977,39.685453569511544,3.555555555555557,23.350282134608165,0.7215571585914873
Explosion,delta_classifier_positive_mean,2,Explosion010_x264,Explosion,2496,795,0.7032913565635681,0.9755982160568237,0.7785751819610596,0.6681057214736938,47.02135998432295,28.147962241911983,0.9427421689033508,0.9989928007125854,0.9923860430717468,0.9195398092269897,42.80926129283921,26.93747686989986,0.5934785008430481,-0.10981285572052002,0.9613745212554932,-0.014223694801330566,0.6411768794059753,-0.13739830255508423,0.5711855888366699,-0.09692013263702393,49.91776942161288,2.8964094372899325,29.30265702221319,1.154694780301206,0.8897356986999512,-0.05300647020339966,0.9944719672203064,-0.004520833492279053,0.9717311859130859,-0.02065485715866089,0.8514132499694824,-0.06812655925750732,43.73450319641794,0.9252419035787298,27.00836764635216,0.07089077645229835
Explosion,delta_classifier_positive_mean,3,Explosion033_x264,Explosion,3152,1982,0.7355179190635681,0.9996402263641357,0.98082435131073,0.31996458768844604,98.44420295479833,99.09836102261956,0.9019203782081604,0.9998772144317627,0.9932818412780762,0.7471523284912109,93.9842341759597,93.73873989008435,0.6095017790794373,-0.12601613998413086,0.9964368343353271,-0.0032033920288085938,0.852465033531189,-0.12835931777954102,0.19791804254055023,-0.12204654514789581,94.36923766893494,-4.074965285863385,96.38757512973106,-2.710785892888495,0.9368401765823364,0.034919798374176025,0.9993622899055481,-0.0005149245262145996,0.9866306781768799,-0.006651163101196289,0.8524941802024841,0.1053418517112732,94.61072731506637,0.626493139106671,94.89780610961111,1.159066219526764
Explosion,delta_classifier_positive_mean,4,Explosion027_x264,Explosion,768,75,0.9326238632202148,0.9891167283058167,0.9210697412490845,0.933874249458313,23.87974987974988,7.411341815320241,0.9858519434928894,0.9917867183685303,0.9837878346443176,0.9860753417015076,26.003848003848002,7.831110418835752,0.8362677693367004,-0.0963560938835144,0.9758415222167969,-0.013275206089019775,0.8317416906356812,-0.08932805061340332,0.8367576599121094,-0.09711658954620361,41.42664742664743,17.546897546897547,9.347221302377257,1.935879487057016,0.9907185435295105,0.004866600036621094,0.9963905215263367,0.0046038031578063965,0.9919708371162415,0.008183002471923828,0.9905829429626465,0.004507601261138916,33.36123136123136,7.357383357383359,8.561459907334408,0.7303494884986561
Explosion,delta_classifier_positive_mean,5,Explosion028_x264,Explosion,1696,420,0.8404602408409119,0.9988874793052673,0.9396986365318298,0.807795524597168,34.899238692342145,19.29539620200448,0.9424685835838318,0.9986956119537354,0.9776875972747803,0.9308761358261108,22.873563218390807,17.145166134662936,0.8056496381759644,-0.03481060266494751,0.9983707070350647,-0.0005167722702026367,0.8566967844963074,-0.08300185203552246,0.7888472676277161,-0.018948256969451904,22.049559635766535,-12.84967905657561,17.114225742439032,-2.181170459565447,0.9366433620452881,-0.005825221538543701,0.9940558075904846,-0.004639804363250732,0.9589861631393433,-0.01870143413543701,0.9292889833450317,-0.0015871524810791016,22.99298402746679,0.11942080907598296,17.156962435782646,0.011796301119709085
Explosion,delta_alignment_positive_mean,1,Explosion016_x264,Explosion,960,270,0.5266688466072083,0.9549422264099121,0.42185279726982117,0.5676839351654053,39.03274288781535,23.32750355269849,0.6205200552940369,0.9301756024360657,0.5782278776168823,0.6370692849159241,36.12989801395599,22.628724976016677,0.04278520867228508,-0.48388363793492317,0.10584968328475952,-0.8490925431251526,0.016769446432590485,-0.4050833508372307,0.052965279668569565,-0.5147186554968357,28.21148684916801,-10.821256038647341,20.52339964236993,-2.8041039103285605,0.31942713260650635,-0.3010929226875305,0.6049104928970337,-0.325265109539032,0.24653275310993195,-0.3316951245069504,0.3479509949684143,-0.28911828994750977,39.685453569511544,3.555555555555557,23.350282134608165,0.7215571585914873
Explosion,delta_alignment_positive_mean,2,Explosion035_x264,Explosion,2864,100,0.8181776404380798,0.99608314037323,0.7730225920677185,0.8198113441467285,24.784370477568736,2.6044357353967054,0.9882277250289917,0.9996622800827026,0.9875171184539795,0.9882535338401794,18.67149059334298,2.434556554624819,0.8433614373207092,0.025183796882629395,0.9998270869255066,0.0037439465522766113,0.7140049934387207,-0.0590175986289978,0.8480415344238281,0.02823019027709961,18.0,-6.784370477568736,2.4018617130291524,-0.20257402236755295,0.9607565999031067,-0.02747112512588501,0.9994866251945496,-0.00017565488815307617,0.9553291201591492,-0.03218799829483032,0.9609529376029968,-0.027300596237182617,16.819102749638205,-1.8523878437047756,2.369866141237287,-0.06469041338753234
Explosion,delta_alignment_positive_mean,3,Explosion010_x264,Explosion,2496,795,0.7032913565635681,0.9755982160568237,0.7785751819610596,0.6681057214736938,47.02135998432295,28.147962241911983,0.9427421689033508,0.9989928007125854,0.9923860430717468,0.9195398092269897,42.80926129283921,26.93747686989986,0.5934785008430481,-0.10981285572052002,0.9613745212554932,-0.014223694801330566,0.6411768794059753,-0.13739830255508423,0.5711855888366699,-0.09692013263702393,49.91776942161288,2.8964094372899325,29.30265702221319,1.154694780301206,0.8897356986999512,-0.05300647020339966,0.9944719672203064,-0.004520833492279053,0.9717311859130859,-0.02065485715866089,0.8514132499694824,-0.06812655925750732,43.73450319641794,0.9252419035787298,27.00836764635216,0.07089077645229835
Explosion,delta_alignment_positive_mean,4,Explosion028_x264,Explosion,1696,420,0.8404602408409119,0.9988874793052673,0.9396986365318298,0.807795524597168,34.899238692342145,19.29539620200448,0.9424685835838318,0.9986956119537354,0.9776875972747803,0.9308761358261108,22.873563218390807,17.145166134662936,0.8056496381759644,-0.03481060266494751,0.9983707070350647,-0.0005167722702026367,0.8566967844963074,-0.08300185203552246,0.7888472676277161,-0.018948256969451904,22.049559635766535,-12.84967905657561,17.114225742439032,-2.181170459565447,0.9366433620452881,-0.005825221538543701,0.9940558075904846,-0.004639804363250732,0.9589861631393433,-0.01870143413543701,0.9292889833450317,-0.0015871524810791016,22.99298402746679,0.11942080907598296,17.156962435782646,0.011796301119709085
Explosion,delta_alignment_positive_mean,5,Explosion033_x264,Explosion,3152,1982,0.7355179190635681,0.9996402263641357,0.98082435131073,0.31996458768844604,98.44420295479833,99.09836102261956,0.9019203782081604,0.9998772144317627,0.9932818412780762,0.7471523284912109,93.9842341759597,93.73873989008435,0.6095017790794373,-0.12601613998413086,0.9964368343353271,-0.0032033920288085938,0.852465033531189,-0.12835931777954102,0.19791804254055023,-0.12204654514789581,94.36923766893494,-4.074965285863385,96.38757512973106,-2.710785892888495,0.9368401765823364,0.034919798374176025,0.9993622899055481,-0.0005149245262145996,0.9866306781768799,-0.006651163101196289,0.8524941802024841,0.1053418517112732,94.61072731506637,0.626493139106671,94.89780610961111,1.159066219526764
Fighting,delta_classifier_auc,1,Fighting003_x264,Fighting,3088,1268,0.9872317910194397,0.9998700618743896,0.9958733916282654,0.9812111854553223,62.84292994072174,63.62918269825446,0.9992665648460388,0.9998982548713684,0.9994403719902039,0.9991454482078552,66.46757028460499,64.33597124574729,0.97834312915802,-0.008888661861419678,0.9996583461761475,-0.0002117156982421875,0.986202597618103,-0.009670794010162354,0.9728672504425049,-0.008343935012817383,59.196103580961626,-3.6468263597601123,60.916429242323154,-2.7127534559313062,0.9975920915603638,-0.0016744732856750488,0.9995909333229065,-0.00030732154846191406,0.997465968132019,-0.0019744038581848145,0.9976800084114075,-0.001465439796447754,50.607342184629246,-15.860228099975743,54.682143770247485,-9.653827475499803
Fighting,delta_classifier_auc,2,Fighting042_x264,Fighting,2224,910,0.9744382500648499,0.9998427629470825,0.99827641248703,0.9579294323921204,99.26823556960542,99.05989028381748,0.9965881705284119,0.9992939233779907,0.9985870122909546,0.995203971862793,96.25754762741063,94.5787647798097,0.8721635937690735,-0.10227465629577637,0.9992247819900513,-0.00061798095703125,0.9916456937789917,-0.00663071870803833,0.7894172668457031,-0.16851216554641724,98.14959773863883,-1.1186378309665912,97.37254213519127,-1.6873481486262136,0.9934058785438538,-0.0031822919845581055,0.9994983673095703,0.00020444393157958984,0.9985039234161377,-8.308887481689453e-05,0.9898751378059387,-0.005328834056854248,97.88198103266596,1.6244334052553313,96.95077593610945,2.372011156299749
Fighting,delta_classifier_auc,3,Fighting047_x264,Fighting,4448,1630,0.7970758080482483,0.9998224377632141,0.7414877414703369,0.8292292356491089,59.583614537569616,63.49653837011955,0.9417999982833862,0.9993445873260498,0.8897968530654907,0.9718798398971558,61.29182686237029,66.35695540417888,0.6636279821395874,-0.1334478259086609,0.9954138994216919,-0.004408538341522217,0.6727517247200012,-0.0687360167503357,0.6583505868911743,-0.17087864875793457,60.871043728528704,1.287429190959088,64.70669044027939,1.210152070159836,0.9233647584915161,-0.018435239791870117,0.9981904625892639,-0.0011541247367858887,0.8910171389579773,0.0012202858924865723,0.9420754909515381,-0.029804348945617676,61.977341106906955,0.6855142445366624,66.74063778935991,0.38368238518103226
Fighting,delta_classifier_auc,4,Fighting033_x264,Fighting,1104,270,0.9892849922180176,0.9999953508377075,0.9999523162841797,0.985831618309021,88.92352784439116,78.21823642919273,0.9987578392028809,0.9999605417251587,0.9999231696128845,0.9983805418014526,82.61390887290169,49.059542326737024,0.9790521264076233,-0.010232865810394287,0.9999834299087524,-1.1920928955078125e-05,0.9998910427093506,-6.127357482910156e-05,0.9723056554794312,-0.013525962829589844,91.16884270361489,2.2453148592237255,84.07658313908313,5.858346709890398,0.9990079402923584,0.00025010108947753906,0.9998811483383179,-7.939338684082031e-05,0.999814510345459,-0.00010865926742553711,0.9987468123435974,0.0003662705421447754,88.46878053113065,5.854871658228959,75.26495562393293,26.20541329719591
Fighting,delta_classifier_auc,5,Fighting018_x264,Fighting,1376,340,0.9669985175132751,0.9999903440475464,0.9979129433631897,0.9568527936935425,69.93186463774698,54.54344239512856,0.9951386451721191,0.999989926815033,0.9999691843986511,0.9935533404350281,88.89166477401773,83.35119740652506,0.868661642074585,-0.09833687543869019,0.9999337196350098,-5.6624412536621094e-05,0.9911371469497681,-0.006775796413421631,0.8284669518470764,-0.12838584184646606,75.71882807176924,5.786963434022255,62.46550742267267,7.9220650275441145,0.9741764664649963,-0.020962178707122803,0.9999042749404907,-8.565187454223633e-05,0.999756395816803,-0.00021278858184814453,0.9657814502716064,-0.02777189016342163,88.16488757665228,-0.7267771973654504,79.39183788618504,-3.9593595203400156
Fighting,delta_alignment_auc,1,Fighting003_x264,Fighting,3088,1268,0.9872317910194397,0.9998700618743896,0.9958733916282654,0.9812111854553223,62.84292994072174,63.62918269825446,0.9992665648460388,0.9998982548713684,0.9994403719902039,0.9991454482078552,66.46757028460499,64.33597124574729,0.97834312915802,-0.008888661861419678,0.9996583461761475,-0.0002117156982421875,0.986202597618103,-0.009670794010162354,0.9728672504425049,-0.008343935012817383,59.196103580961626,-3.6468263597601123,60.916429242323154,-2.7127534559313062,0.9975920915603638,-0.0016744732856750488,0.9995909333229065,-0.00030732154846191406,0.997465968132019,-0.0019744038581848145,0.9976800084114075,-0.001465439796447754,50.607342184629246,-15.860228099975743,54.682143770247485,-9.653827475499803
Fighting,delta_alignment_auc,2,Fighting018_x264,Fighting,1376,340,0.9669985175132751,0.9999903440475464,0.9979129433631897,0.9568527936935425,69.93186463774698,54.54344239512856,0.9951386451721191,0.999989926815033,0.9999691843986511,0.9935533404350281,88.89166477401773,83.35119740652506,0.868661642074585,-0.09833687543869019,0.9999337196350098,-5.6624412536621094e-05,0.9911371469497681,-0.006775796413421631,0.8284669518470764,-0.12838584184646606,75.71882807176924,5.786963434022255,62.46550742267267,7.9220650275441145,0.9741764664649963,-0.020962178707122803,0.9999042749404907,-8.565187454223633e-05,0.999756395816803,-0.00021278858184814453,0.9657814502716064,-0.02777189016342163,88.16488757665228,-0.7267771973654504,79.39183788618504,-3.9593595203400156
Fighting,delta_alignment_auc,3,Fighting047_x264,Fighting,4448,1630,0.7970758080482483,0.9998224377632141,0.7414877414703369,0.8292292356491089,59.583614537569616,63.49653837011955,0.9417999982833862,0.9993445873260498,0.8897968530654907,0.9718798398971558,61.29182686237029,66.35695540417888,0.6636279821395874,-0.1334478259086609,0.9954138994216919,-0.004408538341522217,0.6727517247200012,-0.0687360167503357,0.6583505868911743,-0.17087864875793457,60.871043728528704,1.287429190959088,64.70669044027939,1.210152070159836,0.9233647584915161,-0.018435239791870117,0.9981904625892639,-0.0011541247367858887,0.8910171389579773,0.0012202858924865723,0.9420754909515381,-0.029804348945617676,61.977341106906955,0.6855142445366624,66.74063778935991,0.38368238518103226
Fighting,delta_alignment_auc,4,Fighting042_x264,Fighting,2224,910,0.9744382500648499,0.9998427629470825,0.99827641248703,0.9579294323921204,99.26823556960542,99.05989028381748,0.9965881705284119,0.9992939233779907,0.9985870122909546,0.995203971862793,96.25754762741063,94.5787647798097,0.8721635937690735,-0.10227465629577637,0.9992247819900513,-0.00061798095703125,0.9916456937789917,-0.00663071870803833,0.7894172668457031,-0.16851216554641724,98.14959773863883,-1.1186378309665912,97.37254213519127,-1.6873481486262136,0.9934058785438538,-0.0031822919845581055,0.9994983673095703,0.00020444393157958984,0.9985039234161377,-8.308887481689453e-05,0.9898751378059387,-0.005328834056854248,97.88198103266596,1.6244334052553313,96.95077593610945,2.372011156299749
Fighting,delta_alignment_auc,5,Fighting033_x264,Fighting,1104,270,0.9892849922180176,0.9999953508377075,0.9999523162841797,0.985831618309021,88.92352784439116,78.21823642919273,0.9987578392028809,0.9999605417251587,0.9999231696128845,0.9983805418014526,82.61390887290169,49.059542326737024,0.9790521264076233,-0.010232865810394287,0.9999834299087524,-1.1920928955078125e-05,0.9998910427093506,-6.127357482910156e-05,0.9723056554794312,-0.013525962829589844,91.16884270361489,2.2453148592237255,84.07658313908313,5.858346709890398,0.9990079402923584,0.00025010108947753906,0.9998811483383179,-7.939338684082031e-05,0.999814510345459,-0.00010865926742553711,0.9987468123435974,0.0003662705421447754,88.46878053113065,5.854871658228959,75.26495562393293,26.20541329719591
Fighting,delta_classifier_positive_mean,1,Fighting047_x264,Fighting,4448,1630,0.7970758080482483,0.9998224377632141,0.7414877414703369,0.8292292356491089,59.583614537569616,63.49653837011955,0.9417999982833862,0.9993445873260498,0.8897968530654907,0.9718798398971558,61.29182686237029,66.35695540417888,0.6636279821395874,-0.1334478259086609,0.9954138994216919,-0.004408538341522217,0.6727517247200012,-0.0687360167503357,0.6583505868911743,-0.17087864875793457,60.871043728528704,1.287429190959088,64.70669044027939,1.210152070159836,0.9233647584915161,-0.018435239791870117,0.9981904625892639,-0.0011541247367858887,0.8910171389579773,0.0012202858924865723,0.9420754909515381,-0.029804348945617676,61.977341106906955,0.6855142445366624,66.74063778935991,0.38368238518103226
Fighting,delta_classifier_positive_mean,2,Fighting003_x264,Fighting,3088,1268,0.9872317910194397,0.9998700618743896,0.9958733916282654,0.9812111854553223,62.84292994072174,63.62918269825446,0.9992665648460388,0.9998982548713684,0.9994403719902039,0.9991454482078552,66.46757028460499,64.33597124574729,0.97834312915802,-0.008888661861419678,0.9996583461761475,-0.0002117156982421875,0.986202597618103,-0.009670794010162354,0.9728672504425049,-0.008343935012817383,59.196103580961626,-3.6468263597601123,60.916429242323154,-2.7127534559313062,0.9975920915603638,-0.0016744732856750488,0.9995909333229065,-0.00030732154846191406,0.997465968132019,-0.0019744038581848145,0.9976800084114075,-0.001465439796447754,50.607342184629246,-15.860228099975743,54.682143770247485,-9.653827475499803
Fighting,delta_classifier_positive_mean,3,Fighting018_x264,Fighting,1376,340,0.9669985175132751,0.9999903440475464,0.9979129433631897,0.9568527936935425,69.93186463774698,54.54344239512856,0.9951386451721191,0.999989926815033,0.9999691843986511,0.9935533404350281,88.89166477401773,83.35119740652506,0.868661642074585,-0.09833687543869019,0.9999337196350098,-5.6624412536621094e-05,0.9911371469497681,-0.006775796413421631,0.8284669518470764,-0.12838584184646606,75.71882807176924,5.786963434022255,62.46550742267267,7.9220650275441145,0.9741764664649963,-0.020962178707122803,0.9999042749404907,-8.565187454223633e-05,0.999756395816803,-0.00021278858184814453,0.9657814502716064,-0.02777189016342163,88.16488757665228,-0.7267771973654504,79.39183788618504,-3.9593595203400156
Fighting,delta_classifier_positive_mean,4,Fighting042_x264,Fighting,2224,910,0.9744382500648499,0.9998427629470825,0.99827641248703,0.9579294323921204,99.26823556960542,99.05989028381748,0.9965881705284119,0.9992939233779907,0.9985870122909546,0.995203971862793,96.25754762741063,94.5787647798097,0.8721635937690735,-0.10227465629577637,0.9992247819900513,-0.00061798095703125,0.9916456937789917,-0.00663071870803833,0.7894172668457031,-0.16851216554641724,98.14959773863883,-1.1186378309665912,97.37254213519127,-1.6873481486262136,0.9934058785438538,-0.0031822919845581055,0.9994983673095703,0.00020444393157958984,0.9985039234161377,-8.308887481689453e-05,0.9898751378059387,-0.005328834056854248,97.88198103266596,1.6244334052553313,96.95077593610945,2.372011156299749
Fighting,delta_classifier_positive_mean,5,Fighting033_x264,Fighting,1104,270,0.9892849922180176,0.9999953508377075,0.9999523162841797,0.985831618309021,88.92352784439116,78.21823642919273,0.9987578392028809,0.9999605417251587,0.9999231696128845,0.9983805418014526,82.61390887290169,49.059542326737024,0.9790521264076233,-0.010232865810394287,0.9999834299087524,-1.1920928955078125e-05,0.9998910427093506,-6.127357482910156e-05,0.9723056554794312,-0.013525962829589844,91.16884270361489,2.2453148592237255,84.07658313908313,5.858346709890398,0.9990079402923584,0.00025010108947753906,0.9998811483383179,-7.939338684082031e-05,0.999814510345459,-0.00010865926742553711,0.9987468123435974,0.0003662705421447754,88.46878053113065,5.854871658228959,75.26495562393293,26.20541329719591
Fighting,delta_alignment_positive_mean,1,Fighting003_x264,Fighting,3088,1268,0.9872317910194397,0.9998700618743896,0.9958733916282654,0.9812111854553223,62.84292994072174,63.62918269825446,0.9992665648460388,0.9998982548713684,0.9994403719902039,0.9991454482078552,66.46757028460499,64.33597124574729,0.97834312915802,-0.008888661861419678,0.9996583461761475,-0.0002117156982421875,0.986202597618103,-0.009670794010162354,0.9728672504425049,-0.008343935012817383,59.196103580961626,-3.6468263597601123,60.916429242323154,-2.7127534559313062,0.9975920915603638,-0.0016744732856750488,0.9995909333229065,-0.00030732154846191406,0.997465968132019,-0.0019744038581848145,0.9976800084114075,-0.001465439796447754,50.607342184629246,-15.860228099975743,54.682143770247485,-9.653827475499803
Fighting,delta_alignment_positive_mean,2,Fighting018_x264,Fighting,1376,340,0.9669985175132751,0.9999903440475464,0.9979129433631897,0.9568527936935425,69.93186463774698,54.54344239512856,0.9951386451721191,0.999989926815033,0.9999691843986511,0.9935533404350281,88.89166477401773,83.35119740652506,0.868661642074585,-0.09833687543869019,0.9999337196350098,-5.6624412536621094e-05,0.9911371469497681,-0.006775796413421631,0.8284669518470764,-0.12838584184646606,75.71882807176924,5.786963434022255,62.46550742267267,7.9220650275441145,0.9741764664649963,-0.020962178707122803,0.9999042749404907,-8.565187454223633e-05,0.999756395816803,-0.00021278858184814453,0.9657814502716064,-0.02777189016342163,88.16488757665228,-0.7267771973654504,79.39183788618504,-3.9593595203400156
Fighting,delta_alignment_positive_mean,3,Fighting033_x264,Fighting,1104,270,0.9892849922180176,0.9999953508377075,0.9999523162841797,0.985831618309021,88.92352784439116,78.21823642919273,0.9987578392028809,0.9999605417251587,0.9999231696128845,0.9983805418014526,82.61390887290169,49.059542326737024,0.9790521264076233,-0.010232865810394287,0.9999834299087524,-1.1920928955078125e-05,0.9998910427093506,-6.127357482910156e-05,0.9723056554794312,-0.013525962829589844,91.16884270361489,2.2453148592237255,84.07658313908313,5.858346709890398,0.9990079402923584,0.00025010108947753906,0.9998811483383179,-7.939338684082031e-05,0.999814510345459,-0.00010865926742553711,0.9987468123435974,0.0003662705421447754,88.46878053113065,5.854871658228959,75.26495562393293,26.20541329719591
Fighting,delta_alignment_positive_mean,4,Fighting042_x264,Fighting,2224,910,0.9744382500648499,0.9998427629470825,0.99827641248703,0.9579294323921204,99.26823556960542,99.05989028381748,0.9965881705284119,0.9992939233779907,0.9985870122909546,0.995203971862793,96.25754762741063,94.5787647798097,0.8721635937690735,-0.10227465629577637,0.9992247819900513,-0.00061798095703125,0.9916456937789917,-0.00663071870803833,0.7894172668457031,-0.16851216554641724,98.14959773863883,-1.1186378309665912,97.37254213519127,-1.6873481486262136,0.9934058785438538,-0.0031822919845581055,0.9994983673095703,0.00020444393157958984,0.9985039234161377,-8.308887481689453e-05,0.9898751378059387,-0.005328834056854248,97.88198103266596,1.6244334052553313,96.95077593610945,2.372011156299749
Fighting,delta_alignment_positive_mean,5,Fighting047_x264,Fighting,4448,1630,0.7970758080482483,0.9998224377632141,0.7414877414703369,0.8292292356491089,59.583614537569616,63.49653837011955,0.9417999982833862,0.9993445873260498,0.8897968530654907,0.9718798398971558,61.29182686237029,66.35695540417888,0.6636279821395874,-0.1334478259086609,0.9954138994216919,-0.004408538341522217,0.6727517247200012,-0.0687360167503357,0.6583505868911743,-0.17087864875793457,60.871043728528704,1.287429190959088,64.70669044027939,1.210152070159836,0.9233647584915161,-0.018435239791870117,0.9981904625892639,-0.0011541247367858887,0.8910171389579773,0.0012202858924865723,0.9420754909515381,-0.029804348945617676,61.977341106906955,0.6855142445366624,66.74063778935991,0.38368238518103226
RoadAccidents,delta_classifier_auc,1,RoadAccidents021_x264,RoadAccidents,144,60,0.6819291710853577,0.7395853400230408,0.7276223301887512,0.6492911577224731,98.88888888888889,97.60416666666667,0.881031334400177,0.9436544179916382,0.9148710370063782,0.8568602800369263,63.96825396825396,51.45833333333334,0.8753687739372253,0.19343960285186768,0.9140122532844543,0.17442691326141357,0.8757201433181763,0.14809781312942505,0.8751177191734314,0.22582656145095825,36.031746031746025,-62.85714285714286,38.30952380952381,-59.29464285714286,0.9316592812538147,0.050627946853637695,0.9559275507926941,0.012273132801055908,0.9373127222061157,0.02244168519973755,0.9276213049888611,0.07076102495193481,63.96825396825396,0.0,51.45833333333334,0.0
RoadAccidents,delta_classifier_auc,2,RoadAccidents011_x264,RoadAccidents,2144,40,0.25385889410972595,0.8780470490455627,0.19609491527080536,0.25495702028274536,45.057034220532316,2.198153409090909,0.20975500345230103,0.7893293499946594,0.28218793869018555,0.20837794244289398,79.73384030418251,5.697595588899937,0.5239303112030029,0.270071417093277,0.9882422089576721,0.11019515991210938,0.3603421151638031,0.16424719989299774,0.5270403623580933,0.2720833420753479,19.961977186311785,-25.09505703422053,1.5523699431409712,-0.645783465949938,0.9354555606842041,0.7257005572319031,0.9946488738059998,0.20531952381134033,0.9501835703849792,0.6679956316947937,0.9351755380630493,0.7267975956201553,59.04942965779468,-20.684410646387825,2.9824973876698015,-2.715098201230135
RoadAccidents,delta_classifier_auc,3,RoadAccidents012_x264,RoadAccidents,464,140,0.2515156865119934,0.6008828282356262,0.28886398673057556,0.23537757992744446,75.96119929453262,45.95262723387724,0.14482852816581726,0.19423264265060425,0.16919776797294617,0.134298637509346,91.26984126984127,73.32522239665097,0.14051036536693573,-0.11100532114505768,0.46653079986572266,-0.13435202836990356,0.12665314972400665,-0.1622108370065689,0.14649802446365356,-0.0888795554637909,65.94356261022928,-10.01763668430334,37.88827102427279,-8.064356209604448,0.3148537278175354,0.17002519965171814,0.4084969758987427,0.21426433324813843,0.39061617851257324,0.22141841053962708,0.2821168899536133,0.14781825244426727,95.92592592592592,4.6560846560846585,93.05141287284145,19.72619047619048
RoadAccidents,delta_classifier_auc,4,RoadAccidents004_x264,RoadAccidents,384,49,0.19503384828567505,0.7156179547309875,0.06792813539505005,0.21362543106079102,34.64818763326226,12.203251601392436,0.13545723259449005,0.5910197496414185,0.0597001388669014,0.1465381383895874,41.76363082546452,13.570517492711371,0.0840877890586853,-0.11094605922698975,0.3889235556125641,-0.32669439911842346,0.016709284856915474,-0.051218850538134575,0.09394313395023346,-0.11968229711055756,28.312519037465727,-6.335668595796534,11.270508203281311,-0.9327433981111248,0.22109466791152954,0.08563743531703949,0.31138962507247925,-0.2796301245689392,0.19778262078762054,0.13808248192071915,0.2245044708251953,0.07796633243560791,41.76363082546452,0.0,13.570517492711371,0.0
RoadAccidents,delta_classifier_auc,5,RoadAccidents132_x264,RoadAccidents,1856,100,0.12562952935695648,0.497145414352417,0.19069918990135193,0.12192394584417343,85.80865603644646,17.553621783161425,0.05336591973900795,0.31883853673934937,0.06220332160592079,0.05286264792084694,88.25056947608202,20.443380830593107,0.01999918557703495,-0.10563034377992153,0.26981717348098755,-0.22732824087142944,0.020927708595991135,-0.1697714813053608,0.019946308806538582,-0.10197763703763485,82.96583143507974,-2.842824601366729,15.256212003888164,-2.297409779273261,0.03790086880326271,-0.01546505093574524,0.2591865658760071,-0.059651970863342285,0.04080928862094879,-0.021394032984972,0.037735238671302795,-0.015127409249544144,85.91799544419135,-2.3325740318906725,17.781571369806663,-2.6618094607864435
RoadAccidents,delta_alignment_auc,1,RoadAccidents017_x264,RoadAccidents,240,70,0.12218689918518066,0.1779962033033371,0.08856066316366196,0.13603298366069794,11.008403361344534,20.544574473145904,0.33798232674598694,0.4539145231246948,0.41584059596061707,0.30592310428619385,64.78991596638654,38.78684807256236,0.5631017088890076,0.4409148097038269,0.8729727268218994,0.6949765235185623,0.4229204058647156,0.3343597427010536,0.6208235025405884,0.48479051887989044,32.52100840336134,21.51260504201681,25.5852084423513,5.040633969205395,0.95228111743927,0.6142987906932831,0.9786126613616943,0.5246981382369995,0.9485371112823486,0.5326965153217316,0.9538226127624512,0.6478995084762573,37.63025210084033,-27.159663865546214,26.927437641723355,-11.859410430839002
RoadAccidents,delta_alignment_auc,2,RoadAccidents011_x264,RoadAccidents,2144,40,0.25385889410972595,0.8780470490455627,0.19609491527080536,0.25495702028274536,45.057034220532316,2.198153409090909,0.20975500345230103,0.7893293499946594,0.28218793869018555,0.20837794244289398,79.73384030418251,5.697595588899937,0.5239303112030029,0.270071417093277,0.9882422089576721,0.11019515991210938,0.3603421151638031,0.16424719989299774,0.5270403623580933,0.2720833420753479,19.961977186311785,-25.09505703422053,1.5523699431409712,-0.645783465949938,0.9354555606842041,0.7257005572319031,0.9946488738059998,0.20531952381134033,0.9501835703849792,0.6679956316947937,0.9351755380630493,0.7267975956201553,59.04942965779468,-20.684410646387825,2.9824973876698015,-2.715098201230135
RoadAccidents,delta_alignment_auc,3,RoadAccidents133_x264,RoadAccidents,672,180,0.8995576500892639,0.9999926090240479,0.9998279213905334,0.8628734350204468,82.61065943992773,62.87763337179813,0.966171145439148,0.9997375011444092,0.9994440674781799,0.9539982080459595,80.96657633242998,67.61227871099152,0.9145177006721497,0.014960050582885742,0.9999659061431885,-2.6702880859375e-05,0.9997945427894592,-3.337860107421875e-05,0.8833190202713013,0.020445585250854492,83.2791327913279,0.6684733514001664,70.21487416904084,7.337240797242707,0.9840455055236816,0.01787436008453369,0.9992464780807495,-0.000491023063659668,0.9985368251800537,-0.0009072422981262207,0.9787437915802002,0.024745583534240723,69.87353206865401,-11.093044263775965,38.69149031322945,-28.920788397762067
RoadAccidents,delta_alignment_auc,4,RoadAccidents132_x264,RoadAccidents,1856,100,0.12562952935695648,0.497145414352417,0.19069918990135193,0.12192394584417343,85.80865603644646,17.553621783161425,0.05336591973900795,0.31883853673934937,0.06220332160592079,0.05286264792084694,88.25056947608202,20.443380830593107,0.01999918557703495,-0.10563034377992153,0.26981717348098755,-0.22732824087142944,0.020927708595991135,-0.1697714813053608,0.019946308806538582,-0.10197763703763485,82.96583143507974,-2.842824601366729,15.256212003888164,-2.297409779273261,0.03790086880326271,-0.01546505093574524,0.2591865658760071,-0.059651970863342285,0.04080928862094879,-0.021394032984972,0.037735238671302795,-0.015127409249544144,85.91799544419135,-2.3325740318906725,17.781571369806663,-2.6618094607864435
RoadAccidents,delta_alignment_auc,5,RoadAccidents001_x264,RoadAccidents,1360,90,0.9955945014953613,0.9999200105667114,0.9956112504005432,0.9955931901931763,16.544181977252848,4.672321795406358,0.9988023042678833,0.9998025298118591,0.9982947707176208,0.9988382458686829,16.65616797900263,4.616834779704153,0.9941510558128357,-0.0014434456825256348,0.9999352693557739,1.52587890625e-05,0.9941396713256836,-0.0014715790748596191,0.994151771068573,-0.0014414191246032715,16.544181977252848,0.0,4.672321795406358,0.0,0.9982033967971802,-0.000598907470703125,0.999783456325531,-1.9073486328125e-05,0.9967406988143921,-0.0015540719032287598,0.9983069896697998,-0.0005312561988830566,16.544181977252848,-0.11198600174978068,4.672321795406358,0.055487015702205156
RoadAccidents,delta_classifier_positive_mean,1,RoadAccidents016_x264,RoadAccidents,2192,190,0.19329096376895905,0.8276540040969849,0.4597426950931549,0.16800332069396973,79.34328829065672,42.60026931875713,0.010253619402647018,0.048538804054260254,0.02547089196741581,0.008809422142803669,83.88611388611389,46.062039675631404,0.025442082434892654,-0.1678488813340664,0.23272526264190674,-0.5949287414550781,0.09424533694982529,-0.3654973581433296,0.01891230046749115,-0.14909102022647858,80.7481991692518,1.4049108785950892,38.86037192224297,-3.7398973965141593,0.013858781196177006,0.0036051617935299873,0.07474511861801147,0.02620631456375122,0.03762953728437424,0.012158645316958427,0.011602815240621567,0.002793393097817898,88.96734844103264,5.081234554918751,46.98567848309019,0.9236388074587865
RoadAccidents,delta_classifier_positive_mean,2,RoadAccidents002_x264,RoadAccidents,336,60,0.3034098744392395,0.9980212450027466,0.8929956555366516,0.17523904144763947,87.10144927536231,48.00000000000001,0.4440094530582428,0.9995854496955872,0.9641193151473999,0.3309420645236969,87.10144927536231,48.00000000000001,0.22563037276268005,-0.07777950167655945,0.9772512912750244,-0.020769953727722168,0.6269209384918213,-0.2660747170448303,0.1383933126926422,-0.03684572875499725,87.10144927536231,0.0,48.00000000000001,0.0,0.4085093140602112,-0.035500138998031616,0.9937662482261658,-0.005819201469421387,0.9081839323043823,-0.05593538284301758,0.2998843491077423,-0.03105771541595459,87.10144927536231,0.0,48.00000000000001,0.0
RoadAccidents,delta_classifier_positive_mean,3,RoadAccidents132_x264,RoadAccidents,1856,100,0.12562952935695648,0.497145414352417,0.19069918990135193,0.12192394584417343,85.80865603644646,17.553621783161425,0.05336591973900795,0.31883853673934937,0.06220332160592079,0.05286264792084694,88.25056947608202,20.443380830593107,0.01999918557703495,-0.10563034377992153,0.26981717348098755,-0.22732824087142944,0.020927708595991135,-0.1697714813053608,0.019946308806538582,-0.10197763703763485,82.96583143507974,-2.842824601366729,15.256212003888164,-2.297409779273261,0.03790086880326271,-0.01546505093574524,0.2591865658760071,-0.059651970863342285,0.04080928862094879,-0.021394032984972,0.037735238671302795,-0.015127409249544144,85.91799544419135,-2.3325740318906725,17.781571369806663,-2.6618094607864435
RoadAccidents,delta_classifier_positive_mean,4,RoadAccidents012_x264,RoadAccidents,464,140,0.2515156865119934,0.6008828282356262,0.28886398673057556,0.23537757992744446,75.96119929453262,45.95262723387724,0.14482852816581726,0.19423264265060425,0.16919776797294617,0.134298637509346,91.26984126984127,73.32522239665097,0.14051036536693573,-0.11100532114505768,0.46653079986572266,-0.13435202836990356,0.12665314972400665,-0.1622108370065689,0.14649802446365356,-0.0888795554637909,65.94356261022928,-10.01763668430334,37.88827102427279,-8.064356209604448,0.3148537278175354,0.17002519965171814,0.4084969758987427,0.21426433324813843,0.39061617851257324,0.22141841053962708,0.2821168899536133,0.14781825244426727,95.92592592592592,4.6560846560846585,93.05141287284145,19.72619047619048
RoadAccidents,delta_classifier_positive_mean,5,RoadAccidents131_x264,RoadAccidents,1520,60,0.7509441375732422,0.9472881555557251,0.8707655668258667,0.7460200190544128,57.01369863013698,5.54958426271529,0.9875722527503967,0.9971773028373718,0.9931020140647888,0.9873450994491577,49.78082191780822,4.747937036266555,0.7409554123878479,-0.009988725185394287,0.8363980054855347,-0.11089015007019043,0.7838299870491028,-0.08693557977676392,0.7391934394836426,-0.006826579570770264,59.86301369863014,2.849315068493162,5.802478567184449,0.2528943044691596,0.9870479106903076,-0.0005243420600891113,0.9926823973655701,-0.004494905471801758,0.9914690852165222,-0.0016329288482666016,0.9868662357330322,-0.0004788637161254883,71.26027397260273,21.479452054794514,8.033332335657917,3.2853952993913618
RoadAccidents,delta_alignment_positive_mean,1,RoadAccidents002_x264,RoadAccidents,336,60,0.3034098744392395,0.9980212450027466,0.8929956555366516,0.17523904144763947,87.10144927536231,48.00000000000001,0.4440094530582428,0.9995854496955872,0.9641193151473999,0.3309420645236969,87.10144927536231,48.00000000000001,0.22563037276268005,-0.07777950167655945,0.9772512912750244,-0.020769953727722168,0.6269209384918213,-0.2660747170448303,0.1383933126926422,-0.03684572875499725,87.10144927536231,0.0,48.00000000000001,0.0,0.4085093140602112,-0.035500138998031616,0.9937662482261658,-0.005819201469421387,0.9081839323043823,-0.05593538284301758,0.2998843491077423,-0.03105771541595459,87.10144927536231,0.0,48.00000000000001,0.0
RoadAccidents,delta_alignment_positive_mean,2,RoadAccidents123_x264,RoadAccidents,992,80,0.6784880757331848,0.9150828123092651,0.5762304067611694,0.6874580979347229,29.60526315789474,6.691837688351937,0.9717664122581482,0.9927240610122681,0.9736019372940063,0.9716054201126099,30.13157894736842,6.813079867554084,0.54673171043396,-0.13175636529922485,0.7711923718452454,-0.14389044046401978,0.680945634841919,0.10471522808074951,0.53495854139328,-0.15249955654144287,64.03508771929825,34.42982456140351,12.578540571747093,5.886702883395156,0.9387193322181702,-0.03304708003997803,0.9563774466514587,-0.036346614360809326,0.9494107961654663,-0.02419114112854004,0.9377815127372742,-0.03382390737533569,56.92982456140351,26.798245614035086,10.265246679648854,3.45216681209477
RoadAccidents,delta_alignment_positive_mean,3,RoadAccidents132_x264,RoadAccidents,1856,100,0.12562952935695648,0.497145414352417,0.19069918990135193,0.12192394584417343,85.80865603644646,17.553621783161425,0.05336591973900795,0.31883853673934937,0.06220332160592079,0.05286264792084694,88.25056947608202,20.443380830593107,0.01999918557703495,-0.10563034377992153,0.26981717348098755,-0.22732824087142944,0.020927708595991135,-0.1697714813053608,0.019946308806538582,-0.10197763703763485,82.96583143507974,-2.842824601366729,15.256212003888164,-2.297409779273261,0.03790086880326271,-0.01546505093574524,0.2591865658760071,-0.059651970863342285,0.04080928862094879,-0.021394032984972,0.037735238671302795,-0.015127409249544144,85.91799544419135,-2.3325740318906725,17.781571369806663,-2.6618094607864435
RoadAccidents,delta_alignment_positive_mean,4,RoadAccidents128_x264,RoadAccidents,560,110,0.9743351340293884,0.9977400302886963,0.9835569858551025,0.9720808863639832,20.262626262626256,14.278540947036245,0.9966121315956116,0.9985485076904297,0.9960199594497681,0.9967568516731262,21.038383838383833,14.304639250646511,0.9634983539581299,-0.010836780071258545,0.9980047345161438,0.00026470422744750977,0.9703229069709778,-0.013234078884124756,0.9618300795555115,-0.01025080680847168,20.262626262626256,0.0,14.278540947036245,0.0,0.9864785075187683,-0.010133624076843262,0.9965172410011292,-0.002031266689300537,0.9803344011306763,-0.015685558319091797,0.9879804253578186,-0.008776426315307617,21.296969696969693,0.25858585858586025,14.37867269934191,0.07403344869539907
RoadAccidents,delta_alignment_positive_mean,5,RoadAccidents009_x264,RoadAccidents,912,30,0.37581169605255127,0.5244616270065308,0.2331099659204483,0.38066551089286804,21.21693121693122,3.1020122051789545,0.7066810727119446,0.8081365823745728,0.6505087018013,0.7085916996002197,29.198790627362055,3.4674796747967482,0.2909970283508301,-0.08481466770172119,0.45501968264579773,-0.06944194436073303,0.19061753153800964,-0.04249243438243866,0.294411301612854,-0.08625420928001404,22.91005291005291,1.693121693121693,3.1847545219638245,0.08274231678486998,0.7107750177383423,0.004093945026397705,0.8313779830932617,0.023241400718688965,0.6458469033241272,-0.0046617984771728516,0.7129834890365601,0.004391789436340332,29.198790627362055,0.0,3.4674796747967482,0.0
Robbery,delta_classifier_auc,1,Robbery048_x264,Robbery,1408,480,0.948886513710022,0.9997454285621643,0.998911440372467,0.9230114221572876,97.35632183908046,94.86360457170268,0.9887657165527344,0.9979891180992126,0.9971846342086792,0.9844111204147339,95.45977011494251,90.48800856790666,0.8621202111244202,-0.0867663025856018,0.9991804957389832,-0.0005649328231811523,0.996938943862915,-0.001972496509552002,0.7923863530158997,-0.13062506914138794,92.97413793103448,-4.382183908045988,87.31916309128039,-7.544441480422293,0.993944525718689,0.00517880916595459,0.9996676445007324,0.0016785264015197754,0.9994056224822998,0.0022209882736206055,0.9911198616027832,0.006708741188049316,99.27442528735632,3.814655172413808,98.77630630513646,8.288297737229797
Robbery,delta_classifier_auc,2,Robbery102_x264,Robbery,1824,480,0.9774832725524902,0.9999916553497314,0.9999755620956421,0.9694501161575317,99.92063492063492,99.76419366074538,0.9949145317077637,0.9995980262756348,0.9993635416030884,0.9933257102966309,99.5436507936508,98.58204991691777,0.9226247072219849,-0.05485856533050537,0.9999821186065674,-9.5367431640625e-06,0.9999626278877258,-1.2934207916259766e-05,0.8950040936470032,-0.07444602251052856,99.42460317460316,-0.49603174603176114,98.50736742587232,-1.2568262348730599,0.9631345272064209,-0.03178000450134277,0.996418833732605,-0.003179192543029785,0.9956918954849243,-0.0036716461181640625,0.9515069127082825,-0.04181879758834839,98.71031746031747,-0.8333333333333286,96.36241114764721,-2.21963876927056
Robbery,delta_classifier_auc,3,Robbery137_x264,Robbery,2192,1815,0.9521539807319641,0.9999629259109497,0.9934781789779663,0.7532063722610474,98.0335547420187,99.59512687255557,0.9777076840400696,0.9958757758140564,0.9887369871139526,0.9246096611022949,91.77156177156178,98.14970279826196,0.8870052099227905,-0.06514877080917358,0.9999926090240479,2.968311309814453e-05,0.9789319634437561,-0.014546215534210205,0.4444403350353241,-0.30876603722572327,98.1995747199509,0.16601997793220846,99.64023664007743,0.045109767521864796,0.9881455898284912,0.01043790578842163,0.9994398951530457,0.003564119338989258,0.997338593006134,0.008601605892181396,0.9438872933387756,0.019277632236480713,95.6835536459361,3.9119918743743227,99.08617520154515,0.9364724032831901
Robbery,delta_classifier_auc,4,Robbery050_x264,Robbery,1696,915,0.03775212913751602,0.1826968789100647,0.06292809545993805,0.00825660489499569,84.35808092469371,88.90832060042261,0.010178390890359879,0.01830953359603882,0.012926989234983921,0.006958199664950371,85.38800612917444,90.78960700872818,0.009591065347194672,-0.02816106379032135,0.0616619773209095,-0.1210349015891552,0.013883812353014946,-0.0490442831069231,0.004561790265142918,-0.0036948146298527718,87.30456259664295,2.9464816719492433,83.40973241672283,-5.4985881836997805,0.017569707706570625,0.007391316816210747,0.02825850248336792,0.009948968887329102,0.020452458411455154,0.007525469176471233,0.01419234648346901,0.007234146818518639,81.40936028490866,-3.9786458442657846,88.20712877556618,-2.582478233162007
Robbery,delta_classifier_auc,5,Robbery106_x264,Robbery,1184,120,0.5343584418296814,0.9666337370872498,0.9536124467849731,0.48707419633865356,96.06516290726816,59.830687830687836,0.8468530774116516,0.971706748008728,0.9698381423950195,0.83298259973526,97.86967418546367,86.16849816849816,0.4839803874492645,-0.05037805438041687,0.9582690596580505,-0.008364677429199219,0.9492440819740295,-0.0043683648109436035,0.43150702118873596,-0.0555671751499176,99.07268170426065,3.0075187969924855,92.38888888888887,32.558201058201035,0.7302700877189636,-0.11658298969268799,0.9473691582679749,-0.024337589740753174,0.9425597786903381,-0.027278363704681396,0.7063276171684265,-0.1266549825668335,99.57393483709274,1.7042606516290704,96.26984126984127,10.101343101343105
Robbery,delta_alignment_auc,1,Robbery050_x264,Robbery,1696,915,0.03775212913751602,0.1826968789100647,0.06292809545993805,0.00825660489499569,84.35808092469371,88.90832060042261,0.010178390890359879,0.01830953359603882,0.012926989234983921,0.006958199664950371,85.38800612917444,90.78960700872818,0.009591065347194672,-0.02816106379032135,0.0616619773209095,-0.1210349015891552,0.013883812353014946,-0.0490442831069231,0.004561790265142918,-0.0036948146298527718,87.30456259664295,2.9464816719492433,83.40973241672283,-5.4985881836997805,0.017569707706570625,0.007391316816210747,0.02825850248336792,0.009948968887329102,0.020452458411455154,0.007525469176471233,0.01419234648346901,0.007234146818518639,81.40936028490866,-3.9786458442657846,88.20712877556618,-2.582478233162007
Robbery,delta_alignment_auc,2,Robbery102_x264,Robbery,1824,480,0.9774832725524902,0.9999916553497314,0.9999755620956421,0.9694501161575317,99.92063492063492,99.76419366074538,0.9949145317077637,0.9995980262756348,0.9993635416030884,0.9933257102966309,99.5436507936508,98.58204991691777,0.9226247072219849,-0.05485856533050537,0.9999821186065674,-9.5367431640625e-06,0.9999626278877258,-1.2934207916259766e-05,0.8950040936470032,-0.07444602251052856,99.42460317460316,-0.49603174603176114,98.50736742587232,-1.2568262348730599,0.9631345272064209,-0.03178000450134277,0.996418833732605,-0.003179192543029785,0.9956918954849243,-0.0036716461181640625,0.9515069127082825,-0.04181879758834839,98.71031746031747,-0.8333333333333286,96.36241114764721,-2.21963876927056
Robbery,delta_alignment_auc,3,Robbery106_x264,Robbery,1184,120,0.5343584418296814,0.9666337370872498,0.9536124467849731,0.48707419633865356,96.06516290726816,59.830687830687836,0.8468530774116516,0.971706748008728,0.9698381423950195,0.83298259973526,97.86967418546367,86.16849816849816,0.4839803874492645,-0.05037805438041687,0.9582690596580505,-0.008364677429199219,0.9492440819740295,-0.0043683648109436035,0.43150702118873596,-0.0555671751499176,99.07268170426065,3.0075187969924855,92.38888888888887,32.558201058201035,0.7302700877189636,-0.11658298969268799,0.9473691582679749,-0.024337589740753174,0.9425597786903381,-0.027278363704681396,0.7063276171684265,-0.1266549825668335,99.57393483709274,1.7042606516290704,96.26984126984127,10.101343101343105
Robbery,delta_alignment_auc,4,Robbery048_x264,Robbery,1408,480,0.948886513710022,0.9997454285621643,0.998911440372467,0.9230114221572876,97.35632183908046,94.86360457170268,0.9887657165527344,0.9979891180992126,0.9971846342086792,0.9844111204147339,95.45977011494251,90.48800856790666,0.8621202111244202,-0.0867663025856018,0.9991804957389832,-0.0005649328231811523,0.996938943862915,-0.001972496509552002,0.7923863530158997,-0.13062506914138794,92.97413793103448,-4.382183908045988,87.31916309128039,-7.544441480422293,0.993944525718689,0.00517880916595459,0.9996676445007324,0.0016785264015197754,0.9994056224822998,0.0022209882736206055,0.9911198616027832,0.006708741188049316,99.27442528735632,3.814655172413808,98.77630630513646,8.288297737229797
Robbery,delta_alignment_auc,5,Robbery137_x264,Robbery,2192,1815,0.9521539807319641,0.9999629259109497,0.9934781789779663,0.7532063722610474,98.0335547420187,99.59512687255557,0.9777076840400696,0.9958757758140564,0.9887369871139526,0.9246096611022949,91.77156177156178,98.14970279826196,0.8870052099227905,-0.06514877080917358,0.9999926090240479,2.968311309814453e-05,0.9789319634437561,-0.014546215534210205,0.4444403350353241,-0.30876603722572327,98.1995747199509,0.16601997793220846,99.64023664007743,0.045109767521864796,0.9881455898284912,0.01043790578842163,0.9994398951530457,0.003564119338989258,0.997338593006134,0.008601605892181396,0.9438872933387756,0.019277632236480713,95.6835536459361,3.9119918743743227,99.08617520154515,0.9364724032831901
Robbery,delta_classifier_positive_mean,1,Robbery050_x264,Robbery,1696,915,0.03775212913751602,0.1826968789100647,0.06292809545993805,0.00825660489499569,84.35808092469371,88.90832060042261,0.010178390890359879,0.01830953359603882,0.012926989234983921,0.006958199664950371,85.38800612917444,90.78960700872818,0.009591065347194672,-0.02816106379032135,0.0616619773209095,-0.1210349015891552,0.013883812353014946,-0.0490442831069231,0.004561790265142918,-0.0036948146298527718,87.30456259664295,2.9464816719492433,83.40973241672283,-5.4985881836997805,0.017569707706570625,0.007391316816210747,0.02825850248336792,0.009948968887329102,0.020452458411455154,0.007525469176471233,0.01419234648346901,0.007234146818518639,81.40936028490866,-3.9786458442657846,88.20712877556618,-2.582478233162007
Robbery,delta_classifier_positive_mean,2,Robbery137_x264,Robbery,2192,1815,0.9521539807319641,0.9999629259109497,0.9934781789779663,0.7532063722610474,98.0335547420187,99.59512687255557,0.9777076840400696,0.9958757758140564,0.9887369871139526,0.9246096611022949,91.77156177156178,98.14970279826196,0.8870052099227905,-0.06514877080917358,0.9999926090240479,2.968311309814453e-05,0.9789319634437561,-0.014546215534210205,0.4444403350353241,-0.30876603722572327,98.1995747199509,0.16601997793220846,99.64023664007743,0.045109767521864796,0.9881455898284912,0.01043790578842163,0.9994398951530457,0.003564119338989258,0.997338593006134,0.008601605892181396,0.9438872933387756,0.019277632236480713,95.6835536459361,3.9119918743743227,99.08617520154515,0.9364724032831901
Robbery,delta_classifier_positive_mean,3,Robbery106_x264,Robbery,1184,120,0.5343584418296814,0.9666337370872498,0.9536124467849731,0.48707419633865356,96.06516290726816,59.830687830687836,0.8468530774116516,0.971706748008728,0.9698381423950195,0.83298259973526,97.86967418546367,86.16849816849816,0.4839803874492645,-0.05037805438041687,0.9582690596580505,-0.008364677429199219,0.9492440819740295,-0.0043683648109436035,0.43150702118873596,-0.0555671751499176,99.07268170426065,3.0075187969924855,92.38888888888887,32.558201058201035,0.7302700877189636,-0.11658298969268799,0.9473691582679749,-0.024337589740753174,0.9425597786903381,-0.027278363704681396,0.7063276171684265,-0.1266549825668335,99.57393483709274,1.7042606516290704,96.26984126984127,10.101343101343105
Robbery,delta_classifier_positive_mean,4,Robbery048_x264,Robbery,1408,480,0.948886513710022,0.9997454285621643,0.998911440372467,0.9230114221572876,97.35632183908046,94.86360457170268,0.9887657165527344,0.9979891180992126,0.9971846342086792,0.9844111204147339,95.45977011494251,90.48800856790666,0.8621202111244202,-0.0867663025856018,0.9991804957389832,-0.0005649328231811523,0.996938943862915,-0.001972496509552002,0.7923863530158997,-0.13062506914138794,92.97413793103448,-4.382183908045988,87.31916309128039,-7.544441480422293,0.993944525718689,0.00517880916595459,0.9996676445007324,0.0016785264015197754,0.9994056224822998,0.0022209882736206055,0.9911198616027832,0.006708741188049316,99.27442528735632,3.814655172413808,98.77630630513646,8.288297737229797
Robbery,delta_classifier_positive_mean,5,Robbery102_x264,Robbery,1824,480,0.9774832725524902,0.9999916553497314,0.9999755620956421,0.9694501161575317,99.92063492063492,99.76419366074538,0.9949145317077637,0.9995980262756348,0.9993635416030884,0.9933257102966309,99.5436507936508,98.58204991691777,0.9226247072219849,-0.05485856533050537,0.9999821186065674,-9.5367431640625e-06,0.9999626278877258,-1.2934207916259766e-05,0.8950040936470032,-0.07444602251052856,99.42460317460316,-0.49603174603176114,98.50736742587232,-1.2568262348730599,0.9631345272064209,-0.03178000450134277,0.996418833732605,-0.003179192543029785,0.9956918954849243,-0.0036716461181640625,0.9515069127082825,-0.04181879758834839,98.71031746031747,-0.8333333333333286,96.36241114764721,-2.21963876927056
Robbery,delta_alignment_positive_mean,1,Robbery106_x264,Robbery,1184,120,0.5343584418296814,0.9666337370872498,0.9536124467849731,0.48707419633865356,96.06516290726816,59.830687830687836,0.8468530774116516,0.971706748008728,0.9698381423950195,0.83298259973526,97.86967418546367,86.16849816849816,0.4839803874492645,-0.05037805438041687,0.9582690596580505,-0.008364677429199219,0.9492440819740295,-0.0043683648109436035,0.43150702118873596,-0.0555671751499176,99.07268170426065,3.0075187969924855,92.38888888888887,32.558201058201035,0.7302700877189636,-0.11658298969268799,0.9473691582679749,-0.024337589740753174,0.9425597786903381,-0.027278363704681396,0.7063276171684265,-0.1266549825668335,99.57393483709274,1.7042606516290704,96.26984126984127,10.101343101343105
Robbery,delta_alignment_positive_mean,2,Robbery102_x264,Robbery,1824,480,0.9774832725524902,0.9999916553497314,0.9999755620956421,0.9694501161575317,99.92063492063492,99.76419366074538,0.9949145317077637,0.9995980262756348,0.9993635416030884,0.9933257102966309,99.5436507936508,98.58204991691777,0.9226247072219849,-0.05485856533050537,0.9999821186065674,-9.5367431640625e-06,0.9999626278877258,-1.2934207916259766e-05,0.8950040936470032,-0.07444602251052856,99.42460317460316,-0.49603174603176114,98.50736742587232,-1.2568262348730599,0.9631345272064209,-0.03178000450134277,0.996418833732605,-0.003179192543029785,0.9956918954849243,-0.0036716461181640625,0.9515069127082825,-0.04181879758834839,98.71031746031747,-0.8333333333333286,96.36241114764721,-2.21963876927056
Robbery,delta_alignment_positive_mean,3,Robbery048_x264,Robbery,1408,480,0.948886513710022,0.9997454285621643,0.998911440372467,0.9230114221572876,97.35632183908046,94.86360457170268,0.9887657165527344,0.9979891180992126,0.9971846342086792,0.9844111204147339,95.45977011494251,90.48800856790666,0.8621202111244202,-0.0867663025856018,0.9991804957389832,-0.0005649328231811523,0.996938943862915,-0.001972496509552002,0.7923863530158997,-0.13062506914138794,92.97413793103448,-4.382183908045988,87.31916309128039,-7.544441480422293,0.993944525718689,0.00517880916595459,0.9996676445007324,0.0016785264015197754,0.9994056224822998,0.0022209882736206055,0.9911198616027832,0.006708741188049316,99.27442528735632,3.814655172413808,98.77630630513646,8.288297737229797
Robbery,delta_alignment_positive_mean,4,Robbery050_x264,Robbery,1696,915,0.03775212913751602,0.1826968789100647,0.06292809545993805,0.00825660489499569,84.35808092469371,88.90832060042261,0.010178390890359879,0.01830953359603882,0.012926989234983921,0.006958199664950371,85.38800612917444,90.78960700872818,0.009591065347194672,-0.02816106379032135,0.0616619773209095,-0.1210349015891552,0.013883812353014946,-0.0490442831069231,0.004561790265142918,-0.0036948146298527718,87.30456259664295,2.9464816719492433,83.40973241672283,-5.4985881836997805,0.017569707706570625,0.007391316816210747,0.02825850248336792,0.009948968887329102,0.020452458411455154,0.007525469176471233,0.01419234648346901,0.007234146818518639,81.40936028490866,-3.9786458442657846,88.20712877556618,-2.582478233162007
Robbery,delta_alignment_positive_mean,5,Robbery137_x264,Robbery,2192,1815,0.9521539807319641,0.9999629259109497,0.9934781789779663,0.7532063722610474,98.0335547420187,99.59512687255557,0.9777076840400696,0.9958757758140564,0.9887369871139526,0.9246096611022949,91.77156177156178,98.14970279826196,0.8870052099227905,-0.06514877080917358,0.9999926090240479,2.968311309814453e-05,0.9789319634437561,-0.014546215534210205,0.4444403350353241,-0.30876603722572327,98.1995747199509,0.16601997793220846,99.64023664007743,0.045109767521864796,0.9881455898284912,0.01043790578842163,0.9994398951530457,0.003564119338989258,0.997338593006134,0.008601605892181396,0.9438872933387756,0.019277632236480713,95.6835536459361,3.9119918743743227,99.08617520154515,0.9364724032831901
Shooting,delta_classifier_auc,1,Shooting048_x264,Shooting,2736,320,0.033469270914793015,0.26033300161361694,0.1536930650472641,0.017545592039823532,98.9362582781457,91.75589203377035,0.02521713450551033,0.08907365798950195,0.06763158738613129,0.019599327817559242,99.50745033112582,96.11329205413517,0.008235683664679527,-0.025233587250113487,0.05250363424420357,-0.20782936736941338,0.013063834980130196,-0.1406292300671339,0.007596192881464958,-0.009949399158358574,65.48013245033111,-33.45612582781459,26.23543703500955,-65.5204549987608,0.08200318366289139,0.05678604915738106,0.1843254566192627,0.09525179862976074,0.13698013126850128,0.06934854388237,0.07472146302461624,0.055122135207057,94.2342715231788,-5.273178807947019,70.21210912352007,-25.901182930615107
Shooting,delta_classifier_auc,2,Shooting024_x264,Shooting,2000,585,0.8713719248771667,0.9932379722595215,0.9836461544036865,0.8249546885490417,77.55338105161427,44.29184737213973,0.9386434555053711,0.9959802031517029,0.9922563433647156,0.9164783954620361,86.5413306756063,56.737489451652515,0.8046294450759888,-0.06674247980117798,0.9827179312705994,-0.01052004098892212,0.9598986506462097,-0.023747503757476807,0.7404369115829468,-0.08451777696609497,69.49708556068981,-8.056295490924455,37.106421497832244,-7.185425874307484,0.9282419681549072,-0.010401487350463867,0.983148992061615,-0.01283121109008789,0.9777660965919495,-0.014490246772766113,0.9077672958374023,-0.008711099624633789,84.13874543203164,-2.402585243574663,73.89369926531893,17.156209813666415
Shooting,delta_classifier_auc,3,Shooting021_x264,Shooting,1264,150,0.9583021998405457,0.9979092478752136,0.9971775412559509,0.9530676007270813,98.25852782764811,92.55065789473684,0.9929836392402649,0.9979361891746521,0.9977205395698547,0.9923457503318787,98.62238180730102,92.26406926406926,0.9424264430999756,-0.01587575674057007,0.9967783093452454,-0.0011309385299682617,0.9948703050613403,-0.0023072361946105957,0.9353649616241455,-0.01770263910293579,93.31777378815082,-4.940754039497293,81.83789358789359,-10.712764306843255,0.9895710945129395,-0.0034125447273254395,0.9950463175773621,-0.002889871597290039,0.9944452047348022,-0.0032753348350524902,0.9889148473739624,-0.0034309029579162598,98.0095751047277,-0.612806702573323,91.4095238095238,-0.8545454545454589
Shooting,delta_classifier_auc,4,Shooting013_x264,Shooting,1072,85,0.9998451471328735,0.9999973773956299,0.9999611973762512,0.9998351335525513,21.92681327850289,6.066139962352963,0.9994640946388245,0.9998502731323242,0.9996339082717896,0.9994494318962097,75.72739734191548,18.33545539427892,0.9997303485870361,-0.00011479854583740234,0.9999830722808838,-1.430511474609375e-05,0.999876856803894,-8.434057235717773e-05,0.9997177720069885,-0.00011736154556274414,19.35216639847428,-2.5746468800286095,5.841565142873459,-0.2245748194795043,0.9994384050369263,-2.568960189819336e-05,0.9996954202651978,-0.00015485286712646484,0.9995346069335938,-9.930133819580078e-05,0.9994300007820129,-1.9431114196777344e-05,85.37755527743012,9.650157935514642,24.32995289883835,5.99449750455943
Shooting,delta_classifier_auc,5,Shooting034_x264,Shooting,1408,90,0.4355591833591461,0.9770957231521606,0.9563177227973938,0.3999989926815033,93.90490642387455,37.08680825347492,0.9198688268661499,0.9973093867301941,0.9963746666908264,0.914644718170166,95.46956668352723,48.96296296296297,0.518767774105072,0.0832085907459259,0.979421854019165,0.0023261308670043945,0.9610707759857178,0.004753053188323975,0.48856499791145325,0.08856600522994995,92.69094587759231,-1.2139605462822374,32.8234126984127,-4.263395555062218,0.8715348839759827,-0.048333942890167236,0.9849159121513367,-0.012393474578857422,0.9801664352416992,-0.016208231449127197,0.8641168475151062,-0.050527870655059814,93.90490642387455,-1.5646602596526833,37.08680825347492,-11.876154709488048
Shooting,delta_alignment_auc,1,Shooting046_x264,Shooting,5088,553,0.9515215754508972,0.9994412064552307,0.9893534779548645,0.9469083547592163,39.68265709141876,8.773508743741921,0.9822192192077637,0.9994860291481018,0.9984588623046875,0.9802389740943909,73.0038818033738,55.31788276804984,0.8907058238983154,-0.06081575155258179,0.995795488357544,-0.0036457180976867676,0.9622724652290344,-0.027081012725830078,0.8819788694381714,-0.06492948532104492,46.565351665068356,6.882694573649594,11.559753595683642,2.7862448519417207,0.9732332825660706,-0.008985936641693115,0.9987855553627014,-0.0007004737854003906,0.9940980076789856,-0.004360854625701904,0.9706891179084778,-0.009549856185913086,46.134704757651456,-26.869177045722346,27.470342377625773,-27.84754039042407
Shooting,delta_alignment_auc,2,Shooting015_x264,Shooting,1712,857,0.8537434935569763,0.9997720122337341,0.9053929448127747,0.8019733428955078,56.06822384627457,49.63909448542789,0.9960247874259949,0.99979168176651,0.9983808398246765,0.9936631917953491,62.62775764771712,56.40667573488627,0.8953132033348083,0.04156970977783203,0.99952232837677,-0.00024968385696411133,0.9749429821968079,0.0695500373840332,0.8154972195625305,0.013523876667022705,66.30493971217425,10.236715865899676,56.5880766765565,6.948982191128607,0.9917380213737488,-0.004286766052246094,0.9995650053024292,-0.00022667646408081055,0.9945704936981201,-0.0038103461265563965,0.9888988137245178,-0.004764378070831299,54.85632595686025,-7.771431690856865,48.35762237820063,-8.04905335668564
Shooting,delta_alignment_auc,3,Shooting048_x264,Shooting,2736,320,0.033469270914793015,0.26033300161361694,0.1536930650472641,0.017545592039823532,98.9362582781457,91.75589203377035,0.02521713450551033,0.08907365798950195,0.06763158738613129,0.019599327817559242,99.50745033112582,96.11329205413517,0.008235683664679527,-0.025233587250113487,0.05250363424420357,-0.20782936736941338,0.013063834980130196,-0.1406292300671339,0.007596192881464958,-0.009949399158358574,65.48013245033111,-33.45612582781459,26.23543703500955,-65.5204549987608,0.08200318366289139,0.05678604915738106,0.1843254566192627,0.09525179862976074,0.13698013126850128,0.06934854388237,0.07472146302461624,0.055122135207057,94.2342715231788,-5.273178807947019,70.21210912352007,-25.901182930615107
Shooting,delta_alignment_auc,4,Shooting002_x264,Shooting,1200,80,0.9941193461418152,0.9986022114753723,0.9984310269355774,0.9938113689422607,96.78571428571429,85.00986842105263,0.999533474445343,0.999927282333374,0.999664306640625,0.9995242357254028,11.785714285714286,4.443996901585737,0.997597873210907,0.003478527069091797,0.9993322491645813,0.0007300376892089844,0.9993001818656921,0.0008691549301147461,0.9974762201309204,0.003664851188659668,99.78571428571428,2.999999999999986,96.75,11.74013157894737,0.998964250087738,-0.0005692243576049805,0.9993913173675537,-0.0005359649658203125,0.9988722801208496,-0.0007920265197753906,0.9989706873893738,-0.0005535483360290527,9.142857142857144,-2.6428571428571423,4.394031145182729,-0.049965756403008044
Shooting,delta_alignment_auc,5,Shooting032_x264,Shooting,21696,210,0.42490753531455994,0.9991525411605835,0.8228208422660828,0.42101842164993286,70.39653728008936,1.6291317020727973,0.45601069927215576,0.9994556307792664,0.7677744626998901,0.45296356081962585,63.94165857723523,1.3440027121270302,0.4485217034816742,0.023614168167114258,0.9986591339111328,-0.0004934072494506836,0.8473932147026062,0.024572372436523438,0.4446232318878174,0.02360481023788452,75.6578148340226,5.26127755393324,2.0212745874488682,0.3921428853760709,0.49107369780540466,0.0350629985332489,0.9991617202758789,-0.00029391050338745117,0.7331900000572205,-0.03458446264266968,0.4887073040008545,0.03574374318122864,61.34240236167072,-2.599256215564509,1.242340105635928,-0.10166260649110215
Shooting,delta_classifier_positive_mean,1,Shooting028_x264,Shooting,1888,270,0.7892069220542908,0.9996213912963867,0.82718425989151,0.7828695178031921,30.229821910909678,10.531688834807333,0.9554376602172852,0.999311089515686,0.9696899652481079,0.9530593752861023,27.4389964748432,10.045477130283963,0.7513666749000549,-0.03784024715423584,0.9992207288742065,-0.0004006624221801758,0.6847256422042847,-0.14245861768722534,0.7624872922897339,-0.020382225513458252,32.16728471363823,1.9374628027285539,10.636929260174245,0.1052404253669117,0.9363976120948792,-0.019040048122406006,0.9980643391609192,-0.0012467503547668457,0.9643517136573792,-0.00533825159072876,0.9317328929901123,-0.02132648229598999,40.466511010392345,13.027514535549145,13.873242729849702,3.8277655995657387
Shooting,delta_classifier_positive_mean,2,Shooting048_x264,Shooting,2736,320,0.033469270914793015,0.26033300161361694,0.1536930650472641,0.017545592039823532,98.9362582781457,91.75589203377035,0.02521713450551033,0.08907365798950195,0.06763158738613129,0.019599327817559242,99.50745033112582,96.11329205413517,0.008235683664679527,-0.025233587250113487,0.05250363424420357,-0.20782936736941338,0.013063834980130196,-0.1406292300671339,0.007596192881464958,-0.009949399158358574,65.48013245033111,-33.45612582781459,26.23543703500955,-65.5204549987608,0.08200318366289139,0.05678604915738106,0.1843254566192627,0.09525179862976074,0.13698013126850128,0.06934854388237,0.07472146302461624,0.055122135207057,94.2342715231788,-5.273178807947019,70.21210912352007,-25.901182930615107
Shooting,delta_classifier_positive_mean,3,Shooting046_x264,Shooting,5088,553,0.9515215754508972,0.9994412064552307,0.9893534779548645,0.9469083547592163,39.68265709141876,8.773508743741921,0.9822192192077637,0.9994860291481018,0.9984588623046875,0.9802389740943909,73.0038818033738,55.31788276804984,0.8907058238983154,-0.06081575155258179,0.995795488357544,-0.0036457180976867676,0.9622724652290344,-0.027081012725830078,0.8819788694381714,-0.06492948532104492,46.565351665068356,6.882694573649594,11.559753595683642,2.7862448519417207,0.9732332825660706,-0.008985936641693115,0.9987855553627014,-0.0007004737854003906,0.9940980076789856,-0.004360854625701904,0.9706891179084778,-0.009549856185913086,46.134704757651456,-26.869177045722346,27.470342377625773,-27.84754039042407
Shooting,delta_classifier_positive_mean,4,Shooting024_x264,Shooting,2000,585,0.8713719248771667,0.9932379722595215,0.9836461544036865,0.8249546885490417,77.55338105161427,44.29184737213973,0.9386434555053711,0.9959802031517029,0.9922563433647156,0.9164783954620361,86.5413306756063,56.737489451652515,0.8046294450759888,-0.06674247980117798,0.9827179312705994,-0.01052004098892212,0.9598986506462097,-0.023747503757476807,0.7404369115829468,-0.08451777696609497,69.49708556068981,-8.056295490924455,37.106421497832244,-7.185425874307484,0.9282419681549072,-0.010401487350463867,0.983148992061615,-0.01283121109008789,0.9777660965919495,-0.014490246772766113,0.9077672958374023,-0.008711099624633789,84.13874543203164,-2.402585243574663,73.89369926531893,17.156209813666415
Shooting,delta_classifier_positive_mean,5,Shooting008_x264,Shooting,1616,240,0.302552729845047,0.9945724606513977,0.9911523461341858,0.18244817852973938,99.92732558139534,99.51370652427639,0.3087828755378723,0.9726930856704712,0.9644907712936401,0.19441519677639008,99.94670542635659,99.61805555555556,0.24314337968826294,-0.05940935015678406,0.9822580218315125,-0.012314438819885254,0.9715510606765747,-0.019601285457611084,0.11609553545713425,-0.06635264307260513,99.97577519379844,0.04844961240310397,99.77430555555556,0.2605990312791704,0.45496442914009094,0.14618155360221863,0.9848169088363647,0.012123823165893555,0.9816607236862183,0.017169952392578125,0.36309880018234253,0.16868360340595245,99.60271317829456,-0.34399224806202255,98.04873511904762,-1.5693204365079367
Shooting,delta_alignment_positive_mean,1,Shooting022_x264,Shooting,4544,450,0.2864677906036377,0.9394246339797974,0.8881983757019043,0.22032739222049713,92.79780708896487,40.87537853753729,0.2862392067909241,0.8200026750564575,0.7321662306785583,0.2372242957353592,90.3678011181675,42.08104369780561,0.2998155653476715,0.013347774744033813,0.939547598361969,0.00012296438217163086,0.8929606080055237,0.004762232303619385,0.2346189022064209,0.014291509985923767,99.83943983064647,7.041632741681596,98.26861123143301,57.393232693895726,0.23621274530887604,-0.050026461482048035,0.777959942817688,-0.04204273223876953,0.6368211507797241,-0.09534507989883423,0.1921790987253189,-0.04504519701004028,95.7436899527764,5.375888834608901,58.28969217367257,16.20864847586696
Shooting,delta_alignment_positive_mean,2,Shooting032_x264,Shooting,21696,210,0.42490753531455994,0.9991525411605835,0.8228208422660828,0.42101842164993286,70.39653728008936,1.6291317020727973,0.45601069927215576,0.9994556307792664,0.7677744626998901,0.45296356081962585,63.94165857723523,1.3440027121270302,0.4485217034816742,0.023614168167114258,0.9986591339111328,-0.0004934072494506836,0.8473932147026062,0.024572372436523438,0.4446232318878174,0.02360481023788452,75.6578148340226,5.26127755393324,2.0212745874488682,0.3921428853760709,0.49107369780540466,0.0350629985332489,0.9991617202758789,-0.00029391050338745117,0.7331900000572205,-0.03458446264266968,0.4887073040008545,0.03574374318122864,61.34240236167072,-2.599256215564509,1.242340105635928,-0.10166260649110215
Shooting,delta_alignment_positive_mean,3,Shooting034_x264,Shooting,1408,90,0.4355591833591461,0.9770957231521606,0.9563177227973938,0.3999989926815033,93.90490642387455,37.08680825347492,0.9198688268661499,0.9973093867301941,0.9963746666908264,0.914644718170166,95.46956668352723,48.96296296296297,0.518767774105072,0.0832085907459259,0.979421854019165,0.0023261308670043945,0.9610707759857178,0.004753053188323975,0.48856499791145325,0.08856600522994995,92.69094587759231,-1.2139605462822374,32.8234126984127,-4.263395555062218,0.8715348839759827,-0.048333942890167236,0.9849159121513367,-0.012393474578857422,0.9801664352416992,-0.016208231449127197,0.8641168475151062,-0.050527870655059814,93.90490642387455,-1.5646602596526833,37.08680825347492,-11.876154709488048
Shooting,delta_alignment_positive_mean,4,Shooting024_x264,Shooting,2000,585,0.8713719248771667,0.9932379722595215,0.9836461544036865,0.8249546885490417,77.55338105161427,44.29184737213973,0.9386434555053711,0.9959802031517029,0.9922563433647156,0.9164783954620361,86.5413306756063,56.737489451652515,0.8046294450759888,-0.06674247980117798,0.9827179312705994,-0.01052004098892212,0.9598986506462097,-0.023747503757476807,0.7404369115829468,-0.08451777696609497,69.49708556068981,-8.056295490924455,37.106421497832244,-7.185425874307484,0.9282419681549072,-0.010401487350463867,0.983148992061615,-0.01283121109008789,0.9777660965919495,-0.014490246772766113,0.9077672958374023,-0.008711099624633789,84.13874543203164,-2.402585243574663,73.89369926531893,17.156209813666415
Shooting,delta_alignment_positive_mean,5,Shooting037_x264,Shooting,304,120,0.9558072090148926,0.9827467203140259,0.9742078185081482,0.9438069462776184,73.18840579710144,57.88467088467088,0.9965755343437195,0.9977178573608398,0.9969529509544373,0.9963292479515076,24.492753623188403,30.550882940588824,0.9764125943183899,0.020605385303497314,0.9931986927986145,0.010451972484588623,0.9921703338623047,0.017962515354156494,0.9661359190940857,0.022328972816467285,93.18840579710145,20.000000000000014,89.13846801346801,31.25379712879713,0.984451413154602,-0.012124121189117432,0.9914687275886536,-0.006249129772186279,0.9860063195228577,-0.01094663143157959,0.9834374189376831,-0.012891829013824463,74.34782608695652,49.85507246376811,54.48211973211973,23.931236791530903
Shoplifting,delta_classifier_auc,1,Shoplifting017_x264,Shoplifting,448,60,0.9147397875785828,0.9852215647697449,0.9819477200508118,0.9043468832969666,97.14776632302404,86.23611111111111,0.9795833230018616,0.9899181127548218,0.9851066470146179,0.9787291884422302,71.58075601374571,26.846153846153847,0.8941240906715393,-0.020615696907043457,0.9471585154533386,-0.03806304931640625,0.9037900567054749,-0.07815766334533691,0.8926293849945068,-0.011717498302459717,42.98969072164949,-54.158075601374556,13.525252525252526,-72.71085858585859,0.983066976070404,0.0034836530685424805,0.9898595809936523,-5.8531761169433594e-05,0.9824628829956055,-0.002643764019012451,0.9831604361534119,0.004431247711181641,36.94158075601374,-34.63917525773197,13.74755357364053,-13.098600272513316
Shoplifting,delta_classifier_auc,2,Shoplifting015_x264,Shoplifting,2256,150,0.38923993706703186,0.7292248010635376,0.3935851454734802,0.38893043994903564,50.94207027540361,6.971339858897885,0.4481220841407776,0.7914173603057861,0.3613814413547516,0.4543001651763916,33.86324786324786,5.298227987710118,0.15042613446712494,-0.23881380259990692,0.5614526271820068,-0.16777217388153076,0.06247716397047043,-0.3311079815030098,0.156690314412117,-0.23224012553691864,28.545109211775877,-22.39696106362773,4.891567623546941,-2.0797722353509434,0.42989516258239746,-0.018226921558380127,0.8072820901870728,0.01586472988128662,0.3811452388763428,0.019763797521591187,0.43336737155914307,-0.020932793617248535,40.39696106362773,6.5337132003798715,5.8141336851620355,0.5159056974519176
Shoplifting,delta_classifier_auc,3,Shoplifting049_x264,Shoplifting,2144,330,0.960145890712738,0.9964122176170349,0.9277225136756897,0.9660441875457764,16.81166683371755,9.440550969254765,0.9970570802688599,0.9988831281661987,0.9943914413452148,0.9975419044494629,3.3941398549998323,8.61009780742541,0.8685017824172974,-0.09164410829544067,0.9876729846000671,-0.008739233016967773,0.586346447467804,-0.34137606620788574,0.9198310375213623,-0.04621315002441406,3.8966289131669503,-12.9150379205506,8.573730825343015,-0.8668201439117507,0.9955233931541443,-0.0015336871147155762,0.998781681060791,-0.00010144710540771484,0.990692675113678,-0.0036987662315368652,0.9964021444320679,-0.0011397600173950195,4.7733119508202195,1.3791720958203872,8.631278301916955,0.021180494491545687
Shoplifting,delta_classifier_auc,4,Shoplifting007_x264,Shoplifting,5120,500,0.8175856471061707,0.9984691739082336,0.9585680365562439,0.8023278117179871,56.78787878787879,10.680395345482527,0.986862301826477,0.9978458285331726,0.9944190382957458,0.9860443472862244,72.25316017316018,15.18431255378682,0.5857377052307129,-0.23184794187545776,0.9798158407211304,-0.01865333318710327,0.6682072877883911,-0.2903607487678528,0.5768124461174011,-0.22551536560058594,47.47601731601732,-9.31186147186147,9.127485907113712,-1.5529094383688147,0.8261601328849792,-0.1607021689414978,0.959861695766449,-0.03798413276672363,0.8884001970291138,-0.10601884126663208,0.8194242119789124,-0.166620135307312,64.47757575757575,-7.775584415584433,12.932670630485363,-2.251641923301456
Shoplifting,delta_classifier_auc,5,Shoplifting037_x264,Shoplifting,1376,60,0.09621285647153854,0.40337324142456055,0.25721070170402527,0.0888725221157074,88.78419452887539,19.538961038961038,0.10849485546350479,0.4226663112640381,0.15018931031227112,0.10659391433000565,86.59574468085106,17.03907203907204,0.1866394281387329,0.09042657166719437,0.4742633104324341,0.07089006900787354,0.4066338837146759,0.14942318201065063,0.17660927772521973,0.08773675560951233,81.24620060790274,-7.537993920972653,12.52049807777362,-7.018462961187417,0.672466516494751,0.5639716610312462,0.8750008940696716,0.45233458280563354,0.8451303839683533,0.6949410736560822,0.664594292640686,0.5580003783106804,88.05471124620061,1.4589665653495558,18.216783216783217,1.1777111777111777
Shoplifting,delta_alignment_auc,1,Shoplifting017_x264,Shoplifting,448,60,0.9147397875785828,0.9852215647697449,0.9819477200508118,0.9043468832969666,97.14776632302404,86.23611111111111,0.9795833230018616,0.9899181127548218,0.9851066470146179,0.9787291884422302,71.58075601374571,26.846153846153847,0.8941240906715393,-0.020615696907043457,0.9471585154533386,-0.03806304931640625,0.9037900567054749,-0.07815766334533691,0.8926293849945068,-0.011717498302459717,42.98969072164949,-54.158075601374556,13.525252525252526,-72.71085858585859,0.983066976070404,0.0034836530685424805,0.9898595809936523,-5.8531761169433594e-05,0.9824628829956055,-0.002643764019012451,0.9831604361534119,0.004431247711181641,36.94158075601374,-34.63917525773197,13.74755357364053,-13.098600272513316
Shoplifting,delta_alignment_auc,2,Shoplifting007_x264,Shoplifting,5120,500,0.8175856471061707,0.9984691739082336,0.9585680365562439,0.8023278117179871,56.78787878787879,10.680395345482527,0.986862301826477,0.9978458285331726,0.9944190382957458,0.9860443472862244,72.25316017316018,15.18431255378682,0.5857377052307129,-0.23184794187545776,0.9798158407211304,-0.01865333318710327,0.6682072877883911,-0.2903607487678528,0.5768124461174011,-0.22551536560058594,47.47601731601732,-9.31186147186147,9.127485907113712,-1.5529094383688147,0.8261601328849792,-0.1607021689414978,0.959861695766449,-0.03798413276672363,0.8884001970291138,-0.10601884126663208,0.8194242119789124,-0.166620135307312,64.47757575757575,-7.775584415584433,12.932670630485363,-2.251641923301456
Shoplifting,delta_alignment_auc,3,Shoplifting005_x264,Shoplifting,1952,210,0.4413074851036072,0.890461266040802,0.3374907672405243,0.45382267236709595,35.623530698157566,8.505354025058294,0.6531397104263306,0.8470761775970459,0.5944858193397522,0.6602104902267456,35.45732874091084,8.635724971474627,0.1357962042093277,-0.3055112808942795,0.31570446491241455,-0.5747568011283875,0.10937459766864777,-0.22811616957187653,0.13898135721683502,-0.3148413151502609,36.646984855940076,1.0234541577825098,8.612459627268281,0.10710560220998744,0.3240082263946533,-0.32913148403167725,0.5310020446777344,-0.3160741329193115,0.2653425335884094,-0.3291432857513428,0.33108043670654297,-0.32913005352020264,29.526543108632662,-5.930785632278177,7.919295384802559,-0.716429586672068
Shoplifting,delta_alignment_auc,4,Shoplifting044_x264,Shoplifting,14544,180,0.7833876609802246,0.9949668049812317,0.8699579834938049,0.782302737236023,41.206411089452025,1.135231150804418,0.9796584248542786,0.997698187828064,0.981095552444458,0.9796404838562012,32.916550635848886,0.9915009577866267,0.8477551937103271,0.06436753273010254,0.9989426732063293,0.003975868225097656,0.9452179074287415,0.07525992393493652,0.8465338349342346,0.06423109769821167,40.75342677681859,-0.45298431263343275,1.1294602983687692,-0.005770852435648788,0.9884271025657654,0.008768677711486816,0.9989486932754517,0.0012505054473876953,0.9899324774742126,0.008836925029754639,0.9884082674980164,0.008767783641815186,29.535257897830995,-3.3812927380178905,0.9515317256883136,-0.03996923209831316
Shoplifting,delta_alignment_auc,5,Shoplifting029_x264,Shoplifting,2176,450,0.46686244010925293,0.9634280204772949,0.9133870005607605,0.3504452705383301,92.3020471224411,68.87088141286424,0.6113755702972412,0.9245925545692444,0.8933303356170654,0.5378646850585938,94.71636410454487,73.06455371973519,0.24071785807609558,-0.22614458203315735,0.9118781685829163,-0.05154985189437866,0.6417486071586609,-0.2716383934020996,0.13616175949573517,-0.2142835110425949,93.08896613879233,0.7869190163512343,72.33340366341962,3.4625222505553808,0.257705956697464,-0.3536696135997772,0.7184156775474548,-0.20617687702178955,0.5535781383514404,-0.339752197265625,0.18056663870811462,-0.3572980463504791,93.5792455259431,-1.137118578601772,72.35773944451552,-0.7068142752196707
Shoplifting,delta_classifier_positive_mean,1,Shoplifting049_x264,Shoplifting,2144,330,0.960145890712738,0.9964122176170349,0.9277225136756897,0.9660441875457764,16.81166683371755,9.440550969254765,0.9970570802688599,0.9988831281661987,0.9943914413452148,0.9975419044494629,3.3941398549998323,8.61009780742541,0.8685017824172974,-0.09164410829544067,0.9876729846000671,-0.008739233016967773,0.586346447467804,-0.34137606620788574,0.9198310375213623,-0.04621315002441406,3.8966289131669503,-12.9150379205506,8.573730825343015,-0.8668201439117507,0.9955233931541443,-0.0015336871147155762,0.998781681060791,-0.00010144710540771484,0.990692675113678,-0.0036987662315368652,0.9964021444320679,-0.0011397600173950195,4.7733119508202195,1.3791720958203872,8.631278301916955,0.021180494491545687
Shoplifting,delta_classifier_positive_mean,2,Shoplifting015_x264,Shoplifting,2256,150,0.38923993706703186,0.7292248010635376,0.3935851454734802,0.38893043994903564,50.94207027540361,6.971339858897885,0.4481220841407776,0.7914173603057861,0.3613814413547516,0.4543001651763916,33.86324786324786,5.298227987710118,0.15042613446712494,-0.23881380259990692,0.5614526271820068,-0.16777217388153076,0.06247716397047043,-0.3311079815030098,0.156690314412117,-0.23224012553691864,28.545109211775877,-22.39696106362773,4.891567623546941,-2.0797722353509434,0.42989516258239746,-0.018226921558380127,0.8072820901870728,0.01586472988128662,0.3811452388763428,0.019763797521591187,0.43336737155914307,-0.020932793617248535,40.39696106362773,6.5337132003798715,5.8141336851620355,0.5159056974519176
Shoplifting,delta_classifier_positive_mean,3,Shoplifting007_x264,Shoplifting,5120,500,0.8175856471061707,0.9984691739082336,0.9585680365562439,0.8023278117179871,56.78787878787879,10.680395345482527,0.986862301826477,0.9978458285331726,0.9944190382957458,0.9860443472862244,72.25316017316018,15.18431255378682,0.5857377052307129,-0.23184794187545776,0.9798158407211304,-0.01865333318710327,0.6682072877883911,-0.2903607487678528,0.5768124461174011,-0.22551536560058594,47.47601731601732,-9.31186147186147,9.127485907113712,-1.5529094383688147,0.8261601328849792,-0.1607021689414978,0.959861695766449,-0.03798413276672363,0.8884001970291138,-0.10601884126663208,0.8194242119789124,-0.166620135307312,64.47757575757575,-7.775584415584433,12.932670630485363,-2.251641923301456
Shoplifting,delta_classifier_positive_mean,4,Shoplifting029_x264,Shoplifting,2176,450,0.46686244010925293,0.9634280204772949,0.9133870005607605,0.3504452705383301,92.3020471224411,68.87088141286424,0.6113755702972412,0.9245925545692444,0.8933303356170654,0.5378646850585938,94.71636410454487,73.06455371973519,0.24071785807609558,-0.22614458203315735,0.9118781685829163,-0.05154985189437866,0.6417486071586609,-0.2716383934020996,0.13616175949573517,-0.2142835110425949,93.08896613879233,0.7869190163512343,72.33340366341962,3.4625222505553808,0.257705956697464,-0.3536696135997772,0.7184156775474548,-0.20617687702178955,0.5535781383514404,-0.339752197265625,0.18056663870811462,-0.3572980463504791,93.5792455259431,-1.137118578601772,72.35773944451552,-0.7068142752196707
Shoplifting,delta_classifier_positive_mean,5,Shoplifting005_x264,Shoplifting,1952,210,0.4413074851036072,0.890461266040802,0.3374907672405243,0.45382267236709595,35.623530698157566,8.505354025058294,0.6531397104263306,0.8470761775970459,0.5944858193397522,0.6602104902267456,35.45732874091084,8.635724971474627,0.1357962042093277,-0.3055112808942795,0.31570446491241455,-0.5747568011283875,0.10937459766864777,-0.22811616957187653,0.13898135721683502,-0.3148413151502609,36.646984855940076,1.0234541577825098,8.612459627268281,0.10710560220998744,0.3240082263946533,-0.32913148403167725,0.5310020446777344,-0.3160741329193115,0.2653425335884094,-0.3291432857513428,0.33108043670654297,-0.32913005352020264,29.526543108632662,-5.930785632278177,7.919295384802559,-0.716429586672068
Shoplifting,delta_alignment_positive_mean,1,Shoplifting029_x264,Shoplifting,2176,450,0.46686244010925293,0.9634280204772949,0.9133870005607605,0.3504452705383301,92.3020471224411,68.87088141286424,0.6113755702972412,0.9245925545692444,0.8933303356170654,0.5378646850585938,94.71636410454487,73.06455371973519,0.24071785807609558,-0.22614458203315735,0.9118781685829163,-0.05154985189437866,0.6417486071586609,-0.2716383934020996,0.13616175949573517,-0.2142835110425949,93.08896613879233,0.7869190163512343,72.33340366341962,3.4625222505553808,0.257705956697464,-0.3536696135997772,0.7184156775474548,-0.20617687702178955,0.5535781383514404,-0.339752197265625,0.18056663870811462,-0.3572980463504791,93.5792455259431,-1.137118578601772,72.35773944451552,-0.7068142752196707
Shoplifting,delta_alignment_positive_mean,2,Shoplifting005_x264,Shoplifting,1952,210,0.4413074851036072,0.890461266040802,0.3374907672405243,0.45382267236709595,35.623530698157566,8.505354025058294,0.6531397104263306,0.8470761775970459,0.5944858193397522,0.6602104902267456,35.45732874091084,8.635724971474627,0.1357962042093277,-0.3055112808942795,0.31570446491241455,-0.5747568011283875,0.10937459766864777,-0.22811616957187653,0.13898135721683502,-0.3148413151502609,36.646984855940076,1.0234541577825098,8.612459627268281,0.10710560220998744,0.3240082263946533,-0.32913148403167725,0.5310020446777344,-0.3160741329193115,0.2653425335884094,-0.3291432857513428,0.33108043670654297,-0.32913005352020264,29.526543108632662,-5.930785632278177,7.919295384802559,-0.716429586672068
Shoplifting,delta_alignment_positive_mean,3,Shoplifting007_x264,Shoplifting,5120,500,0.8175856471061707,0.9984691739082336,0.9585680365562439,0.8023278117179871,56.78787878787879,10.680395345482527,0.986862301826477,0.9978458285331726,0.9944190382957458,0.9860443472862244,72.25316017316018,15.18431255378682,0.5857377052307129,-0.23184794187545776,0.9798158407211304,-0.01865333318710327,0.6682072877883911,-0.2903607487678528,0.5768124461174011,-0.22551536560058594,47.47601731601732,-9.31186147186147,9.127485907113712,-1.5529094383688147,0.8261601328849792,-0.1607021689414978,0.959861695766449,-0.03798413276672363,0.8884001970291138,-0.10601884126663208,0.8194242119789124,-0.166620135307312,64.47757575757575,-7.775584415584433,12.932670630485363,-2.251641923301456
Shoplifting,delta_alignment_positive_mean,4,Shoplifting016_x264,Shoplifting,1472,90,0.6580471992492676,0.9368927478790283,0.7727301716804504,0.6505787372589111,66.19552982794661,9.548695525779708,0.9567623734474182,0.9797725081443787,0.9736714959144592,0.9556612968444824,73.83662968322882,11.928780284043441,0.5275284051895142,-0.13051879405975342,0.7827041149139404,-0.1541886329650879,0.6450851559638977,-0.12764501571655273,0.519872784614563,-0.13070595264434814,77.74722624216113,11.551696414214518,13.831564063415245,4.282868537635537,0.9250123500823975,-0.03175002336502075,0.9610975384712219,-0.01867496967315674,0.9430733323097229,-0.030598163604736328,0.9238360524177551,-0.031825244426727295,86.62325132657985,12.786621643351026,22.140852974186302,10.212072690142861
Shoplifting,delta_alignment_positive_mean,5,Shoplifting034_x264,Shoplifting,11936,120,0.8247857093811035,0.9955762624740601,0.9696729183197021,0.8233143091201782,70.16249153689913,1.8592260292344738,0.9837526082992554,0.9979693293571472,0.995245099067688,0.9836359620094299,81.36989392913563,2.8977823853403026,0.48638665676116943,-0.3383990526199341,0.9672210812568665,-0.028355181217193604,0.8659769892692566,-0.10369592905044556,0.4825316369533539,-0.34078267216682434,93.53193410065448,23.369442563755356,7.858418888271994,5.99919285903752,0.6998156905174255,-0.28393691778182983,0.9944847226142883,-0.0034846067428588867,0.9844444394111633,-0.010800659656524658,0.6969251036643982,-0.28671085834503174,88.01173549988717,6.641841570751538,4.247871161980451,1.3500887766401486
Stealing,delta_classifier_auc,1,Stealing036_x264,Stealing,2496,330,0.48478513956069946,0.9306153655052185,0.8370294570922852,0.43111908435821533,96.26654355186211,64.04410792253287,0.7403317093849182,0.8860145211219788,0.866243302822113,0.7211484909057617,98.49156383782423,81.6850798007631,0.42615410685539246,-0.05863103270530701,0.8014255166053772,-0.1291898488998413,0.7152225971221924,-0.12180685997009277,0.3821132183074951,-0.049005866050720215,89.24676124122108,-7.019782310641034,49.04948331975474,-14.994624602778131,0.7641040086746216,0.02377229928970337,0.8965870141983032,0.010572493076324463,0.8685976266860962,0.0023543238639831543,0.7481839656829834,0.02703547477722168,89.64968241976553,-8.841881418058705,40.3613369554928,-41.3237428452703
Stealing,delta_classifier_auc,2,Stealing062_x264,Stealing,1552,690,0.9768028855323792,0.9971867203712463,0.995166540145874,0.9621034860610962,99.94922492350112,99.92613189529267,0.99637770652771,0.9994243383407593,0.9963402152061462,0.9964078664779663,19.887353307105148,31.37931310218749,0.9700015187263489,-0.0068013668060302734,0.9980762004852295,0.0008894801139831543,0.9961361885070801,0.0009696483612060547,0.9490815997123718,-0.013021886348724365,93.72978244056625,-6.219442482934866,86.55634334171522,-13.36978855357745,0.9974406361579895,0.001062929630279541,0.9994664192199707,4.208087921142578e-05,0.9982855319976807,0.0019453167915344238,0.9967643022537231,0.00035643577575683594,64.14976966273244,44.262416355627295,51.53233306487341,20.153019962685924
Stealing,delta_classifier_auc,3,Stealing079_x264,Stealing,5840,1650,0.8969659805297852,0.9994423985481262,0.9903517365455627,0.8601910471916199,80.53550300137414,52.99064017985469,0.9892528057098389,0.9973735213279724,0.9949586391448975,0.9870060086250305,88.1898604180227,82.18056016275732,0.9198792576789856,0.02291327714920044,0.9992485642433167,-0.0001938343048095703,0.9904870986938477,0.0001353621482849121,0.8920743465423584,0.031883299350738525,75.92770666088089,-4.607796340493252,43.802019037809124,-9.188621142045562,0.9821814894676208,-0.007071316242218018,0.9960442185401917,-0.0013293027877807617,0.9935097098350525,-0.0014489293098449707,0.9777204990386963,-0.009285509586334229,92.39959499529905,4.20973457727635,86.82328338701507,4.64272322425775
Stealing,delta_classifier_auc,4,Stealing058_x264,Stealing,4976,3090,0.9445491433143616,0.9999969005584717,0.9999619722366333,0.8537614941596985,98.8477523019215,99.2969326993603,0.9789743423461914,0.9996278285980225,0.9993952512741089,0.9455171823501587,98.29975256274301,98.95576548727017,0.9393539428710938,-0.005195200443267822,0.9999938011169434,-3.0994415283203125e-06,0.9999257326126099,-3.62396240234375e-05,0.8401137590408325,-0.013647735118865967,98.17730372322718,-0.6704485786943195,98.93359083584626,-0.3633418635140373,0.9646838307380676,-0.01429051160812378,0.9992634654045105,-0.0003643631935119629,0.9989988803863525,-0.00039637088775634766,0.9084623456001282,-0.03705483675003052,98.4963296234904,0.19657706074738712,99.13456038704803,0.17879489977785568
Stealing,delta_classifier_auc,5,Stealing019_x264,Stealing,4896,240,0.7818924188613892,0.9881167411804199,0.9599151611328125,0.7727159857749939,80.2548682703322,15.627935996765085,0.9398738741874695,0.996086835861206,0.9886444211006165,0.9373598694801331,52.59163802978236,14.788176165773073,0.6113792657852173,-0.17051315307617188,0.9859204888343811,-0.0021962523460388184,0.9414002299308777,-0.018514931201934814,0.5943679213523865,-0.17834806442260742,93.13860252004581,12.883734249713612,28.984305334972905,13.35636933820782,0.8860141634941101,-0.053859710693359375,0.9909288883209229,-0.005157947540283203,0.9704768061637878,-0.018167614936828613,0.8816604614257812,-0.05569940805435181,57.91523482245131,5.323596792668951,7.382142369238763,-7.40603379653431
Stealing,delta_alignment_auc,1,Stealing036_x264,Stealing,2496,330,0.48478513956069946,0.9306153655052185,0.8370294570922852,0.43111908435821533,96.26654355186211,64.04410792253287,0.7403317093849182,0.8860145211219788,0.866243302822113,0.7211484909057617,98.49156383782423,81.6850798007631,0.42615410685539246,-0.05863103270530701,0.8014255166053772,-0.1291898488998413,0.7152225971221924,-0.12180685997009277,0.3821132183074951,-0.049005866050720215,89.24676124122108,-7.019782310641034,49.04948331975474,-14.994624602778131,0.7641040086746216,0.02377229928970337,0.8965870141983032,0.010572493076324463,0.8685976266860962,0.0023543238639831543,0.7481839656829834,0.02703547477722168,89.64968241976553,-8.841881418058705,40.3613369554928,-41.3237428452703
Stealing,delta_alignment_auc,2,Stealing058_x264,Stealing,4976,3090,0.9445491433143616,0.9999969005584717,0.9999619722366333,0.8537614941596985,98.8477523019215,99.2969326993603,0.9789743423461914,0.9996278285980225,0.9993952512741089,0.9455171823501587,98.29975256274301,98.95576548727017,0.9393539428710938,-0.005195200443267822,0.9999938011169434,-3.0994415283203125e-06,0.9999257326126099,-3.62396240234375e-05,0.8401137590408325,-0.013647735118865967,98.17730372322718,-0.6704485786943195,98.93359083584626,-0.3633418635140373,0.9646838307380676,-0.01429051160812378,0.9992634654045105,-0.0003643631935119629,0.9989988803863525,-0.00039637088775634766,0.9084623456001282,-0.03705483675003052,98.4963296234904,0.19657706074738712,99.13456038704803,0.17879489977785568
Stealing,delta_alignment_auc,3,Stealing079_x264,Stealing,5840,1650,0.8969659805297852,0.9994423985481262,0.9903517365455627,0.8601910471916199,80.53550300137414,52.99064017985469,0.9892528057098389,0.9973735213279724,0.9949586391448975,0.9870060086250305,88.1898604180227,82.18056016275732,0.9198792576789856,0.02291327714920044,0.9992485642433167,-0.0001938343048095703,0.9904870986938477,0.0001353621482849121,0.8920743465423584,0.031883299350738525,75.92770666088089,-4.607796340493252,43.802019037809124,-9.188621142045562,0.9821814894676208,-0.007071316242218018,0.9960442185401917,-0.0013293027877807617,0.9935097098350525,-0.0014489293098449707,0.9777204990386963,-0.009285509586334229,92.39959499529905,4.20973457727635,86.82328338701507,4.64272322425775
Stealing,delta_alignment_auc,4,Stealing019_x264,Stealing,4896,240,0.7818924188613892,0.9881167411804199,0.9599151611328125,0.7727159857749939,80.2548682703322,15.627935996765085,0.9398738741874695,0.996086835861206,0.9886444211006165,0.9373598694801331,52.59163802978236,14.788176165773073,0.6113792657852173,-0.17051315307617188,0.9859204888343811,-0.0021962523460388184,0.9414002299308777,-0.018514931201934814,0.5943679213523865,-0.17834806442260742,93.13860252004581,12.883734249713612,28.984305334972905,13.35636933820782,0.8860141634941101,-0.053859710693359375,0.9909288883209229,-0.005157947540283203,0.9704768061637878,-0.018167614936828613,0.8816604614257812,-0.05569940805435181,57.91523482245131,5.323596792668951,7.382142369238763,-7.40603379653431
Stealing,delta_alignment_auc,5,Stealing062_x264,Stealing,1552,690,0.9768028855323792,0.9971867203712463,0.995166540145874,0.9621034860610962,99.94922492350112,99.92613189529267,0.99637770652771,0.9994243383407593,0.9963402152061462,0.9964078664779663,19.887353307105148,31.37931310218749,0.9700015187263489,-0.0068013668060302734,0.9980762004852295,0.0008894801139831543,0.9961361885070801,0.0009696483612060547,0.9490815997123718,-0.013021886348724365,93.72978244056625,-6.219442482934866,86.55634334171522,-13.36978855357745,0.9974406361579895,0.001062929630279541,0.9994664192199707,4.208087921142578e-05,0.9982855319976807,0.0019453167915344238,0.9967643022537231,0.00035643577575683594,64.14976966273244,44.262416355627295,51.53233306487341,20.153019962685924
Stealing,delta_classifier_positive_mean,1,Stealing036_x264,Stealing,2496,330,0.48478513956069946,0.9306153655052185,0.8370294570922852,0.43111908435821533,96.26654355186211,64.04410792253287,0.7403317093849182,0.8860145211219788,0.866243302822113,0.7211484909057617,98.49156383782423,81.6850798007631,0.42615410685539246,-0.05863103270530701,0.8014255166053772,-0.1291898488998413,0.7152225971221924,-0.12180685997009277,0.3821132183074951,-0.049005866050720215,89.24676124122108,-7.019782310641034,49.04948331975474,-14.994624602778131,0.7641040086746216,0.02377229928970337,0.8965870141983032,0.010572493076324463,0.8685976266860962,0.0023543238639831543,0.7481839656829834,0.02703547477722168,89.64968241976553,-8.841881418058705,40.3613369554928,-41.3237428452703
Stealing,delta_classifier_positive_mean,2,Stealing019_x264,Stealing,4896,240,0.7818924188613892,0.9881167411804199,0.9599151611328125,0.7727159857749939,80.2548682703322,15.627935996765085,0.9398738741874695,0.996086835861206,0.9886444211006165,0.9373598694801331,52.59163802978236,14.788176165773073,0.6113792657852173,-0.17051315307617188,0.9859204888343811,-0.0021962523460388184,0.9414002299308777,-0.018514931201934814,0.5943679213523865,-0.17834806442260742,93.13860252004581,12.883734249713612,28.984305334972905,13.35636933820782,0.8860141634941101,-0.053859710693359375,0.9909288883209229,-0.005157947540283203,0.9704768061637878,-0.018167614936828613,0.8816604614257812,-0.05569940805435181,57.91523482245131,5.323596792668951,7.382142369238763,-7.40603379653431
Stealing,delta_classifier_positive_mean,3,Stealing058_x264,Stealing,4976,3090,0.9445491433143616,0.9999969005584717,0.9999619722366333,0.8537614941596985,98.8477523019215,99.2969326993603,0.9789743423461914,0.9996278285980225,0.9993952512741089,0.9455171823501587,98.29975256274301,98.95576548727017,0.9393539428710938,-0.005195200443267822,0.9999938011169434,-3.0994415283203125e-06,0.9999257326126099,-3.62396240234375e-05,0.8401137590408325,-0.013647735118865967,98.17730372322718,-0.6704485786943195,98.93359083584626,-0.3633418635140373,0.9646838307380676,-0.01429051160812378,0.9992634654045105,-0.0003643631935119629,0.9989988803863525,-0.00039637088775634766,0.9084623456001282,-0.03705483675003052,98.4963296234904,0.19657706074738712,99.13456038704803,0.17879489977785568
Stealing,delta_classifier_positive_mean,4,Stealing079_x264,Stealing,5840,1650,0.8969659805297852,0.9994423985481262,0.9903517365455627,0.8601910471916199,80.53550300137414,52.99064017985469,0.9892528057098389,0.9973735213279724,0.9949586391448975,0.9870060086250305,88.1898604180227,82.18056016275732,0.9198792576789856,0.02291327714920044,0.9992485642433167,-0.0001938343048095703,0.9904870986938477,0.0001353621482849121,0.8920743465423584,0.031883299350738525,75.92770666088089,-4.607796340493252,43.802019037809124,-9.188621142045562,0.9821814894676208,-0.007071316242218018,0.9960442185401917,-0.0013293027877807617,0.9935097098350525,-0.0014489293098449707,0.9777204990386963,-0.009285509586334229,92.39959499529905,4.20973457727635,86.82328338701507,4.64272322425775
Stealing,delta_classifier_positive_mean,5,Stealing062_x264,Stealing,1552,690,0.9768028855323792,0.9971867203712463,0.995166540145874,0.9621034860610962,99.94922492350112,99.92613189529267,0.99637770652771,0.9994243383407593,0.9963402152061462,0.9964078664779663,19.887353307105148,31.37931310218749,0.9700015187263489,-0.0068013668060302734,0.9980762004852295,0.0008894801139831543,0.9961361885070801,0.0009696483612060547,0.9490815997123718,-0.013021886348724365,93.72978244056625,-6.219442482934866,86.55634334171522,-13.36978855357745,0.9974406361579895,0.001062929630279541,0.9994664192199707,4.208087921142578e-05,0.9982855319976807,0.0019453167915344238,0.9967643022537231,0.00035643577575683594,64.14976966273244,44.262416355627295,51.53233306487341,20.153019962685924
Stealing,delta_alignment_positive_mean,1,Stealing019_x264,Stealing,4896,240,0.7818924188613892,0.9881167411804199,0.9599151611328125,0.7727159857749939,80.2548682703322,15.627935996765085,0.9398738741874695,0.996086835861206,0.9886444211006165,0.9373598694801331,52.59163802978236,14.788176165773073,0.6113792657852173,-0.17051315307617188,0.9859204888343811,-0.0021962523460388184,0.9414002299308777,-0.018514931201934814,0.5943679213523865,-0.17834806442260742,93.13860252004581,12.883734249713612,28.984305334972905,13.35636933820782,0.8860141634941101,-0.053859710693359375,0.9909288883209229,-0.005157947540283203,0.9704768061637878,-0.018167614936828613,0.8816604614257812,-0.05569940805435181,57.91523482245131,5.323596792668951,7.382142369238763,-7.40603379653431
Stealing,delta_alignment_positive_mean,2,Stealing079_x264,Stealing,5840,1650,0.8969659805297852,0.9994423985481262,0.9903517365455627,0.8601910471916199,80.53550300137414,52.99064017985469,0.9892528057098389,0.9973735213279724,0.9949586391448975,0.9870060086250305,88.1898604180227,82.18056016275732,0.9198792576789856,0.02291327714920044,0.9992485642433167,-0.0001938343048095703,0.9904870986938477,0.0001353621482849121,0.8920743465423584,0.031883299350738525,75.92770666088089,-4.607796340493252,43.802019037809124,-9.188621142045562,0.9821814894676208,-0.007071316242218018,0.9960442185401917,-0.0013293027877807617,0.9935097098350525,-0.0014489293098449707,0.9777204990386963,-0.009285509586334229,92.39959499529905,4.20973457727635,86.82328338701507,4.64272322425775
Stealing,delta_alignment_positive_mean,3,Stealing058_x264,Stealing,4976,3090,0.9445491433143616,0.9999969005584717,0.9999619722366333,0.8537614941596985,98.8477523019215,99.2969326993603,0.9789743423461914,0.9996278285980225,0.9993952512741089,0.9455171823501587,98.29975256274301,98.95576548727017,0.9393539428710938,-0.005195200443267822,0.9999938011169434,-3.0994415283203125e-06,0.9999257326126099,-3.62396240234375e-05,0.8401137590408325,-0.013647735118865967,98.17730372322718,-0.6704485786943195,98.93359083584626,-0.3633418635140373,0.9646838307380676,-0.01429051160812378,0.9992634654045105,-0.0003643631935119629,0.9989988803863525,-0.00039637088775634766,0.9084623456001282,-0.03705483675003052,98.4963296234904,0.19657706074738712,99.13456038704803,0.17879489977785568
Stealing,delta_alignment_positive_mean,4,Stealing062_x264,Stealing,1552,690,0.9768028855323792,0.9971867203712463,0.995166540145874,0.9621034860610962,99.94922492350112,99.92613189529267,0.99637770652771,0.9994243383407593,0.9963402152061462,0.9964078664779663,19.887353307105148,31.37931310218749,0.9700015187263489,-0.0068013668060302734,0.9980762004852295,0.0008894801139831543,0.9961361885070801,0.0009696483612060547,0.9490815997123718,-0.013021886348724365,93.72978244056625,-6.219442482934866,86.55634334171522,-13.36978855357745,0.9974406361579895,0.001062929630279541,0.9994664192199707,4.208087921142578e-05,0.9982855319976807,0.0019453167915344238,0.9967643022537231,0.00035643577575683594,64.14976966273244,44.262416355627295,51.53233306487341,20.153019962685924
Stealing,delta_alignment_positive_mean,5,Stealing036_x264,Stealing,2496,330,0.48478513956069946,0.9306153655052185,0.8370294570922852,0.43111908435821533,96.26654355186211,64.04410792253287,0.7403317093849182,0.8860145211219788,0.866243302822113,0.7211484909057617,98.49156383782423,81.6850798007631,0.42615410685539246,-0.05863103270530701,0.8014255166053772,-0.1291898488998413,0.7152225971221924,-0.12180685997009277,0.3821132183074951,-0.049005866050720215,89.24676124122108,-7.019782310641034,49.04948331975474,-14.994624602778131,0.7641040086746216,0.02377229928970337,0.8965870141983032,0.010572493076324463,0.8685976266860962,0.0023543238639831543,0.7481839656829834,0.02703547477722168,89.64968241976553,-8.841881418058705,40.3613369554928,-41.3237428452703
Vandalism,delta_classifier_auc,1,Vandalism036_x264,Vandalism,1440,330,0.9980108737945557,0.9998557567596436,0.999666154384613,0.99751877784729,82.5984165984166,57.258205950105335,0.995774507522583,0.9982473850250244,0.9971073865890503,0.9953780174255371,84.86104286104286,68.83652951411278,0.9730907082557678,-0.024920165538787842,0.9989200830459595,-0.000935673713684082,0.9855321049690247,-0.014134049415588379,0.9693920016288757,-0.028126776218414307,63.62380562380563,-18.974610974610975,45.31826449216813,-11.939941457937202,0.9968412518501282,0.001066744327545166,0.9994847178459167,0.001237332820892334,0.998457670211792,0.0013502836227416992,0.9963607788085938,0.0009827613830566406,70.43789243789243,-14.423150423150432,57.62083143859515,-11.215698075517636
Vandalism,delta_classifier_auc,2,Vandalism017_x264,Vandalism,1008,120,0.9990658164024353,0.9999685287475586,0.9999582767486572,0.9989452362060547,85.64564564564564,50.3084505541347,0.998262345790863,0.998886227607727,0.9987480044364929,0.9981967210769653,94.83483483483484,73.72751322751321,0.9934607744216919,-0.005605041980743408,0.9998880624771118,-8.046627044677734e-05,0.9997771978378296,-0.00018107891082763672,0.9926071763038635,-0.006338059902191162,78.1981981981982,-7.447447447447445,25.14411097051142,-25.16433958362328,0.9992348551750183,0.0009725093841552734,0.9996969699859619,0.0008107423782348633,0.999600350856781,0.0008523464202880859,0.9991855025291443,0.000988781452178955,86.006006006006,-8.828828828828833,37.360539203359565,-36.36697402415365
Vandalism,delta_classifier_auc,3,Vandalism015_x264,Vandalism,2976,690,0.9840109348297119,0.9993346333503723,0.9983965158462524,0.9796688556671143,99.28702752735619,97.9011774720896,0.9960429072380066,0.9982289671897888,0.9973437190055847,0.9956501126289368,94.01435327830397,68.72910316963315,0.8759899139404297,-0.10802102088928223,0.9978756904602051,-0.0014589428901672363,0.9920442700386047,-0.006352245807647705,0.8409604430198669,-0.13870841264724731,99.59945224238274,0.3124247150265518,98.55125923330166,0.6500817612120642,0.9915884137153625,-0.004454493522644043,0.9984317421913147,0.0002027750015258789,0.9976714849472046,0.00032776594161987305,0.9897522926330566,-0.005897819995880127,99.455412276364,5.441058998060029,98.37992310789032,29.65081993825717
Vandalism,delta_classifier_auc,4,Vandalism028_x264,Vandalism,4480,420,0.8682906031608582,0.9913813471794128,0.9556661248207092,0.8592516779899597,87.81749941355852,55.70923985579302,0.9788314700126648,0.9938700199127197,0.9876819252967834,0.9779158234596252,64.38986629134413,38.21983698069512,0.9380706548690796,0.06978005170822144,0.9885691404342651,-0.002812206745147705,0.9710604548454285,0.015394330024719238,0.934657871723175,0.07540619373321533,89.523340370631,1.705840957072482,55.5908525088196,-0.1183873469734209,0.9877147078514099,0.008883237838745117,0.994976818561554,0.0011067986488342285,0.9920267462730408,0.004344820976257324,0.9872687458992004,0.009352922439575195,85.54867464227071,21.158808350926577,28.727055065407974,-9.492781915287146
Vandalism,delta_classifier_auc,5,Vandalism007_x264,Vandalism,1136,510,0.9358597993850708,0.9959834814071655,0.9418294429779053,0.9309963583946228,63.71170832550273,68.24150890661662,0.9924126267433167,0.9968969225883484,0.9946610331535339,0.9905809164047241,60.754870638351186,46.961837222905054,0.9253082275390625,-0.0105515718460083,0.998721182346344,0.002737700939178467,0.9779672622680664,0.03613781929016113,0.8824071884155273,-0.04858916997909546,85.91304892564054,22.20134060013781,84.08974096100489,15.848232054388276,0.9881117939949036,-0.004300832748413086,0.9944823980331421,-0.002414524555206299,0.9917723536491394,-0.0028886795043945312,0.9851294755935669,-0.0054514408111572266,74.05562864123286,13.300758002881672,67.15275323351375,20.190916010608696
Vandalism,delta_alignment_auc,1,Vandalism036_x264,Vandalism,1440,330,0.9980108737945557,0.9998557567596436,0.999666154384613,0.99751877784729,82.5984165984166,57.258205950105335,0.995774507522583,0.9982473850250244,0.9971073865890503,0.9953780174255371,84.86104286104286,68.83652951411278,0.9730907082557678,-0.024920165538787842,0.9989200830459595,-0.000935673713684082,0.9855321049690247,-0.014134049415588379,0.9693920016288757,-0.028126776218414307,63.62380562380563,-18.974610974610975,45.31826449216813,-11.939941457937202,0.9968412518501282,0.001066744327545166,0.9994847178459167,0.001237332820892334,0.998457670211792,0.0013502836227416992,0.9963607788085938,0.0009827613830566406,70.43789243789243,-14.423150423150432,57.62083143859515,-11.215698075517636
Vandalism,delta_alignment_auc,2,Vandalism017_x264,Vandalism,1008,120,0.9990658164024353,0.9999685287475586,0.9999582767486572,0.9989452362060547,85.64564564564564,50.3084505541347,0.998262345790863,0.998886227607727,0.9987480044364929,0.9981967210769653,94.83483483483484,73.72751322751321,0.9934607744216919,-0.005605041980743408,0.9998880624771118,-8.046627044677734e-05,0.9997771978378296,-0.00018107891082763672,0.9926071763038635,-0.006338059902191162,78.1981981981982,-7.447447447447445,25.14411097051142,-25.16433958362328,0.9992348551750183,0.0009725093841552734,0.9996969699859619,0.0008107423782348633,0.999600350856781,0.0008523464202880859,0.9991855025291443,0.000988781452178955,86.006006006006,-8.828828828828833,37.360539203359565,-36.36697402415365
Vandalism,delta_alignment_auc,3,Vandalism015_x264,Vandalism,2976,690,0.9840109348297119,0.9993346333503723,0.9983965158462524,0.9796688556671143,99.28702752735619,97.9011774720896,0.9960429072380066,0.9982289671897888,0.9973437190055847,0.9956501126289368,94.01435327830397,68.72910316963315,0.8759899139404297,-0.10802102088928223,0.9978756904602051,-0.0014589428901672363,0.9920442700386047,-0.006352245807647705,0.8409604430198669,-0.13870841264724731,99.59945224238274,0.3124247150265518,98.55125923330166,0.6500817612120642,0.9915884137153625,-0.004454493522644043,0.9984317421913147,0.0002027750015258789,0.9976714849472046,0.00032776594161987305,0.9897522926330566,-0.005897819995880127,99.455412276364,5.441058998060029,98.37992310789032,29.65081993825717
Vandalism,delta_alignment_auc,4,Vandalism007_x264,Vandalism,1136,510,0.9358597993850708,0.9959834814071655,0.9418294429779053,0.9309963583946228,63.71170832550273,68.24150890661662,0.9924126267433167,0.9968969225883484,0.9946610331535339,0.9905809164047241,60.754870638351186,46.961837222905054,0.9253082275390625,-0.0105515718460083,0.998721182346344,0.002737700939178467,0.9779672622680664,0.03613781929016113,0.8824071884155273,-0.04858916997909546,85.91304892564054,22.20134060013781,84.08974096100489,15.848232054388276,0.9881117939949036,-0.004300832748413086,0.9944823980331421,-0.002414524555206299,0.9917723536491394,-0.0028886795043945312,0.9851294755935669,-0.0054514408111572266,74.05562864123286,13.300758002881672,67.15275323351375,20.190916010608696
Vandalism,delta_alignment_auc,5,Vandalism028_x264,Vandalism,4480,420,0.8682906031608582,0.9913813471794128,0.9556661248207092,0.8592516779899597,87.81749941355852,55.70923985579302,0.9788314700126648,0.9938700199127197,0.9876819252967834,0.9779158234596252,64.38986629134413,38.21983698069512,0.9380706548690796,0.06978005170822144,0.9885691404342651,-0.002812206745147705,0.9710604548454285,0.015394330024719238,0.934657871723175,0.07540619373321533,89.523340370631,1.705840957072482,55.5908525088196,-0.1183873469734209,0.9877147078514099,0.008883237838745117,0.994976818561554,0.0011067986488342285,0.9920267462730408,0.004344820976257324,0.9872687458992004,0.009352922439575195,85.54867464227071,21.158808350926577,28.727055065407974,-9.492781915287146
Vandalism,delta_classifier_positive_mean,1,Vandalism036_x264,Vandalism,1440,330,0.9980108737945557,0.9998557567596436,0.999666154384613,0.99751877784729,82.5984165984166,57.258205950105335,0.995774507522583,0.9982473850250244,0.9971073865890503,0.9953780174255371,84.86104286104286,68.83652951411278,0.9730907082557678,-0.024920165538787842,0.9989200830459595,-0.000935673713684082,0.9855321049690247,-0.014134049415588379,0.9693920016288757,-0.028126776218414307,63.62380562380563,-18.974610974610975,45.31826449216813,-11.939941457937202,0.9968412518501282,0.001066744327545166,0.9994847178459167,0.001237332820892334,0.998457670211792,0.0013502836227416992,0.9963607788085938,0.0009827613830566406,70.43789243789243,-14.423150423150432,57.62083143859515,-11.215698075517636
Vandalism,delta_classifier_positive_mean,2,Vandalism015_x264,Vandalism,2976,690,0.9840109348297119,0.9993346333503723,0.9983965158462524,0.9796688556671143,99.28702752735619,97.9011774720896,0.9960429072380066,0.9982289671897888,0.9973437190055847,0.9956501126289368,94.01435327830397,68.72910316963315,0.8759899139404297,-0.10802102088928223,0.9978756904602051,-0.0014589428901672363,0.9920442700386047,-0.006352245807647705,0.8409604430198669,-0.13870841264724731,99.59945224238274,0.3124247150265518,98.55125923330166,0.6500817612120642,0.9915884137153625,-0.004454493522644043,0.9984317421913147,0.0002027750015258789,0.9976714849472046,0.00032776594161987305,0.9897522926330566,-0.005897819995880127,99.455412276364,5.441058998060029,98.37992310789032,29.65081993825717
Vandalism,delta_classifier_positive_mean,3,Vandalism017_x264,Vandalism,1008,120,0.9990658164024353,0.9999685287475586,0.9999582767486572,0.9989452362060547,85.64564564564564,50.3084505541347,0.998262345790863,0.998886227607727,0.9987480044364929,0.9981967210769653,94.83483483483484,73.72751322751321,0.9934607744216919,-0.005605041980743408,0.9998880624771118,-8.046627044677734e-05,0.9997771978378296,-0.00018107891082763672,0.9926071763038635,-0.006338059902191162,78.1981981981982,-7.447447447447445,25.14411097051142,-25.16433958362328,0.9992348551750183,0.0009725093841552734,0.9996969699859619,0.0008107423782348633,0.999600350856781,0.0008523464202880859,0.9991855025291443,0.000988781452178955,86.006006006006,-8.828828828828833,37.360539203359565,-36.36697402415365
Vandalism,delta_classifier_positive_mean,4,Vandalism028_x264,Vandalism,4480,420,0.8682906031608582,0.9913813471794128,0.9556661248207092,0.8592516779899597,87.81749941355852,55.70923985579302,0.9788314700126648,0.9938700199127197,0.9876819252967834,0.9779158234596252,64.38986629134413,38.21983698069512,0.9380706548690796,0.06978005170822144,0.9885691404342651,-0.002812206745147705,0.9710604548454285,0.015394330024719238,0.934657871723175,0.07540619373321533,89.523340370631,1.705840957072482,55.5908525088196,-0.1183873469734209,0.9877147078514099,0.008883237838745117,0.994976818561554,0.0011067986488342285,0.9920267462730408,0.004344820976257324,0.9872687458992004,0.009352922439575195,85.54867464227071,21.158808350926577,28.727055065407974,-9.492781915287146
Vandalism,delta_classifier_positive_mean,5,Vandalism007_x264,Vandalism,1136,510,0.9358597993850708,0.9959834814071655,0.9418294429779053,0.9309963583946228,63.71170832550273,68.24150890661662,0.9924126267433167,0.9968969225883484,0.9946610331535339,0.9905809164047241,60.754870638351186,46.961837222905054,0.9253082275390625,-0.0105515718460083,0.998721182346344,0.002737700939178467,0.9779672622680664,0.03613781929016113,0.8824071884155273,-0.04858916997909546,85.91304892564054,22.20134060013781,84.08974096100489,15.848232054388276,0.9881117939949036,-0.004300832748413086,0.9944823980331421,-0.002414524555206299,0.9917723536491394,-0.0028886795043945312,0.9851294755935669,-0.0054514408111572266,74.05562864123286,13.300758002881672,67.15275323351375,20.190916010608696
Vandalism,delta_alignment_positive_mean,1,Vandalism007_x264,Vandalism,1136,510,0.9358597993850708,0.9959834814071655,0.9418294429779053,0.9309963583946228,63.71170832550273,68.24150890661662,0.9924126267433167,0.9968969225883484,0.9946610331535339,0.9905809164047241,60.754870638351186,46.961837222905054,0.9253082275390625,-0.0105515718460083,0.998721182346344,0.002737700939178467,0.9779672622680664,0.03613781929016113,0.8824071884155273,-0.04858916997909546,85.91304892564054,22.20134060013781,84.08974096100489,15.848232054388276,0.9881117939949036,-0.004300832748413086,0.9944823980331421,-0.002414524555206299,0.9917723536491394,-0.0028886795043945312,0.9851294755935669,-0.0054514408111572266,74.05562864123286,13.300758002881672,67.15275323351375,20.190916010608696
Vandalism,delta_alignment_positive_mean,2,Vandalism015_x264,Vandalism,2976,690,0.9840109348297119,0.9993346333503723,0.9983965158462524,0.9796688556671143,99.28702752735619,97.9011774720896,0.9960429072380066,0.9982289671897888,0.9973437190055847,0.9956501126289368,94.01435327830397,68.72910316963315,0.8759899139404297,-0.10802102088928223,0.9978756904602051,-0.0014589428901672363,0.9920442700386047,-0.006352245807647705,0.8409604430198669,-0.13870841264724731,99.59945224238274,0.3124247150265518,98.55125923330166,0.6500817612120642,0.9915884137153625,-0.004454493522644043,0.9984317421913147,0.0002027750015258789,0.9976714849472046,0.00032776594161987305,0.9897522926330566,-0.005897819995880127,99.455412276364,5.441058998060029,98.37992310789032,29.65081993825717
Vandalism,delta_alignment_positive_mean,3,Vandalism017_x264,Vandalism,1008,120,0.9990658164024353,0.9999685287475586,0.9999582767486572,0.9989452362060547,85.64564564564564,50.3084505541347,0.998262345790863,0.998886227607727,0.9987480044364929,0.9981967210769653,94.83483483483484,73.72751322751321,0.9934607744216919,-0.005605041980743408,0.9998880624771118,-8.046627044677734e-05,0.9997771978378296,-0.00018107891082763672,0.9926071763038635,-0.006338059902191162,78.1981981981982,-7.447447447447445,25.14411097051142,-25.16433958362328,0.9992348551750183,0.0009725093841552734,0.9996969699859619,0.0008107423782348633,0.999600350856781,0.0008523464202880859,0.9991855025291443,0.000988781452178955,86.006006006006,-8.828828828828833,37.360539203359565,-36.36697402415365
Vandalism,delta_alignment_positive_mean,4,Vandalism036_x264,Vandalism,1440,330,0.9980108737945557,0.9998557567596436,0.999666154384613,0.99751877784729,82.5984165984166,57.258205950105335,0.995774507522583,0.9982473850250244,0.9971073865890503,0.9953780174255371,84.86104286104286,68.83652951411278,0.9730907082557678,-0.024920165538787842,0.9989200830459595,-0.000935673713684082,0.9855321049690247,-0.014134049415588379,0.9693920016288757,-0.028126776218414307,63.62380562380563,-18.974610974610975,45.31826449216813,-11.939941457937202,0.9968412518501282,0.001066744327545166,0.9994847178459167,0.001237332820892334,0.998457670211792,0.0013502836227416992,0.9963607788085938,0.0009827613830566406,70.43789243789243,-14.423150423150432,57.62083143859515,-11.215698075517636
Vandalism,delta_alignment_positive_mean,5,Vandalism028_x264,Vandalism,4480,420,0.8682906031608582,0.9913813471794128,0.9556661248207092,0.8592516779899597,87.81749941355852,55.70923985579302,0.9788314700126648,0.9938700199127197,0.9876819252967834,0.9779158234596252,64.38986629134413,38.21983698069512,0.9380706548690796,0.06978005170822144,0.9885691404342651,-0.002812206745147705,0.9710604548454285,0.015394330024719238,0.934657871723175,0.07540619373321533,89.523340370631,1.705840957072482,55.5908525088196,-0.1183873469734209,0.9877147078514099,0.008883237838745117,0.994976818561554,0.0011067986488342285,0.9920267462730408,0.004344820976257324,0.9872687458992004,0.009352922439575195,85.54867464227071,21.158808350926577,28.727055065407974,-9.492781915287146
