class_index,class_name,rank_in_class,source_file,source_stem,source_prompts_per_class,prompt_index,selection_score,anchor_similarity,intra_prompt_similarity,inter_prompt_similarity,anchor_margin,best_other_anchor_class,best_other_anchor_similarity,raw_prompt_text,encoded_prompt_text
0,Normal,1,ucf_manual_class_prompts_10x.json,ucf_manual_class_prompts_10x,10,9,0.5094338834285735,0.8829088807106018,0.8020814657211304,0.863224983215332,0.03822273015975952,Stealing,0.8446861505508423,an orderly scene with predictable everyday human activity,normal an orderly scene with predictable everyday human activity
0,Normal,2,ucf_manual_class_prompts_10x_v2.json,ucf_manual_class_prompts_10x_v2,10,9,0.5047544717788697,0.8763846158981323,0.7961349487304688,0.8613916039466858,0.03556400537490845,Stealing,0.8408206105232239,an orderly scene with predictable everyday activity,normal an orderly scene with predictable everyday activity
0,Normal,3,ucf_manual_class_prompts_5x_v5.json,ucf_manual_class_prompts_5x_v5,5,0,0.4941654443740844,0.8284585475921631,0.834297776222229,0.8517658114433289,-0.0062680840492248535,Fighting,0.8347266316413879,normal daily activity with people walking calmly in public areas,normal normal daily activity with people walking calmly in public areas
0,Normal,4,ucf_manual_class_prompts_10x.json,ucf_manual_class_prompts_10x,10,7,0.4924082398414611,0.8292384743690491,0.8056932091712952,0.8195948004722595,0.05379807949066162,Fighting,0.7754403948783875,a public area with ordinary walking and waiting,normal a public area with ordinary walking and waiting
0,Normal,5,ucf_manual_class_prompts_10x_v2.json,ucf_manual_class_prompts_10x_v2,10,7,0.4924082398414611,0.8292384743690491,0.8056932091712952,0.8195948004722595,0.05379807949066162,Fighting,0.7754403948783875,a public area with ordinary walking and waiting,normal a public area with ordinary walking and waiting
0,Normal,6,ucf_manual_class_prompts_5x_v3.json,ucf_manual_class_prompts_5x_v3,5,1,0.4868906080722809,0.8282018303871155,0.8019009828567505,0.83890300989151,0.016483426094055176,Fighting,0.8117184042930603,people waiting and talking in a public area,normal people waiting and talking in a public area
0,Normal,7,ucf_manual_class_prompts_5x_v4.json,ucf_manual_class_prompts_5x_v4,5,1,0.4868906080722809,0.8282018303871155,0.8019009828567505,0.83890300989151,0.016483426094055176,Fighting,0.8117184042930603,people waiting and talking in a public area,normal people waiting and talking in a public area
0,Normal,8,ucf_manual_class_prompts_5x_v5.json,ucf_manual_class_prompts_5x_v5,5,4,0.48411114215850826,0.8450780510902405,0.7719526886940002,0.8500684499740601,-0.03428119421005249,Stealing,0.879359245300293,routine activities occurring in a public place,normal routine activities occurring in a public place
0,Normal,9,ucf_manual_class_prompts_10x.json,ucf_manual_class_prompts_10x,10,8,0.47959692478179927,0.8462828397750854,0.7816179990768433,0.8901494741439819,-0.013716399669647217,Stealing,0.8599992394447327,people interacting casually without panic or force,normal people interacting casually without panic or force
0,Normal,10,ucf_manual_class_prompts_5x_v5.json,ucf_manual_class_prompts_5x_v5,5,1,0.47904891967773433,0.8053079843521118,0.800391674041748,0.8186128735542297,-0.017878472805023193,RoadAccidents,0.823186457157135,ordinary people and vehicles moving in a regular environment,normal ordinary people and vehicles moving in a regular environment
0,Normal,11,ucf_manual_class_prompts_10x_v2.json,ucf_manual_class_prompts_10x_v2,10,1,0.4713731646537781,0.8055567741394043,0.7784292697906494,0.8246700167655945,0.0018120408058166504,Fighting,0.8037447333335876,people chatting casually in an ordinary public area,normal people chatting casually in an ordinary public area
0,Normal,12,ucf_manual_class_prompts_5x_v3.json,ucf_manual_class_prompts_5x_v3,5,4,0.4705734491348266,0.7900629043579102,0.7902581691741943,0.8076772689819336,0.011745750904083252,Stealing,0.7783171534538269,people entering and exiting buildings at normal pace,normal people entering and exiting buildings at normal pace
0,Normal,13,ucf_manual_class_prompts_5x_v4.json,ucf_manual_class_prompts_5x_v4,5,4,0.4705734491348266,0.7900629043579102,0.7902581691741943,0.8076772689819336,0.011745750904083252,Stealing,0.7783171534538269,people entering and exiting buildings at normal pace,normal people entering and exiting buildings at normal pace
0,Normal,14,ucf_manual_class_prompts_5x_v5.json,ucf_manual_class_prompts_5x_v5,5,3,0.4700555622577667,0.7990416288375854,0.7894473671913147,0.831497311592102,0.020960450172424316,RoadAccidents,0.7780811786651611,a normal street scene with everyday human activity,normal a normal street scene with everyday human activity
0,Normal,15,ucf_manual_class_prompts_10x.json,ucf_manual_class_prompts_10x,10,6,0.46836937069892887,0.7904609441757202,0.7996321320533752,0.8337537050247192,-0.021568655967712402,Arrest,0.8120296001434326,people entering and exiting buildings in a routine manner,normal people entering and exiting buildings in a routine manner
0,Normal,16,ucf_manual_class_prompts_10x.json,ucf_manual_class_prompts_10x,10,1,0.46481078267097464,0.7942724227905273,0.7900887131690979,0.8467602133750916,-0.017895221710205078,Fighting,0.8121676445007324,people standing and talking without aggressive movement,normal people standing and talking without aggressive movement
0,Normal,17,ucf_manual_class_prompts_10x_v2.json,ucf_manual_class_prompts_10x_v2,10,6,0.4575293719768524,0.7682296633720398,0.7939069271087646,0.8237876892089844,-0.02678823471069336,Stealing,0.7950178980827332,people entering and exiting buildings at a steady pace,normal people entering and exiting buildings at a steady pace
0,Normal,18,ucf_manual_class_prompts_5x_v5.json,ucf_manual_class_prompts_5x_v5,5,2,0.45546561479568476,0.7680767774581909,0.7943865060806274,0.8344436287879944,-0.05146169662475586,Shoplifting,0.8195384740829468,people shopping or standing normally without unusual activity,normal people shopping or standing normally without unusual activity
0,Normal,19,ucf_manual_class_prompts_10x.json,ucf_manual_class_prompts_10x,10,4,0.4471111118793487,0.7619171738624573,0.7441802024841309,0.7855076789855957,0.016444027423858643,Fighting,0.7454731464385986,workers calmly performing tasks around counters and equipment,normal workers calmly performing tasks around counters and equipment
0,Normal,20,ucf_manual_class_prompts_10x_v2.json,ucf_manual_class_prompts_10x_v2,10,8,0.4447041988372803,0.7371854782104492,0.7765935659408569,0.7843330502510071,-0.014845848083496094,Fighting,0.7520313262939453,people standing calmly near counters and doorways,normal people standing calmly near counters and doorways
0,Normal,21,ucf_manual_class_prompts_5x_v3.json,ucf_manual_class_prompts_5x_v3,5,2,0.43373988866806024,0.7493592500686646,0.7632250785827637,0.8495362997055054,-0.056707799434661865,RoadAccidents,0.8060670495033264,vehicles moving steadily through regular traffic,normal vehicles moving steadily through regular traffic
0,Normal,22,ucf_manual_class_prompts_5x_v4.json,ucf_manual_class_prompts_5x_v4,5,2,0.43373987078666687,0.7493592500686646,0.7632250189781189,0.8495362997055054,-0.056707799434661865,RoadAccidents,0.8060670495033264,vehicles moving steadily through regular traffic,normal vehicles moving steadily through regular traffic
0,Normal,23,ucf_manual_class_prompts_10x.json,ucf_manual_class_prompts_10x,10,2,0.43345515131950385,0.746381938457489,0.755944013595581,0.8325951099395752,-0.02750420570373535,RoadAccidents,0.7738861441612244,vehicles moving through traffic in an ordinary way,normal vehicles moving through traffic in an ordinary way
0,Normal,24,ucf_manual_class_prompts_10x_v2.json,ucf_manual_class_prompts_10x_v2,10,3,0.4332276105880737,0.7610710263252258,0.7631331086158752,0.8812391757965088,-0.0711563229560852,Shoplifting,0.832227349281311,shoppers browsing shelves and paying at checkout,normal shoppers browsing shelves and paying at checkout
0,Normal,25,ucf_manual_class_prompts_10x_v2.json,ucf_manual_class_prompts_10x_v2,10,4,0.43000454306602476,0.7309258580207825,0.7255302667617798,0.765587329864502,-0.012644946575164795,Shoplifting,0.7435708045959473,workers performing routine tasks in a calm store,normal workers performing routine tasks in a calm store
0,Normal,26,ucf_manual_class_prompts_10x_v2.json,ucf_manual_class_prompts_10x_v2,10,2,0.4276683390140533,0.7421202659606934,0.7515917420387268,0.8443465828895569,-0.04178142547607422,RoadAccidents,0.7839016914367676,vehicles moving normally through regular traffic flow,normal vehicles moving normally through regular traffic flow
0,Normal,27,ucf_manual_class_prompts_5x_v4.json,ucf_manual_class_prompts_5x_v4,5,3,0.4187800049781799,0.7007884979248047,0.764396071434021,0.8046653270721436,-0.05967134237289429,Shoplifting,0.760459840297699,customers standing calmly near store counters,normal customers standing calmly near store counters
0,Normal,28,ucf_manual_class_prompts_5x_v3.json,ucf_manual_class_prompts_5x_v3,5,3,0.41877998709678643,0.7007884979248047,0.7643960118293762,0.8046653270721436,-0.05967134237289429,Shoplifting,0.760459840297699,customers standing calmly near store counters,normal customers standing calmly near store counters
0,Normal,29,ucf_manual_class_prompts_10x.json,ucf_manual_class_prompts_10x,10,3,0.4166917443275451,0.7212867736816406,0.7616122961044312,0.8621766567230225,-0.10599470138549805,Shoplifting,0.8272814750671387,shoppers browsing shelves and carrying bags normally,normal shoppers browsing shelves and carrying bags normally
0,Normal,30,ucf_manual_class_prompts_5x_v3.json,ucf_manual_class_prompts_5x_v3,5,0,0.41159955263137815,0.669931173324585,0.7668664455413818,0.7671298384666443,-0.009360194206237793,RoadAccidents,0.6792913675308228,pedestrians walking calmly along an ordinary street,normal pedestrians walking calmly along an ordinary street
0,Normal,31,ucf_manual_class_prompts_5x_v4.json,ucf_manual_class_prompts_5x_v4,5,0,0.41159955263137815,0.669931173324585,0.7668664455413818,0.7671298384666443,-0.009360194206237793,RoadAccidents,0.6792913675308228,pedestrians walking calmly along an ordinary street,normal pedestrians walking calmly along an ordinary street
0,Normal,32,ucf_manual_class_prompts_10x_v2.json,ucf_manual_class_prompts_10x_v2,10,0,0.40866306424140925,0.6601231098175049,0.7608609795570374,0.7482839226722717,-0.0043198466300964355,RoadAccidents,0.6644429564476013,pedestrians walking calmly along a quiet street,normal pedestrians walking calmly along a quiet street
0,Normal,33,ucf_manual_class_prompts_10x.json,ucf_manual_class_prompts_10x,10,5,0.38683911561965945,0.6315218806266785,0.7116526961326599,0.7120881676673889,0.012714147567749023,Vandalism,0.6188077330589294,pedestrians crossing a walkway with regular spacing,normal pedestrians crossing a walkway with regular spacing
0,Normal,34,ucf_manual_class_prompts_10x_v2.json,ucf_manual_class_prompts_10x_v2,10,5,0.38683911561965945,0.6315218806266785,0.7116526961326599,0.7120881676673889,0.012714147567749023,Vandalism,0.6188077330589294,pedestrians crossing a walkway with regular spacing,normal pedestrians crossing a walkway with regular spacing
0,Normal,35,ucf_manual_class_prompts_10x.json,ucf_manual_class_prompts_10x,10,0,0.3702825903892517,0.6227198839187622,0.7260416746139526,0.7944492697715759,-0.008870899677276611,RoadAccidents,0.6315907835960388,a normal street scene with pedestrians walking calmly,normal a normal street scene with pedestrians walking calmly
1,Abuse,1,ucf_manual_class_prompts_5x_v3.json,ucf_manual_class_prompts_5x_v3,5,0,0.5367644727230072,0.8929423093795776,0.908682644367218,0.9115573763847351,0.0182420015335083,Fighting,0.8747003078460693,a vulnerable victim enduring repeated close range mistreatment,abuse a vulnerable victim enduring repeated close range mistreatment
1,Abuse,2,ucf_manual_class_prompts_5x_v4.json,ucf_manual_class_prompts_5x_v4,5,0,0.5367644727230072,0.8929423093795776,0.908682644367218,0.9115573763847351,0.0182420015335083,Fighting,0.8747003078460693,a vulnerable victim enduring repeated close range mistreatment,abuse a vulnerable victim enduring repeated close range mistreatment
1,Abuse,3,ucf_manual_class_prompts_5x_v5.json,ucf_manual_class_prompts_5x_v5,5,1,0.5363261580467225,0.8907308578491211,0.9197473526000977,0.9248173832893372,0.038230955600738525,Assault,0.8524999022483826,a person being subjected to repeated physical violence by another person,abuse a person being subjected to repeated physical violence by another person
1,Abuse,4,ucf_manual_class_prompts_5x_v5.json,ucf_manual_class_prompts_5x_v5,5,0,0.5349052667617799,0.8853909969329834,0.913398027420044,0.9090481996536255,0.034179866313934326,Fighting,0.8512111306190491,physical abuse where one person repeatedly hurts another person in a close environment,abuse physical abuse where one person repeatedly hurts another person in a close environment
1,Abuse,5,ucf_manual_class_prompts_10x_v2.json,ucf_manual_class_prompts_10x_v2,10,6,0.5346813797950745,0.8844945430755615,0.9245510101318359,0.9246559739112854,0.026169657707214355,Assault,0.8583248853683472,a vulnerable person recoiling from sustained aggressive contact,abuse a vulnerable person recoiling from sustained aggressive contact
1,Abuse,6,ucf_manual_class_prompts_5x_v3.json,ucf_manual_class_prompts_5x_v3,5,1,0.5337385058403015,0.8729998469352722,0.9040891528129578,0.8699408173561096,0.027534306049346924,Fighting,0.8454655408859253,a stronger aggressor controlling a weaker victim indoors,abuse a stronger aggressor controlling a weaker victim indoors
1,Abuse,7,ucf_manual_class_prompts_5x_v4.json,ucf_manual_class_prompts_5x_v4,5,1,0.5337385058403015,0.8729998469352722,0.9040891528129578,0.8699408173561096,0.027534306049346924,Fighting,0.8454655408859253,a stronger aggressor controlling a weaker victim indoors,abuse a stronger aggressor controlling a weaker victim indoors
1,Abuse,8,ucf_manual_class_prompts_5x_v3.json,ucf_manual_class_prompts_5x_v3,5,2,0.5329981684684753,0.8742799162864685,0.9228103756904602,0.9049245119094849,0.03372722864151001,Assault,0.8405526876449585,a helpless person recoiling from sustained physical abuse,abuse a helpless person recoiling from sustained physical abuse
1,Abuse,9,ucf_manual_class_prompts_5x_v4.json,ucf_manual_class_prompts_5x_v4,5,2,0.5329981684684753,0.8742799162864685,0.9228103756904602,0.9049245119094849,0.03372722864151001,Assault,0.8405526876449585,a helpless person recoiling from sustained physical abuse,abuse a helpless person recoiling from sustained physical abuse
1,Abuse,10,ucf_manual_class_prompts_10x.json,ucf_manual_class_prompts_10x,10,9,0.532090264558792,0.8730083107948303,0.9144501686096191,0.893744707107544,0.024818241596221924,Assault,0.8481900691986084,a hostile person restraining and hurting a defenseless target,abuse a hostile person restraining and hurting a defenseless target
1,Abuse,11,ucf_manual_class_prompts_10x.json,ucf_manual_class_prompts_10x,10,6,0.5313890397548675,0.8779112100601196,0.9234731793403625,0.9230425953865051,0.023314297199249268,Assault,0.8545969128608704,a vulnerable person recoiling from sustained aggressive body contact,abuse a vulnerable person recoiling from sustained aggressive body contact
1,Abuse,12,ucf_manual_class_prompts_5x_v5.json,ucf_manual_class_prompts_5x_v5,5,3,0.531260859966278,0.8858923316001892,0.9144483208656311,0.9300990104675293,0.03004288673400879,Assault,0.8558494448661804,a person repeatedly attacking someone who appears unable to escape,abuse a person repeatedly attacking someone who appears unable to escape
1,Abuse,13,ucf_manual_class_prompts_10x.json,ucf_manual_class_prompts_10x,10,7,0.5307121872901915,0.8696653842926025,0.9050326347351074,0.8781514763832092,0.029655158519744873,Fighting,0.8400102257728577,a stronger aggressor overpowering a weaker person indoors,abuse a stronger aggressor overpowering a weaker person indoors
1,Abuse,14,ucf_manual_class_prompts_10x_v2.json,ucf_manual_class_prompts_10x_v2,10,7,0.5307121872901915,0.8696653842926025,0.9050326347351074,0.8781514763832092,0.029655158519744873,Fighting,0.8400102257728577,a stronger aggressor overpowering a weaker person indoors,abuse a stronger aggressor overpowering a weaker person indoors
1,Abuse,15,ucf_manual_class_prompts_5x_v4.json,ucf_manual_class_prompts_5x_v4,5,3,0.5267130792140959,0.873114824295044,0.8940877318382263,0.890353262424469,0.0081329345703125,Fighting,0.8649818897247314,a defenseless victim shielding from repeated aggressive contact,abuse a defenseless victim shielding from repeated aggressive contact
1,Abuse,16,ucf_manual_class_prompts_5x_v3.json,ucf_manual_class_prompts_5x_v3,5,3,0.5267130613327026,0.873114824295044,0.8940876722335815,0.890353262424469,0.0081329345703125,Fighting,0.8649818897247314,a defenseless victim shielding from repeated aggressive contact,abuse a defenseless victim shielding from repeated aggressive contact
1,Abuse,17,ucf_manual_class_prompts_10x.json,ucf_manual_class_prompts_10x,10,2,0.5261467933654784,0.8684426546096802,0.9163440465927124,0.9148887395858765,0.024228215217590332,Assault,0.8442144393920898,a violent person grabbing and controlling a weaker victim,abuse a violent person grabbing and controlling a weaker victim
1,Abuse,18,ucf_manual_class_prompts_10x_v2.json,ucf_manual_class_prompts_10x_v2,10,4,0.5254131138324738,0.873923122882843,0.908902645111084,0.9210962057113647,0.02087312936782837,Assault,0.8530499935150146,an attacker cornering someone and delivering forceful blows,abuse an attacker cornering someone and delivering forceful blows
1,Abuse,19,ucf_manual_class_prompts_10x.json,ucf_manual_class_prompts_10x,10,4,0.5229766428470611,0.8694140911102295,0.9090171456336975,0.9221777319908142,0.018583953380584717,Assault,0.8508301377296448,an attacker cornering someone and delivering forceful hits,abuse an attacker cornering someone and delivering forceful hits
1,Abuse,20,ucf_manual_class_prompts_5x_v3.json,ucf_manual_class_prompts_5x_v3,5,4,0.5219418168067932,0.8577167987823486,0.9048682451248169,0.8918852806091309,0.02776545286178589,Assault,0.8299513459205627,an aggressor dragging or overpowering a vulnerable person,abuse an aggressor dragging or overpowering a vulnerable person
1,Abuse,21,ucf_manual_class_prompts_5x_v4.json,ucf_manual_class_prompts_5x_v4,5,4,0.5219418168067932,0.8577167987823486,0.9048682451248169,0.8918852806091309,0.02776545286178589,Assault,0.8299513459205627,an aggressor dragging or overpowering a vulnerable person,abuse an aggressor dragging or overpowering a vulnerable person
1,Abuse,22,ucf_manual_class_prompts_5x_v5.json,ucf_manual_class_prompts_5x_v5,5,2,0.5181135475635528,0.859461784362793,0.8997138142585754,0.9076574444770813,0.018943846225738525,Assault,0.8405179381370544,a person aggressively grabbing and hurting another person indoors,abuse a person aggressively grabbing and hurting another person indoors
1,Abuse,23,ucf_manual_class_prompts_5x_v5.json,ucf_manual_class_prompts_5x_v5,5,4,0.5171408593654633,0.8657188415527344,0.8942562937736511,0.9199772477149963,0.034793853759765625,Assault,0.8309249877929688,domestic violence involving physical harm between two people,abuse domestic violence involving physical harm between two people
1,Abuse,24,ucf_manual_class_prompts_10x_v2.json,ucf_manual_class_prompts_10x_v2,10,3,0.5112419545650483,0.8388849496841431,0.8983713984489441,0.8885596990585327,0.026928484439849854,Fighting,0.8119564652442932,a victim shielding their body from repeated physical mistreatment,abuse a victim shielding their body from repeated physical mistreatment
1,Abuse,25,ucf_manual_class_prompts_10x.json,ucf_manual_class_prompts_10x,10,8,0.5066342711448668,0.8467726111412048,0.8986945748329163,0.9318020343780518,0.004733085632324219,Assault,0.8420395255088806,a victim collapsing after repeated blows from another person,abuse a victim collapsing after repeated blows from another person
1,Abuse,26,ucf_manual_class_prompts_10x_v2.json,ucf_manual_class_prompts_10x_v2,10,8,0.5066342711448668,0.8467726111412048,0.8986945748329163,0.9318020343780518,0.004733085632324219,Assault,0.8420395255088806,a victim collapsing after repeated blows from another person,abuse a victim collapsing after repeated blows from another person
1,Abuse,27,ucf_manual_class_prompts_10x.json,ucf_manual_class_prompts_10x,10,3,0.4958525598049164,0.815072238445282,0.8849920034408569,0.8859058022499084,0.02129155397415161,Assault,0.7937806844711304,a victim shielding their body during repeated physical mistreatment,abuse a victim shielding their body during repeated physical mistreatment
1,Abuse,28,ucf_manual_class_prompts_10x_v2.json,ucf_manual_class_prompts_10x_v2,10,2,0.49461503028869624,0.8087178468704224,0.866540789604187,0.848530650138855,0.036093831062316895,Assault,0.7726240158081055,a dominant person grabbing and controlling a weaker victim,abuse a dominant person grabbing and controlling a weaker victim
1,Abuse,29,ucf_manual_class_prompts_10x_v2.json,ucf_manual_class_prompts_10x_v2,10,9,0.49256735444068905,0.8194939494132996,0.877863883972168,0.9026939272880554,0.0005671381950378418,Assault,0.8189268112182617,a hostile person hurting a defenseless target at close range,abuse a hostile person hurting a defenseless target at close range
1,Abuse,30,ucf_manual_class_prompts_10x.json,ucf_manual_class_prompts_10x,10,0,0.4635763704776764,0.7768023610115051,0.8339080810546875,0.8749861717224121,-0.01195383071899414,Assault,0.7887561917304993,a surveillance frame of an aggressor striking a vulnerable victim,abuse a surveillance frame of an aggressor striking a vulnerable victim
1,Abuse,31,ucf_manual_class_prompts_10x_v2.json,ucf_manual_class_prompts_10x_v2,10,0,0.4635763704776764,0.7768023610115051,0.8339080810546875,0.8749861717224121,-0.01195383071899414,Assault,0.7887561917304993,a surveillance frame of an aggressor striking a vulnerable victim,abuse a surveillance frame of an aggressor striking a vulnerable victim
1,Abuse,32,ucf_manual_class_prompts_10x.json,ucf_manual_class_prompts_10x,10,1,0.4603277981281281,0.7588808536529541,0.840376079082489,0.8561272621154785,0.014279603958129883,Assault,0.7446012496948242,a person forcefully pushing a helpless victim against furniture,abuse a person forcefully pushing a helpless victim against furniture
1,Abuse,33,ucf_manual_class_prompts_10x_v2.json,ucf_manual_class_prompts_10x_v2,10,1,0.4603277802467346,0.7588808536529541,0.8403760194778442,0.8561272621154785,0.014279603958129883,Assault,0.7446012496948242,a person forcefully pushing a helpless victim against furniture,abuse a person forcefully pushing a helpless victim against furniture
1,Abuse,34,ucf_manual_class_prompts_10x.json,ucf_manual_class_prompts_10x,10,5,0.44534816741943356,0.7444539070129395,0.8396668434143066,0.8938941955566406,-0.0033187270164489746,Assault,0.7477726340293884,a person dragging a resisting victim across the floor,abuse a person dragging a resisting victim across the floor
1,Abuse,35,ucf_manual_class_prompts_10x_v2.json,ucf_manual_class_prompts_10x_v2,10,5,0.44534816741943356,0.7444539070129395,0.8396668434143066,0.8938941955566406,-0.0033187270164489746,Assault,0.7477726340293884,a person dragging a resisting victim across the floor,abuse a person dragging a resisting victim across the floor
2,Arrest,1,ucf_manual_class_prompts_5x_v5.json,ucf_manual_class_prompts_5x_v5,5,3,0.5258317828178405,0.8786104321479797,0.8787702918052673,0.8855226039886475,0.0660434365272522,RoadAccidents,0.8125669956207275,a person being arrested by uniformed police officers,arrest a person being arrested by uniformed police officers
2,Arrest,2,ucf_manual_class_prompts_10x.json,ucf_manual_class_prompts_10x,10,8,0.5234292089939117,0.8486096262931824,0.8942664861679077,0.8457777500152588,0.06690549850463867,Assault,0.7817041277885437,a detained person being guided beside police officers,arrest a detained person being guided beside police officers
2,Arrest,3,ucf_manual_class_prompts_5x_v5.json,ucf_manual_class_prompts_5x_v5,5,4,0.5191037356853485,0.8350326418876648,0.9004189968109131,0.8426914215087891,0.056290507316589355,Assault,0.7787421345710754,police officers surrounding and controlling a detained person,arrest police officers surrounding and controlling a detained person
2,Arrest,4,ucf_manual_class_prompts_10x_v2.json,ucf_manual_class_prompts_10x_v2,10,9,0.5144481062889099,0.8351098299026489,0.8815112113952637,0.8378008604049683,0.06472599506378174,Assault,0.7703838348388672,law enforcement securing wrists of a compliant detained person,arrest law enforcement securing wrists of a compliant detained person
2,Arrest,5,ucf_manual_class_prompts_10x.json,ucf_manual_class_prompts_10x,10,7,0.5095510005950927,0.8385506868362427,0.8850338459014893,0.8761724829673767,0.050436556339263916,Assault,0.7881141304969788,police pulling a suspect's arms behind their back,arrest police pulling a suspect's arms behind their back
2,Arrest,6,ucf_manual_class_prompts_5x_v5.json,ucf_manual_class_prompts_5x_v5,5,2,0.5076115310192109,0.816964864730835,0.899003803730011,0.8528602123260498,0.05665785074234009,Assault,0.7603070139884949,a police officer holding a detained suspect in custody,arrest a police officer holding a detained suspect in custody
2,Arrest,7,ucf_manual_class_prompts_5x_v3.json,ucf_manual_class_prompts_5x_v3,5,3,0.5044439375400543,0.8224391341209412,0.8807748556137085,0.855040431022644,0.055186688899993896,Assault,0.7672524452209473,law enforcement securing a suspect during formal custody,arrest law enforcement securing a suspect during formal custody
2,Arrest,8,ucf_manual_class_prompts_5x_v4.json,ucf_manual_class_prompts_5x_v4,5,3,0.5044439375400543,0.8224391341209412,0.8807748556137085,0.855040431022644,0.055186688899993896,Assault,0.7672524452209473,law enforcement securing a suspect during formal custody,arrest law enforcement securing a suspect during formal custody
2,Arrest,9,ucf_manual_class_prompts_10x_v2.json,ucf_manual_class_prompts_10x_v2,10,0,0.5037023365497589,0.7984972596168518,0.8972811698913574,0.8236532211303711,0.08109539747238159,Assault,0.7174018621444702,uniformed police placing handcuffs on a detained suspect,arrest uniformed police placing handcuffs on a detained suspect
2,Arrest,10,ucf_manual_class_prompts_5x_v3.json,ucf_manual_class_prompts_5x_v3,5,0,0.5037023365497589,0.7984972596168518,0.8972811698913574,0.8236532211303711,0.08109539747238159,Assault,0.7174018621444702,uniformed police placing handcuffs on a detained suspect,arrest uniformed police placing handcuffs on a detained suspect
2,Arrest,11,ucf_manual_class_prompts_5x_v4.json,ucf_manual_class_prompts_5x_v4,5,0,0.5037023365497589,0.7984972596168518,0.8972811698913574,0.8236532211303711,0.08109539747238159,Assault,0.7174018621444702,uniformed police placing handcuffs on a detained suspect,arrest uniformed police placing handcuffs on a detained suspect
2,Arrest,12,ucf_manual_class_prompts_10x.json,ucf_manual_class_prompts_10x,10,2,0.5034815311431884,0.8154527544975281,0.886323869228363,0.8507100343704224,0.04928457736968994,Assault,0.7661681771278381,police surrounding a suspect and directing surrender,arrest police surrounding a suspect and directing surrender
2,Arrest,13,ucf_manual_class_prompts_10x_v2.json,ucf_manual_class_prompts_10x_v2,10,6,0.5033171117305756,0.8063161373138428,0.8840281367301941,0.8252469897270203,0.06625127792358398,Stealing,0.7400648593902588,a handcuffed suspect standing between multiple police officers,arrest a handcuffed suspect standing between multiple police officers
2,Arrest,14,ucf_manual_class_prompts_5x_v3.json,ucf_manual_class_prompts_5x_v3,5,2,0.5033171117305756,0.8063161373138428,0.8840281367301941,0.8252469897270203,0.06625127792358398,Stealing,0.7400648593902588,a handcuffed suspect standing between multiple police officers,arrest a handcuffed suspect standing between multiple police officers
2,Arrest,15,ucf_manual_class_prompts_5x_v4.json,ucf_manual_class_prompts_5x_v4,5,2,0.5033171117305756,0.8063161373138428,0.8840281367301941,0.8252469897270203,0.06625127792358398,Stealing,0.7400648593902588,a handcuffed suspect standing between multiple police officers,arrest a handcuffed suspect standing between multiple police officers
2,Arrest,16,ucf_manual_class_prompts_10x_v2.json,ucf_manual_class_prompts_10x_v2,10,8,0.5032255172729493,0.8208902478218079,0.891689121723175,0.8736317157745361,0.053813040256500244,Stealing,0.7670772075653076,a patrol team moving a suspect into police custody,arrest a patrol team moving a suspect into police custody
2,Arrest,17,ucf_manual_class_prompts_10x.json,ucf_manual_class_prompts_10x,10,9,0.502674400806427,0.8041528463363647,0.9018301963806152,0.8497554063796997,0.046053290367126465,Assault,0.7580995559692383,officers immobilizing a suspect using coordinated restraint,arrest officers immobilizing a suspect using coordinated restraint
2,Arrest,18,ucf_manual_class_prompts_10x.json,ucf_manual_class_prompts_10x,10,6,0.5001275420188903,0.8197097778320312,0.8842159509658813,0.8749606609344482,0.051522791385650635,Assault,0.7681869864463806,a patrol team blocking a suspect from escaping,arrest a patrol team blocking a suspect from escaping
2,Arrest,19,ucf_manual_class_prompts_10x.json,ucf_manual_class_prompts_10x,10,1,0.5000890672206878,0.7881766557693481,0.8978952765464783,0.8168392181396484,0.07036185264587402,Assault,0.7178148031234741,officers handcuffing a detained person with controlled posture,arrest officers handcuffing a detained person with controlled posture
2,Arrest,20,ucf_manual_class_prompts_5x_v5.json,ucf_manual_class_prompts_5x_v5,5,0,0.4943375706672668,0.7774626612663269,0.9007638096809387,0.8231145143508911,0.06486302614212036,Shoplifting,0.7125996351242065,police arresting and restraining a suspect with handcuffs,arrest police arresting and restraining a suspect with handcuffs
2,Arrest,21,ucf_manual_class_prompts_10x.json,ucf_manual_class_prompts_10x,10,5,0.49211269617080683,0.8052366375923157,0.8869879841804504,0.8830100893974304,0.05274933576583862,Assault,0.752487301826477,officers searching a suspect after applying physical restraint,arrest officers searching a suspect after applying physical restraint
2,Arrest,22,ucf_manual_class_prompts_5x_v3.json,ucf_manual_class_prompts_5x_v3,5,4,0.49032008051872256,0.7833794355392456,0.867978036403656,0.8088152408599854,0.07284247875213623,Assault,0.7105369567871094,a detained person kneeling while officers apply restraints,arrest a detained person kneeling while officers apply restraints
2,Arrest,23,ucf_manual_class_prompts_5x_v4.json,ucf_manual_class_prompts_5x_v4,5,4,0.4903200626373291,0.7833794355392456,0.8679779767990112,0.8088152408599854,0.07284247875213623,Assault,0.7105369567871094,a detained person kneeling while officers apply restraints,arrest a detained person kneeling while officers apply restraints
2,Arrest,24,ucf_manual_class_prompts_10x.json,ucf_manual_class_prompts_10x,10,4,0.4815067172050477,0.7678645253181458,0.8545005917549133,0.7938786149024963,0.05109375715255737,Assault,0.7167707681655884,law enforcement pinning a resisting person during detention,arrest law enforcement pinning a resisting person during detention
2,Arrest,25,ucf_manual_class_prompts_5x_v5.json,ucf_manual_class_prompts_5x_v5,5,1,0.48134119510650625,0.7558903694152832,0.8908032178878784,0.8192247748374939,0.048281729221343994,Assault,0.7076086401939392,law enforcement officers detaining a person during an arrest,arrest law enforcement officers detaining a person during an arrest
2,Arrest,26,ucf_manual_class_prompts_10x_v2.json,ucf_manual_class_prompts_10x_v2,10,5,0.4802979707717895,0.7663396000862122,0.8803967833518982,0.8349543213844299,0.058890461921691895,Stealing,0.7074491381645203,uniformed officers searching a suspect beside a patrol car,arrest uniformed officers searching a suspect beside a patrol car
2,Arrest,27,ucf_manual_class_prompts_10x_v2.json,ucf_manual_class_prompts_10x_v2,10,3,0.47915161252021793,0.7586264610290527,0.8787787556648254,0.8189762234687805,0.07844531536102295,Shoplifting,0.6801811456680298,a detained suspect kneeling while officers secure handcuffs,arrest a detained suspect kneeling while officers secure handcuffs
2,Arrest,28,ucf_manual_class_prompts_10x_v2.json,ucf_manual_class_prompts_10x_v2,10,4,0.4786427319049835,0.7595118880271912,0.860004186630249,0.7955723404884338,0.04629242420196533,Assault,0.7132194638252258,police guiding a restrained person during formal detention,arrest police guiding a restrained person during formal detention
2,Arrest,29,ucf_manual_class_prompts_10x.json,ucf_manual_class_prompts_10x,10,3,0.4766949057579041,0.7555484175682068,0.8835977911949158,0.8307932019233704,0.05140995979309082,Shoplifting,0.704138457775116,uniformed officers escorting a suspect toward a patrol car,arrest uniformed officers escorting a suspect toward a patrol car
2,Arrest,30,ucf_manual_class_prompts_10x_v2.json,ucf_manual_class_prompts_10x_v2,10,2,0.4709920585155487,0.7491516470909119,0.8536291122436523,0.7983624935150146,0.05684804916381836,Assault,0.6923035979270935,law enforcement surrounding a suspect beside a police vehicle,arrest law enforcement surrounding a suspect beside a police vehicle
2,Arrest,31,ucf_manual_class_prompts_10x_v2.json,ucf_manual_class_prompts_10x_v2,10,1,0.4708623826503753,0.7288195490837097,0.8873789310455322,0.7988053560256958,0.05317968130111694,Shoplifting,0.6756398677825928,officers escorting a handcuffed person toward a patrol car,arrest officers escorting a handcuffed person toward a patrol car
2,Arrest,32,ucf_manual_class_prompts_5x_v3.json,ucf_manual_class_prompts_5x_v3,5,1,0.4708623826503753,0.7288195490837097,0.8873789310455322,0.7988053560256958,0.05317968130111694,Shoplifting,0.6756398677825928,officers escorting a handcuffed person toward a patrol car,arrest officers escorting a handcuffed person toward a patrol car
2,Arrest,33,ucf_manual_class_prompts_5x_v4.json,ucf_manual_class_prompts_5x_v4,5,1,0.4708623826503753,0.7288195490837097,0.8873789310455322,0.7988053560256958,0.05317968130111694,Shoplifting,0.6756398677825928,officers escorting a handcuffed person toward a patrol car,arrest officers escorting a handcuffed person toward a patrol car
2,Arrest,34,ucf_manual_class_prompts_10x_v2.json,ucf_manual_class_prompts_10x_v2,10,7,0.4580935537815094,0.7139151096343994,0.8505482077598572,0.7701423168182373,0.04047584533691406,Assault,0.6734392642974854,officers controlling a detainee during a roadside arrest,arrest officers controlling a detainee during a roadside arrest
2,Arrest,35,ucf_manual_class_prompts_10x.json,ucf_manual_class_prompts_10x,10,0,0.45086020827293394,0.7628905177116394,0.8147072792053223,0.8749861717224121,0.05255645513534546,Assault,0.710334062576294,a surveillance frame of police restraining a suspect,arrest a surveillance frame of police restraining a suspect
3,Arson,1,ucf_manual_class_prompts_5x_v4.json,ucf_manual_class_prompts_5x_v4,5,0,0.5394417941570282,0.8845054507255554,0.8843667507171631,0.8406047821044922,0.07489609718322754,Explosion,0.8096093535423279,a person lighting material before flames spread,arson a person lighting material before flames spread
3,Arson,2,ucf_manual_class_prompts_5x_v3.json,ucf_manual_class_prompts_5x_v3,5,0,0.5343719720840454,0.8751072883605957,0.8832249641418457,0.8407458066940308,0.0791776180267334,RoadAccidents,0.7959296703338623,a person lighting flammable material before flames spread,arson a person lighting flammable material before flames spread
3,Arson,3,ucf_manual_class_prompts_10x_v2.json,ucf_manual_class_prompts_10x_v2,10,2,0.5331900417804717,0.8956807255744934,0.863842248916626,0.8690149784088135,0.06298685073852539,Explosion,0.832693874835968,a small flame spreading gradually after human ignition,arson a small flame spreading gradually after human ignition
3,Arson,4,ucf_manual_class_prompts_5x_v3.json,ucf_manual_class_prompts_5x_v3,5,4,0.5324995994567872,0.8759525418281555,0.8808210492134094,0.8486149311065674,0.0724610686302185,Arrest,0.803491473197937,a person retreating as planted fire starts spreading,arson a person retreating as planted fire starts spreading
3,Arson,5,ucf_manual_class_prompts_5x_v5.json,ucf_manual_class_prompts_5x_v5,5,0,0.5211397111415862,0.8560378551483154,0.8710022568702698,0.8408994674682617,0.0827532410621643,Arrest,0.7732846140861511,a person intentionally setting fire to a building or object,arson a person intentionally setting fire to a building or object
3,Arson,6,ucf_manual_class_prompts_5x_v5.json,ucf_manual_class_prompts_5x_v5,5,1,0.5209182381629943,0.8494750261306763,0.8763195276260376,0.8335756659507751,0.08356958627700806,Arrest,0.7659054398536682,a person starting a fire using a lighter or flammable material,arson a person starting a fire using a lighter or flammable material
3,Arson,7,ucf_manual_class_prompts_5x_v4.json,ucf_manual_class_prompts_5x_v4,5,4,0.5203987598419189,0.8580307960510254,0.8756594657897949,0.8565723896026611,0.06481039524078369,Explosion,0.7932204008102417,a person retreating as planted fire begins spreading,arson a person retreating as planted fire begins spreading
3,Arson,8,ucf_manual_class_prompts_5x_v4.json,ucf_manual_class_prompts_5x_v4,5,3,0.5200582802295683,0.8646578192710876,0.8792434930801392,0.8802183866500854,0.04954952001571655,Arrest,0.8151082992553711,small flames expanding after deliberate human ignition,arson small flames expanding after deliberate human ignition
3,Arson,9,ucf_manual_class_prompts_5x_v3.json,ucf_manual_class_prompts_5x_v3,5,3,0.520058262348175,0.8646578192710876,0.8792434334754944,0.8802183866500854,0.04954952001571655,Arrest,0.8151082992553711,small flames expanding after deliberate human ignition,arson small flames expanding after deliberate human ignition
3,Arson,10,ucf_manual_class_prompts_10x.json,ucf_manual_class_prompts_10x,10,4,0.5192609429359436,0.8544017672538757,0.8907392621040344,0.875808596611023,0.05244654417037964,RoadAccidents,0.8019552230834961,a person fleeing as a deliberately started fire grows,arson a person fleeing as a deliberately started fire grows
3,Arson,11,ucf_manual_class_prompts_10x.json,ucf_manual_class_prompts_10x,10,9,0.5155839860439301,0.8371740579605103,0.8912822604179382,0.8519386053085327,0.07518750429153442,Explosion,0.7619865536689758,a property surface burning after a suspicious human action,arson a property surface burning after a suspicious human action
3,Arson,12,ucf_manual_class_prompts_5x_v4.json,ucf_manual_class_prompts_5x_v4,5,1,0.5150286555290222,0.8424639105796814,0.8723804354667664,0.8395871520042419,0.04868537187576294,Explosion,0.7937785387039185,a person pouring accelerant before fire grows,arson a person pouring accelerant before fire grows
3,Arson,13,ucf_manual_class_prompts_10x_v2.json,ucf_manual_class_prompts_10x_v2,10,3,0.5124836266040802,0.8386246562004089,0.8743753433227539,0.8457065224647522,0.042974650859832764,Explosion,0.7956500053405762,a person pouring accelerant before fire begins growing,arson a person pouring accelerant before fire begins growing
3,Arson,14,ucf_manual_class_prompts_10x.json,ucf_manual_class_prompts_10x,10,3,0.5105566143989563,0.8277187347412109,0.8798738718032837,0.8363245725631714,0.05059778690338135,Explosion,0.7771209478378296,bright flames emerging after someone approaches a combustible target,arson bright flames emerging after someone approaches a combustible target
3,Arson,15,ucf_manual_class_prompts_10x_v2.json,ucf_manual_class_prompts_10x_v2,10,6,0.509035325050354,0.8382093906402588,0.8548017740249634,0.832549512386322,0.06299501657485962,Explosion,0.7752143740653992,a slow fire growing after someone lights an object,arson a slow fire growing after someone lights an object
3,Arson,16,ucf_manual_class_prompts_5x_v3.json,ucf_manual_class_prompts_5x_v3,5,1,0.5081133782863616,0.8223113417625427,0.8773818016052246,0.8312841653823853,0.04119473695755005,Explosion,0.7811166048049927,a person pouring accelerant before visible fire grows,arson a person pouring accelerant before visible fire grows
3,Arson,17,ucf_manual_class_prompts_10x_v2.json,ucf_manual_class_prompts_10x_v2,10,1,0.5068956077098847,0.8177942633628845,0.8686432838439941,0.8129725456237793,0.0809749960899353,Arrest,0.7368192672729492,a suspicious individual using a lighter on a flammable surface,arson a suspicious individual using a lighter on a flammable surface
3,Arson,18,ucf_manual_class_prompts_10x.json,ucf_manual_class_prompts_10x,10,8,0.5068798601627349,0.8188909888267517,0.8595757484436035,0.8021917939186096,0.08071714639663696,Explosion,0.7381738424301147,a person handling a lighter before a sudden flame outbreak,arson a person handling a lighter before a sudden flame outbreak
3,Arson,19,ucf_manual_class_prompts_5x_v5.json,ucf_manual_class_prompts_5x_v5,5,3,0.5064015865325927,0.8352497816085815,0.8459233045578003,0.8250014781951904,0.08207666873931885,Arrest,0.7531731128692627,a person causing flames on an object or structure,arson a person causing flames on an object or structure
3,Arson,20,ucf_manual_class_prompts_10x.json,ucf_manual_class_prompts_10x,10,0,0.5058996319770813,0.8152647614479065,0.888705313205719,0.8417217135429382,0.059934139251708984,Arrest,0.7553306221961975,a person igniting flammable material near property,arson a person igniting flammable material near property
3,Arson,21,ucf_manual_class_prompts_10x_v2.json,ucf_manual_class_prompts_10x_v2,10,0,0.5038239598274231,0.8219216465950012,0.887060821056366,0.8662755489349365,0.0631902813911438,Arrest,0.7587313652038574,a person deliberately igniting material near a property entrance,arson a person deliberately igniting material near a property entrance
3,Arson,22,ucf_manual_class_prompts_10x_v2.json,ucf_manual_class_prompts_10x_v2,10,9,0.5026852309703826,0.8235781192779541,0.8869312405586243,0.8759160041809082,0.05457943677902222,Explosion,0.7689986824989319,human ignition causing flames to spread across property,arson human ignition causing flames to spread across property
3,Arson,23,ucf_manual_class_prompts_5x_v3.json,ucf_manual_class_prompts_5x_v3,5,2,0.5009914577007293,0.8217522501945496,0.8546503782272339,0.8313989043235779,0.05098319053649902,Explosion,0.7707690596580505,a lighter touching a surface before ignition begins,arson a lighter touching a surface before ignition begins
3,Arson,24,ucf_manual_class_prompts_10x.json,ucf_manual_class_prompts_10x,10,5,0.5004772245883942,0.834398090839386,0.8664313554763794,0.8832561373710632,0.05673360824584961,Explosion,0.7776644825935364,smoke and flames rising from unattended damaged property,arson smoke and flames rising from unattended damaged property
3,Arson,25,ucf_manual_class_prompts_5x_v4.json,ucf_manual_class_prompts_5x_v4,5,2,0.49987188577651975,0.8196430206298828,0.8531661033630371,0.8294972777366638,0.051096975803375244,Explosion,0.7685460448265076,a lighter touching a surface before ignition starts,arson a lighter touching a surface before ignition starts
3,Arson,26,ucf_manual_class_prompts_5x_v5.json,ucf_manual_class_prompts_5x_v5,5,4,0.49857859611511224,0.8124222159385681,0.8796198964118958,0.8575924038887024,0.062268078327178955,Arrest,0.7501541376113892,a scene showing a person involved in setting property on fire,arson a scene showing a person involved in setting property on fire
3,Arson,27,ucf_manual_class_prompts_5x_v5.json,ucf_manual_class_prompts_5x_v5,5,2,0.4940423786640167,0.8160049319267273,0.8720583915710449,0.877888023853302,0.061542630195617676,Arrest,0.7544623017311096,a deliberate fire being created on someone's property,arson a deliberate fire being created on someone's property
3,Arson,28,ucf_manual_class_prompts_10x_v2.json,ucf_manual_class_prompts_10x_v2,10,7,0.4939122498035431,0.8151019811630249,0.8705821633338928,0.874066948890686,0.06044411659240723,Explosion,0.7546578645706177,a suspicious person leaving as a small fire spreads,arson a suspicious person leaving as a small fire spreads
3,Arson,29,ucf_manual_class_prompts_10x_v2.json,ucf_manual_class_prompts_10x_v2,10,5,0.4937350630760192,0.7967656850814819,0.8596564531326294,0.8127235770225525,0.0639382004737854,Explosion,0.7328274846076965,a person crouching near combustible material before flames appear,arson a person crouching near combustible material before flames appear
3,Arson,30,ucf_manual_class_prompts_10x_v2.json,ucf_manual_class_prompts_10x_v2,10,8,0.4935339510440827,0.8159188032150269,0.85746830701828,0.858329713344574,0.07891130447387695,Stealing,0.7370074987411499,visible accelerant or lighter use before property begins burning,arson visible accelerant or lighter use before property begins burning
3,Arson,31,ucf_manual_class_prompts_10x.json,ucf_manual_class_prompts_10x,10,7,0.4870630621910095,0.8052716255187988,0.8410888910293579,0.8394970893859863,0.05991077423095703,Explosion,0.7453608512878418,"fire spreading around an entrance, window, or vehicle","arson fire spreading around an entrance, window, or vehicle"
3,Arson,32,ucf_manual_class_prompts_10x.json,ucf_manual_class_prompts_10x,10,2,0.48492599129676817,0.7877731323242188,0.8405744433403015,0.8056645393371582,0.07014375925064087,RoadAccidents,0.7176293730735779,a small fire spreading across a vehicle or building surface,arson a small fire spreading across a vehicle or building surface
3,Arson,33,ucf_manual_class_prompts_10x.json,ucf_manual_class_prompts_10x,10,1,0.4779911100864411,0.7730953097343445,0.8395043611526489,0.8020392656326294,0.04712653160095215,Explosion,0.7259687781333923,a suspicious person pouring liquid before visible flames appear,arson a suspicious person pouring liquid before visible flames appear
3,Arson,34,ucf_manual_class_prompts_10x_v2.json,ucf_manual_class_prompts_10x_v2,10,4,0.4746007680892943,0.7881490588188171,0.8361281752586365,0.8515610694885254,0.046972692012786865,Stealing,0.7411763668060303,deliberate fire starting near property without an explosive blast,arson deliberate fire starting near property without an explosive blast
3,Arson,35,ucf_manual_class_prompts_10x.json,ucf_manual_class_prompts_10x,10,6,0.4330525875091553,0.7216618061065674,0.7823768854141235,0.8124569058418274,0.054701805114746094,Arrest,0.6669600009918213,a surveillance frame showing deliberate ignition near a structure,arson a surveillance frame showing deliberate ignition near a structure
4,Assault,1,ucf_manual_class_prompts_10x.json,ucf_manual_class_prompts_10x,10,5,0.5131625056266785,0.8600038886070251,0.8768779635429382,0.8995141386985779,0.058818280696868896,Arrest,0.8011856079101562,an attacker swinging arms repeatedly at another person,assault an attacker swinging arms repeatedly at another person
4,Assault,2,ucf_manual_class_prompts_10x.json,ucf_manual_class_prompts_10x,10,0,0.5104927062988281,0.8672487139701843,0.8762938380241394,0.9300990104675293,0.030389845371246338,Fighting,0.836858868598938,a person punching another person in a close confrontation,assault a person punching another person in a close confrontation
4,Assault,3,ucf_manual_class_prompts_5x_v5.json,ucf_manual_class_prompts_5x_v5,5,4,0.5101718246936797,0.8519191741943359,0.8906332850456238,0.9148887395858765,0.051503777503967285,Abuse,0.8004153966903687,a victim being physically assaulted by a single attacker,assault a victim being physically assaulted by a single attacker
4,Assault,4,ucf_manual_class_prompts_10x_v2.json,ucf_manual_class_prompts_10x_v2,10,3,0.5099384725093842,0.8576130270957947,0.8498636484146118,0.8691356778144836,0.07325011491775513,Arrest,0.7843629121780396,an aggressor swinging arms repeatedly at another person,assault an aggressor swinging arms repeatedly at another person
4,Assault,5,ucf_manual_class_prompts_10x_v2.json,ucf_manual_class_prompts_10x_v2,10,9,0.509616333246231,0.8599006533622742,0.8819906711578369,0.9246559739112854,0.0411641001701355,Abuse,0.8187365531921387,a victim recoiling from repeated close range hits,assault a victim recoiling from repeated close range hits
4,Assault,6,ucf_manual_class_prompts_10x.json,ucf_manual_class_prompts_10x,10,4,0.5067826569080351,0.8518891334533691,0.8906616568565369,0.9318020343780518,0.04479193687438965,Abuse,0.8070971965789795,a victim stumbling backward after a direct body hit,assault a victim stumbling backward after a direct body hit
4,Assault,7,ucf_manual_class_prompts_10x_v2.json,ucf_manual_class_prompts_10x_v2,10,6,0.5067826569080351,0.8518891334533691,0.8906616568565369,0.9318020343780518,0.04479193687438965,Abuse,0.8070971965789795,a victim stumbling backward after a direct body hit,assault a victim stumbling backward after a direct body hit
4,Assault,8,ucf_manual_class_prompts_10x_v2.json,ucf_manual_class_prompts_10x_v2,10,8,0.5064461171627045,0.8479762077331543,0.8712244629859924,0.894546627998352,0.06146460771560669,Abuse,0.7865116000175476,a person shoving an opponent hard enough to lose balance,assault a person shoving an opponent hard enough to lose balance
4,Assault,9,ucf_manual_class_prompts_10x.json,ucf_manual_class_prompts_10x,10,6,0.506446099281311,0.8479762077331543,0.8712244033813477,0.894546627998352,0.06146460771560669,Abuse,0.7865116000175476,a person shoving an opponent hard enough to lose balance,assault a person shoving an opponent hard enough to lose balance
4,Assault,10,ucf_manual_class_prompts_5x_v4.json,ucf_manual_class_prompts_5x_v4,5,3,0.5061401009559631,0.8522416353225708,0.8861695528030396,0.9291579127311707,0.04538881778717041,Abuse,0.8068528175354004,a victim stumbling backward after a sudden hit,assault a victim stumbling backward after a sudden hit
4,Assault,11,ucf_manual_class_prompts_5x_v3.json,ucf_manual_class_prompts_5x_v3,5,3,0.5061400830745697,0.8522416353225708,0.8861694931983948,0.9291579127311707,0.04538881778717041,Abuse,0.8068528175354004,a victim stumbling backward after a sudden hit,assault a victim stumbling backward after a sudden hit
4,Assault,12,ucf_manual_class_prompts_10x.json,ucf_manual_class_prompts_10x,10,7,0.5053645193576812,0.8458898067474365,0.8516696095466614,0.865406334400177,0.06036186218261719,Fighting,0.7855279445648193,"a close range attack with punches, kicks, and defense","assault a close range attack with punches, kicks, and defense"
4,Assault,13,ucf_manual_class_prompts_10x_v2.json,ucf_manual_class_prompts_10x_v2,10,1,0.5053645193576812,0.8458898067474365,0.8516696095466614,0.865406334400177,0.06036186218261719,Fighting,0.7855279445648193,"a close range attack with punches, kicks, and defense","assault a close range attack with punches, kicks, and defense"
4,Assault,14,ucf_manual_class_prompts_5x_v3.json,ucf_manual_class_prompts_5x_v3,5,4,0.5046689867973329,0.8519535064697266,0.8668092489242554,0.9067527055740356,0.049105167388916016,Abuse,0.8028483390808105,an attacker chasing one target while striking repeatedly,assault an attacker chasing one target while striking repeatedly
4,Assault,15,ucf_manual_class_prompts_5x_v4.json,ucf_manual_class_prompts_5x_v4,5,4,0.5046689867973329,0.8519535064697266,0.8668092489242554,0.9067527055740356,0.049105167388916016,Abuse,0.8028483390808105,an attacker chasing one target while striking repeatedly,assault an attacker chasing one target while striking repeatedly
4,Assault,16,ucf_manual_class_prompts_10x_v2.json,ucf_manual_class_prompts_10x_v2,10,4,0.503201550245285,0.8360199928283691,0.8812317252159119,0.8958898186683655,0.059015750885009766,Arrest,0.7770042419433594,a person punching a victim during a one-sided confrontation,assault a person punching a victim during a one-sided confrontation
4,Assault,17,ucf_manual_class_prompts_5x_v4.json,ucf_manual_class_prompts_5x_v4,5,0,0.5028871595859528,0.8385030627250671,0.8559006452560425,0.8656728267669678,0.07106447219848633,Abuse,0.7674385905265808,a single attacker lunging with a direct strike,assault a single attacker lunging with a direct strike
4,Assault,18,ucf_manual_class_prompts_5x_v3.json,ucf_manual_class_prompts_5x_v3,5,0,0.5028871417045593,0.8385030627250671,0.8559005856513977,0.8656728267669678,0.07106447219848633,Abuse,0.7674385905265808,a single attacker lunging with a direct strike,assault a single attacker lunging with a direct strike
4,Assault,19,ucf_manual_class_prompts_5x_v5.json,ucf_manual_class_prompts_5x_v5,5,3,0.5020271062850952,0.8348981142044067,0.8696099519729614,0.8815246820449829,0.05690741539001465,Arrest,0.7779906988143921,a person attacking another individual in a public place,assault a person attacking another individual in a public place
4,Assault,20,ucf_manual_class_prompts_10x.json,ucf_manual_class_prompts_10x,10,8,0.4995173513889313,0.8485479354858398,0.8510977625846863,0.9004297256469727,0.059800028800964355,Fighting,0.7887479066848755,an aggressor pursuing a target while continuing to strike,assault an aggressor pursuing a target while continuing to strike
4,Assault,21,ucf_manual_class_prompts_10x_v2.json,ucf_manual_class_prompts_10x_v2,10,7,0.4995173513889313,0.8485479354858398,0.8510977625846863,0.9004297256469727,0.059800028800964355,Fighting,0.7887479066848755,an aggressor pursuing a target while continuing to strike,assault an aggressor pursuing a target while continuing to strike
4,Assault,22,ucf_manual_class_prompts_5x_v5.json,ucf_manual_class_prompts_5x_v5,5,1,0.4966516435146332,0.8305542469024658,0.8530250191688538,0.8726649284362793,0.04978442192077637,Arrest,0.7807698249816895,one person violently striking another person during an assault,assault one person violently striking another person during an assault
4,Assault,23,ucf_manual_class_prompts_5x_v3.json,ucf_manual_class_prompts_5x_v3,5,1,0.4962970674037932,0.8302667140960693,0.8459867835044861,0.8631616234779358,0.056191325187683105,Fighting,0.7740753889083862,a one-sided attack with punches and defensive movement,assault a one-sided attack with punches and defensive movement
4,Assault,24,ucf_manual_class_prompts_5x_v4.json,ucf_manual_class_prompts_5x_v4,5,1,0.4962970674037932,0.8302667140960693,0.8459867835044861,0.8631616234779358,0.056191325187683105,Fighting,0.7740753889083862,a one-sided attack with punches and defensive movement,assault a one-sided attack with punches and defensive movement
4,Assault,25,ucf_manual_class_prompts_10x.json,ucf_manual_class_prompts_10x,10,1,0.4962257564067841,0.8281785845756531,0.8881864547729492,0.9215973615646362,0.052017152309417725,Abuse,0.7761614322662354,an attacker lunging toward a victim with a forceful strike,assault an attacker lunging toward a victim with a forceful strike
4,Assault,26,ucf_manual_class_prompts_10x_v2.json,ucf_manual_class_prompts_10x_v2,10,0,0.4962257564067841,0.8281785845756531,0.8881864547729492,0.9215973615646362,0.052017152309417725,Abuse,0.7761614322662354,an attacker lunging toward a victim with a forceful strike,assault an attacker lunging toward a victim with a forceful strike
4,Assault,27,ucf_manual_class_prompts_10x_v2.json,ucf_manual_class_prompts_10x_v2,10,5,0.4900173783302306,0.8159082531929016,0.8712517619132996,0.8965613842010498,0.05454295873641968,Arrest,0.7613652944564819,an attacker kicking a fallen victim on the ground,assault an attacker kicking a fallen victim on the ground
4,Assault,28,ucf_manual_class_prompts_5x_v5.json,ucf_manual_class_prompts_5x_v5,5,2,0.4895266056060791,0.8309646844863892,0.8538699150085449,0.9105835556983948,0.036872148513793945,Abuse,0.7940925359725952,a person hitting or kicking someone in a one-sided physical attack,assault a person hitting or kicking someone in a one-sided physical attack
4,Assault,29,ucf_manual_class_prompts_10x.json,ucf_manual_class_prompts_10x,10,3,0.48429496884346,0.80843585729599,0.8421416282653809,0.8628272414207458,0.05682176351547241,Arrest,0.7516140937805176,an aggressor kicking a fallen victim on the ground,assault an aggressor kicking a fallen victim on the ground
4,Assault,30,ucf_manual_class_prompts_10x.json,ucf_manual_class_prompts_10x,10,2,0.4834912478923796,0.8187833428382874,0.8391748666763306,0.8882644176483154,0.027829766273498535,RoadAccidents,0.7909535765647888,two people colliding violently during a street confrontation,assault two people colliding violently during a street confrontation
4,Assault,31,ucf_manual_class_prompts_10x.json,ucf_manual_class_prompts_10x,10,9,0.4814360082149505,0.8031315803527832,0.8469684720039368,0.8711016178131104,0.06836432218551636,Arrest,0.7347672581672668,a victim shielding their face during a rapid attack,assault a victim shielding their face during a rapid attack
4,Assault,32,ucf_manual_class_prompts_10x_v2.json,ucf_manual_class_prompts_10x_v2,10,2,0.4814360082149505,0.8031315803527832,0.8469684720039368,0.8711016178131104,0.06836432218551636,Arrest,0.7347672581672668,a victim shielding their face during a rapid attack,assault a victim shielding their face during a rapid attack
4,Assault,33,ucf_manual_class_prompts_5x_v3.json,ucf_manual_class_prompts_5x_v3,5,2,0.44979407787322995,0.7453696131706238,0.808428943157196,0.8270970582962036,0.05182677507400513,RoadAccidents,0.6935428380966187,an aggressor kicking a fallen victim on pavement,assault an aggressor kicking a fallen victim on pavement
4,Assault,34,ucf_manual_class_prompts_5x_v4.json,ucf_manual_class_prompts_5x_v4,5,2,0.44979407787322995,0.7453696131706238,0.808428943157196,0.8270970582962036,0.05182677507400513,RoadAccidents,0.6935428380966187,an aggressor kicking a fallen victim on pavement,assault an aggressor kicking a fallen victim on pavement
4,Assault,35,ucf_manual_class_prompts_5x_v5.json,ucf_manual_class_prompts_5x_v5,5,0,0.3817820310592651,0.6572292447090149,0.6897876858711243,0.768844485282898,-0.05393606424331665,Burglary,0.7111653089523315,a person physically attacking another person with punches or kicks,assault a person physically attacking another person with punches or kicks
5,Burglary,1,ucf_manual_class_prompts_5x_v5.json,ucf_manual_class_prompts_5x_v5,5,0,0.4688107550144195,0.7626342177391052,0.8820357322692871,0.885585367679596,-0.01753067970275879,Robbery,0.780164897441864,a person illegally entering a building to steal property,burglary a person illegally entering a building to steal property
5,Burglary,2,ucf_manual_class_prompts_5x_v5.json,ucf_manual_class_prompts_5x_v5,5,4,0.4679626762866973,0.7762788534164429,0.863987147808075,0.8968644738197327,-0.015809595584869385,Robbery,0.7920884490013123,a person entering private property without permission,burglary a person entering private property without permission
5,Burglary,3,ucf_manual_class_prompts_5x_v5.json,ucf_manual_class_prompts_5x_v5,5,1,0.4602898359298706,0.7415218353271484,0.8956552743911743,0.8958383202552795,-0.038262367248535156,Robbery,0.7797842025756836,a burglar breaking into a house or restricted building,burglary a burglar breaking into a house or restricted building
5,Burglary,4,ucf_manual_class_prompts_5x_v3.json,ucf_manual_class_prompts_5x_v3,5,1,0.4564858734607697,0.7281948328018188,0.8923614621162415,0.876599907875061,-0.03173571825027466,Robbery,0.7599305510520935,a person prying a lock before entering property,burglary a person prying a lock before entering property
5,Burglary,5,ucf_manual_class_prompts_5x_v5.json,ucf_manual_class_prompts_5x_v5,5,2,0.4546958029270173,0.7304601669311523,0.9040743708610535,0.908782958984375,-0.07607924938201904,Arrest,0.8065394163131714,a person forcing entry into a closed building,burglary a person forcing entry into a closed building
5,Burglary,6,ucf_manual_class_prompts_10x.json,ucf_manual_class_prompts_10x,10,4,0.45155801177024835,0.7434660792350769,0.8854280710220337,0.9290172457695007,-0.042885541915893555,Robbery,0.7863516211509705,an intruder carrying stolen items from a damaged entrance,burglary an intruder carrying stolen items from a damaged entrance
5,Burglary,7,ucf_manual_class_prompts_10x_v2.json,ucf_manual_class_prompts_10x_v2,10,4,0.44846723079681394,0.7088084816932678,0.8953812718391418,0.8727569580078125,-0.07636690139770508,Robbery,0.7851753830909729,an intruder exiting through a damaged entry point,burglary an intruder exiting through a damaged entry point
5,Burglary,8,ucf_manual_class_prompts_5x_v3.json,ucf_manual_class_prompts_5x_v3,5,4,0.44755218029022215,0.7059879899024963,0.8970498442649841,0.8727838397026062,-0.0809442400932312,Robbery,0.7869322299957275,an intruder entering rooms after damaging an entry point,burglary an intruder entering rooms after damaging an entry point
5,Burglary,9,ucf_manual_class_prompts_10x.json,ucf_manual_class_prompts_10x,10,8,0.44688368439674375,0.7134021520614624,0.869183361530304,0.8528620004653931,-0.022458791732788086,Robbery,0.7358609437942505,a person damaging a lock to access an interior space,burglary a person damaging a lock to access an interior space
5,Burglary,10,ucf_manual_class_prompts_10x_v2.json,ucf_manual_class_prompts_10x_v2,10,8,0.44688368439674375,0.7134021520614624,0.869183361530304,0.8528620004653931,-0.022458791732788086,Robbery,0.7358609437942505,a person damaging a lock to access an interior space,burglary a person damaging a lock to access an interior space
5,Burglary,11,ucf_manual_class_prompts_10x.json,ucf_manual_class_prompts_10x,10,9,0.44682792425155626,0.7206771373748779,0.8849673271179199,0.8950042128562927,-0.053927063941955566,Robbery,0.7746042013168335,an intruder exiting a building with bags or electronics,burglary an intruder exiting a building with bags or electronics
5,Burglary,12,ucf_manual_class_prompts_10x_v2.json,ucf_manual_class_prompts_10x_v2,10,9,0.44682792425155626,0.7206771373748779,0.8849673271179199,0.8950042128562927,-0.053927063941955566,Robbery,0.7746042013168335,an intruder exiting a building with bags or electronics,burglary an intruder exiting a building with bags or electronics
5,Burglary,13,ucf_manual_class_prompts_5x_v3.json,ucf_manual_class_prompts_5x_v3,5,0,0.44613072872161863,0.6953220963478088,0.8940282464027405,0.8486939668655396,-0.07227367162704468,Robbery,0.7675957679748535,an intruder forcing entry through a locked doorway,burglary an intruder forcing entry through a locked doorway
5,Burglary,14,ucf_manual_class_prompts_5x_v4.json,ucf_manual_class_prompts_5x_v4,5,4,0.4414383828639984,0.712395191192627,0.8807745575904846,0.8949579000473022,-0.08527129888534546,Stealing,0.7976664900779724,an intruder searching inside rooms after unauthorized entry,burglary an intruder searching inside rooms after unauthorized entry
5,Burglary,15,ucf_manual_class_prompts_10x_v2.json,ucf_manual_class_prompts_10x_v2,10,6,0.4390962481498718,0.6899117827415466,0.9031310677528381,0.8839948177337646,-0.09897881746292114,Robbery,0.7888906002044678,a suspicious person slipping inside after a doorway opens,burglary a suspicious person slipping inside after a doorway opens
5,Burglary,16,ucf_manual_class_prompts_10x.json,ucf_manual_class_prompts_10x,10,6,0.4390962302684783,0.6899117827415466,0.9031310081481934,0.8839948177337646,-0.09897881746292114,Robbery,0.7888906002044678,a suspicious person slipping inside after a doorway opens,burglary a suspicious person slipping inside after a doorway opens
5,Burglary,17,ucf_manual_class_prompts_5x_v5.json,ucf_manual_class_prompts_5x_v5,5,3,0.43786077499389653,0.6977450251579285,0.8900780081748962,0.8901757001876831,-0.06762665510177612,Arrest,0.7653716802597046,an intruder searching inside a building after unauthorized entry,burglary an intruder searching inside a building after unauthorized entry
5,Burglary,18,ucf_manual_class_prompts_5x_v4.json,ucf_manual_class_prompts_5x_v4,5,1,0.43413034081459034,0.6856682896614075,0.878878116607666,0.8618361949920654,-0.11924350261688232,Robbery,0.8049117922782898,a person prying open access to a restricted room,burglary a person prying open access to a restricted room
5,Burglary,19,ucf_manual_class_prompts_10x.json,ucf_manual_class_prompts_10x,10,3,0.4328750133514404,0.6944655179977417,0.8618868589401245,0.8646190166473389,-0.037409305572509766,Robbery,0.7318748235702515,a suspect searching drawers and shelves after unauthorized entry,burglary a suspect searching drawers and shelves after unauthorized entry
5,Burglary,20,ucf_manual_class_prompts_10x_v2.json,ucf_manual_class_prompts_10x_v2,10,3,0.4328750133514404,0.6944655179977417,0.8618868589401245,0.8646190166473389,-0.037409305572509766,Robbery,0.7318748235702515,a suspect searching drawers and shelves after unauthorized entry,burglary a suspect searching drawers and shelves after unauthorized entry
5,Burglary,21,ucf_manual_class_prompts_5x_v4.json,ucf_manual_class_prompts_5x_v4,5,0,0.43094698190689074,0.6787995100021362,0.8508931398391724,0.8186035752296448,-0.021712064743041992,Shoplifting,0.7005115747451782,an intruder manipulating a lock at a doorway,burglary an intruder manipulating a lock at a doorway
5,Burglary,22,ucf_manual_class_prompts_10x.json,ucf_manual_class_prompts_10x,10,0,0.42787712216377255,0.6740680932998657,0.8662979006767273,0.8452314734458923,-0.06690400838851929,Robbery,0.740972101688385,a surveillance frame of an intruder forcing a doorway,burglary a surveillance frame of an intruder forcing a doorway
5,Burglary,23,ucf_manual_class_prompts_10x_v2.json,ucf_manual_class_prompts_10x_v2,10,0,0.4278771042823792,0.6740680932998657,0.8662978410720825,0.8452314734458923,-0.06690400838851929,Robbery,0.740972101688385,a surveillance frame of an intruder forcing a doorway,burglary a surveillance frame of an intruder forcing a doorway
5,Burglary,24,ucf_manual_class_prompts_10x.json,ucf_manual_class_prompts_10x,10,1,0.42488798499107355,0.6627274751663208,0.8719205260276794,0.8402595520019531,-0.06954163312911987,Robbery,0.7322691082954407,a person prying a lock to enter a restricted room,burglary a person prying a lock to enter a restricted room
5,Burglary,25,ucf_manual_class_prompts_10x_v2.json,ucf_manual_class_prompts_10x_v2,10,1,0.42488798499107355,0.6627274751663208,0.8719205260276794,0.8402595520019531,-0.06954163312911987,Robbery,0.7322691082954407,a person prying a lock to enter a restricted room,burglary a person prying a lock to enter a restricted room
5,Burglary,26,ucf_manual_class_prompts_5x_v4.json,ucf_manual_class_prompts_5x_v4,5,2,0.4212916076183319,0.6722347736358643,0.8768591284751892,0.8894175887107849,-0.10850751399993896,Robbery,0.7807422876358032,a masked intruder entering a closed building interior,burglary a masked intruder entering a closed building interior
5,Burglary,27,ucf_manual_class_prompts_10x.json,ucf_manual_class_prompts_10x,10,5,0.42039110064506535,0.6484277248382568,0.8694458603858948,0.8232825994491577,-0.06390756368637085,Robbery,0.7123352885246277,a person climbing through a window into closed property,burglary a person climbing through a window into closed property
5,Burglary,28,ucf_manual_class_prompts_10x_v2.json,ucf_manual_class_prompts_10x_v2,10,5,0.42039110064506535,0.6484277248382568,0.8694458603858948,0.8232825994491577,-0.06390756368637085,Robbery,0.7123352885246277,a person climbing through a window into closed property,burglary a person climbing through a window into closed property
5,Burglary,29,ucf_manual_class_prompts_10x.json,ucf_manual_class_prompts_10x,10,7,0.419588017463684,0.6630562543869019,0.8434818983078003,0.8249233961105347,-0.03181833028793335,Robbery,0.6948745846748352,a burglar moving quietly through a room collecting valuables,burglary a burglar moving quietly through a room collecting valuables
5,Burglary,30,ucf_manual_class_prompts_10x_v2.json,ucf_manual_class_prompts_10x_v2,10,7,0.419588017463684,0.6630562543869019,0.8434818983078003,0.8249233961105347,-0.03181833028793335,Robbery,0.6948745846748352,a burglar moving quietly through a room collecting valuables,burglary a burglar moving quietly through a room collecting valuables
5,Burglary,31,ucf_manual_class_prompts_10x.json,ucf_manual_class_prompts_10x,10,2,0.4187596917152404,0.6716346740722656,0.8613847494125366,0.8773653507232666,-0.10051178932189941,Robbery,0.772146463394165,a masked intruder breaking a barrier into private property,burglary a masked intruder breaking a barrier into private property
5,Burglary,32,ucf_manual_class_prompts_10x_v2.json,ucf_manual_class_prompts_10x_v2,10,2,0.4187596917152404,0.6716346740722656,0.8613847494125366,0.8773653507232666,-0.10051178932189941,Robbery,0.772146463394165,a masked intruder breaking a barrier into private property,burglary a masked intruder breaking a barrier into private property
5,Burglary,33,ucf_manual_class_prompts_5x_v3.json,ucf_manual_class_prompts_5x_v3,5,2,0.41526151895523067,0.6652968525886536,0.8671712279319763,0.8876913785934448,-0.10703247785568237,Robbery,0.7723293304443359,a masked intruder breaking into a closed building,burglary a masked intruder breaking into a closed building
5,Burglary,34,ucf_manual_class_prompts_5x_v3.json,ucf_manual_class_prompts_5x_v3,5,3,0.3978599250316619,0.610586941242218,0.8441694974899292,0.8034219741821289,-0.10333907604217529,Robbery,0.7139260172843933,a person climbing through a window into private space,burglary a person climbing through a window into private space
5,Burglary,35,ucf_manual_class_prompts_5x_v4.json,ucf_manual_class_prompts_5x_v4,5,3,0.3978599071502684,0.610586941242218,0.8441694378852844,0.8034219741821289,-0.10333907604217529,Robbery,0.7139260172843933,a person climbing through a window into private space,burglary a person climbing through a window into private space
6,Explosion,1,ucf_manual_class_prompts_5x_v5.json,ucf_manual_class_prompts_5x_v5,5,1,0.539689540863037,0.8960120677947998,0.8742420673370361,0.8529455661773682,0.10351735353469849,Arson,0.7924947142601013,a powerful blast destroying an object or structure,explosion a powerful blast destroying an object or structure
6,Explosion,2,ucf_manual_class_prompts_5x_v4.json,ucf_manual_class_prompts_5x_v4,5,1,0.5393067717552185,0.8982683420181274,0.8775556087493896,0.8654704093933105,0.07416635751724243,Fighting,0.824101984500885,a sudden shock front spreading from one point,explosion a sudden shock front spreading from one point
6,Explosion,3,ucf_manual_class_prompts_5x_v4.json,ucf_manual_class_prompts_5x_v4,5,2,0.5393018543720245,0.8915584087371826,0.8864770531654358,0.8621023297309875,0.08927524089813232,Stealing,0.8022831678390503,an object rupturing outward in a single instant,explosion an object rupturing outward in a single instant
6,Explosion,4,ucf_manual_class_prompts_10x_v2.json,ucf_manual_class_prompts_10x_v2,10,8,0.5379005134105682,0.8567247986793518,0.9020037651062012,0.8053150773048401,0.11898040771484375,Stealing,0.7377443909645081,"a rapid blast creating flash, shockwave, and airborne debris","explosion a rapid blast creating flash, shockwave, and airborne debris"
6,Explosion,5,ucf_manual_class_prompts_10x_v2.json,ucf_manual_class_prompts_10x_v2,10,6,0.5362364590168,0.8917877674102783,0.8804852366447449,0.8690149784088135,0.08657699823379517,Fighting,0.8052107691764832,a violent pressure burst scattering debris in every direction,explosion a violent pressure burst scattering debris in every direction
6,Explosion,6,ucf_manual_class_prompts_5x_v3.json,ucf_manual_class_prompts_5x_v3,5,3,0.5360801100730895,0.8776487112045288,0.8859689235687256,0.8426746129989624,0.10128271579742432,Stealing,0.7763659954071045,a concentrated blast throwing debris radially outward,explosion a concentrated blast throwing debris radially outward
6,Explosion,7,ucf_manual_class_prompts_5x_v3.json,ucf_manual_class_prompts_5x_v3,5,0,0.5345478236675263,0.8504003286361694,0.9047278761863708,0.8103535175323486,0.13474595546722412,Stealing,0.7156543731689453,an instant detonation expanding from a blast center,explosion an instant detonation expanding from a blast center
6,Explosion,8,ucf_manual_class_prompts_10x.json,ucf_manual_class_prompts_10x,10,0,0.530368673801422,0.8496795296669006,0.8998684287071228,0.8221580982208252,0.12342756986618042,Arson,0.7262519598007202,"a sudden blast creating a fireball, smoke, and debris","explosion a sudden blast creating a fireball, smoke, and debris"
6,Explosion,9,ucf_manual_class_prompts_5x_v4.json,ucf_manual_class_prompts_5x_v4,5,4,0.528707766532898,0.880235493183136,0.8698025345802307,0.8617537021636963,0.09217619895935059,Fighting,0.7880592942237854,a pressure blast expanding faster than surrounding motion,explosion a pressure blast expanding faster than surrounding motion
6,Explosion,10,ucf_manual_class_prompts_5x_v4.json,ucf_manual_class_prompts_5x_v4,5,3,0.5285378515720367,0.8550369739532471,0.8916155695915222,0.8323265314102173,0.10429388284683228,Stealing,0.7507430911064148,a compact detonation producing outward airborne fragments,explosion a compact detonation producing outward airborne fragments
6,Explosion,11,ucf_manual_class_prompts_5x_v3.json,ucf_manual_class_prompts_5x_v3,5,2,0.5257725954055786,0.840678334236145,0.8903497457504272,0.8083574771881104,0.12811100482940674,Assault,0.7125673294067383,a structure bursting apart from explosive force,explosion a structure bursting apart from explosive force
6,Explosion,12,ucf_manual_class_prompts_10x_v2.json,ucf_manual_class_prompts_10x_v2,10,2,0.5248206555843353,0.8476588726043701,0.8752084374427795,0.807856559753418,0.11403506994247437,Assault,0.7336238026618958,a bright flash followed by rapid explosive pressure burst,explosion a bright flash followed by rapid explosive pressure burst
6,Explosion,13,ucf_manual_class_prompts_5x_v3.json,ucf_manual_class_prompts_5x_v3,5,4,0.5239180207252502,0.8475441932678223,0.8886940479278564,0.8323114514350891,0.1110997200012207,Stealing,0.7364444732666016,a sudden pressure wave following a visible detonation,explosion a sudden pressure wave following a visible detonation
6,Explosion,14,ucf_manual_class_prompts_5x_v3.json,ucf_manual_class_prompts_5x_v3,5,1,0.5219684302806854,0.8353285789489746,0.8804413676261902,0.7991413474082947,0.09195858240127563,Stealing,0.743369996547699,a shockwave pushing fragments outward within seconds,explosion a shockwave pushing fragments outward within seconds
6,Explosion,15,ucf_manual_class_prompts_10x.json,ucf_manual_class_prompts_10x,10,6,0.5198980033397675,0.8369408249855042,0.9048000574111938,0.8500621318817139,0.10078811645507812,RoadAccidents,0.736152708530426,an object detonating and damaging the surrounding area,explosion an object detonating and damaging the surrounding area
6,Explosion,16,ucf_manual_class_prompts_10x.json,ucf_manual_class_prompts_10x,10,4,0.5142005860805511,0.8362653255462646,0.867845356464386,0.8214284181594849,0.11011195182800293,Arson,0.7261533737182617,a large fireball expanding after an abrupt detonation,explosion a large fireball expanding after an abrupt detonation
6,Explosion,17,ucf_manual_class_prompts_10x.json,ucf_manual_class_prompts_10x,10,8,0.5113806545734406,0.8227380514144897,0.8744001984596252,0.8115421533584595,0.11605548858642578,Arson,0.706682562828064,a sudden light burst with heavy smoke and debris,explosion a sudden light burst with heavy smoke and debris
6,Explosion,18,ucf_manual_class_prompts_10x.json,ucf_manual_class_prompts_10x,10,1,0.5101493775844573,0.8476958870887756,0.8483786582946777,0.8410608172416687,0.06603753566741943,RoadAccidents,0.7816583514213562,a vehicle or structure bursting violently with scattered fragments,explosion a vehicle or structure bursting violently with scattered fragments
6,Explosion,19,ucf_manual_class_prompts_5x_v4.json,ucf_manual_class_prompts_5x_v4,5,0,0.5097165167331695,0.8153658509254456,0.8419430255889893,0.75274658203125,0.1128728985786438,Stealing,0.7024929523468018,a blast center expanding into a radial debris cloud,explosion a blast center expanding into a radial debris cloud
6,Explosion,20,ucf_manual_class_prompts_10x_v2.json,ucf_manual_class_prompts_10x_v2,10,4,0.5094186544418334,0.81477952003479,0.8890756368637085,0.8234689831733704,0.11976420879364014,Arson,0.6950153112411499,a large fireball appearing immediately after explosive detonation,explosion a large fireball appearing immediately after explosive detonation
6,Explosion,21,ucf_manual_class_prompts_10x_v2.json,ucf_manual_class_prompts_10x_v2,10,0,0.5055769383907318,0.8233946561813354,0.859219491481781,0.8194311857223511,0.11685532331466675,Arson,0.7065393328666687,an instant blast wave with fireball and flying fragments,explosion an instant blast wave with fireball and flying fragments
6,Explosion,22,ucf_manual_class_prompts_10x_v2.json,ucf_manual_class_prompts_10x_v2,10,3,0.5048381745815277,0.7880156636238098,0.8702387809753418,0.7512064576148987,0.13727635145187378,Stealing,0.650739312171936,an object erupting violently with an outward debris cloud,explosion an object erupting violently with an outward debris cloud
6,Explosion,23,ucf_manual_class_prompts_5x_v5.json,ucf_manual_class_prompts_5x_v5,5,4,0.5037282288074493,0.821648895740509,0.8774368762969971,0.8516364097595215,0.06919670104980469,RoadAccidents,0.7524521946907043,a violent explosion producing scattered debris and destruction,explosion a violent explosion producing scattered debris and destruction
6,Explosion,24,ucf_manual_class_prompts_5x_v5.json,ucf_manual_class_prompts_5x_v5,5,0,0.49819120168685904,0.8133203983306885,0.8878146409988403,0.874066948890686,0.08609050512313843,Arson,0.72722989320755,"a sudden explosion causing fire, smoke, and flying debris","explosion a sudden explosion causing fire, smoke, and flying debris"
6,Explosion,25,ucf_manual_class_prompts_10x_v2.json,ucf_manual_class_prompts_10x_v2,10,1,0.49795830249786377,0.7904888391494751,0.8898476362228394,0.8212020397186279,0.0872277021408081,Stealing,0.703261137008667,a sudden detonation producing shockwave and expanding smoke plume,explosion a sudden detonation producing shockwave and expanding smoke plume
6,Explosion,26,ucf_manual_class_prompts_5x_v5.json,ucf_manual_class_prompts_5x_v5,5,3,0.49424822926521295,0.805309534072876,0.8688651919364929,0.8453304767608643,0.08748394250869751,RoadAccidents,0.7178255915641785,a scene showing damage caused by an explosive blast,explosion a scene showing damage caused by an explosive blast
6,Explosion,27,ucf_manual_class_prompts_10x.json,ucf_manual_class_prompts_10x,10,7,0.491409683227539,0.7879806160926819,0.8564825654029846,0.7976269721984863,0.09084504842758179,RoadAccidents,0.6971355676651001,a blast plume rising as fragments scatter on the road,explosion a blast plume rising as fragments scatter on the road
6,Explosion,28,ucf_manual_class_prompts_10x_v2.json,ucf_manual_class_prompts_10x_v2,10,7,0.4912869095802307,0.7775102853775024,0.8820774555206299,0.8104573488235474,0.12735217809677124,Arson,0.6501581072807312,a sudden explosive plume rising from a detonation point,explosion a sudden explosive plume rising from a detonation point
6,Explosion,29,ucf_manual_class_prompts_10x_v2.json,ucf_manual_class_prompts_10x_v2,10,9,0.4885011792182922,0.7839226126670837,0.8295425772666931,0.7616145014762878,0.11621791124343872,Stealing,0.667704701423645,a concentrated detonation expanding outward within seconds,explosion a concentrated detonation expanding outward within seconds
6,Explosion,30,ucf_manual_class_prompts_10x_v2.json,ucf_manual_class_prompts_10x_v2,10,5,0.486286574602127,0.7672064900398254,0.8710380792617798,0.7931404709815979,0.10676521062850952,Stealing,0.6604412794113159,a shockwave pushing smoke and fragments away from impact,explosion a shockwave pushing smoke and fragments away from impact
6,Explosion,31,ucf_manual_class_prompts_10x.json,ucf_manual_class_prompts_10x,10,2,0.47995082736015326,0.7637013792991638,0.8360162973403931,0.7635237574577332,0.12445670366287231,Arson,0.6392446756362915,a bright flash followed by an expanding smoke cloud,explosion a bright flash followed by an expanding smoke cloud
6,Explosion,32,ucf_manual_class_prompts_10x.json,ucf_manual_class_prompts_10x,10,9,0.4786311566829682,0.7832046151161194,0.8581981658935547,0.8521530032157898,0.05211752653121948,RoadAccidents,0.7310870885848999,a violent detonation damaging a vehicle or nearby building,explosion a violent detonation damaging a vehicle or nearby building
6,Explosion,33,ucf_manual_class_prompts_5x_v5.json,ucf_manual_class_prompts_5x_v5,5,2,0.47603872418403625,0.7516478896141052,0.8566899299621582,0.7839609980583191,0.13481396436691284,Arson,0.6168339252471924,an explosive event with a large fireball and smoke cloud,explosion an explosive event with a large fireball and smoke cloud
6,Explosion,34,ucf_manual_class_prompts_10x.json,ucf_manual_class_prompts_10x,10,5,0.4639156579971313,0.7368512153625488,0.8424396514892578,0.786209225654602,0.09114325046539307,Shooting,0.6457079648971558,a shockwave shaking the scene while smoke engulfs objects,explosion a shockwave shaking the scene while smoke engulfs objects
6,Explosion,35,ucf_manual_class_prompts_10x.json,ucf_manual_class_prompts_10x,10,3,0.4543530106544495,0.7346582412719727,0.8328155279159546,0.8141038417816162,0.07354950904846191,RoadAccidents,0.6611087322235107,an explosive impact throwing debris across a street,explosion an explosive impact throwing debris across a street
7,Fighting,1,ucf_manual_class_prompts_5x_v5.json,ucf_manual_class_prompts_5x_v5,5,4,0.5450367450714111,0.8984078764915466,0.9127156138420105,0.8899093866348267,0.025581777095794678,Assault,0.872826099395752,a public fight where both sides are physically attacking,fighting a public fight where both sides are physically attacking
7,Fighting,2,ucf_manual_class_prompts_10x.json,ucf_manual_class_prompts_10x,10,8,0.5404950618743896,0.9060903787612915,0.8854659795761108,0.8909496068954468,0.04544621706008911,Abuse,0.8606441617012024,a mutual fight continuing despite attempts to separate,fighting a mutual fight continuing despite attempts to separate
7,Fighting,3,ucf_manual_class_prompts_10x_v2.json,ucf_manual_class_prompts_10x_v2,10,4,0.5352932095527648,0.8932424783706665,0.8787175416946411,0.8747164607048035,0.048776328563690186,Stealing,0.8444661498069763,a crowd circling two sides fighting each other,fighting a crowd circling two sides fighting each other
7,Fighting,4,ucf_manual_class_prompts_5x_v5.json,ucf_manual_class_prompts_5x_v5,5,3,0.535028612613678,0.8818826079368591,0.9141634106636047,0.900808572769165,0.01990407705307007,Assault,0.8619785308837891,people engaging in mutual physical combat,fighting people engaging in mutual physical combat
7,Fighting,5,ucf_manual_class_prompts_10x_v2.json,ucf_manual_class_prompts_10x_v2,10,2,0.5324061036109925,0.8694514036178589,0.9134314060211182,0.8817451000213623,0.034863948822021484,Assault,0.8345874547958374,opponents separating and reengaging repeatedly in a group fight,fighting opponents separating and reengaging repeatedly in a group fight
7,Fighting,6,ucf_manual_class_prompts_5x_v5.json,ucf_manual_class_prompts_5x_v5,5,0,0.5320118367671965,0.8668106198310852,0.9170173406600952,0.8824933767318726,0.02982783317565918,Assault,0.836982786655426,two or more people physically fighting each other,fighting two or more people physically fighting each other
7,Fighting,7,ucf_manual_class_prompts_10x_v2.json,ucf_manual_class_prompts_10x_v2,10,8,0.531722342967987,0.8839418292045593,0.8868972659111023,0.8815887570381165,0.04252701997756958,Stealing,0.8414148092269897,people on both sides trading blows in close quarters,fighting people on both sides trading blows in close quarters
7,Fighting,8,ucf_manual_class_prompts_5x_v5.json,ucf_manual_class_prompts_5x_v5,5,1,0.5294571757316588,0.8758977055549622,0.9177051186561584,0.9190160632133484,0.02186053991317749,Assault,0.8540371656417847,a group of people involved in a violent fight or brawl,fighting a group of people involved in a violent fight or brawl
7,Fighting,9,ucf_manual_class_prompts_5x_v5.json,ucf_manual_class_prompts_5x_v5,5,2,0.5281003654003142,0.8585882186889648,0.917700469493866,0.8825194239616394,0.014584541320800781,Assault,0.8440036773681641,multiple people punching and attacking each other,fighting multiple people punching and attacking each other
7,Fighting,10,ucf_manual_class_prompts_10x.json,ucf_manual_class_prompts_10x,10,2,0.5266513168811797,0.8524833917617798,0.9227883219718933,0.8821343779563904,0.020235300064086914,Assault,0.8322480916976929,two opponents separating and reengaging in a brawl,fighting two opponents separating and reengaging in a brawl
7,Fighting,11,ucf_manual_class_prompts_5x_v3.json,ucf_manual_class_prompts_5x_v3,5,2,0.5265069246292114,0.8538857698440552,0.9169683456420898,0.8776323199272156,0.03320258855819702,Assault,0.8206831812858582,opponents separating and reengaging in group fighting,fighting opponents separating and reengaging in group fighting
7,Fighting,12,ucf_manual_class_prompts_5x_v4.json,ucf_manual_class_prompts_5x_v4,5,2,0.5265069246292114,0.8538857698440552,0.9169683456420898,0.8776323199272156,0.03320258855819702,Assault,0.8206831812858582,opponents separating and reengaging in group fighting,fighting opponents separating and reengaging in group fighting
7,Fighting,13,ucf_manual_class_prompts_10x_v2.json,ucf_manual_class_prompts_10x_v2,10,5,0.5259743452072143,0.8528308868408203,0.9168059825897217,0.8774144649505615,0.02401953935623169,Assault,0.8288113474845886,"several combatants pushing, grappling, and striking simultaneously","fighting several combatants pushing, grappling, and striking simultaneously"
7,Fighting,14,ucf_manual_class_prompts_10x_v2.json,ucf_manual_class_prompts_10x_v2,10,9,0.5219200611114502,0.8552582263946533,0.9034426212310791,0.883709192276001,0.01871722936630249,Assault,0.8365409970283508,a mutual street fight with several active combatants,fighting a mutual street fight with several active combatants
7,Fighting,15,ucf_manual_class_prompts_5x_v4.json,ucf_manual_class_prompts_5x_v4,5,4,0.5194052040576934,0.8665252923965454,0.872035562992096,0.87734055519104,0.036113739013671875,Stealing,0.8304115533828735,two sides clashing back and forth in public,fighting two sides clashing back and forth in public
7,Fighting,16,ucf_manual_class_prompts_5x_v3.json,ucf_manual_class_prompts_5x_v3,5,4,0.5194051861762999,0.8665252923965454,0.8720355033874512,0.87734055519104,0.036113739013671875,Stealing,0.8304115533828735,two sides clashing back and forth in public,fighting two sides clashing back and forth in public
7,Fighting,17,ucf_manual_class_prompts_10x_v2.json,ucf_manual_class_prompts_10x_v2,10,6,0.5171127557754517,0.8518871068954468,0.883975625038147,0.8701174259185791,0.02958846092224121,Assault,0.8222986459732056,two sides clashing back and forth in public space,fighting two sides clashing back and forth in public space
7,Fighting,18,ucf_manual_class_prompts_10x.json,ucf_manual_class_prompts_10x,10,0,0.5170831620693207,0.8456718325614929,0.9082988500595093,0.8912120461463928,0.026871979236602783,Assault,0.8187998533248901,a group of people exchanging punches and kicks,fighting a group of people exchanging punches and kicks
7,Fighting,19,ucf_manual_class_prompts_5x_v3.json,ucf_manual_class_prompts_5x_v3,5,1,0.5154678761959076,0.8329232335090637,0.9208381175994873,0.8862258791923523,0.010078668594360352,Assault,0.8228445649147034,multiple participants striking each other during mutual combat,fighting multiple participants striking each other during mutual combat
7,Fighting,20,ucf_manual_class_prompts_5x_v4.json,ucf_manual_class_prompts_5x_v4,5,1,0.5154678761959076,0.8329232335090637,0.9208381175994873,0.8862258791923523,0.010078668594360352,Assault,0.8228445649147034,multiple participants striking each other during mutual combat,fighting multiple participants striking each other during mutual combat
7,Fighting,21,ucf_manual_class_prompts_10x.json,ucf_manual_class_prompts_10x,10,4,0.5135112881660461,0.8284999132156372,0.9103455543518066,0.8692116737365723,0.012105464935302734,Assault,0.8163944482803345,two groups clashing in a chaotic physical fight,fighting two groups clashing in a chaotic physical fight
7,Fighting,22,ucf_manual_class_prompts_10x.json,ucf_manual_class_prompts_10x,10,7,0.5120926558971405,0.8536462187767029,0.8691341876983643,0.8773535490036011,0.03185087442398071,Stealing,0.8217953443527222,people trading blows while moving unpredictably through space,fighting people trading blows while moving unpredictably through space
7,Fighting,23,ucf_manual_class_prompts_5x_v3.json,ucf_manual_class_prompts_5x_v3,5,3,0.5117105841636658,0.8246088027954102,0.9003373384475708,0.8534750938415527,0.020657598972320557,Assault,0.8039512038230896,several combatants grappling and swinging simultaneously,fighting several combatants grappling and swinging simultaneously
7,Fighting,24,ucf_manual_class_prompts_5x_v4.json,ucf_manual_class_prompts_5x_v4,5,3,0.5117105841636658,0.8246088027954102,0.9003373384475708,0.8534750938415527,0.020657598972320557,Assault,0.8039512038230896,several combatants grappling and swinging simultaneously,fighting several combatants grappling and swinging simultaneously
7,Fighting,25,ucf_manual_class_prompts_10x.json,ucf_manual_class_prompts_10x,10,9,0.5094116806983947,0.842322051525116,0.8834384083747864,0.8839043378829956,0.020853698253631592,Assault,0.8214683532714844,"a brawl with repeated grappling, striking, and falling","fighting a brawl with repeated grappling, striking, and falling"
7,Fighting,26,ucf_manual_class_prompts_10x.json,ucf_manual_class_prompts_10x,10,6,0.508493971824646,0.8219366669654846,0.9015820622444153,0.8647449016571045,-0.014015018939971924,Assault,0.8359516859054565,a crowd surrounding combatants in an escalating brawl,fighting a crowd surrounding combatants in an escalating brawl
7,Fighting,27,ucf_manual_class_prompts_10x.json,ucf_manual_class_prompts_10x,10,1,0.507043993473053,0.822813868522644,0.903130292892456,0.8765101432800293,0.01614171266555786,Assault,0.8066721558570862,"several people grappling, pushing, and swinging arms","fighting several people grappling, pushing, and swinging arms"
7,Fighting,28,ucf_manual_class_prompts_5x_v3.json,ucf_manual_class_prompts_5x_v3,5,0,0.5052229285240173,0.8143154978752136,0.9163704514503479,0.8842297792434692,0.0050612688064575195,Assault,0.8092542290687561,two groups mutually exchanging punches in a brawl,fighting two groups mutually exchanging punches in a brawl
7,Fighting,29,ucf_manual_class_prompts_5x_v4.json,ucf_manual_class_prompts_5x_v4,5,0,0.5052229285240173,0.8143154978752136,0.9163704514503479,0.8842297792434692,0.0050612688064575195,Assault,0.8092542290687561,two groups mutually exchanging punches in a brawl,fighting two groups mutually exchanging punches in a brawl
7,Fighting,30,ucf_manual_class_prompts_10x_v2.json,ucf_manual_class_prompts_10x_v2,10,1,0.5051567077636718,0.8189941644668579,0.9137235879898071,0.8922872543334961,0.006043791770935059,Assault,0.8129503726959229,several participants striking each other during mutual combat,fighting several participants striking each other during mutual combat
7,Fighting,31,ucf_manual_class_prompts_10x.json,ucf_manual_class_prompts_10x,10,3,0.5030851542949676,0.8223580718040466,0.8985300064086914,0.8882644176483154,-0.008435606956481934,Assault,0.8307936787605286,multiple individuals shoving and wrestling in public,fighting multiple individuals shoving and wrestling in public
7,Fighting,32,ucf_manual_class_prompts_10x_v2.json,ucf_manual_class_prompts_10x_v2,10,7,0.5014750957489014,0.8048436045646667,0.9090095162391663,0.8682478070259094,-0.0066741108894348145,Assault,0.8115177154541016,multiple participants falling and rejoining a chaotic brawl,fighting multiple participants falling and rejoining a chaotic brawl
7,Fighting,33,ucf_manual_class_prompts_10x_v2.json,ucf_manual_class_prompts_10x_v2,10,0,0.49555790424346924,0.7940722703933716,0.9078460931777954,0.8691602945327759,-0.003632485866546631,Assault,0.7977047562599182,two groups mutually exchanging punches in a crowded brawl,fighting two groups mutually exchanging punches in a crowded brawl
7,Fighting,34,ucf_manual_class_prompts_10x_v2.json,ucf_manual_class_prompts_10x_v2,10,3,0.48542839288711537,0.7861490249633789,0.8864783048629761,0.867948055267334,0.003959178924560547,Assault,0.7821898460388184,multiple people wrestling and swinging arms at each other,fighting multiple people wrestling and swinging arms at each other
7,Fighting,35,ucf_manual_class_prompts_10x.json,ucf_manual_class_prompts_10x,10,5,0.45423899292945863,0.7401789426803589,0.8077545762062073,0.790884256362915,0.02203577756881714,RoadAccidents,0.7181431651115417,fighters grabbing clothing while others join the conflict,fighting fighters grabbing clothing while others join the conflict
8,RoadAccidents,1,ucf_manual_class_prompts_5x_v3.json,ucf_manual_class_prompts_5x_v3,5,0,0.5507450699806213,0.9012333154678345,0.8970437049865723,0.8449234962463379,0.11844050884246826,Fighting,0.7827928066253662,a vehicle collision causing roadway impact and disruption,roadAccidents a vehicle collision causing roadway impact and disruption
8,RoadAccidents,2,ucf_manual_class_prompts_10x.json,ucf_manual_class_prompts_10x,10,3,0.549574464559555,0.8989534974098206,0.8961799144744873,0.8437812924385071,0.12364256381988525,Fighting,0.7753109335899353,vehicles swerving and colliding during a sudden accident,roadAccidents vehicles swerving and colliding during a sudden accident
8,RoadAccidents,3,ucf_manual_class_prompts_10x_v2.json,ucf_manual_class_prompts_10x_v2,10,3,0.5495744466781616,0.8989534974098206,0.8961798548698425,0.8437812924385071,0.12364256381988525,Fighting,0.7753109335899353,vehicles swerving and colliding during a sudden accident,roadAccidents vehicles swerving and colliding during a sudden accident
8,RoadAccidents,4,ucf_manual_class_prompts_5x_v5.json,ucf_manual_class_prompts_5x_v5,5,3,0.5483005106449127,0.8962852954864502,0.9081271290779114,0.861401379108429,0.11388814449310303,Stealing,0.7823971509933472,vehicles colliding and creating a traffic accident scene,roadAccidents vehicles colliding and creating a traffic accident scene
8,RoadAccidents,5,ucf_manual_class_prompts_5x_v5.json,ucf_manual_class_prompts_5x_v5,5,2,0.5420720338821411,0.898520827293396,0.8802587985992432,0.8563300967216492,0.09775090217590332,Fighting,0.8007699251174927,a car or motorcycle accident causing road damage,roadAccidents a car or motorcycle accident causing road damage
8,RoadAccidents,6,ucf_manual_class_prompts_5x_v5.json,ucf_manual_class_prompts_5x_v5,5,0,0.5417577683925628,0.8827548027038574,0.8838790059089661,0.8239166736602783,0.1246800422668457,Arrest,0.7580747604370117,vehicles involved in a traffic accident on a road,roadAccidents vehicles involved in a traffic accident on a road
8,RoadAccidents,7,ucf_manual_class_prompts_10x.json,ucf_manual_class_prompts_10x,10,0,0.5411990344524383,0.8970689177513123,0.8738328218460083,0.8474263548851013,0.11170238256454468,Fighting,0.7853665351867676,"a vehicle collision causing impact, debris, and disruption","roadAccidents a vehicle collision causing impact, debris, and disruption"
8,RoadAccidents,8,ucf_manual_class_prompts_10x_v2.json,ucf_manual_class_prompts_10x_v2,10,0,0.5411990344524383,0.8970689177513123,0.8738328218460083,0.8474263548851013,0.11170238256454468,Fighting,0.7853665351867676,"a vehicle collision causing impact, debris, and disruption","roadAccidents a vehicle collision causing impact, debris, and disruption"
8,RoadAccidents,9,ucf_manual_class_prompts_5x_v3.json,ucf_manual_class_prompts_5x_v3,5,3,0.5400715947151183,0.8906581997871399,0.8821658492088318,0.8495362997055054,0.1157304048538208,Fighting,0.7749277949333191,vehicles swerving before colliding in traffic,roadAccidents vehicles swerving before colliding in traffic
8,RoadAccidents,10,ucf_manual_class_prompts_5x_v4.json,ucf_manual_class_prompts_5x_v4,5,3,0.5400715947151183,0.8906581997871399,0.8821658492088318,0.8495362997055054,0.1157304048538208,Fighting,0.7749277949333191,vehicles swerving before colliding in traffic,roadAccidents vehicles swerving before colliding in traffic
8,RoadAccidents,11,ucf_manual_class_prompts_5x_v3.json,ucf_manual_class_prompts_5x_v3,5,4,0.5322482228279114,0.8557411432266235,0.899563193321228,0.827456533908844,0.10108089447021484,Stealing,0.7546602487564087,a crashed vehicle blocking lanes after impact,roadAccidents a crashed vehicle blocking lanes after impact
8,RoadAccidents,12,ucf_manual_class_prompts_5x_v5.json,ucf_manual_class_prompts_5x_v5,5,1,0.5301883041858673,0.8625621795654297,0.8864559531211853,0.8351478576660156,0.111416757106781,Assault,0.7511454224586487,a damaged vehicle after a collision or crash,roadAccidents a damaged vehicle after a collision or crash
8,RoadAccidents,13,ucf_manual_class_prompts_5x_v4.json,ucf_manual_class_prompts_5x_v4,5,4,0.5230651021003724,0.8448241949081421,0.8912066221237183,0.833544909954071,0.09254837036132812,Stealing,0.752275824546814,a crashed vehicle blocking lanes after roadway impact,roadAccidents a crashed vehicle blocking lanes after roadway impact
8,RoadAccidents,14,ucf_manual_class_prompts_5x_v4.json,ucf_manual_class_prompts_5x_v4,5,0,0.5217165291309356,0.8501831889152527,0.8929275274276733,0.8562666177749634,0.11732131242752075,Assault,0.7328618764877319,vehicles colliding at an intersection on the roadway,roadAccidents vehicles colliding at an intersection on the roadway
8,RoadAccidents,15,ucf_manual_class_prompts_10x.json,ucf_manual_class_prompts_10x,10,7,0.5177138149738312,0.8317609429359436,0.9011006355285645,0.8424842357635498,0.10262918472290039,Arrest,0.7291317582130432,a traffic accident with a vehicle spinning to a halt,roadAccidents a traffic accident with a vehicle spinning to a halt
8,RoadAccidents,16,ucf_manual_class_prompts_10x_v2.json,ucf_manual_class_prompts_10x_v2,10,7,0.5177138149738312,0.8317609429359436,0.9011006355285645,0.8424842357635498,0.10262918472290039,Arrest,0.7291317582130432,a traffic accident with a vehicle spinning to a halt,roadAccidents a traffic accident with a vehicle spinning to a halt
8,RoadAccidents,17,ucf_manual_class_prompts_5x_v3.json,ucf_manual_class_prompts_5x_v3,5,1,0.5167618155479431,0.8336482644081116,0.8897539973258972,0.8349425792694092,0.10973858833312988,Arrest,0.7239096760749817,a car striking a pedestrian or cyclist on road,roadAccidents a car striking a pedestrian or cyclist on road
8,RoadAccidents,18,ucf_manual_class_prompts_5x_v4.json,ucf_manual_class_prompts_5x_v4,5,1,0.5167618155479431,0.8336482644081116,0.8897539973258972,0.8349425792694092,0.10973858833312988,Arrest,0.7239096760749817,a car striking a pedestrian or cyclist on road,roadAccidents a car striking a pedestrian or cyclist on road
8,RoadAccidents,19,ucf_manual_class_prompts_10x_v2.json,ucf_manual_class_prompts_10x_v2,10,8,0.5130042374134064,0.8378848433494568,0.8812969923019409,0.8516364097595215,0.10214120149612427,Arrest,0.7357436418533325,a car hitting an obstacle with sudden debris,roadAccidents a car hitting an obstacle with sudden debris
8,RoadAccidents,20,ucf_manual_class_prompts_10x.json,ucf_manual_class_prompts_10x,10,8,0.5130042195320129,0.8378848433494568,0.8812969326972961,0.8516364097595215,0.10214120149612427,Arrest,0.7357436418533325,a car hitting an obstacle with sudden debris,roadAccidents a car hitting an obstacle with sudden debris
8,RoadAccidents,21,ucf_manual_class_prompts_10x.json,ucf_manual_class_prompts_10x,10,1,0.5093938589096069,0.8174198865890503,0.8843518495559692,0.8231081962585449,0.10742330551147461,Arrest,0.7099965810775757,a car striking a pedestrian or cyclist on the road,roadAccidents a car striking a pedestrian or cyclist on the road
8,RoadAccidents,22,ucf_manual_class_prompts_10x_v2.json,ucf_manual_class_prompts_10x_v2,10,1,0.5093938410282135,0.8174198865890503,0.8843517899513245,0.8231081962585449,0.10742330551147461,Arrest,0.7099965810775757,a car striking a pedestrian or cyclist on the road,roadAccidents a car striking a pedestrian or cyclist on the road
8,RoadAccidents,23,ucf_manual_class_prompts_10x.json,ucf_manual_class_prompts_10x,10,5,0.5080618619918823,0.8232107162475586,0.8799636363983154,0.837662935256958,0.0852193832397461,Arrest,0.7379913330078125,a damaged vehicle stopped and blocking the roadway,roadAccidents a damaged vehicle stopped and blocking the roadway
8,RoadAccidents,24,ucf_manual_class_prompts_10x_v2.json,ucf_manual_class_prompts_10x_v2,10,5,0.5080618441104888,0.8232107162475586,0.8799635767936707,0.837662935256958,0.0852193832397461,Arrest,0.7379913330078125,a damaged vehicle stopped and blocking the roadway,roadAccidents a damaged vehicle stopped and blocking the roadway
8,RoadAccidents,25,ucf_manual_class_prompts_10x.json,ucf_manual_class_prompts_10x,10,6,0.5052428722381591,0.8240284323692322,0.8775674700737,0.8502079248428345,0.10366344451904297,Assault,0.7203649878501892,a rider thrown onto pavement after a high speed impact,roadAccidents a rider thrown onto pavement after a high speed impact
8,RoadAccidents,26,ucf_manual_class_prompts_10x_v2.json,ucf_manual_class_prompts_10x_v2,10,6,0.5052428722381591,0.8240284323692322,0.8775674700737,0.8502079248428345,0.10366344451904297,Assault,0.7203649878501892,a rider thrown onto pavement after a high speed impact,roadAccidents a rider thrown onto pavement after a high speed impact
8,RoadAccidents,27,ucf_manual_class_prompts_5x_v5.json,ucf_manual_class_prompts_5x_v5,5,4,0.5041694164276123,0.8057196140289307,0.8792530298233032,0.81233149766922,0.12696456909179688,Stealing,0.6787550449371338,a roadway with crashed vehicles after an accident,roadAccidents a roadway with crashed vehicles after an accident
8,RoadAccidents,28,ucf_manual_class_prompts_10x.json,ucf_manual_class_prompts_10x,10,4,0.4926603138446808,0.7922995090484619,0.8815110325813293,0.8397137522697449,0.10647785663604736,Assault,0.6858216524124146,a pedestrian knocked down by a vehicle near a crossing,roadAccidents a pedestrian knocked down by a vehicle near a crossing
8,RoadAccidents,29,ucf_manual_class_prompts_10x_v2.json,ucf_manual_class_prompts_10x_v2,10,4,0.4926603138446808,0.7922995090484619,0.8815110325813293,0.8397137522697449,0.10647785663604736,Assault,0.6858216524124146,a pedestrian knocked down by a vehicle near a crossing,roadAccidents a pedestrian knocked down by a vehicle near a crossing
8,RoadAccidents,30,ucf_manual_class_prompts_10x.json,ucf_manual_class_prompts_10x,10,9,0.4789654314517975,0.7632339000701904,0.863321840763092,0.8082403540611267,0.11193346977233887,Arrest,0.6513004302978516,a motorbike rider falling during an intersection collision,roadAccidents a motorbike rider falling during an intersection collision
8,RoadAccidents,31,ucf_manual_class_prompts_10x_v2.json,ucf_manual_class_prompts_10x_v2,10,9,0.4789654135704041,0.7632339000701904,0.8633217811584473,0.8082403540611267,0.11193346977233887,Arrest,0.6513004302978516,a motorbike rider falling during an intersection collision,roadAccidents a motorbike rider falling during an intersection collision
8,RoadAccidents,32,ucf_manual_class_prompts_5x_v3.json,ucf_manual_class_prompts_5x_v3,5,2,0.44704740643501284,0.6852698922157288,0.8324686288833618,0.7266406416893005,0.09789705276489258,Stealing,0.5873728394508362,a motorbike sliding across a lane after collision,roadAccidents a motorbike sliding across a lane after collision
8,RoadAccidents,33,ucf_manual_class_prompts_5x_v4.json,ucf_manual_class_prompts_5x_v4,5,2,0.44704740643501284,0.6852698922157288,0.8324686288833618,0.7266406416893005,0.09789705276489258,Stealing,0.5873728394508362,a motorbike sliding across a lane after collision,roadAccidents a motorbike sliding across a lane after collision
8,RoadAccidents,34,ucf_manual_class_prompts_10x.json,ucf_manual_class_prompts_10x,10,2,0.4348382472991943,0.6638708710670471,0.8174219727516174,0.7116189002990723,0.10189306735992432,Stealing,0.5619778037071228,a motorbike sliding across a lane after a crash,roadAccidents a motorbike sliding across a lane after a crash
8,RoadAccidents,35,ucf_manual_class_prompts_10x_v2.json,ucf_manual_class_prompts_10x_v2,10,2,0.4348382472991943,0.6638708710670471,0.8174219727516174,0.7116189002990723,0.10189306735992432,Stealing,0.5619778037071228,a motorbike sliding across a lane after a crash,roadAccidents a motorbike sliding across a lane after a crash
9,Robbery,1,ucf_manual_class_prompts_5x_v4.json,ucf_manual_class_prompts_5x_v4,5,0,0.5395431220531463,0.8758230209350586,0.9370865225791931,0.8974717259407043,0.06351715326309204,Arrest,0.8123058676719666,a threatening person demanding valuables from a victim,robbery a threatening person demanding valuables from a victim
9,Robbery,2,ucf_manual_class_prompts_5x_v5.json,ucf_manual_class_prompts_5x_v5,5,4,0.5377343118190765,0.8779672980308533,0.9286074638366699,0.8991578817367554,0.06050974130630493,Arrest,0.8174575567245483,a criminal taking possessions from someone through threats,robbery a criminal taking possessions from someone through threats
9,Robbery,3,ucf_manual_class_prompts_5x_v5.json,ucf_manual_class_prompts_5x_v5,5,0,0.537710040807724,0.8784308433532715,0.9352546334266663,0.9104088544845581,0.056185245513916016,Arrest,0.8222455978393555,a person threatening another person while taking their belongings,robbery a person threatening another person while taking their belongings
9,Robbery,4,ucf_manual_class_prompts_5x_v5.json,ucf_manual_class_prompts_5x_v5,5,1,0.534764975309372,0.8740411996841431,0.9041435122489929,0.8674933910369873,0.08402162790298462,Arrest,0.7900195717811584,a robbery where someone uses intimidation or force to steal property,robbery a robbery where someone uses intimidation or force to steal property
9,Robbery,5,ucf_manual_class_prompts_5x_v4.json,ucf_manual_class_prompts_5x_v4,5,2,0.5327227115631104,0.8633220195770264,0.9297373294830322,0.8892974853515625,0.06508880853652954,Shoplifting,0.7982332110404968,a robber confronting someone and taking personal items,robbery a robber confronting someone and taking personal items
9,Robbery,6,ucf_manual_class_prompts_5x_v5.json,ucf_manual_class_prompts_5x_v5,5,2,0.5299400091171265,0.8574278354644775,0.9194393157958984,0.8730285167694092,0.061396777629852295,Shoplifting,0.7960310578346252,a person confronting a victim and demanding valuables,robbery a person confronting a victim and demanding valuables
9,Robbery,7,ucf_manual_class_prompts_5x_v5.json,ucf_manual_class_prompts_5x_v5,5,3,0.5297513842582702,0.8620380163192749,0.9121637344360352,0.8745837211608887,0.06890809535980225,Arrest,0.7931299209594727,an armed person committing a robbery against another person,robbery an armed person committing a robbery against another person
9,Robbery,8,ucf_manual_class_prompts_10x.json,ucf_manual_class_prompts_10x,10,0,0.5296756088733673,0.8618538975715637,0.9314830303192139,0.9034812450408936,0.05496472120285034,Arrest,0.8068891763687134,a threatening person forcing a victim to surrender valuables,robbery a threatening person forcing a victim to surrender valuables
9,Robbery,9,ucf_manual_class_prompts_10x_v2.json,ucf_manual_class_prompts_10x_v2,10,0,0.5296756088733673,0.8618538975715637,0.9314830303192139,0.9034812450408936,0.05496472120285034,Arrest,0.8068891763687134,a threatening person forcing a victim to surrender valuables,robbery a threatening person forcing a victim to surrender valuables
9,Robbery,10,ucf_manual_class_prompts_5x_v3.json,ucf_manual_class_prompts_5x_v3,5,0,0.5296756088733673,0.8618538975715637,0.9314830303192139,0.9034812450408936,0.05496472120285034,Arrest,0.8068891763687134,a threatening person forcing a victim to surrender valuables,robbery a threatening person forcing a victim to surrender valuables
9,Robbery,11,ucf_manual_class_prompts_5x_v4.json,ucf_manual_class_prompts_5x_v4,5,4,0.5259840369224548,0.8600558042526245,0.9236266613006592,0.9056593179702759,0.05618935823440552,Shoplifting,0.803866446018219,a victim backing away while valuables are taken,robbery a victim backing away while valuables are taken
9,Robbery,12,ucf_manual_class_prompts_5x_v3.json,ucf_manual_class_prompts_5x_v3,5,1,0.5249998927116394,0.8547927141189575,0.9315145015716553,0.9092540740966797,0.05845445394515991,Shoplifting,0.7963382601737976,a victim handing belongings under close range intimidation,robbery a victim handing belongings under close range intimidation
9,Robbery,13,ucf_manual_class_prompts_10x_v2.json,ucf_manual_class_prompts_10x_v2,10,5,0.5213910460472106,0.8505669236183167,0.9252011179924011,0.9072637557983398,0.05101519823074341,Arrest,0.7995517253875732,an attacker cornering a victim and seizing personal items,robbery an attacker cornering a victim and seizing personal items
9,Robbery,14,ucf_manual_class_prompts_10x.json,ucf_manual_class_prompts_10x,10,5,0.5213910281658172,0.8505669236183167,0.9252010583877563,0.9072637557983398,0.05101519823074341,Arrest,0.7995517253875732,an attacker cornering a victim and seizing personal items,robbery an attacker cornering a victim and seizing personal items
9,Robbery,15,ucf_manual_class_prompts_10x.json,ucf_manual_class_prompts_10x,10,6,0.5211673498153686,0.85163813829422,0.9027805924415588,0.8774294853210449,0.05284541845321655,Arrest,0.7987927198410034,a forced handover following a visible threat gesture,robbery a forced handover following a visible threat gesture
9,Robbery,16,ucf_manual_class_prompts_5x_v3.json,ucf_manual_class_prompts_5x_v3,5,2,0.5210447609424591,0.8482106924057007,0.9244421124458313,0.9019660949707031,0.050285160541534424,Arrest,0.7979255318641663,an attacker cornering a victim and seizing items,robbery an attacker cornering a victim and seizing items
9,Robbery,17,ucf_manual_class_prompts_10x.json,ucf_manual_class_prompts_10x,10,1,0.5209845423698425,0.8534097671508789,0.9094851016998291,0.8928293585777283,0.05756962299346924,Shoplifting,0.7958401441574097,an aggressor confronting someone and grabbing a purse or wallet,robbery an aggressor confronting someone and grabbing a purse or wallet
9,Robbery,18,ucf_manual_class_prompts_10x_v2.json,ucf_manual_class_prompts_10x_v2,10,1,0.5200889229774475,0.8516498804092407,0.9125096797943115,0.8974446058273315,0.053017497062683105,Arrest,0.7986323833465576,an aggressor confronting someone and taking a purse or wallet,robbery an aggressor confronting someone and taking a purse or wallet
9,Robbery,19,ucf_manual_class_prompts_10x_v2.json,ucf_manual_class_prompts_10x_v2,10,3,0.5180844843387604,0.8516463041305542,0.9160268902778625,0.9127336740493774,0.059129953384399414,Arrest,0.7925163507461548,a robber snatching property and escaping quickly,robbery a robber snatching property and escaping quickly
9,Robbery,20,ucf_manual_class_prompts_10x.json,ucf_manual_class_prompts_10x,10,3,0.5180844664573669,0.8516463041305542,0.9160268306732178,0.9127336740493774,0.059129953384399414,Arrest,0.7925163507461548,a robber snatching property and escaping quickly,robbery a robber snatching property and escaping quickly
9,Robbery,21,ucf_manual_class_prompts_10x.json,ucf_manual_class_prompts_10x,10,2,0.514433777332306,0.8373532295227051,0.9187296628952026,0.8993086814880371,0.051344990730285645,Shoplifting,0.7860082387924194,a victim handing over belongings under close range intimidation,robbery a victim handing over belongings under close range intimidation
9,Robbery,22,ucf_manual_class_prompts_10x_v2.json,ucf_manual_class_prompts_10x_v2,10,2,0.514433777332306,0.8373532295227051,0.9187296628952026,0.8993086814880371,0.051344990730285645,Shoplifting,0.7860082387924194,a victim handing over belongings under close range intimidation,robbery a victim handing over belongings under close range intimidation
9,Robbery,23,ucf_manual_class_prompts_5x_v4.json,ucf_manual_class_prompts_5x_v4,5,1,0.512157380580902,0.8351745009422302,0.9263678193092346,0.916701078414917,0.0411221981048584,Shoplifting,0.7940523028373718,a victim handing belongings during close intimidation,robbery a victim handing belongings during close intimidation
9,Robbery,24,ucf_manual_class_prompts_10x.json,ucf_manual_class_prompts_10x,10,4,0.5085665225982666,0.8303713202476501,0.8903617262840271,0.868638277053833,0.03175121545791626,Shoplifting,0.7986201047897339,a person threatening a clerk and demanding money,robbery a person threatening a clerk and demanding money
9,Robbery,25,ucf_manual_class_prompts_10x_v2.json,ucf_manual_class_prompts_10x_v2,10,4,0.5085665047168731,0.8303713202476501,0.8903616666793823,0.868638277053833,0.03175121545791626,Shoplifting,0.7986201047897339,a person threatening a clerk and demanding money,robbery a person threatening a clerk and demanding money
9,Robbery,26,ucf_manual_class_prompts_5x_v3.json,ucf_manual_class_prompts_5x_v3,5,4,0.5074433803558349,0.8166736960411072,0.8949058651924133,0.8468261361122131,0.04467308521270752,Shoplifting,0.7720006108283997,a robber confronting a victim before taking belongings,robbery a robber confronting a victim before taking belongings
9,Robbery,27,ucf_manual_class_prompts_10x.json,ucf_manual_class_prompts_10x,10,9,0.5063884615898132,0.8199994564056396,0.9041757583618164,0.8743199706077576,0.0648428201675415,Shoplifting,0.7551566362380981,a robber approaching a victim and leaving with belongings,robbery a robber approaching a victim and leaving with belongings
9,Robbery,28,ucf_manual_class_prompts_10x_v2.json,ucf_manual_class_prompts_10x_v2,10,9,0.5063884615898132,0.8199994564056396,0.9041757583618164,0.8743199706077576,0.0648428201675415,Shoplifting,0.7551566362380981,a robber approaching a victim and leaving with belongings,robbery a robber approaching a victim and leaving with belongings
9,Robbery,29,ucf_manual_class_prompts_10x.json,ucf_manual_class_prompts_10x,10,8,0.5019088923931122,0.8226743936538696,0.8934912085533142,0.8873783349990845,0.03441727161407471,Arrest,0.7882571220397949,a person brandishing a weapon to demand property,robbery a person brandishing a weapon to demand property
9,Robbery,30,ucf_manual_class_prompts_10x_v2.json,ucf_manual_class_prompts_10x_v2,10,8,0.5019088745117187,0.8226743936538696,0.8934911489486694,0.8873783349990845,0.03441727161407471,Arrest,0.7882571220397949,a person brandishing a weapon to demand property,robbery a person brandishing a weapon to demand property
9,Robbery,31,ucf_manual_class_prompts_5x_v3.json,ucf_manual_class_prompts_5x_v3,5,3,0.5019088745117187,0.8226743936538696,0.8934911489486694,0.8873783349990845,0.03441727161407471,Arrest,0.7882571220397949,a person brandishing a weapon to demand property,robbery a person brandishing a weapon to demand property
9,Robbery,32,ucf_manual_class_prompts_10x.json,ucf_manual_class_prompts_10x,10,7,0.5002025842666626,0.8125923275947571,0.9056684374809265,0.8889705538749695,0.049889981746673584,Shoplifting,0.7627023458480835,a suspect taking valuables while the victim backs away,robbery a suspect taking valuables while the victim backs away
9,Robbery,33,ucf_manual_class_prompts_10x_v2.json,ucf_manual_class_prompts_10x_v2,10,7,0.5002025842666626,0.8125923275947571,0.9056684374809265,0.8889705538749695,0.049889981746673584,Shoplifting,0.7627023458480835,a suspect taking valuables while the victim backs away,robbery a suspect taking valuables while the victim backs away
9,Robbery,34,ucf_manual_class_prompts_10x_v2.json,ucf_manual_class_prompts_10x_v2,10,6,0.4995067059993744,0.8195672631263733,0.8898711204528809,0.8861913084983826,0.05703037977218628,Arrest,0.762536883354187,a coerced handover of valuables during visible intimidation,robbery a coerced handover of valuables during visible intimidation
9,Robbery,35,ucf_manual_class_prompts_5x_v4.json,ucf_manual_class_prompts_5x_v4,5,3,0.4824505627155304,0.7944566607475281,0.8428990840911865,0.838237464427948,0.04313015937805176,Stealing,0.7513265013694763,a weapon used to force a property handover,robbery a weapon used to force a property handover
10,Shooting,1,ucf_manual_class_prompts_5x_v5.json,ucf_manual_class_prompts_5x_v5,5,2,0.5281782627105713,0.860084593296051,0.9057393670082092,0.867929220199585,0.04351091384887695,Robbery,0.8165736794471741,a shooting incident involving a visible gun,shooting a shooting incident involving a visible gun
10,Shooting,2,ucf_manual_class_prompts_5x_v5.json,ucf_manual_class_prompts_5x_v5,5,0,0.5216275036334991,0.8477652072906494,0.9072466492652893,0.8721454739570618,0.024902760982513428,Arrest,0.822862446308136,a person firing a gun at another person,shooting a person firing a gun at another person
10,Shooting,3,ucf_manual_class_prompts_5x_v3.json,ucf_manual_class_prompts_5x_v3,5,2,0.5190029621124268,0.8368093967437744,0.8913359642028809,0.8340126276016235,0.06494247913360596,Robbery,0.7718669176101685,a shooter raising a gun before firing,shooting a shooter raising a gun before firing
10,Shooting,4,ucf_manual_class_prompts_5x_v4.json,ucf_manual_class_prompts_5x_v4,5,2,0.5190029621124268,0.8368093967437744,0.8913359642028809,0.8340126276016235,0.06494247913360596,Robbery,0.7718669176101685,a shooter raising a gun before firing,shooting a shooter raising a gun before firing
10,Shooting,5,ucf_manual_class_prompts_10x_v2.json,ucf_manual_class_prompts_10x_v2,10,3,0.5167956173419953,0.8567341566085815,0.8931589722633362,0.8975957632064819,0.010128378868103027,Arrest,0.8466057777404785,a person firing a handgun and causing panic,shooting a person firing a handgun and causing panic
10,Shooting,6,ucf_manual_class_prompts_10x.json,ucf_manual_class_prompts_10x,10,3,0.5167955994606018,0.8567341566085815,0.8931589126586914,0.8975957632064819,0.010128378868103027,Arrest,0.8466057777404785,a person firing a handgun and causing panic,shooting a person firing a handgun and causing panic
10,Shooting,7,ucf_manual_class_prompts_10x.json,ucf_manual_class_prompts_10x,10,1,0.5127696275711059,0.8309465646743774,0.8950351476669312,0.8560709953308105,0.0232812762260437,Robbery,0.8076652884483337,a gunman pointing a weapon as people scatter,shooting a gunman pointing a weapon as people scatter
10,Shooting,8,ucf_manual_class_prompts_10x_v2.json,ucf_manual_class_prompts_10x_v2,10,1,0.5127696275711059,0.8309465646743774,0.8950351476669312,0.8560709953308105,0.0232812762260437,Robbery,0.8076652884483337,a gunman pointing a weapon as people scatter,shooting a gunman pointing a weapon as people scatter
10,Shooting,9,ucf_manual_class_prompts_10x.json,ucf_manual_class_prompts_10x,10,0,0.5119089365005492,0.8170812129974365,0.9200670719146729,0.863258957862854,0.03567194938659668,Robbery,0.7814092636108398,an armed person aiming a firearm and firing shots,shooting an armed person aiming a firearm and firing shots
10,Shooting,10,ucf_manual_class_prompts_10x_v2.json,ucf_manual_class_prompts_10x_v2,10,0,0.5119089186191558,0.8170812129974365,0.9200670123100281,0.863258957862854,0.03567194938659668,Robbery,0.7814092636108398,an armed person aiming a firearm and firing shots,shooting an armed person aiming a firearm and firing shots
10,Shooting,11,ucf_manual_class_prompts_5x_v3.json,ucf_manual_class_prompts_5x_v3,5,4,0.5077218770980835,0.8384878635406494,0.8865582942962646,0.887447714805603,0.009073078632354736,Arrest,0.8294147849082947,an armed shooter discharging a weapon toward people,shooting an armed shooter discharging a weapon toward people
10,Shooting,12,ucf_manual_class_prompts_5x_v4.json,ucf_manual_class_prompts_5x_v4,5,4,0.5077218770980835,0.8384878635406494,0.8865582942962646,0.887447714805603,0.009073078632354736,Arrest,0.8294147849082947,an armed shooter discharging a weapon toward people,shooting an armed shooter discharging a weapon toward people
10,Shooting,13,ucf_manual_class_prompts_10x.json,ucf_manual_class_prompts_10x,10,6,0.5046351969242096,0.8225488066673279,0.879531741142273,0.8524936437606812,0.03501361608505249,Robbery,0.7875351905822754,a shooter raising a gun while a crowd runs,shooting a shooter raising a gun while a crowd runs
10,Shooting,14,ucf_manual_class_prompts_10x_v2.json,ucf_manual_class_prompts_10x_v2,10,6,0.5046351969242096,0.8225488066673279,0.879531741142273,0.8524936437606812,0.03501361608505249,Robbery,0.7875351905822754,a shooter raising a gun while a crowd runs,shooting a shooter raising a gun while a crowd runs
10,Shooting,15,ucf_manual_class_prompts_10x.json,ucf_manual_class_prompts_10x,10,7,0.504569411277771,0.8364871740341187,0.8431586027145386,0.8331087827682495,0.048591792583465576,RoadAccidents,0.7878953814506531,a gunfire scene with fear and rapid dispersal,shooting a gunfire scene with fear and rapid dispersal
10,Shooting,16,ucf_manual_class_prompts_10x_v2.json,ucf_manual_class_prompts_10x_v2,10,7,0.504569411277771,0.8364871740341187,0.8431586027145386,0.8331087827682495,0.048591792583465576,RoadAccidents,0.7878953814506531,a gunfire scene with fear and rapid dispersal,shooting a gunfire scene with fear and rapid dispersal
10,Shooting,17,ucf_manual_class_prompts_5x_v5.json,ucf_manual_class_prompts_5x_v5,5,4,0.5012989461421967,0.7959124445915222,0.8953533172607422,0.8263163566589355,0.022320985794067383,Robbery,0.7735914587974548,a gun being fired in a public area,shooting a gun being fired in a public area
10,Shooting,18,ucf_manual_class_prompts_5x_v5.json,ucf_manual_class_prompts_5x_v5,5,1,0.49878491759300225,0.791765570640564,0.904357373714447,0.8420253992080688,0.027293860912322998,Robbery,0.764471709728241,an armed person aiming and shooting a firearm,shooting an armed person aiming and shooting a firearm
10,Shooting,19,ucf_manual_class_prompts_10x_v2.json,ucf_manual_class_prompts_10x_v2,10,4,0.4969397902488708,0.8141308426856995,0.8965849280357361,0.8955055475234985,0.0057029128074646,Arrest,0.8084279298782349,an armed attacker discharging a weapon in public,shooting an armed attacker discharging a weapon in public
10,Shooting,20,ucf_manual_class_prompts_10x.json,ucf_manual_class_prompts_10x,10,4,0.49693977236747733,0.8141308426856995,0.8965848684310913,0.8955055475234985,0.0057029128074646,Arrest,0.8084279298782349,an armed attacker discharging a weapon in public,shooting an armed attacker discharging a weapon in public
10,Shooting,21,ucf_manual_class_prompts_10x_v2.json,ucf_manual_class_prompts_10x_v2,10,5,0.49692834615707393,0.821774423122406,0.880955159664154,0.8912270665168762,0.015148282051086426,Arrest,0.8066261410713196,a victim falling after a nearby firearm is fired,shooting a victim falling after a nearby firearm is fired
10,Shooting,22,ucf_manual_class_prompts_10x.json,ucf_manual_class_prompts_10x,10,5,0.49692832827568045,0.821774423122406,0.8809551000595093,0.8912270665168762,0.015148282051086426,Arrest,0.8066261410713196,a victim falling after a nearby firearm is fired,shooting a victim falling after a nearby firearm is fired
10,Shooting,23,ucf_manual_class_prompts_5x_v3.json,ucf_manual_class_prompts_5x_v3,5,0,0.49619840979576113,0.7879369854927063,0.901665449142456,0.8413485884666443,0.024546682834625244,Robbery,0.763390302658081,an armed person aiming and firing a firearm,shooting an armed person aiming and firing a firearm
10,Shooting,24,ucf_manual_class_prompts_5x_v4.json,ucf_manual_class_prompts_5x_v4,5,0,0.49619839191436765,0.7879369854927063,0.9016653895378113,0.8413485884666443,0.024546682834625244,Robbery,0.763390302658081,an armed person aiming and firing a firearm,shooting an armed person aiming and firing a firearm
10,Shooting,25,ucf_manual_class_prompts_5x_v5.json,ucf_manual_class_prompts_5x_v5,5,3,0.4932812035083771,0.7925838828086853,0.8993229866027832,0.8640381693840027,0.005927562713623047,Arrest,0.7866563200950623,a person using a firearm during a violent event,shooting a person using a firearm during a violent event
10,Shooting,26,ucf_manual_class_prompts_10x.json,ucf_manual_class_prompts_10x,10,9,0.49297509789466853,0.8113319873809814,0.8732652068138123,0.8733522891998291,0.027788162231445312,Robbery,0.7835438251495361,a shooter stance with recoil and fleeing people,shooting a shooter stance with recoil and fleeing people
10,Shooting,27,ucf_manual_class_prompts_5x_v3.json,ucf_manual_class_prompts_5x_v3,5,3,0.49252809882163995,0.7911438345909119,0.883826732635498,0.8409591913223267,0.013300657272338867,Robbery,0.777843177318573,a person firing a handgun in surveillance footage,shooting a person firing a handgun in surveillance footage
10,Shooting,28,ucf_manual_class_prompts_5x_v4.json,ucf_manual_class_prompts_5x_v4,5,3,0.49252809882163995,0.7911438345909119,0.883826732635498,0.8409591913223267,0.013300657272338867,Robbery,0.777843177318573,a person firing a handgun in surveillance footage,shooting a person firing a handgun in surveillance footage
10,Shooting,29,ucf_manual_class_prompts_10x_v2.json,ucf_manual_class_prompts_10x_v2,10,9,0.48848011493682864,0.8049395084381104,0.8629310131072998,0.8643447160720825,0.018036246299743652,Stealing,0.7869032621383667,an armed shooter firing as people flee the scene,shooting an armed shooter firing as people flee the scene
10,Shooting,30,ucf_manual_class_prompts_10x.json,ucf_manual_class_prompts_10x,10,8,0.47105278968811026,0.7487230896949768,0.8608986735343933,0.8078917860984802,0.04545485973358154,Robbery,0.7032682299613953,a person aiming a rifle or handgun at a target,shooting a person aiming a rifle or handgun at a target
10,Shooting,31,ucf_manual_class_prompts_10x_v2.json,ucf_manual_class_prompts_10x_v2,10,8,0.4710527718067169,0.7487230896949768,0.8608986139297485,0.8078917860984802,0.04545485973358154,Robbery,0.7032682299613953,a person aiming a rifle or handgun at a target,shooting a person aiming a rifle or handgun at a target
10,Shooting,32,ucf_manual_class_prompts_10x_v2.json,ucf_manual_class_prompts_10x_v2,10,2,0.44855383634567264,0.7113344073295593,0.8373368382453918,0.791572093963623,-0.009098827838897705,Explosion,0.720433235168457,a muzzle flash appearing as a shooter targets someone,shooting a muzzle flash appearing as a shooter targets someone
10,Shooting,33,ucf_manual_class_prompts_10x.json,ucf_manual_class_prompts_10x,10,2,0.4485538005828857,0.7113344073295593,0.8373367190361023,0.791572093963623,-0.009098827838897705,Explosion,0.720433235168457,a muzzle flash appearing as a shooter targets someone,shooting a muzzle flash appearing as a shooter targets someone
10,Shooting,34,ucf_manual_class_prompts_5x_v3.json,ucf_manual_class_prompts_5x_v3,5,1,0.3892146646976471,0.6106775403022766,0.7684037685394287,0.7332261800765991,-0.04030710458755493,Explosion,0.6509846448898315,a visible muzzle flash from a discharged gun,shooting a visible muzzle flash from a discharged gun
10,Shooting,35,ucf_manual_class_prompts_5x_v4.json,ucf_manual_class_prompts_5x_v4,5,1,0.3892146646976471,0.6106775403022766,0.7684037685394287,0.7332261800765991,-0.04030710458755493,Explosion,0.6509846448898315,a visible muzzle flash from a discharged gun,shooting a visible muzzle flash from a discharged gun
11,Shoplifting,1,ucf_manual_class_prompts_5x_v5.json,ucf_manual_class_prompts_5x_v5,5,0,0.5430556654930114,0.8989613056182861,0.9156664609909058,0.9056246280670166,0.09617584943771362,Robbery,0.8027854561805725,a person secretly taking merchandise from a store without paying,shoplifting a person secretly taking merchandise from a store without paying
11,Shoplifting,2,ucf_manual_class_prompts_10x.json,ucf_manual_class_prompts_10x,10,5,0.5326697647571563,0.8897836804389954,0.8928179740905762,0.9003373384475708,0.07505673170089722,Arrest,0.8147269487380981,someone carrying an unpaid item past the cashier,shoplifting someone carrying an unpaid item past the cashier
11,Shoplifting,3,ucf_manual_class_prompts_10x_v2.json,ucf_manual_class_prompts_10x_v2,10,5,0.5326697647571563,0.8897836804389954,0.8928179740905762,0.9003373384475708,0.07505673170089722,Arrest,0.8147269487380981,someone carrying an unpaid item past the cashier,shoplifting someone carrying an unpaid item past the cashier
11,Shoplifting,4,ucf_manual_class_prompts_5x_v5.json,ucf_manual_class_prompts_5x_v5,5,4,0.5317768573760987,0.8808504343032837,0.8981553316116333,0.890474796295166,0.0972866415977478,Arrest,0.7835637927055359,a person removing store goods without permission,shoplifting a person removing store goods without permission
11,Shoplifting,5,ucf_manual_class_prompts_5x_v3.json,ucf_manual_class_prompts_5x_v3,5,1,0.531662380695343,0.8760678768157959,0.9074410200119019,0.8930193185806274,0.08514857292175293,Arrest,0.790919303894043,a person hiding a retail item while browsing shelves,shoplifting a person hiding a retail item while browsing shelves
11,Shoplifting,6,ucf_manual_class_prompts_5x_v4.json,ucf_manual_class_prompts_5x_v4,5,1,0.531662380695343,0.8760678768157959,0.9074410200119019,0.8930193185806274,0.08514857292175293,Arrest,0.790919303894043,a person hiding a retail item while browsing shelves,shoplifting a person hiding a retail item while browsing shelves
11,Shoplifting,7,ucf_manual_class_prompts_5x_v5.json,ucf_manual_class_prompts_5x_v5,5,1,0.5307531416416167,0.8674187064170837,0.9064565896987915,0.8744659423828125,0.11348718404769897,Stealing,0.7539315223693848,a shopper hiding store products inside clothing or a bag,shoplifting a shopper hiding store products inside clothing or a bag
11,Shoplifting,8,ucf_manual_class_prompts_10x.json,ucf_manual_class_prompts_10x,10,1,0.5248880982398987,0.8636364936828613,0.8824166059494019,0.8582756519317627,0.09290891885757446,Arrest,0.7707275748252869,a person removing a store item without checkout,shoplifting a person removing a store item without checkout
11,Shoplifting,9,ucf_manual_class_prompts_10x_v2.json,ucf_manual_class_prompts_10x_v2,10,1,0.5248880982398987,0.8636364936828613,0.8824166059494019,0.8582756519317627,0.09290891885757446,Arrest,0.7707275748252869,a person removing a store item without checkout,shoplifting a person removing a store item without checkout
11,Shoplifting,10,ucf_manual_class_prompts_10x.json,ucf_manual_class_prompts_10x,10,0,0.5242981851100922,0.8648699522018433,0.9038034081459045,0.8963890671730042,0.10908734798431396,Arrest,0.7557826042175293,a shopper concealing merchandise inside clothing or a bag,shoplifting a shopper concealing merchandise inside clothing or a bag
11,Shoplifting,11,ucf_manual_class_prompts_10x_v2.json,ucf_manual_class_prompts_10x_v2,10,0,0.5242981672286987,0.8648699522018433,0.9038033485412598,0.8963890671730042,0.10908734798431396,Arrest,0.7557826042175293,a shopper concealing merchandise inside clothing or a bag,shoplifting a shopper concealing merchandise inside clothing or a bag
11,Shoplifting,12,ucf_manual_class_prompts_5x_v3.json,ucf_manual_class_prompts_5x_v3,5,0,0.5226135492324828,0.8604946136474609,0.9027032852172852,0.8922237157821655,0.10928833484649658,Arrest,0.7512062788009644,a shopper concealing merchandise inside clothing or bag,shoplifting a shopper concealing merchandise inside clothing or bag
11,Shoplifting,13,ucf_manual_class_prompts_5x_v4.json,ucf_manual_class_prompts_5x_v4,5,0,0.5226135313510895,0.8604946136474609,0.9027032256126404,0.8922237157821655,0.10928833484649658,Arrest,0.7512062788009644,a shopper concealing merchandise inside clothing or bag,shoplifting a shopper concealing merchandise inside clothing or bag
11,Shoplifting,14,ucf_manual_class_prompts_10x.json,ucf_manual_class_prompts_10x,10,2,0.5220773458480834,0.8667542934417725,0.8838077783584595,0.8822106719017029,0.04142904281616211,Arrest,0.8253252506256104,a customer hiding a product and exiting an aisle,shoplifting a customer hiding a product and exiting an aisle
11,Shoplifting,15,ucf_manual_class_prompts_10x_v2.json,ucf_manual_class_prompts_10x_v2,10,2,0.5220773458480834,0.8667542934417725,0.8838077783584595,0.8822106719017029,0.04142904281616211,Arrest,0.8253252506256104,a customer hiding a product and exiting an aisle,shoplifting a customer hiding a product and exiting an aisle
11,Shoplifting,16,ucf_manual_class_prompts_10x_v2.json,ucf_manual_class_prompts_10x_v2,10,7,0.5218951404094696,0.8575313091278076,0.9008660912513733,0.885651707649231,0.07331234216690063,Arrest,0.784218966960907,a customer hiding one item while handling shelf products,shoplifting a customer hiding one item while handling shelf products
11,Shoplifting,17,ucf_manual_class_prompts_5x_v5.json,ucf_manual_class_prompts_5x_v5,5,2,0.5190753936767578,0.8732137084007263,0.8977633118629456,0.9343022704124451,0.08452415466308594,Arrest,0.7886895537376404,a person stealing items from a retail store,shoplifting a person stealing items from a retail store
11,Shoplifting,18,ucf_manual_class_prompts_10x.json,ucf_manual_class_prompts_10x,10,6,0.5189520359039307,0.8470783233642578,0.8781204223632812,0.8401162624359131,0.10204863548278809,Robbery,0.7450296878814697,concealed goods disappearing beneath a jacket in a store,shoplifting concealed goods disappearing beneath a jacket in a store
11,Shoplifting,19,ucf_manual_class_prompts_10x_v2.json,ucf_manual_class_prompts_10x_v2,10,6,0.5189520359039307,0.8470783233642578,0.8781204223632812,0.8401162624359131,0.10204863548278809,Robbery,0.7450296878814697,concealed goods disappearing beneath a jacket in a store,shoplifting concealed goods disappearing beneath a jacket in a store
11,Shoplifting,20,ucf_manual_class_prompts_10x.json,ucf_manual_class_prompts_10x,10,9,0.5182396173477173,0.8562526106834412,0.8777520060539246,0.8660614490509033,0.05551022291183472,Robbery,0.8007423877716064,a retail theft scene with discreet concealment and exit,shoplifting a retail theft scene with discreet concealment and exit
11,Shoplifting,21,ucf_manual_class_prompts_10x_v2.json,ucf_manual_class_prompts_10x_v2,10,9,0.5182395994663238,0.8562526106834412,0.8777519464492798,0.8660614490509033,0.05551022291183472,Robbery,0.8007423877716064,a retail theft scene with discreet concealment and exit,shoplifting a retail theft scene with discreet concealment and exit
11,Shoplifting,22,ucf_manual_class_prompts_5x_v5.json,ucf_manual_class_prompts_5x_v5,5,3,0.5150146365165711,0.8516461849212646,0.894939661026001,0.8964517712593079,0.09356200695037842,Arrest,0.7580841779708862,a customer leaving a shop with concealed merchandise,shoplifting a customer leaving a shop with concealed merchandise
11,Shoplifting,23,ucf_manual_class_prompts_10x_v2.json,ucf_manual_class_prompts_10x_v2,10,8,0.5147719383239745,0.8502508401870728,0.892996072769165,0.8912615180015564,0.12104445695877075,Arrest,0.729206383228302,a shopper leaving a store with concealed unpaid merchandise,shoplifting a shopper leaving a store with concealed unpaid merchandise
11,Shoplifting,24,ucf_manual_class_prompts_5x_v3.json,ucf_manual_class_prompts_5x_v3,5,4,0.514255678653717,0.8449667692184448,0.8876038789749146,0.8725443482398987,0.04847526550292969,Arrest,0.7964915037155151,a customer exiting retail space with concealed merchandise,shoplifting a customer exiting retail space with concealed merchandise
11,Shoplifting,25,ucf_manual_class_prompts_5x_v4.json,ucf_manual_class_prompts_5x_v4,5,4,0.5142556607723237,0.8449667692184448,0.8876038193702698,0.8725443482398987,0.04847526550292969,Arrest,0.7964915037155151,a customer exiting retail space with concealed merchandise,shoplifting a customer exiting retail space with concealed merchandise
11,Shoplifting,26,ucf_manual_class_prompts_10x.json,ucf_manual_class_prompts_10x,10,4,0.5092186391353606,0.8584471344947815,0.8785955905914307,0.9179180264472961,0.1007542610168457,Arrest,0.7576928734779358,a person scanning surroundings before pocketing merchandise,shoplifting a person scanning surroundings before pocketing merchandise
11,Shoplifting,27,ucf_manual_class_prompts_10x_v2.json,ucf_manual_class_prompts_10x_v2,10,4,0.5092186391353606,0.8584471344947815,0.8785955905914307,0.9179180264472961,0.1007542610168457,Arrest,0.7576928734779358,a person scanning surroundings before pocketing merchandise,shoplifting a person scanning surroundings before pocketing merchandise
11,Shoplifting,28,ucf_manual_class_prompts_10x.json,ucf_manual_class_prompts_10x,10,8,0.5059315085411071,0.846153199672699,0.8756284117698669,0.899168074131012,0.10063976049423218,Arrest,0.7455134391784668,a suspect leaving a shop while holding unpaid merchandise,shoplifting a suspect leaving a shop while holding unpaid merchandise
11,Shoplifting,29,ucf_manual_class_prompts_5x_v3.json,ucf_manual_class_prompts_5x_v3,5,2,0.5014718770980835,0.8232591152191162,0.8519454002380371,0.8287065029144287,0.08859002590179443,Stealing,0.7346690893173218,store goods disappearing beneath a jacket while shopping,shoplifting store goods disappearing beneath a jacket while shopping
11,Shoplifting,30,ucf_manual_class_prompts_5x_v4.json,ucf_manual_class_prompts_5x_v4,5,2,0.5014718592166901,0.8232591152191162,0.8519453406333923,0.8287065029144287,0.08859002590179443,Stealing,0.7346690893173218,store goods disappearing beneath a jacket while shopping,shoplifting store goods disappearing beneath a jacket while shopping
11,Shoplifting,31,ucf_manual_class_prompts_10x.json,ucf_manual_class_prompts_10x,10,7,0.49332144260406496,0.8246385455131531,0.8626481890678406,0.8889614343643188,0.09521454572677612,Arrest,0.729423999786377,a customer manipulating shelf products and hiding one item,shoplifting a customer manipulating shelf products and hiding one item
11,Shoplifting,32,ucf_manual_class_prompts_10x.json,ucf_manual_class_prompts_10x,10,3,0.48855559229850765,0.8113504648208618,0.8412638306617737,0.8474939465522766,0.1476891040802002,Stealing,0.6636613607406616,a shopper slipping goods into a bag while browsing,shoplifting a shopper slipping goods into a bag while browsing
11,Shoplifting,33,ucf_manual_class_prompts_10x_v2.json,ucf_manual_class_prompts_10x_v2,10,3,0.48855559229850765,0.8113504648208618,0.8412638306617737,0.8474939465522766,0.1476891040802002,Stealing,0.6636613607406616,a shopper slipping goods into a bag while browsing,shoplifting a shopper slipping goods into a bag while browsing
11,Shoplifting,34,ucf_manual_class_prompts_5x_v3.json,ucf_manual_class_prompts_5x_v3,5,3,0.4842672348022461,0.7987360954284668,0.8466843366622925,0.8455305695533752,0.14383631944656372,Arrest,0.6548997759819031,a shopper slipping merchandise into a bag in aisle,shoplifting a shopper slipping merchandise into a bag in aisle
11,Shoplifting,35,ucf_manual_class_prompts_5x_v4.json,ucf_manual_class_prompts_5x_v4,5,3,0.4842672348022461,0.7987360954284668,0.8466843366622925,0.8455305695533752,0.14383631944656372,Arrest,0.6548997759819031,a shopper slipping merchandise into a bag in aisle,shoplifting a shopper slipping merchandise into a bag in aisle
12,Stealing,1,ucf_manual_class_prompts_5x_v5.json,ucf_manual_class_prompts_5x_v5,5,1,0.5261917531490325,0.8762980699539185,0.8882489800453186,0.8921598792076111,0.007971763610839844,Arrest,0.8683263063430786,a person secretly stealing an unattended object,stealing a person secretly stealing an unattended object
12,Stealing,2,ucf_manual_class_prompts_5x_v5.json,ucf_manual_class_prompts_5x_v5,5,2,0.5196305513381958,0.8667773008346558,0.884615421295166,0.8957136273384094,0.011451423168182373,Robbery,0.8553258776664734,a person removing someone's belongings and leaving,stealing a person removing someone's belongings and leaving
12,Stealing,3,ucf_manual_class_prompts_5x_v5.json,ucf_manual_class_prompts_5x_v5,5,0,0.5195289850234985,0.8651924133300781,0.8967151641845703,0.9104088544845581,-0.0015846490859985352,Arrest,0.8667770624160767,a person taking another person's property without permission,stealing a person taking another person's property without permission
12,Stealing,4,ucf_manual_class_prompts_10x.json,ucf_manual_class_prompts_10x,10,8,0.5081110119819641,0.8610541820526123,0.8253253698348999,0.8500684499740601,0.026040852069854736,Arrest,0.8350133299827576,a valuable object being taken stealthily during distraction,stealing a valuable object being taken stealthily during distraction
12,Stealing,5,ucf_manual_class_prompts_10x.json,ucf_manual_class_prompts_10x,10,0,0.5058365881443023,0.8259686827659607,0.9176754951477051,0.9122520089149475,-0.0011454224586486816,Arrest,0.8271141052246094,a person taking unattended property and leaving quickly,stealing a person taking unattended property and leaving quickly
12,Stealing,6,ucf_manual_class_prompts_10x_v2.json,ucf_manual_class_prompts_10x_v2,10,0,0.5058365881443023,0.8259686827659607,0.9176754951477051,0.9122520089149475,-0.0011454224586486816,Arrest,0.8271141052246094,a person taking unattended property and leaving quickly,stealing a person taking unattended property and leaving quickly
12,Stealing,7,ucf_manual_class_prompts_5x_v3.json,ucf_manual_class_prompts_5x_v3,5,0,0.5058365881443023,0.8259686827659607,0.9176754951477051,0.9122520089149475,-0.0011454224586486816,Arrest,0.8271141052246094,a person taking unattended property and leaving quickly,stealing a person taking unattended property and leaving quickly
12,Stealing,8,ucf_manual_class_prompts_10x.json,ucf_manual_class_prompts_10x,10,3,0.5047962307929992,0.8345081806182861,0.8916341066360474,0.89974045753479,0.002012968063354492,Arrest,0.8324952125549316,unattended belongings disappearing after suspicious human contact,stealing unattended belongings disappearing after suspicious human contact
12,Stealing,9,ucf_manual_class_prompts_10x_v2.json,ucf_manual_class_prompts_10x_v2,10,3,0.5047962307929992,0.8345081806182861,0.8916341066360474,0.89974045753479,0.002012968063354492,Arrest,0.8324952125549316,unattended belongings disappearing after suspicious human contact,stealing unattended belongings disappearing after suspicious human contact
12,Stealing,10,ucf_manual_class_prompts_5x_v4.json,ucf_manual_class_prompts_5x_v4,5,0,0.5008764505386352,0.8368808627128601,0.8750116229057312,0.9003373384475708,0.0008858442306518555,Arrest,0.8359950184822083,a person taking an unattended bag and leaving,stealing a person taking an unattended bag and leaving
12,Stealing,11,ucf_manual_class_prompts_10x_v2.json,ucf_manual_class_prompts_10x_v2,10,8,0.4985653221607208,0.8183811902999878,0.9072402119636536,0.9139866828918457,-0.0036653876304626465,Arrest,0.8220465779304504,a thief quietly taking property during owner distraction,stealing a thief quietly taking property during owner distraction
12,Stealing,12,ucf_manual_class_prompts_10x.json,ucf_manual_class_prompts_10x,10,9,0.49556042551994317,0.8132186532020569,0.9158484935760498,0.9290172457695007,-0.011700212955474854,Shoplifting,0.8249188661575317,a thief carrying stolen property away without confrontation,stealing a thief carrying stolen property away without confrontation
12,Stealing,13,ucf_manual_class_prompts_5x_v3.json,ucf_manual_class_prompts_5x_v3,5,4,0.49316046833992,0.8113231062889099,0.8896704912185669,0.8970111608505249,-0.0047457218170166016,Robbery,0.8160688281059265,a thief quietly removing property from public space,stealing a thief quietly removing property from public space
12,Stealing,14,ucf_manual_class_prompts_10x.json,ucf_manual_class_prompts_10x,10,2,0.49314698576927185,0.80352783203125,0.9028485417366028,0.8973574638366699,-0.018651187419891357,Arrest,0.8221790194511414,a suspect approaching a valuable item and carrying it away,stealing a suspect approaching a valuable item and carrying it away
12,Stealing,15,ucf_manual_class_prompts_10x_v2.json,ucf_manual_class_prompts_10x_v2,10,2,0.4931469678878784,0.80352783203125,0.902848482131958,0.8973574638366699,-0.018651187419891357,Arrest,0.8221790194511414,a suspect approaching a valuable item and carrying it away,stealing a suspect approaching a valuable item and carrying it away
12,Stealing,16,ucf_manual_class_prompts_5x_v5.json,ucf_manual_class_prompts_5x_v5,5,4,0.4911293864250183,0.8040494918823242,0.9069544076919556,0.9149084091186523,-0.019547998905181885,Shoplifting,0.8235974907875061,a person carrying away stolen items,stealing a person carrying away stolen items
12,Stealing,17,ucf_manual_class_prompts_10x.json,ucf_manual_class_prompts_10x,10,4,0.4896771192550659,0.8033812046051025,0.8717620372772217,0.8677104711532593,-0.020494699478149414,Arrest,0.823875904083252,a person lifting property while the owner is distracted,stealing a person lifting property while the owner is distracted
12,Stealing,18,ucf_manual_class_prompts_10x_v2.json,ucf_manual_class_prompts_10x_v2,10,4,0.48967710137367243,0.8033812046051025,0.8717619776725769,0.8677104711532593,-0.020494699478149414,Arrest,0.823875904083252,a person lifting property while the owner is distracted,stealing a person lifting property while the owner is distracted
12,Stealing,19,ucf_manual_class_prompts_5x_v3.json,ucf_manual_class_prompts_5x_v3,5,2,0.4851547122001648,0.7902371883392334,0.8910161256790161,0.8863435983657837,-0.022720813751220703,Arrest,0.8129580020904541,a suspect carrying property while the owner is distracted,stealing a suspect carrying property while the owner is distracted
12,Stealing,20,ucf_manual_class_prompts_5x_v4.json,ucf_manual_class_prompts_5x_v4,5,2,0.4851547122001648,0.7902371883392334,0.8910161256790161,0.8863435983657837,-0.022720813751220703,Arrest,0.8129580020904541,a suspect carrying property while the owner is distracted,stealing a suspect carrying property while the owner is distracted
12,Stealing,21,ucf_manual_class_prompts_5x_v5.json,ucf_manual_class_prompts_5x_v5,5,3,0.48403314352035526,0.7897960543632507,0.8983260989189148,0.9018135666847229,-0.021177947521209717,Shoplifting,0.8109740018844604,a thief taking personal property in a public place,stealing a thief taking personal property in a public place
12,Stealing,22,ucf_manual_class_prompts_5x_v4.json,ucf_manual_class_prompts_5x_v4,5,3,0.4813493430614471,0.7940698862075806,0.9039161801338196,0.9343022704124451,-0.027389943599700928,Shoplifting,0.8214598298072815,a person pocketing an unattended item and walking away,stealing a person pocketing an unattended item and walking away
12,Stealing,23,ucf_manual_class_prompts_10x.json,ucf_manual_class_prompts_10x,10,7,0.4804656326770782,0.7952714562416077,0.8953030109405518,0.9288049936294556,-0.015993058681488037,Shoplifting,0.8112645149230957,a person pocketing an unattended item and changing direction,stealing a person pocketing an unattended item and changing direction
12,Stealing,24,ucf_manual_class_prompts_10x_v2.json,ucf_manual_class_prompts_10x_v2,10,7,0.4804656326770782,0.7952714562416077,0.8953030109405518,0.9288049936294556,-0.015993058681488037,Shoplifting,0.8112645149230957,a person pocketing an unattended item and changing direction,stealing a person pocketing an unattended item and changing direction
12,Stealing,25,ucf_manual_class_prompts_5x_v3.json,ucf_manual_class_prompts_5x_v3,5,3,0.4804656326770782,0.7952714562416077,0.8953030109405518,0.9288049936294556,-0.015993058681488037,Shoplifting,0.8112645149230957,a person pocketing an unattended item and changing direction,stealing a person pocketing an unattended item and changing direction
12,Stealing,26,ucf_manual_class_prompts_10x.json,ucf_manual_class_prompts_10x,10,1,0.4797555029392243,0.776271402835846,0.8847448825836182,0.8690183162689209,-0.02858734130859375,Shoplifting,0.8048587441444397,"a thief grabbing a bicycle, bag, phone, or object","stealing a thief grabbing a bicycle, bag, phone, or object"
12,Stealing,27,ucf_manual_class_prompts_10x_v2.json,ucf_manual_class_prompts_10x_v2,10,1,0.4797555029392243,0.776271402835846,0.8847448825836182,0.8690183162689209,-0.02858734130859375,Shoplifting,0.8048587441444397,"a thief grabbing a bicycle, bag, phone, or object","stealing a thief grabbing a bicycle, bag, phone, or object"
12,Stealing,28,ucf_manual_class_prompts_5x_v3.json,ucf_manual_class_prompts_5x_v3,5,1,0.4797555029392243,0.776271402835846,0.8847448825836182,0.8690183162689209,-0.02858734130859375,Shoplifting,0.8048587441444397,"a thief grabbing a bicycle, bag, phone, or object","stealing a thief grabbing a bicycle, bag, phone, or object"
12,Stealing,29,ucf_manual_class_prompts_10x_v2.json,ucf_manual_class_prompts_10x_v2,10,9,0.4770527601242065,0.7791084051132202,0.9029669761657715,0.916957676410675,-0.026822984218597412,Shoplifting,0.8059313893318176,a thief carrying stolen property away from the scene,stealing a thief carrying stolen property away from the scene
12,Stealing,30,ucf_manual_class_prompts_5x_v4.json,ucf_manual_class_prompts_5x_v4,5,1,0.46220667958259576,0.754130482673645,0.8758876919746399,0.8881243467330933,-0.025982260704040527,Shoplifting,0.7801127433776855,a thief lifting a phone or package from public space,stealing a thief lifting a phone or package from public space
12,Stealing,31,ucf_manual_class_prompts_10x.json,ucf_manual_class_prompts_10x,10,5,0.4440657317638397,0.7310312390327454,0.8388824462890625,0.8655731081962585,-0.02263927459716797,Shoplifting,0.7536705136299133,a thief cutting a lock and taking a bicycle,stealing a thief cutting a lock and taking a bicycle
12,Stealing,32,ucf_manual_class_prompts_10x_v2.json,ucf_manual_class_prompts_10x_v2,10,5,0.4440657317638397,0.7310312390327454,0.8388824462890625,0.8655731081962585,-0.02263927459716797,Shoplifting,0.7536705136299133,a thief cutting a lock and taking a bicycle,stealing a thief cutting a lock and taking a bicycle
12,Stealing,33,ucf_manual_class_prompts_10x_v2.json,ucf_manual_class_prompts_10x_v2,10,6,0.4368938624858856,0.7118977904319763,0.866653323173523,0.8952551484107971,-0.05456489324569702,Shoplifting,0.7664626836776733,a suspect removing a package or bag from public space,stealing a suspect removing a package or bag from public space
12,Stealing,34,ucf_manual_class_prompts_10x.json,ucf_manual_class_prompts_10x,10,6,0.4368938446044921,0.7118977904319763,0.8666532635688782,0.8952551484107971,-0.05456489324569702,Shoplifting,0.7664626836776733,a suspect removing a package or bag from public space,stealing a suspect removing a package or bag from public space
12,Stealing,35,ucf_manual_class_prompts_5x_v4.json,ucf_manual_class_prompts_5x_v4,5,4,0.3829217493534088,0.624008059501648,0.7698212265968323,0.8001432418823242,-0.06362706422805786,Shoplifting,0.6876351237297058,a thief removing a bicycle after handling its lock,stealing a thief removing a bicycle after handling its lock
13,Vandalism,1,ucf_manual_class_prompts_10x_v2.json,ucf_manual_class_prompts_10x_v2,10,5,0.5284387230873107,0.8744728565216064,0.8710943460464478,0.8506300449371338,0.07305800914764404,Stealing,0.8014148473739624,someone striking public property until visible damage appears,vandalism someone striking public property until visible damage appears
13,Vandalism,2,ucf_manual_class_prompts_10x.json,ucf_manual_class_prompts_10x,10,1,0.5243659198284149,0.8720993995666504,0.8530020117759705,0.8379219174385071,0.08541721105575562,Stealing,0.7866821885108948,someone kicking or striking an object until it breaks,vandalism someone kicking or striking an object until it breaks
13,Vandalism,3,ucf_manual_class_prompts_10x.json,ucf_manual_class_prompts_10x,10,7,0.5234174311161042,0.8725385069847107,0.8352041244506836,0.8170652985572815,0.1106945276260376,Abuse,0.7618439793586731,public property being defaced with paint or graffiti,vandalism public property being defaced with paint or graffiti
13,Vandalism,4,ucf_manual_class_prompts_10x_v2.json,ucf_manual_class_prompts_10x_v2,10,7,0.5204286932945251,0.8649466037750244,0.8300225734710693,0.8052569031715393,0.14428257942199707,Arrest,0.7206640243530273,a person painting graffiti directly onto public property,vandalism a person painting graffiti directly onto public property
13,Vandalism,5,ucf_manual_class_prompts_5x_v4.json,ucf_manual_class_prompts_5x_v4,5,4,0.5177729368209839,0.8486252427101135,0.8482933640480042,0.8051384687423706,0.0999346375465393,Abuse,0.7486906051635742,a person marking property with deliberate graffiti strokes,vandalism a person marking property with deliberate graffiti strokes
13,Vandalism,6,ucf_manual_class_prompts_5x_v5.json,ucf_manual_class_prompts_5x_v5,5,3,0.5073707163333894,0.8383802771568298,0.8582464456558228,0.8464667797088623,0.06977266073226929,Stealing,0.7686076164245605,property being damaged through vandalism or destruction,vandalism property being damaged through vandalism or destruction
13,Vandalism,7,ucf_manual_class_prompts_5x_v5.json,ucf_manual_class_prompts_5x_v5,5,1,0.5060472786426544,0.846411943435669,0.848582923412323,0.8586678504943848,0.04930520057678223,Stealing,0.7971067428588867,a person destroying or defacing objects without taking them,vandalism a person destroying or defacing objects without taking them
13,Vandalism,8,ucf_manual_class_prompts_10x_v2.json,ucf_manual_class_prompts_10x_v2,10,3,0.5011414706707,0.8209615349769592,0.8427566289901733,0.8108314275741577,0.05937457084655762,RoadAccidents,0.7615869641304016,a person breaking glass with repeated tool impacts,vandalism a person breaking glass with repeated tool impacts
13,Vandalism,9,ucf_manual_class_prompts_10x.json,ucf_manual_class_prompts_10x,10,3,0.5011414527893066,0.8209615349769592,0.8427565693855286,0.8108314275741577,0.05937457084655762,RoadAccidents,0.7615869641304016,a person breaking glass with repeated tool impacts,vandalism a person breaking glass with repeated tool impacts
13,Vandalism,10,ucf_manual_class_prompts_5x_v3.json,ucf_manual_class_prompts_5x_v3,5,2,0.5011414527893066,0.8209615349769592,0.8427565693855286,0.8108314275741577,0.05937457084655762,RoadAccidents,0.7615869641304016,a person breaking glass with repeated tool impacts,vandalism a person breaking glass with repeated tool impacts
13,Vandalism,11,ucf_manual_class_prompts_5x_v5.json,ucf_manual_class_prompts_5x_v5,5,0,0.5002902925014495,0.83928382396698,0.8473150134086609,0.8677306175231934,0.039793550968170166,Stealing,0.7994902729988098,a person intentionally damaging public or private property,vandalism a person intentionally damaging public or private property
13,Vandalism,12,ucf_manual_class_prompts_10x_v2.json,ucf_manual_class_prompts_10x_v2,10,9,0.49821894764900204,0.8300247192382812,0.8615676760673523,0.8763185739517212,0.02473163604736328,Abuse,0.805293083190918,a person deliberately damaging property without taking anything,vandalism a person deliberately damaging property without taking anything
13,Vandalism,13,ucf_manual_class_prompts_5x_v4.json,ucf_manual_class_prompts_5x_v4,5,3,0.4972103416919708,0.8243809342384338,0.799180269241333,0.77367103099823,0.13192081451416016,Stealing,0.6924601197242737,a vandal hitting a sign until it bends,vandalism a vandal hitting a sign until it bends
13,Vandalism,14,ucf_manual_class_prompts_5x_v5.json,ucf_manual_class_prompts_5x_v5,5,2,0.49523377418518066,0.8086720705032349,0.842732310295105,0.8096097707748413,0.06670725345611572,RoadAccidents,0.7419648170471191,"a person damaging a wall, vehicle, or public facility","vandalism a person damaging a wall, vehicle, or public facility"
13,Vandalism,15,ucf_manual_class_prompts_10x.json,ucf_manual_class_prompts_10x,10,9,0.494598639011383,0.8386871814727783,0.8396875858306885,0.8832561373710632,0.025119125843048096,Stealing,0.8135680556297302,"property damage happening without theft, fire, or confrontation","vandalism property damage happening without theft, fire, or confrontation"
13,Vandalism,16,ucf_manual_class_prompts_10x.json,ucf_manual_class_prompts_10x,10,5,0.49216420054435733,0.8162784576416016,0.8226848244667053,0.8139023780822754,0.054975271224975586,Stealing,0.761303186416626,"deliberate destruction of signs, windows, equipment, or furniture","vandalism deliberate destruction of signs, windows, equipment, or furniture"
13,Vandalism,17,ucf_manual_class_prompts_5x_v3.json,ucf_manual_class_prompts_5x_v3,5,3,0.49053012132644647,0.815144956111908,0.8108943104743958,0.8015532493591309,0.08112508058547974,Stealing,0.7340198755264282,someone striking fixtures until visible damage appears,vandalism someone striking fixtures until visible damage appears
13,Vandalism,18,ucf_manual_class_prompts_5x_v4.json,ucf_manual_class_prompts_5x_v4,5,2,0.4889856278896332,0.8154943585395813,0.8281118869781494,0.8359755873680115,0.03419327735900879,Assault,0.7813010811805725,a person repeatedly kicking a public fixture,vandalism a person repeatedly kicking a public fixture
13,Vandalism,19,ucf_manual_class_prompts_5x_v3.json,ucf_manual_class_prompts_5x_v3,5,1,0.48195106387138353,0.7973283529281616,0.8419062495231628,0.84642493724823,0.07287508249282837,Stealing,0.7244532704353333,a suspect spraying graffiti directly onto public property,vandalism a suspect spraying graffiti directly onto public property
13,Vandalism,20,ucf_manual_class_prompts_10x_v2.json,ucf_manual_class_prompts_10x_v2,10,8,0.4788752555847168,0.7975252866744995,0.8143384456634521,0.820944607257843,0.039131224155426025,Assault,0.7583940625190735,a suspect repeatedly hitting a fixture until it breaks,vandalism a suspect repeatedly hitting a fixture until it breaks
13,Vandalism,21,ucf_manual_class_prompts_10x.json,ucf_manual_class_prompts_10x,10,8,0.47694653272628784,0.7934411764144897,0.8179550170898438,0.8258028030395508,0.031899333000183105,Assault,0.7615418434143066,a suspect repeatedly hitting a fixture until pieces break,vandalism a suspect repeatedly hitting a fixture until pieces break
13,Vandalism,22,ucf_manual_class_prompts_5x_v3.json,ucf_manual_class_prompts_5x_v3,5,4,0.46961443424224847,0.7739503383636475,0.8358737230300903,0.8406142592430115,0.025551676750183105,Stealing,0.7483986616134644,a person deliberately damaging property with tools or kicks,vandalism a person deliberately damaging property with tools or kicks
13,Vandalism,23,ucf_manual_class_prompts_10x_v2.json,ucf_manual_class_prompts_10x_v2,10,0,0.46715977191925045,0.7623615860939026,0.8334843516349792,0.8203316330909729,0.027844011783599854,Assault,0.7345175743103027,a person smashing a window or door with force,vandalism a person smashing a window or door with force
13,Vandalism,24,ucf_manual_class_prompts_5x_v3.json,ucf_manual_class_prompts_5x_v3,5,0,0.46715977191925045,0.7623615860939026,0.8334843516349792,0.8203316330909729,0.027844011783599854,Assault,0.7345175743103027,a person smashing a window or door with force,vandalism a person smashing a window or door with force
13,Vandalism,25,ucf_manual_class_prompts_5x_v4.json,ucf_manual_class_prompts_5x_v4,5,1,0.46504949927330014,0.7622329592704773,0.8076239824295044,0.791770875453949,0.0563313364982605,RoadAccidents,0.7059016227722168,someone scratching a parked vehicle with a tool,vandalism someone scratching a parked vehicle with a tool
13,Vandalism,26,ucf_manual_class_prompts_10x.json,ucf_manual_class_prompts_10x,10,2,0.46430107951164246,0.7540059089660645,0.8148999810218811,0.7858593463897705,0.08099204301834106,Arrest,0.6730138659477234,a suspect spraying graffiti on a wall or vehicle,vandalism a suspect spraying graffiti on a wall or vehicle
13,Vandalism,27,ucf_manual_class_prompts_10x.json,ucf_manual_class_prompts_10x,10,0,0.4625088751316071,0.7668908834457397,0.8252907395362854,0.8426189422607422,0.022376954555511475,Abuse,0.7445139288902283,a person damaging property by smashing a window or door,vandalism a person damaging property by smashing a window or door
13,Vandalism,28,ucf_manual_class_prompts_10x_v2.json,ucf_manual_class_prompts_10x_v2,10,1,0.4623615503311157,0.764846682548523,0.791314959526062,0.7872813940048218,0.06847214698791504,Assault,0.6963745355606079,someone kicking a fixture until visible pieces break,vandalism someone kicking a fixture until visible pieces break
13,Vandalism,29,ucf_manual_class_prompts_5x_v4.json,ucf_manual_class_prompts_5x_v4,5,0,0.4562378525733948,0.7456679940223694,0.760028064250946,0.7230228185653687,0.1263079047203064,Abuse,0.619360089302063,a person spraying paint across a wall surface,vandalism a person spraying paint across a wall surface
13,Vandalism,30,ucf_manual_class_prompts_10x.json,ucf_manual_class_prompts_10x,10,4,0.4469408094882965,0.7398369312286377,0.8127147555351257,0.8339604139328003,0.039504408836364746,Shoplifting,0.700332522392273,a vandal throwing an object at a storefront or car,vandalism a vandal throwing an object at a storefront or car
13,Vandalism,31,ucf_manual_class_prompts_10x_v2.json,ucf_manual_class_prompts_10x_v2,10,4,0.4469408094882965,0.7398369312286377,0.8127147555351257,0.8339604139328003,0.039504408836364746,Shoplifting,0.700332522392273,a vandal throwing an object at a storefront or car,vandalism a vandal throwing an object at a storefront or car
13,Vandalism,32,ucf_manual_class_prompts_10x_v2.json,ucf_manual_class_prompts_10x_v2,10,2,0.43886886239051814,0.7174474596977234,0.7576687335968018,0.7357774376869202,0.13005346059799194,Arrest,0.5873939990997314,a suspect spraying graffiti onto a wall with a can,vandalism a suspect spraying graffiti onto a wall with a can
13,Vandalism,33,ucf_manual_class_prompts_5x_v5.json,ucf_manual_class_prompts_5x_v5,5,4,0.42513589262962337,0.7147964239120483,0.7514628767967224,0.7885059118270874,0.03392058610916138,Arrest,0.680875837802887,a person breaking or marking property in a destructive way,vandalism a person breaking or marking property in a destructive way
13,Vandalism,34,ucf_manual_class_prompts_10x.json,ucf_manual_class_prompts_10x,10,6,0.41601782441139223,0.7029588222503662,0.7680878043174744,0.829439640045166,-0.0330425500869751,Burglary,0.7360013723373413,a person scratching and denting a parked vehicle,vandalism a person scratching and denting a parked vehicle
13,Vandalism,35,ucf_manual_class_prompts_10x_v2.json,ucf_manual_class_prompts_10x_v2,10,6,0.41601782441139223,0.7029588222503662,0.7680878043174744,0.829439640045166,-0.0330425500869751,Burglary,0.7360013723373413,a person scratching and denting a parked vehicle,vandalism a person scratching and denting a parked vehicle
