video_id,label,num_frames,positive_frames,baseline_classifier_mean,baseline_classifier_max,baseline_classifier_positive_mean,baseline_classifier_negative_mean,baseline_classifier_auc,baseline_classifier_ap,baseline_alignment_mean,baseline_alignment_max,baseline_alignment_positive_mean,baseline_alignment_negative_mean,baseline_alignment_auc,baseline_alignment_ap,manual_classifier_mean,delta_classifier_mean,manual_classifier_max,delta_classifier_max,manual_classifier_positive_mean,delta_classifier_positive_mean,manual_classifier_negative_mean,delta_classifier_negative_mean,manual_classifier_auc,delta_classifier_auc,manual_classifier_ap,delta_classifier_ap,manual_alignment_mean,delta_alignment_mean,manual_alignment_max,delta_alignment_max,manual_alignment_positive_mean,delta_alignment_positive_mean,manual_alignment_negative_mean,delta_alignment_negative_mean,manual_alignment_auc,delta_alignment_auc,manual_alignment_ap,delta_alignment_ap
Abuse028_x264,Abuse,1408,75,0.8617116808891296,0.9985138773918152,0.9662609100341797,0.8558292984962463,51.73643410852713,6.367688064496575,0.9958226680755615,0.9996578693389893,0.9981895089149475,0.9956895112991333,49.59189797449362,6.150696596618814,0.8130466938018799,-0.048664987087249756,0.9978135824203491,-0.0007002949714660645,0.9137855172157288,-0.05247539281845093,0.8073787093162537,-0.048450589179992676,44.726681670417605,-7.009752438109523,5.523203304160093,-0.8444847603364822,0.985446035861969,-0.01037663221359253,0.9948191046714783,-0.004838764667510986,0.9889079928398132,-0.009281516075134277,0.9852511882781982,-0.010438323020935059,48.16754188547137,-1.4243560890222469,5.860088962922633,-0.2906076336961805
Abuse030_x264,Abuse,1536,85,0.9929139614105225,0.9998125433921814,0.999457597732544,0.9925305843353271,69.11541735922488,9.577626597772973,0.9960942268371582,0.9987035393714905,0.9976728558540344,0.9960017800331116,49.40973770624721,6.223381187835201,0.855424702167511,-0.13748925924301147,0.9822067022323608,-0.017605841159820557,0.9789333343505859,-0.020524263381958008,0.848189651966095,-0.14434093236923218,92.36267077471926,23.247253415494384,35.33683473389356,25.759208136120588,0.9794433116912842,-0.016650915145874023,0.9866666793823242,-0.01203685998916626,0.9855721592903137,-0.012100696563720703,0.9790842533111572,-0.016917526721954346,89.75513844407507,40.34540073782786,24.500954970382214,18.277573782547012
Arrest001_x264,Arrest,2368,300,0.4518764019012451,0.9980471134185791,0.9698720574378967,0.3767319321632385,98.38426821405545,90.03403346653347,0.6530710458755493,0.9905329346656799,0.9810068607330322,0.6054981350898743,99.59896840747905,97.37133478437828,0.26850438117980957,-0.18337202072143555,0.9936538934707642,-0.004393219947814941,0.9489144086837769,-0.020957648754119873,0.16979889571666718,-0.20693303644657135,99.47775628626692,1.0934880722114713,96.49825251502884,6.464219048495366,0.9806728959083557,0.3276018500328064,0.9853617548942566,-0.00517117977142334,0.9786828756332397,-0.0023239850997924805,0.9809615015983582,0.3754633665084839,27.542230818826564,-72.05673758865248,8.752103823722916,-88.61923096065536
Arrest007_x264,Arrest,3136,630,0.7880198955535889,0.9999284744262695,0.9957724809646606,0.7357915639877319,99.70622886025919,99.15736607142858,0.9165781736373901,0.9999218583106995,0.9993320107460022,0.895774245262146,99.90891701186993,99.6533658140801,0.6267985701560974,-0.16122132539749146,0.9948950409889221,-0.005033433437347412,0.934348464012146,-0.06142401695251465,0.5494816303253174,-0.18630993366241455,93.66004129771089,-6.0461875625482975,86.15740845429414,-12.999957617134442,0.9737290143966675,0.057150840759277344,0.9859259128570557,-0.013995945453643799,0.9780017733573914,-0.02133023738861084,0.9726549983024597,0.07688075304031372,68.44158147430295,-31.46733553756698,29.885840709559364,-69.76752510452074
Arrest024_x264,Arrest,3616,2100,0.9995573163032532,0.9999921321868896,0.9998852610588074,0.9991028904914856,51.493152406081165,55.06442484182102,0.9997256398200989,0.9999205470085144,0.9997170567512512,0.9997373223304749,39.684633747958294,48.4604455660679,0.9987773895263672,-0.0007799267768859863,0.9999721050262451,-2.002716064453125e-05,0.9997307658195496,-0.0001544952392578125,0.9974567890167236,-0.0016461014747619629,62.20128156803618,10.708129161955014,73.87826378006615,18.813838938245127,0.9972331523895264,-0.0024924874305725098,0.9981166124343872,-0.0018039345741271973,0.997254490852356,-0.0024625658988952637,0.9972035884857178,-0.00253373384475708,53.761779117979636,14.077145370021341,69.31995782718441,20.859512261116514
Arrest030_x264,Arrest,8640,1665,0.9869815111160278,0.9999940395355225,0.9999823570251465,0.9838781356811523,94.27715457392877,78.17053623625138,0.9984167218208313,0.9999738335609436,0.9999187588691711,0.9980581998825073,80.21709020848806,34.57953957658516,0.9632521867752075,-0.023729324340820312,0.9999905824661255,-3.4570693969726562e-06,0.9999672174453735,-1.5139579772949219e-05,0.9544879794120789,-0.029390156269073486,87.09736403069738,-7.179790543231391,46.12273910408135,-32.04779713217003,0.991923451423645,-0.006493270397186279,0.9967013597488403,-0.0032724738121032715,0.9957629442214966,-0.0041558146476745605,0.9910069704055786,-0.007051229476928711,94.36353773127965,14.14644752279159,82.54012556986025,47.96058599327509
Arrest039_x264,Arrest,15824,3120,0.31562724709510803,0.9983789920806885,0.42451947927474976,0.28888413310050964,59.54397565071369,23.391684099129716,0.3831726312637329,0.9992027878761292,0.4598191976547241,0.364348828792572,60.59185881289155,22.01382464863371,0.13623054325580597,-0.17939670383930206,0.9746088981628418,-0.02377009391784668,0.14145658910274506,-0.2830628901720047,0.1349470615386963,-0.15393707156181335,62.85357327391332,3.309597623199629,24.013364099753424,0.6216800006237087,0.9855908751487732,0.6024182438850403,0.9931302070617676,-0.006072580814361572,0.98691725730896,0.5270980596542358,0.9852651357650757,0.6209163069725037,40.23929471032746,-20.352564102564095,15.388919660546765,-6.624904988086946
Arson007_x264,Arson,6240,3450,0.957899808883667,0.9958055019378662,0.947363555431366,0.9709285497665405,40.183242428964725,47.75016439106431,0.9967396259307861,0.9988159537315369,0.9957154393196106,0.9980061054229736,20.153114123941616,44.81253779436939,0.9574788212776184,-0.000420987606048584,0.9947984218597412,-0.001007080078125,0.9485061168670654,0.0011425614356994629,0.9685741066932678,-0.002354443073272705,39.87073918238014,-0.3125032465845834,47.235545347757,-0.514619043307313,0.9916868805885315,-0.005052745342254639,0.9972845911979675,-0.001531362533569336,0.9904685616493225,-0.005246877670288086,0.9931934475898743,-0.004812657833099365,15.010441016051116,-5.1426731078905,37.751210737005884,-7.061327057363506
Arson009_x264,Arson,736,95,0.9960964918136597,0.9998841285705566,0.9980766177177429,0.9958029389381409,36.82322029723294,11.619719789387476,0.9986822605133057,0.9999508857727051,0.9986799359321594,0.9986826777458191,34.32712045323918,11.23853200278029,0.9966388940811157,0.0005424022674560547,0.9999423027038574,5.817413330078125e-05,0.9988694190979004,0.0007928013801574707,0.9963083863258362,0.0005054473876953125,40.73815584202316,3.914935544790218,12.163644864166548,0.5439250747790716,0.998619556427002,-6.270408630371094e-05,0.999093234539032,-0.0008576512336730957,0.9989398121833801,0.0002598762512207031,0.9985721111297607,-0.00011056661605834961,71.63724443714591,37.31012398390673,28.025080730672837,16.786548727892544
Arson010_x264,Arson,3152,345,0.7839153409004211,0.9961961507797241,0.9833076596260071,0.7594085931777954,80.42662494901462,25.722674832918095,0.9570447206497192,0.9945799112319946,0.9928075671195984,0.9526492357254028,82.84542267519606,25.613980936556967,0.732237696647644,-0.0516776442527771,0.9975772500038147,0.0013810992240905762,0.9874961376190186,0.004188477993011475,0.7008647322654724,-0.058543860912323,85.89865914922838,5.472034200213756,28.775702410115798,3.053027577197703,0.9892526865005493,0.03220796585083008,0.9979901313781738,0.0034102201461791992,0.9974027276039124,0.004595160484313965,0.9882509708404541,0.03560173511505127,85.72517980411291,2.87975712891685,28.166193733735202,2.5522127971782353
Arson011_x264,Arson,1264,854,0.9950112700462341,0.9997077584266663,0.9945997595787048,0.9958685040473938,62.822299651567945,84.5060374622714,0.9993823170661926,0.9997981786727905,0.9996566772460938,0.9988109469413757,98.08133889301422,99.00797730551056,0.9847418069839478,-0.010269463062286377,0.9984138011932373,-0.001293957233428955,0.9803543090820312,-0.014245450496673584,0.993880569934845,-0.001987934112548828,18.798766207802593,-44.02353344376535,51.63832653117222,-32.867710931099175,0.9960018396377563,-0.0033804774284362793,0.9975851774215698,-0.002213001251220703,0.9962671399116516,-0.0033895373344421387,0.9954493045806885,-0.003361642360687256,73.62483577997372,-24.456503113040498,86.1913137895555,-12.81666351595507
Arson016_x264,Arson,1792,792,0.785133957862854,0.9999029636383057,0.9992296695709229,0.615570068359375,99.99595959595959,99.98989898989899,0.9622316360473633,0.9996755719184875,0.9994420409202576,0.9327608346939087,99.99595959595959,99.98989898989899,0.5452753305435181,-0.23985862731933594,0.998532772064209,-0.0013701915740966797,0.9909040927886963,-0.008325576782226562,0.19233743846416473,-0.42323262989521027,99.99595959595959,0.0,99.98989898989899,0.0,0.9774126410484314,0.015181005001068115,0.9952919483184814,-0.0043836236000061035,0.9946762323379517,-0.004765808582305908,0.9637396931648254,0.030978858470916748,99.99595959595959,0.0,99.98989898989899,0.0
Arson018_x264,Arson,832,330,0.9982958436012268,0.9998984336853027,0.9993827939033508,0.9975813627243042,60.67246166847761,42.24004651313983,0.9996012449264526,0.9998027682304382,0.999603271484375,0.9995996356010437,49.816491609320295,38.86924183618679,0.9990271925926208,0.000731348991394043,0.9998258948326111,-7.253885269165039e-05,0.9997262954711914,0.00034350156784057617,0.9985675811767578,0.0009862184524536133,79.6221175902451,18.949655921767487,63.61316615465908,21.373119641519253,0.9988526701927185,-0.0007485747337341309,0.999333381652832,-0.00046938657760620117,0.9989585280418396,-0.0006447434425354004,0.9987829923629761,-0.000816643238067627,74.19413256066643,24.377640951346137,68.72922064814051,29.859978811953724
Arson022_x264,Arson,8640,500,0.17088857293128967,0.9978341460227966,0.20723113417625427,0.16865621507167816,75.24855036855037,10.451115560881139,0.19434614479541779,0.9996037483215332,0.1678755283355713,0.19597209990024567,73.00147420147421,9.68167696248114,0.1404198557138443,-0.030468717217445374,0.9957459568977356,-0.002088189125061035,0.05808126926422119,-0.14914986491203308,0.1454775184392929,-0.023178696632385254,73.84117936117937,-1.4073710073709975,10.291920855754148,-0.15919470512699085,0.9895737171173096,0.7952275723218918,0.9943811297416687,-0.005222618579864502,0.9899480938911438,0.8220725655555725,0.989550769329071,0.7935786694288254,29.42014742014742,-43.581326781326794,4.145695441529435,-5.5359815209517045
Arson035_x264,Arson,1424,300,0.7763559818267822,0.9992513060569763,0.9986855983734131,0.717015266418457,88.60498220640571,70.8615977989792,0.9473569989204407,0.9996225833892822,0.9994032979011536,0.9334656000137329,99.67022538552787,98.72760270774977,0.7173740267753601,-0.05898195505142212,0.9994663596153259,0.00021505355834960938,0.9976218938827515,-0.001063704490661621,0.6425747871398926,-0.07444047927856445,86.8967971530249,-1.7081850533808023,64.88335391522374,-5.978243883755468,0.9903766512870789,0.043019652366638184,0.9987432360649109,-0.0008793473243713379,0.9984074831008911,-0.0009958148002624512,0.9882332682609558,0.0547676682472229,95.02016607354686,-4.6500593119810105,85.07572713896245,-13.651875568787318
Arson041_x264,Arson,3744,1485,0.9899712204933167,0.9999760389328003,0.9986900091171265,0.9842398166656494,87.8709330280822,86.85469927528348,0.9993581771850586,0.9999215006828308,0.9996099472045898,0.9991926550865173,73.5513166190457,73.44281433032872,0.9712058305740356,-0.018765389919281006,0.9998859167098999,-9.012222290039062e-05,0.9969965219497681,-0.0016934871673583984,0.954251766204834,-0.02998805046081543,92.57418511513245,4.703252087050245,89.09240023409158,2.237700958808105,0.9942147135734558,-0.005143463611602783,0.9976548552513123,-0.0022666454315185547,0.996491014957428,-0.0031189322471618652,0.9927182793617249,-0.0064743757247924805,93.55766608090646,20.00634946186075,80.49729548082125,7.054481150492535
Assault006_x264,Assault,8096,6911,0.9767820239067078,0.9999532699584961,0.9811534881591797,0.9512874484062195,73.03534938186355,94.0607107569676,0.9967076778411865,0.9996147155761719,0.9974859356880188,0.9921685457229614,87.21578819798681,97.46402989205164,0.9372639656066895,-0.03951805830001831,0.9998880624771118,-6.520748138427734e-05,0.9668483734130859,-0.01430511474609375,0.764725387096405,-0.18656206130981445,91.06811925219198,18.032769870328423,98.24402193321757,4.183311176249973,0.9594762921333313,-0.037231385707855225,0.9864392280578613,-0.013175487518310547,0.9605124592781067,-0.03697347640991211,0.953433096408844,-0.03873544931411743,67.41373594471482,-19.802052253271995,93.88583577566637,-3.5781941163852764
Assault010_x264,Assault,16176,1020,0.8710532188415527,0.9990785121917725,0.9871956706047058,0.8632367849349976,93.37136913356,69.34718317514547,0.9958997964859009,0.9995843172073364,0.9991496801376343,0.9956810474395752,95.35978762051138,49.42276837812105,0.9349523782730103,0.06389915943145752,0.9982519745826721,-0.0008265376091003418,0.9883479475975037,0.0011522769927978516,0.9313588738441467,0.06812208890914917,92.5636646846651,-0.8077044488948957,70.48324309245274,1.1360599173072643,0.9725905656814575,-0.02330923080444336,0.985411524772644,-0.014172792434692383,0.9820848703384399,-0.017064809799194336,0.9719516038894653,-0.023729443550109863,94.70339838231413,-0.6563892381972494,58.29016554855677,8.867397170435723
Assault011_x264,Assault,2288,585,0.18547077476978302,0.5335298180580139,0.31966912746429443,0.1393720805644989,80.01801747544555,58.97961147964191,0.036148592829704285,0.08189702033996582,0.05701175332069397,0.028981857001781464,82.69042564403692,50.84262171518127,0.5403827428817749,0.3549119681119919,0.9472267627716064,0.41369694471359253,0.8314719200134277,0.5118027925491333,0.44039034843444824,0.30101826786994934,75.29312274467883,-4.724894730766721,40.27906339832734,-18.700548081314572,0.9004758596420288,0.8643272668123245,0.9195101261138916,0.8376131057739258,0.8939642906188965,0.8369525372982025,0.9027127027511597,0.8737308457493782,17.262999934755662,-65.42742570928127,16.35701032730307,-34.485611387878194
Burglary005_x264,Burglary,7728,330,0.9756871461868286,0.9999713897705078,0.9997075796127319,0.9746156930923462,75.0223238057788,8.006216790864459,0.992919921875,0.9983745813369751,0.9978688359260559,0.9926992058753967,93.25755527702,27.219298278077485,0.9025083780288696,-0.07317876815795898,0.9995326995849609,-0.000438690185546875,0.9981463551521301,-0.0015612244606018066,0.8982422947883606,-0.0763733983039856,86.94233494720113,11.920011141422336,14.479011294041605,6.4727945031771466,0.9893220067024231,-0.0035979151725769043,0.9966278076171875,-0.0017467737197875977,0.9942209124565125,-0.003647923469543457,0.9891034960746765,-0.003595709800720215,91.72266050611549,-1.5348947709045149,20.573982725287625,-6.64531555278986
Burglary017_x264,Burglary,2112,450,0.7980459332466125,0.991346538066864,0.8951343894004822,0.771758496761322,73.40205909881,31.78731746598257,0.9940235018730164,0.9982763528823853,0.9960899353027344,0.993463933467865,85.80157775103623,52.07764934905914,0.6744840145111084,-0.12356191873550415,0.9958071708679199,0.004460632801055908,0.765814483165741,-0.1293199062347412,0.649755597114563,-0.12200289964675903,67.62160716673351,-5.780451932076488,28.121176410645383,-3.6661410553371887,0.9691097736358643,-0.0249137282371521,0.9880461096763611,-0.01023024320602417,0.9709864854812622,-0.025103449821472168,0.9686017036437988,-0.024862229824066162,59.00441235459286,-26.797165396443376,23.15190580544425,-28.925743543614892
Burglary018_x264,Burglary,1120,330,0.9775689244270325,0.9986891150474548,0.99517822265625,0.9702132940292358,57.86191024165708,31.479371430385296,0.9956235885620117,0.9968234896659851,0.9961881041526794,0.9953876733779907,48.680475642500966,27.689003435399574,0.965977668762207,-0.01159125566482544,0.9973575472831726,-0.0013315677642822266,0.9870367646217346,-0.00814145803451538,0.9571809768676758,-0.013032317161560059,35.681626390487146,-22.180283851169932,23.68725889428828,-7.792112536097015,0.9889624714851379,-0.006661117076873779,0.9920468330383301,-0.004776656627655029,0.9873661994934082,-0.00882190465927124,0.9896291494369507,-0.005758523941040039,18.43574990410433,-30.244725738396635,19.647927139994508,-8.041076295405066
Burglary021_x264,Burglary,1536,640,0.9900563359260559,0.9975433945655823,0.9905263781547546,0.9897207021713257,23.69419642857143,29.291380330247502,0.9954221844673157,0.9986902475357056,0.9941042065620422,0.9963637590408325,23.482142857142858,29.84153722856754,0.9730532765388489,-0.01700305938720703,0.9944933652877808,-0.0030500292778015137,0.9724186062812805,-0.01810777187347412,0.9735066294670105,-0.016214072704315186,47.62276785714286,23.92857142857143,38.737966711140594,9.446586380893091,0.9916529655456543,-0.003769218921661377,0.9974130392074585,-0.0012772083282470703,0.9921920895576477,-0.0019121170043945312,0.9912680387496948,-0.005095720291137695,51.5625,28.080357142857142,39.06443550996149,9.222898281393952
Burglary024_x264,Burglary,3600,1170,0.8551924228668213,0.9362043142318726,0.8117175102233887,0.8761248588562012,22.45147901938025,22.387743444992562,0.9900637865066528,0.9948983192443848,0.985953688621521,0.9920427203178406,2.444022369948295,18.8487199808797,0.45407241582870483,-0.40112000703811646,0.7543134689331055,-0.1818908452987671,0.4767620861530304,-0.3349554240703583,0.44314777851104736,-0.4329770803451538,53.9731279237452,31.52164890436495,48.72215846989255,26.334415024899986,0.968718409538269,-0.02134537696838379,0.9709102511405945,-0.023988068103790283,0.9670428037643433,-0.018910884857177734,0.9695252180099487,-0.022517502307891846,5.032745946326192,2.588723576377897,19.018643996909088,0.16992401602938756
Burglary032_x264,Burglary,15792,2400,0.9388415217399597,0.9983882904052734,0.9795198440551758,0.9315515160560608,76.31700517722024,30.64313891182166,0.9984009861946106,0.9996887445449829,0.9989928007125854,0.9982949495315552,75.47361608920748,27.929841785555613,0.8414585590362549,-0.09738296270370483,0.9996262788772583,0.0012379884719848633,0.8638098239898682,-0.11571002006530762,0.8374529480934143,-0.09409856796264648,58.67064914376743,-17.64635603345281,18.92275457656936,-11.720384335252298,0.9733723402023315,-0.025028645992279053,0.9914128184318542,-0.008275926113128662,0.9711140990257263,-0.02787870168685913,0.9737770557403564,-0.02451789379119873,41.164078056551176,-34.309538032656306,12.244101668088478,-15.685740117467136
Burglary033_x264,Burglary,1248,270,0.9137561321258545,0.9999761581420898,0.9999242424964905,0.8899674415588379,99.93410588502613,99.70315904139431,0.9904362559318542,0.9995739459991455,0.9992727637290955,0.9879968166351318,93.86275846398546,64.75922455024622,0.9145030379295349,0.0007469058036804199,0.9992166757583618,-0.0007594823837280273,0.9983987212181091,-0.0015255212783813477,0.8913416862487793,0.0013742446899414062,99.97046125880482,0.03635537377869014,99.82570806100216,0.12254901960784537,0.9868813753128052,-0.0035548806190490723,0.9907805323600769,-0.008793413639068604,0.9897980690002441,-0.009474694728851318,0.9860761165618896,-0.0019207000732421875,91.93592365371507,-1.9268348102703925,76.17580333112697,11.416578780880755
Burglary035_x264,Burglary,4048,1739,0.9998481273651123,0.9999809265136719,0.9998738169670105,0.9998289346694946,93.71782192889239,94.96973452237404,0.9994125962257385,0.999835729598999,0.9994889497756958,0.9993550181388855,72.2290903086679,52.261643240017804,0.99977707862854,-7.104873657226562e-05,0.9999635219573975,-1.7404556274414062e-05,0.9998106360435486,-6.318092346191406e-05,0.9997519254684448,-7.700920104980469e-05,91.53260823275475,-2.1852136961376374,93.10966057908658,-1.8600739432874605,0.9972701668739319,-0.0021424293518066406,0.9982200860977173,-0.0016156435012817383,0.9975205659866333,-0.0019683837890625,0.9970815181732178,-0.0022734999656677246,75.41446563451115,3.185375325843239,55.31636084656948,3.0547176065516766
Burglary037_x264,Burglary,1920,1410,0.9947213530540466,0.9998849630355835,0.9990273118019104,0.982816755771637,96.40244750382423,98.65586217621929,0.9992823004722595,0.9997537136077881,0.9993818402290344,0.9990074038505554,84.55652899457655,93.67289336119022,0.9919605255126953,-0.0027608275413513184,0.9998286962509155,-5.626678466796875e-05,0.998417854309082,-0.0006094574928283691,0.9741078615188599,-0.0087088942527771,93.7680433875678,-2.634404116256434,97.8519497295429,-0.8039124466763923,0.990797758102417,-0.00848454236984253,0.9945502877235413,-0.005203425884246826,0.9924697279930115,-0.006912112236022949,0.9861752986907959,-0.012832105159759521,97.04769851202893,12.491169517452377,99.03012689927901,5.357233538088792
Burglary061_x264,Burglary,8976,1500,0.8679232001304626,0.9945023059844971,0.9382994771003723,0.8538027405738831,87.18380595683968,80.5390952942049,0.9933741688728333,0.9973965883255005,0.995332658290863,0.9929812550544739,91.79461387551274,76.61520342424704,0.7035201787948608,-0.1644030213356018,0.9634323120117188,-0.03106999397277832,0.8509608507156372,-0.08733862638473511,0.6739373207092285,-0.17986541986465454,89.17959693240591,1.995790975566237,81.87880472784641,1.3397094336415165,0.9759491086006165,-0.017425060272216797,0.9857558012008667,-0.011640787124633789,0.979354739189148,-0.015977919101715088,0.9752658009529114,-0.0177154541015625,78.55002675227394,-13.244587123238801,62.52851360889432,-14.08668981535272
Burglary076_x264,Burglary,12912,2710,0.6242148876190186,0.9609841108322144,0.6466238498687744,0.6182623505592346,49.871525082629766,18.930912727458452,0.9780318737030029,0.997644305229187,0.9904029965400696,0.9747456908226013,50.715292783196396,19.107860101957638,0.2794990837574005,-0.34471580386161804,0.7750213146209717,-0.18596279621124268,0.32440322637557983,-0.3222206234931946,0.26757103204727173,-0.3506913185119629,65.13642864325135,15.264903560621583,26.98409540171237,8.053182674253918,0.9831823706626892,0.005150496959686279,0.9867966771125793,-0.010847628116607666,0.9822630286216736,-0.008139967918395996,0.983426570892334,0.008680880069732666,12.569932384287574,-38.14536039890882,12.2826142363819,-6.825245865575738
Burglary079_x264,Burglary,14848,2960,0.639452338218689,0.9997780919075012,0.9967595338821411,0.5504862070083618,99.85313375286458,99.32603461570008,0.9383410811424255,0.9984244108200073,0.9970770478248596,0.9237163066864014,99.47137244916519,96.71061772012675,0.6919317841529846,0.052479445934295654,0.9991568326950073,-0.0006212592124938965,0.9943789839744568,-0.002380549907684326,0.616625189781189,0.06613898277282715,99.6541595431232,-0.19897420974137958,98.1720913284898,-1.1539432872102822,0.9810503721237183,0.042709290981292725,0.9976610541343689,-0.0007633566856384277,0.9950218200683594,-0.002055227756500244,0.9775716066360474,0.053855299949645996,99.4667345676767,-0.004637881488491757,96.94815893030513,0.23754121017837804
Burglary092_x264,Burglary,624,180,0.9702184796333313,0.9935245513916016,0.9690423607826233,0.9706951379776001,43.593593593593596,26.12467102141015,0.9919595718383789,0.9981125593185425,0.9892746806144714,0.9930481910705566,16.046046046046044,19.345980227337723,0.9396583437919617,-0.03056013584136963,0.9928666353225708,-0.0006579160690307617,0.9298433661460876,-0.039198994636535645,0.9436373114585876,-0.02705782651901245,34.22422422422422,-9.369369369369373,23.025973187360695,-3.0986978340494566,0.9904623031616211,-0.0014972686767578125,0.9955374598503113,-0.002575099468231201,0.9877529740333557,-0.0015217065811157227,0.9915606379508972,-0.0014875531196594238,20.85085085085085,4.804804804804807,20.44450476527519,1.0985245379374682
Explosion002_x264,Explosion,4000,600,0.8620659112930298,0.9966289401054382,0.9303942918777466,0.8500080704689026,55.681568627450986,48.19821437488159,0.9225325584411621,0.9951122403144836,0.9870256781578064,0.9111514687538147,59.160784313725486,48.51015656525753,0.8016761541366577,-0.06038975715637207,0.9884564876556396,-0.008172452449798584,0.8272914290428162,-0.10310286283493042,0.7971557378768921,-0.0528523325920105,52.625882352941176,-3.05568627450981,39.1364081944655,-9.061806180416085,0.9905200004577637,0.06798744201660156,0.9958834648132324,0.0007712244987487793,0.993117094039917,0.006091415882110596,0.9900615811347961,0.07891011238098145,58.27607843137255,-0.8847058823529395,18.07658232067662,-30.43357424458091
Explosion004_x264,Explosion,1888,150,0.9966143369674683,0.9999854564666748,0.9922956228256226,0.9969871640205383,16.29996164173379,5.266242163998933,0.9990835785865784,0.999813437461853,0.9995081424713135,0.9990469217300415,74.8500191791331,15.208272820624794,0.9974182844161987,0.0008039474487304688,0.9999878406524658,2.384185791015625e-06,0.9929632544517517,0.0006676316261291504,0.9978028535842896,0.0008156895637512207,14.57537399309551,-1.7245876486382805,4.98667198550031,-0.27957017849862265,0.9973740577697754,-0.0017095208168029785,0.9982296824455261,-0.0015837550163269043,0.997955322265625,-0.0015528202056884766,0.9973238706588745,-0.0017230510711669922,95.2873034138857,20.437284234752596,46.766752789121206,31.558479968496414
Explosion007_x264,Explosion,16288,690,0.9774187207221985,0.9999226331710815,0.9927476048469543,0.9767406582832336,56.64983061745188,4.525786014732006,0.9960662126541138,0.9999722242355347,0.9994826912879944,0.9959150552749634,64.3820742532952,5.737626892805835,0.9737778902053833,-0.0036408305168151855,0.9998432397842407,-7.939338684082031e-05,0.8805489540100098,-0.11219865083694458,0.9779019951820374,0.001161336898803711,15.155993614937627,-41.493837002514255,2.3907926420460073,-2.1349933726859986,0.9947811961174011,-0.0012850165367126465,0.9983932375907898,-0.001578986644744873,0.9925196766853333,-0.006963014602661133,0.994881272315979,-0.001033782958984375,29.42671951625162,-34.95535473704358,2.8902274533123316,-2.8473994394935036
Explosion008_x264,Explosion,1744,240,0.8950331211090088,0.9999692440032959,0.9955767393112183,0.8789888620376587,82.26507092198581,33.006703491357186,0.9899248480796814,0.9998602271080017,0.9992057681083679,0.988443911075592,69.3395390070922,20.15136958110005,0.6929964423179626,-0.20203667879104614,0.999550998210907,-0.000418245792388916,0.9843981862068176,-0.011178553104400635,0.6464962363243103,-0.2324926257133484,83.04521276595744,0.7801418439716343,33.55798549104034,0.5512819996831553,0.9865574240684509,-0.0033674240112304688,0.9967584609985352,-0.0031017661094665527,0.9954149127006531,-0.0037908554077148438,0.9851439595222473,-0.0032999515533447266,81.427304964539,12.087765957446805,31.23795288330824,11.08658330220819
Explosion010_x264,Explosion,2496,795,0.7032913565635681,0.9755982160568237,0.7785751819610596,0.6681057214736938,47.02135998432295,28.147962241911983,0.9427421689033508,0.9989928007125854,0.9923860430717468,0.9195398092269897,42.80926129283921,26.93747686989986,0.4254411458969116,-0.2778502106666565,0.8359452486038208,-0.13965296745300293,0.42286479473114014,-0.35571038722991943,0.42664527893066406,-0.24146044254302979,50.52710392333033,3.505743939007381,29.621171586866556,1.4732093449545722,0.9712448120117188,0.02850264310836792,0.9808992743492126,-0.018093526363372803,0.9718988537788391,-0.020487189292907715,0.9709392189979553,0.051399409770965576,62.82856181528439,20.019300522445178,43.12015224943942,16.18267537953956
Explosion011_x264,Explosion,1568,150,0.12501445412635803,0.6799665689468384,0.08717291057109833,0.1290174424648285,66.5867418899859,13.802216723420882,0.1502983570098877,0.6938276290893555,0.12983325123786926,0.15246321260929108,69.77621062529384,14.940343851821854,0.14977209270000458,0.024757638573646545,0.8116601705551147,0.13169360160827637,0.09192992001771927,0.004757009446620941,0.1558908224105835,0.026873379945755005,70.06958157028677,3.48283968030087,15.17051047097887,1.3682937475579884,0.9794766306877136,0.8291782736778259,0.9890618324279785,0.29523420333862305,0.974799394607544,0.8449661433696747,0.9799713492393494,0.8275081366300583,25.78561354019746,-43.99059708509638,6.976015206713557,-7.9643286451082975
Explosion013_x264,Explosion,3312,450,0.47090575098991394,0.9997779726982117,0.9469028115272522,0.3960634768009186,95.08673033620623,83.76465185475391,0.7144436836242676,0.9997950196266174,0.9878283739089966,0.6714587211608887,97.57139529466573,90.72079450320761,0.3964149057865143,-0.07449084520339966,0.998576283454895,-0.0012016892433166504,0.9195079207420349,-0.027394890785217285,0.3141675293445587,-0.08189594745635986,93.42945880891374,-1.6572715272924938,54.32382142643375,-29.440830428320155,0.9792653918266296,0.26482170820236206,0.9949196577072144,-0.004875361919403076,0.9923694133758545,0.00454103946685791,0.9772050380706787,0.30574631690979004,98.02111965214692,0.44972435748118755,91.66368135442117,0.942886851213558
Explosion016_x264,Explosion,960,270,0.5266688466072083,0.9549422264099121,0.42185279726982117,0.5676839351654053,39.03274288781535,23.32750355269849,0.6205200552940369,0.9301756024360657,0.5782278776168823,0.6370692849159241,36.12989801395599,22.628724976016677,0.02757914550602436,-0.4990897011011839,0.06218072026968002,-0.8927615061402321,0.014547405764460564,-0.4073053915053606,0.032678522169589996,-0.5350054129958153,34.63553408480944,-4.39720880300591,22.048636017875857,-1.2788675348226342,0.974418044090271,0.35389798879623413,0.9821556806564331,0.05198007822036743,0.9754343628883362,0.39720648527145386,0.9740204215049744,0.3369511365890503,59.23242082662372,23.102522812667736,30.65201382144319,8.023288845426514
Explosion017_x264,Explosion,1632,450,0.7852763533592224,0.9998602867126465,0.9979177117347717,0.7043216228485107,98.14438804286519,96.37931830099852,0.9634385108947754,0.9992538690567017,0.9978712201118469,0.9503295421600342,97.71122391426961,95.56106981023541,0.9910920858383179,0.20581573247909546,0.9999663829803467,0.00010609626770019531,0.9998610019683838,0.0019432902336120605,0.9877535104751587,0.28343188762664795,98.19251739048693,0.048129347621738816,96.29416588322962,-0.08515241776889582,0.9704540371894836,0.007015526294708252,0.9898871779441833,-0.00936669111251831,0.9875144958496094,-0.010356724262237549,0.9639589190483093,0.013629376888275146,98.77006956194774,1.058845647678126,97.57883772274016,2.017767912504752
Explosion020_x264,Explosion,1280,210,0.9505796432495117,0.9994738698005676,0.9955364465713501,0.9417563676834106,72.66488651535381,25.874869389516803,0.9978550672531128,0.9996650218963623,0.9992405772209167,0.9975832104682922,76.25367156208279,28.167871045690596,0.9462293386459351,-0.00435030460357666,0.9990234375,-0.00045043230056762695,0.9959285855293274,0.0003921389579772949,0.936475396156311,-0.005280971527099609,78.81708945260347,6.152202937249655,47.839774582577775,21.96490519306097,0.9929212331771851,-0.004933834075927734,0.9978420734405518,-0.0018229484558105469,0.9959679841995239,-0.0032725930213928223,0.9923232793807983,-0.0052599310874938965,67.1677792612372,-9.085892300845586,22.560882081001107,-5.606988964689489
Explosion021_x264,Explosion,768,135,0.9552720189094543,0.9999903440475464,0.9990637898445129,0.9459325671195984,31.73541630097712,14.06620191260714,0.993546724319458,0.9998800754547119,0.9995329976081848,0.9922700524330139,42.52003978702241,15.993608788761652,0.8806011080741882,-0.07467091083526611,0.9997531771659851,-0.0002371668815612793,0.9873645901679993,-0.011699199676513672,0.8578316569328308,-0.08810091018676758,31.73541630097712,0.0,14.086297260626763,0.020095348019623316,0.9934183955192566,-0.00012832880020141602,0.99793541431427,-0.0019446611404418945,0.997573733329773,-0.0019592642784118652,0.9925321340560913,0.0002620816230773926,98.29676437891288,55.77672459189047,94.40506253006252,78.41145374130087
Explosion022_x264,Explosion,3584,190,0.11346597969532013,0.99854576587677,0.9924660921096802,0.06425854563713074,99.98790435133206,99.65334008097166,0.24750439822673798,0.9951902031898499,0.9841138124465942,0.20626814663410187,99.9184319077009,98.53127136021872,0.0923864096403122,-0.021079570055007935,0.9927955269813538,-0.00575023889541626,0.9772573113441467,-0.015208780765533447,0.04285033047199249,-0.021408215165138245,99.91346959029867,-0.07443476103338753,98.49128941234204,-1.1620506686296181,0.9851298928260803,0.7376254945993423,0.9910568594932556,-0.004133343696594238,0.9876049757003784,0.0034911632537841797,0.9849913120269775,0.7787231653928757,37.26421238718482,-62.65421952051609,4.523372923692293,-94.00789843652643
Explosion025_x264,Explosion,496,160,0.001150451134890318,0.009439682587981224,0.0009470013901591301,0.0012473318492993712,66.30952380952381,40.297428266178265,0.014958448708057404,0.025424182415008545,0.02144240215420723,0.011870852671563625,99.52380952380952,98.96474358974359,0.001182946958579123,3.24958236888051e-05,0.008217302151024342,-0.0012223804369568825,0.0009362705750390887,-1.073081512004137e-05,0.0013004119973629713,5.308014806360006e-05,63.45238095238095,-2.857142857142861,38.343332729362146,-1.9540955368161192,0.9845030307769775,0.9695445820689201,0.9861647486686707,0.9607405662536621,0.9833341836929321,0.9618917815387249,0.9850596189498901,0.9731887662783265,0.35714285714285726,-99.16666666666666,19.73078501045203,-79.23395857929157
Explosion027_x264,Explosion,768,75,0.9326238632202148,0.9891167283058167,0.9210697412490845,0.933874249458313,23.87974987974988,7.411341815320241,0.9858519434928894,0.9917867183685303,0.9837878346443176,0.9860753417015076,26.003848003848002,7.831110418835752,0.8716654777526855,-0.0609583854675293,0.9608134031295776,-0.028303325176239014,0.913772702217102,-0.007297039031982422,0.8671083450317383,-0.06676590442657471,60.57431457431458,36.6945646945647,13.5046093769778,6.09326756165756,0.9730713963508606,-0.012780547142028809,0.9779337644577026,-0.013852953910827637,0.9753828048706055,-0.008405029773712158,0.9728212952613831,-0.013254046440124512,60.943722943722946,34.93987493987494,13.429417208253525,5.598306789417774
Explosion028_x264,Explosion,1696,420,0.8404602408409119,0.9988874793052673,0.9396986365318298,0.807795524597168,34.899238692342145,19.29539620200448,0.9424685835838318,0.9986956119537354,0.9776875972747803,0.9308761358261108,22.873563218390807,17.145166134662936,0.6725648641586304,-0.1678953766822815,0.9946953654289246,-0.0041921138763427734,0.5108209252357483,-0.42887771129608154,0.7258034944534302,-0.08199203014373779,21.942080907598154,-12.957157784743991,17.112525062166924,-2.1828711398375553,0.978622555732727,0.036153972148895264,0.99263596534729,-0.0060596466064453125,0.9755139946937561,-0.00217360258102417,0.979645848274231,0.04876971244812012,22.168980444842518,-0.7045827735482888,17.117110708686067,-0.02805542597686994
Explosion029_x264,Explosion,2400,190,0.9535583257675171,0.9955360889434814,0.9707807898521423,0.9520777463912964,64.87211240771612,10.871317032070875,0.9952470064163208,0.9981523752212524,0.9980370998382568,0.9950070381164551,99.34889259347464,91.865447418079,0.9265956878662109,-0.026962637901306152,0.9862348437309265,-0.009301245212554932,0.9081535935401917,-0.06262719631195068,0.9281812310218811,-0.023896515369415283,33.679923791378904,-31.192188616337212,6.155003114806309,-4.716313917264566,0.9950124025344849,-0.0002346038818359375,0.9972327351570129,-0.000919640064239502,0.996027410030365,-0.0020096898078918457,0.9949250817298889,-8.195638656616211e-05,85.4331983805668,-13.915694212907852,22.226385923143297,-69.6390614949357
Explosion033_x264,Explosion,3152,1982,0.7355179190635681,0.9996402263641357,0.98082435131073,0.31996458768844604,98.44420295479833,99.09836102261956,0.9019203782081604,0.9998772144317627,0.9932818412780762,0.7471523284912109,93.9842341759597,93.73873989008435,0.6291096210479736,-0.10640829801559448,0.9980606436729431,-0.001579582691192627,0.8528397679328918,-0.12798458337783813,0.25010696053504944,-0.0698576271533966,92.51597712748065,-5.928225827317675,93.82018794449377,-5.278173078125789,0.9855879545211792,0.0836675763130188,0.996873140335083,-0.0030040740966796875,0.9856089949607849,-0.00767284631729126,0.9855523109436035,0.23839998245239258,45.54555098450154,-48.43868319145816,66.58032857755619,-27.15841131252816
Explosion035_x264,Explosion,2864,100,0.8181776404380798,0.99608314037323,0.7730225920677185,0.8198113441467285,24.784370477568736,2.6044357353967054,0.9882277250289917,0.9996622800827026,0.9875171184539795,0.9882535338401794,18.67149059334298,2.434556554624819,0.789688766002655,-0.028488874435424805,0.9989482760429382,0.002865135669708252,0.8202386498451233,0.047216057777404785,0.788583517074585,-0.031227827072143555,31.77713458755427,6.992764109985533,2.8062874905616555,0.20185175516495013,0.957211971282959,-0.031015753746032715,0.9900439381599426,-0.00961834192276001,0.9543788433074951,-0.033138275146484375,0.9573144316673279,-0.030939102172851562,39.22141823444284,20.549927641099856,3.099414685241033,0.664858130616214
Explosion036_x264,Explosion,5312,120,0.9990744590759277,0.9999945163726807,0.9997060298919678,0.9990599155426025,23.045711350796097,1.6229619927456127,0.999206006526947,0.9999295473098755,0.9997339844703674,0.9991938471794128,76.93888032871084,5.118190056697529,0.9986250400543213,-0.0004494190216064453,0.99996018409729,-3.4332275390625e-05,0.9994067549705505,-0.00029927492141723633,0.9986069798469543,-0.00045293569564819336,12.357473035439135,-10.688238315356962,1.4465959877470422,-0.17636600499857047,0.995955765247345,-0.0032502412796020508,0.9982479214668274,-0.0016816258430480957,0.997519850730896,-0.0022141337394714355,0.9959196448326111,-0.003274202346801758,80.87827426810476,3.9393939393939235,5.947854241869832,0.8296641851723034
Explosion039_x264,Explosion,992,90,0.9581896066665649,0.9994409680366516,0.957200288772583,0.9582883715629578,35.59251047055925,7.850786268663898,0.9925411343574524,0.999336838722229,0.9944822788238525,0.9923473000526428,39.219019462921906,8.262708142396663,0.8849155902862549,-0.07327401638031006,0.9963020086288452,-0.0031389594078063965,0.7112988829612732,-0.24590140581130981,0.9022387266159058,-0.056049644947052,13.202759300320277,-22.38975117023897,5.935934193151693,-1.9148520755122043,0.9745422005653381,-0.017998933792114258,0.9910166263580322,-0.008320212364196777,0.9681580662727356,-0.026324212551116943,0.9751791954040527,-0.017168104648590088,29.24611973392461,-9.972899728997298,7.067541579927039,-1.1951665624696242
Explosion043_x264,Explosion,7632,140,0.5442110300064087,0.9998316764831543,0.977740466594696,0.5361098647117615,68.01235603691556,2.8915917867783416,0.5109182000160217,0.9995599985122681,0.9887679815292358,0.5019888877868652,59.59194569445504,2.479055930086418,0.7508968710899353,0.2066858410835266,0.999782145023346,-4.953145980834961e-05,0.9926180243492126,0.014877557754516602,0.7463798522949219,0.2102699875831604,73.7418961177637,5.729540080848139,3.4987210655769423,0.6071292787986007,0.9629696011543274,0.45205140113830566,0.992444634437561,-0.007115364074707031,0.9852066040039062,-0.00356137752532959,0.9625540971755981,0.4605652093887329,70.77034551140264,11.178399816947596,3.2263542356914767,0.7472983056050588
Fighting003_x264,Fighting,3088,1268,0.9872317910194397,0.9998700618743896,0.9958733916282654,0.9812111854553223,62.84292994072174,63.62918269825446,0.9992665648460388,0.9998982548713684,0.9994403719902039,0.9991454482078552,66.46757028460499,64.33597124574729,0.9855390787124634,-0.0016927123069763184,0.9996947050094604,-0.00017535686492919922,0.9920754432678223,-0.0037979483604431152,0.9809850454330444,-0.00022614002227783203,59.62041113460671,-3.2225188061150263,62.736622268915575,-0.8925604293388858,0.9847690463066101,-0.014497518539428711,0.9925482273101807,-0.007350027561187744,0.9851130247116089,-0.01432734727859497,0.9845293760299683,-0.014616072177886963,54.55922626269629,-11.908344021908697,51.83025198999196,-12.50571925575533
Fighting018_x264,Fighting,1376,340,0.9669985175132751,0.9999903440475464,0.9979129433631897,0.9568527936935425,69.93186463774698,54.54344239512856,0.9951386451721191,0.999989926815033,0.9999691843986511,0.9935533404350281,88.89166477401773,83.35119740652506,0.9537805914878845,-0.013217926025390625,0.9999315738677979,-5.8770179748535156e-05,0.9948136210441589,-0.0030993223190307617,0.9403140544891357,-0.01653873920440674,71.28548716784012,1.3536225300931335,59.51983693702558,4.976394541897022,0.988187313079834,-0.006951332092285156,0.9970260262489319,-0.0029639005661010742,0.9967700839042664,-0.0031991004943847656,0.9853706359863281,-0.008182704448699951,98.430615489439,9.53895071542128,97.18734015345272,13.836142746927663
Fighting033_x264,Fighting,1104,270,0.9892849922180176,0.9999953508377075,0.9999523162841797,0.985831618309021,88.92352784439116,78.21823642919273,0.9987578392028809,0.9999605417251587,0.9999231696128845,0.9983805418014526,82.61390887290169,49.059542326737024,0.9854622483253479,-0.0038227438926696777,0.9999605417251587,-3.4809112548828125e-05,0.9997357130050659,-0.00021660327911376953,0.9808412790298462,-0.004990339279174805,89.9324984456879,1.0089706012967383,83.2691999358666,5.050963506673867,0.9856642484664917,-0.01309359073638916,0.9919911623001099,-0.007969379425048828,0.9896852970123291,-0.01023787260055542,0.9843624234199524,-0.014018118381500244,75.5226929567457,-7.0912159161559885,37.6594928900436,-11.400049436693422
Fighting042_x264,Fighting,2224,910,0.9744382500648499,0.9998427629470825,0.99827641248703,0.9579294323921204,99.26823556960542,99.05989028381748,0.9965881705284119,0.9992939233779907,0.9985870122909546,0.995203971862793,96.25754762741063,94.5787647798097,0.9220630526542664,-0.052375197410583496,0.9994896650314331,-0.00035309791564941406,0.994144856929779,-0.0041315555572509766,0.8721433281898499,-0.08578610420227051,98.03184638801076,-1.2363891815946602,97.19434848913387,-1.8655417946836081,0.9857448935508728,-0.010843276977539062,0.9954923391342163,-0.003801584243774414,0.9931575059890747,-0.005429506301879883,0.980611264705658,-0.01459270715713501,96.70981986050478,0.4522722330941491,96.69983771970142,2.121072939891718
Fighting047_x264,Fighting,4448,1630,0.7970758080482483,0.9998224377632141,0.7414877414703369,0.8292292356491089,59.583614537569616,63.49653837011955,0.9417999982833862,0.9993445873260498,0.8897968530654907,0.9718798398971558,61.29182686237029,66.35695540417888,0.505190908908844,-0.2918848991394043,0.9771849513053894,-0.022637486457824707,0.557792603969574,-0.18369513750076294,0.47476479411125183,-0.35446444153785706,57.78483630647852,-1.7987782310910987,60.7005442851558,-2.795994084963752,0.9455392956733704,0.003739297389984131,0.9777502417564392,-0.021594345569610596,0.9572186470031738,0.0674217939376831,0.9387837648391724,-0.0330960750579834,89.10113338006767,27.809306517697372,83.2530351509868,16.896079746807928
RoadAccidents001_x264,RoadAccidents,1360,90,0.9955945014953613,0.9999200105667114,0.9956112504005432,0.9955931901931763,16.544181977252848,4.672321795406358,0.9988023042678833,0.9998025298118591,0.9982947707176208,0.9988382458686829,16.65616797900263,4.616834779704153,0.993610680103302,-0.001983821392059326,0.999956488609314,3.647804260253906e-05,0.9917614459991455,-0.003849804401397705,0.9937417507171631,-0.0018514394760131836,16.544181977252844,-3.552713678800501e-15,4.672321795406358,0.0,0.9984938502311707,-0.0003084540367126465,0.9989727139472961,-0.0008298158645629883,0.998261034488678,-3.3736228942871094e-05,0.9985103607177734,-0.00032788515090942383,20.687664041994754,4.031496062992126,4.84403352044011,0.22719874073595747
RoadAccidents002_x264,RoadAccidents,336,60,0.3034098744392395,0.9980212450027466,0.8929956555366516,0.17523904144763947,87.10144927536231,48.00000000000001,0.4440094530582428,0.9995854496955872,0.9641193151473999,0.3309420645236969,87.10144927536231,48.00000000000001,0.1560102254152298,-0.1473996490240097,0.9305277466773987,-0.0674934983253479,0.30644866824150085,-0.5865469872951508,0.12330622225999832,-0.051932819187641144,87.10144927536231,0.0,48.00000000000001,0.0,0.9657347798347473,0.5217253267765045,0.9913045167922974,-0.008280932903289795,0.9719635844230652,0.007844269275665283,0.96438068151474,0.6334386169910431,71.64251207729468,-15.45893719806763,37.58333333333333,-10.416666666666679
RoadAccidents004_x264,RoadAccidents,384,49,0.19503384828567505,0.7156179547309875,0.06792813539505005,0.21362543106079102,34.64818763326226,12.203251601392436,0.13545723259449005,0.5910197496414185,0.0597001388669014,0.1465381383895874,41.76363082546452,13.570517492711371,0.023260727524757385,-0.17177312076091766,0.14629991352558136,-0.5693180412054062,0.003246935550123453,-0.0646811998449266,0.026188116520643234,-0.18743731454014778,16.810843740481268,-17.837343892780993,9.843071749785237,-2.3601798516071995,0.9730022549629211,0.8375450223684311,0.9768205285072327,0.3858007788658142,0.9731341004371643,0.9134339615702629,0.9729831218719482,0.8264449834823608,58.23636917453548,16.472738349070966,17.75825860647289,4.187741113761518
RoadAccidents009_x264,RoadAccidents,912,30,0.37581169605255127,0.5244616270065308,0.2331099659204483,0.38066551089286804,21.21693121693122,3.1020122051789545,0.7066810727119446,0.8081365823745728,0.6505087018013,0.7085916996002197,29.198790627362055,3.4674796747967482,0.558019757270813,0.18220806121826172,0.7409590482711792,0.21649742126464844,0.45929381251335144,0.22618384659290314,0.5613778233528137,0.18071231245994568,30.166288737717306,8.949357520786087,3.501667708984782,0.3996555038058274,0.9790990352630615,0.27241796255111694,0.9842082262039185,0.1760716438293457,0.9803076982498169,0.32979899644851685,0.9790579676628113,0.27046626806259155,34.640967498110356,5.442176870748302,3.74407302038881,0.2765933455920617
RoadAccidents010_x264,RoadAccidents,528,40,0.7588064074516296,0.9797652363777161,0.8798812627792358,0.7488822937011719,47.049180327868854,9.257610939112487,0.9483808279037476,0.9899402260780334,0.954055666923523,0.9479156732559204,50.32786885245901,9.798049428104576,0.7656722664833069,0.006865859031677246,0.9471619725227356,-0.03260326385498047,0.913347601890564,0.033466339111328125,0.7535676956176758,0.004685401916503906,62.62295081967213,15.573770491803273,12.48798076923077,3.230369830118283,0.9715394973754883,0.023158669471740723,0.9943100810050964,0.004369854927062988,0.9866014719009399,0.03254580497741699,0.9703049063682556,0.022389233112335205,54.75409836065573,4.42622950819672,10.551470588235295,0.7534211601307188
RoadAccidents011_x264,RoadAccidents,2144,40,0.25385889410972595,0.8780470490455627,0.19609491527080536,0.25495702028274536,45.057034220532316,2.198153409090909,0.20975500345230103,0.7893293499946594,0.28218793869018555,0.20837794244289398,79.73384030418251,5.697595588899937,0.4095427393913269,0.15568384528160095,0.9887435436248779,0.11069649457931519,0.17041409015655518,-0.025680825114250183,0.4140889048576355,0.15913188457489014,11.596958174904946,-33.46007604562737,1.4157801321310792,-0.7823732769598299,0.9863333702087402,0.7765783667564392,0.9930911660194397,0.20376181602478027,0.9887670278549194,0.7065790891647339,0.9862870573997498,0.7779091149568558,74.86692015209125,-4.866920152091254,4.739148239148239,-0.9584473497516974
RoadAccidents012_x264,RoadAccidents,464,140,0.2515156865119934,0.6008828282356262,0.28886398673057556,0.23537757992744446,75.96119929453262,45.95262723387724,0.14482852816581726,0.19423264265060425,0.16919776797294617,0.134298637509346,91.26984126984127,73.32522239665097,0.06470930576324463,-0.18680638074874878,0.1703401356935501,-0.4305426925420761,0.049232300370931625,-0.23963168635964394,0.07139689475297928,-0.16398068517446518,47.53086419753087,-28.430335097001752,29.277433510516214,-16.675193723361023,0.9609057903289795,0.8160772621631622,0.9639486074447632,0.7697159647941589,0.960358202457428,0.7911604344844818,0.9611422419548035,0.8268436044454575,23.544973544973548,-67.72486772486772,22.543924798960564,-50.78129759769041
RoadAccidents016_x264,RoadAccidents,2192,190,0.19329096376895905,0.8276540040969849,0.4597426950931549,0.16800332069396973,79.34328829065672,42.60026931875713,0.010253619402647018,0.048538804054260254,0.02547089196741581,0.008809422142803669,83.88611388611389,46.062039675631404,0.02010471187531948,-0.17318625189363956,0.31390494108200073,-0.5137490630149841,0.061999887228012085,-0.3977428078651428,0.016128642484545708,-0.15187467820942402,81.65676428834323,2.31347599768651,37.35591033815685,-5.244358980600275,0.9846227169036865,0.9743690975010395,0.9897514581680298,0.9412126541137695,0.9810903668403625,0.9556194748729467,0.9849578738212585,0.9761484516784549,20.631473789368528,-63.25464009674536,5.602174799987955,-40.45986487564345
RoadAccidents017_x264,RoadAccidents,240,70,0.12218689918518066,0.1779962033033371,0.08856066316366196,0.13603298366069794,11.008403361344534,20.544574473145904,0.33798232674598694,0.4539145231246948,0.41584059596061707,0.30592310428619385,64.78991596638654,38.78684807256236,0.5289785265922546,0.406791627407074,0.8357498049736023,0.6577536016702652,0.3831057846546173,0.29454512149095535,0.5890437364578247,0.45301075279712677,29.29411764705882,18.285714285714285,24.679447536590395,4.134873063444491,0.9765453338623047,0.6385630071163177,0.9798502326011658,0.525935709476471,0.9793816804885864,0.5635410845279694,0.9753775000572205,0.6694543957710266,99.21008403361344,34.420168067226896,98.07142857142857,59.28458049886621
RoadAccidents019_x264,RoadAccidents,1312,150,0.6096227169036865,0.9985917210578918,0.9034808278083801,0.5716891884803772,64.42111302352266,15.991720855020827,0.9439534544944763,0.9988415837287903,0.984790563583374,0.9386818408966064,65.54102122776821,16.192529017521785,0.6377573013305664,0.028134584426879883,0.9998348951339722,0.0012431740760803223,0.9519830346107483,0.048502206802368164,0.5971945524215698,0.025505363941192627,64.54962707974757,0.1285140562249012,16.070848878297785,0.079128023276958,0.9784708619117737,0.03451740741729736,0.9955629110336304,-0.003278672695159912,0.9934651851654053,0.00867462158203125,0.9765353798866272,0.03785353899002075,91.90476190476191,26.3637406769937,73.44949965493444,57.25697063741266
RoadAccidents020_x264,RoadAccidents,1760,120,0.8899043798446655,0.9997559189796448,0.9867387413978577,0.8828189969062805,65.3821138211382,10.098970213723577,0.9746208786964417,0.9963893890380859,0.9889376759529114,0.9735732674598694,76.14634146341463,13.787758099180515,0.9777506589889526,0.08784627914428711,0.9998317956924438,7.587671279907227e-05,0.9977648258209229,0.011026084423065186,0.9762862324714661,0.09346723556518555,75.04065040650406,9.658536585365852,13.27444841792668,3.1754782042031025,0.9766451120376587,0.002024233341217041,0.9911221861839294,-0.005267202854156494,0.987973153591156,-0.0009645223617553711,0.9758161306381226,0.002242863178253174,81.17073170731707,5.024390243902445,16.81968031968032,3.031922220499805
RoadAccidents021_x264,RoadAccidents,144,60,0.6819291710853577,0.7395853400230408,0.7276223301887512,0.6492911577224731,98.88888888888889,97.60416666666667,0.881031334400177,0.9436544179916382,0.9148710370063782,0.8568602800369263,63.96825396825396,51.45833333333334,0.9306566715240479,0.24872750043869019,0.9586370587348938,0.21905171871185303,0.9366557002067566,0.20903337001800537,0.926371157169342,0.2770799994468689,36.031746031746025,-62.85714285714286,38.30952380952381,-59.29464285714286,0.9926187992095947,0.11158746480941772,0.9931905269622803,0.04953610897064209,0.9927442669868469,0.07787322998046875,0.992529034614563,0.13566875457763672,57.61904761904761,-6.349206349206348,47.71527777777778,-3.7430555555555642
RoadAccidents022_x264,RoadAccidents,704,100,0.17696410417556763,0.8547824025154114,0.07636935263872147,0.19361886382102966,39.88079470198676,12.748840361116576,0.4720703363418579,0.9548161029815674,0.43790191411972046,0.47772738337516785,47.29801324503312,14.289413021944783,0.1620151400566101,-0.01494896411895752,0.8968384265899658,0.04205602407455444,0.06048880144953728,-0.01588055118918419,0.17882411181926727,-0.01479475200176239,46.34437086092716,6.463576158940398,14.002699968876438,1.2538596077598623,0.9708201885223389,0.49874985218048096,0.978621780872345,0.023805677890777588,0.9689033031463623,0.5310013890266418,0.971137523651123,0.4934101402759552,31.192052980132445,-16.105960264900673,11.320618080114647,-2.9687949418301365
RoadAccidents121_x264,RoadAccidents,1824,60,0.9882077574729919,0.9999569654464722,0.9968435764312744,0.9879140257835388,19.463340891912324,2.5131596573506028,0.9920257925987244,0.9996816515922546,0.9958040714263916,0.9918972849845886,20.521541950113377,2.519827492541676,0.9950770735740662,0.006869316101074219,0.9999215602874756,-3.540515899658203e-05,0.9987861514091492,0.0019425749778747559,0.9949509501457214,0.007036924362182617,22.668178382464095,3.204837490551771,2.594496442939773,0.08133678558917046,0.9924320578575134,0.0004062652587890625,0.9979005455970764,-0.0017811059951782227,0.9967020750045776,0.0008980035781860352,0.9922868609428406,0.0003895759582519531,78.23885109599395,57.71730914588058,8.33040993197138,5.810582439429703
RoadAccidents122_x264,RoadAccidents,640,60,0.3345372974872589,0.5556278824806213,0.3832860589027405,0.32949429750442505,51.74712643678161,11.389774942406522,0.4449911117553711,0.623375415802002,0.4629538953304291,0.4431329071521759,51.74712643678161,11.389774942406522,0.6381425261497498,0.30360522866249084,0.9278165102005005,0.37218862771987915,0.7944859266281128,0.4111998677253723,0.6219691038131714,0.29247480630874634,51.74712643678161,0.0,11.389774942406522,0.0,0.9689458012580872,0.5239546895027161,0.9905173778533936,0.3671419620513916,0.971074640750885,0.5081207454204559,0.9687255620956421,0.5255926549434662,51.74712643678161,0.0,11.389774942406522,0.0
RoadAccidents123_x264,RoadAccidents,992,80,0.6784880757331848,0.9150828123092651,0.5762304067611694,0.6874580979347229,29.60526315789474,6.691837688351937,0.9717664122581482,0.9927240610122681,0.9736019372940063,0.9716054201126099,30.13157894736842,6.813079867554084,0.33715030550956726,-0.34133777022361755,0.5993993878364563,-0.31568342447280884,0.4983612895011902,-0.07786911725997925,0.3230089545249939,-0.364449143409729,74.3859649122807,44.78070175438596,18.21657509157509,11.524737403223154,0.9822909832000732,0.010524570941925049,0.9854738116264343,-0.00725024938583374,0.9837124943733215,0.010110557079315186,0.9821662306785583,0.010560810565948486,60.96491228070175,30.833333333333332,11.400508989733126,4.587429122179042
RoadAccidents124_x264,RoadAccidents,1488,170,0.9427472352981567,0.9999669790267944,0.899517297744751,0.948323130607605,18.651254128358477,7.773926946136717,0.9941414594650269,0.9993900060653687,0.9883479475975037,0.9948887228965759,18.922610015174506,7.811578586194351,0.9870313405990601,0.04428410530090332,0.9999526739120483,-1.430511474609375e-05,0.9822375178337097,0.08272022008895874,0.9876496195793152,0.039326488971710205,18.96545568151388,0.314201553155403,7.817664272659785,0.043737326523068276,0.9917543530464172,-0.002387106418609619,0.9940094351768494,-0.005380570888519287,0.9910870790481567,0.002739131450653076,0.9918404817581177,-0.003048241138458252,30.70516825850219,11.782558243327685,8.489646183884334,0.6780675976899833
RoadAccidents125_x264,RoadAccidents,1760,110,0.859211802482605,0.995455265045166,0.9882308840751648,0.8506106734275818,93.36308539944905,58.02207792207792,0.9921458959579468,0.9973435997962952,0.9964838027954102,0.9918566346168518,94.80881542699724,62.46517296517297,0.4368187189102173,-0.4223930835723877,0.9478947520256042,-0.04756051301956177,0.8605125546455383,-0.12771832942962646,0.4085725247859955,-0.4420381486415863,92.56969696969696,-0.7933884297520848,55.77227216342049,-2.2498057586574305,0.9829179048538208,-0.009227991104125977,0.9903082847595215,-0.007035315036773682,0.9888135194778442,-0.007670283317565918,0.9825249910354614,-0.00933164358139038,97.03030303030303,2.221487603305789,74.72134387351778,12.256170908344814
RoadAccidents127_x264,RoadAccidents,2576,140,0.04902702942490578,0.4704607129096985,0.14968861639499664,0.04324187710881233,85.56181093126906,20.765222953476513,0.05918541178107262,0.39956390857696533,0.06790756434202194,0.05868413671851158,81.1705371803894,14.115404739350563,0.005363154225051403,-0.043663875199854374,0.05570545047521591,-0.4147552624344826,0.011368194594979286,-0.13832042180001736,0.005018036812543869,-0.03822384029626846,88.80835092657753,3.246539995308467,20.832584049036946,0.06736109556043246,0.9893818497657776,0.930196437984705,0.9909051060676575,0.5913411974906921,0.9861493706703186,0.9182418063282967,0.9895676970481873,0.9308835603296757,0.9828759089842822,-80.18766127140512,3.085563525249244,-11.02984121410132
RoadAccidents128_x264,RoadAccidents,560,110,0.9743351340293884,0.9977400302886963,0.9835569858551025,0.9720808863639832,20.262626262626256,14.278540947036245,0.9966121315956116,0.9985485076904297,0.9960199594497681,0.9967568516731262,21.038383838383833,14.304639250646511,0.9680400490760803,-0.0062950849533081055,0.9966214895248413,-0.0011185407638549805,0.9797657132148743,-0.0037912726402282715,0.9651737213134766,-0.006907165050506592,22.589898989898987,2.3272727272727316,14.507984231024984,0.22944328398873992,0.9937846660614014,-0.002827465534210205,0.9960273504257202,-0.0025211572647094727,0.9930461645126343,-0.002973794937133789,0.9939652681350708,-0.00279158353805542,28.925252525252525,7.8868686868686915,15.62318462901467,1.3185453783681584
RoadAccidents131_x264,RoadAccidents,1520,60,0.7509441375732422,0.9472881555557251,0.8707655668258667,0.7460200190544128,57.01369863013698,5.54958426271529,0.9875722527503967,0.9971773028373718,0.9931020140647888,0.9873450994491577,49.78082191780822,4.747937036266555,0.5189269781112671,-0.2320171594619751,0.8747344613075256,-0.07255369424819946,0.7202731370925903,-0.15049242973327637,0.5106525421142578,-0.23536747694015503,60.59360730593607,3.5799086757990892,6.024799856635543,0.4752155939202529,0.988972544670105,0.001400291919708252,0.9941282868385315,-0.003049015998840332,0.9915515780448914,-0.001550436019897461,0.9888666272163391,0.0015215277671813965,50.146118721461185,0.36529680365296713,4.698237058270811,-0.04969997799574433
RoadAccidents132_x264,RoadAccidents,1856,100,0.12562952935695648,0.497145414352417,0.19069918990135193,0.12192394584417343,85.80865603644646,17.553621783161425,0.05336591973900795,0.31883853673934937,0.06220332160592079,0.05286264792084694,88.25056947608202,20.443380830593107,0.04587554931640625,-0.07975398004055023,0.13940007984638214,-0.35774533450603485,0.08014482259750366,-0.11055436730384827,0.0439239963889122,-0.07799994945526123,87.19362186788155,1.384965831435082,21.230316090248177,3.676694307086752,0.979509174823761,0.926143255084753,0.9814063906669617,0.6625678539276123,0.97724449634552,0.9150411747395992,0.9796381592750549,0.926775511354208,5.043280182232344,-83.20728929384967,3.2576727925719418,-17.185708038021165
RoadAccidents133_x264,RoadAccidents,672,180,0.8995576500892639,0.9999926090240479,0.9998279213905334,0.8628734350204468,82.61065943992773,62.87763337179813,0.966171145439148,0.9997375011444092,0.9994440674781799,0.9539982080459595,80.96657633242998,67.61227871099152,0.841071367263794,-0.05848628282546997,0.9999743700027466,-1.823902130126953e-05,0.9996153116226196,-0.00021260976791381836,0.783067524433136,-0.07980591058731079,78.97922312556457,-3.6314363143631567,62.62677724851638,-0.2508561232817499,0.9868552684783936,0.020684123039245605,0.9967454075813293,-0.002992093563079834,0.9954185485839844,-0.004025518894195557,0.9837222695350647,0.029724061489105225,63.441734417344165,-17.524841915085815,32.6275573326298,-34.98472137836172
Robbery048_x264,Robbery,1408,480,0.948886513710022,0.9997454285621643,0.998911440372467,0.9230114221572876,97.35632183908046,94.86360457170268,0.9887657165527344,0.9979891180992126,0.9971846342086792,0.9844111204147339,95.45977011494251,90.48800856790666,0.9238905310630798,-0.02499598264694214,0.9997424483299255,-2.9802322387695312e-06,0.9987189173698425,-0.00019252300262451172,0.8851862549781799,-0.037825167179107666,91.22844827586206,-6.127873563218401,83.37523788617312,-11.488366685529556,0.9884183406829834,-0.00034737586975097656,0.99540776014328,-0.002581357955932617,0.9944686889648438,-0.0027159452438354492,0.9852887988090515,0.000877678394317627,89.12356321839081,-6.336206896551701,79.41885103759643,-11.069157530310235
Robbery050_x264,Robbery,1696,915,0.03775212913751602,0.1826968789100647,0.06292809545993805,0.00825660489499569,84.35808092469371,88.90832060042261,0.010178390890359879,0.01830953359603882,0.012926989234983921,0.006958199664950371,85.38800612917444,90.78960700872818,0.016712896525859833,-0.02103923261165619,0.12731599807739258,-0.05538088083267212,0.019778288900852203,-0.043149806559085846,0.013121559284627438,0.004864954389631748,72.99979709353988,-11.358283831153827,70.37457600967967,-18.53374459074294,0.9895602464675903,0.9793818555772305,0.9917864203453064,0.9734768867492676,0.9884433150291443,0.9755163257941604,0.9908686280250549,0.9839104283601046,4.626197323034082,-80.76180880614037,34.80259138853562,-55.987015620192565
Robbery102_x264,Robbery,1824,480,0.9774832725524902,0.9999916553497314,0.9999755620956421,0.9694501161575317,99.92063492063492,99.76419366074538,0.9949145317077637,0.9995980262756348,0.9993635416030884,0.9933257102966309,99.5436507936508,98.58204991691777,0.9261505603790283,-0.051332712173461914,0.9998701810836792,-0.0001214742660522461,0.9995440244674683,-0.0004315376281738281,0.8999385833740234,-0.0695115327835083,99.80158730158729,-0.11904761904763461,99.45627173283107,-0.3079219279143075,0.9698217511177063,-0.025092780590057373,0.9889441728591919,-0.010653853416442871,0.9883063435554504,-0.01105719804763794,0.9632201194763184,-0.0301055908203125,99.94047619047619,0.39682539682539186,99.81154214559386,1.2294922286760936
Robbery106_x264,Robbery,1184,120,0.5343584418296814,0.9666337370872498,0.9536124467849731,0.48707419633865356,96.06516290726816,59.830687830687836,0.8468530774116516,0.971706748008728,0.9698381423950195,0.83298259973526,97.86967418546367,86.16849816849816,0.47722822427749634,-0.05713021755218506,0.9351795315742493,-0.03145420551300049,0.9240357875823975,-0.029576659202575684,0.42683637142181396,-0.0602378249168396,99.07268170426065,3.0075187969924855,92.38888888888887,32.558201058201035,0.9571360945701599,0.1102830171585083,0.9690536260604858,-0.0026531219482421875,0.9658737778663635,-0.003964364528656006,0.9561506509780884,0.12316805124282837,92.35588972431077,-5.513784461152895,47.583333333333336,-38.585164835164825
Robbery137_x264,Robbery,2192,1815,0.9521539807319641,0.9999629259109497,0.9934781789779663,0.7532063722610474,98.0335547420187,99.59512687255557,0.9777076840400696,0.9958757758140564,0.9887369871139526,0.9246096611022949,91.77156177156178,98.14970279826196,0.9420055747032166,-0.010148406028747559,0.9999973773956299,3.445148468017578e-05,0.9909781217575073,-0.0025000572204589844,0.7062364816665649,-0.04696989059448242,99.36405287502468,1.3304981330059888,99.8715315921454,0.27640471958983426,0.9813134670257568,0.003605782985687256,0.9924978017807007,-0.003377974033355713,0.9857868552207947,-0.002950131893157959,0.9597765207290649,0.03516685962677002,95.93609107715692,4.1645293055951385,99.15990966754597,1.0102068692840191
Shooting002_x264,Shooting,1200,80,0.9941193461418152,0.9986022114753723,0.9984310269355774,0.9938113689422607,96.78571428571429,85.00986842105263,0.999533474445343,0.999927282333374,0.999664306640625,0.9995242357254028,11.785714285714286,4.443996901585737,0.9995179176330566,0.005398571491241455,0.9998964071273804,0.0012941956520080566,0.999768078327179,0.0013370513916015625,0.999500036239624,0.005688667297363281,34.5,-62.28571428571429,5.781290887005956,-79.22857753404668,0.9963940382003784,-0.0031394362449645996,0.9974710941314697,-0.002456188201904297,0.9971601366996765,-0.0025041699409484863,0.9963394403457642,-0.003184795379638672,95.5,83.71428571428571,46.041666666666664,41.59766976508093
Shooting004_x264,Shooting,1792,160,0.7481067776679993,0.9660001397132874,0.9629374742507935,0.727044939994812,99.92647058823529,99.13068181818183,0.8690720796585083,0.9983130097389221,0.9982013702392578,0.856412410736084,98.89705882352942,84.68371212121212,0.7783142924308777,0.030207514762878418,0.9966815114021301,0.030681371688842773,0.9963445663452148,0.03340709209442139,0.7569388747215271,0.029893934726715088,99.92647058823529,0.0,99.13068181818183,0.0,0.9897858500480652,0.12071377038955688,0.998981773853302,0.0006687641143798828,0.9988391995429993,0.0006378293037414551,0.9888983368873596,0.13248592615127563,92.40196078431372,-6.495098039215705,38.19203732821186,-46.491674793000264
Shooting007_x264,Shooting,1424,120,0.9888675808906555,0.9997623562812805,0.9726460576057434,0.9903603792190552,8.640081799591002,5.175190031595873,0.9952447414398193,0.9993986487388611,0.9910239577293396,0.9956331849098206,18.261758691206545,5.734221373031297,0.9910943508148193,0.0022267699241638184,0.9993144273757935,-0.00044792890548706055,0.9803319573402405,0.00768589973449707,0.9920847415924072,0.0017243623733520508,7.760736196319017,-0.8793456032719851,5.118646991973933,-0.05654303962193996,0.9976842403411865,0.0024394989013671875,0.999052882194519,-0.000345766544342041,0.9965901970863342,0.005566239356994629,0.9977849721908569,0.002151787281036377,13.149284253578731,-5.112474437627814,5.464976098326542,-0.26924527470475557
Shooting008_x264,Shooting,1616,240,0.302552729845047,0.9945724606513977,0.9911523461341858,0.18244817852973938,99.92732558139534,99.51370652427639,0.3087828755378723,0.9726930856704712,0.9644907712936401,0.19441519677639008,99.94670542635659,99.61805555555556,0.2367129772901535,-0.0658397525548935,0.9842715859413147,-0.010300874710083008,0.970209002494812,-0.02094334363937378,0.10877759754657745,-0.07367058098316193,99.9515503875969,0.02422480620155909,99.62859623015873,0.11488970588234793,0.9791871905326843,0.670404314994812,0.9834240078926086,0.010730922222137451,0.9751061797142029,0.010615408420562744,0.9798989295959473,0.7854837328195572,13.55135658914729,-86.3953488372093,9.371419219791608,-90.24663633576395
Shooting010_x264,Shooting,2640,165,0.5634546875953674,0.7922945618629456,0.4638664424419403,0.5700939297676086,26.139577594123047,4.591441836606893,0.9139925837516785,0.9572708010673523,0.8952533006668091,0.9152418971061707,17.33198653198653,3.998386819886017,0.953191876411438,0.38973718881607056,0.9945159554481506,0.20222139358520508,0.9395501613616943,0.47568371891975403,0.9541013836860657,0.38400745391845703,19.377165595347414,-6.762411998775633,4.214728396898017,-0.37671343970887605,0.9805542230606079,0.06656163930892944,0.9877510070800781,0.03048020601272583,0.9805684685707092,0.08531516790390015,0.9805532097816467,0.06531131267547607,49.46323844505663,32.1312519130701,6.369667244927387,2.3712804250413697
Shooting011_x264,Shooting,4000,270,0.9915577173233032,0.9999852180480957,0.9942877888679504,0.9913601279258728,11.04934961771423,4.056081153984936,0.9994109869003296,0.999954342842102,0.9984918832778931,0.9994776248931885,7.557342865653857,3.841779209565663,0.9970445036888123,0.005486786365509033,0.9999858140945435,5.960464477539062e-07,0.9943879246711731,0.00010013580322265625,0.9972368478775024,0.005876719951629639,12.564988581074374,1.5156389633601446,4.065539715526734,0.00945856154179836,0.9875090718269348,-0.011901915073394775,0.9933268427848816,-0.006627500057220459,0.98527991771698,-0.013211965560913086,0.9876704812049866,-0.011807143688201904,28.172574719491607,20.61523185383775,4.618405055253043,0.7766258456873802
Shooting013_x264,Shooting,1072,85,0.9998451471328735,0.9999973773956299,0.9999611973762512,0.9998351335525513,21.92681327850289,6.066139962352963,0.9994640946388245,0.9998502731323242,0.9996339082717896,0.9994494318962097,75.72739734191548,18.33545539427892,0.9995297193527222,-0.0003154277801513672,0.9999780654907227,-1.9311904907226562e-05,0.9998446106910706,-0.00011658668518066406,0.9995027184486389,-0.0003324151039123535,19.27588056499195,-2.65093271351094,5.816399996601046,-0.24973996575191748,0.9971213340759277,-0.0023427605628967285,0.9981385469436646,-0.001711726188659668,0.9970875382423401,-0.002546370029449463,0.997124195098877,-0.0023252367973327637,42.066273317837776,-33.6611240240777,7.642345427255689,-10.693109967023231
Shooting015_x264,Shooting,1712,857,0.8537434935569763,0.9997720122337341,0.9053929448127747,0.8019733428955078,56.06822384627457,49.63909448542789,0.9960247874259949,0.99979168176651,0.9983808398246765,0.9936631917953491,62.62775764771712,56.40667573488627,0.9196597933769226,0.06591629981994629,0.9994760155677795,-0.00029599666595458984,0.9770513772964478,0.0716584324836731,0.8621339201927185,0.06016057729721069,67.26790722430347,11.199683378028901,58.06088380846,8.421789323032108,0.9966149926185608,0.000590205192565918,0.9985561966896057,-0.0012354850769042969,0.9977745413780212,-0.0006062984466552734,0.9954527020454407,0.0017895102500915527,93.70256641214081,31.074808764423693,93.8889707680592,37.482295033172925
Shooting018_x264,Shooting,1792,165,0.9693892598152161,0.9999649524688721,0.9988784193992615,0.9663986563682556,20.810750405095828,6.425606522839668,0.9983372092247009,0.999924898147583,0.9994291067123413,0.9982264637947083,19.63662438769999,6.341430756493378,0.9919500350952148,0.02256077527999878,0.9998717308044434,-9.322166442871094e-05,0.9995137453079224,0.0006353259086608887,0.9911830425262451,0.024784386157989502,43.98930919520963,23.1785587901138,8.465756489998565,2.0401499671588974,0.989959180355072,-0.008378028869628906,0.9938233494758606,-0.006101548671722412,0.9902086853981018,-0.009220421314239502,0.9899337887763977,-0.008292675018310547,20.3339479614833,0.6973235737833114,6.40505935544046,0.06362859894708173
Shooting019_x264,Shooting,2752,435,0.9825859665870667,0.9998725652694702,0.9967925548553467,0.9799187183380127,85.8156355572753,68.64836598944989,0.9975740909576416,0.9998441338539124,0.9993293285369873,0.9972445964813232,83.47253434137484,72.59746334012553,0.996356725692749,0.013770759105682373,0.9999685287475586,9.59634780883789e-05,0.9995184540748596,0.0027258992195129395,0.9957631230354309,0.015844404697418213,89.81446480040083,3.9988292431255275,77.94679300052475,9.298427011074864,0.9978249073028564,0.00025081634521484375,0.9987806081771851,-0.001063525676727295,0.9982203245162964,-0.001109004020690918,0.9977507591247559,0.0005061626434326172,59.02554333536727,-24.446991006007572,17.903672167958156,-54.69379117216737
Shooting021_x264,Shooting,1264,150,0.9583021998405457,0.9979092478752136,0.9971775412559509,0.9530676007270813,98.25852782764811,92.55065789473684,0.9929836392402649,0.9979361891746521,0.9977205395698547,0.9923457503318787,98.62238180730102,92.26406926406926,0.913828432559967,-0.04447376728057861,0.99505215883255,-0.0028570890426635742,0.9911370873451233,-0.006040453910827637,0.9034188389778137,-0.04964876174926758,97.45421903052065,-0.8043087971274616,87.81613756613757,-4.734520328599274,0.9893009066581726,-0.003682732582092285,0.9949297308921814,-0.003006458282470703,0.9939530491828918,-0.0037674903869628906,0.9886744022369385,-0.0036713480949401855,94.54338719329742,-4.078994614003605,82.88057504436816,-9.383494219701106
Shooting022_x264,Shooting,4544,450,0.2864677906036377,0.9394246339797974,0.8881983757019043,0.22032739222049713,92.79780708896487,40.87537853753729,0.2862392067909241,0.8200026750564575,0.7321662306785583,0.2372242957353592,90.3678011181675,42.08104369780561,0.392452210187912,0.10598441958427429,0.9275018572807312,-0.011922776699066162,0.8894776105880737,0.0012792348861694336,0.3378206789493561,0.11749328672885895,99.41562177712642,6.617814688161545,94.37364117985143,53.498262642314145,0.9760989546775818,0.6898597478866577,0.9863482713699341,0.16634559631347656,0.9701066017150879,0.23794037103652954,0.9767576456069946,0.7395333498716354,17.761168105086035,-72.60663301308148,6.164889248030466,-35.91615444977515
Shooting024_x264,Shooting,2000,585,0.8713719248771667,0.9932379722595215,0.9836461544036865,0.8249546885490417,77.55338105161427,44.29184737213973,0.9386434555053711,0.9959802031517029,0.9922563433647156,0.9164783954620361,86.5413306756063,56.737489451652515,0.8551002144813538,-0.01627171039581299,0.9940251708030701,0.000787198543548584,0.9866628050804138,0.003016650676727295,0.800708532333374,-0.024246156215667725,70.18712814472532,-7.3662529068889455,37.568215236216794,-6.723632135922934,0.9772863984107971,0.038642942905426025,0.9881097674369812,-0.00787043571472168,0.9858085513114929,-0.006447792053222656,0.9737630486488342,0.057284653186798096,88.63272024402767,2.091389568421363,82.35307957845548,25.615590126802964
Shooting026_x264,Shooting,1392,405,0.992069661617279,0.9995100498199463,0.9985238313674927,0.9894211292266846,67.35149536567975,55.02251015141692,0.9988416433334351,0.9996306896209717,0.9992469549179077,0.9986752271652222,39.7852327166748,30.159971830815486,0.9956297874450684,0.0035601258277893066,0.9987403750419617,-0.0007696747779846191,0.9973372220993042,-0.0011866092681884766,0.9949291944503784,0.005508065223693848,61.61169274644451,-5.739802619235242,32.48741780355993,-22.53509234785699,0.9983353614807129,-0.000506281852722168,0.9988721609115601,-0.0007585287094116211,0.9981623291969299,-0.0010846257209777832,0.9984064102172852,-0.0002688169479370117,28.950054411047322,-10.835178305627476,21.368262844280782,-8.791708986534704
Shooting028_x264,Shooting,1888,270,0.7892069220542908,0.9996213912963867,0.82718425989151,0.7828695178031921,30.229821910909678,10.531688834807333,0.9554376602172852,0.999311089515686,0.9696899652481079,0.9530593752861023,27.4389964748432,10.045477130283963,0.770542323589325,-0.01866459846496582,0.9998557567596436,0.00023436546325683594,0.7077336311340332,-0.1194506287574768,0.7810232639312744,-0.0018462538719177246,25.68832120130019,-4.541500709609487,10.095838645411575,-0.43585018939575804,0.9735640287399292,0.018126368522644043,0.9952005743980408,-0.004110515117645264,0.951184093952179,-0.018505871295928955,0.9772985577583313,0.024239182472229004,15.598132124708144,-11.840864350135057,8.738086728453165,-1.3073904018307978
Shooting032_x264,Shooting,21696,210,0.42490753531455994,0.9991525411605835,0.8228208422660828,0.42101842164993286,70.39653728008936,1.6291317020727973,0.45601069927215576,0.9994556307792664,0.7677744626998901,0.45296356081962585,63.94165857723523,1.3440027121270302,0.44046494364738464,0.015557408332824707,0.9990198612213135,-0.00013267993927001953,0.8335344791412354,0.010713636875152588,0.43662315607070923,0.015604734420776367,74.66172878906751,4.265191508978148,1.9669532164077062,0.3378215143349088,0.9853007197380066,0.5292900204658508,0.9978885650634766,-0.001567065715789795,0.9838756918907166,0.21610122919082642,0.9853145480155945,0.5323509871959686,38.80936866974287,-25.132289907492364,0.7849902669290733,-0.5590124451979569
Shooting033_x264,Shooting,3616,320,0.9894141554832458,0.9998610019683838,0.9995702505111694,0.9884282350540161,91.2135922330097,57.35069613941487,0.9987508058547974,0.9995734095573425,0.9994325637817383,0.9986847043037415,93.93203883495146,41.595938419509714,0.9965519905090332,0.0071378350257873535,0.9999414682388306,8.046627044677734e-05,0.9998565912246704,0.00028634071350097656,0.9962310791015625,0.007802844047546387,91.43203883495146,0.21844660194174992,38.85407189544286,-18.496624243972015,0.992099404335022,-0.006651401519775391,0.9956691861152649,-0.0039042234420776367,0.993665337562561,-0.005767226219177246,0.9919473528862,-0.006737351417541504,64.1504854368932,-29.78155339805825,15.312599744947041,-26.28333867456267
Shooting034_x264,Shooting,1408,90,0.4355591833591461,0.9770957231521606,0.9563177227973938,0.3999989926815033,93.90490642387455,37.08680825347492,0.9198688268661499,0.9973093867301941,0.9963746666908264,0.914644718170166,95.46956668352723,48.96296296296297,0.5528134703636169,0.11725428700447083,0.9901678562164307,0.01307213306427002,0.9739996790885925,0.01768195629119873,0.5240525603294373,0.12405356764793396,91.26117012308211,-2.6437363007924404,29.134430384430388,-7.952377869044533,0.9853070974349976,0.06543827056884766,0.9943667054176331,-0.002942681312561035,0.9932562708854675,-0.0031183958053588867,0.9847641587257385,0.07011944055557251,91.26117012308211,-4.208396560445124,29.134430384430388,-19.82853257853258
Shooting037_x264,Shooting,304,120,0.9558072090148926,0.9827467203140259,0.9742078185081482,0.9438069462776184,73.18840579710144,57.88467088467088,0.9965755343437195,0.9977178573608398,0.9969529509544373,0.9963292479515076,24.492753623188403,30.550882940588824,0.9779117107391357,0.022104501724243164,0.9939320683479309,0.01118534803390503,0.9929873943328857,0.01877957582473755,0.9680795073509216,0.024272561073303223,99.56521739130434,26.376811594202906,99.13194444444444,41.24727355977356,0.9971354603767395,0.0005599260330200195,0.9976174235343933,-0.0001004338264465332,0.9975414276123047,0.0005884766578674316,0.9968706369400024,0.000541388988494873,99.56521739130434,75.07246376811594,99.13194444444444,68.58106150385562
Shooting043_x264,Shooting,1872,285,0.9986116886138916,0.9999167919158936,0.9996646046638489,0.9984226226806641,69.8171547330835,21.99531914113265,0.998885989189148,0.9993917346000671,0.999144434928894,0.9988394379615784,53.75330260117843,15.943919673932545,0.9988210797309875,0.00020939111709594727,0.9999762773513794,5.9485435485839844e-05,0.9997831583023071,0.00011855363845825195,0.9986484050750732,0.0002257823944091797,69.39619053936038,-0.42096419372312255,22.006319075255565,0.010999934122914112,0.9988820552825928,-3.933906555175781e-06,0.9990882277488708,-0.00030350685119628906,0.9988955855369568,-0.00024884939193725586,0.998879611492157,4.017353057861328e-05,56.99720315280956,3.2439005516311283,16.724573457118964,0.7806537831864198
Shooting046_x264,Shooting,5088,553,0.9515215754508972,0.9994412064552307,0.9893534779548645,0.9469083547592163,39.68265709141876,8.773508743741921,0.9822192192077637,0.9994860291481018,0.9984588623046875,0.9802389740943909,73.0038818033738,55.31788276804984,0.9286625981330872,-0.02285897731781006,0.9991925358772278,-0.0002486705780029297,0.9632568359375,-0.026096642017364502,0.9244441986083984,-0.02246415615081787,35.1688395062713,-4.513817585147464,8.072587543952729,-0.7009211997891924,0.9836795926094055,0.0014603734016418457,0.9928833246231079,-0.0066027045249938965,0.9824397563934326,-0.016019105911254883,0.9838308095932007,0.0035918354988098145,38.89218076802686,-34.11170103534694,8.510634761504452,-46.80724800654539
Shooting047_x264,Shooting,8272,3480,0.8839629888534546,0.9998915195465088,0.9734777808189392,0.8189564943313599,62.99215167040854,50.606029376310815,0.9428699016571045,0.9988834857940674,0.9940117001533508,0.905730128288269,61.20373035518968,57.50809422368596,0.8738832473754883,-0.010079741477966309,0.9995818734169006,-0.0003096461296081543,0.9595871567726135,-0.013890624046325684,0.8116441965103149,-0.007312297821044922,66.25275842879897,3.2606067583904306,61.54783475006006,10.941805373749247,0.9860389232635498,0.04316902160644531,0.9974170327186584,-0.0014664530754089355,0.989393413066864,-0.004618287086486816,0.9836028218269348,0.07787269353866577,68.8141154798227,7.6103851246330265,66.52661683117401,9.018522607488052
Shooting048_x264,Shooting,2736,320,0.033469270914793015,0.26033300161361694,0.1536930650472641,0.017545592039823532,98.9362582781457,91.75589203377035,0.02521713450551033,0.08907365798950195,0.06763158738613129,0.019599327817559242,99.50745033112582,96.11329205413517,0.0031286906450986862,-0.03034058026969433,0.03178766742348671,-0.22854533419013023,0.0057584624737501144,-0.14793460257351398,0.002780376235023141,-0.014765215804800391,73.29056291390728,-25.64569536423842,28.03169428125726,-63.72419775251309,0.992710292339325,0.9674931578338146,0.9938852787017822,0.9048116207122803,0.9920324087142944,0.9244008213281631,0.9928000569343567,0.9732007291167974,14.586092715231787,-84.92135761589404,6.985152777153007,-89.12813927698217
Shoplifting001_x264,Shoplifting,4336,450,0.9554311633110046,0.9987484216690063,0.9919727444648743,0.9511997699737549,76.86887402070109,18.71742987444724,0.9625085592269897,0.9921022653579712,0.976574718952179,0.9608796238899231,62.077543317893294,12.547738021023868,0.6424466967582703,-0.3129844665527344,0.9971268773078918,-0.001621544361114502,0.9813631772994995,-0.010609567165374756,0.6032000780105591,-0.3479996919631958,84.41916852519013,7.550294504489045,25.41176897367562,6.6943390992283796,0.9657842516899109,0.0032756924629211426,0.9857590794563293,-0.006343185901641846,0.9775751233100891,0.0010004043579101562,0.9644189476966858,0.0035393238067626953,82.96437353462571,20.886830216732413,25.227697488850154,12.679959467826286
Shoplifting004_x264,Shoplifting,6672,2700,0.9827414155006409,0.9997145533561707,0.9968745708465576,0.9731342196464539,80.6268322703368,78.37602000062208,0.9948650002479553,0.9993399381637573,0.9975231289863586,0.9930580854415894,70.23587333557121,51.58151334827957,0.9901914596557617,0.00745004415512085,0.999733030796051,1.8477439880371094e-05,0.9989968538284302,0.0021222829818725586,0.984205961227417,0.011071741580963135,86.04968110104062,5.422848830703813,76.66861784609532,-1.7074021545267613,0.9763287305831909,-0.018536269664764404,0.9880836009979248,-0.01125633716583252,0.982333779335022,-0.01518934965133667,0.9722467064857483,-0.020811378955841064,79.42493752564246,9.18906419007125,66.54657277784104,14.965059429561464
Shoplifting005_x264,Shoplifting,1952,210,0.4413074851036072,0.890461266040802,0.3374907672405243,0.45382267236709595,35.623530698157566,8.505354025058294,0.6531397104263306,0.8470761775970459,0.5944858193397522,0.6602104902267456,35.45732874091084,8.635724971474627,0.07593052089214325,-0.36537696421146393,0.19065889716148376,-0.6998023688793182,0.13210855424404144,-0.20538221299648285,0.06915818899869919,-0.38466448336839676,86.58629927286643,50.96276857470886,63.182373227861,54.677019202802704,0.9799533486366272,0.32681363821029663,0.9849784970283508,0.13790231943130493,0.9767019152641296,0.38221609592437744,0.9803452491760254,0.3201347589492798,12.617680826636052,-22.839647914274785,6.43861015042965,-2.197114821044977
Shoplifting007_x264,Shoplifting,5120,500,0.8175856471061707,0.9984691739082336,0.9585680365562439,0.8023278117179871,56.78787878787879,10.680395345482527,0.986862301826477,0.9978458285331726,0.9944190382957458,0.9860443472862244,72.25316017316018,15.18431255378682,0.8801279067993164,0.06254225969314575,0.996895432472229,-0.0015737414360046387,0.9790911078453064,0.0205230712890625,0.8694175481796265,0.0670897364616394,69.49922077922078,12.711341991341989,14.056362197094613,3.3759668516120858,0.9011316299438477,-0.0857306718826294,0.9300991296768188,-0.06774669885635376,0.9055235385894775,-0.08889549970626831,0.9006563425064087,-0.08538800477981567,57.64536796536797,-14.607792207792215,11.046417184202506,-4.137895369584314
Shoplifting010_x264,Shoplifting,2736,590,0.03173794597387314,0.20464679598808289,0.021288270130753517,0.03461087867617607,40.23425529562291,17.364137826576943,0.02512356825172901,0.07951897382736206,0.020998597145080566,0.026257645338773727,43.466757230637995,18.594998599043986,0.02512398362159729,-0.006613962352275848,0.11678634583950043,-0.08786045014858246,0.023026250302791595,0.0017379801720380783,0.02570071630179882,-0.00891016237437725,48.69082407948569,8.456568783862778,19.993651036286643,2.6295132097096996,0.9895366430282593,0.9644130747765303,0.9913603663444519,0.9118413925170898,0.9889233708381653,0.9679247736930847,0.9897052645683289,0.9634476192295551,36.693414630293645,-6.77334260034435,16.974631182393825,-1.6203674166501614
Shoplifting015_x264,Shoplifting,2256,150,0.38923993706703186,0.7292248010635376,0.3935851454734802,0.38893043994903564,50.94207027540361,6.971339858897885,0.4481220841407776,0.7914173603057861,0.3613814413547516,0.4543001651763916,33.86324786324786,5.298227987710118,0.2377878874540329,-0.15145204961299896,0.769398033618927,0.040173232555389404,0.1569422036409378,-0.23664294183254242,0.24354612827301025,-0.1453843116760254,46.84963596074707,-4.092434314656536,6.538850464087331,-0.4324893948105535,0.9758879542350769,0.5277658700942993,0.9837721586227417,0.19235479831695557,0.9812284111976624,0.6198469698429108,0.9755076766014099,0.5212075114250183,92.0386198163976,58.17537195314974,30.50002405002405,25.20179606231393
Shoplifting016_x264,Shoplifting,1472,90,0.6580471992492676,0.9368927478790283,0.7727301716804504,0.6505787372589111,66.19552982794661,9.548695525779708,0.9567623734474182,0.9797725081443787,0.9736714959144592,0.9556612968444824,73.83662968322882,11.928780284043441,0.8360841274261475,0.17803692817687988,0.973162829875946,0.036270081996917725,0.969605028629303,0.19687485694885254,0.8273888826370239,0.1768101453781128,96.81138446695611,30.6158546390095,64.15160765160766,54.602912125827956,0.9282976388931274,-0.02846473455429077,0.9432758092880249,-0.03649669885635376,0.9336682558059692,-0.04000324010848999,0.9279479384422302,-0.027713358402252197,77.90159189580318,4.064962212574358,13.907242556845603,1.9784622728021617
Shoplifting017_x264,Shoplifting,448,60,0.9147397875785828,0.9852215647697449,0.9819477200508118,0.9043468832969666,97.14776632302404,86.23611111111111,0.9795833230018616,0.9899181127548218,0.9851066470146179,0.9787291884422302,71.58075601374571,26.846153846153847,0.9304863810539246,0.015746593475341797,0.975683867931366,-0.009537696838378906,0.9599551558494568,-0.02199256420135498,0.9259294271469116,0.02158254384994507,73.23024054982818,-23.917525773195862,26.821999256781865,-59.41411185432925,0.9689539074897766,-0.010629415512084961,0.9724469780921936,-0.017471134662628174,0.9671947956085205,-0.017911851406097412,0.9692260026931763,-0.009503185749053955,7.250859106529206,-64.32989690721651,9.138857921466617,-17.70729592468723
Shoplifting020_x264,Shoplifting,5760,120,0.8307396769523621,0.9980071187019348,0.996722936630249,0.8272079825401306,99.54137115839244,82.42327117327117,0.987302303314209,0.9984267950057983,0.9970354437828064,0.9870951771736145,90.89834515366431,10.91379381812736,0.8585638999938965,0.027824223041534424,0.9976244568824768,-0.0003826618194580078,0.991009533405304,-0.005713403224945068,0.8557459712028503,0.028537988662719727,88.04255319148936,-11.498817966903076,8.472578347578347,-73.95069282569283,0.9697206020355225,-0.017581701278686523,0.9877533912658691,-0.0106734037399292,0.9861084818840027,-0.010926961898803711,0.9693719744682312,-0.0177232027053833,95.91016548463357,5.0118203309692575,22.136655011655012,11.222861193527653
Shoplifting021_x264,Shoplifting,3536,150,0.7163552045822144,0.9834097623825073,0.825904369354248,0.711502194404602,60.91238432762355,5.74909405130106,0.9873394966125488,0.996908962726593,0.9942527413368225,0.9870332479476929,75.81925575900767,8.739698016610777,0.8613570332527161,0.1450018286705017,0.9919419288635254,0.008532166481018066,0.9897118210792542,0.1638074517250061,0.8556709289550781,0.14416873455047607,93.54242961212837,32.630045284504824,25.646839582630992,19.89774553132993,0.9504473209381104,-0.03689217567443848,0.9649537801742554,-0.031955182552337646,0.9564856886863708,-0.03776705265045166,0.9501798152923584,-0.03685343265533447,75.70584760779681,-0.11340815121086223,8.635984407791545,-0.1037136088192323
Shoplifting022_x264,Shoplifting,2176,270,0.17045094072818756,0.5252758264541626,0.28090700507164,0.15480394661426544,83.1522288290389,40.566476684125945,0.053487543016672134,0.2989630103111267,0.0786178782582283,0.04992762953042984,91.52189965411371,49.699701054735954,0.14937354624271393,-0.021077394485473633,0.536220371723175,0.010944545269012451,0.22438675165176392,-0.0565202534198761,0.13874731957912445,-0.01605662703514099,77.12059383622866,-6.03163499281024,27.68613606972975,-12.880340614396196,0.9758251309394836,0.9223375879228115,0.9873741865158081,0.6884111762046814,0.9732344746589661,0.8946165964007378,0.976192057132721,0.9262644276022911,30.042749990284097,-61.47914966382962,9.158600663167446,-40.541100391568506
Shoplifting027_x264,Shoplifting,1872,320,7.86676537245512e-05,0.0022599687799811363,7.315556285902858e-05,7.98041801317595e-05,73.96907216494846,26.642091007822817,0.005712881684303284,0.017051637172698975,0.005616579204797745,0.005732737947255373,57.4548969072165,19.720383878113505,0.0002493038191460073,0.0001706361654214561,0.003765732515603304,0.0015057637356221676,0.0006053296383470297,0.0005321740754880011,0.00017589639173820615,9.609221160644665e-05,91.37242268041237,17.403350515463913,60.08766712834929,33.44557612052647,0.9921185970306396,0.9864057153463364,0.9945687651634216,0.9775171279907227,0.9912897348403931,0.9856731556355953,0.9922894239425659,0.9865566859953105,17.35824742268041,-40.09664948453609,10.800781949857864,-8.919601928255641
Shoplifting028_x264,Shoplifting,1344,270,0.6381649971008301,0.9945629239082336,0.9830966591835022,0.551450252532959,82.74708600593144,40.83894156957807,0.7497797608375549,0.9981792569160461,0.9966717958450317,0.6877118349075317,83.01193185736948,43.009469416321686,0.6379176378250122,-0.0002473592758178711,0.9975451827049255,0.0029822587966918945,0.9955756068229675,0.012478947639465332,0.548003613948822,-0.003446638584136963,93.03193323677496,10.284847230843525,67.91975161125488,27.080810041676813,0.9708865880966187,0.22110682725906372,0.9870918393135071,-0.011087417602539062,0.9846964478492737,-0.011975347995758057,0.9674148559570312,0.2797030210494995,91.79598593006413,8.784054072694659,64.85022558519722,21.840756168875537
Shoplifting029_x264,Shoplifting,2176,450,0.46686244010925293,0.9634280204772949,0.9133870005607605,0.3504452705383301,92.3020471224411,68.87088141286424,0.6113755702972412,0.9245925545692444,0.8933303356170654,0.5378646850585938,94.71636410454487,73.06455371973519,0.3626982867717743,-0.10416415333747864,0.9599195122718811,-0.0035085082054138184,0.8765232563018799,-0.036863744258880615,0.22873464226722717,-0.1217106282711029,95.61864297669628,3.3165958542551834,80.15897969812944,11.288098285265207,0.9578976631164551,0.34652209281921387,0.9821388721466064,0.05754631757736206,0.9452667832374573,0.051936447620391846,0.9611907005310059,0.4233260154724121,2.877558903051371,-91.8388052014935,11.645152143344957,-61.41940157639023
Shoplifting031_x264,Shoplifting,432,210,0.0866309106349945,0.32525399327278137,0.032562676817178726,0.13777655363082886,1.1282711282711269,31.430509885255763,0.21931485831737518,0.33362650871276855,0.18491999804973602,0.25185054540634155,15.954525954525952,34.59466892544696,0.33099982142448425,0.24436891078948975,0.5073170065879822,0.1820630133152008,0.2539888620376587,0.22142618522047997,0.4038480520248413,0.26607149839401245,7.923637923637923,6.795366795366796,32.574908901647746,1.1443990163919828,0.9580467939376831,0.7387319356203079,0.9596565961837769,0.6260300874710083,0.9591107964515686,0.7741907984018326,0.9570401906967163,0.7051896452903748,86.85971685971687,70.90519090519092,85.58535818122283,50.99068925577587
Shoplifting033_x264,Shoplifting,896,120,0.05196865275502205,0.13128596544265747,0.06602303683757782,0.04979528859257698,69.89690721649484,20.959064737005917,0.03948822617530823,0.07545799016952515,0.042382676154375076,0.03904062882065773,61.786941580756015,17.61267515114769,0.03144913539290428,-0.020519517362117767,0.08489518612623215,-0.046390779316425323,0.03397534042596817,-0.03204769641160965,0.031058480963110924,-0.018736807629466057,60.549828178694156,-9.347079037800682,17.217452424260205,-3.741612312745712,0.9853213429450989,0.9458331167697906,0.9902147650718689,0.9147567749023438,0.9843538403511047,0.9419711641967297,0.9854708909988403,0.9464302621781826,28.69415807560138,-33.092783505154635,10.338304104482688,-7.274371046665003
Shoplifting034_x264,Shoplifting,11936,120,0.8247857093811035,0.9955762624740601,0.9696729183197021,0.8233143091201782,70.16249153689913,1.8592260292344738,0.9837526082992554,0.9979693293571472,0.995245099067688,0.9836359620094299,81.36989392913563,2.8977823853403026,0.5335089564323425,-0.291276752948761,0.986754834651947,-0.008821427822113037,0.8311578035354614,-0.13851511478424072,0.5304861068725586,-0.29282820224761963,70.8891897991424,0.7266982622432749,1.8934560034340513,0.03422997419957752,0.9661107659339905,-0.017641842365264893,0.9903533458709717,-0.007615983486175537,0.9647151827812195,-0.030529916286468506,0.966124951839447,-0.01751101016998291,41.98375084631009,-39.38614308282554,0.9667743308693504,-1.9310080544709523
Shoplifting037_x264,Shoplifting,1376,60,0.09621285647153854,0.40337324142456055,0.25721070170402527,0.0888725221157074,88.78419452887539,19.538961038961038,0.10849485546350479,0.4226663112640381,0.15018931031227112,0.10659391433000565,86.59574468085106,17.03907203907204,0.2458975613117218,0.14968470484018326,0.9627367258071899,0.5593634843826294,0.6953269243240356,0.4381162226200104,0.22540684044361115,0.13653431832790375,86.59574468085106,-2.1884498480243337,17.03907203907204,-2.4998889998889986,0.965482234954834,0.8569873794913292,0.9737743735313416,0.5511080622673035,0.9550062417984009,0.8048169314861298,0.9659598469734192,0.8593659326434135,10.891590678824722,-75.70415400202633,3.07054231711766,-13.96852972195438
Shoplifting039_x264,Shoplifting,2800,150,0.00825576763600111,0.21473658084869385,0.00029435649048537016,0.008706414140760899,70.76981132075471,9.168850626642653,0.008829070255160332,0.04685467481613159,0.007994096726179123,0.008876333013176918,70.72955974842768,9.133600977510978,0.0022989932913333178,-0.005956774344667792,0.10523084551095963,-0.10950573533773422,0.0003913851105608046,9.702862007543445e-05,0.00240697106346488,-0.006299443077296019,80.67974842767296,9.90993710691825,12.952154240779029,3.7833036141363756,0.9937673807144165,0.9849383104592562,0.995316743850708,0.9484620690345764,0.993330717086792,0.9853366203606129,0.9937919974327087,0.9849156644195318,23.329308176100625,-47.40025157232705,3.8485659777408117,-5.285034999770167
Shoplifting044_x264,Shoplifting,14544,180,0.7833876609802246,0.9949668049812317,0.8699579834938049,0.782302737236023,41.206411089452025,1.135231150804418,0.9796584248542786,0.997698187828064,0.981095552444458,0.9796404838562012,32.916550635848886,0.9915009577866267,0.8877855539321899,0.10439789295196533,0.9993600249290466,0.004393219947814941,0.9902898073196411,0.12033182382583618,0.8865010738372803,0.10419833660125732,56.284847922274814,15.078436832822788,1.5040708037866923,0.3688396529822744,0.9522773623466492,-0.027381062507629395,0.9769240617752075,-0.020774126052856445,0.9465608596801758,-0.03453469276428223,0.9523490071296692,-0.027291476726531982,36.87459389213775,3.9580432562888674,1.052898598199985,0.06139764041335827
Shoplifting049_x264,Shoplifting,2144,330,0.960145890712738,0.9964122176170349,0.9277225136756897,0.9660441875457764,16.81166683371755,9.440550969254765,0.9970570802688599,0.9988831281661987,0.9943914413452148,0.9975419044494629,3.3941398549998323,8.61009780742541,0.7502336502075195,-0.2099122405052185,0.9758806824684143,-0.020531535148620605,0.5169488191604614,-0.41077369451522827,0.7926724553108215,-0.17337173223495483,9.680598710367178,-7.131068123350371,8.839722403999806,-0.6008285652549592,0.9713840484619141,-0.0256730318069458,0.9828699231147766,-0.01601320505142212,0.9670566320419312,-0.02733480930328369,0.9721713066101074,-0.02537059783935547,24.338311449667568,20.944171594667736,10.171913943159568,1.5618161357341585
Stealing019_x264,Stealing,4896,240,0.7818924188613892,0.9881167411804199,0.9599151611328125,0.7727159857749939,80.2548682703322,15.627935996765085,0.9398738741874695,0.996086835861206,0.9886444211006165,0.9373598694801331,52.59163802978236,14.788176165773073,0.5773345232009888,-0.2045578956604004,0.9415637254714966,-0.04655301570892334,0.83844393491745,-0.12147122621536255,0.5638752579689026,-0.2088407278060913,84.73940435280642,4.4845360824742215,19.82986720280252,4.201931206037436,0.9799456596374512,0.04007178544998169,0.9924730062484741,-0.0036138296127319336,0.9841962456703186,-0.0044481754302978516,0.9797266721725464,0.04236680269241333,53.80870561282932,1.217067583046962,5.929656803710377,-8.858519362062697
Stealing036_x264,Stealing,2496,330,0.48478513956069946,0.9306153655052185,0.8370294570922852,0.43111908435821533,96.26654355186211,64.04410792253287,0.7403317093849182,0.8860145211219788,0.866243302822113,0.7211484909057617,98.49156383782423,81.6850798007631,0.4414416551589966,-0.04334348440170288,0.8275015354156494,-0.10311383008956909,0.7726319432258606,-0.06439751386642456,0.3909832537174225,-0.04013583064079285,97.72153669660595,1.4549931447438382,89.67011152578867,25.626003603255796,0.9172165989875793,0.17688488960266113,0.9327206015586853,0.04670608043670654,0.9164729118347168,0.05022960901260376,0.9173299074172974,0.19618141651153564,48.278631187218444,-50.21293265060579,12.45931599034755,-69.22576381041556
Stealing058_x264,Stealing,4976,3090,0.9445491433143616,0.9999969005584717,0.9999619722366333,0.8537614941596985,98.8477523019215,99.2969326993603,0.9789743423461914,0.9996278285980225,0.9993952512741089,0.9455171823501587,98.29975256274301,98.95576548727017,0.934395432472229,-0.010153710842132568,0.9999926090240479,-4.291534423828125e-06,0.9998869299888611,-7.50422477722168e-05,0.8270949721336365,-0.02666652202606201,98.87136351312857,0.02361121120706855,99.33821582087633,0.041283121516030974,0.9931801557540894,0.01420581340789795,0.9979140758514404,-0.0017137527465820312,0.9970130920410156,-0.0023821592330932617,0.9869005084037781,0.041383326053619385,91.63205633744813,-6.6676962252948755,89.21948596565535,-9.736279521614819
Stealing062_x264,Stealing,1552,690,0.9768028855323792,0.9971867203712463,0.995166540145874,0.9621034860610962,99.94922492350112,99.92613189529267,0.99637770652771,0.9994243383407593,0.9963402152061462,0.9964078664779663,19.887353307105148,31.37931310218749,0.982045590877533,0.005242705345153809,0.9984625577926636,0.0012758374214172363,0.997385561466217,0.0022190213203430176,0.96976637840271,0.0076628923416137695,97.06546958539292,-2.8837553381082017,95.57584934914836,-4.350282546144314,0.9965593814849854,0.00018167495727539062,0.9978080987930298,-0.0016162395477294922,0.9968521595001221,0.0005119442939758301,0.9963250756263733,-8.279085159301758e-05,39.78311308382931,19.895759776724166,38.948088296310274,7.568775194122786
Stealing079_x264,Stealing,5840,1650,0.8969659805297852,0.9994423985481262,0.9903517365455627,0.8601910471916199,80.53550300137414,52.99064017985469,0.9892528057098389,0.9973735213279724,0.9949586391448975,0.9870060086250305,88.1898604180227,82.18056016275732,0.8089857697486877,-0.08798021078109741,0.9994151592254639,-2.7239322662353516e-05,0.9769066572189331,-0.013445079326629639,0.742859423160553,-0.1173316240310669,80.61511535401749,0.07961235264335187,57.0498260504933,4.059185870638615,0.9773191809654236,-0.011933624744415283,0.9885789155960083,-0.008794605731964111,0.9819011688232422,-0.013057470321655273,0.9755147099494934,-0.01149129867553711,85.13219064149851,-3.057669776524193,62.155488929650105,-20.025071233107212
Vandalism007_x264,Vandalism,1136,510,0.9358597993850708,0.9959834814071655,0.9418294429779053,0.9309963583946228,63.71170832550273,68.24150890661662,0.9924126267433167,0.9968969225883484,0.9946610331535339,0.9905809164047241,60.754870638351186,46.961837222905054,0.8582528829574585,-0.0776069164276123,0.9839212894439697,-0.0120621919631958,0.9252153038978577,-0.016614139080047607,0.8036989569664001,-0.12729740142822266,78.78656894067531,15.074860615172582,76.97830730284856,8.736798396231947,0.9928483366966248,0.00043570995330810547,0.9956735372543335,-0.0012233853340148926,0.9938563704490662,-0.0008046627044677734,0.992027223110199,0.0014463067054748535,57.09641044916369,-3.658460189187494,45.021520574503235,-1.9403166484018186
Vandalism015_x264,Vandalism,2976,690,0.9840109348297119,0.9993346333503723,0.9983965158462524,0.9796688556671143,99.28702752735619,97.9011774720896,0.9960429072380066,0.9982289671897888,0.9973437190055847,0.9956501126289368,94.01435327830397,68.72910316963315,0.7379717230796814,-0.24603921175003052,0.9899460673332214,-0.009388566017150879,0.9616043567657471,-0.03679215908050537,0.6704710721969604,-0.3091977834701538,98.76970088883817,-0.5173266385180142,96.11794880141386,-1.78322867067574,0.9807350635528564,-0.015307843685150146,0.9937053322792053,-0.004523634910583496,0.9901804327964783,-0.007163286209106445,0.9778839945793152,-0.017766118049621582,99.82667021694752,5.812316938643548,99.50063451634713,30.771531346713985
Vandalism017_x264,Vandalism,1008,120,0.9990658164024353,0.9999685287475586,0.9999582767486572,0.9989452362060547,85.64564564564564,50.3084505541347,0.998262345790863,0.998886227607727,0.9987480044364929,0.9981967210769653,94.83483483483484,73.72751322751321,0.9948991537094116,-0.004166662693023682,0.9999005794525146,-6.794929504394531e-05,0.9998080134391785,-0.00015026330947875977,0.9942358136177063,-0.004709422588348389,80.24024024024024,-5.4054054054054035,28.066480278980276,-22.241970275154426,0.9942112565040588,-0.004051089286804199,0.9970865845680237,-0.0017996430397033691,0.995826780796051,-0.0029212236404418945,0.9939929246902466,-0.00420379638671875,71.17117117117118,-23.663663663663655,19.48609775957163,-54.24141546794158
Vandalism028_x264,Vandalism,4480,420,0.8682906031608582,0.9913813471794128,0.9556661248207092,0.8592516779899597,87.81749941355852,55.70923985579302,0.9788314700126648,0.9938700199127197,0.9876819252967834,0.9779158234596252,64.38986629134413,38.21983698069512,0.8711554408073425,0.002864837646484375,0.964028000831604,-0.027353346347808838,0.9426730871200562,-0.012993037700653076,0.8637570142745972,0.004505336284637451,95.04808820079757,7.230588787239043,50.52030426883971,-5.188935586953313,0.9856222867965698,0.006790816783905029,0.9918336272239685,-0.0020363926887512207,0.98799729347229,0.0003153681755065918,0.9853767156600952,0.007460892200469971,62.578935022284774,-1.8109312690593597,19.50485735407479,-18.71497962662033
Vandalism036_x264,Vandalism,1440,330,0.9980108737945557,0.9998557567596436,0.999666154384613,0.99751877784729,82.5984165984166,57.258205950105335,0.995774507522583,0.9982473850250244,0.9971073865890503,0.9953780174255371,84.86104286104286,68.83652951411278,0.972338855266571,-0.02567201852798462,0.9991494417190552,-0.0007063150405883789,0.9891865849494934,-0.010479569435119629,0.9673302173614502,-0.030188560485839844,66.67267267267268,-15.92574392574393,46.205933959691016,-11.052271990414319,0.990024745464325,-0.005749762058258057,0.9938501715660095,-0.004397213459014893,0.9924066662788391,-0.004700720310211182,0.9893165230751038,-0.00606149435043335,90.81900081900083,5.957957957957973,84.15456074415675,15.318031230043971
Normal_Videos_003_x264,Normal,2816,0,0.0008227672078646719,0.0545252226293087,nan,0.0008227672078646719,nan,nan,0.007244844920933247,0.03374248743057251,nan,0.007244844920933247,nan,nan,0.009475812315940857,0.008653045108076185,0.7187033891677856,0.6641781665384769,nan,nan,0.009475812315940857,0.008653045108076185,nan,nan,nan,nan,0.989616334438324,0.9823714895173907,0.9909293055534363,0.9571868181228638,nan,nan,0.989616334438324,0.9823714895173907,nan,nan,nan,nan
Normal_Videos_006_x264,Normal,448,0,0.0031427890062332153,0.030095933005213737,nan,0.0031427890062332153,nan,nan,0.004665791988372803,0.012701213359832764,nan,0.004665791988372803,nan,nan,0.005330004263669252,0.002187215257436037,0.0456821508705616,0.015586217865347862,nan,nan,0.005330004263669252,0.002187215257436037,nan,nan,nan,nan,0.9873958230018616,0.9827300310134888,0.9887131452560425,0.9760119318962097,nan,nan,0.9873958230018616,0.9827300310134888,nan,nan,nan,nan
Normal_Videos_010_x264,Normal,1040,0,0.0016126155387610197,0.0320335328578949,nan,0.0016126155387610197,nan,nan,0.028579095378518105,0.05839627981185913,nan,0.028579095378518105,nan,nan,0.0036534308455884457,0.002040815306827426,0.06234622746706009,0.03031269460916519,nan,nan,0.0036534308455884457,0.002040815306827426,nan,nan,nan,nan,0.9840824007987976,0.9555033054202795,0.9853188991546631,0.926922619342804,nan,nan,0.9840824007987976,0.9555033054202795,nan,nan,nan,nan
Normal_Videos_014_x264,Normal,1488,0,0.0008576693362556398,0.01663801819086075,nan,0.0008576693362556398,nan,nan,0.010986573062837124,0.013474464416503906,nan,0.010986573062837124,nan,nan,0.0007465167436748743,-0.00011115259258076549,0.023875178769230843,0.007237160578370094,nan,nan,0.0007465167436748743,-0.00011115259258076549,nan,nan,nan,nan,0.9908303618431091,0.979843788780272,0.993330717086792,0.9798562526702881,nan,nan,0.9908303618431091,0.979843788780272,nan,nan,nan,nan
Normal_Videos_015_x264,Normal,480,0,6.340054096654058e-05,0.0011411982122808695,nan,6.340054096654058e-05,nan,nan,0.001954855630174279,0.003213047981262207,nan,0.001954855630174279,nan,nan,0.0001372097322018817,7.380919123534113e-05,0.002813603961840272,0.0016724057495594025,nan,nan,0.0001372097322018817,7.380919123534113e-05,nan,nan,nan,nan,0.9957438111305237,0.9937889555003494,0.9961714148521423,0.9929583668708801,nan,nan,0.9957438111305237,0.9937889555003494,nan,nan,nan,nan
Normal_Videos_018_x264,Normal,1168,0,1.8872960936278105e-05,0.0007922699442133307,nan,1.8872960936278105e-05,nan,nan,0.0012804432772099972,0.004840552806854248,nan,0.0012804432772099972,nan,nan,1.3206583389546722e-05,-5.666377546731383e-06,0.000401491008233279,-0.00039077893598005176,nan,nan,1.3206583389546722e-05,-5.666377546731383e-06,nan,nan,nan,nan,0.9960598945617676,0.9947794512845576,0.996478796005249,0.9916382431983948,nan,nan,0.9960598945617676,0.9947794512845576,nan,nan,nan,nan
Normal_Videos_019_x264,Normal,2832,0,0.13978716731071472,0.5425789952278137,nan,0.13978716731071472,nan,nan,0.04385831207036972,0.10375535488128662,nan,0.04385831207036972,nan,nan,0.07429343461990356,-0.06549373269081116,0.8275223970413208,0.2849434018135071,nan,nan,0.07429343461990356,-0.06549373269081116,nan,nan,nan,nan,0.9887131452560425,0.9448548331856728,0.9906781911849976,0.8869228363037109,nan,nan,0.9887131452560425,0.9448548331856728,nan,nan,nan,nan
Normal_Videos_024_x264,Normal,1072,0,7.917640687082894e-06,0.0003207725239917636,nan,7.917640687082894e-06,nan,nan,0.0007015261799097061,0.0008820891380310059,nan,0.0007015261799097061,nan,nan,4.1147228330373764e-05,3.322958764329087e-05,0.0018393618520349264,0.0015185893280431628,nan,nan,4.1147228330373764e-05,3.322958764329087e-05,nan,nan,nan,nan,0.9957913160324097,0.9950897898525,0.9963257908821106,0.9954437017440796,nan,nan,0.9957913160324097,0.9950897898525,nan,nan,nan,nan
Normal_Videos_025_x264,Normal,592,0,4.2766087062773295e-06,0.0001301886368310079,nan,4.2766087062773295e-06,nan,nan,0.0007216092781163752,0.0009114742279052734,nan,0.0007216092781163752,nan,nan,7.002176516834879e-06,2.72556781055755e-06,0.00018388815806247294,5.369952123146504e-05,nan,nan,7.002176516834879e-06,2.72556781055755e-06,nan,nan,nan,nan,0.9959216713905334,0.9952000621124171,0.9967408776283264,0.9958294034004211,nan,nan,0.9959216713905334,0.9952000621124171,nan,nan,nan,nan
Normal_Videos_027_x264,Normal,4912,0,0.00010861898044822738,0.008046969771385193,nan,0.00010861898044822738,nan,nan,0.0024305868428200483,0.00537484884262085,nan,0.0024305868428200483,nan,nan,6.762021803297102e-05,-4.099876241525635e-05,0.004748777486383915,-0.003298192285001278,nan,nan,6.762021803297102e-05,-4.099876241525635e-05,nan,nan,nan,nan,0.9928303360939026,0.9903997492510825,0.9937341809272766,0.9883593320846558,nan,nan,0.9928303360939026,0.9903997492510825,nan,nan,nan,nan
Normal_Videos_033_x264,Normal,1680,0,2.6575626179692335e-05,0.001325747580267489,nan,2.6575626179692335e-05,nan,nan,0.0007720799767412245,0.0027332305908203125,nan,0.0007720799767412245,nan,nan,0.00015542909386567771,0.00012885346768598538,0.003372792387381196,0.002047044807113707,nan,nan,0.00015542909386567771,0.00012885346768598538,nan,nan,nan,nan,0.9930644631385803,0.9922923831618391,0.9944760799407959,0.9917428493499756,nan,nan,0.9930644631385803,0.9922923831618391,nan,nan,nan,nan
Normal_Videos_034_x264,Normal,1312,0,4.199070190225029e-06,0.0001654961524764076,nan,4.199070190225029e-06,nan,nan,0.0005685549112968147,0.00177842378616333,nan,0.0005685549112968147,nan,nan,0.00012170083937235177,0.00011750176918212674,0.006623102817684412,0.006457606665208004,nan,nan,0.00012170083937235177,0.00011750176918212674,nan,nan,nan,nan,0.9940134286880493,0.9934448737767525,0.9947992563247681,0.9930208325386047,nan,nan,0.9940134286880493,0.9934448737767525,nan,nan,nan,nan
Normal_Videos_041_x264,Normal,1264,0,0.001500184298492968,0.02227400243282318,nan,0.001500184298492968,nan,nan,0.009444309398531914,0.03424942493438721,nan,0.009444309398531914,nan,nan,0.0011801840737462044,-0.0003200002247467637,0.013851111754775047,-0.008422890678048134,nan,nan,0.0011801840737462044,-0.0003200002247467637,nan,nan,nan,nan,0.9911413192749023,0.9816970098763704,0.9932172298431396,0.9589678049087524,nan,nan,0.9911413192749023,0.9816970098763704,nan,nan,nan,nan
Normal_Videos_042_x264,Normal,3152,0,4.71359953735373e-06,0.00038136442890390754,nan,4.71359953735373e-06,nan,nan,0.001556607079692185,0.002502620220184326,nan,0.001556607079692185,nan,nan,8.067601811490022e-06,3.354002274136292e-06,0.000552817655261606,0.00017145322635769844,nan,nan,8.067601811490022e-06,3.354002274136292e-06,nan,nan,nan,nan,0.995648205280304,0.9940915982006118,0.9959649443626404,0.993462324142456,nan,nan,0.995648205280304,0.9940915982006118,nan,nan,nan,nan
Normal_Videos_048_x264,Normal,1648,0,6.90404194756411e-05,0.002958604833111167,nan,6.90404194756411e-05,nan,nan,0.0014581425348296762,0.002237558364868164,nan,0.0014581425348296762,nan,nan,0.00010392558033345267,3.488516085781157e-05,0.00416985061019659,0.0012112457770854235,nan,nan,0.00010392558033345267,3.488516085781157e-05,nan,nan,nan,nan,0.9932448863983154,0.9917867438634858,0.9938572645187378,0.9916197061538696,nan,nan,0.9932448863983154,0.9917867438634858,nan,nan,nan,nan
Normal_Videos_050_x264,Normal,4192,0,0.0047172363847494125,0.32213911414146423,nan,0.0047172363847494125,nan,nan,0.014867848716676235,0.5140637159347534,nan,0.014867848716676235,nan,nan,0.01401187852025032,0.009294642135500908,0.8940873146057129,0.5719482004642487,nan,nan,0.01401187852025032,0.009294642135500908,nan,nan,nan,nan,0.9883462190628052,0.9734783703461289,0.9905780553817749,0.4765143394470215,nan,nan,0.9883462190628052,0.9734783703461289,nan,nan,nan,nan
Normal_Videos_051_x264,Normal,2352,0,0.0669846385717392,0.3988797068595886,nan,0.0669846385717392,nan,nan,0.0510995127260685,0.20504474639892578,nan,0.0510995127260685,nan,nan,0.04048594832420349,-0.026498690247535706,0.4368062913417816,0.03792658448219299,nan,nan,0.04048594832420349,-0.026498690247535706,nan,nan,nan,nan,0.9878012537956238,0.9367017410695553,0.9886462688446045,0.7836015224456787,nan,nan,0.9878012537956238,0.9367017410695553,nan,nan,nan,nan
Normal_Videos_056_x264,Normal,1568,0,0.09549008309841156,0.22800810635089874,nan,0.09549008309841156,nan,nan,0.029613198712468147,0.049156129360198975,nan,0.029613198712468147,nan,nan,0.02231762558221817,-0.07317245751619339,0.07709714770317078,-0.15091095864772797,nan,nan,0.02231762558221817,-0.07317245751619339,nan,nan,nan,nan,0.9883893132209778,0.9587761145085096,0.9921642541885376,0.9430081248283386,nan,nan,0.9883893132209778,0.9587761145085096,nan,nan,nan,nan
Normal_Videos_059_x264,Normal,1824,0,0.12458581477403641,0.5700345635414124,nan,0.12458581477403641,nan,nan,0.09133341163396835,0.40262484550476074,nan,0.09133341163396835,nan,nan,0.05789284035563469,-0.06669297441840172,0.18017086386680603,-0.3898636996746063,nan,nan,0.05789284035563469,-0.06669297441840172,nan,nan,nan,nan,0.9845149517059326,0.8931815400719643,0.9877804517745972,0.5851556062698364,nan,nan,0.9845149517059326,0.8931815400719643,nan,nan,nan,nan
Normal_Videos_063_x264,Normal,352,0,0.026301639154553413,0.10914211720228195,nan,0.026301639154553413,nan,nan,0.01693110354244709,0.04231029748916626,nan,0.01693110354244709,nan,nan,0.012064539827406406,-0.014237099327147007,0.03815772011876106,-0.07098439708352089,nan,nan,0.012064539827406406,-0.014237099327147007,nan,nan,nan,nan,0.9781526923179626,0.9612215887755156,0.9819544553756714,0.9396441578865051,nan,nan,0.9781526923179626,0.9612215887755156,nan,nan,nan,nan
Normal_Videos_067_x264,Normal,1056,0,8.739832992432639e-06,0.00036204117350280285,nan,8.739832992432639e-06,nan,nan,0.0010678578400984406,0.0019645094871520996,nan,0.0010678578400984406,nan,nan,2.1477149857673794e-05,1.2737316865241155e-05,0.0009657752234488726,0.0006037340499460697,nan,nan,2.1477149857673794e-05,1.2737316865241155e-05,nan,nan,nan,nan,0.9958849549293518,0.9948170970892534,0.9961561560630798,0.9941916465759277,nan,nan,0.9958849549293518,0.9948170970892534,nan,nan,nan,nan
Normal_Videos_070_x264,Normal,992,0,1.8137188817490824e-05,0.0008418344659730792,nan,1.8137188817490824e-05,nan,nan,0.0016058539040386677,0.001973092555999756,nan,0.0016058539040386677,nan,nan,1.3834209312335588e-05,-4.3029795051552355e-06,0.0006609638221561909,-0.00018087064381688833,nan,nan,1.3834209312335588e-05,-4.3029795051552355e-06,nan,nan,nan,nan,0.9954751133918762,0.9938692594878376,0.9961458444595337,0.9941727519035339,nan,nan,0.9954751133918762,0.9938692594878376,nan,nan,nan,nan
Normal_Videos_100_x264,Normal,624,0,0.0006836723769083619,0.011517981998622417,nan,0.0006836723769083619,nan,nan,0.004263593815267086,0.00713115930557251,nan,0.004263593815267086,nan,nan,0.00029589064070023596,-0.00038778173620812595,0.006599436979740858,-0.004918545018881559,nan,nan,0.00029589064070023596,-0.00038778173620812595,nan,nan,nan,nan,0.9905985593795776,0.9863349655643106,0.9932873845100403,0.9861562252044678,nan,nan,0.9905985593795776,0.9863349655643106,nan,nan,nan,nan
Normal_Videos_129_x264,Normal,464,0,0.09642569720745087,0.18074554204940796,nan,0.09642569720745087,nan,nan,0.1155468299984932,0.17163395881652832,nan,0.1155468299984932,nan,nan,0.08985920250415802,-0.006566494703292847,0.22345766425132751,0.042712122201919556,nan,nan,0.08985920250415802,-0.006566494703292847,nan,nan,nan,nan,0.9527565240859985,0.8372096940875053,0.9588052034378052,0.7871712446212769,nan,nan,0.9527565240859985,0.8372096940875053,nan,nan,nan,nan
Normal_Videos_150_x264,Normal,864,0,4.644996806746349e-05,0.00094470230396837,nan,4.644996806746349e-05,nan,nan,0.0034872060641646385,0.015116214752197266,nan,0.0034872060641646385,nan,nan,1.4996311620052438e-05,-3.145365644741105e-05,0.00026338567840866745,-0.0006813166255597025,nan,nan,1.4996311620052438e-05,-3.145365644741105e-05,nan,nan,nan,nan,0.9944555759429932,0.9909683698788285,0.9948846697807312,0.9797684550285339,nan,nan,0.9944555759429932,0.9909683698788285,nan,nan,nan,nan
Normal_Videos_168_x264,Normal,1728,0,7.25186982890591e-05,0.002296507591381669,nan,7.25186982890591e-05,nan,nan,0.00143653922714293,0.0023345947265625,nan,0.00143653922714293,nan,nan,0.00035780351026915014,0.00028528481198009104,0.013970836997032166,0.011674329405650496,nan,nan,0.00035780351026915014,0.00028528481198009104,nan,nan,nan,nan,0.9932467341423035,0.9918101949151605,0.9942244291305542,0.9918898344039917,nan,nan,0.9932467341423035,0.9918101949151605,nan,nan,nan,nan
Normal_Videos_175_x264,Normal,8832,0,0.014474384486675262,0.27772611379623413,nan,0.014474384486675262,nan,nan,0.07962337136268616,0.5892958641052246,nan,0.07962337136268616,nan,nan,0.030494848266243935,0.016020463779568672,0.4030783474445343,0.12535223364830017,nan,nan,0.030494848266243935,0.016020463779568672,nan,nan,nan,nan,0.9889790415763855,0.9093556702136993,0.99205482006073,0.40275895595550537,nan,nan,0.9889790415763855,0.9093556702136993,nan,nan,nan,nan
Normal_Videos_182_x264,Normal,4080,0,0.15216097235679626,0.798118531703949,nan,0.15216097235679626,nan,nan,0.04329606890678406,0.2630738615989685,nan,0.04329606890678406,nan,nan,0.08673550188541412,-0.06542547047138214,0.6731142997741699,-0.12500423192977905,nan,nan,0.08673550188541412,-0.06542547047138214,nan,nan,nan,nan,0.9900045990943909,0.9467085301876068,0.9951774477958679,0.7321035861968994,nan,nan,0.9900045990943909,0.9467085301876068,nan,nan,nan,nan
Normal_Videos_189_x264,Normal,736,0,0.15108278393745422,0.5715938210487366,nan,0.15108278393745422,nan,nan,0.1393737643957138,0.33047664165496826,nan,0.1393737643957138,nan,nan,0.1506069451570511,-0.0004758387804031372,0.495799720287323,-0.07579410076141357,nan,nan,0.1506069451570511,-0.0004758387804031372,nan,nan,nan,nan,0.9668105840682983,0.8274368196725845,0.9853839874267578,0.6549073457717896,nan,nan,0.9668105840682983,0.8274368196725845,nan,nan,nan,nan
Normal_Videos_196_x264,Normal,2000,0,4.201382398605347e-05,0.0026198269333690405,nan,4.201382398605347e-05,nan,nan,0.003061791881918907,0.007041811943054199,nan,0.003061791881918907,nan,nan,0.0004513059975579381,0.00040929217357188463,0.012473160400986671,0.009853333467617631,nan,nan,0.0004513059975579381,0.00040929217357188463,nan,nan,nan,nan,0.9908748269081116,0.9878130350261927,0.9920486211776733,0.9850068092346191,nan,nan,0.9908748269081116,0.9878130350261927,nan,nan,nan,nan
Normal_Videos_203_x264,Normal,2560,0,0.00017030540038831532,0.005864334758371115,nan,0.00017030540038831532,nan,nan,0.002587325870990753,0.00593644380569458,nan,0.002587325870990753,nan,nan,0.00015781365800648928,-1.2491742381826043e-05,0.006986021995544434,0.0011216872371733189,nan,nan,0.00015781365800648928,-1.2491742381826043e-05,nan,nan,nan,nan,0.993913471698761,0.9913261458277702,0.9947272539138794,0.9887908101081848,nan,nan,0.993913471698761,0.9913261458277702,nan,nan,nan,nan
Normal_Videos_210_x264,Normal,5408,0,0.00020913839398417622,0.02981461212038994,nan,0.00020913839398417622,nan,nan,0.0017981467535719275,0.034833431243896484,nan,0.0017981467535719275,nan,nan,0.010046742856502533,0.009837604462518357,0.9268234968185425,0.8970088846981525,nan,nan,0.010046742856502533,0.009837604462518357,nan,nan,nan,nan,0.9886037707328796,0.9868056239793077,0.9916728138923645,0.956839382648468,nan,nan,0.9886037707328796,0.9868056239793077,nan,nan,nan,nan
Normal_Videos_217_x264,Normal,1808,0,0.08769474178552628,0.41414675116539,nan,0.08769474178552628,nan,nan,0.0259158406406641,0.06133919954299927,nan,0.0259158406406641,nan,nan,0.01353255845606327,-0.074162183329463,0.1359480321407318,-0.2781987190246582,nan,nan,0.01353255845606327,-0.074162183329463,nan,nan,nan,nan,0.9835608601570129,0.9576450195163488,0.9870603084564209,0.9257211089134216,nan,nan,0.9835608601570129,0.9576450195163488,nan,nan,nan,nan
Normal_Videos_224_x264,Normal,6944,0,0.03586305305361748,0.3754129409790039,nan,0.03586305305361748,nan,nan,0.04447637125849724,0.17381501197814941,nan,0.04447637125849724,nan,nan,0.024744868278503418,-0.01111818477511406,0.8641534447669983,0.4887405037879944,nan,nan,0.024744868278503418,-0.01111818477511406,nan,nan,nan,nan,0.9881248474121094,0.9436484761536121,0.992803156375885,0.8189881443977356,nan,nan,0.9881248474121094,0.9436484761536121,nan,nan,nan,nan
Normal_Videos_246_x264,Normal,4992,0,0.005995288956910372,0.14562258124351501,nan,0.005995288956910372,nan,nan,0.017702803015708923,0.14186692237854004,nan,0.017702803015708923,nan,nan,0.0458323173224926,0.03983702836558223,0.47415146231651306,0.32852888107299805,nan,nan,0.0458323173224926,0.03983702836558223,nan,nan,nan,nan,0.9898417592048645,0.9721389561891556,0.9936962723731995,0.8518293499946594,nan,nan,0.9898417592048645,0.9721389561891556,nan,nan,nan,nan
Normal_Videos_247_x264,Normal,8208,0,0.00025322791771031916,0.010258507914841175,nan,0.00025322791771031916,nan,nan,0.004067564848810434,0.013307034969329834,nan,0.004067564848810434,nan,nan,0.000398279691580683,0.00014505177387036383,0.0204034224152565,0.010144914500415325,nan,nan,0.000398279691580683,0.00014505177387036383,nan,nan,nan,nan,0.993049144744873,0.9889815798960626,0.9946426749229431,0.9813356399536133,nan,nan,0.993049144744873,0.9889815798960626,nan,nan,nan,nan
Normal_Videos_248_x264,Normal,1136,0,2.384282197454013e-05,0.0008483074489049613,nan,2.384282197454013e-05,nan,nan,0.0008731207344681025,0.002255678176879883,nan,0.0008731207344681025,nan,nan,9.182737994706258e-05,6.798455797252245e-05,0.0027058867271989584,0.001857579278293997,nan,nan,9.182737994706258e-05,6.798455797252245e-05,nan,nan,nan,nan,0.9957683682441711,0.994895247509703,0.9962368011474609,0.993981122970581,nan,nan,0.9957683682441711,0.994895247509703,nan,nan,nan,nan
Normal_Videos_251_x264,Normal,400,0,0.009248110465705395,0.11976222693920135,nan,0.009248110465705395,nan,nan,0.021086368709802628,0.0735282301902771,nan,0.021086368709802628,nan,nan,0.005707370117306709,-0.0035407403483986855,0.03574341908097267,-0.08401880785822868,nan,nan,0.005707370117306709,-0.0035407403483986855,nan,nan,nan,nan,0.979910135269165,0.9588237665593624,0.9825594425201416,0.9090312123298645,nan,nan,0.979910135269165,0.9588237665593624,nan,nan,nan,nan
Normal_Videos_289_x264,Normal,848,0,1.610072831681464e-05,0.0006559820030815899,nan,1.610072831681464e-05,nan,nan,0.0008159628487192094,0.0013535618782043457,nan,0.0008159628487192094,nan,nan,8.297024760395288e-05,6.686951928713825e-05,0.002914097858592868,0.002258115855511278,nan,nan,8.297024760395288e-05,6.686951928713825e-05,nan,nan,nan,nan,0.9944983720779419,0.9936824092292227,0.9948126077651978,0.9934590458869934,nan,nan,0.9944983720779419,0.9936824092292227,nan,nan,nan,nan
Normal_Videos_310_x264,Normal,2512,0,0.0006699658115394413,0.04362505301833153,nan,0.0006699658115394413,nan,nan,0.004840111825615168,0.02535414695739746,nan,0.004840111825615168,nan,nan,0.00033382768742740154,-0.0003361381241120398,0.007656949572265148,-0.03596810344606638,nan,nan,0.00033382768742740154,-0.0003361381241120398,nan,nan,nan,nan,0.9860053658485413,0.9811652540229261,0.9878667593002319,0.9625126123428345,nan,nan,0.9860053658485413,0.9811652540229261,nan,nan,nan,nan
Normal_Videos_312_x264,Normal,1248,0,8.081351552391425e-06,0.0002636861754581332,nan,8.081351552391425e-06,nan,nan,0.0013360946904867887,0.00177079439163208,nan,0.0013360946904867887,nan,nan,2.1821018890477717e-05,1.3739667338086292e-05,0.0006684207473881543,0.00040473457193002105,nan,nan,2.1821018890477717e-05,1.3739667338086292e-05,nan,nan,nan,nan,0.9947952032089233,0.9934591085184366,0.9957407116889954,0.9939699172973633,nan,nan,0.9947952032089233,0.9934591085184366,nan,nan,nan,nan
Normal_Videos_317_x264,Normal,928,0,0.0001649399782763794,0.005671242251992226,nan,0.0001649399782763794,nan,nan,0.005792111158370972,0.007253706455230713,nan,0.005792111158370972,nan,nan,7.113742321962491e-05,-9.38025550567545e-05,0.0027185084763914347,-0.002952733775600791,nan,nan,7.113742321962491e-05,-9.38025550567545e-05,nan,nan,nan,nan,0.9941198825836182,0.9883277714252472,0.9949105978012085,0.9876568913459778,nan,nan,0.9941198825836182,0.9883277714252472,nan,nan,nan,nan
Normal_Videos_345_x264,Normal,208,0,0.003056246554479003,0.015581555664539337,nan,0.003056246554479003,nan,nan,0.014728812500834465,0.020372629165649414,nan,0.014728812500834465,nan,nan,0.0030755577608942986,1.93112064152956e-05,0.014093113131821156,-0.0014884425327181816,nan,nan,0.0030755577608942986,1.93112064152956e-05,nan,nan,nan,nan,0.9807319641113281,0.9660031516104937,0.9812296628952026,0.9608570337295532,nan,nan,0.9807319641113281,0.9660031516104937,nan,nan,nan,nan
Normal_Videos_352_x264,Normal,5392,0,1.5214178347378038e-05,0.00256680091843009,nan,1.5214178347378038e-05,nan,nan,0.0012349857715889812,0.005112588405609131,nan,0.0012349857715889812,nan,nan,0.0001393153943354264,0.00012410121598804835,0.031246423721313477,0.028679622802883387,nan,nan,0.0001393153943354264,0.00012410121598804835,nan,nan,nan,nan,0.9932683110237122,0.9920333252521232,0.9942363500595093,0.9891237616539001,nan,nan,0.9932683110237122,0.9920333252521232,nan,nan,nan,nan
Normal_Videos_360_x264,Normal,976,0,0.0019195699132978916,0.034296758472919464,nan,0.0019195699132978916,nan,nan,0.007996720261871815,0.010367989540100098,nan,0.007996720261871815,nan,nan,0.0017639840953052044,-0.00015558581799268723,0.035169586539268494,0.0008728280663490295,nan,nan,0.0017639840953052044,-0.00015558581799268723,nan,nan,nan,nan,0.9927474856376648,0.984750765375793,0.993887186050415,0.9835191965103149,nan,nan,0.9927474856376648,0.984750765375793,nan,nan,nan,nan
Normal_Videos_365_x264,Normal,6624,0,5.919096292927861e-05,0.010716411285102367,nan,5.919096292927861e-05,nan,nan,0.0038625842425972223,0.0114707350730896,nan,0.0038625842425972223,nan,nan,0.00013272282376419753,7.353186083491892e-05,0.005564542021602392,-0.005151869263499975,nan,nan,0.00013272282376419753,7.353186083491892e-05,nan,nan,nan,nan,0.9925762414932251,0.9887136572506279,0.9941727519035339,0.9827020168304443,nan,nan,0.9925762414932251,0.9887136572506279,nan,nan,nan,nan
Normal_Videos_401_x264,Normal,1616,0,0.001960793975740671,0.007067174185067415,nan,0.001960793975740671,nan,nan,0.004425663035362959,0.0074201226234436035,nan,0.004425663035362959,nan,nan,0.00028310174820944667,-0.0016776922275312245,0.0017552317585796118,-0.0053119424264878035,nan,nan,0.00028310174820944667,-0.0016776922275312245,nan,nan,nan,nan,0.9949445128440857,0.9905188498087227,0.9956012964248657,0.9881811738014221,nan,nan,0.9949445128440857,0.9905188498087227,nan,nan,nan,nan
Normal_Videos_417_x264,Normal,1072,0,0.003214385360479355,0.020030539482831955,nan,0.003214385360479355,nan,nan,0.01003086008131504,0.03640580177307129,nan,0.01003086008131504,nan,nan,0.0029348486568778753,-0.00027953670360147953,0.013953132554888725,-0.00607740692794323,nan,nan,0.0029348486568778753,-0.00027953670360147953,nan,nan,nan,nan,0.9900310039520264,0.9800001438707113,0.9935059547424316,0.9571001529693604,nan,nan,0.9900310039520264,0.9800001438707113,nan,nan,nan,nan
Normal_Videos_439_x264,Normal,4224,0,0.005088503938168287,0.09151182323694229,nan,0.005088503938168287,nan,nan,0.012524263001978397,0.18816614151000977,nan,0.012524263001978397,nan,nan,0.006653289310634136,0.001564785372465849,0.3002167344093323,0.20870491117238998,nan,nan,0.006653289310634136,0.001564785372465849,nan,nan,nan,nan,0.9907001256942749,0.9781758626922965,0.9954577684402466,0.8072916269302368,nan,nan,0.9907001256942749,0.9781758626922965,nan,nan,nan,nan
Normal_Videos_452_x264,Normal,432,0,2.1964768166071735e-05,0.0002844620612449944,nan,2.1964768166071735e-05,nan,nan,0.00043880718294531107,0.0009233951568603516,nan,0.00043880718294531107,nan,nan,6.361820123856887e-05,4.165343307249714e-05,0.0011735936859622598,0.0008891316247172654,nan,nan,6.361820123856887e-05,4.165343307249714e-05,nan,nan,nan,nan,0.9945492148399353,0.99411040765699,0.9951693415641785,0.9942459464073181,nan,nan,0.9945492148399353,0.99411040765699,nan,nan,nan,nan
Normal_Videos_453_x264,Normal,5312,0,0.0009279710939154029,0.028418945148587227,nan,0.0009279710939154029,nan,nan,0.002841380424797535,0.00535738468170166,nan,0.002841380424797535,nan,nan,0.0004190909385215491,-0.0005088801553938538,0.02511424757540226,-0.003304697573184967,nan,nan,0.0004190909385215491,-0.0005088801553938538,nan,nan,nan,nan,0.9953277707099915,0.9924863902851939,0.9962694048881531,0.9909120202064514,nan,nan,0.9953277707099915,0.9924863902851939,nan,nan,nan,nan
Normal_Videos_478_x264,Normal,4496,0,0.022037625312805176,0.5917888283729553,nan,0.022037625312805176,nan,nan,0.03918022662401199,0.42395561933517456,nan,0.03918022662401199,nan,nan,0.036304835230112076,0.0142672099173069,0.24579350650310516,-0.34599532186985016,nan,nan,0.036304835230112076,0.0142672099173069,nan,nan,nan,nan,0.9834438562393188,0.9442636296153069,0.987623393535614,0.5636677742004395,nan,nan,0.9834438562393188,0.9442636296153069,nan,nan,nan,nan
Normal_Videos_576_x264,Normal,11264,0,0.013481208123266697,0.40814027190208435,nan,0.013481208123266697,nan,nan,0.025099987164139748,0.3396672010421753,nan,0.025099987164139748,nan,nan,0.009764916263520718,-0.0037162918597459793,0.2026822417974472,-0.20545803010463715,nan,nan,0.009764916263520718,-0.0037162918597459793,nan,nan,nan,nan,0.9853767156600952,0.9602767284959555,0.9895398020744324,0.6498726010322571,nan,nan,0.9853767156600952,0.9602767284959555,nan,nan,nan,nan
Normal_Videos_597_x264,Normal,2224,0,0.0038596594240516424,0.03691171854734421,nan,0.0038596594240516424,nan,nan,0.020252782851457596,0.08438622951507568,nan,0.020252782851457596,nan,nan,0.008932736702263355,0.005073077278211713,0.0721665620803833,0.03525484353303909,nan,nan,0.008932736702263355,0.005073077278211713,nan,nan,nan,nan,0.9924584031105042,0.9722056202590466,0.9946216344833374,0.9102354049682617,nan,nan,0.9924584031105042,0.9722056202590466,nan,nan,nan,nan
Normal_Videos_603_x264,Normal,3264,0,6.127721462689806e-06,0.0005472027696669102,nan,6.127721462689806e-06,nan,nan,0.0008189321961253881,0.0015445947647094727,nan,0.0008189321961253881,nan,nan,4.043800799991004e-05,3.4310286537220236e-05,0.0038479429204016924,0.0033007401507347822,nan,nan,4.043800799991004e-05,3.4310286537220236e-05,nan,nan,nan,nan,0.9956929683685303,0.9948740361724049,0.9966075420379639,0.9950629472732544,nan,nan,0.9956929683685303,0.9948740361724049,nan,nan,nan,nan
Normal_Videos_606_x264,Normal,1232,0,1.2747350410791114e-05,0.0005720565095543861,nan,1.2747350410791114e-05,nan,nan,0.0012356205843389034,0.0018254518508911133,nan,0.0012356205843389034,nan,nan,0.0009133663843385875,0.0009006190339277964,0.04529237374663353,0.044720317237079144,nan,nan,0.0009133663843385875,0.0009006190339277964,nan,nan,nan,nan,0.9935573935508728,0.9923217729665339,0.994295597076416,0.9924701452255249,nan,nan,0.9935573935508728,0.9923217729665339,nan,nan,nan,nan
Normal_Videos_621_x264,Normal,4800,0,0.00010787885548779741,0.0067179249599576,nan,0.00010787885548779741,nan,nan,0.002550888806581497,0.007481575012207031,nan,0.002550888806581497,nan,nan,0.0001440038759028539,3.61250204150565e-05,0.0153040187433362,0.008586093783378601,nan,nan,0.0001440038759028539,3.61250204150565e-05,nan,nan,nan,nan,0.9935963749885559,0.9910454861819744,0.9953064322471619,0.9878248572349548,nan,nan,0.9935963749885559,0.9910454861819744,nan,nan,nan,nan
Normal_Videos_634_x264,Normal,13456,0,4.812425231648376e-06,0.0008059972897171974,nan,4.812425231648376e-06,nan,nan,0.0009183610673062503,0.001233816146850586,nan,0.0009183610673062503,nan,nan,2.6043700927402824e-05,2.1231275695754448e-05,0.003678891807794571,0.0028728945180773735,nan,nan,2.6043700927402824e-05,2.1231275695754448e-05,nan,nan,nan,nan,0.9938392043113708,0.9929208432440646,0.9945715069770813,0.9933376908302307,nan,nan,0.9938392043113708,0.9929208432440646,nan,nan,nan,nan
Normal_Videos_641_x264,Normal,3600,0,0.002636960009112954,0.05329899117350578,nan,0.002636960009112954,nan,nan,0.024200525134801865,0.07161462306976318,nan,0.024200525134801865,nan,nan,0.0008912110351957381,-0.001745748973917216,0.007535528391599655,-0.04576346278190613,nan,nan,0.0008912110351957381,-0.001745748973917216,nan,nan,nan,nan,0.9848471283912659,0.960646603256464,0.9894192814826965,0.9178046584129333,nan,nan,0.9848471283912659,0.960646603256464,nan,nan,nan,nan
Normal_Videos_656_x264,Normal,1808,0,0.00013096090697217733,0.00280230725184083,nan,0.00013096090697217733,nan,nan,0.001035293098539114,0.0023345947265625,nan,0.001035293098539114,nan,nan,0.00011589156201807782,-1.5069344954099506e-05,0.0038139973767101765,0.0010116901248693466,nan,nan,0.00011589156201807782,-1.5069344954099506e-05,nan,nan,nan,nan,0.9914387464523315,0.9904034533537924,0.9943147301673889,0.9919801354408264,nan,nan,0.9914387464523315,0.9904034533537924,nan,nan,nan,nan
Normal_Videos_686_x264,Normal,2400,0,0.004493632819503546,0.26480305194854736,nan,0.004493632819503546,nan,nan,0.0036817300133407116,0.06296032667160034,nan,0.0036817300133407116,nan,nan,0.00231004087254405,-0.0021835919469594955,0.15972000360488892,-0.10508304834365845,nan,nan,0.00231004087254405,-0.0021835919469594955,nan,nan,nan,nan,0.9935960173606873,0.9899142873473465,0.9946197271347046,0.9316594004631042,nan,nan,0.9935960173606873,0.9899142873473465,nan,nan,nan,nan
Normal_Videos_696_x264,Normal,3616,0,0.007230503484606743,0.5262178778648376,nan,0.007230503484606743,nan,nan,0.011087107472121716,0.08976525068283081,nan,0.011087107472121716,nan,nan,0.020818397402763367,0.013587893918156624,0.6470645070075989,0.12084662914276123,nan,nan,0.020818397402763367,0.013587893918156624,nan,nan,nan,nan,0.9882769584655762,0.9771898509934545,0.9935275316238403,0.9037622809410095,nan,nan,0.9882769584655762,0.9771898509934545,nan,nan,nan,nan
Normal_Videos_702_x264,Normal,2512,0,0.0001821199693949893,0.00587425334379077,nan,0.0001821199693949893,nan,nan,0.00339135923422873,0.00966501235961914,nan,0.00339135923422873,nan,nan,7.499682396883145e-05,-0.00010712314542615786,0.0059441677294671535,6.991438567638397e-05,nan,nan,7.499682396883145e-05,-0.00010712314542615786,nan,nan,nan,nan,0.9944313168525696,0.9910399576183408,0.9952723383903503,0.9856073260307312,nan,nan,0.9944313168525696,0.9910399576183408,nan,nan,nan,nan
Normal_Videos_704_x264,Normal,1680,0,0.26096558570861816,0.9208404421806335,nan,0.26096558570861816,nan,nan,0.2965297996997833,0.748517632484436,nan,0.2965297996997833,nan,nan,0.12629754841327667,-0.1346680372953415,0.7805857062339783,-0.14025473594665527,nan,nan,0.12629754841327667,-0.1346680372953415,nan,nan,nan,nan,0.9793218970298767,0.6827920973300934,0.9837591052055359,0.23524147272109985,nan,nan,0.9793218970298767,0.6827920973300934,nan,nan,nan,nan
Normal_Videos_710_x264,Normal,1792,0,0.0007043105433695018,0.018116028979420662,nan,0.0007043105433695018,nan,nan,0.006397281773388386,0.012527763843536377,nan,0.006397281773388386,nan,nan,0.0013954320456832647,0.0006911215023137629,0.02277171052992344,0.004655681550502777,nan,nan,0.0013954320456832647,0.0006911215023137629,nan,nan,nan,nan,0.9904295802116394,0.984032298438251,0.9921587109565735,0.9796309471130371,nan,nan,0.9904295802116394,0.984032298438251,nan,nan,nan,nan
Normal_Videos_717_x264,Normal,1248,0,0.00010928873234661296,0.0029473418835550547,nan,0.00010928873234661296,nan,nan,0.004030338488519192,0.011980593204498291,nan,0.004030338488519192,nan,nan,0.000597090576775372,0.00048780184442875907,0.026205146685242653,0.023257804801687598,nan,nan,0.000597090576775372,0.00048780184442875907,nan,nan,nan,nan,0.9936316013336182,0.989601262845099,0.99434494972229,0.9823643565177917,nan,nan,0.9936316013336182,0.989601262845099,nan,nan,nan,nan
Normal_Videos_722_x264,Normal,8720,0,3.511613977025263e-05,0.0025420249439775944,nan,3.511613977025263e-05,nan,nan,0.0014530529733747244,0.014939963817596436,nan,0.0014530529733747244,nan,nan,4.720851939055137e-05,1.2092379620298743e-05,0.0027147955261170864,0.00017277058213949203,nan,nan,4.720851939055137e-05,1.2092379620298743e-05,nan,nan,nan,nan,0.9943164587020874,0.9928634057287127,0.9951920509338379,0.9802520871162415,nan,nan,0.9943164587020874,0.9928634057287127,nan,nan,nan,nan
Normal_Videos_725_x264,Normal,912,0,0.23889006674289703,0.5181824564933777,nan,0.23889006674289703,nan,nan,0.2559581995010376,0.46418190002441406,nan,0.2559581995010376,nan,nan,0.4175369143486023,0.17864684760570526,0.7149825096130371,0.19680005311965942,nan,nan,0.4175369143486023,0.17864684760570526,nan,nan,nan,nan,0.9802175164222717,0.7242593169212341,0.9878739714622498,0.5236920714378357,nan,nan,0.9802175164222717,0.7242593169212341,nan,nan,nan,nan
Normal_Videos_745_x264,Normal,304,0,0.0002032025222433731,0.002379386452957988,nan,0.0002032025222433731,nan,nan,0.008338946849107742,0.009091734886169434,nan,0.008338946849107742,nan,nan,0.0002855028142221272,8.23002919787541e-05,0.0033646593801677227,0.000985272927209735,nan,nan,0.0002855028142221272,8.23002919787541e-05,nan,nan,nan,nan,0.9887887835502625,0.9804498367011547,0.9893780946731567,0.9802863597869873,nan,nan,0.9887887835502625,0.9804498367011547,nan,nan,nan,nan
Normal_Videos_758_x264,Normal,1584,0,3.575673690647818e-05,0.0016398020088672638,nan,3.575673690647818e-05,nan,nan,0.001318307826295495,0.0020759105682373047,nan,0.001318307826295495,nan,nan,0.0001909745769808069,0.0001552178400743287,0.008601686917245388,0.006961884908378124,nan,nan,0.0001909745769808069,0.0001552178400743287,nan,nan,nan,nan,0.9896361827850342,0.9883178749587387,0.992168664932251,0.9900927543640137,nan,nan,0.9896361827850342,0.9883178749587387,nan,nan,nan,nan
Normal_Videos_778_x264,Normal,1248,0,3.5133347410010174e-05,0.001045769895426929,nan,3.5133347410010174e-05,nan,nan,0.0022766506299376488,0.005279541015625,nan,0.0022766506299376488,nan,nan,0.0001262135774595663,9.108023004955612e-05,0.0033559466246515512,0.0023101767292246222,nan,nan,0.0001262135774595663,9.108023004955612e-05,nan,nan,nan,nan,0.993451714515686,0.9911750638857484,0.9944316744804382,0.9891521334648132,nan,nan,0.993451714515686,0.9911750638857484,nan,nan,nan,nan
Normal_Videos_780_x264,Normal,2016,0,1.499470727139851e-06,9.008294000523165e-05,nan,1.499470727139851e-06,nan,nan,0.0005401401431299746,0.0008724331855773926,nan,0.0005401401431299746,nan,nan,1.3572801435657311e-05,1.207333070851746e-05,0.0008276906446553767,0.000737607704650145,nan,nan,1.3572801435657311e-05,1.207333070851746e-05,nan,nan,nan,nan,0.9955178499221802,0.9949777097790502,0.9959396123886108,0.9950671792030334,nan,nan,0.9955178499221802,0.9949777097790502,nan,nan,nan,nan
Normal_Videos_781_x264,Normal,3968,0,9.090674097933515e-07,0.00012911886733490974,nan,9.090674097933515e-07,nan,nan,0.0004322391760069877,0.000637352466583252,nan,0.0004322391760069877,nan,nan,0.00010923948138952255,0.0001083304139797292,0.02436668798327446,0.02423756911593955,nan,nan,0.00010923948138952255,0.0001083304139797292,nan,nan,nan,nan,0.995447039604187,0.99501480042818,0.9959208369255066,0.9952834844589233,nan,nan,0.995447039604187,0.99501480042818,nan,nan,nan,nan
Normal_Videos_782_x264,Normal,5536,0,8.607162271800917e-06,0.0011921210680156946,nan,8.607162271800917e-06,nan,nan,0.0012164122890681028,0.002883434295654297,nan,0.0012164122890681028,nan,nan,3.62626560672652e-05,2.765549379546428e-05,0.003911231178790331,0.0027191101107746363,nan,nan,3.62626560672652e-05,2.765549379546428e-05,nan,nan,nan,nan,0.9959933757781982,0.9947769634891301,0.996629536151886,0.9937461018562317,nan,nan,0.9959933757781982,0.9947769634891301,nan,nan,nan,nan
Normal_Videos_783_x264,Normal,9584,0,3.066486169700511e-05,0.004807329270988703,nan,3.066486169700511e-05,nan,nan,0.0017960831755772233,0.004671692848205566,nan,0.0017960831755772233,nan,nan,4.0134662413038313e-05,9.469800716033205e-06,0.004428880289196968,-0.0003784489817917347,nan,nan,4.0134662413038313e-05,9.469800716033205e-06,nan,nan,nan,nan,0.9955810308456421,0.9937849476700649,0.9968008399009705,0.9921291470527649,nan,nan,0.9955810308456421,0.9937849476700649,nan,nan,nan,nan
Normal_Videos_798_x264,Normal,6000,0,0.0003472869284451008,0.014384904876351357,nan,0.0003472869284451008,nan,nan,0.0057068271562457085,0.0077582597732543945,nan,0.0057068271562457085,nan,nan,0.0003786691522691399,3.13822238240391e-05,0.016815144568681717,0.0024302396923303604,nan,nan,0.0003786691522691399,3.13822238240391e-05,nan,nan,nan,nan,0.991966724395752,0.9862598972395062,0.9928280711174011,0.9850698113441467,nan,nan,0.991966724395752,0.9862598972395062,nan,nan,nan,nan
Normal_Videos_801_x264,Normal,2736,0,0.0002676003787200898,0.014319621957838535,nan,0.0002676003787200898,nan,nan,0.0035314043052494526,0.009694337844848633,nan,0.0035314043052494526,nan,nan,0.00032522372202947736,5.7623343309387565e-05,0.013361991383135319,-0.0009576305747032166,nan,nan,0.00032522372202947736,5.7623343309387565e-05,nan,nan,nan,nan,0.9916146397590637,0.9880832354538143,0.99305659532547,0.9833622574806213,nan,nan,0.9916146397590637,0.9880832354538143,nan,nan,nan,nan
Normal_Videos_828_x264,Normal,928,0,0.00014790242130402476,0.0031357300467789173,nan,0.00014790242130402476,nan,nan,0.0027492581866681576,0.004190206527709961,nan,0.0027492581866681576,nan,nan,0.00010718317207647488,-4.071924922754988e-05,0.003936012741178274,0.0008002826943993568,nan,nan,0.00010718317207647488,-4.071924922754988e-05,nan,nan,nan,nan,0.9954427480697632,0.992693489883095,0.9960677623748779,0.991877555847168,nan,nan,0.9954427480697632,0.992693489883095,nan,nan,nan,nan
Normal_Videos_831_x264,Normal,448,0,0.0029770084656774998,0.026413388550281525,nan,0.0029770084656774998,nan,nan,0.010038440115749836,0.018274366855621338,nan,0.010038440115749836,nan,nan,0.0018737830687314272,-0.0011032253969460726,0.010697662830352783,-0.01571572571992874,nan,nan,0.0018737830687314272,-0.0011032253969460726,nan,nan,nan,nan,0.9929739832878113,0.9829355431720614,0.9932422637939453,0.974967896938324,nan,nan,0.9929739832878113,0.9829355431720614,nan,nan,nan,nan
Normal_Videos_866_x264,Normal,1184,0,0.000328676775097847,0.0032186927273869514,nan,0.000328676775097847,nan,nan,0.01099712960422039,0.029395341873168945,nan,0.01099712960422039,nan,nan,0.0019262195564806461,0.0015975427813827991,0.01805526204407215,0.0148365693166852,nan,nan,0.0019262195564806461,0.0015975427813827991,nan,nan,nan,nan,0.9894885420799255,0.9784914124757051,0.9934313893318176,0.9640360474586487,nan,nan,0.9894885420799255,0.9784914124757051,nan,nan,nan,nan
Normal_Videos_867_x264,Normal,624,0,2.2108155462774448e-05,0.0005739644402638078,nan,2.2108155462774448e-05,nan,nan,0.001782874227501452,0.00194549560546875,nan,0.001782874227501452,nan,nan,0.0005473236669786274,0.000525215511515853,0.007944392040371895,0.007370427600108087,nan,nan,0.0005473236669786274,0.000525215511515853,nan,nan,nan,nan,0.9891514182090759,0.9873685439815745,0.9897601008415222,0.9878146052360535,nan,nan,0.9891514182090759,0.9873685439815745,nan,nan,nan,nan
Normal_Videos_868_x264,Normal,2400,0,0.013261071406304836,0.47486189007759094,nan,0.013261071406304836,nan,nan,0.04135939106345177,0.3092508912086487,nan,0.04135939106345177,nan,nan,0.030039899051189423,0.016778827644884586,0.5645015239715576,0.08963963389396667,nan,nan,0.030039899051189423,0.016778827644884586,nan,nan,nan,nan,0.9851132035255432,0.9437538124620914,0.9875723719596863,0.6783214807510376,nan,nan,0.9851132035255432,0.9437538124620914,nan,nan,nan,nan
Normal_Videos_869_x264,Normal,2400,0,0.0024660304188728333,0.2216765582561493,nan,0.0024660304188728333,nan,nan,0.01080603338778019,0.15315324068069458,nan,0.01080603338778019,nan,nan,0.002481749514117837,1.57190952450037e-05,0.17190249264240265,-0.04977406561374664,nan,nan,0.002481749514117837,1.57190952450037e-05,nan,nan,nan,nan,0.9923492670059204,0.9815432336181402,0.9932605028152466,0.840107262134552,nan,nan,0.9923492670059204,0.9815432336181402,nan,nan,nan,nan
Normal_Videos_870_x264,Normal,592,0,5.6474686971341725e-06,0.00016953598242253065,nan,5.6474686971341725e-06,nan,nan,0.002963974606245756,0.00549548864364624,nan,0.002963974606245756,nan,nan,0.00011885476851603016,0.00011320729981889599,0.002683296799659729,0.0025137608172371984,nan,nan,0.00011885476851603016,0.00011320729981889599,nan,nan,nan,nan,0.9918731451034546,0.9889091704972088,0.9935440421104431,0.9880485534667969,nan,nan,0.9918731451034546,0.9889091704972088,nan,nan,nan,nan
Normal_Videos_871_x264,Normal,4352,0,0.00011485263530630618,0.008037842810153961,nan,0.00011485263530630618,nan,nan,0.006104535423219204,0.020898103713989258,nan,0.006104535423219204,nan,nan,0.0002468518214300275,0.0001319991861237213,0.011405030265450478,0.0033671874552965164,nan,nan,0.0002468518214300275,0.0001319991861237213,nan,nan,nan,nan,0.9912002682685852,0.985095732845366,0.9940166473388672,0.9731185436248779,nan,nan,0.9912002682685852,0.985095732845366,nan,nan,nan,nan
Normal_Videos_872_x264,Normal,528,0,0.024034734815359116,0.09791620075702667,nan,0.024034734815359116,nan,nan,0.020688258111476898,0.0492132306098938,nan,0.020688258111476898,nan,nan,0.021151164546608925,-0.0028835702687501907,0.12418527156114578,0.02626907080411911,nan,nan,0.021151164546608925,-0.0028835702687501907,nan,nan,nan,nan,0.9768944978713989,0.956206239759922,0.981552243232727,0.9323390126228333,nan,nan,0.9768944978713989,0.956206239759922,nan,nan,nan,nan
Normal_Videos_873_x264,Normal,1792,0,4.966580036125379e-06,0.00021759212540928274,nan,4.966580036125379e-06,nan,nan,0.0010430131806060672,0.0016766190528869629,nan,0.0010430131806060672,nan,nan,8.04857918410562e-05,7.551921180493082e-05,0.004225744400173426,0.004008152274764143,nan,nan,8.04857918410562e-05,7.551921180493082e-05,nan,nan,nan,nan,0.9952040910720825,0.9941610778914765,0.9959409236907959,0.9942643046379089,nan,nan,0.9952040910720825,0.9941610778914765,nan,nan,nan,nan
Normal_Videos_874_x264,Normal,4224,0,0.032112762331962585,0.32412952184677124,nan,0.032112762331962585,nan,nan,0.032514650374650955,0.4827668070793152,nan,0.032514650374650955,nan,nan,0.040116190910339355,0.00800342857837677,0.607313334941864,0.2831838130950928,nan,nan,0.040116190910339355,0.00800342857837677,nan,nan,nan,nan,0.9884258508682251,0.9559112004935741,0.9941583275794983,0.5113915205001831,nan,nan,0.9884258508682251,0.9559112004935741,nan,nan,nan,nan
Normal_Videos_875_x264,Normal,2560,0,7.0074629547889344e-06,0.0006132646230980754,nan,7.0074629547889344e-06,nan,nan,0.0010115473996847868,0.0017998218536376953,nan,0.0010115473996847868,nan,nan,3.938466761610471e-06,-3.0689961931784637e-06,0.00047451897989958525,-0.00013874564319849014,nan,nan,3.938466761610471e-06,-3.0689961931784637e-06,nan,nan,nan,nan,0.994881808757782,0.9938702613580972,0.9954739212989807,0.993674099445343,nan,nan,0.994881808757782,0.9938702613580972,nan,nan,nan,nan
Normal_Videos_876_x264,Normal,336,0,0.003220392856746912,0.011115789413452148,nan,0.003220392856746912,nan,nan,0.007664178032428026,0.011535465717315674,nan,0.007664178032428026,nan,nan,0.0051592811942100525,0.0019388883374631405,0.013918953016400337,0.0028031636029481888,nan,nan,0.0051592811942100525,0.0019388883374631405,nan,nan,nan,nan,0.9811461567878723,0.9734819787554443,0.9839413166046143,0.9724058508872986,nan,nan,0.9811461567878723,0.9734819787554443,nan,nan,nan,nan
Normal_Videos_877_x264,Normal,10016,0,0.026906693354249,0.21477007865905762,nan,0.026906693354249,nan,nan,0.03718496859073639,0.20312219858169556,nan,0.03718496859073639,nan,nan,0.01808229647576809,-0.008824396878480911,0.21090610325336456,-0.003863975405693054,nan,nan,0.01808229647576809,-0.008824396878480911,nan,nan,nan,nan,0.9897087216377258,0.9525237530469894,0.9917300939559937,0.7886078953742981,nan,nan,0.9897087216377258,0.9525237530469894,nan,nan,nan,nan
Normal_Videos_878_x264,Normal,256,0,0.6025195717811584,0.7044395208358765,nan,0.6025195717811584,nan,nan,0.7662554979324341,0.8407465219497681,nan,0.7662554979324341,nan,nan,0.7186655402183533,0.11614596843719482,0.8284440040588379,0.12400448322296143,nan,nan,0.7186655402183533,0.11614596843719482,nan,nan,nan,nan,0.9775753617286682,0.21131986379623413,0.9825041890144348,0.14175766706466675,nan,nan,0.9775753617286682,0.21131986379623413,nan,nan,nan,nan
Normal_Videos_879_x264,Normal,1136,0,0.0002916188968811184,0.008130778558552265,nan,0.0002916188968811184,nan,nan,0.006505649536848068,0.028195679187774658,nan,0.006505649536848068,nan,nan,0.00039718530024401844,0.00010556640336290002,0.007104546297341585,-0.00102623226121068,nan,nan,0.00039718530024401844,0.00010556640336290002,nan,nan,nan,nan,0.99089115858078,0.984385509043932,0.9916850924491882,0.9634894132614136,nan,nan,0.99089115858078,0.984385509043932,nan,nan,nan,nan
Normal_Videos_880_x264,Normal,18048,0,0.026754874736070633,0.2821395993232727,nan,0.026754874736070633,nan,nan,0.019612452015280724,0.05803626775741577,nan,0.019612452015280724,nan,nan,0.0016715270467102528,-0.02508334768936038,0.07762936502695084,-0.20451023429632187,nan,nan,0.0016715270467102528,-0.02508334768936038,nan,nan,nan,nan,0.991243302822113,0.9716308508068323,0.9927163124084473,0.9346800446510315,nan,nan,0.991243302822113,0.9716308508068323,nan,nan,nan,nan
Normal_Videos_881_x264,Normal,224,0,4.448673644219525e-05,0.0004776734858751297,nan,4.448673644219525e-05,nan,nan,0.0009313566260971129,0.0012041330337524414,nan,0.0009313566260971129,nan,nan,8.604622416896746e-05,4.1559487726772204e-05,0.0007764786714687943,0.00029880518559366465,nan,nan,8.604622416896746e-05,4.1559487726772204e-05,nan,nan,nan,nan,0.9935208559036255,0.9925894992775284,0.9935916662216187,0.9923875331878662,nan,nan,0.9935208559036255,0.9925894992775284,nan,nan,nan,nan
Normal_Videos_882_x264,Normal,1648,0,1.4491895854007453e-05,0.00031118374317884445,nan,1.4491895854007453e-05,nan,nan,0.002377580152824521,0.008579850196838379,nan,0.002377580152824521,nan,nan,5.125194729771465e-05,3.67600514437072e-05,0.0020485110580921173,0.0017373273149132729,nan,nan,5.125194729771465e-05,3.67600514437072e-05,nan,nan,nan,nan,0.9938910007476807,0.9915134205948561,0.9952579140663147,0.9866780638694763,nan,nan,0.9938910007476807,0.9915134205948561,nan,nan,nan,nan
Normal_Videos_883_x264,Normal,320,0,0.012434695847332478,0.049651164561510086,nan,0.012434695847332478,nan,nan,0.013698282651603222,0.01812875270843506,nan,0.013698282651603222,nan,nan,0.10167551040649414,0.08924081455916166,0.20415905117988586,0.15450788661837578,nan,nan,0.10167551040649414,0.08924081455916166,nan,nan,nan,nan,0.9716652631759644,0.9579669805243611,0.9738550782203674,0.9557263255119324,nan,nan,0.9716652631759644,0.9579669805243611,nan,nan,nan,nan
Normal_Videos_884_x264,Normal,9024,0,0.4347715973854065,0.9047473073005676,nan,0.4347715973854065,nan,nan,0.3765639066696167,0.8404020071029663,nan,0.3765639066696167,nan,nan,0.40618783235549927,-0.028583765029907227,0.9558734893798828,0.051126182079315186,nan,nan,0.40618783235549927,-0.028583765029907227,nan,nan,nan,nan,0.9724941253662109,0.5959302186965942,0.988227903842926,0.14782589673995972,nan,nan,0.9724941253662109,0.5959302186965942,nan,nan,nan,nan
Normal_Videos_885_x264,Normal,464,0,1.613773019926157e-05,0.00033237822935916483,nan,1.613773019926157e-05,nan,nan,0.0009487826027907431,0.0010874271392822266,nan,0.0009487826027907431,nan,nan,5.833496470586397e-05,4.21972345066024e-05,0.00121636304538697,0.0008839848160278052,nan,nan,5.833496470586397e-05,4.21972345066024e-05,nan,nan,nan,nan,0.9931216835975647,0.992172900994774,0.994601845741272,0.9935144186019897,nan,nan,0.9931216835975647,0.992172900994774,nan,nan,nan,nan
Normal_Videos_886_x264,Normal,2736,0,5.229126600170275e-06,0.0006305498536676168,nan,5.229126600170275e-06,nan,nan,0.0011561264982447028,0.0015260577201843262,nan,0.0011561264982447028,nan,nan,4.4027263356838375e-05,3.87981367566681e-05,0.002949472749605775,0.002318922895938158,nan,nan,4.4027263356838375e-05,3.87981367566681e-05,nan,nan,nan,nan,0.9941693544387817,0.993013227940537,0.9945896863937378,0.9930636286735535,nan,nan,0.9941693544387817,0.993013227940537,nan,nan,nan,nan
Normal_Videos_887_x264,Normal,7616,0,0.4483366310596466,0.9901512861251831,nan,0.4483366310596466,nan,nan,0.6404661536216736,0.999484121799469,nan,0.6404661536216736,nan,nan,0.36973515152931213,-0.07860147953033447,0.9942401647567749,0.004088878631591797,nan,nan,0.36973515152931213,-0.07860147953033447,nan,nan,nan,nan,0.9820033311843872,0.3415371775627136,0.997430145740509,-0.002053976058959961,nan,nan,0.9820033311843872,0.3415371775627136,nan,nan,nan,nan
Normal_Videos_888_x264,Normal,560,0,0.00045496958773583174,0.006093725562095642,nan,0.00045496958773583174,nan,nan,0.005655745044350624,0.011228501796722412,nan,0.005655745044350624,nan,nan,0.004060252103954554,0.003605282516218722,0.04042041674256325,0.034326691180467606,nan,nan,0.004060252103954554,0.003605282516218722,nan,nan,nan,nan,0.9887616634368896,0.983105918392539,0.9924520254135132,0.9812235236167908,nan,nan,0.9887616634368896,0.983105918392539,nan,nan,nan,nan
Normal_Videos_889_x264,Normal,304,0,0.00019506782700773329,0.002358029130846262,nan,0.00019506782700773329,nan,nan,0.001222641789354384,0.0014230012893676758,nan,0.001222641789354384,nan,nan,0.0003555110306479037,0.0001604432036401704,0.003912823274731636,0.001554794143885374,nan,nan,0.0003555110306479037,0.0001604432036401704,nan,nan,nan,nan,0.994408130645752,0.9931854888563976,0.9945659637451172,0.9931429624557495,nan,nan,0.994408130645752,0.9931854888563976,nan,nan,nan,nan
Normal_Videos_890_x264,Normal,3568,0,0.0007100653019733727,0.057231612503528595,nan,0.0007100653019733727,nan,nan,0.004153952933847904,0.008500516414642334,nan,0.004153952933847904,nan,nan,0.0005880283424630761,-0.00012203695951029658,0.06609825044870377,0.008866637945175171,nan,nan,0.0005880283424630761,-0.00012203695951029658,nan,nan,nan,nan,0.9928740859031677,0.9887201329693198,0.9936361908912659,0.9851356744766235,nan,nan,0.9928740859031677,0.9887201329693198,nan,nan,nan,nan
Normal_Videos_891_x264,Normal,1792,0,9.516153113509063e-06,0.0006332494085654616,nan,9.516153113509063e-06,nan,nan,0.0014809152344241738,0.0020951032638549805,nan,0.0014809152344241738,nan,nan,1.1022680155292619e-05,1.5065270417835563e-06,0.0008405792759731412,0.00020732986740767956,nan,nan,1.1022680155292619e-05,1.5065270417835563e-06,nan,nan,nan,nan,0.9943411946296692,0.992860279395245,0.9953687191009521,0.9932736158370972,nan,nan,0.9943411946296692,0.992860279395245,nan,nan,nan,nan
Normal_Videos_892_x264,Normal,1760,0,0.011420669965445995,0.07652538269758224,nan,0.011420669965445995,nan,nan,0.011091005057096481,0.02315610647201538,nan,0.011091005057096481,nan,nan,0.02277972549200058,0.011359055526554585,0.15963895618915558,0.08311357349157333,nan,nan,0.02277972549200058,0.011359055526554585,nan,nan,nan,nan,0.989505410194397,0.9784144051373005,0.9922618269920349,0.9691057205200195,nan,nan,0.989505410194397,0.9784144051373005,nan,nan,nan,nan
Normal_Videos_893_x264,Normal,6368,0,2.3634534954908304e-05,0.001817918149754405,nan,2.3634534954908304e-05,nan,nan,0.0026959870010614395,0.004862964153289795,nan,0.0026959870010614395,nan,nan,0.00016905524535104632,0.00014542071039613802,0.006039522122591734,0.004221603972837329,nan,nan,0.00016905524535104632,0.00014542071039613802,nan,nan,nan,nan,0.9935193061828613,0.9908233191817999,0.9952657222747803,0.9904027581214905,nan,nan,0.9935193061828613,0.9908233191817999,nan,nan,nan,nan
Normal_Videos_894_x264,Normal,2560,0,0.022676467895507812,0.4687609374523163,nan,0.022676467895507812,nan,nan,0.01734262704849243,0.1723628044128418,nan,0.01734262704849243,nan,nan,0.017994049936532974,-0.004682417958974838,0.10717658698558807,-0.3615843504667282,nan,nan,0.017994049936532974,-0.004682417958974838,nan,nan,nan,nan,0.9882268905639648,0.9708842635154724,0.9925959706306458,0.820233166217804,nan,nan,0.9882268905639648,0.9708842635154724,nan,nan,nan,nan
Normal_Videos_895_x264,Normal,3024,0,0.22918866574764252,0.7900612950325012,nan,0.22918866574764252,nan,nan,0.07741758227348328,0.22611117362976074,nan,0.07741758227348328,nan,nan,0.20221249759197235,-0.026976168155670166,0.6495938301086426,-0.14046746492385864,nan,nan,0.20221249759197235,-0.026976168155670166,nan,nan,nan,nan,0.9809278845787048,0.9035103023052216,0.9870818853378296,0.7609707117080688,nan,nan,0.9809278845787048,0.9035103023052216,nan,nan,nan,nan
Normal_Videos_896_x264,Normal,2288,0,0.18884247541427612,0.5528483390808105,nan,0.18884247541427612,nan,nan,0.12856709957122803,0.2369077205657959,nan,0.12856709957122803,nan,nan,0.11229231208562851,-0.07655016332864761,0.38248878717422485,-0.1703595519065857,nan,nan,0.11229231208562851,-0.07655016332864761,nan,nan,nan,nan,0.9765772223472595,0.8480101227760315,0.9783875346183777,0.7414798140525818,nan,nan,0.9765772223472595,0.8480101227760315,nan,nan,nan,nan
Normal_Videos_897_x264,Normal,864,0,0.0010926180984824896,0.01735341176390648,nan,0.0010926180984824896,nan,nan,0.009040902368724346,0.01071774959564209,nan,0.009040902368724346,nan,nan,0.0006891261436976492,-0.00040349195478484035,0.015575499273836613,-0.0017779124900698662,nan,nan,0.0006891261436976492,-0.00040349195478484035,nan,nan,nan,nan,0.9932433366775513,0.9842024343088269,0.9936479926109314,0.9829302430152893,nan,nan,0.9932433366775513,0.9842024343088269,nan,nan,nan,nan
Normal_Videos_898_x264,Normal,992,0,0.0009407304460182786,0.0074223000556230545,nan,0.0009407304460182786,nan,nan,0.012880460359156132,0.048770010471343994,nan,0.012880460359156132,nan,nan,0.002113565569743514,0.0011728351237252355,0.016406241804361343,0.008983941748738289,nan,nan,0.002113565569743514,0.0011728351237252355,nan,nan,nan,nan,0.9909000992774963,0.9780196389183402,0.9922436475753784,0.9434736371040344,nan,nan,0.9909000992774963,0.9780196389183402,nan,nan,nan,nan
Normal_Videos_899_x264,Normal,1376,0,0.0009014176903292537,0.013337095268070698,nan,0.0009014176903292537,nan,nan,0.003040152136236429,0.00811004638671875,nan,0.003040152136236429,nan,nan,0.03093423694372177,0.030032819253392518,0.618834912776947,0.6054978175088763,nan,nan,0.03093423694372177,0.030032819253392518,nan,nan,nan,nan,0.9918418526649475,0.9888017005287111,0.9943666458129883,0.9862565994262695,nan,nan,0.9918418526649475,0.9888017005287111,nan,nan,nan,nan
Normal_Videos_900_x264,Normal,1440,0,0.025783276185393333,0.07387738674879074,nan,0.025783276185393333,nan,nan,0.019424693658947945,0.03084707260131836,nan,0.019424693658947945,nan,nan,0.007071846164762974,-0.01871143002063036,0.05452680587768555,-0.019350580871105194,nan,nan,0.007071846164762974,-0.01871143002063036,nan,nan,nan,nan,0.987713634967804,0.968288941308856,0.9893498420715332,0.9585027694702148,nan,nan,0.987713634967804,0.968288941308856,nan,nan,nan,nan
Normal_Videos_901_x264,Normal,1168,0,0.3664814233779907,0.69297856092453,nan,0.3664814233779907,nan,nan,0.49900490045547485,0.7888944149017334,nan,0.49900490045547485,nan,nan,0.24573582410812378,-0.12074559926986694,0.4563595652580261,-0.2366189956665039,nan,nan,0.24573582410812378,-0.12074559926986694,nan,nan,nan,nan,0.9783132672309875,0.4793083667755127,0.9893337488174438,0.20043933391571045,nan,nan,0.9783132672309875,0.4793083667755127,nan,nan,nan,nan
Normal_Videos_902_x264,Normal,1376,0,0.04586288705468178,0.2894172966480255,nan,0.04586288705468178,nan,nan,0.053485698997974396,0.1856907606124878,nan,0.053485698997974396,nan,nan,0.10400683432817459,0.05814394727349281,0.9656934142112732,0.6762761175632477,nan,nan,0.10400683432817459,0.05814394727349281,nan,nan,nan,nan,0.9828207492828369,0.9293350502848625,0.9871394634246826,0.8014487028121948,nan,nan,0.9828207492828369,0.9293350502848625,nan,nan,nan,nan
Normal_Videos_903_x264,Normal,784,0,0.0015444706659764051,0.01308841910213232,nan,0.0015444706659764051,nan,nan,0.003355886321514845,0.00579911470413208,nan,0.003355886321514845,nan,nan,0.001198585145175457,-0.00034588552080094814,0.019458048045635223,0.006369628943502903,nan,nan,0.001198585145175457,-0.00034588552080094814,nan,nan,nan,nan,0.9902397394180298,0.9868838530965149,0.9914619326591492,0.9856628179550171,nan,nan,0.9902397394180298,0.9868838530965149,nan,nan,nan,nan
Normal_Videos_904_x264,Normal,896,0,0.002126543316990137,0.01858336851000786,nan,0.002126543316990137,nan,nan,0.005372452083975077,0.012870490550994873,nan,0.005372452083975077,nan,nan,0.00395334605127573,0.001826802734285593,0.039217013865709305,0.020633645355701447,nan,nan,0.00395334605127573,0.001826802734285593,nan,nan,nan,nan,0.9891119003295898,0.9837394482456148,0.9915251731872559,0.978654682636261,nan,nan,0.9891119003295898,0.9837394482456148,nan,nan,nan,nan
Normal_Videos_905_x264,Normal,1184,0,0.002609559567645192,0.03835184872150421,nan,0.002609559567645192,nan,nan,0.005427798721939325,0.015184164047241211,nan,0.005427798721939325,nan,nan,0.003789808601140976,0.0011802490334957838,0.11458805203437805,0.07623620331287384,nan,nan,0.003789808601140976,0.0011802490334957838,nan,nan,nan,nan,0.9899099469184875,0.9844821481965482,0.99226975440979,0.9770855903625488,nan,nan,0.9899099469184875,0.9844821481965482,nan,nan,nan,nan
Normal_Videos_906_x264,Normal,672,0,0.008129562251269817,0.059759825468063354,nan,0.008129562251269817,nan,nan,0.0066153863444924355,0.009984850883483887,nan,0.0066153863444924355,nan,nan,0.006657131481915712,-0.001472430769354105,0.13834981620311737,0.07858999073505402,nan,nan,0.006657131481915712,-0.001472430769354105,nan,nan,nan,nan,0.9878278374671936,0.9812124511227012,0.9891724586486816,0.9791876077651978,nan,nan,0.9878278374671936,0.9812124511227012,nan,nan,nan,nan
Normal_Videos_907_x264,Normal,592,0,0.003966355696320534,0.03978654369711876,nan,0.003966355696320534,nan,nan,0.009767276234924793,0.020911753177642822,nan,0.009767276234924793,nan,nan,0.003990205004811287,2.3849308490753174e-05,0.056462448090314865,0.016675904393196106,nan,nan,0.003990205004811287,2.3849308490753174e-05,nan,nan,nan,nan,0.9887268543243408,0.978959578089416,0.9899052977561951,0.9689935445785522,nan,nan,0.9887268543243408,0.978959578089416,nan,nan,nan,nan
Normal_Videos_908_x264,Normal,880,0,0.0039623635821044445,0.04899071529507637,nan,0.0039623635821044445,nan,nan,0.007118477486073971,0.009492874145507812,nan,0.007118477486073971,nan,nan,0.0007300546858459711,-0.0032323088962584734,0.016262579709291458,-0.03272813558578491,nan,nan,0.0007300546858459711,-0.0032323088962584734,nan,nan,nan,nan,0.9911374449729919,0.984018967486918,0.9923629760742188,0.9828701019287109,nan,nan,0.9911374449729919,0.984018967486918,nan,nan,nan,nan
Normal_Videos_909_x264,Normal,864,0,0.013981020078063011,0.06540265679359436,nan,0.013981020078063011,nan,nan,0.051471028476953506,0.14671725034713745,nan,0.051471028476953506,nan,nan,0.005505675915628672,-0.00847534416243434,0.037809815257787704,-0.027592841535806656,nan,nan,0.005505675915628672,-0.00847534416243434,nan,nan,nan,nan,0.9874930381774902,0.9360220097005367,0.9903960227966309,0.8436787724494934,nan,nan,0.9874930381774902,0.9360220097005367,nan,nan,nan,nan
Normal_Videos_910_x264,Normal,560,0,0.003650077385827899,0.021135538816452026,nan,0.003650077385827899,nan,nan,0.01946062408387661,0.02354598045349121,nan,0.01946062408387661,nan,nan,0.0015648711705580354,-0.0020852062152698636,0.013068883679807186,-0.00806665513664484,nan,nan,0.0015648711705580354,-0.0020852062152698636,nan,nan,nan,nan,0.9871920943260193,0.9677314702421427,0.9890077710151672,0.965461790561676,nan,nan,0.9871920943260193,0.9677314702421427,nan,nan,nan,nan
Normal_Videos_911_x264,Normal,768,0,0.03831930831074715,0.11317591369152069,nan,0.03831930831074715,nan,nan,0.032515425235033035,0.04041069746017456,nan,0.032515425235033035,nan,nan,0.003973017446696758,-0.03434629086405039,0.042186226695775986,-0.0709896869957447,nan,nan,0.003973017446696758,-0.03434629086405039,nan,nan,nan,nan,0.989790141582489,0.957274716347456,0.9904837608337402,0.9500730633735657,nan,nan,0.989790141582489,0.957274716347456,nan,nan,nan,nan
Normal_Videos_912_x264,Normal,736,0,0.07081525772809982,0.18373775482177734,nan,0.07081525772809982,nan,nan,0.06835736334323883,0.1313035488128662,nan,0.06835736334323883,nan,nan,0.014255198650062084,-0.05656005907803774,0.10195521265268326,-0.08178254216909409,nan,nan,0.014255198650062084,-0.05656005907803774,nan,nan,nan,nan,0.9874990582466125,0.9191416949033737,0.9900375604629517,0.8587340116500854,nan,nan,0.9874990582466125,0.9191416949033737,nan,nan,nan,nan
Normal_Videos_913_x264,Normal,608,0,0.07501725107431412,0.2342967987060547,nan,0.07501725107431412,nan,nan,0.10305168479681015,0.1770254373550415,nan,0.10305168479681015,nan,nan,0.044084854423999786,-0.03093239665031433,0.33722516894340515,0.10292837023735046,nan,nan,0.044084854423999786,-0.03093239665031433,nan,nan,nan,nan,0.9716513752937317,0.8685996904969215,0.9765098094940186,0.799484372138977,nan,nan,0.9716513752937317,0.8685996904969215,nan,nan,nan,nan
Normal_Videos_914_x264,Normal,880,0,0.00010377976286690682,0.002437066286802292,nan,0.00010377976286690682,nan,nan,0.0014739144826307893,0.0018079876899719238,nan,0.0014739144826307893,nan,nan,0.00021612001000903547,0.00011234024714212865,0.005488251335918903,0.0030511850491166115,nan,nan,0.00021612001000903547,0.00011234024714212865,nan,nan,nan,nan,0.9933773875236511,0.9919034730410203,0.994391918182373,0.9925839304924011,nan,nan,0.9933773875236511,0.9919034730410203,nan,nan,nan,nan
Normal_Videos_915_x264,Normal,1232,0,0.003580918535590172,0.03779055178165436,nan,0.003580918535590172,nan,nan,0.007011587731540203,0.021011829376220703,nan,0.007011587731540203,nan,nan,0.02168959379196167,0.018108675256371498,0.7632198333740234,0.7254292815923691,nan,nan,0.02168959379196167,0.018108675256371498,nan,nan,nan,nan,0.9902186989784241,0.9832071112468839,0.9916653633117676,0.9706535339355469,nan,nan,0.9902186989784241,0.9832071112468839,nan,nan,nan,nan
Normal_Videos_923_x264,Normal,18224,0,0.0008616088889539242,0.04439001530408859,nan,0.0008616088889539242,nan,nan,0.006855856627225876,0.01762557029724121,nan,0.006855856627225876,nan,nan,0.0005225811619311571,-0.00033902772702276707,0.034652501344680786,-0.009737513959407806,nan,nan,0.0005225811619311571,-0.00033902772702276707,nan,nan,nan,nan,0.994907796382904,0.9880519397556782,0.9957164525985718,0.9780908823013306,nan,nan,0.994907796382904,0.9880519397556782,nan,nan,nan,nan
Normal_Videos_924_x264,Normal,108000,0,0.02689782716333866,0.9449535608291626,nan,0.02689782716333866,nan,nan,0.08853640407323837,0.9046536684036255,nan,0.08853640407323837,nan,nan,0.10166865587234497,0.07477082870900631,0.9924196600914001,0.04746609926223755,nan,nan,0.10166865587234497,0.07477082870900631,nan,nan,nan,nan,0.9843791127204895,0.8958427086472511,0.9921097755432129,0.0874561071395874,nan,nan,0.9843791127204895,0.8958427086472511,nan,nan,nan,nan
Normal_Videos_925_x264,Normal,7712,0,0.9477088451385498,0.9957723021507263,nan,0.9477088451385498,nan,nan,0.9973363876342773,0.9995518922805786,nan,0.9973363876342773,nan,nan,0.8794241547584534,-0.06828469038009644,0.9896026253700256,-0.006169676780700684,nan,nan,0.8794241547584534,-0.06828469038009644,nan,nan,nan,nan,0.9911550879478455,-0.006181299686431885,0.9978139400482178,-0.0017379522323608398,nan,nan,0.9911550879478455,-0.006181299686431885,nan,nan,nan,nan
Normal_Videos_926_x264,Normal,1792,0,0.003132776590064168,0.05621180310845375,nan,0.003132776590064168,nan,nan,0.021712463349103928,0.053980886936187744,nan,0.021712463349103928,nan,nan,0.006051390431821346,0.0029186138417571783,0.14924249053001404,0.09303068742156029,nan,nan,0.006051390431821346,0.0029186138417571783,nan,nan,nan,nan,0.988215982913971,0.966503519564867,0.9918550252914429,0.9378741383552551,nan,nan,0.988215982913971,0.966503519564867,nan,nan,nan,nan
Normal_Videos_927_x264,Normal,1632,0,0.2240167111158371,0.5919232368469238,nan,0.2240167111158371,nan,nan,0.2233702391386032,0.47738051414489746,nan,0.2233702391386032,nan,nan,0.017155347391963005,-0.2068613637238741,0.10958641767501831,-0.4823368191719055,nan,nan,0.017155347391963005,-0.2068613637238741,nan,nan,nan,nan,0.9870699048042297,0.7636996656656265,0.9889429211616516,0.5115624070167542,nan,nan,0.9870699048042297,0.7636996656656265,nan,nan,nan,nan
Normal_Videos_928_x264,Normal,912,0,4.021802669740282e-05,0.0015722248936071992,nan,4.021802669740282e-05,nan,nan,0.0016638531815260649,0.0022412538528442383,nan,0.0016638531815260649,nan,nan,0.00010336435661884025,6.314632992143743e-05,0.003772116731852293,0.002199891838245094,nan,nan,0.00010336435661884025,6.314632992143743e-05,nan,nan,nan,nan,0.9934715628623962,0.9918077096808702,0.9943779706954956,0.9921367168426514,nan,nan,0.9934715628623962,0.9918077096808702,nan,nan,nan,nan
Normal_Videos_929_x264,Normal,912,0,0.00036125825135968626,0.010347466915845871,nan,0.00036125825135968626,nan,nan,0.005328928120434284,0.007696092128753662,nan,0.005328928120434284,nan,nan,0.0004813782579731196,0.00012012000661343336,0.014361375942826271,0.0040139090269804,nan,nan,0.0004813782579731196,0.00012012000661343336,nan,nan,nan,nan,0.9896824359893799,0.9843535078689456,0.993911623954773,0.9862155318260193,nan,nan,0.9896824359893799,0.9843535078689456,nan,nan,nan,nan
Normal_Videos_930_x264,Normal,3184,0,1.3004671018279623e-05,0.000965199782513082,nan,1.3004671018279623e-05,nan,nan,0.0017287281807512045,0.003026723861694336,nan,0.0017287281807512045,nan,nan,5.018975934945047e-05,3.7185088331170846e-05,0.0038853862788528204,0.0029201864963397384,nan,nan,5.018975934945047e-05,3.7185088331170846e-05,nan,nan,nan,nan,0.9938918948173523,0.9921631666366011,0.9941884279251099,0.9911617040634155,nan,nan,0.9938918948173523,0.9921631666366011,nan,nan,nan,nan
Normal_Videos_931_x264,Normal,1760,0,0.006838301662355661,0.121428482234478,nan,0.006838301662355661,nan,nan,0.013733631931245327,0.026140809059143066,nan,0.013733631931245327,nan,nan,0.006782252807170153,-5.604885518550873e-05,0.1555228978395462,0.03409441560506821,nan,nan,0.006782252807170153,-5.604885518550873e-05,nan,nan,nan,nan,0.9874358177185059,0.9737021857872605,0.9889696836471558,0.9628288745880127,nan,nan,0.9874358177185059,0.9737021857872605,nan,nan,nan,nan
Normal_Videos_932_x264,Normal,1776,0,0.7616239786148071,0.9502394199371338,nan,0.7616239786148071,nan,nan,0.9443206787109375,0.9770009517669678,nan,0.9443206787109375,nan,nan,0.05576248839497566,-0.7058614902198315,0.29132136702537537,-0.6589180529117584,nan,nan,0.05576248839497566,-0.7058614902198315,nan,nan,nan,nan,0.9837894439697266,0.03946876525878906,0.9861571192741394,0.00915616750717163,nan,nan,0.9837894439697266,0.03946876525878906,nan,nan,nan,nan
Normal_Videos_933_x264,Normal,1760,0,5.455192422232358e-06,0.00033311801962554455,nan,5.455192422232358e-06,nan,nan,0.0013783806934952736,0.0019683241844177246,nan,0.0013783806934952736,nan,nan,4.616692240233533e-05,4.071172998010297e-05,0.002749321050941944,0.0024162030313163996,nan,nan,4.616692240233533e-05,4.071172998010297e-05,nan,nan,nan,nan,0.9954364895820618,0.9940581088885665,0.996412456035614,0.9944441318511963,nan,nan,0.9954364895820618,0.9940581088885665,nan,nan,nan,nan
Normal_Videos_934_x264,Normal,1760,0,1.7372181901009753e-05,0.0003395586973056197,nan,1.7372181901009753e-05,nan,nan,0.0023107111919671297,0.009029626846313477,nan,0.0023107111919671297,nan,nan,0.00010427444794913754,8.690226604812779e-05,0.001709850737825036,0.0013702920405194163,nan,nan,0.00010427444794913754,8.690226604812779e-05,nan,nan,nan,nan,0.9942869544029236,0.9919762432109565,0.9949794411659241,0.9859498143196106,nan,nan,0.9942869544029236,0.9919762432109565,nan,nan,nan,nan
Normal_Videos_935_x264,Normal,108000,0,2.2356398403644562e-05,0.009299111552536488,nan,2.2356398403644562e-05,nan,nan,0.004052387084811926,0.0379982590675354,nan,0.004052387084811926,nan,nan,4.4341188186081126e-05,2.1984789782436565e-05,0.011650556698441505,0.002351445145905018,nan,nan,4.4341188186081126e-05,2.1984789782436565e-05,nan,nan,nan,nan,0.9943035840988159,0.990251197014004,0.9960024356842041,0.9580041766166687,nan,nan,0.9943035840988159,0.990251197014004,nan,nan,nan,nan
Normal_Videos_936_x264,Normal,1136,0,0.007948976941406727,0.03349481150507927,nan,0.007948976941406727,nan,nan,0.011490442790091038,0.016828477382659912,nan,0.011490442790091038,nan,nan,0.0039978837594389915,-0.003951093181967735,0.03218381851911545,-0.0013109929859638214,nan,nan,0.0039978837594389915,-0.003951093181967735,nan,nan,nan,nan,0.9857650399208069,0.9742745971307158,0.9876663684844971,0.9708378911018372,nan,nan,0.9857650399208069,0.9742745971307158,nan,nan,nan,nan
Normal_Videos_937_x264,Normal,1136,0,0.007948976941406727,0.03349481150507927,nan,0.007948976941406727,nan,nan,0.011490442790091038,0.016828477382659912,nan,0.011490442790091038,nan,nan,0.0039978837594389915,-0.003951093181967735,0.03218381851911545,-0.0013109929859638214,nan,nan,0.0039978837594389915,-0.003951093181967735,nan,nan,nan,nan,0.9857650399208069,0.9742745971307158,0.9876663684844971,0.9708378911018372,nan,nan,0.9857650399208069,0.9742745971307158,nan,nan,nan,nan
Normal_Videos_938_x264,Normal,4816,0,0.00038351473631337285,0.022087804973125458,nan,0.00038351473631337285,nan,nan,0.0031445196364074945,0.014409542083740234,nan,0.0031445196364074945,nan,nan,0.00022921750496607274,-0.0001542972313473001,0.010252539999783039,-0.011835264973342419,nan,nan,0.00022921750496607274,-0.0001542972313473001,nan,nan,nan,nan,0.9924681186676025,0.989323599031195,0.9940782785415649,0.9796687364578247,nan,nan,0.9924681186676025,0.989323599031195,nan,nan,nan,nan
Normal_Videos_939_x264,Normal,800,0,9.22592735150829e-05,0.003071823623031378,nan,9.22592735150829e-05,nan,nan,0.0023338389582931995,0.004945158958435059,nan,0.0023338389582931995,nan,nan,0.0008623445173725486,0.0007700852438574657,0.020685357972979546,0.017613534349948168,nan,nan,0.0008623445173725486,0.0007700852438574657,nan,nan,nan,nan,0.9932634830474854,0.9909296440891922,0.9941051006317139,0.9891599416732788,nan,nan,0.9932634830474854,0.9909296440891922,nan,nan,nan,nan
Normal_Videos_940_x264,Normal,36032,0,0.04074007272720337,0.7465588450431824,nan,0.04074007272720337,nan,nan,0.020793410018086433,0.13191312551498413,nan,0.020793410018086433,nan,nan,0.024163302034139633,-0.016576770693063736,0.6764987111091614,-0.070060133934021,nan,nan,0.024163302034139633,-0.016576770693063736,nan,nan,nan,nan,0.9917386770248413,0.9709452670067549,0.9946721196174622,0.862758994102478,nan,nan,0.9917386770248413,0.9709452670067549,nan,nan,nan,nan
Normal_Videos_941_x264,Normal,2016,0,0.0016549174906685948,0.10244613140821457,nan,0.0016549174906685948,nan,nan,0.006633405108004808,0.03721821308135986,nan,0.006633405108004808,nan,nan,0.003299388336017728,0.001644470845349133,0.20011718571186066,0.09767105430364609,nan,nan,0.003299388336017728,0.001644470845349133,nan,nan,nan,nan,0.9924646019935608,0.985831196885556,0.9946816563606262,0.9574634432792664,nan,nan,0.9924646019935608,0.985831196885556,nan,nan,nan,nan
Normal_Videos_943_x264,Normal,1008,0,0.3679324984550476,0.8288537263870239,nan,0.3679324984550476,nan,nan,0.51324063539505,0.8073126673698425,nan,0.51324063539505,nan,nan,0.05502263829112053,-0.3129098601639271,0.19537442922592163,-0.6334792971611023,nan,nan,0.05502263829112053,-0.3129098601639271,nan,nan,nan,nan,0.9845760464668274,0.47133541107177734,0.9886834025382996,0.18137073516845703,nan,nan,0.9845760464668274,0.47133541107177734,nan,nan,nan,nan
Normal_Videos_944_x264,Normal,7168,0,0.00031470012618228793,0.1020960584282875,nan,0.00031470012618228793,nan,nan,0.0012185551458969712,0.02651667594909668,nan,0.0012185551458969712,nan,nan,9.091861284105107e-05,-0.00022378151334123686,0.020169490948319435,-0.08192656747996807,nan,nan,9.091861284105107e-05,-0.00022378151334123686,nan,nan,nan,nan,0.9953047037124634,0.9940861485665664,0.9960495233535767,0.96953284740448,nan,nan,0.9953047037124634,0.9940861485665664,nan,nan,nan,nan
