label,criterion,rank,video_id,label,num_frames,positive_frames,baseline_classifier_mean,baseline_classifier_max,baseline_classifier_positive_mean,baseline_classifier_negative_mean,baseline_classifier_auc,baseline_classifier_ap,baseline_alignment_mean,baseline_alignment_max,baseline_alignment_positive_mean,baseline_alignment_negative_mean,baseline_alignment_auc,baseline_alignment_ap,manual_classifier_mean,delta_classifier_mean,manual_classifier_max,delta_classifier_max,manual_classifier_positive_mean,delta_classifier_positive_mean,manual_classifier_negative_mean,delta_classifier_negative_mean,manual_classifier_auc,delta_classifier_auc,manual_classifier_ap,delta_classifier_ap,manual_alignment_mean,delta_alignment_mean,manual_alignment_max,delta_alignment_max,manual_alignment_positive_mean,delta_alignment_positive_mean,manual_alignment_negative_mean,delta_alignment_negative_mean,manual_alignment_auc,delta_alignment_auc,manual_alignment_ap,delta_alignment_ap
Abuse,delta_classifier_auc,1,Abuse028_x264,Abuse,1408,75,0.8617116808891296,0.9985138773918152,0.9662609100341797,0.8558292984962463,51.73643410852713,6.367688064496575,0.9958226680755615,0.9996578693389893,0.9981895089149475,0.9956895112991333,49.59189797449362,6.150696596618814,0.8130466938018799,-0.048664987087249756,0.9978135824203491,-0.0007002949714660645,0.9137855172157288,-0.05247539281845093,0.8073787093162537,-0.048450589179992676,44.726681670417605,-7.009752438109523,5.523203304160093,-0.8444847603364822,0.985446035861969,-0.01037663221359253,0.9948191046714783,-0.004838764667510986,0.9889079928398132,-0.009281516075134277,0.9852511882781982,-0.010438323020935059,48.16754188547137,-1.4243560890222469,5.860088962922633,-0.2906076336961805
Abuse,delta_classifier_auc,2,Abuse030_x264,Abuse,1536,85,0.9929139614105225,0.9998125433921814,0.999457597732544,0.9925305843353271,69.11541735922488,9.577626597772973,0.9960942268371582,0.9987035393714905,0.9976728558540344,0.9960017800331116,49.40973770624721,6.223381187835201,0.855424702167511,-0.13748925924301147,0.9822067022323608,-0.017605841159820557,0.9789333343505859,-0.020524263381958008,0.848189651966095,-0.14434093236923218,92.36267077471926,23.247253415494384,35.33683473389356,25.759208136120588,0.9794433116912842,-0.016650915145874023,0.9866666793823242,-0.01203685998916626,0.9855721592903137,-0.012100696563720703,0.9790842533111572,-0.016917526721954346,89.75513844407507,40.34540073782786,24.500954970382214,18.277573782547012
Abuse,delta_alignment_auc,1,Abuse028_x264,Abuse,1408,75,0.8617116808891296,0.9985138773918152,0.9662609100341797,0.8558292984962463,51.73643410852713,6.367688064496575,0.9958226680755615,0.9996578693389893,0.9981895089149475,0.9956895112991333,49.59189797449362,6.150696596618814,0.8130466938018799,-0.048664987087249756,0.9978135824203491,-0.0007002949714660645,0.9137855172157288,-0.05247539281845093,0.8073787093162537,-0.048450589179992676,44.726681670417605,-7.009752438109523,5.523203304160093,-0.8444847603364822,0.985446035861969,-0.01037663221359253,0.9948191046714783,-0.004838764667510986,0.9889079928398132,-0.009281516075134277,0.9852511882781982,-0.010438323020935059,48.16754188547137,-1.4243560890222469,5.860088962922633,-0.2906076336961805
Abuse,delta_alignment_auc,2,Abuse030_x264,Abuse,1536,85,0.9929139614105225,0.9998125433921814,0.999457597732544,0.9925305843353271,69.11541735922488,9.577626597772973,0.9960942268371582,0.9987035393714905,0.9976728558540344,0.9960017800331116,49.40973770624721,6.223381187835201,0.855424702167511,-0.13748925924301147,0.9822067022323608,-0.017605841159820557,0.9789333343505859,-0.020524263381958008,0.848189651966095,-0.14434093236923218,92.36267077471926,23.247253415494384,35.33683473389356,25.759208136120588,0.9794433116912842,-0.016650915145874023,0.9866666793823242,-0.01203685998916626,0.9855721592903137,-0.012100696563720703,0.9790842533111572,-0.016917526721954346,89.75513844407507,40.34540073782786,24.500954970382214,18.277573782547012
Abuse,delta_classifier_positive_mean,1,Abuse028_x264,Abuse,1408,75,0.8617116808891296,0.9985138773918152,0.9662609100341797,0.8558292984962463,51.73643410852713,6.367688064496575,0.9958226680755615,0.9996578693389893,0.9981895089149475,0.9956895112991333,49.59189797449362,6.150696596618814,0.8130466938018799,-0.048664987087249756,0.9978135824203491,-0.0007002949714660645,0.9137855172157288,-0.05247539281845093,0.8073787093162537,-0.048450589179992676,44.726681670417605,-7.009752438109523,5.523203304160093,-0.8444847603364822,0.985446035861969,-0.01037663221359253,0.9948191046714783,-0.004838764667510986,0.9889079928398132,-0.009281516075134277,0.9852511882781982,-0.010438323020935059,48.16754188547137,-1.4243560890222469,5.860088962922633,-0.2906076336961805
Abuse,delta_classifier_positive_mean,2,Abuse030_x264,Abuse,1536,85,0.9929139614105225,0.9998125433921814,0.999457597732544,0.9925305843353271,69.11541735922488,9.577626597772973,0.9960942268371582,0.9987035393714905,0.9976728558540344,0.9960017800331116,49.40973770624721,6.223381187835201,0.855424702167511,-0.13748925924301147,0.9822067022323608,-0.017605841159820557,0.9789333343505859,-0.020524263381958008,0.848189651966095,-0.14434093236923218,92.36267077471926,23.247253415494384,35.33683473389356,25.759208136120588,0.9794433116912842,-0.016650915145874023,0.9866666793823242,-0.01203685998916626,0.9855721592903137,-0.012100696563720703,0.9790842533111572,-0.016917526721954346,89.75513844407507,40.34540073782786,24.500954970382214,18.277573782547012
Abuse,delta_alignment_positive_mean,1,Abuse030_x264,Abuse,1536,85,0.9929139614105225,0.9998125433921814,0.999457597732544,0.9925305843353271,69.11541735922488,9.577626597772973,0.9960942268371582,0.9987035393714905,0.9976728558540344,0.9960017800331116,49.40973770624721,6.223381187835201,0.855424702167511,-0.13748925924301147,0.9822067022323608,-0.017605841159820557,0.9789333343505859,-0.020524263381958008,0.848189651966095,-0.14434093236923218,92.36267077471926,23.247253415494384,35.33683473389356,25.759208136120588,0.9794433116912842,-0.016650915145874023,0.9866666793823242,-0.01203685998916626,0.9855721592903137,-0.012100696563720703,0.9790842533111572,-0.016917526721954346,89.75513844407507,40.34540073782786,24.500954970382214,18.277573782547012
Abuse,delta_alignment_positive_mean,2,Abuse028_x264,Abuse,1408,75,0.8617116808891296,0.9985138773918152,0.9662609100341797,0.8558292984962463,51.73643410852713,6.367688064496575,0.9958226680755615,0.9996578693389893,0.9981895089149475,0.9956895112991333,49.59189797449362,6.150696596618814,0.8130466938018799,-0.048664987087249756,0.9978135824203491,-0.0007002949714660645,0.9137855172157288,-0.05247539281845093,0.8073787093162537,-0.048450589179992676,44.726681670417605,-7.009752438109523,5.523203304160093,-0.8444847603364822,0.985446035861969,-0.01037663221359253,0.9948191046714783,-0.004838764667510986,0.9889079928398132,-0.009281516075134277,0.9852511882781982,-0.010438323020935059,48.16754188547137,-1.4243560890222469,5.860088962922633,-0.2906076336961805
Arrest,delta_classifier_auc,1,Arrest030_x264,Arrest,8640,1665,0.9869815111160278,0.9999940395355225,0.9999823570251465,0.9838781356811523,94.27715457392877,78.17053623625138,0.9984167218208313,0.9999738335609436,0.9999187588691711,0.9980581998825073,80.21709020848806,34.57953957658516,0.9632521867752075,-0.023729324340820312,0.9999905824661255,-3.4570693969726562e-06,0.9999672174453735,-1.5139579772949219e-05,0.9544879794120789,-0.029390156269073486,87.09736403069738,-7.179790543231391,46.12273910408135,-32.04779713217003,0.991923451423645,-0.006493270397186279,0.9967013597488403,-0.0032724738121032715,0.9957629442214966,-0.0041558146476745605,0.9910069704055786,-0.007051229476928711,94.36353773127965,14.14644752279159,82.54012556986025,47.96058599327509
Arrest,delta_classifier_auc,2,Arrest007_x264,Arrest,3136,630,0.7880198955535889,0.9999284744262695,0.9957724809646606,0.7357915639877319,99.70622886025919,99.15736607142858,0.9165781736373901,0.9999218583106995,0.9993320107460022,0.895774245262146,99.90891701186993,99.6533658140801,0.6267985701560974,-0.16122132539749146,0.9948950409889221,-0.005033433437347412,0.934348464012146,-0.06142401695251465,0.5494816303253174,-0.18630993366241455,93.66004129771089,-6.0461875625482975,86.15740845429414,-12.999957617134442,0.9737290143966675,0.057150840759277344,0.9859259128570557,-0.013995945453643799,0.9780017733573914,-0.02133023738861084,0.9726549983024597,0.07688075304031372,68.44158147430295,-31.46733553756698,29.885840709559364,-69.76752510452074
Arrest,delta_classifier_auc,3,Arrest001_x264,Arrest,2368,300,0.4518764019012451,0.9980471134185791,0.9698720574378967,0.3767319321632385,98.38426821405545,90.03403346653347,0.6530710458755493,0.9905329346656799,0.9810068607330322,0.6054981350898743,99.59896840747905,97.37133478437828,0.26850438117980957,-0.18337202072143555,0.9936538934707642,-0.004393219947814941,0.9489144086837769,-0.020957648754119873,0.16979889571666718,-0.20693303644657135,99.47775628626692,1.0934880722114713,96.49825251502884,6.464219048495366,0.9806728959083557,0.3276018500328064,0.9853617548942566,-0.00517117977142334,0.9786828756332397,-0.0023239850997924805,0.9809615015983582,0.3754633665084839,27.542230818826564,-72.05673758865248,8.752103823722916,-88.61923096065536
Arrest,delta_classifier_auc,4,Arrest039_x264,Arrest,15824,3120,0.31562724709510803,0.9983789920806885,0.42451947927474976,0.28888413310050964,59.54397565071369,23.391684099129716,0.3831726312637329,0.9992027878761292,0.4598191976547241,0.364348828792572,60.59185881289155,22.01382464863371,0.13623054325580597,-0.17939670383930206,0.9746088981628418,-0.02377009391784668,0.14145658910274506,-0.2830628901720047,0.1349470615386963,-0.15393707156181335,62.85357327391332,3.309597623199629,24.013364099753424,0.6216800006237087,0.9855908751487732,0.6024182438850403,0.9931302070617676,-0.006072580814361572,0.98691725730896,0.5270980596542358,0.9852651357650757,0.6209163069725037,40.23929471032746,-20.352564102564095,15.388919660546765,-6.624904988086946
Arrest,delta_classifier_auc,5,Arrest024_x264,Arrest,3616,2100,0.9995573163032532,0.9999921321868896,0.9998852610588074,0.9991028904914856,51.493152406081165,55.06442484182102,0.9997256398200989,0.9999205470085144,0.9997170567512512,0.9997373223304749,39.684633747958294,48.4604455660679,0.9987773895263672,-0.0007799267768859863,0.9999721050262451,-2.002716064453125e-05,0.9997307658195496,-0.0001544952392578125,0.9974567890167236,-0.0016461014747619629,62.20128156803618,10.708129161955014,73.87826378006615,18.813838938245127,0.9972331523895264,-0.0024924874305725098,0.9981166124343872,-0.0018039345741271973,0.997254490852356,-0.0024625658988952637,0.9972035884857178,-0.00253373384475708,53.761779117979636,14.077145370021341,69.31995782718441,20.859512261116514
Arrest,delta_alignment_auc,1,Arrest001_x264,Arrest,2368,300,0.4518764019012451,0.9980471134185791,0.9698720574378967,0.3767319321632385,98.38426821405545,90.03403346653347,0.6530710458755493,0.9905329346656799,0.9810068607330322,0.6054981350898743,99.59896840747905,97.37133478437828,0.26850438117980957,-0.18337202072143555,0.9936538934707642,-0.004393219947814941,0.9489144086837769,-0.020957648754119873,0.16979889571666718,-0.20693303644657135,99.47775628626692,1.0934880722114713,96.49825251502884,6.464219048495366,0.9806728959083557,0.3276018500328064,0.9853617548942566,-0.00517117977142334,0.9786828756332397,-0.0023239850997924805,0.9809615015983582,0.3754633665084839,27.542230818826564,-72.05673758865248,8.752103823722916,-88.61923096065536
Arrest,delta_alignment_auc,2,Arrest007_x264,Arrest,3136,630,0.7880198955535889,0.9999284744262695,0.9957724809646606,0.7357915639877319,99.70622886025919,99.15736607142858,0.9165781736373901,0.9999218583106995,0.9993320107460022,0.895774245262146,99.90891701186993,99.6533658140801,0.6267985701560974,-0.16122132539749146,0.9948950409889221,-0.005033433437347412,0.934348464012146,-0.06142401695251465,0.5494816303253174,-0.18630993366241455,93.66004129771089,-6.0461875625482975,86.15740845429414,-12.999957617134442,0.9737290143966675,0.057150840759277344,0.9859259128570557,-0.013995945453643799,0.9780017733573914,-0.02133023738861084,0.9726549983024597,0.07688075304031372,68.44158147430295,-31.46733553756698,29.885840709559364,-69.76752510452074
Arrest,delta_alignment_auc,3,Arrest039_x264,Arrest,15824,3120,0.31562724709510803,0.9983789920806885,0.42451947927474976,0.28888413310050964,59.54397565071369,23.391684099129716,0.3831726312637329,0.9992027878761292,0.4598191976547241,0.364348828792572,60.59185881289155,22.01382464863371,0.13623054325580597,-0.17939670383930206,0.9746088981628418,-0.02377009391784668,0.14145658910274506,-0.2830628901720047,0.1349470615386963,-0.15393707156181335,62.85357327391332,3.309597623199629,24.013364099753424,0.6216800006237087,0.9855908751487732,0.6024182438850403,0.9931302070617676,-0.006072580814361572,0.98691725730896,0.5270980596542358,0.9852651357650757,0.6209163069725037,40.23929471032746,-20.352564102564095,15.388919660546765,-6.624904988086946
Arrest,delta_alignment_auc,4,Arrest024_x264,Arrest,3616,2100,0.9995573163032532,0.9999921321868896,0.9998852610588074,0.9991028904914856,51.493152406081165,55.06442484182102,0.9997256398200989,0.9999205470085144,0.9997170567512512,0.9997373223304749,39.684633747958294,48.4604455660679,0.9987773895263672,-0.0007799267768859863,0.9999721050262451,-2.002716064453125e-05,0.9997307658195496,-0.0001544952392578125,0.9974567890167236,-0.0016461014747619629,62.20128156803618,10.708129161955014,73.87826378006615,18.813838938245127,0.9972331523895264,-0.0024924874305725098,0.9981166124343872,-0.0018039345741271973,0.997254490852356,-0.0024625658988952637,0.9972035884857178,-0.00253373384475708,53.761779117979636,14.077145370021341,69.31995782718441,20.859512261116514
Arrest,delta_alignment_auc,5,Arrest030_x264,Arrest,8640,1665,0.9869815111160278,0.9999940395355225,0.9999823570251465,0.9838781356811523,94.27715457392877,78.17053623625138,0.9984167218208313,0.9999738335609436,0.9999187588691711,0.9980581998825073,80.21709020848806,34.57953957658516,0.9632521867752075,-0.023729324340820312,0.9999905824661255,-3.4570693969726562e-06,0.9999672174453735,-1.5139579772949219e-05,0.9544879794120789,-0.029390156269073486,87.09736403069738,-7.179790543231391,46.12273910408135,-32.04779713217003,0.991923451423645,-0.006493270397186279,0.9967013597488403,-0.0032724738121032715,0.9957629442214966,-0.0041558146476745605,0.9910069704055786,-0.007051229476928711,94.36353773127965,14.14644752279159,82.54012556986025,47.96058599327509
Arrest,delta_classifier_positive_mean,1,Arrest039_x264,Arrest,15824,3120,0.31562724709510803,0.9983789920806885,0.42451947927474976,0.28888413310050964,59.54397565071369,23.391684099129716,0.3831726312637329,0.9992027878761292,0.4598191976547241,0.364348828792572,60.59185881289155,22.01382464863371,0.13623054325580597,-0.17939670383930206,0.9746088981628418,-0.02377009391784668,0.14145658910274506,-0.2830628901720047,0.1349470615386963,-0.15393707156181335,62.85357327391332,3.309597623199629,24.013364099753424,0.6216800006237087,0.9855908751487732,0.6024182438850403,0.9931302070617676,-0.006072580814361572,0.98691725730896,0.5270980596542358,0.9852651357650757,0.6209163069725037,40.23929471032746,-20.352564102564095,15.388919660546765,-6.624904988086946
Arrest,delta_classifier_positive_mean,2,Arrest007_x264,Arrest,3136,630,0.7880198955535889,0.9999284744262695,0.9957724809646606,0.7357915639877319,99.70622886025919,99.15736607142858,0.9165781736373901,0.9999218583106995,0.9993320107460022,0.895774245262146,99.90891701186993,99.6533658140801,0.6267985701560974,-0.16122132539749146,0.9948950409889221,-0.005033433437347412,0.934348464012146,-0.06142401695251465,0.5494816303253174,-0.18630993366241455,93.66004129771089,-6.0461875625482975,86.15740845429414,-12.999957617134442,0.9737290143966675,0.057150840759277344,0.9859259128570557,-0.013995945453643799,0.9780017733573914,-0.02133023738861084,0.9726549983024597,0.07688075304031372,68.44158147430295,-31.46733553756698,29.885840709559364,-69.76752510452074
Arrest,delta_classifier_positive_mean,3,Arrest001_x264,Arrest,2368,300,0.4518764019012451,0.9980471134185791,0.9698720574378967,0.3767319321632385,98.38426821405545,90.03403346653347,0.6530710458755493,0.9905329346656799,0.9810068607330322,0.6054981350898743,99.59896840747905,97.37133478437828,0.26850438117980957,-0.18337202072143555,0.9936538934707642,-0.004393219947814941,0.9489144086837769,-0.020957648754119873,0.16979889571666718,-0.20693303644657135,99.47775628626692,1.0934880722114713,96.49825251502884,6.464219048495366,0.9806728959083557,0.3276018500328064,0.9853617548942566,-0.00517117977142334,0.9786828756332397,-0.0023239850997924805,0.9809615015983582,0.3754633665084839,27.542230818826564,-72.05673758865248,8.752103823722916,-88.61923096065536
Arrest,delta_classifier_positive_mean,4,Arrest024_x264,Arrest,3616,2100,0.9995573163032532,0.9999921321868896,0.9998852610588074,0.9991028904914856,51.493152406081165,55.06442484182102,0.9997256398200989,0.9999205470085144,0.9997170567512512,0.9997373223304749,39.684633747958294,48.4604455660679,0.9987773895263672,-0.0007799267768859863,0.9999721050262451,-2.002716064453125e-05,0.9997307658195496,-0.0001544952392578125,0.9974567890167236,-0.0016461014747619629,62.20128156803618,10.708129161955014,73.87826378006615,18.813838938245127,0.9972331523895264,-0.0024924874305725098,0.9981166124343872,-0.0018039345741271973,0.997254490852356,-0.0024625658988952637,0.9972035884857178,-0.00253373384475708,53.761779117979636,14.077145370021341,69.31995782718441,20.859512261116514
Arrest,delta_classifier_positive_mean,5,Arrest030_x264,Arrest,8640,1665,0.9869815111160278,0.9999940395355225,0.9999823570251465,0.9838781356811523,94.27715457392877,78.17053623625138,0.9984167218208313,0.9999738335609436,0.9999187588691711,0.9980581998825073,80.21709020848806,34.57953957658516,0.9632521867752075,-0.023729324340820312,0.9999905824661255,-3.4570693969726562e-06,0.9999672174453735,-1.5139579772949219e-05,0.9544879794120789,-0.029390156269073486,87.09736403069738,-7.179790543231391,46.12273910408135,-32.04779713217003,0.991923451423645,-0.006493270397186279,0.9967013597488403,-0.0032724738121032715,0.9957629442214966,-0.0041558146476745605,0.9910069704055786,-0.007051229476928711,94.36353773127965,14.14644752279159,82.54012556986025,47.96058599327509
Arrest,delta_alignment_positive_mean,1,Arrest007_x264,Arrest,3136,630,0.7880198955535889,0.9999284744262695,0.9957724809646606,0.7357915639877319,99.70622886025919,99.15736607142858,0.9165781736373901,0.9999218583106995,0.9993320107460022,0.895774245262146,99.90891701186993,99.6533658140801,0.6267985701560974,-0.16122132539749146,0.9948950409889221,-0.005033433437347412,0.934348464012146,-0.06142401695251465,0.5494816303253174,-0.18630993366241455,93.66004129771089,-6.0461875625482975,86.15740845429414,-12.999957617134442,0.9737290143966675,0.057150840759277344,0.9859259128570557,-0.013995945453643799,0.9780017733573914,-0.02133023738861084,0.9726549983024597,0.07688075304031372,68.44158147430295,-31.46733553756698,29.885840709559364,-69.76752510452074
Arrest,delta_alignment_positive_mean,2,Arrest030_x264,Arrest,8640,1665,0.9869815111160278,0.9999940395355225,0.9999823570251465,0.9838781356811523,94.27715457392877,78.17053623625138,0.9984167218208313,0.9999738335609436,0.9999187588691711,0.9980581998825073,80.21709020848806,34.57953957658516,0.9632521867752075,-0.023729324340820312,0.9999905824661255,-3.4570693969726562e-06,0.9999672174453735,-1.5139579772949219e-05,0.9544879794120789,-0.029390156269073486,87.09736403069738,-7.179790543231391,46.12273910408135,-32.04779713217003,0.991923451423645,-0.006493270397186279,0.9967013597488403,-0.0032724738121032715,0.9957629442214966,-0.0041558146476745605,0.9910069704055786,-0.007051229476928711,94.36353773127965,14.14644752279159,82.54012556986025,47.96058599327509
Arrest,delta_alignment_positive_mean,3,Arrest024_x264,Arrest,3616,2100,0.9995573163032532,0.9999921321868896,0.9998852610588074,0.9991028904914856,51.493152406081165,55.06442484182102,0.9997256398200989,0.9999205470085144,0.9997170567512512,0.9997373223304749,39.684633747958294,48.4604455660679,0.9987773895263672,-0.0007799267768859863,0.9999721050262451,-2.002716064453125e-05,0.9997307658195496,-0.0001544952392578125,0.9974567890167236,-0.0016461014747619629,62.20128156803618,10.708129161955014,73.87826378006615,18.813838938245127,0.9972331523895264,-0.0024924874305725098,0.9981166124343872,-0.0018039345741271973,0.997254490852356,-0.0024625658988952637,0.9972035884857178,-0.00253373384475708,53.761779117979636,14.077145370021341,69.31995782718441,20.859512261116514
Arrest,delta_alignment_positive_mean,4,Arrest001_x264,Arrest,2368,300,0.4518764019012451,0.9980471134185791,0.9698720574378967,0.3767319321632385,98.38426821405545,90.03403346653347,0.6530710458755493,0.9905329346656799,0.9810068607330322,0.6054981350898743,99.59896840747905,97.37133478437828,0.26850438117980957,-0.18337202072143555,0.9936538934707642,-0.004393219947814941,0.9489144086837769,-0.020957648754119873,0.16979889571666718,-0.20693303644657135,99.47775628626692,1.0934880722114713,96.49825251502884,6.464219048495366,0.9806728959083557,0.3276018500328064,0.9853617548942566,-0.00517117977142334,0.9786828756332397,-0.0023239850997924805,0.9809615015983582,0.3754633665084839,27.542230818826564,-72.05673758865248,8.752103823722916,-88.61923096065536
Arrest,delta_alignment_positive_mean,5,Arrest039_x264,Arrest,15824,3120,0.31562724709510803,0.9983789920806885,0.42451947927474976,0.28888413310050964,59.54397565071369,23.391684099129716,0.3831726312637329,0.9992027878761292,0.4598191976547241,0.364348828792572,60.59185881289155,22.01382464863371,0.13623054325580597,-0.17939670383930206,0.9746088981628418,-0.02377009391784668,0.14145658910274506,-0.2830628901720047,0.1349470615386963,-0.15393707156181335,62.85357327391332,3.309597623199629,24.013364099753424,0.6216800006237087,0.9855908751487732,0.6024182438850403,0.9931302070617676,-0.006072580814361572,0.98691725730896,0.5270980596542358,0.9852651357650757,0.6209163069725037,40.23929471032746,-20.352564102564095,15.388919660546765,-6.624904988086946
Arson,delta_classifier_auc,1,Arson011_x264,Arson,1264,854,0.9950112700462341,0.9997077584266663,0.9945997595787048,0.9958685040473938,62.822299651567945,84.5060374622714,0.9993823170661926,0.9997981786727905,0.9996566772460938,0.9988109469413757,98.08133889301422,99.00797730551056,0.9847418069839478,-0.010269463062286377,0.9984138011932373,-0.001293957233428955,0.9803543090820312,-0.014245450496673584,0.993880569934845,-0.001987934112548828,18.798766207802593,-44.02353344376535,51.63832653117222,-32.867710931099175,0.9960018396377563,-0.0033804774284362793,0.9975851774215698,-0.002213001251220703,0.9962671399116516,-0.0033895373344421387,0.9954493045806885,-0.003361642360687256,73.62483577997372,-24.456503113040498,86.1913137895555,-12.81666351595507
Arson,delta_classifier_auc,2,Arson035_x264,Arson,1424,300,0.7763559818267822,0.9992513060569763,0.9986855983734131,0.717015266418457,88.60498220640571,70.8615977989792,0.9473569989204407,0.9996225833892822,0.9994032979011536,0.9334656000137329,99.67022538552787,98.72760270774977,0.7173740267753601,-0.05898195505142212,0.9994663596153259,0.00021505355834960938,0.9976218938827515,-0.001063704490661621,0.6425747871398926,-0.07444047927856445,86.8967971530249,-1.7081850533808023,64.88335391522374,-5.978243883755468,0.9903766512870789,0.043019652366638184,0.9987432360649109,-0.0008793473243713379,0.9984074831008911,-0.0009958148002624512,0.9882332682609558,0.0547676682472229,95.02016607354686,-4.6500593119810105,85.07572713896245,-13.651875568787318
Arson,delta_classifier_auc,3,Arson022_x264,Arson,8640,500,0.17088857293128967,0.9978341460227966,0.20723113417625427,0.16865621507167816,75.24855036855037,10.451115560881139,0.19434614479541779,0.9996037483215332,0.1678755283355713,0.19597209990024567,73.00147420147421,9.68167696248114,0.1404198557138443,-0.030468717217445374,0.9957459568977356,-0.002088189125061035,0.05808126926422119,-0.14914986491203308,0.1454775184392929,-0.023178696632385254,73.84117936117937,-1.4073710073709975,10.291920855754148,-0.15919470512699085,0.9895737171173096,0.7952275723218918,0.9943811297416687,-0.005222618579864502,0.9899480938911438,0.8220725655555725,0.989550769329071,0.7935786694288254,29.42014742014742,-43.581326781326794,4.145695441529435,-5.5359815209517045
Arson,delta_classifier_auc,4,Arson007_x264,Arson,6240,3450,0.957899808883667,0.9958055019378662,0.947363555431366,0.9709285497665405,40.183242428964725,47.75016439106431,0.9967396259307861,0.9988159537315369,0.9957154393196106,0.9980061054229736,20.153114123941616,44.81253779436939,0.9574788212776184,-0.000420987606048584,0.9947984218597412,-0.001007080078125,0.9485061168670654,0.0011425614356994629,0.9685741066932678,-0.002354443073272705,39.87073918238014,-0.3125032465845834,47.235545347757,-0.514619043307313,0.9916868805885315,-0.005052745342254639,0.9972845911979675,-0.001531362533569336,0.9904685616493225,-0.005246877670288086,0.9931934475898743,-0.004812657833099365,15.010441016051116,-5.1426731078905,37.751210737005884,-7.061327057363506
Arson,delta_classifier_auc,5,Arson016_x264,Arson,1792,792,0.785133957862854,0.9999029636383057,0.9992296695709229,0.615570068359375,99.99595959595959,99.98989898989899,0.9622316360473633,0.9996755719184875,0.9994420409202576,0.9327608346939087,99.99595959595959,99.98989898989899,0.5452753305435181,-0.23985862731933594,0.998532772064209,-0.0013701915740966797,0.9909040927886963,-0.008325576782226562,0.19233743846416473,-0.42323262989521027,99.99595959595959,0.0,99.98989898989899,0.0,0.9774126410484314,0.015181005001068115,0.9952919483184814,-0.0043836236000061035,0.9946762323379517,-0.004765808582305908,0.9637396931648254,0.030978858470916748,99.99595959595959,0.0,99.98989898989899,0.0
Arson,delta_alignment_auc,1,Arson022_x264,Arson,8640,500,0.17088857293128967,0.9978341460227966,0.20723113417625427,0.16865621507167816,75.24855036855037,10.451115560881139,0.19434614479541779,0.9996037483215332,0.1678755283355713,0.19597209990024567,73.00147420147421,9.68167696248114,0.1404198557138443,-0.030468717217445374,0.9957459568977356,-0.002088189125061035,0.05808126926422119,-0.14914986491203308,0.1454775184392929,-0.023178696632385254,73.84117936117937,-1.4073710073709975,10.291920855754148,-0.15919470512699085,0.9895737171173096,0.7952275723218918,0.9943811297416687,-0.005222618579864502,0.9899480938911438,0.8220725655555725,0.989550769329071,0.7935786694288254,29.42014742014742,-43.581326781326794,4.145695441529435,-5.5359815209517045
Arson,delta_alignment_auc,2,Arson011_x264,Arson,1264,854,0.9950112700462341,0.9997077584266663,0.9945997595787048,0.9958685040473938,62.822299651567945,84.5060374622714,0.9993823170661926,0.9997981786727905,0.9996566772460938,0.9988109469413757,98.08133889301422,99.00797730551056,0.9847418069839478,-0.010269463062286377,0.9984138011932373,-0.001293957233428955,0.9803543090820312,-0.014245450496673584,0.993880569934845,-0.001987934112548828,18.798766207802593,-44.02353344376535,51.63832653117222,-32.867710931099175,0.9960018396377563,-0.0033804774284362793,0.9975851774215698,-0.002213001251220703,0.9962671399116516,-0.0033895373344421387,0.9954493045806885,-0.003361642360687256,73.62483577997372,-24.456503113040498,86.1913137895555,-12.81666351595507
Arson,delta_alignment_auc,3,Arson007_x264,Arson,6240,3450,0.957899808883667,0.9958055019378662,0.947363555431366,0.9709285497665405,40.183242428964725,47.75016439106431,0.9967396259307861,0.9988159537315369,0.9957154393196106,0.9980061054229736,20.153114123941616,44.81253779436939,0.9574788212776184,-0.000420987606048584,0.9947984218597412,-0.001007080078125,0.9485061168670654,0.0011425614356994629,0.9685741066932678,-0.002354443073272705,39.87073918238014,-0.3125032465845834,47.235545347757,-0.514619043307313,0.9916868805885315,-0.005052745342254639,0.9972845911979675,-0.001531362533569336,0.9904685616493225,-0.005246877670288086,0.9931934475898743,-0.004812657833099365,15.010441016051116,-5.1426731078905,37.751210737005884,-7.061327057363506
Arson,delta_alignment_auc,4,Arson035_x264,Arson,1424,300,0.7763559818267822,0.9992513060569763,0.9986855983734131,0.717015266418457,88.60498220640571,70.8615977989792,0.9473569989204407,0.9996225833892822,0.9994032979011536,0.9334656000137329,99.67022538552787,98.72760270774977,0.7173740267753601,-0.05898195505142212,0.9994663596153259,0.00021505355834960938,0.9976218938827515,-0.001063704490661621,0.6425747871398926,-0.07444047927856445,86.8967971530249,-1.7081850533808023,64.88335391522374,-5.978243883755468,0.9903766512870789,0.043019652366638184,0.9987432360649109,-0.0008793473243713379,0.9984074831008911,-0.0009958148002624512,0.9882332682609558,0.0547676682472229,95.02016607354686,-4.6500593119810105,85.07572713896245,-13.651875568787318
Arson,delta_alignment_auc,5,Arson016_x264,Arson,1792,792,0.785133957862854,0.9999029636383057,0.9992296695709229,0.615570068359375,99.99595959595959,99.98989898989899,0.9622316360473633,0.9996755719184875,0.9994420409202576,0.9327608346939087,99.99595959595959,99.98989898989899,0.5452753305435181,-0.23985862731933594,0.998532772064209,-0.0013701915740966797,0.9909040927886963,-0.008325576782226562,0.19233743846416473,-0.42323262989521027,99.99595959595959,0.0,99.98989898989899,0.0,0.9774126410484314,0.015181005001068115,0.9952919483184814,-0.0043836236000061035,0.9946762323379517,-0.004765808582305908,0.9637396931648254,0.030978858470916748,99.99595959595959,0.0,99.98989898989899,0.0
Arson,delta_classifier_positive_mean,1,Arson022_x264,Arson,8640,500,0.17088857293128967,0.9978341460227966,0.20723113417625427,0.16865621507167816,75.24855036855037,10.451115560881139,0.19434614479541779,0.9996037483215332,0.1678755283355713,0.19597209990024567,73.00147420147421,9.68167696248114,0.1404198557138443,-0.030468717217445374,0.9957459568977356,-0.002088189125061035,0.05808126926422119,-0.14914986491203308,0.1454775184392929,-0.023178696632385254,73.84117936117937,-1.4073710073709975,10.291920855754148,-0.15919470512699085,0.9895737171173096,0.7952275723218918,0.9943811297416687,-0.005222618579864502,0.9899480938911438,0.8220725655555725,0.989550769329071,0.7935786694288254,29.42014742014742,-43.581326781326794,4.145695441529435,-5.5359815209517045
Arson,delta_classifier_positive_mean,2,Arson011_x264,Arson,1264,854,0.9950112700462341,0.9997077584266663,0.9945997595787048,0.9958685040473938,62.822299651567945,84.5060374622714,0.9993823170661926,0.9997981786727905,0.9996566772460938,0.9988109469413757,98.08133889301422,99.00797730551056,0.9847418069839478,-0.010269463062286377,0.9984138011932373,-0.001293957233428955,0.9803543090820312,-0.014245450496673584,0.993880569934845,-0.001987934112548828,18.798766207802593,-44.02353344376535,51.63832653117222,-32.867710931099175,0.9960018396377563,-0.0033804774284362793,0.9975851774215698,-0.002213001251220703,0.9962671399116516,-0.0033895373344421387,0.9954493045806885,-0.003361642360687256,73.62483577997372,-24.456503113040498,86.1913137895555,-12.81666351595507
Arson,delta_classifier_positive_mean,3,Arson016_x264,Arson,1792,792,0.785133957862854,0.9999029636383057,0.9992296695709229,0.615570068359375,99.99595959595959,99.98989898989899,0.9622316360473633,0.9996755719184875,0.9994420409202576,0.9327608346939087,99.99595959595959,99.98989898989899,0.5452753305435181,-0.23985862731933594,0.998532772064209,-0.0013701915740966797,0.9909040927886963,-0.008325576782226562,0.19233743846416473,-0.42323262989521027,99.99595959595959,0.0,99.98989898989899,0.0,0.9774126410484314,0.015181005001068115,0.9952919483184814,-0.0043836236000061035,0.9946762323379517,-0.004765808582305908,0.9637396931648254,0.030978858470916748,99.99595959595959,0.0,99.98989898989899,0.0
Arson,delta_classifier_positive_mean,4,Arson041_x264,Arson,3744,1485,0.9899712204933167,0.9999760389328003,0.9986900091171265,0.9842398166656494,87.8709330280822,86.85469927528348,0.9993581771850586,0.9999215006828308,0.9996099472045898,0.9991926550865173,73.5513166190457,73.44281433032872,0.9712058305740356,-0.018765389919281006,0.9998859167098999,-9.012222290039062e-05,0.9969965219497681,-0.0016934871673583984,0.954251766204834,-0.02998805046081543,92.57418511513245,4.703252087050245,89.09240023409158,2.237700958808105,0.9942147135734558,-0.005143463611602783,0.9976548552513123,-0.0022666454315185547,0.996491014957428,-0.0031189322471618652,0.9927182793617249,-0.0064743757247924805,93.55766608090646,20.00634946186075,80.49729548082125,7.054481150492535
Arson,delta_classifier_positive_mean,5,Arson035_x264,Arson,1424,300,0.7763559818267822,0.9992513060569763,0.9986855983734131,0.717015266418457,88.60498220640571,70.8615977989792,0.9473569989204407,0.9996225833892822,0.9994032979011536,0.9334656000137329,99.67022538552787,98.72760270774977,0.7173740267753601,-0.05898195505142212,0.9994663596153259,0.00021505355834960938,0.9976218938827515,-0.001063704490661621,0.6425747871398926,-0.07444047927856445,86.8967971530249,-1.7081850533808023,64.88335391522374,-5.978243883755468,0.9903766512870789,0.043019652366638184,0.9987432360649109,-0.0008793473243713379,0.9984074831008911,-0.0009958148002624512,0.9882332682609558,0.0547676682472229,95.02016607354686,-4.6500593119810105,85.07572713896245,-13.651875568787318
Arson,delta_alignment_positive_mean,1,Arson007_x264,Arson,6240,3450,0.957899808883667,0.9958055019378662,0.947363555431366,0.9709285497665405,40.183242428964725,47.75016439106431,0.9967396259307861,0.9988159537315369,0.9957154393196106,0.9980061054229736,20.153114123941616,44.81253779436939,0.9574788212776184,-0.000420987606048584,0.9947984218597412,-0.001007080078125,0.9485061168670654,0.0011425614356994629,0.9685741066932678,-0.002354443073272705,39.87073918238014,-0.3125032465845834,47.235545347757,-0.514619043307313,0.9916868805885315,-0.005052745342254639,0.9972845911979675,-0.001531362533569336,0.9904685616493225,-0.005246877670288086,0.9931934475898743,-0.004812657833099365,15.010441016051116,-5.1426731078905,37.751210737005884,-7.061327057363506
Arson,delta_alignment_positive_mean,2,Arson016_x264,Arson,1792,792,0.785133957862854,0.9999029636383057,0.9992296695709229,0.615570068359375,99.99595959595959,99.98989898989899,0.9622316360473633,0.9996755719184875,0.9994420409202576,0.9327608346939087,99.99595959595959,99.98989898989899,0.5452753305435181,-0.23985862731933594,0.998532772064209,-0.0013701915740966797,0.9909040927886963,-0.008325576782226562,0.19233743846416473,-0.42323262989521027,99.99595959595959,0.0,99.98989898989899,0.0,0.9774126410484314,0.015181005001068115,0.9952919483184814,-0.0043836236000061035,0.9946762323379517,-0.004765808582305908,0.9637396931648254,0.030978858470916748,99.99595959595959,0.0,99.98989898989899,0.0
Arson,delta_alignment_positive_mean,3,Arson011_x264,Arson,1264,854,0.9950112700462341,0.9997077584266663,0.9945997595787048,0.9958685040473938,62.822299651567945,84.5060374622714,0.9993823170661926,0.9997981786727905,0.9996566772460938,0.9988109469413757,98.08133889301422,99.00797730551056,0.9847418069839478,-0.010269463062286377,0.9984138011932373,-0.001293957233428955,0.9803543090820312,-0.014245450496673584,0.993880569934845,-0.001987934112548828,18.798766207802593,-44.02353344376535,51.63832653117222,-32.867710931099175,0.9960018396377563,-0.0033804774284362793,0.9975851774215698,-0.002213001251220703,0.9962671399116516,-0.0033895373344421387,0.9954493045806885,-0.003361642360687256,73.62483577997372,-24.456503113040498,86.1913137895555,-12.81666351595507
Arson,delta_alignment_positive_mean,4,Arson041_x264,Arson,3744,1485,0.9899712204933167,0.9999760389328003,0.9986900091171265,0.9842398166656494,87.8709330280822,86.85469927528348,0.9993581771850586,0.9999215006828308,0.9996099472045898,0.9991926550865173,73.5513166190457,73.44281433032872,0.9712058305740356,-0.018765389919281006,0.9998859167098999,-9.012222290039062e-05,0.9969965219497681,-0.0016934871673583984,0.954251766204834,-0.02998805046081543,92.57418511513245,4.703252087050245,89.09240023409158,2.237700958808105,0.9942147135734558,-0.005143463611602783,0.9976548552513123,-0.0022666454315185547,0.996491014957428,-0.0031189322471618652,0.9927182793617249,-0.0064743757247924805,93.55766608090646,20.00634946186075,80.49729548082125,7.054481150492535
Arson,delta_alignment_positive_mean,5,Arson035_x264,Arson,1424,300,0.7763559818267822,0.9992513060569763,0.9986855983734131,0.717015266418457,88.60498220640571,70.8615977989792,0.9473569989204407,0.9996225833892822,0.9994032979011536,0.9334656000137329,99.67022538552787,98.72760270774977,0.7173740267753601,-0.05898195505142212,0.9994663596153259,0.00021505355834960938,0.9976218938827515,-0.001063704490661621,0.6425747871398926,-0.07444047927856445,86.8967971530249,-1.7081850533808023,64.88335391522374,-5.978243883755468,0.9903766512870789,0.043019652366638184,0.9987432360649109,-0.0008793473243713379,0.9984074831008911,-0.0009958148002624512,0.9882332682609558,0.0547676682472229,95.02016607354686,-4.6500593119810105,85.07572713896245,-13.651875568787318
Assault,delta_classifier_auc,1,Assault011_x264,Assault,2288,585,0.18547077476978302,0.5335298180580139,0.31966912746429443,0.1393720805644989,80.01801747544555,58.97961147964191,0.036148592829704285,0.08189702033996582,0.05701175332069397,0.028981857001781464,82.69042564403692,50.84262171518127,0.5403827428817749,0.3549119681119919,0.9472267627716064,0.41369694471359253,0.8314719200134277,0.5118027925491333,0.44039034843444824,0.30101826786994934,75.29312274467883,-4.724894730766721,40.27906339832734,-18.700548081314572,0.9004758596420288,0.8643272668123245,0.9195101261138916,0.8376131057739258,0.8939642906188965,0.8369525372982025,0.9027127027511597,0.8737308457493782,17.262999934755662,-65.42742570928127,16.35701032730307,-34.485611387878194
Assault,delta_classifier_auc,2,Assault010_x264,Assault,16176,1020,0.8710532188415527,0.9990785121917725,0.9871956706047058,0.8632367849349976,93.37136913356,69.34718317514547,0.9958997964859009,0.9995843172073364,0.9991496801376343,0.9956810474395752,95.35978762051138,49.42276837812105,0.9349523782730103,0.06389915943145752,0.9982519745826721,-0.0008265376091003418,0.9883479475975037,0.0011522769927978516,0.9313588738441467,0.06812208890914917,92.5636646846651,-0.8077044488948957,70.48324309245274,1.1360599173072643,0.9725905656814575,-0.02330923080444336,0.985411524772644,-0.014172792434692383,0.9820848703384399,-0.017064809799194336,0.9719516038894653,-0.023729443550109863,94.70339838231413,-0.6563892381972494,58.29016554855677,8.867397170435723
Assault,delta_classifier_auc,3,Assault006_x264,Assault,8096,6911,0.9767820239067078,0.9999532699584961,0.9811534881591797,0.9512874484062195,73.03534938186355,94.0607107569676,0.9967076778411865,0.9996147155761719,0.9974859356880188,0.9921685457229614,87.21578819798681,97.46402989205164,0.9372639656066895,-0.03951805830001831,0.9998880624771118,-6.520748138427734e-05,0.9668483734130859,-0.01430511474609375,0.764725387096405,-0.18656206130981445,91.06811925219198,18.032769870328423,98.24402193321757,4.183311176249973,0.9594762921333313,-0.037231385707855225,0.9864392280578613,-0.013175487518310547,0.9605124592781067,-0.03697347640991211,0.953433096408844,-0.03873544931411743,67.41373594471482,-19.802052253271995,93.88583577566637,-3.5781941163852764
Assault,delta_alignment_auc,1,Assault011_x264,Assault,2288,585,0.18547077476978302,0.5335298180580139,0.31966912746429443,0.1393720805644989,80.01801747544555,58.97961147964191,0.036148592829704285,0.08189702033996582,0.05701175332069397,0.028981857001781464,82.69042564403692,50.84262171518127,0.5403827428817749,0.3549119681119919,0.9472267627716064,0.41369694471359253,0.8314719200134277,0.5118027925491333,0.44039034843444824,0.30101826786994934,75.29312274467883,-4.724894730766721,40.27906339832734,-18.700548081314572,0.9004758596420288,0.8643272668123245,0.9195101261138916,0.8376131057739258,0.8939642906188965,0.8369525372982025,0.9027127027511597,0.8737308457493782,17.262999934755662,-65.42742570928127,16.35701032730307,-34.485611387878194
Assault,delta_alignment_auc,2,Assault006_x264,Assault,8096,6911,0.9767820239067078,0.9999532699584961,0.9811534881591797,0.9512874484062195,73.03534938186355,94.0607107569676,0.9967076778411865,0.9996147155761719,0.9974859356880188,0.9921685457229614,87.21578819798681,97.46402989205164,0.9372639656066895,-0.03951805830001831,0.9998880624771118,-6.520748138427734e-05,0.9668483734130859,-0.01430511474609375,0.764725387096405,-0.18656206130981445,91.06811925219198,18.032769870328423,98.24402193321757,4.183311176249973,0.9594762921333313,-0.037231385707855225,0.9864392280578613,-0.013175487518310547,0.9605124592781067,-0.03697347640991211,0.953433096408844,-0.03873544931411743,67.41373594471482,-19.802052253271995,93.88583577566637,-3.5781941163852764
Assault,delta_alignment_auc,3,Assault010_x264,Assault,16176,1020,0.8710532188415527,0.9990785121917725,0.9871956706047058,0.8632367849349976,93.37136913356,69.34718317514547,0.9958997964859009,0.9995843172073364,0.9991496801376343,0.9956810474395752,95.35978762051138,49.42276837812105,0.9349523782730103,0.06389915943145752,0.9982519745826721,-0.0008265376091003418,0.9883479475975037,0.0011522769927978516,0.9313588738441467,0.06812208890914917,92.5636646846651,-0.8077044488948957,70.48324309245274,1.1360599173072643,0.9725905656814575,-0.02330923080444336,0.985411524772644,-0.014172792434692383,0.9820848703384399,-0.017064809799194336,0.9719516038894653,-0.023729443550109863,94.70339838231413,-0.6563892381972494,58.29016554855677,8.867397170435723
Assault,delta_classifier_positive_mean,1,Assault006_x264,Assault,8096,6911,0.9767820239067078,0.9999532699584961,0.9811534881591797,0.9512874484062195,73.03534938186355,94.0607107569676,0.9967076778411865,0.9996147155761719,0.9974859356880188,0.9921685457229614,87.21578819798681,97.46402989205164,0.9372639656066895,-0.03951805830001831,0.9998880624771118,-6.520748138427734e-05,0.9668483734130859,-0.01430511474609375,0.764725387096405,-0.18656206130981445,91.06811925219198,18.032769870328423,98.24402193321757,4.183311176249973,0.9594762921333313,-0.037231385707855225,0.9864392280578613,-0.013175487518310547,0.9605124592781067,-0.03697347640991211,0.953433096408844,-0.03873544931411743,67.41373594471482,-19.802052253271995,93.88583577566637,-3.5781941163852764
Assault,delta_classifier_positive_mean,2,Assault010_x264,Assault,16176,1020,0.8710532188415527,0.9990785121917725,0.9871956706047058,0.8632367849349976,93.37136913356,69.34718317514547,0.9958997964859009,0.9995843172073364,0.9991496801376343,0.9956810474395752,95.35978762051138,49.42276837812105,0.9349523782730103,0.06389915943145752,0.9982519745826721,-0.0008265376091003418,0.9883479475975037,0.0011522769927978516,0.9313588738441467,0.06812208890914917,92.5636646846651,-0.8077044488948957,70.48324309245274,1.1360599173072643,0.9725905656814575,-0.02330923080444336,0.985411524772644,-0.014172792434692383,0.9820848703384399,-0.017064809799194336,0.9719516038894653,-0.023729443550109863,94.70339838231413,-0.6563892381972494,58.29016554855677,8.867397170435723
Assault,delta_classifier_positive_mean,3,Assault011_x264,Assault,2288,585,0.18547077476978302,0.5335298180580139,0.31966912746429443,0.1393720805644989,80.01801747544555,58.97961147964191,0.036148592829704285,0.08189702033996582,0.05701175332069397,0.028981857001781464,82.69042564403692,50.84262171518127,0.5403827428817749,0.3549119681119919,0.9472267627716064,0.41369694471359253,0.8314719200134277,0.5118027925491333,0.44039034843444824,0.30101826786994934,75.29312274467883,-4.724894730766721,40.27906339832734,-18.700548081314572,0.9004758596420288,0.8643272668123245,0.9195101261138916,0.8376131057739258,0.8939642906188965,0.8369525372982025,0.9027127027511597,0.8737308457493782,17.262999934755662,-65.42742570928127,16.35701032730307,-34.485611387878194
Assault,delta_alignment_positive_mean,1,Assault006_x264,Assault,8096,6911,0.9767820239067078,0.9999532699584961,0.9811534881591797,0.9512874484062195,73.03534938186355,94.0607107569676,0.9967076778411865,0.9996147155761719,0.9974859356880188,0.9921685457229614,87.21578819798681,97.46402989205164,0.9372639656066895,-0.03951805830001831,0.9998880624771118,-6.520748138427734e-05,0.9668483734130859,-0.01430511474609375,0.764725387096405,-0.18656206130981445,91.06811925219198,18.032769870328423,98.24402193321757,4.183311176249973,0.9594762921333313,-0.037231385707855225,0.9864392280578613,-0.013175487518310547,0.9605124592781067,-0.03697347640991211,0.953433096408844,-0.03873544931411743,67.41373594471482,-19.802052253271995,93.88583577566637,-3.5781941163852764
Assault,delta_alignment_positive_mean,2,Assault010_x264,Assault,16176,1020,0.8710532188415527,0.9990785121917725,0.9871956706047058,0.8632367849349976,93.37136913356,69.34718317514547,0.9958997964859009,0.9995843172073364,0.9991496801376343,0.9956810474395752,95.35978762051138,49.42276837812105,0.9349523782730103,0.06389915943145752,0.9982519745826721,-0.0008265376091003418,0.9883479475975037,0.0011522769927978516,0.9313588738441467,0.06812208890914917,92.5636646846651,-0.8077044488948957,70.48324309245274,1.1360599173072643,0.9725905656814575,-0.02330923080444336,0.985411524772644,-0.014172792434692383,0.9820848703384399,-0.017064809799194336,0.9719516038894653,-0.023729443550109863,94.70339838231413,-0.6563892381972494,58.29016554855677,8.867397170435723
Assault,delta_alignment_positive_mean,3,Assault011_x264,Assault,2288,585,0.18547077476978302,0.5335298180580139,0.31966912746429443,0.1393720805644989,80.01801747544555,58.97961147964191,0.036148592829704285,0.08189702033996582,0.05701175332069397,0.028981857001781464,82.69042564403692,50.84262171518127,0.5403827428817749,0.3549119681119919,0.9472267627716064,0.41369694471359253,0.8314719200134277,0.5118027925491333,0.44039034843444824,0.30101826786994934,75.29312274467883,-4.724894730766721,40.27906339832734,-18.700548081314572,0.9004758596420288,0.8643272668123245,0.9195101261138916,0.8376131057739258,0.8939642906188965,0.8369525372982025,0.9027127027511597,0.8737308457493782,17.262999934755662,-65.42742570928127,16.35701032730307,-34.485611387878194
Burglary,delta_classifier_auc,1,Burglary018_x264,Burglary,1120,330,0.9775689244270325,0.9986891150474548,0.99517822265625,0.9702132940292358,57.86191024165708,31.479371430385296,0.9956235885620117,0.9968234896659851,0.9961881041526794,0.9953876733779907,48.680475642500966,27.689003435399574,0.965977668762207,-0.01159125566482544,0.9973575472831726,-0.0013315677642822266,0.9870367646217346,-0.00814145803451538,0.9571809768676758,-0.013032317161560059,35.681626390487146,-22.180283851169932,23.68725889428828,-7.792112536097015,0.9889624714851379,-0.006661117076873779,0.9920468330383301,-0.004776656627655029,0.9873661994934082,-0.00882190465927124,0.9896291494369507,-0.005758523941040039,18.43574990410433,-30.244725738396635,19.647927139994508,-8.041076295405066
Burglary,delta_classifier_auc,2,Burglary032_x264,Burglary,15792,2400,0.9388415217399597,0.9983882904052734,0.9795198440551758,0.9315515160560608,76.31700517722024,30.64313891182166,0.9984009861946106,0.9996887445449829,0.9989928007125854,0.9982949495315552,75.47361608920748,27.929841785555613,0.8414585590362549,-0.09738296270370483,0.9996262788772583,0.0012379884719848633,0.8638098239898682,-0.11571002006530762,0.8374529480934143,-0.09409856796264648,58.67064914376743,-17.64635603345281,18.92275457656936,-11.720384335252298,0.9733723402023315,-0.025028645992279053,0.9914128184318542,-0.008275926113128662,0.9711140990257263,-0.02787870168685913,0.9737770557403564,-0.02451789379119873,41.164078056551176,-34.309538032656306,12.244101668088478,-15.685740117467136
Burglary,delta_classifier_auc,3,Burglary092_x264,Burglary,624,180,0.9702184796333313,0.9935245513916016,0.9690423607826233,0.9706951379776001,43.593593593593596,26.12467102141015,0.9919595718383789,0.9981125593185425,0.9892746806144714,0.9930481910705566,16.046046046046044,19.345980227337723,0.9396583437919617,-0.03056013584136963,0.9928666353225708,-0.0006579160690307617,0.9298433661460876,-0.039198994636535645,0.9436373114585876,-0.02705782651901245,34.22422422422422,-9.369369369369373,23.025973187360695,-3.0986978340494566,0.9904623031616211,-0.0014972686767578125,0.9955374598503113,-0.002575099468231201,0.9877529740333557,-0.0015217065811157227,0.9915606379508972,-0.0014875531196594238,20.85085085085085,4.804804804804807,20.44450476527519,1.0985245379374682
Burglary,delta_classifier_auc,4,Burglary017_x264,Burglary,2112,450,0.7980459332466125,0.991346538066864,0.8951343894004822,0.771758496761322,73.40205909881,31.78731746598257,0.9940235018730164,0.9982763528823853,0.9960899353027344,0.993463933467865,85.80157775103623,52.07764934905914,0.6744840145111084,-0.12356191873550415,0.9958071708679199,0.004460632801055908,0.765814483165741,-0.1293199062347412,0.649755597114563,-0.12200289964675903,67.62160716673351,-5.780451932076488,28.121176410645383,-3.6661410553371887,0.9691097736358643,-0.0249137282371521,0.9880461096763611,-0.01023024320602417,0.9709864854812622,-0.025103449821472168,0.9686017036437988,-0.024862229824066162,59.00441235459286,-26.797165396443376,23.15190580544425,-28.925743543614892
Burglary,delta_classifier_auc,5,Burglary037_x264,Burglary,1920,1410,0.9947213530540466,0.9998849630355835,0.9990273118019104,0.982816755771637,96.40244750382423,98.65586217621929,0.9992823004722595,0.9997537136077881,0.9993818402290344,0.9990074038505554,84.55652899457655,93.67289336119022,0.9919605255126953,-0.0027608275413513184,0.9998286962509155,-5.626678466796875e-05,0.998417854309082,-0.0006094574928283691,0.9741078615188599,-0.0087088942527771,93.7680433875678,-2.634404116256434,97.8519497295429,-0.8039124466763923,0.990797758102417,-0.00848454236984253,0.9945502877235413,-0.005203425884246826,0.9924697279930115,-0.006912112236022949,0.9861752986907959,-0.012832105159759521,97.04769851202893,12.491169517452377,99.03012689927901,5.357233538088792
Burglary,delta_alignment_auc,1,Burglary076_x264,Burglary,12912,2710,0.6242148876190186,0.9609841108322144,0.6466238498687744,0.6182623505592346,49.871525082629766,18.930912727458452,0.9780318737030029,0.997644305229187,0.9904029965400696,0.9747456908226013,50.715292783196396,19.107860101957638,0.2794990837574005,-0.34471580386161804,0.7750213146209717,-0.18596279621124268,0.32440322637557983,-0.3222206234931946,0.26757103204727173,-0.3506913185119629,65.13642864325135,15.264903560621583,26.98409540171237,8.053182674253918,0.9831823706626892,0.005150496959686279,0.9867966771125793,-0.010847628116607666,0.9822630286216736,-0.008139967918395996,0.983426570892334,0.008680880069732666,12.569932384287574,-38.14536039890882,12.2826142363819,-6.825245865575738
Burglary,delta_alignment_auc,2,Burglary032_x264,Burglary,15792,2400,0.9388415217399597,0.9983882904052734,0.9795198440551758,0.9315515160560608,76.31700517722024,30.64313891182166,0.9984009861946106,0.9996887445449829,0.9989928007125854,0.9982949495315552,75.47361608920748,27.929841785555613,0.8414585590362549,-0.09738296270370483,0.9996262788772583,0.0012379884719848633,0.8638098239898682,-0.11571002006530762,0.8374529480934143,-0.09409856796264648,58.67064914376743,-17.64635603345281,18.92275457656936,-11.720384335252298,0.9733723402023315,-0.025028645992279053,0.9914128184318542,-0.008275926113128662,0.9711140990257263,-0.02787870168685913,0.9737770557403564,-0.02451789379119873,41.164078056551176,-34.309538032656306,12.244101668088478,-15.685740117467136
Burglary,delta_alignment_auc,3,Burglary018_x264,Burglary,1120,330,0.9775689244270325,0.9986891150474548,0.99517822265625,0.9702132940292358,57.86191024165708,31.479371430385296,0.9956235885620117,0.9968234896659851,0.9961881041526794,0.9953876733779907,48.680475642500966,27.689003435399574,0.965977668762207,-0.01159125566482544,0.9973575472831726,-0.0013315677642822266,0.9870367646217346,-0.00814145803451538,0.9571809768676758,-0.013032317161560059,35.681626390487146,-22.180283851169932,23.68725889428828,-7.792112536097015,0.9889624714851379,-0.006661117076873779,0.9920468330383301,-0.004776656627655029,0.9873661994934082,-0.00882190465927124,0.9896291494369507,-0.005758523941040039,18.43574990410433,-30.244725738396635,19.647927139994508,-8.041076295405066
Burglary,delta_alignment_auc,4,Burglary017_x264,Burglary,2112,450,0.7980459332466125,0.991346538066864,0.8951343894004822,0.771758496761322,73.40205909881,31.78731746598257,0.9940235018730164,0.9982763528823853,0.9960899353027344,0.993463933467865,85.80157775103623,52.07764934905914,0.6744840145111084,-0.12356191873550415,0.9958071708679199,0.004460632801055908,0.765814483165741,-0.1293199062347412,0.649755597114563,-0.12200289964675903,67.62160716673351,-5.780451932076488,28.121176410645383,-3.6661410553371887,0.9691097736358643,-0.0249137282371521,0.9880461096763611,-0.01023024320602417,0.9709864854812622,-0.025103449821472168,0.9686017036437988,-0.024862229824066162,59.00441235459286,-26.797165396443376,23.15190580544425,-28.925743543614892
Burglary,delta_alignment_auc,5,Burglary061_x264,Burglary,8976,1500,0.8679232001304626,0.9945023059844971,0.9382994771003723,0.8538027405738831,87.18380595683968,80.5390952942049,0.9933741688728333,0.9973965883255005,0.995332658290863,0.9929812550544739,91.79461387551274,76.61520342424704,0.7035201787948608,-0.1644030213356018,0.9634323120117188,-0.03106999397277832,0.8509608507156372,-0.08733862638473511,0.6739373207092285,-0.17986541986465454,89.17959693240591,1.995790975566237,81.87880472784641,1.3397094336415165,0.9759491086006165,-0.017425060272216797,0.9857558012008667,-0.011640787124633789,0.979354739189148,-0.015977919101715088,0.9752658009529114,-0.0177154541015625,78.55002675227394,-13.244587123238801,62.52851360889432,-14.08668981535272
Burglary,delta_classifier_positive_mean,1,Burglary024_x264,Burglary,3600,1170,0.8551924228668213,0.9362043142318726,0.8117175102233887,0.8761248588562012,22.45147901938025,22.387743444992562,0.9900637865066528,0.9948983192443848,0.985953688621521,0.9920427203178406,2.444022369948295,18.8487199808797,0.45407241582870483,-0.40112000703811646,0.7543134689331055,-0.1818908452987671,0.4767620861530304,-0.3349554240703583,0.44314777851104736,-0.4329770803451538,53.9731279237452,31.52164890436495,48.72215846989255,26.334415024899986,0.968718409538269,-0.02134537696838379,0.9709102511405945,-0.023988068103790283,0.9670428037643433,-0.018910884857177734,0.9695252180099487,-0.022517502307891846,5.032745946326192,2.588723576377897,19.018643996909088,0.16992401602938756
Burglary,delta_classifier_positive_mean,2,Burglary076_x264,Burglary,12912,2710,0.6242148876190186,0.9609841108322144,0.6466238498687744,0.6182623505592346,49.871525082629766,18.930912727458452,0.9780318737030029,0.997644305229187,0.9904029965400696,0.9747456908226013,50.715292783196396,19.107860101957638,0.2794990837574005,-0.34471580386161804,0.7750213146209717,-0.18596279621124268,0.32440322637557983,-0.3222206234931946,0.26757103204727173,-0.3506913185119629,65.13642864325135,15.264903560621583,26.98409540171237,8.053182674253918,0.9831823706626892,0.005150496959686279,0.9867966771125793,-0.010847628116607666,0.9822630286216736,-0.008139967918395996,0.983426570892334,0.008680880069732666,12.569932384287574,-38.14536039890882,12.2826142363819,-6.825245865575738
Burglary,delta_classifier_positive_mean,3,Burglary017_x264,Burglary,2112,450,0.7980459332466125,0.991346538066864,0.8951343894004822,0.771758496761322,73.40205909881,31.78731746598257,0.9940235018730164,0.9982763528823853,0.9960899353027344,0.993463933467865,85.80157775103623,52.07764934905914,0.6744840145111084,-0.12356191873550415,0.9958071708679199,0.004460632801055908,0.765814483165741,-0.1293199062347412,0.649755597114563,-0.12200289964675903,67.62160716673351,-5.780451932076488,28.121176410645383,-3.6661410553371887,0.9691097736358643,-0.0249137282371521,0.9880461096763611,-0.01023024320602417,0.9709864854812622,-0.025103449821472168,0.9686017036437988,-0.024862229824066162,59.00441235459286,-26.797165396443376,23.15190580544425,-28.925743543614892
Burglary,delta_classifier_positive_mean,4,Burglary032_x264,Burglary,15792,2400,0.9388415217399597,0.9983882904052734,0.9795198440551758,0.9315515160560608,76.31700517722024,30.64313891182166,0.9984009861946106,0.9996887445449829,0.9989928007125854,0.9982949495315552,75.47361608920748,27.929841785555613,0.8414585590362549,-0.09738296270370483,0.9996262788772583,0.0012379884719848633,0.8638098239898682,-0.11571002006530762,0.8374529480934143,-0.09409856796264648,58.67064914376743,-17.64635603345281,18.92275457656936,-11.720384335252298,0.9733723402023315,-0.025028645992279053,0.9914128184318542,-0.008275926113128662,0.9711140990257263,-0.02787870168685913,0.9737770557403564,-0.02451789379119873,41.164078056551176,-34.309538032656306,12.244101668088478,-15.685740117467136
Burglary,delta_classifier_positive_mean,5,Burglary061_x264,Burglary,8976,1500,0.8679232001304626,0.9945023059844971,0.9382994771003723,0.8538027405738831,87.18380595683968,80.5390952942049,0.9933741688728333,0.9973965883255005,0.995332658290863,0.9929812550544739,91.79461387551274,76.61520342424704,0.7035201787948608,-0.1644030213356018,0.9634323120117188,-0.03106999397277832,0.8509608507156372,-0.08733862638473511,0.6739373207092285,-0.17986541986465454,89.17959693240591,1.995790975566237,81.87880472784641,1.3397094336415165,0.9759491086006165,-0.017425060272216797,0.9857558012008667,-0.011640787124633789,0.979354739189148,-0.015977919101715088,0.9752658009529114,-0.0177154541015625,78.55002675227394,-13.244587123238801,62.52851360889432,-14.08668981535272
Burglary,delta_alignment_positive_mean,1,Burglary032_x264,Burglary,15792,2400,0.9388415217399597,0.9983882904052734,0.9795198440551758,0.9315515160560608,76.31700517722024,30.64313891182166,0.9984009861946106,0.9996887445449829,0.9989928007125854,0.9982949495315552,75.47361608920748,27.929841785555613,0.8414585590362549,-0.09738296270370483,0.9996262788772583,0.0012379884719848633,0.8638098239898682,-0.11571002006530762,0.8374529480934143,-0.09409856796264648,58.67064914376743,-17.64635603345281,18.92275457656936,-11.720384335252298,0.9733723402023315,-0.025028645992279053,0.9914128184318542,-0.008275926113128662,0.9711140990257263,-0.02787870168685913,0.9737770557403564,-0.02451789379119873,41.164078056551176,-34.309538032656306,12.244101668088478,-15.685740117467136
Burglary,delta_alignment_positive_mean,2,Burglary017_x264,Burglary,2112,450,0.7980459332466125,0.991346538066864,0.8951343894004822,0.771758496761322,73.40205909881,31.78731746598257,0.9940235018730164,0.9982763528823853,0.9960899353027344,0.993463933467865,85.80157775103623,52.07764934905914,0.6744840145111084,-0.12356191873550415,0.9958071708679199,0.004460632801055908,0.765814483165741,-0.1293199062347412,0.649755597114563,-0.12200289964675903,67.62160716673351,-5.780451932076488,28.121176410645383,-3.6661410553371887,0.9691097736358643,-0.0249137282371521,0.9880461096763611,-0.01023024320602417,0.9709864854812622,-0.025103449821472168,0.9686017036437988,-0.024862229824066162,59.00441235459286,-26.797165396443376,23.15190580544425,-28.925743543614892
Burglary,delta_alignment_positive_mean,3,Burglary024_x264,Burglary,3600,1170,0.8551924228668213,0.9362043142318726,0.8117175102233887,0.8761248588562012,22.45147901938025,22.387743444992562,0.9900637865066528,0.9948983192443848,0.985953688621521,0.9920427203178406,2.444022369948295,18.8487199808797,0.45407241582870483,-0.40112000703811646,0.7543134689331055,-0.1818908452987671,0.4767620861530304,-0.3349554240703583,0.44314777851104736,-0.4329770803451538,53.9731279237452,31.52164890436495,48.72215846989255,26.334415024899986,0.968718409538269,-0.02134537696838379,0.9709102511405945,-0.023988068103790283,0.9670428037643433,-0.018910884857177734,0.9695252180099487,-0.022517502307891846,5.032745946326192,2.588723576377897,19.018643996909088,0.16992401602938756
Burglary,delta_alignment_positive_mean,4,Burglary061_x264,Burglary,8976,1500,0.8679232001304626,0.9945023059844971,0.9382994771003723,0.8538027405738831,87.18380595683968,80.5390952942049,0.9933741688728333,0.9973965883255005,0.995332658290863,0.9929812550544739,91.79461387551274,76.61520342424704,0.7035201787948608,-0.1644030213356018,0.9634323120117188,-0.03106999397277832,0.8509608507156372,-0.08733862638473511,0.6739373207092285,-0.17986541986465454,89.17959693240591,1.995790975566237,81.87880472784641,1.3397094336415165,0.9759491086006165,-0.017425060272216797,0.9857558012008667,-0.011640787124633789,0.979354739189148,-0.015977919101715088,0.9752658009529114,-0.0177154541015625,78.55002675227394,-13.244587123238801,62.52851360889432,-14.08668981535272
Burglary,delta_alignment_positive_mean,5,Burglary033_x264,Burglary,1248,270,0.9137561321258545,0.9999761581420898,0.9999242424964905,0.8899674415588379,99.93410588502613,99.70315904139431,0.9904362559318542,0.9995739459991455,0.9992727637290955,0.9879968166351318,93.86275846398546,64.75922455024622,0.9145030379295349,0.0007469058036804199,0.9992166757583618,-0.0007594823837280273,0.9983987212181091,-0.0015255212783813477,0.8913416862487793,0.0013742446899414062,99.97046125880482,0.03635537377869014,99.82570806100216,0.12254901960784537,0.9868813753128052,-0.0035548806190490723,0.9907805323600769,-0.008793413639068604,0.9897980690002441,-0.009474694728851318,0.9860761165618896,-0.0019207000732421875,91.93592365371507,-1.9268348102703925,76.17580333112697,11.416578780880755
Explosion,delta_classifier_auc,1,Explosion007_x264,Explosion,16288,690,0.9774187207221985,0.9999226331710815,0.9927476048469543,0.9767406582832336,56.64983061745188,4.525786014732006,0.9960662126541138,0.9999722242355347,0.9994826912879944,0.9959150552749634,64.3820742532952,5.737626892805835,0.9737778902053833,-0.0036408305168151855,0.9998432397842407,-7.939338684082031e-05,0.8805489540100098,-0.11219865083694458,0.9779019951820374,0.001161336898803711,15.155993614937627,-41.493837002514255,2.3907926420460073,-2.1349933726859986,0.9947811961174011,-0.0012850165367126465,0.9983932375907898,-0.001578986644744873,0.9925196766853333,-0.006963014602661133,0.994881272315979,-0.001033782958984375,29.42671951625162,-34.95535473704358,2.8902274533123316,-2.8473994394935036
Explosion,delta_classifier_auc,2,Explosion029_x264,Explosion,2400,190,0.9535583257675171,0.9955360889434814,0.9707807898521423,0.9520777463912964,64.87211240771612,10.871317032070875,0.9952470064163208,0.9981523752212524,0.9980370998382568,0.9950070381164551,99.34889259347464,91.865447418079,0.9265956878662109,-0.026962637901306152,0.9862348437309265,-0.009301245212554932,0.9081535935401917,-0.06262719631195068,0.9281812310218811,-0.023896515369415283,33.679923791378904,-31.192188616337212,6.155003114806309,-4.716313917264566,0.9950124025344849,-0.0002346038818359375,0.9972327351570129,-0.000919640064239502,0.996027410030365,-0.0020096898078918457,0.9949250817298889,-8.195638656616211e-05,85.4331983805668,-13.915694212907852,22.226385923143297,-69.6390614949357
Explosion,delta_classifier_auc,3,Explosion039_x264,Explosion,992,90,0.9581896066665649,0.9994409680366516,0.957200288772583,0.9582883715629578,35.59251047055925,7.850786268663898,0.9925411343574524,0.999336838722229,0.9944822788238525,0.9923473000526428,39.219019462921906,8.262708142396663,0.8849155902862549,-0.07327401638031006,0.9963020086288452,-0.0031389594078063965,0.7112988829612732,-0.24590140581130981,0.9022387266159058,-0.056049644947052,13.202759300320277,-22.38975117023897,5.935934193151693,-1.9148520755122043,0.9745422005653381,-0.017998933792114258,0.9910166263580322,-0.008320212364196777,0.9681580662727356,-0.026324212551116943,0.9751791954040527,-0.017168104648590088,29.24611973392461,-9.972899728997298,7.067541579927039,-1.1951665624696242
Explosion,delta_classifier_auc,4,Explosion028_x264,Explosion,1696,420,0.8404602408409119,0.9988874793052673,0.9396986365318298,0.807795524597168,34.899238692342145,19.29539620200448,0.9424685835838318,0.9986956119537354,0.9776875972747803,0.9308761358261108,22.873563218390807,17.145166134662936,0.6725648641586304,-0.1678953766822815,0.9946953654289246,-0.0041921138763427734,0.5108209252357483,-0.42887771129608154,0.7258034944534302,-0.08199203014373779,21.942080907598154,-12.957157784743991,17.112525062166924,-2.1828711398375553,0.978622555732727,0.036153972148895264,0.99263596534729,-0.0060596466064453125,0.9755139946937561,-0.00217360258102417,0.979645848274231,0.04876971244812012,22.168980444842518,-0.7045827735482888,17.117110708686067,-0.02805542597686994
Explosion,delta_classifier_auc,5,Explosion036_x264,Explosion,5312,120,0.9990744590759277,0.9999945163726807,0.9997060298919678,0.9990599155426025,23.045711350796097,1.6229619927456127,0.999206006526947,0.9999295473098755,0.9997339844703674,0.9991938471794128,76.93888032871084,5.118190056697529,0.9986250400543213,-0.0004494190216064453,0.99996018409729,-3.4332275390625e-05,0.9994067549705505,-0.00029927492141723633,0.9986069798469543,-0.00045293569564819336,12.357473035439135,-10.688238315356962,1.4465959877470422,-0.17636600499857047,0.995955765247345,-0.0032502412796020508,0.9982479214668274,-0.0016816258430480957,0.997519850730896,-0.0022141337394714355,0.9959196448326111,-0.003274202346801758,80.87827426810476,3.9393939393939235,5.947854241869832,0.8296641851723034
Explosion,delta_alignment_auc,1,Explosion025_x264,Explosion,496,160,0.001150451134890318,0.009439682587981224,0.0009470013901591301,0.0012473318492993712,66.30952380952381,40.297428266178265,0.014958448708057404,0.025424182415008545,0.02144240215420723,0.011870852671563625,99.52380952380952,98.96474358974359,0.001182946958579123,3.24958236888051e-05,0.008217302151024342,-0.0012223804369568825,0.0009362705750390887,-1.073081512004137e-05,0.0013004119973629713,5.308014806360006e-05,63.45238095238095,-2.857142857142861,38.343332729362146,-1.9540955368161192,0.9845030307769775,0.9695445820689201,0.9861647486686707,0.9607405662536621,0.9833341836929321,0.9618917815387249,0.9850596189498901,0.9731887662783265,0.35714285714285726,-99.16666666666666,19.73078501045203,-79.23395857929157
Explosion,delta_alignment_auc,2,Explosion022_x264,Explosion,3584,190,0.11346597969532013,0.99854576587677,0.9924660921096802,0.06425854563713074,99.98790435133206,99.65334008097166,0.24750439822673798,0.9951902031898499,0.9841138124465942,0.20626814663410187,99.9184319077009,98.53127136021872,0.0923864096403122,-0.021079570055007935,0.9927955269813538,-0.00575023889541626,0.9772573113441467,-0.015208780765533447,0.04285033047199249,-0.021408215165138245,99.91346959029867,-0.07443476103338753,98.49128941234204,-1.1620506686296181,0.9851298928260803,0.7376254945993423,0.9910568594932556,-0.004133343696594238,0.9876049757003784,0.0034911632537841797,0.9849913120269775,0.7787231653928757,37.26421238718482,-62.65421952051609,4.523372923692293,-94.00789843652643
Explosion,delta_alignment_auc,3,Explosion033_x264,Explosion,3152,1982,0.7355179190635681,0.9996402263641357,0.98082435131073,0.31996458768844604,98.44420295479833,99.09836102261956,0.9019203782081604,0.9998772144317627,0.9932818412780762,0.7471523284912109,93.9842341759597,93.73873989008435,0.6291096210479736,-0.10640829801559448,0.9980606436729431,-0.001579582691192627,0.8528397679328918,-0.12798458337783813,0.25010696053504944,-0.0698576271533966,92.51597712748065,-5.928225827317675,93.82018794449377,-5.278173078125789,0.9855879545211792,0.0836675763130188,0.996873140335083,-0.0030040740966796875,0.9856089949607849,-0.00767284631729126,0.9855523109436035,0.23839998245239258,45.54555098450154,-48.43868319145816,66.58032857755619,-27.15841131252816
Explosion,delta_alignment_auc,4,Explosion011_x264,Explosion,1568,150,0.12501445412635803,0.6799665689468384,0.08717291057109833,0.1290174424648285,66.5867418899859,13.802216723420882,0.1502983570098877,0.6938276290893555,0.12983325123786926,0.15246321260929108,69.77621062529384,14.940343851821854,0.14977209270000458,0.024757638573646545,0.8116601705551147,0.13169360160827637,0.09192992001771927,0.004757009446620941,0.1558908224105835,0.026873379945755005,70.06958157028677,3.48283968030087,15.17051047097887,1.3682937475579884,0.9794766306877136,0.8291782736778259,0.9890618324279785,0.29523420333862305,0.974799394607544,0.8449661433696747,0.9799713492393494,0.8275081366300583,25.78561354019746,-43.99059708509638,6.976015206713557,-7.9643286451082975
Explosion,delta_alignment_auc,5,Explosion007_x264,Explosion,16288,690,0.9774187207221985,0.9999226331710815,0.9927476048469543,0.9767406582832336,56.64983061745188,4.525786014732006,0.9960662126541138,0.9999722242355347,0.9994826912879944,0.9959150552749634,64.3820742532952,5.737626892805835,0.9737778902053833,-0.0036408305168151855,0.9998432397842407,-7.939338684082031e-05,0.8805489540100098,-0.11219865083694458,0.9779019951820374,0.001161336898803711,15.155993614937627,-41.493837002514255,2.3907926420460073,-2.1349933726859986,0.9947811961174011,-0.0012850165367126465,0.9983932375907898,-0.001578986644744873,0.9925196766853333,-0.006963014602661133,0.994881272315979,-0.001033782958984375,29.42671951625162,-34.95535473704358,2.8902274533123316,-2.8473994394935036
Explosion,delta_classifier_positive_mean,1,Explosion028_x264,Explosion,1696,420,0.8404602408409119,0.9988874793052673,0.9396986365318298,0.807795524597168,34.899238692342145,19.29539620200448,0.9424685835838318,0.9986956119537354,0.9776875972747803,0.9308761358261108,22.873563218390807,17.145166134662936,0.6725648641586304,-0.1678953766822815,0.9946953654289246,-0.0041921138763427734,0.5108209252357483,-0.42887771129608154,0.7258034944534302,-0.08199203014373779,21.942080907598154,-12.957157784743991,17.112525062166924,-2.1828711398375553,0.978622555732727,0.036153972148895264,0.99263596534729,-0.0060596466064453125,0.9755139946937561,-0.00217360258102417,0.979645848274231,0.04876971244812012,22.168980444842518,-0.7045827735482888,17.117110708686067,-0.02805542597686994
Explosion,delta_classifier_positive_mean,2,Explosion016_x264,Explosion,960,270,0.5266688466072083,0.9549422264099121,0.42185279726982117,0.5676839351654053,39.03274288781535,23.32750355269849,0.6205200552940369,0.9301756024360657,0.5782278776168823,0.6370692849159241,36.12989801395599,22.628724976016677,0.02757914550602436,-0.4990897011011839,0.06218072026968002,-0.8927615061402321,0.014547405764460564,-0.4073053915053606,0.032678522169589996,-0.5350054129958153,34.63553408480944,-4.39720880300591,22.048636017875857,-1.2788675348226342,0.974418044090271,0.35389798879623413,0.9821556806564331,0.05198007822036743,0.9754343628883362,0.39720648527145386,0.9740204215049744,0.3369511365890503,59.23242082662372,23.102522812667736,30.65201382144319,8.023288845426514
Explosion,delta_classifier_positive_mean,3,Explosion010_x264,Explosion,2496,795,0.7032913565635681,0.9755982160568237,0.7785751819610596,0.6681057214736938,47.02135998432295,28.147962241911983,0.9427421689033508,0.9989928007125854,0.9923860430717468,0.9195398092269897,42.80926129283921,26.93747686989986,0.4254411458969116,-0.2778502106666565,0.8359452486038208,-0.13965296745300293,0.42286479473114014,-0.35571038722991943,0.42664527893066406,-0.24146044254302979,50.52710392333033,3.505743939007381,29.621171586866556,1.4732093449545722,0.9712448120117188,0.02850264310836792,0.9808992743492126,-0.018093526363372803,0.9718988537788391,-0.020487189292907715,0.9709392189979553,0.051399409770965576,62.82856181528439,20.019300522445178,43.12015224943942,16.18267537953956
Explosion,delta_classifier_positive_mean,4,Explosion039_x264,Explosion,992,90,0.9581896066665649,0.9994409680366516,0.957200288772583,0.9582883715629578,35.59251047055925,7.850786268663898,0.9925411343574524,0.999336838722229,0.9944822788238525,0.9923473000526428,39.219019462921906,8.262708142396663,0.8849155902862549,-0.07327401638031006,0.9963020086288452,-0.0031389594078063965,0.7112988829612732,-0.24590140581130981,0.9022387266159058,-0.056049644947052,13.202759300320277,-22.38975117023897,5.935934193151693,-1.9148520755122043,0.9745422005653381,-0.017998933792114258,0.9910166263580322,-0.008320212364196777,0.9681580662727356,-0.026324212551116943,0.9751791954040527,-0.017168104648590088,29.24611973392461,-9.972899728997298,7.067541579927039,-1.1951665624696242
Explosion,delta_classifier_positive_mean,5,Explosion033_x264,Explosion,3152,1982,0.7355179190635681,0.9996402263641357,0.98082435131073,0.31996458768844604,98.44420295479833,99.09836102261956,0.9019203782081604,0.9998772144317627,0.9932818412780762,0.7471523284912109,93.9842341759597,93.73873989008435,0.6291096210479736,-0.10640829801559448,0.9980606436729431,-0.001579582691192627,0.8528397679328918,-0.12798458337783813,0.25010696053504944,-0.0698576271533966,92.51597712748065,-5.928225827317675,93.82018794449377,-5.278173078125789,0.9855879545211792,0.0836675763130188,0.996873140335083,-0.0030040740966796875,0.9856089949607849,-0.00767284631729126,0.9855523109436035,0.23839998245239258,45.54555098450154,-48.43868319145816,66.58032857755619,-27.15841131252816
Explosion,delta_alignment_positive_mean,1,Explosion035_x264,Explosion,2864,100,0.8181776404380798,0.99608314037323,0.7730225920677185,0.8198113441467285,24.784370477568736,2.6044357353967054,0.9882277250289917,0.9996622800827026,0.9875171184539795,0.9882535338401794,18.67149059334298,2.434556554624819,0.789688766002655,-0.028488874435424805,0.9989482760429382,0.002865135669708252,0.8202386498451233,0.047216057777404785,0.788583517074585,-0.031227827072143555,31.77713458755427,6.992764109985533,2.8062874905616555,0.20185175516495013,0.957211971282959,-0.031015753746032715,0.9900439381599426,-0.00961834192276001,0.9543788433074951,-0.033138275146484375,0.9573144316673279,-0.030939102172851562,39.22141823444284,20.549927641099856,3.099414685241033,0.664858130616214
Explosion,delta_alignment_positive_mean,2,Explosion039_x264,Explosion,992,90,0.9581896066665649,0.9994409680366516,0.957200288772583,0.9582883715629578,35.59251047055925,7.850786268663898,0.9925411343574524,0.999336838722229,0.9944822788238525,0.9923473000526428,39.219019462921906,8.262708142396663,0.8849155902862549,-0.07327401638031006,0.9963020086288452,-0.0031389594078063965,0.7112988829612732,-0.24590140581130981,0.9022387266159058,-0.056049644947052,13.202759300320277,-22.38975117023897,5.935934193151693,-1.9148520755122043,0.9745422005653381,-0.017998933792114258,0.9910166263580322,-0.008320212364196777,0.9681580662727356,-0.026324212551116943,0.9751791954040527,-0.017168104648590088,29.24611973392461,-9.972899728997298,7.067541579927039,-1.1951665624696242
Explosion,delta_alignment_positive_mean,3,Explosion010_x264,Explosion,2496,795,0.7032913565635681,0.9755982160568237,0.7785751819610596,0.6681057214736938,47.02135998432295,28.147962241911983,0.9427421689033508,0.9989928007125854,0.9923860430717468,0.9195398092269897,42.80926129283921,26.93747686989986,0.4254411458969116,-0.2778502106666565,0.8359452486038208,-0.13965296745300293,0.42286479473114014,-0.35571038722991943,0.42664527893066406,-0.24146044254302979,50.52710392333033,3.505743939007381,29.621171586866556,1.4732093449545722,0.9712448120117188,0.02850264310836792,0.9808992743492126,-0.018093526363372803,0.9718988537788391,-0.020487189292907715,0.9709392189979553,0.051399409770965576,62.82856181528439,20.019300522445178,43.12015224943942,16.18267537953956
Explosion,delta_alignment_positive_mean,4,Explosion017_x264,Explosion,1632,450,0.7852763533592224,0.9998602867126465,0.9979177117347717,0.7043216228485107,98.14438804286519,96.37931830099852,0.9634385108947754,0.9992538690567017,0.9978712201118469,0.9503295421600342,97.71122391426961,95.56106981023541,0.9910920858383179,0.20581573247909546,0.9999663829803467,0.00010609626770019531,0.9998610019683838,0.0019432902336120605,0.9877535104751587,0.28343188762664795,98.19251739048693,0.048129347621738816,96.29416588322962,-0.08515241776889582,0.9704540371894836,0.007015526294708252,0.9898871779441833,-0.00936669111251831,0.9875144958496094,-0.010356724262237549,0.9639589190483093,0.013629376888275146,98.77006956194774,1.058845647678126,97.57883772274016,2.017767912504752
Explosion,delta_alignment_positive_mean,5,Explosion027_x264,Explosion,768,75,0.9326238632202148,0.9891167283058167,0.9210697412490845,0.933874249458313,23.87974987974988,7.411341815320241,0.9858519434928894,0.9917867183685303,0.9837878346443176,0.9860753417015076,26.003848003848002,7.831110418835752,0.8716654777526855,-0.0609583854675293,0.9608134031295776,-0.028303325176239014,0.913772702217102,-0.007297039031982422,0.8671083450317383,-0.06676590442657471,60.57431457431458,36.6945646945647,13.5046093769778,6.09326756165756,0.9730713963508606,-0.012780547142028809,0.9779337644577026,-0.013852953910827637,0.9753828048706055,-0.008405029773712158,0.9728212952613831,-0.013254046440124512,60.943722943722946,34.93987493987494,13.429417208253525,5.598306789417774
Fighting,delta_classifier_auc,1,Fighting003_x264,Fighting,3088,1268,0.9872317910194397,0.9998700618743896,0.9958733916282654,0.9812111854553223,62.84292994072174,63.62918269825446,0.9992665648460388,0.9998982548713684,0.9994403719902039,0.9991454482078552,66.46757028460499,64.33597124574729,0.9855390787124634,-0.0016927123069763184,0.9996947050094604,-0.00017535686492919922,0.9920754432678223,-0.0037979483604431152,0.9809850454330444,-0.00022614002227783203,59.62041113460671,-3.2225188061150263,62.736622268915575,-0.8925604293388858,0.9847690463066101,-0.014497518539428711,0.9925482273101807,-0.007350027561187744,0.9851130247116089,-0.01432734727859497,0.9845293760299683,-0.014616072177886963,54.55922626269629,-11.908344021908697,51.83025198999196,-12.50571925575533
Fighting,delta_classifier_auc,2,Fighting047_x264,Fighting,4448,1630,0.7970758080482483,0.9998224377632141,0.7414877414703369,0.8292292356491089,59.583614537569616,63.49653837011955,0.9417999982833862,0.9993445873260498,0.8897968530654907,0.9718798398971558,61.29182686237029,66.35695540417888,0.505190908908844,-0.2918848991394043,0.9771849513053894,-0.022637486457824707,0.557792603969574,-0.18369513750076294,0.47476479411125183,-0.35446444153785706,57.78483630647852,-1.7987782310910987,60.7005442851558,-2.795994084963752,0.9455392956733704,0.003739297389984131,0.9777502417564392,-0.021594345569610596,0.9572186470031738,0.0674217939376831,0.9387837648391724,-0.0330960750579834,89.10113338006767,27.809306517697372,83.2530351509868,16.896079746807928
Fighting,delta_classifier_auc,3,Fighting042_x264,Fighting,2224,910,0.9744382500648499,0.9998427629470825,0.99827641248703,0.9579294323921204,99.26823556960542,99.05989028381748,0.9965881705284119,0.9992939233779907,0.9985870122909546,0.995203971862793,96.25754762741063,94.5787647798097,0.9220630526542664,-0.052375197410583496,0.9994896650314331,-0.00035309791564941406,0.994144856929779,-0.0041315555572509766,0.8721433281898499,-0.08578610420227051,98.03184638801076,-1.2363891815946602,97.19434848913387,-1.8655417946836081,0.9857448935508728,-0.010843276977539062,0.9954923391342163,-0.003801584243774414,0.9931575059890747,-0.005429506301879883,0.980611264705658,-0.01459270715713501,96.70981986050478,0.4522722330941491,96.69983771970142,2.121072939891718
Fighting,delta_classifier_auc,4,Fighting033_x264,Fighting,1104,270,0.9892849922180176,0.9999953508377075,0.9999523162841797,0.985831618309021,88.92352784439116,78.21823642919273,0.9987578392028809,0.9999605417251587,0.9999231696128845,0.9983805418014526,82.61390887290169,49.059542326737024,0.9854622483253479,-0.0038227438926696777,0.9999605417251587,-3.4809112548828125e-05,0.9997357130050659,-0.00021660327911376953,0.9808412790298462,-0.004990339279174805,89.9324984456879,1.0089706012967383,83.2691999358666,5.050963506673867,0.9856642484664917,-0.01309359073638916,0.9919911623001099,-0.007969379425048828,0.9896852970123291,-0.01023787260055542,0.9843624234199524,-0.014018118381500244,75.5226929567457,-7.0912159161559885,37.6594928900436,-11.400049436693422
Fighting,delta_classifier_auc,5,Fighting018_x264,Fighting,1376,340,0.9669985175132751,0.9999903440475464,0.9979129433631897,0.9568527936935425,69.93186463774698,54.54344239512856,0.9951386451721191,0.999989926815033,0.9999691843986511,0.9935533404350281,88.89166477401773,83.35119740652506,0.9537805914878845,-0.013217926025390625,0.9999315738677979,-5.8770179748535156e-05,0.9948136210441589,-0.0030993223190307617,0.9403140544891357,-0.01653873920440674,71.28548716784012,1.3536225300931335,59.51983693702558,4.976394541897022,0.988187313079834,-0.006951332092285156,0.9970260262489319,-0.0029639005661010742,0.9967700839042664,-0.0031991004943847656,0.9853706359863281,-0.008182704448699951,98.430615489439,9.53895071542128,97.18734015345272,13.836142746927663
Fighting,delta_alignment_auc,1,Fighting003_x264,Fighting,3088,1268,0.9872317910194397,0.9998700618743896,0.9958733916282654,0.9812111854553223,62.84292994072174,63.62918269825446,0.9992665648460388,0.9998982548713684,0.9994403719902039,0.9991454482078552,66.46757028460499,64.33597124574729,0.9855390787124634,-0.0016927123069763184,0.9996947050094604,-0.00017535686492919922,0.9920754432678223,-0.0037979483604431152,0.9809850454330444,-0.00022614002227783203,59.62041113460671,-3.2225188061150263,62.736622268915575,-0.8925604293388858,0.9847690463066101,-0.014497518539428711,0.9925482273101807,-0.007350027561187744,0.9851130247116089,-0.01432734727859497,0.9845293760299683,-0.014616072177886963,54.55922626269629,-11.908344021908697,51.83025198999196,-12.50571925575533
Fighting,delta_alignment_auc,2,Fighting033_x264,Fighting,1104,270,0.9892849922180176,0.9999953508377075,0.9999523162841797,0.985831618309021,88.92352784439116,78.21823642919273,0.9987578392028809,0.9999605417251587,0.9999231696128845,0.9983805418014526,82.61390887290169,49.059542326737024,0.9854622483253479,-0.0038227438926696777,0.9999605417251587,-3.4809112548828125e-05,0.9997357130050659,-0.00021660327911376953,0.9808412790298462,-0.004990339279174805,89.9324984456879,1.0089706012967383,83.2691999358666,5.050963506673867,0.9856642484664917,-0.01309359073638916,0.9919911623001099,-0.007969379425048828,0.9896852970123291,-0.01023787260055542,0.9843624234199524,-0.014018118381500244,75.5226929567457,-7.0912159161559885,37.6594928900436,-11.400049436693422
Fighting,delta_alignment_auc,3,Fighting042_x264,Fighting,2224,910,0.9744382500648499,0.9998427629470825,0.99827641248703,0.9579294323921204,99.26823556960542,99.05989028381748,0.9965881705284119,0.9992939233779907,0.9985870122909546,0.995203971862793,96.25754762741063,94.5787647798097,0.9220630526542664,-0.052375197410583496,0.9994896650314331,-0.00035309791564941406,0.994144856929779,-0.0041315555572509766,0.8721433281898499,-0.08578610420227051,98.03184638801076,-1.2363891815946602,97.19434848913387,-1.8655417946836081,0.9857448935508728,-0.010843276977539062,0.9954923391342163,-0.003801584243774414,0.9931575059890747,-0.005429506301879883,0.980611264705658,-0.01459270715713501,96.70981986050478,0.4522722330941491,96.69983771970142,2.121072939891718
Fighting,delta_alignment_auc,4,Fighting018_x264,Fighting,1376,340,0.9669985175132751,0.9999903440475464,0.9979129433631897,0.9568527936935425,69.93186463774698,54.54344239512856,0.9951386451721191,0.999989926815033,0.9999691843986511,0.9935533404350281,88.89166477401773,83.35119740652506,0.9537805914878845,-0.013217926025390625,0.9999315738677979,-5.8770179748535156e-05,0.9948136210441589,-0.0030993223190307617,0.9403140544891357,-0.01653873920440674,71.28548716784012,1.3536225300931335,59.51983693702558,4.976394541897022,0.988187313079834,-0.006951332092285156,0.9970260262489319,-0.0029639005661010742,0.9967700839042664,-0.0031991004943847656,0.9853706359863281,-0.008182704448699951,98.430615489439,9.53895071542128,97.18734015345272,13.836142746927663
Fighting,delta_alignment_auc,5,Fighting047_x264,Fighting,4448,1630,0.7970758080482483,0.9998224377632141,0.7414877414703369,0.8292292356491089,59.583614537569616,63.49653837011955,0.9417999982833862,0.9993445873260498,0.8897968530654907,0.9718798398971558,61.29182686237029,66.35695540417888,0.505190908908844,-0.2918848991394043,0.9771849513053894,-0.022637486457824707,0.557792603969574,-0.18369513750076294,0.47476479411125183,-0.35446444153785706,57.78483630647852,-1.7987782310910987,60.7005442851558,-2.795994084963752,0.9455392956733704,0.003739297389984131,0.9777502417564392,-0.021594345569610596,0.9572186470031738,0.0674217939376831,0.9387837648391724,-0.0330960750579834,89.10113338006767,27.809306517697372,83.2530351509868,16.896079746807928
Fighting,delta_classifier_positive_mean,1,Fighting047_x264,Fighting,4448,1630,0.7970758080482483,0.9998224377632141,0.7414877414703369,0.8292292356491089,59.583614537569616,63.49653837011955,0.9417999982833862,0.9993445873260498,0.8897968530654907,0.9718798398971558,61.29182686237029,66.35695540417888,0.505190908908844,-0.2918848991394043,0.9771849513053894,-0.022637486457824707,0.557792603969574,-0.18369513750076294,0.47476479411125183,-0.35446444153785706,57.78483630647852,-1.7987782310910987,60.7005442851558,-2.795994084963752,0.9455392956733704,0.003739297389984131,0.9777502417564392,-0.021594345569610596,0.9572186470031738,0.0674217939376831,0.9387837648391724,-0.0330960750579834,89.10113338006767,27.809306517697372,83.2530351509868,16.896079746807928
Fighting,delta_classifier_positive_mean,2,Fighting042_x264,Fighting,2224,910,0.9744382500648499,0.9998427629470825,0.99827641248703,0.9579294323921204,99.26823556960542,99.05989028381748,0.9965881705284119,0.9992939233779907,0.9985870122909546,0.995203971862793,96.25754762741063,94.5787647798097,0.9220630526542664,-0.052375197410583496,0.9994896650314331,-0.00035309791564941406,0.994144856929779,-0.0041315555572509766,0.8721433281898499,-0.08578610420227051,98.03184638801076,-1.2363891815946602,97.19434848913387,-1.8655417946836081,0.9857448935508728,-0.010843276977539062,0.9954923391342163,-0.003801584243774414,0.9931575059890747,-0.005429506301879883,0.980611264705658,-0.01459270715713501,96.70981986050478,0.4522722330941491,96.69983771970142,2.121072939891718
Fighting,delta_classifier_positive_mean,3,Fighting003_x264,Fighting,3088,1268,0.9872317910194397,0.9998700618743896,0.9958733916282654,0.9812111854553223,62.84292994072174,63.62918269825446,0.9992665648460388,0.9998982548713684,0.9994403719902039,0.9991454482078552,66.46757028460499,64.33597124574729,0.9855390787124634,-0.0016927123069763184,0.9996947050094604,-0.00017535686492919922,0.9920754432678223,-0.0037979483604431152,0.9809850454330444,-0.00022614002227783203,59.62041113460671,-3.2225188061150263,62.736622268915575,-0.8925604293388858,0.9847690463066101,-0.014497518539428711,0.9925482273101807,-0.007350027561187744,0.9851130247116089,-0.01432734727859497,0.9845293760299683,-0.014616072177886963,54.55922626269629,-11.908344021908697,51.83025198999196,-12.50571925575533
Fighting,delta_classifier_positive_mean,4,Fighting018_x264,Fighting,1376,340,0.9669985175132751,0.9999903440475464,0.9979129433631897,0.9568527936935425,69.93186463774698,54.54344239512856,0.9951386451721191,0.999989926815033,0.9999691843986511,0.9935533404350281,88.89166477401773,83.35119740652506,0.9537805914878845,-0.013217926025390625,0.9999315738677979,-5.8770179748535156e-05,0.9948136210441589,-0.0030993223190307617,0.9403140544891357,-0.01653873920440674,71.28548716784012,1.3536225300931335,59.51983693702558,4.976394541897022,0.988187313079834,-0.006951332092285156,0.9970260262489319,-0.0029639005661010742,0.9967700839042664,-0.0031991004943847656,0.9853706359863281,-0.008182704448699951,98.430615489439,9.53895071542128,97.18734015345272,13.836142746927663
Fighting,delta_classifier_positive_mean,5,Fighting033_x264,Fighting,1104,270,0.9892849922180176,0.9999953508377075,0.9999523162841797,0.985831618309021,88.92352784439116,78.21823642919273,0.9987578392028809,0.9999605417251587,0.9999231696128845,0.9983805418014526,82.61390887290169,49.059542326737024,0.9854622483253479,-0.0038227438926696777,0.9999605417251587,-3.4809112548828125e-05,0.9997357130050659,-0.00021660327911376953,0.9808412790298462,-0.004990339279174805,89.9324984456879,1.0089706012967383,83.2691999358666,5.050963506673867,0.9856642484664917,-0.01309359073638916,0.9919911623001099,-0.007969379425048828,0.9896852970123291,-0.01023787260055542,0.9843624234199524,-0.014018118381500244,75.5226929567457,-7.0912159161559885,37.6594928900436,-11.400049436693422
Fighting,delta_alignment_positive_mean,1,Fighting003_x264,Fighting,3088,1268,0.9872317910194397,0.9998700618743896,0.9958733916282654,0.9812111854553223,62.84292994072174,63.62918269825446,0.9992665648460388,0.9998982548713684,0.9994403719902039,0.9991454482078552,66.46757028460499,64.33597124574729,0.9855390787124634,-0.0016927123069763184,0.9996947050094604,-0.00017535686492919922,0.9920754432678223,-0.0037979483604431152,0.9809850454330444,-0.00022614002227783203,59.62041113460671,-3.2225188061150263,62.736622268915575,-0.8925604293388858,0.9847690463066101,-0.014497518539428711,0.9925482273101807,-0.007350027561187744,0.9851130247116089,-0.01432734727859497,0.9845293760299683,-0.014616072177886963,54.55922626269629,-11.908344021908697,51.83025198999196,-12.50571925575533
Fighting,delta_alignment_positive_mean,2,Fighting033_x264,Fighting,1104,270,0.9892849922180176,0.9999953508377075,0.9999523162841797,0.985831618309021,88.92352784439116,78.21823642919273,0.9987578392028809,0.9999605417251587,0.9999231696128845,0.9983805418014526,82.61390887290169,49.059542326737024,0.9854622483253479,-0.0038227438926696777,0.9999605417251587,-3.4809112548828125e-05,0.9997357130050659,-0.00021660327911376953,0.9808412790298462,-0.004990339279174805,89.9324984456879,1.0089706012967383,83.2691999358666,5.050963506673867,0.9856642484664917,-0.01309359073638916,0.9919911623001099,-0.007969379425048828,0.9896852970123291,-0.01023787260055542,0.9843624234199524,-0.014018118381500244,75.5226929567457,-7.0912159161559885,37.6594928900436,-11.400049436693422
Fighting,delta_alignment_positive_mean,3,Fighting042_x264,Fighting,2224,910,0.9744382500648499,0.9998427629470825,0.99827641248703,0.9579294323921204,99.26823556960542,99.05989028381748,0.9965881705284119,0.9992939233779907,0.9985870122909546,0.995203971862793,96.25754762741063,94.5787647798097,0.9220630526542664,-0.052375197410583496,0.9994896650314331,-0.00035309791564941406,0.994144856929779,-0.0041315555572509766,0.8721433281898499,-0.08578610420227051,98.03184638801076,-1.2363891815946602,97.19434848913387,-1.8655417946836081,0.9857448935508728,-0.010843276977539062,0.9954923391342163,-0.003801584243774414,0.9931575059890747,-0.005429506301879883,0.980611264705658,-0.01459270715713501,96.70981986050478,0.4522722330941491,96.69983771970142,2.121072939891718
Fighting,delta_alignment_positive_mean,4,Fighting018_x264,Fighting,1376,340,0.9669985175132751,0.9999903440475464,0.9979129433631897,0.9568527936935425,69.93186463774698,54.54344239512856,0.9951386451721191,0.999989926815033,0.9999691843986511,0.9935533404350281,88.89166477401773,83.35119740652506,0.9537805914878845,-0.013217926025390625,0.9999315738677979,-5.8770179748535156e-05,0.9948136210441589,-0.0030993223190307617,0.9403140544891357,-0.01653873920440674,71.28548716784012,1.3536225300931335,59.51983693702558,4.976394541897022,0.988187313079834,-0.006951332092285156,0.9970260262489319,-0.0029639005661010742,0.9967700839042664,-0.0031991004943847656,0.9853706359863281,-0.008182704448699951,98.430615489439,9.53895071542128,97.18734015345272,13.836142746927663
Fighting,delta_alignment_positive_mean,5,Fighting047_x264,Fighting,4448,1630,0.7970758080482483,0.9998224377632141,0.7414877414703369,0.8292292356491089,59.583614537569616,63.49653837011955,0.9417999982833862,0.9993445873260498,0.8897968530654907,0.9718798398971558,61.29182686237029,66.35695540417888,0.505190908908844,-0.2918848991394043,0.9771849513053894,-0.022637486457824707,0.557792603969574,-0.18369513750076294,0.47476479411125183,-0.35446444153785706,57.78483630647852,-1.7987782310910987,60.7005442851558,-2.795994084963752,0.9455392956733704,0.003739297389984131,0.9777502417564392,-0.021594345569610596,0.9572186470031738,0.0674217939376831,0.9387837648391724,-0.0330960750579834,89.10113338006767,27.809306517697372,83.2530351509868,16.896079746807928
RoadAccidents,delta_classifier_auc,1,RoadAccidents021_x264,RoadAccidents,144,60,0.6819291710853577,0.7395853400230408,0.7276223301887512,0.6492911577224731,98.88888888888889,97.60416666666667,0.881031334400177,0.9436544179916382,0.9148710370063782,0.8568602800369263,63.96825396825396,51.45833333333334,0.9306566715240479,0.24872750043869019,0.9586370587348938,0.21905171871185303,0.9366557002067566,0.20903337001800537,0.926371157169342,0.2770799994468689,36.031746031746025,-62.85714285714286,38.30952380952381,-59.29464285714286,0.9926187992095947,0.11158746480941772,0.9931905269622803,0.04953610897064209,0.9927442669868469,0.07787322998046875,0.992529034614563,0.13566875457763672,57.61904761904761,-6.349206349206348,47.71527777777778,-3.7430555555555642
RoadAccidents,delta_classifier_auc,2,RoadAccidents011_x264,RoadAccidents,2144,40,0.25385889410972595,0.8780470490455627,0.19609491527080536,0.25495702028274536,45.057034220532316,2.198153409090909,0.20975500345230103,0.7893293499946594,0.28218793869018555,0.20837794244289398,79.73384030418251,5.697595588899937,0.4095427393913269,0.15568384528160095,0.9887435436248779,0.11069649457931519,0.17041409015655518,-0.025680825114250183,0.4140889048576355,0.15913188457489014,11.596958174904946,-33.46007604562737,1.4157801321310792,-0.7823732769598299,0.9863333702087402,0.7765783667564392,0.9930911660194397,0.20376181602478027,0.9887670278549194,0.7065790891647339,0.9862870573997498,0.7779091149568558,74.86692015209125,-4.866920152091254,4.739148239148239,-0.9584473497516974
RoadAccidents,delta_classifier_auc,3,RoadAccidents012_x264,RoadAccidents,464,140,0.2515156865119934,0.6008828282356262,0.28886398673057556,0.23537757992744446,75.96119929453262,45.95262723387724,0.14482852816581726,0.19423264265060425,0.16919776797294617,0.134298637509346,91.26984126984127,73.32522239665097,0.06470930576324463,-0.18680638074874878,0.1703401356935501,-0.4305426925420761,0.049232300370931625,-0.23963168635964394,0.07139689475297928,-0.16398068517446518,47.53086419753087,-28.430335097001752,29.277433510516214,-16.675193723361023,0.9609057903289795,0.8160772621631622,0.9639486074447632,0.7697159647941589,0.960358202457428,0.7911604344844818,0.9611422419548035,0.8268436044454575,23.544973544973548,-67.72486772486772,22.543924798960564,-50.78129759769041
RoadAccidents,delta_classifier_auc,4,RoadAccidents004_x264,RoadAccidents,384,49,0.19503384828567505,0.7156179547309875,0.06792813539505005,0.21362543106079102,34.64818763326226,12.203251601392436,0.13545723259449005,0.5910197496414185,0.0597001388669014,0.1465381383895874,41.76363082546452,13.570517492711371,0.023260727524757385,-0.17177312076091766,0.14629991352558136,-0.5693180412054062,0.003246935550123453,-0.0646811998449266,0.026188116520643234,-0.18743731454014778,16.810843740481268,-17.837343892780993,9.843071749785237,-2.3601798516071995,0.9730022549629211,0.8375450223684311,0.9768205285072327,0.3858007788658142,0.9731341004371643,0.9134339615702629,0.9729831218719482,0.8264449834823608,58.23636917453548,16.472738349070966,17.75825860647289,4.187741113761518
RoadAccidents,delta_classifier_auc,5,RoadAccidents133_x264,RoadAccidents,672,180,0.8995576500892639,0.9999926090240479,0.9998279213905334,0.8628734350204468,82.61065943992773,62.87763337179813,0.966171145439148,0.9997375011444092,0.9994440674781799,0.9539982080459595,80.96657633242998,67.61227871099152,0.841071367263794,-0.05848628282546997,0.9999743700027466,-1.823902130126953e-05,0.9996153116226196,-0.00021260976791381836,0.783067524433136,-0.07980591058731079,78.97922312556457,-3.6314363143631567,62.62677724851638,-0.2508561232817499,0.9868552684783936,0.020684123039245605,0.9967454075813293,-0.002992093563079834,0.9954185485839844,-0.004025518894195557,0.9837222695350647,0.029724061489105225,63.441734417344165,-17.524841915085815,32.6275573326298,-34.98472137836172
RoadAccidents,delta_alignment_auc,1,RoadAccidents132_x264,RoadAccidents,1856,100,0.12562952935695648,0.497145414352417,0.19069918990135193,0.12192394584417343,85.80865603644646,17.553621783161425,0.05336591973900795,0.31883853673934937,0.06220332160592079,0.05286264792084694,88.25056947608202,20.443380830593107,0.04587554931640625,-0.07975398004055023,0.13940007984638214,-0.35774533450603485,0.08014482259750366,-0.11055436730384827,0.0439239963889122,-0.07799994945526123,87.19362186788155,1.384965831435082,21.230316090248177,3.676694307086752,0.979509174823761,0.926143255084753,0.9814063906669617,0.6625678539276123,0.97724449634552,0.9150411747395992,0.9796381592750549,0.926775511354208,5.043280182232344,-83.20728929384967,3.2576727925719418,-17.185708038021165
RoadAccidents,delta_alignment_auc,2,RoadAccidents127_x264,RoadAccidents,2576,140,0.04902702942490578,0.4704607129096985,0.14968861639499664,0.04324187710881233,85.56181093126906,20.765222953476513,0.05918541178107262,0.39956390857696533,0.06790756434202194,0.05868413671851158,81.1705371803894,14.115404739350563,0.005363154225051403,-0.043663875199854374,0.05570545047521591,-0.4147552624344826,0.011368194594979286,-0.13832042180001736,0.005018036812543869,-0.03822384029626846,88.80835092657753,3.246539995308467,20.832584049036946,0.06736109556043246,0.9893818497657776,0.930196437984705,0.9909051060676575,0.5913411974906921,0.9861493706703186,0.9182418063282967,0.9895676970481873,0.9308835603296757,0.9828759089842822,-80.18766127140512,3.085563525249244,-11.02984121410132
RoadAccidents,delta_alignment_auc,3,RoadAccidents012_x264,RoadAccidents,464,140,0.2515156865119934,0.6008828282356262,0.28886398673057556,0.23537757992744446,75.96119929453262,45.95262723387724,0.14482852816581726,0.19423264265060425,0.16919776797294617,0.134298637509346,91.26984126984127,73.32522239665097,0.06470930576324463,-0.18680638074874878,0.1703401356935501,-0.4305426925420761,0.049232300370931625,-0.23963168635964394,0.07139689475297928,-0.16398068517446518,47.53086419753087,-28.430335097001752,29.277433510516214,-16.675193723361023,0.9609057903289795,0.8160772621631622,0.9639486074447632,0.7697159647941589,0.960358202457428,0.7911604344844818,0.9611422419548035,0.8268436044454575,23.544973544973548,-67.72486772486772,22.543924798960564,-50.78129759769041
RoadAccidents,delta_alignment_auc,4,RoadAccidents016_x264,RoadAccidents,2192,190,0.19329096376895905,0.8276540040969849,0.4597426950931549,0.16800332069396973,79.34328829065672,42.60026931875713,0.010253619402647018,0.048538804054260254,0.02547089196741581,0.008809422142803669,83.88611388611389,46.062039675631404,0.02010471187531948,-0.17318625189363956,0.31390494108200073,-0.5137490630149841,0.061999887228012085,-0.3977428078651428,0.016128642484545708,-0.15187467820942402,81.65676428834323,2.31347599768651,37.35591033815685,-5.244358980600275,0.9846227169036865,0.9743690975010395,0.9897514581680298,0.9412126541137695,0.9810903668403625,0.9556194748729467,0.9849578738212585,0.9761484516784549,20.631473789368528,-63.25464009674536,5.602174799987955,-40.45986487564345
RoadAccidents,delta_alignment_auc,5,RoadAccidents133_x264,RoadAccidents,672,180,0.8995576500892639,0.9999926090240479,0.9998279213905334,0.8628734350204468,82.61065943992773,62.87763337179813,0.966171145439148,0.9997375011444092,0.9994440674781799,0.9539982080459595,80.96657633242998,67.61227871099152,0.841071367263794,-0.05848628282546997,0.9999743700027466,-1.823902130126953e-05,0.9996153116226196,-0.00021260976791381836,0.783067524433136,-0.07980591058731079,78.97922312556457,-3.6314363143631567,62.62677724851638,-0.2508561232817499,0.9868552684783936,0.020684123039245605,0.9967454075813293,-0.002992093563079834,0.9954185485839844,-0.004025518894195557,0.9837222695350647,0.029724061489105225,63.441734417344165,-17.524841915085815,32.6275573326298,-34.98472137836172
RoadAccidents,delta_classifier_positive_mean,1,RoadAccidents002_x264,RoadAccidents,336,60,0.3034098744392395,0.9980212450027466,0.8929956555366516,0.17523904144763947,87.10144927536231,48.00000000000001,0.4440094530582428,0.9995854496955872,0.9641193151473999,0.3309420645236969,87.10144927536231,48.00000000000001,0.1560102254152298,-0.1473996490240097,0.9305277466773987,-0.0674934983253479,0.30644866824150085,-0.5865469872951508,0.12330622225999832,-0.051932819187641144,87.10144927536231,0.0,48.00000000000001,0.0,0.9657347798347473,0.5217253267765045,0.9913045167922974,-0.008280932903289795,0.9719635844230652,0.007844269275665283,0.96438068151474,0.6334386169910431,71.64251207729468,-15.45893719806763,37.58333333333333,-10.416666666666679
RoadAccidents,delta_classifier_positive_mean,2,RoadAccidents016_x264,RoadAccidents,2192,190,0.19329096376895905,0.8276540040969849,0.4597426950931549,0.16800332069396973,79.34328829065672,42.60026931875713,0.010253619402647018,0.048538804054260254,0.02547089196741581,0.008809422142803669,83.88611388611389,46.062039675631404,0.02010471187531948,-0.17318625189363956,0.31390494108200073,-0.5137490630149841,0.061999887228012085,-0.3977428078651428,0.016128642484545708,-0.15187467820942402,81.65676428834323,2.31347599768651,37.35591033815685,-5.244358980600275,0.9846227169036865,0.9743690975010395,0.9897514581680298,0.9412126541137695,0.9810903668403625,0.9556194748729467,0.9849578738212585,0.9761484516784549,20.631473789368528,-63.25464009674536,5.602174799987955,-40.45986487564345
RoadAccidents,delta_classifier_positive_mean,3,RoadAccidents012_x264,RoadAccidents,464,140,0.2515156865119934,0.6008828282356262,0.28886398673057556,0.23537757992744446,75.96119929453262,45.95262723387724,0.14482852816581726,0.19423264265060425,0.16919776797294617,0.134298637509346,91.26984126984127,73.32522239665097,0.06470930576324463,-0.18680638074874878,0.1703401356935501,-0.4305426925420761,0.049232300370931625,-0.23963168635964394,0.07139689475297928,-0.16398068517446518,47.53086419753087,-28.430335097001752,29.277433510516214,-16.675193723361023,0.9609057903289795,0.8160772621631622,0.9639486074447632,0.7697159647941589,0.960358202457428,0.7911604344844818,0.9611422419548035,0.8268436044454575,23.544973544973548,-67.72486772486772,22.543924798960564,-50.78129759769041
RoadAccidents,delta_classifier_positive_mean,4,RoadAccidents131_x264,RoadAccidents,1520,60,0.7509441375732422,0.9472881555557251,0.8707655668258667,0.7460200190544128,57.01369863013698,5.54958426271529,0.9875722527503967,0.9971773028373718,0.9931020140647888,0.9873450994491577,49.78082191780822,4.747937036266555,0.5189269781112671,-0.2320171594619751,0.8747344613075256,-0.07255369424819946,0.7202731370925903,-0.15049242973327637,0.5106525421142578,-0.23536747694015503,60.59360730593607,3.5799086757990892,6.024799856635543,0.4752155939202529,0.988972544670105,0.001400291919708252,0.9941282868385315,-0.003049015998840332,0.9915515780448914,-0.001550436019897461,0.9888666272163391,0.0015215277671813965,50.146118721461185,0.36529680365296713,4.698237058270811,-0.04969997799574433
RoadAccidents,delta_classifier_positive_mean,5,RoadAccidents127_x264,RoadAccidents,2576,140,0.04902702942490578,0.4704607129096985,0.14968861639499664,0.04324187710881233,85.56181093126906,20.765222953476513,0.05918541178107262,0.39956390857696533,0.06790756434202194,0.05868413671851158,81.1705371803894,14.115404739350563,0.005363154225051403,-0.043663875199854374,0.05570545047521591,-0.4147552624344826,0.011368194594979286,-0.13832042180001736,0.005018036812543869,-0.03822384029626846,88.80835092657753,3.246539995308467,20.832584049036946,0.06736109556043246,0.9893818497657776,0.930196437984705,0.9909051060676575,0.5913411974906921,0.9861493706703186,0.9182418063282967,0.9895676970481873,0.9308835603296757,0.9828759089842822,-80.18766127140512,3.085563525249244,-11.02984121410132
RoadAccidents,delta_alignment_positive_mean,1,RoadAccidents125_x264,RoadAccidents,1760,110,0.859211802482605,0.995455265045166,0.9882308840751648,0.8506106734275818,93.36308539944905,58.02207792207792,0.9921458959579468,0.9973435997962952,0.9964838027954102,0.9918566346168518,94.80881542699724,62.46517296517297,0.4368187189102173,-0.4223930835723877,0.9478947520256042,-0.04756051301956177,0.8605125546455383,-0.12771832942962646,0.4085725247859955,-0.4420381486415863,92.56969696969696,-0.7933884297520848,55.77227216342049,-2.2498057586574305,0.9829179048538208,-0.009227991104125977,0.9903082847595215,-0.007035315036773682,0.9888135194778442,-0.007670283317565918,0.9825249910354614,-0.00933164358139038,97.03030303030303,2.221487603305789,74.72134387351778,12.256170908344814
RoadAccidents,delta_alignment_positive_mean,2,RoadAccidents133_x264,RoadAccidents,672,180,0.8995576500892639,0.9999926090240479,0.9998279213905334,0.8628734350204468,82.61065943992773,62.87763337179813,0.966171145439148,0.9997375011444092,0.9994440674781799,0.9539982080459595,80.96657633242998,67.61227871099152,0.841071367263794,-0.05848628282546997,0.9999743700027466,-1.823902130126953e-05,0.9996153116226196,-0.00021260976791381836,0.783067524433136,-0.07980591058731079,78.97922312556457,-3.6314363143631567,62.62677724851638,-0.2508561232817499,0.9868552684783936,0.020684123039245605,0.9967454075813293,-0.002992093563079834,0.9954185485839844,-0.004025518894195557,0.9837222695350647,0.029724061489105225,63.441734417344165,-17.524841915085815,32.6275573326298,-34.98472137836172
RoadAccidents,delta_alignment_positive_mean,3,RoadAccidents128_x264,RoadAccidents,560,110,0.9743351340293884,0.9977400302886963,0.9835569858551025,0.9720808863639832,20.262626262626256,14.278540947036245,0.9966121315956116,0.9985485076904297,0.9960199594497681,0.9967568516731262,21.038383838383833,14.304639250646511,0.9680400490760803,-0.0062950849533081055,0.9966214895248413,-0.0011185407638549805,0.9797657132148743,-0.0037912726402282715,0.9651737213134766,-0.006907165050506592,22.589898989898987,2.3272727272727316,14.507984231024984,0.22944328398873992,0.9937846660614014,-0.002827465534210205,0.9960273504257202,-0.0025211572647094727,0.9930461645126343,-0.002973794937133789,0.9939652681350708,-0.00279158353805542,28.925252525252525,7.8868686868686915,15.62318462901467,1.3185453783681584
RoadAccidents,delta_alignment_positive_mean,4,RoadAccidents131_x264,RoadAccidents,1520,60,0.7509441375732422,0.9472881555557251,0.8707655668258667,0.7460200190544128,57.01369863013698,5.54958426271529,0.9875722527503967,0.9971773028373718,0.9931020140647888,0.9873450994491577,49.78082191780822,4.747937036266555,0.5189269781112671,-0.2320171594619751,0.8747344613075256,-0.07255369424819946,0.7202731370925903,-0.15049242973327637,0.5106525421142578,-0.23536747694015503,60.59360730593607,3.5799086757990892,6.024799856635543,0.4752155939202529,0.988972544670105,0.001400291919708252,0.9941282868385315,-0.003049015998840332,0.9915515780448914,-0.001550436019897461,0.9888666272163391,0.0015215277671813965,50.146118721461185,0.36529680365296713,4.698237058270811,-0.04969997799574433
RoadAccidents,delta_alignment_positive_mean,5,RoadAccidents020_x264,RoadAccidents,1760,120,0.8899043798446655,0.9997559189796448,0.9867387413978577,0.8828189969062805,65.3821138211382,10.098970213723577,0.9746208786964417,0.9963893890380859,0.9889376759529114,0.9735732674598694,76.14634146341463,13.787758099180515,0.9777506589889526,0.08784627914428711,0.9998317956924438,7.587671279907227e-05,0.9977648258209229,0.011026084423065186,0.9762862324714661,0.09346723556518555,75.04065040650406,9.658536585365852,13.27444841792668,3.1754782042031025,0.9766451120376587,0.002024233341217041,0.9911221861839294,-0.005267202854156494,0.987973153591156,-0.0009645223617553711,0.9758161306381226,0.002242863178253174,81.17073170731707,5.024390243902445,16.81968031968032,3.031922220499805
Robbery,delta_classifier_auc,1,Robbery050_x264,Robbery,1696,915,0.03775212913751602,0.1826968789100647,0.06292809545993805,0.00825660489499569,84.35808092469371,88.90832060042261,0.010178390890359879,0.01830953359603882,0.012926989234983921,0.006958199664950371,85.38800612917444,90.78960700872818,0.016712896525859833,-0.02103923261165619,0.12731599807739258,-0.05538088083267212,0.019778288900852203,-0.043149806559085846,0.013121559284627438,0.004864954389631748,72.99979709353988,-11.358283831153827,70.37457600967967,-18.53374459074294,0.9895602464675903,0.9793818555772305,0.9917864203453064,0.9734768867492676,0.9884433150291443,0.9755163257941604,0.9908686280250549,0.9839104283601046,4.626197323034082,-80.76180880614037,34.80259138853562,-55.987015620192565
Robbery,delta_classifier_auc,2,Robbery048_x264,Robbery,1408,480,0.948886513710022,0.9997454285621643,0.998911440372467,0.9230114221572876,97.35632183908046,94.86360457170268,0.9887657165527344,0.9979891180992126,0.9971846342086792,0.9844111204147339,95.45977011494251,90.48800856790666,0.9238905310630798,-0.02499598264694214,0.9997424483299255,-2.9802322387695312e-06,0.9987189173698425,-0.00019252300262451172,0.8851862549781799,-0.037825167179107666,91.22844827586206,-6.127873563218401,83.37523788617312,-11.488366685529556,0.9884183406829834,-0.00034737586975097656,0.99540776014328,-0.002581357955932617,0.9944686889648438,-0.0027159452438354492,0.9852887988090515,0.000877678394317627,89.12356321839081,-6.336206896551701,79.41885103759643,-11.069157530310235
Robbery,delta_classifier_auc,3,Robbery102_x264,Robbery,1824,480,0.9774832725524902,0.9999916553497314,0.9999755620956421,0.9694501161575317,99.92063492063492,99.76419366074538,0.9949145317077637,0.9995980262756348,0.9993635416030884,0.9933257102966309,99.5436507936508,98.58204991691777,0.9261505603790283,-0.051332712173461914,0.9998701810836792,-0.0001214742660522461,0.9995440244674683,-0.0004315376281738281,0.8999385833740234,-0.0695115327835083,99.80158730158729,-0.11904761904763461,99.45627173283107,-0.3079219279143075,0.9698217511177063,-0.025092780590057373,0.9889441728591919,-0.010653853416442871,0.9883063435554504,-0.01105719804763794,0.9632201194763184,-0.0301055908203125,99.94047619047619,0.39682539682539186,99.81154214559386,1.2294922286760936
Robbery,delta_classifier_auc,4,Robbery137_x264,Robbery,2192,1815,0.9521539807319641,0.9999629259109497,0.9934781789779663,0.7532063722610474,98.0335547420187,99.59512687255557,0.9777076840400696,0.9958757758140564,0.9887369871139526,0.9246096611022949,91.77156177156178,98.14970279826196,0.9420055747032166,-0.010148406028747559,0.9999973773956299,3.445148468017578e-05,0.9909781217575073,-0.0025000572204589844,0.7062364816665649,-0.04696989059448242,99.36405287502468,1.3304981330059888,99.8715315921454,0.27640471958983426,0.9813134670257568,0.003605782985687256,0.9924978017807007,-0.003377974033355713,0.9857868552207947,-0.002950131893157959,0.9597765207290649,0.03516685962677002,95.93609107715692,4.1645293055951385,99.15990966754597,1.0102068692840191
Robbery,delta_classifier_auc,5,Robbery106_x264,Robbery,1184,120,0.5343584418296814,0.9666337370872498,0.9536124467849731,0.48707419633865356,96.06516290726816,59.830687830687836,0.8468530774116516,0.971706748008728,0.9698381423950195,0.83298259973526,97.86967418546367,86.16849816849816,0.47722822427749634,-0.05713021755218506,0.9351795315742493,-0.03145420551300049,0.9240357875823975,-0.029576659202575684,0.42683637142181396,-0.0602378249168396,99.07268170426065,3.0075187969924855,92.38888888888887,32.558201058201035,0.9571360945701599,0.1102830171585083,0.9690536260604858,-0.0026531219482421875,0.9658737778663635,-0.003964364528656006,0.9561506509780884,0.12316805124282837,92.35588972431077,-5.513784461152895,47.583333333333336,-38.585164835164825
Robbery,delta_alignment_auc,1,Robbery050_x264,Robbery,1696,915,0.03775212913751602,0.1826968789100647,0.06292809545993805,0.00825660489499569,84.35808092469371,88.90832060042261,0.010178390890359879,0.01830953359603882,0.012926989234983921,0.006958199664950371,85.38800612917444,90.78960700872818,0.016712896525859833,-0.02103923261165619,0.12731599807739258,-0.05538088083267212,0.019778288900852203,-0.043149806559085846,0.013121559284627438,0.004864954389631748,72.99979709353988,-11.358283831153827,70.37457600967967,-18.53374459074294,0.9895602464675903,0.9793818555772305,0.9917864203453064,0.9734768867492676,0.9884433150291443,0.9755163257941604,0.9908686280250549,0.9839104283601046,4.626197323034082,-80.76180880614037,34.80259138853562,-55.987015620192565
Robbery,delta_alignment_auc,2,Robbery048_x264,Robbery,1408,480,0.948886513710022,0.9997454285621643,0.998911440372467,0.9230114221572876,97.35632183908046,94.86360457170268,0.9887657165527344,0.9979891180992126,0.9971846342086792,0.9844111204147339,95.45977011494251,90.48800856790666,0.9238905310630798,-0.02499598264694214,0.9997424483299255,-2.9802322387695312e-06,0.9987189173698425,-0.00019252300262451172,0.8851862549781799,-0.037825167179107666,91.22844827586206,-6.127873563218401,83.37523788617312,-11.488366685529556,0.9884183406829834,-0.00034737586975097656,0.99540776014328,-0.002581357955932617,0.9944686889648438,-0.0027159452438354492,0.9852887988090515,0.000877678394317627,89.12356321839081,-6.336206896551701,79.41885103759643,-11.069157530310235
Robbery,delta_alignment_auc,3,Robbery106_x264,Robbery,1184,120,0.5343584418296814,0.9666337370872498,0.9536124467849731,0.48707419633865356,96.06516290726816,59.830687830687836,0.8468530774116516,0.971706748008728,0.9698381423950195,0.83298259973526,97.86967418546367,86.16849816849816,0.47722822427749634,-0.05713021755218506,0.9351795315742493,-0.03145420551300049,0.9240357875823975,-0.029576659202575684,0.42683637142181396,-0.0602378249168396,99.07268170426065,3.0075187969924855,92.38888888888887,32.558201058201035,0.9571360945701599,0.1102830171585083,0.9690536260604858,-0.0026531219482421875,0.9658737778663635,-0.003964364528656006,0.9561506509780884,0.12316805124282837,92.35588972431077,-5.513784461152895,47.583333333333336,-38.585164835164825
Robbery,delta_alignment_auc,4,Robbery102_x264,Robbery,1824,480,0.9774832725524902,0.9999916553497314,0.9999755620956421,0.9694501161575317,99.92063492063492,99.76419366074538,0.9949145317077637,0.9995980262756348,0.9993635416030884,0.9933257102966309,99.5436507936508,98.58204991691777,0.9261505603790283,-0.051332712173461914,0.9998701810836792,-0.0001214742660522461,0.9995440244674683,-0.0004315376281738281,0.8999385833740234,-0.0695115327835083,99.80158730158729,-0.11904761904763461,99.45627173283107,-0.3079219279143075,0.9698217511177063,-0.025092780590057373,0.9889441728591919,-0.010653853416442871,0.9883063435554504,-0.01105719804763794,0.9632201194763184,-0.0301055908203125,99.94047619047619,0.39682539682539186,99.81154214559386,1.2294922286760936
Robbery,delta_alignment_auc,5,Robbery137_x264,Robbery,2192,1815,0.9521539807319641,0.9999629259109497,0.9934781789779663,0.7532063722610474,98.0335547420187,99.59512687255557,0.9777076840400696,0.9958757758140564,0.9887369871139526,0.9246096611022949,91.77156177156178,98.14970279826196,0.9420055747032166,-0.010148406028747559,0.9999973773956299,3.445148468017578e-05,0.9909781217575073,-0.0025000572204589844,0.7062364816665649,-0.04696989059448242,99.36405287502468,1.3304981330059888,99.8715315921454,0.27640471958983426,0.9813134670257568,0.003605782985687256,0.9924978017807007,-0.003377974033355713,0.9857868552207947,-0.002950131893157959,0.9597765207290649,0.03516685962677002,95.93609107715692,4.1645293055951385,99.15990966754597,1.0102068692840191
Robbery,delta_classifier_positive_mean,1,Robbery050_x264,Robbery,1696,915,0.03775212913751602,0.1826968789100647,0.06292809545993805,0.00825660489499569,84.35808092469371,88.90832060042261,0.010178390890359879,0.01830953359603882,0.012926989234983921,0.006958199664950371,85.38800612917444,90.78960700872818,0.016712896525859833,-0.02103923261165619,0.12731599807739258,-0.05538088083267212,0.019778288900852203,-0.043149806559085846,0.013121559284627438,0.004864954389631748,72.99979709353988,-11.358283831153827,70.37457600967967,-18.53374459074294,0.9895602464675903,0.9793818555772305,0.9917864203453064,0.9734768867492676,0.9884433150291443,0.9755163257941604,0.9908686280250549,0.9839104283601046,4.626197323034082,-80.76180880614037,34.80259138853562,-55.987015620192565
Robbery,delta_classifier_positive_mean,2,Robbery106_x264,Robbery,1184,120,0.5343584418296814,0.9666337370872498,0.9536124467849731,0.48707419633865356,96.06516290726816,59.830687830687836,0.8468530774116516,0.971706748008728,0.9698381423950195,0.83298259973526,97.86967418546367,86.16849816849816,0.47722822427749634,-0.05713021755218506,0.9351795315742493,-0.03145420551300049,0.9240357875823975,-0.029576659202575684,0.42683637142181396,-0.0602378249168396,99.07268170426065,3.0075187969924855,92.38888888888887,32.558201058201035,0.9571360945701599,0.1102830171585083,0.9690536260604858,-0.0026531219482421875,0.9658737778663635,-0.003964364528656006,0.9561506509780884,0.12316805124282837,92.35588972431077,-5.513784461152895,47.583333333333336,-38.585164835164825
Robbery,delta_classifier_positive_mean,3,Robbery137_x264,Robbery,2192,1815,0.9521539807319641,0.9999629259109497,0.9934781789779663,0.7532063722610474,98.0335547420187,99.59512687255557,0.9777076840400696,0.9958757758140564,0.9887369871139526,0.9246096611022949,91.77156177156178,98.14970279826196,0.9420055747032166,-0.010148406028747559,0.9999973773956299,3.445148468017578e-05,0.9909781217575073,-0.0025000572204589844,0.7062364816665649,-0.04696989059448242,99.36405287502468,1.3304981330059888,99.8715315921454,0.27640471958983426,0.9813134670257568,0.003605782985687256,0.9924978017807007,-0.003377974033355713,0.9857868552207947,-0.002950131893157959,0.9597765207290649,0.03516685962677002,95.93609107715692,4.1645293055951385,99.15990966754597,1.0102068692840191
Robbery,delta_classifier_positive_mean,4,Robbery102_x264,Robbery,1824,480,0.9774832725524902,0.9999916553497314,0.9999755620956421,0.9694501161575317,99.92063492063492,99.76419366074538,0.9949145317077637,0.9995980262756348,0.9993635416030884,0.9933257102966309,99.5436507936508,98.58204991691777,0.9261505603790283,-0.051332712173461914,0.9998701810836792,-0.0001214742660522461,0.9995440244674683,-0.0004315376281738281,0.8999385833740234,-0.0695115327835083,99.80158730158729,-0.11904761904763461,99.45627173283107,-0.3079219279143075,0.9698217511177063,-0.025092780590057373,0.9889441728591919,-0.010653853416442871,0.9883063435554504,-0.01105719804763794,0.9632201194763184,-0.0301055908203125,99.94047619047619,0.39682539682539186,99.81154214559386,1.2294922286760936
Robbery,delta_classifier_positive_mean,5,Robbery048_x264,Robbery,1408,480,0.948886513710022,0.9997454285621643,0.998911440372467,0.9230114221572876,97.35632183908046,94.86360457170268,0.9887657165527344,0.9979891180992126,0.9971846342086792,0.9844111204147339,95.45977011494251,90.48800856790666,0.9238905310630798,-0.02499598264694214,0.9997424483299255,-2.9802322387695312e-06,0.9987189173698425,-0.00019252300262451172,0.8851862549781799,-0.037825167179107666,91.22844827586206,-6.127873563218401,83.37523788617312,-11.488366685529556,0.9884183406829834,-0.00034737586975097656,0.99540776014328,-0.002581357955932617,0.9944686889648438,-0.0027159452438354492,0.9852887988090515,0.000877678394317627,89.12356321839081,-6.336206896551701,79.41885103759643,-11.069157530310235
Robbery,delta_alignment_positive_mean,1,Robbery102_x264,Robbery,1824,480,0.9774832725524902,0.9999916553497314,0.9999755620956421,0.9694501161575317,99.92063492063492,99.76419366074538,0.9949145317077637,0.9995980262756348,0.9993635416030884,0.9933257102966309,99.5436507936508,98.58204991691777,0.9261505603790283,-0.051332712173461914,0.9998701810836792,-0.0001214742660522461,0.9995440244674683,-0.0004315376281738281,0.8999385833740234,-0.0695115327835083,99.80158730158729,-0.11904761904763461,99.45627173283107,-0.3079219279143075,0.9698217511177063,-0.025092780590057373,0.9889441728591919,-0.010653853416442871,0.9883063435554504,-0.01105719804763794,0.9632201194763184,-0.0301055908203125,99.94047619047619,0.39682539682539186,99.81154214559386,1.2294922286760936
Robbery,delta_alignment_positive_mean,2,Robbery106_x264,Robbery,1184,120,0.5343584418296814,0.9666337370872498,0.9536124467849731,0.48707419633865356,96.06516290726816,59.830687830687836,0.8468530774116516,0.971706748008728,0.9698381423950195,0.83298259973526,97.86967418546367,86.16849816849816,0.47722822427749634,-0.05713021755218506,0.9351795315742493,-0.03145420551300049,0.9240357875823975,-0.029576659202575684,0.42683637142181396,-0.0602378249168396,99.07268170426065,3.0075187969924855,92.38888888888887,32.558201058201035,0.9571360945701599,0.1102830171585083,0.9690536260604858,-0.0026531219482421875,0.9658737778663635,-0.003964364528656006,0.9561506509780884,0.12316805124282837,92.35588972431077,-5.513784461152895,47.583333333333336,-38.585164835164825
Robbery,delta_alignment_positive_mean,3,Robbery137_x264,Robbery,2192,1815,0.9521539807319641,0.9999629259109497,0.9934781789779663,0.7532063722610474,98.0335547420187,99.59512687255557,0.9777076840400696,0.9958757758140564,0.9887369871139526,0.9246096611022949,91.77156177156178,98.14970279826196,0.9420055747032166,-0.010148406028747559,0.9999973773956299,3.445148468017578e-05,0.9909781217575073,-0.0025000572204589844,0.7062364816665649,-0.04696989059448242,99.36405287502468,1.3304981330059888,99.8715315921454,0.27640471958983426,0.9813134670257568,0.003605782985687256,0.9924978017807007,-0.003377974033355713,0.9857868552207947,-0.002950131893157959,0.9597765207290649,0.03516685962677002,95.93609107715692,4.1645293055951385,99.15990966754597,1.0102068692840191
Robbery,delta_alignment_positive_mean,4,Robbery048_x264,Robbery,1408,480,0.948886513710022,0.9997454285621643,0.998911440372467,0.9230114221572876,97.35632183908046,94.86360457170268,0.9887657165527344,0.9979891180992126,0.9971846342086792,0.9844111204147339,95.45977011494251,90.48800856790666,0.9238905310630798,-0.02499598264694214,0.9997424483299255,-2.9802322387695312e-06,0.9987189173698425,-0.00019252300262451172,0.8851862549781799,-0.037825167179107666,91.22844827586206,-6.127873563218401,83.37523788617312,-11.488366685529556,0.9884183406829834,-0.00034737586975097656,0.99540776014328,-0.002581357955932617,0.9944686889648438,-0.0027159452438354492,0.9852887988090515,0.000877678394317627,89.12356321839081,-6.336206896551701,79.41885103759643,-11.069157530310235
Robbery,delta_alignment_positive_mean,5,Robbery050_x264,Robbery,1696,915,0.03775212913751602,0.1826968789100647,0.06292809545993805,0.00825660489499569,84.35808092469371,88.90832060042261,0.010178390890359879,0.01830953359603882,0.012926989234983921,0.006958199664950371,85.38800612917444,90.78960700872818,0.016712896525859833,-0.02103923261165619,0.12731599807739258,-0.05538088083267212,0.019778288900852203,-0.043149806559085846,0.013121559284627438,0.004864954389631748,72.99979709353988,-11.358283831153827,70.37457600967967,-18.53374459074294,0.9895602464675903,0.9793818555772305,0.9917864203453064,0.9734768867492676,0.9884433150291443,0.9755163257941604,0.9908686280250549,0.9839104283601046,4.626197323034082,-80.76180880614037,34.80259138853562,-55.987015620192565
Shooting,delta_classifier_auc,1,Shooting002_x264,Shooting,1200,80,0.9941193461418152,0.9986022114753723,0.9984310269355774,0.9938113689422607,96.78571428571429,85.00986842105263,0.999533474445343,0.999927282333374,0.999664306640625,0.9995242357254028,11.785714285714286,4.443996901585737,0.9995179176330566,0.005398571491241455,0.9998964071273804,0.0012941956520080566,0.999768078327179,0.0013370513916015625,0.999500036239624,0.005688667297363281,34.5,-62.28571428571429,5.781290887005956,-79.22857753404668,0.9963940382003784,-0.0031394362449645996,0.9974710941314697,-0.002456188201904297,0.9971601366996765,-0.0025041699409484863,0.9963394403457642,-0.003184795379638672,95.5,83.71428571428571,46.041666666666664,41.59766976508093
Shooting,delta_classifier_auc,2,Shooting048_x264,Shooting,2736,320,0.033469270914793015,0.26033300161361694,0.1536930650472641,0.017545592039823532,98.9362582781457,91.75589203377035,0.02521713450551033,0.08907365798950195,0.06763158738613129,0.019599327817559242,99.50745033112582,96.11329205413517,0.0031286906450986862,-0.03034058026969433,0.03178766742348671,-0.22854533419013023,0.0057584624737501144,-0.14793460257351398,0.002780376235023141,-0.014765215804800391,73.29056291390728,-25.64569536423842,28.03169428125726,-63.72419775251309,0.992710292339325,0.9674931578338146,0.9938852787017822,0.9048116207122803,0.9920324087142944,0.9244008213281631,0.9928000569343567,0.9732007291167974,14.586092715231787,-84.92135761589404,6.985152777153007,-89.12813927698217
Shooting,delta_classifier_auc,3,Shooting024_x264,Shooting,2000,585,0.8713719248771667,0.9932379722595215,0.9836461544036865,0.8249546885490417,77.55338105161427,44.29184737213973,0.9386434555053711,0.9959802031517029,0.9922563433647156,0.9164783954620361,86.5413306756063,56.737489451652515,0.8551002144813538,-0.01627171039581299,0.9940251708030701,0.000787198543548584,0.9866628050804138,0.003016650676727295,0.800708532333374,-0.024246156215667725,70.18712814472532,-7.3662529068889455,37.568215236216794,-6.723632135922934,0.9772863984107971,0.038642942905426025,0.9881097674369812,-0.00787043571472168,0.9858085513114929,-0.006447792053222656,0.9737630486488342,0.057284653186798096,88.63272024402767,2.091389568421363,82.35307957845548,25.615590126802964
Shooting,delta_classifier_auc,4,Shooting010_x264,Shooting,2640,165,0.5634546875953674,0.7922945618629456,0.4638664424419403,0.5700939297676086,26.139577594123047,4.591441836606893,0.9139925837516785,0.9572708010673523,0.8952533006668091,0.9152418971061707,17.33198653198653,3.998386819886017,0.953191876411438,0.38973718881607056,0.9945159554481506,0.20222139358520508,0.9395501613616943,0.47568371891975403,0.9541013836860657,0.38400745391845703,19.377165595347414,-6.762411998775633,4.214728396898017,-0.37671343970887605,0.9805542230606079,0.06656163930892944,0.9877510070800781,0.03048020601272583,0.9805684685707092,0.08531516790390015,0.9805532097816467,0.06531131267547607,49.46323844505663,32.1312519130701,6.369667244927387,2.3712804250413697
Shooting,delta_classifier_auc,5,Shooting026_x264,Shooting,1392,405,0.992069661617279,0.9995100498199463,0.9985238313674927,0.9894211292266846,67.35149536567975,55.02251015141692,0.9988416433334351,0.9996306896209717,0.9992469549179077,0.9986752271652222,39.7852327166748,30.159971830815486,0.9956297874450684,0.0035601258277893066,0.9987403750419617,-0.0007696747779846191,0.9973372220993042,-0.0011866092681884766,0.9949291944503784,0.005508065223693848,61.61169274644451,-5.739802619235242,32.48741780355993,-22.53509234785699,0.9983353614807129,-0.000506281852722168,0.9988721609115601,-0.0007585287094116211,0.9981623291969299,-0.0010846257209777832,0.9984064102172852,-0.0002688169479370117,28.950054411047322,-10.835178305627476,21.368262844280782,-8.791708986534704
Shooting,delta_alignment_auc,1,Shooting008_x264,Shooting,1616,240,0.302552729845047,0.9945724606513977,0.9911523461341858,0.18244817852973938,99.92732558139534,99.51370652427639,0.3087828755378723,0.9726930856704712,0.9644907712936401,0.19441519677639008,99.94670542635659,99.61805555555556,0.2367129772901535,-0.0658397525548935,0.9842715859413147,-0.010300874710083008,0.970209002494812,-0.02094334363937378,0.10877759754657745,-0.07367058098316193,99.9515503875969,0.02422480620155909,99.62859623015873,0.11488970588234793,0.9791871905326843,0.670404314994812,0.9834240078926086,0.010730922222137451,0.9751061797142029,0.010615408420562744,0.9798989295959473,0.7854837328195572,13.55135658914729,-86.3953488372093,9.371419219791608,-90.24663633576395
Shooting,delta_alignment_auc,2,Shooting048_x264,Shooting,2736,320,0.033469270914793015,0.26033300161361694,0.1536930650472641,0.017545592039823532,98.9362582781457,91.75589203377035,0.02521713450551033,0.08907365798950195,0.06763158738613129,0.019599327817559242,99.50745033112582,96.11329205413517,0.0031286906450986862,-0.03034058026969433,0.03178766742348671,-0.22854533419013023,0.0057584624737501144,-0.14793460257351398,0.002780376235023141,-0.014765215804800391,73.29056291390728,-25.64569536423842,28.03169428125726,-63.72419775251309,0.992710292339325,0.9674931578338146,0.9938852787017822,0.9048116207122803,0.9920324087142944,0.9244008213281631,0.9928000569343567,0.9732007291167974,14.586092715231787,-84.92135761589404,6.985152777153007,-89.12813927698217
Shooting,delta_alignment_auc,3,Shooting022_x264,Shooting,4544,450,0.2864677906036377,0.9394246339797974,0.8881983757019043,0.22032739222049713,92.79780708896487,40.87537853753729,0.2862392067909241,0.8200026750564575,0.7321662306785583,0.2372242957353592,90.3678011181675,42.08104369780561,0.392452210187912,0.10598441958427429,0.9275018572807312,-0.011922776699066162,0.8894776105880737,0.0012792348861694336,0.3378206789493561,0.11749328672885895,99.41562177712642,6.617814688161545,94.37364117985143,53.498262642314145,0.9760989546775818,0.6898597478866577,0.9863482713699341,0.16634559631347656,0.9701066017150879,0.23794037103652954,0.9767576456069946,0.7395333498716354,17.761168105086035,-72.60663301308148,6.164889248030466,-35.91615444977515
Shooting,delta_alignment_auc,4,Shooting046_x264,Shooting,5088,553,0.9515215754508972,0.9994412064552307,0.9893534779548645,0.9469083547592163,39.68265709141876,8.773508743741921,0.9822192192077637,0.9994860291481018,0.9984588623046875,0.9802389740943909,73.0038818033738,55.31788276804984,0.9286625981330872,-0.02285897731781006,0.9991925358772278,-0.0002486705780029297,0.9632568359375,-0.026096642017364502,0.9244441986083984,-0.02246415615081787,35.1688395062713,-4.513817585147464,8.072587543952729,-0.7009211997891924,0.9836795926094055,0.0014603734016418457,0.9928833246231079,-0.0066027045249938965,0.9824397563934326,-0.016019105911254883,0.9838308095932007,0.0035918354988098145,38.89218076802686,-34.11170103534694,8.510634761504452,-46.80724800654539
Shooting,delta_alignment_auc,5,Shooting013_x264,Shooting,1072,85,0.9998451471328735,0.9999973773956299,0.9999611973762512,0.9998351335525513,21.92681327850289,6.066139962352963,0.9994640946388245,0.9998502731323242,0.9996339082717896,0.9994494318962097,75.72739734191548,18.33545539427892,0.9995297193527222,-0.0003154277801513672,0.9999780654907227,-1.9311904907226562e-05,0.9998446106910706,-0.00011658668518066406,0.9995027184486389,-0.0003324151039123535,19.27588056499195,-2.65093271351094,5.816399996601046,-0.24973996575191748,0.9971213340759277,-0.0023427605628967285,0.9981385469436646,-0.001711726188659668,0.9970875382423401,-0.002546370029449463,0.997124195098877,-0.0023252367973327637,42.066273317837776,-33.6611240240777,7.642345427255689,-10.693109967023231
Shooting,delta_classifier_positive_mean,1,Shooting048_x264,Shooting,2736,320,0.033469270914793015,0.26033300161361694,0.1536930650472641,0.017545592039823532,98.9362582781457,91.75589203377035,0.02521713450551033,0.08907365798950195,0.06763158738613129,0.019599327817559242,99.50745033112582,96.11329205413517,0.0031286906450986862,-0.03034058026969433,0.03178766742348671,-0.22854533419013023,0.0057584624737501144,-0.14793460257351398,0.002780376235023141,-0.014765215804800391,73.29056291390728,-25.64569536423842,28.03169428125726,-63.72419775251309,0.992710292339325,0.9674931578338146,0.9938852787017822,0.9048116207122803,0.9920324087142944,0.9244008213281631,0.9928000569343567,0.9732007291167974,14.586092715231787,-84.92135761589404,6.985152777153007,-89.12813927698217
Shooting,delta_classifier_positive_mean,2,Shooting028_x264,Shooting,1888,270,0.7892069220542908,0.9996213912963867,0.82718425989151,0.7828695178031921,30.229821910909678,10.531688834807333,0.9554376602172852,0.999311089515686,0.9696899652481079,0.9530593752861023,27.4389964748432,10.045477130283963,0.770542323589325,-0.01866459846496582,0.9998557567596436,0.00023436546325683594,0.7077336311340332,-0.1194506287574768,0.7810232639312744,-0.0018462538719177246,25.68832120130019,-4.541500709609487,10.095838645411575,-0.43585018939575804,0.9735640287399292,0.018126368522644043,0.9952005743980408,-0.004110515117645264,0.951184093952179,-0.018505871295928955,0.9772985577583313,0.024239182472229004,15.598132124708144,-11.840864350135057,8.738086728453165,-1.3073904018307978
Shooting,delta_classifier_positive_mean,3,Shooting046_x264,Shooting,5088,553,0.9515215754508972,0.9994412064552307,0.9893534779548645,0.9469083547592163,39.68265709141876,8.773508743741921,0.9822192192077637,0.9994860291481018,0.9984588623046875,0.9802389740943909,73.0038818033738,55.31788276804984,0.9286625981330872,-0.02285897731781006,0.9991925358772278,-0.0002486705780029297,0.9632568359375,-0.026096642017364502,0.9244441986083984,-0.02246415615081787,35.1688395062713,-4.513817585147464,8.072587543952729,-0.7009211997891924,0.9836795926094055,0.0014603734016418457,0.9928833246231079,-0.0066027045249938965,0.9824397563934326,-0.016019105911254883,0.9838308095932007,0.0035918354988098145,38.89218076802686,-34.11170103534694,8.510634761504452,-46.80724800654539
Shooting,delta_classifier_positive_mean,4,Shooting008_x264,Shooting,1616,240,0.302552729845047,0.9945724606513977,0.9911523461341858,0.18244817852973938,99.92732558139534,99.51370652427639,0.3087828755378723,0.9726930856704712,0.9644907712936401,0.19441519677639008,99.94670542635659,99.61805555555556,0.2367129772901535,-0.0658397525548935,0.9842715859413147,-0.010300874710083008,0.970209002494812,-0.02094334363937378,0.10877759754657745,-0.07367058098316193,99.9515503875969,0.02422480620155909,99.62859623015873,0.11488970588234793,0.9791871905326843,0.670404314994812,0.9834240078926086,0.010730922222137451,0.9751061797142029,0.010615408420562744,0.9798989295959473,0.7854837328195572,13.55135658914729,-86.3953488372093,9.371419219791608,-90.24663633576395
Shooting,delta_classifier_positive_mean,5,Shooting047_x264,Shooting,8272,3480,0.8839629888534546,0.9998915195465088,0.9734777808189392,0.8189564943313599,62.99215167040854,50.606029376310815,0.9428699016571045,0.9988834857940674,0.9940117001533508,0.905730128288269,61.20373035518968,57.50809422368596,0.8738832473754883,-0.010079741477966309,0.9995818734169006,-0.0003096461296081543,0.9595871567726135,-0.013890624046325684,0.8116441965103149,-0.007312297821044922,66.25275842879897,3.2606067583904306,61.54783475006006,10.941805373749247,0.9860389232635498,0.04316902160644531,0.9974170327186584,-0.0014664530754089355,0.989393413066864,-0.004618287086486816,0.9836028218269348,0.07787269353866577,68.8141154798227,7.6103851246330265,66.52661683117401,9.018522607488052
Shooting,delta_alignment_positive_mean,1,Shooting028_x264,Shooting,1888,270,0.7892069220542908,0.9996213912963867,0.82718425989151,0.7828695178031921,30.229821910909678,10.531688834807333,0.9554376602172852,0.999311089515686,0.9696899652481079,0.9530593752861023,27.4389964748432,10.045477130283963,0.770542323589325,-0.01866459846496582,0.9998557567596436,0.00023436546325683594,0.7077336311340332,-0.1194506287574768,0.7810232639312744,-0.0018462538719177246,25.68832120130019,-4.541500709609487,10.095838645411575,-0.43585018939575804,0.9735640287399292,0.018126368522644043,0.9952005743980408,-0.004110515117645264,0.951184093952179,-0.018505871295928955,0.9772985577583313,0.024239182472229004,15.598132124708144,-11.840864350135057,8.738086728453165,-1.3073904018307978
Shooting,delta_alignment_positive_mean,2,Shooting046_x264,Shooting,5088,553,0.9515215754508972,0.9994412064552307,0.9893534779548645,0.9469083547592163,39.68265709141876,8.773508743741921,0.9822192192077637,0.9994860291481018,0.9984588623046875,0.9802389740943909,73.0038818033738,55.31788276804984,0.9286625981330872,-0.02285897731781006,0.9991925358772278,-0.0002486705780029297,0.9632568359375,-0.026096642017364502,0.9244441986083984,-0.02246415615081787,35.1688395062713,-4.513817585147464,8.072587543952729,-0.7009211997891924,0.9836795926094055,0.0014603734016418457,0.9928833246231079,-0.0066027045249938965,0.9824397563934326,-0.016019105911254883,0.9838308095932007,0.0035918354988098145,38.89218076802686,-34.11170103534694,8.510634761504452,-46.80724800654539
Shooting,delta_alignment_positive_mean,3,Shooting011_x264,Shooting,4000,270,0.9915577173233032,0.9999852180480957,0.9942877888679504,0.9913601279258728,11.04934961771423,4.056081153984936,0.9994109869003296,0.999954342842102,0.9984918832778931,0.9994776248931885,7.557342865653857,3.841779209565663,0.9970445036888123,0.005486786365509033,0.9999858140945435,5.960464477539062e-07,0.9943879246711731,0.00010013580322265625,0.9972368478775024,0.005876719951629639,12.564988581074374,1.5156389633601446,4.065539715526734,0.00945856154179836,0.9875090718269348,-0.011901915073394775,0.9933268427848816,-0.006627500057220459,0.98527991771698,-0.013211965560913086,0.9876704812049866,-0.011807143688201904,28.172574719491607,20.61523185383775,4.618405055253043,0.7766258456873802
Shooting,delta_alignment_positive_mean,4,Shooting018_x264,Shooting,1792,165,0.9693892598152161,0.9999649524688721,0.9988784193992615,0.9663986563682556,20.810750405095828,6.425606522839668,0.9983372092247009,0.999924898147583,0.9994291067123413,0.9982264637947083,19.63662438769999,6.341430756493378,0.9919500350952148,0.02256077527999878,0.9998717308044434,-9.322166442871094e-05,0.9995137453079224,0.0006353259086608887,0.9911830425262451,0.024784386157989502,43.98930919520963,23.1785587901138,8.465756489998565,2.0401499671588974,0.989959180355072,-0.008378028869628906,0.9938233494758606,-0.006101548671722412,0.9902086853981018,-0.009220421314239502,0.9899337887763977,-0.008292675018310547,20.3339479614833,0.6973235737833114,6.40505935544046,0.06362859894708173
Shooting,delta_alignment_positive_mean,5,Shooting024_x264,Shooting,2000,585,0.8713719248771667,0.9932379722595215,0.9836461544036865,0.8249546885490417,77.55338105161427,44.29184737213973,0.9386434555053711,0.9959802031517029,0.9922563433647156,0.9164783954620361,86.5413306756063,56.737489451652515,0.8551002144813538,-0.01627171039581299,0.9940251708030701,0.000787198543548584,0.9866628050804138,0.003016650676727295,0.800708532333374,-0.024246156215667725,70.18712814472532,-7.3662529068889455,37.568215236216794,-6.723632135922934,0.9772863984107971,0.038642942905426025,0.9881097674369812,-0.00787043571472168,0.9858085513114929,-0.006447792053222656,0.9737630486488342,0.057284653186798096,88.63272024402767,2.091389568421363,82.35307957845548,25.615590126802964
Shoplifting,delta_classifier_auc,1,Shoplifting017_x264,Shoplifting,448,60,0.9147397875785828,0.9852215647697449,0.9819477200508118,0.9043468832969666,97.14776632302404,86.23611111111111,0.9795833230018616,0.9899181127548218,0.9851066470146179,0.9787291884422302,71.58075601374571,26.846153846153847,0.9304863810539246,0.015746593475341797,0.975683867931366,-0.009537696838378906,0.9599551558494568,-0.02199256420135498,0.9259294271469116,0.02158254384994507,73.23024054982818,-23.917525773195862,26.821999256781865,-59.41411185432925,0.9689539074897766,-0.010629415512084961,0.9724469780921936,-0.017471134662628174,0.9671947956085205,-0.017911851406097412,0.9692260026931763,-0.009503185749053955,7.250859106529206,-64.32989690721651,9.138857921466617,-17.70729592468723
Shoplifting,delta_classifier_auc,2,Shoplifting020_x264,Shoplifting,5760,120,0.8307396769523621,0.9980071187019348,0.996722936630249,0.8272079825401306,99.54137115839244,82.42327117327117,0.987302303314209,0.9984267950057983,0.9970354437828064,0.9870951771736145,90.89834515366431,10.91379381812736,0.8585638999938965,0.027824223041534424,0.9976244568824768,-0.0003826618194580078,0.991009533405304,-0.005713403224945068,0.8557459712028503,0.028537988662719727,88.04255319148936,-11.498817966903076,8.472578347578347,-73.95069282569283,0.9697206020355225,-0.017581701278686523,0.9877533912658691,-0.0106734037399292,0.9861084818840027,-0.010926961898803711,0.9693719744682312,-0.0177232027053833,95.91016548463357,5.0118203309692575,22.136655011655012,11.222861193527653
Shoplifting,delta_classifier_auc,3,Shoplifting033_x264,Shoplifting,896,120,0.05196865275502205,0.13128596544265747,0.06602303683757782,0.04979528859257698,69.89690721649484,20.959064737005917,0.03948822617530823,0.07545799016952515,0.042382676154375076,0.03904062882065773,61.786941580756015,17.61267515114769,0.03144913539290428,-0.020519517362117767,0.08489518612623215,-0.046390779316425323,0.03397534042596817,-0.03204769641160965,0.031058480963110924,-0.018736807629466057,60.549828178694156,-9.347079037800682,17.217452424260205,-3.741612312745712,0.9853213429450989,0.9458331167697906,0.9902147650718689,0.9147567749023438,0.9843538403511047,0.9419711641967297,0.9854708909988403,0.9464302621781826,28.69415807560138,-33.092783505154635,10.338304104482688,-7.274371046665003
Shoplifting,delta_classifier_auc,4,Shoplifting049_x264,Shoplifting,2144,330,0.960145890712738,0.9964122176170349,0.9277225136756897,0.9660441875457764,16.81166683371755,9.440550969254765,0.9970570802688599,0.9988831281661987,0.9943914413452148,0.9975419044494629,3.3941398549998323,8.61009780742541,0.7502336502075195,-0.2099122405052185,0.9758806824684143,-0.020531535148620605,0.5169488191604614,-0.41077369451522827,0.7926724553108215,-0.17337173223495483,9.680598710367178,-7.131068123350371,8.839722403999806,-0.6008285652549592,0.9713840484619141,-0.0256730318069458,0.9828699231147766,-0.01601320505142212,0.9670566320419312,-0.02733480930328369,0.9721713066101074,-0.02537059783935547,24.338311449667568,20.944171594667736,10.171913943159568,1.5618161357341585
Shoplifting,delta_classifier_auc,5,Shoplifting022_x264,Shoplifting,2176,270,0.17045094072818756,0.5252758264541626,0.28090700507164,0.15480394661426544,83.1522288290389,40.566476684125945,0.053487543016672134,0.2989630103111267,0.0786178782582283,0.04992762953042984,91.52189965411371,49.699701054735954,0.14937354624271393,-0.021077394485473633,0.536220371723175,0.010944545269012451,0.22438675165176392,-0.0565202534198761,0.13874731957912445,-0.01605662703514099,77.12059383622866,-6.03163499281024,27.68613606972975,-12.880340614396196,0.9758251309394836,0.9223375879228115,0.9873741865158081,0.6884111762046814,0.9732344746589661,0.8946165964007378,0.976192057132721,0.9262644276022911,30.042749990284097,-61.47914966382962,9.158600663167446,-40.541100391568506
Shoplifting,delta_alignment_auc,1,Shoplifting029_x264,Shoplifting,2176,450,0.46686244010925293,0.9634280204772949,0.9133870005607605,0.3504452705383301,92.3020471224411,68.87088141286424,0.6113755702972412,0.9245925545692444,0.8933303356170654,0.5378646850585938,94.71636410454487,73.06455371973519,0.3626982867717743,-0.10416415333747864,0.9599195122718811,-0.0035085082054138184,0.8765232563018799,-0.036863744258880615,0.22873464226722717,-0.1217106282711029,95.61864297669628,3.3165958542551834,80.15897969812944,11.288098285265207,0.9578976631164551,0.34652209281921387,0.9821388721466064,0.05754631757736206,0.9452667832374573,0.051936447620391846,0.9611907005310059,0.4233260154724121,2.877558903051371,-91.8388052014935,11.645152143344957,-61.41940157639023
Shoplifting,delta_alignment_auc,2,Shoplifting037_x264,Shoplifting,1376,60,0.09621285647153854,0.40337324142456055,0.25721070170402527,0.0888725221157074,88.78419452887539,19.538961038961038,0.10849485546350479,0.4226663112640381,0.15018931031227112,0.10659391433000565,86.59574468085106,17.03907203907204,0.2458975613117218,0.14968470484018326,0.9627367258071899,0.5593634843826294,0.6953269243240356,0.4381162226200104,0.22540684044361115,0.13653431832790375,86.59574468085106,-2.1884498480243337,17.03907203907204,-2.4998889998889986,0.965482234954834,0.8569873794913292,0.9737743735313416,0.5511080622673035,0.9550062417984009,0.8048169314861298,0.9659598469734192,0.8593659326434135,10.891590678824722,-75.70415400202633,3.07054231711766,-13.96852972195438
Shoplifting,delta_alignment_auc,3,Shoplifting017_x264,Shoplifting,448,60,0.9147397875785828,0.9852215647697449,0.9819477200508118,0.9043468832969666,97.14776632302404,86.23611111111111,0.9795833230018616,0.9899181127548218,0.9851066470146179,0.9787291884422302,71.58075601374571,26.846153846153847,0.9304863810539246,0.015746593475341797,0.975683867931366,-0.009537696838378906,0.9599551558494568,-0.02199256420135498,0.9259294271469116,0.02158254384994507,73.23024054982818,-23.917525773195862,26.821999256781865,-59.41411185432925,0.9689539074897766,-0.010629415512084961,0.9724469780921936,-0.017471134662628174,0.9671947956085205,-0.017911851406097412,0.9692260026931763,-0.009503185749053955,7.250859106529206,-64.32989690721651,9.138857921466617,-17.70729592468723
Shoplifting,delta_alignment_auc,4,Shoplifting022_x264,Shoplifting,2176,270,0.17045094072818756,0.5252758264541626,0.28090700507164,0.15480394661426544,83.1522288290389,40.566476684125945,0.053487543016672134,0.2989630103111267,0.0786178782582283,0.04992762953042984,91.52189965411371,49.699701054735954,0.14937354624271393,-0.021077394485473633,0.536220371723175,0.010944545269012451,0.22438675165176392,-0.0565202534198761,0.13874731957912445,-0.01605662703514099,77.12059383622866,-6.03163499281024,27.68613606972975,-12.880340614396196,0.9758251309394836,0.9223375879228115,0.9873741865158081,0.6884111762046814,0.9732344746589661,0.8946165964007378,0.976192057132721,0.9262644276022911,30.042749990284097,-61.47914966382962,9.158600663167446,-40.541100391568506
Shoplifting,delta_alignment_auc,5,Shoplifting039_x264,Shoplifting,2800,150,0.00825576763600111,0.21473658084869385,0.00029435649048537016,0.008706414140760899,70.76981132075471,9.168850626642653,0.008829070255160332,0.04685467481613159,0.007994096726179123,0.008876333013176918,70.72955974842768,9.133600977510978,0.0022989932913333178,-0.005956774344667792,0.10523084551095963,-0.10950573533773422,0.0003913851105608046,9.702862007543445e-05,0.00240697106346488,-0.006299443077296019,80.67974842767296,9.90993710691825,12.952154240779029,3.7833036141363756,0.9937673807144165,0.9849383104592562,0.995316743850708,0.9484620690345764,0.993330717086792,0.9853366203606129,0.9937919974327087,0.9849156644195318,23.329308176100625,-47.40025157232705,3.8485659777408117,-5.285034999770167
Shoplifting,delta_classifier_positive_mean,1,Shoplifting049_x264,Shoplifting,2144,330,0.960145890712738,0.9964122176170349,0.9277225136756897,0.9660441875457764,16.81166683371755,9.440550969254765,0.9970570802688599,0.9988831281661987,0.9943914413452148,0.9975419044494629,3.3941398549998323,8.61009780742541,0.7502336502075195,-0.2099122405052185,0.9758806824684143,-0.020531535148620605,0.5169488191604614,-0.41077369451522827,0.7926724553108215,-0.17337173223495483,9.680598710367178,-7.131068123350371,8.839722403999806,-0.6008285652549592,0.9713840484619141,-0.0256730318069458,0.9828699231147766,-0.01601320505142212,0.9670566320419312,-0.02733480930328369,0.9721713066101074,-0.02537059783935547,24.338311449667568,20.944171594667736,10.171913943159568,1.5618161357341585
Shoplifting,delta_classifier_positive_mean,2,Shoplifting015_x264,Shoplifting,2256,150,0.38923993706703186,0.7292248010635376,0.3935851454734802,0.38893043994903564,50.94207027540361,6.971339858897885,0.4481220841407776,0.7914173603057861,0.3613814413547516,0.4543001651763916,33.86324786324786,5.298227987710118,0.2377878874540329,-0.15145204961299896,0.769398033618927,0.040173232555389404,0.1569422036409378,-0.23664294183254242,0.24354612827301025,-0.1453843116760254,46.84963596074707,-4.092434314656536,6.538850464087331,-0.4324893948105535,0.9758879542350769,0.5277658700942993,0.9837721586227417,0.19235479831695557,0.9812284111976624,0.6198469698429108,0.9755076766014099,0.5212075114250183,92.0386198163976,58.17537195314974,30.50002405002405,25.20179606231393
Shoplifting,delta_classifier_positive_mean,3,Shoplifting005_x264,Shoplifting,1952,210,0.4413074851036072,0.890461266040802,0.3374907672405243,0.45382267236709595,35.623530698157566,8.505354025058294,0.6531397104263306,0.8470761775970459,0.5944858193397522,0.6602104902267456,35.45732874091084,8.635724971474627,0.07593052089214325,-0.36537696421146393,0.19065889716148376,-0.6998023688793182,0.13210855424404144,-0.20538221299648285,0.06915818899869919,-0.38466448336839676,86.58629927286643,50.96276857470886,63.182373227861,54.677019202802704,0.9799533486366272,0.32681363821029663,0.9849784970283508,0.13790231943130493,0.9767019152641296,0.38221609592437744,0.9803452491760254,0.3201347589492798,12.617680826636052,-22.839647914274785,6.43861015042965,-2.197114821044977
Shoplifting,delta_classifier_positive_mean,4,Shoplifting034_x264,Shoplifting,11936,120,0.8247857093811035,0.9955762624740601,0.9696729183197021,0.8233143091201782,70.16249153689913,1.8592260292344738,0.9837526082992554,0.9979693293571472,0.995245099067688,0.9836359620094299,81.36989392913563,2.8977823853403026,0.5335089564323425,-0.291276752948761,0.986754834651947,-0.008821427822113037,0.8311578035354614,-0.13851511478424072,0.5304861068725586,-0.29282820224761963,70.8891897991424,0.7266982622432749,1.8934560034340513,0.03422997419957752,0.9661107659339905,-0.017641842365264893,0.9903533458709717,-0.007615983486175537,0.9647151827812195,-0.030529916286468506,0.966124951839447,-0.01751101016998291,41.98375084631009,-39.38614308282554,0.9667743308693504,-1.9310080544709523
Shoplifting,delta_classifier_positive_mean,5,Shoplifting022_x264,Shoplifting,2176,270,0.17045094072818756,0.5252758264541626,0.28090700507164,0.15480394661426544,83.1522288290389,40.566476684125945,0.053487543016672134,0.2989630103111267,0.0786178782582283,0.04992762953042984,91.52189965411371,49.699701054735954,0.14937354624271393,-0.021077394485473633,0.536220371723175,0.010944545269012451,0.22438675165176392,-0.0565202534198761,0.13874731957912445,-0.01605662703514099,77.12059383622866,-6.03163499281024,27.68613606972975,-12.880340614396196,0.9758251309394836,0.9223375879228115,0.9873741865158081,0.6884111762046814,0.9732344746589661,0.8946165964007378,0.976192057132721,0.9262644276022911,30.042749990284097,-61.47914966382962,9.158600663167446,-40.541100391568506
Shoplifting,delta_alignment_positive_mean,1,Shoplifting007_x264,Shoplifting,5120,500,0.8175856471061707,0.9984691739082336,0.9585680365562439,0.8023278117179871,56.78787878787879,10.680395345482527,0.986862301826477,0.9978458285331726,0.9944190382957458,0.9860443472862244,72.25316017316018,15.18431255378682,0.8801279067993164,0.06254225969314575,0.996895432472229,-0.0015737414360046387,0.9790911078453064,0.0205230712890625,0.8694175481796265,0.0670897364616394,69.49922077922078,12.711341991341989,14.056362197094613,3.3759668516120858,0.9011316299438477,-0.0857306718826294,0.9300991296768188,-0.06774669885635376,0.9055235385894775,-0.08889549970626831,0.9006563425064087,-0.08538800477981567,57.64536796536797,-14.607792207792215,11.046417184202506,-4.137895369584314
Shoplifting,delta_alignment_positive_mean,2,Shoplifting016_x264,Shoplifting,1472,90,0.6580471992492676,0.9368927478790283,0.7727301716804504,0.6505787372589111,66.19552982794661,9.548695525779708,0.9567623734474182,0.9797725081443787,0.9736714959144592,0.9556612968444824,73.83662968322882,11.928780284043441,0.8360841274261475,0.17803692817687988,0.973162829875946,0.036270081996917725,0.969605028629303,0.19687485694885254,0.8273888826370239,0.1768101453781128,96.81138446695611,30.6158546390095,64.15160765160766,54.602912125827956,0.9282976388931274,-0.02846473455429077,0.9432758092880249,-0.03649669885635376,0.9336682558059692,-0.04000324010848999,0.9279479384422302,-0.027713358402252197,77.90159189580318,4.064962212574358,13.907242556845603,1.9784622728021617
Shoplifting,delta_alignment_positive_mean,3,Shoplifting021_x264,Shoplifting,3536,150,0.7163552045822144,0.9834097623825073,0.825904369354248,0.711502194404602,60.91238432762355,5.74909405130106,0.9873394966125488,0.996908962726593,0.9942527413368225,0.9870332479476929,75.81925575900767,8.739698016610777,0.8613570332527161,0.1450018286705017,0.9919419288635254,0.008532166481018066,0.9897118210792542,0.1638074517250061,0.8556709289550781,0.14416873455047607,93.54242961212837,32.630045284504824,25.646839582630992,19.89774553132993,0.9504473209381104,-0.03689217567443848,0.9649537801742554,-0.031955182552337646,0.9564856886863708,-0.03776705265045166,0.9501798152923584,-0.03685343265533447,75.70584760779681,-0.11340815121086223,8.635984407791545,-0.1037136088192323
Shoplifting,delta_alignment_positive_mean,4,Shoplifting044_x264,Shoplifting,14544,180,0.7833876609802246,0.9949668049812317,0.8699579834938049,0.782302737236023,41.206411089452025,1.135231150804418,0.9796584248542786,0.997698187828064,0.981095552444458,0.9796404838562012,32.916550635848886,0.9915009577866267,0.8877855539321899,0.10439789295196533,0.9993600249290466,0.004393219947814941,0.9902898073196411,0.12033182382583618,0.8865010738372803,0.10419833660125732,56.284847922274814,15.078436832822788,1.5040708037866923,0.3688396529822744,0.9522773623466492,-0.027381062507629395,0.9769240617752075,-0.020774126052856445,0.9465608596801758,-0.03453469276428223,0.9523490071296692,-0.027291476726531982,36.87459389213775,3.9580432562888674,1.052898598199985,0.06139764041335827
Shoplifting,delta_alignment_positive_mean,5,Shoplifting034_x264,Shoplifting,11936,120,0.8247857093811035,0.9955762624740601,0.9696729183197021,0.8233143091201782,70.16249153689913,1.8592260292344738,0.9837526082992554,0.9979693293571472,0.995245099067688,0.9836359620094299,81.36989392913563,2.8977823853403026,0.5335089564323425,-0.291276752948761,0.986754834651947,-0.008821427822113037,0.8311578035354614,-0.13851511478424072,0.5304861068725586,-0.29282820224761963,70.8891897991424,0.7266982622432749,1.8934560034340513,0.03422997419957752,0.9661107659339905,-0.017641842365264893,0.9903533458709717,-0.007615983486175537,0.9647151827812195,-0.030529916286468506,0.966124951839447,-0.01751101016998291,41.98375084631009,-39.38614308282554,0.9667743308693504,-1.9310080544709523
Stealing,delta_classifier_auc,1,Stealing062_x264,Stealing,1552,690,0.9768028855323792,0.9971867203712463,0.995166540145874,0.9621034860610962,99.94922492350112,99.92613189529267,0.99637770652771,0.9994243383407593,0.9963402152061462,0.9964078664779663,19.887353307105148,31.37931310218749,0.982045590877533,0.005242705345153809,0.9984625577926636,0.0012758374214172363,0.997385561466217,0.0022190213203430176,0.96976637840271,0.0076628923416137695,97.06546958539292,-2.8837553381082017,95.57584934914836,-4.350282546144314,0.9965593814849854,0.00018167495727539062,0.9978080987930298,-0.0016162395477294922,0.9968521595001221,0.0005119442939758301,0.9963250756263733,-8.279085159301758e-05,39.78311308382931,19.895759776724166,38.948088296310274,7.568775194122786
Stealing,delta_classifier_auc,2,Stealing058_x264,Stealing,4976,3090,0.9445491433143616,0.9999969005584717,0.9999619722366333,0.8537614941596985,98.8477523019215,99.2969326993603,0.9789743423461914,0.9996278285980225,0.9993952512741089,0.9455171823501587,98.29975256274301,98.95576548727017,0.934395432472229,-0.010153710842132568,0.9999926090240479,-4.291534423828125e-06,0.9998869299888611,-7.50422477722168e-05,0.8270949721336365,-0.02666652202606201,98.87136351312857,0.02361121120706855,99.33821582087633,0.041283121516030974,0.9931801557540894,0.01420581340789795,0.9979140758514404,-0.0017137527465820312,0.9970130920410156,-0.0023821592330932617,0.9869005084037781,0.041383326053619385,91.63205633744813,-6.6676962252948755,89.21948596565535,-9.736279521614819
Stealing,delta_classifier_auc,3,Stealing079_x264,Stealing,5840,1650,0.8969659805297852,0.9994423985481262,0.9903517365455627,0.8601910471916199,80.53550300137414,52.99064017985469,0.9892528057098389,0.9973735213279724,0.9949586391448975,0.9870060086250305,88.1898604180227,82.18056016275732,0.8089857697486877,-0.08798021078109741,0.9994151592254639,-2.7239322662353516e-05,0.9769066572189331,-0.013445079326629639,0.742859423160553,-0.1173316240310669,80.61511535401749,0.07961235264335187,57.0498260504933,4.059185870638615,0.9773191809654236,-0.011933624744415283,0.9885789155960083,-0.008794605731964111,0.9819011688232422,-0.013057470321655273,0.9755147099494934,-0.01149129867553711,85.13219064149851,-3.057669776524193,62.155488929650105,-20.025071233107212
Stealing,delta_classifier_auc,4,Stealing036_x264,Stealing,2496,330,0.48478513956069946,0.9306153655052185,0.8370294570922852,0.43111908435821533,96.26654355186211,64.04410792253287,0.7403317093849182,0.8860145211219788,0.866243302822113,0.7211484909057617,98.49156383782423,81.6850798007631,0.4414416551589966,-0.04334348440170288,0.8275015354156494,-0.10311383008956909,0.7726319432258606,-0.06439751386642456,0.3909832537174225,-0.04013583064079285,97.72153669660595,1.4549931447438382,89.67011152578867,25.626003603255796,0.9172165989875793,0.17688488960266113,0.9327206015586853,0.04670608043670654,0.9164729118347168,0.05022960901260376,0.9173299074172974,0.19618141651153564,48.278631187218444,-50.21293265060579,12.45931599034755,-69.22576381041556
Stealing,delta_classifier_auc,5,Stealing019_x264,Stealing,4896,240,0.7818924188613892,0.9881167411804199,0.9599151611328125,0.7727159857749939,80.2548682703322,15.627935996765085,0.9398738741874695,0.996086835861206,0.9886444211006165,0.9373598694801331,52.59163802978236,14.788176165773073,0.5773345232009888,-0.2045578956604004,0.9415637254714966,-0.04655301570892334,0.83844393491745,-0.12147122621536255,0.5638752579689026,-0.2088407278060913,84.73940435280642,4.4845360824742215,19.82986720280252,4.201931206037436,0.9799456596374512,0.04007178544998169,0.9924730062484741,-0.0036138296127319336,0.9841962456703186,-0.0044481754302978516,0.9797266721725464,0.04236680269241333,53.80870561282932,1.217067583046962,5.929656803710377,-8.858519362062697
Stealing,delta_alignment_auc,1,Stealing036_x264,Stealing,2496,330,0.48478513956069946,0.9306153655052185,0.8370294570922852,0.43111908435821533,96.26654355186211,64.04410792253287,0.7403317093849182,0.8860145211219788,0.866243302822113,0.7211484909057617,98.49156383782423,81.6850798007631,0.4414416551589966,-0.04334348440170288,0.8275015354156494,-0.10311383008956909,0.7726319432258606,-0.06439751386642456,0.3909832537174225,-0.04013583064079285,97.72153669660595,1.4549931447438382,89.67011152578867,25.626003603255796,0.9172165989875793,0.17688488960266113,0.9327206015586853,0.04670608043670654,0.9164729118347168,0.05022960901260376,0.9173299074172974,0.19618141651153564,48.278631187218444,-50.21293265060579,12.45931599034755,-69.22576381041556
Stealing,delta_alignment_auc,2,Stealing058_x264,Stealing,4976,3090,0.9445491433143616,0.9999969005584717,0.9999619722366333,0.8537614941596985,98.8477523019215,99.2969326993603,0.9789743423461914,0.9996278285980225,0.9993952512741089,0.9455171823501587,98.29975256274301,98.95576548727017,0.934395432472229,-0.010153710842132568,0.9999926090240479,-4.291534423828125e-06,0.9998869299888611,-7.50422477722168e-05,0.8270949721336365,-0.02666652202606201,98.87136351312857,0.02361121120706855,99.33821582087633,0.041283121516030974,0.9931801557540894,0.01420581340789795,0.9979140758514404,-0.0017137527465820312,0.9970130920410156,-0.0023821592330932617,0.9869005084037781,0.041383326053619385,91.63205633744813,-6.6676962252948755,89.21948596565535,-9.736279521614819
Stealing,delta_alignment_auc,3,Stealing079_x264,Stealing,5840,1650,0.8969659805297852,0.9994423985481262,0.9903517365455627,0.8601910471916199,80.53550300137414,52.99064017985469,0.9892528057098389,0.9973735213279724,0.9949586391448975,0.9870060086250305,88.1898604180227,82.18056016275732,0.8089857697486877,-0.08798021078109741,0.9994151592254639,-2.7239322662353516e-05,0.9769066572189331,-0.013445079326629639,0.742859423160553,-0.1173316240310669,80.61511535401749,0.07961235264335187,57.0498260504933,4.059185870638615,0.9773191809654236,-0.011933624744415283,0.9885789155960083,-0.008794605731964111,0.9819011688232422,-0.013057470321655273,0.9755147099494934,-0.01149129867553711,85.13219064149851,-3.057669776524193,62.155488929650105,-20.025071233107212
Stealing,delta_alignment_auc,4,Stealing019_x264,Stealing,4896,240,0.7818924188613892,0.9881167411804199,0.9599151611328125,0.7727159857749939,80.2548682703322,15.627935996765085,0.9398738741874695,0.996086835861206,0.9886444211006165,0.9373598694801331,52.59163802978236,14.788176165773073,0.5773345232009888,-0.2045578956604004,0.9415637254714966,-0.04655301570892334,0.83844393491745,-0.12147122621536255,0.5638752579689026,-0.2088407278060913,84.73940435280642,4.4845360824742215,19.82986720280252,4.201931206037436,0.9799456596374512,0.04007178544998169,0.9924730062484741,-0.0036138296127319336,0.9841962456703186,-0.0044481754302978516,0.9797266721725464,0.04236680269241333,53.80870561282932,1.217067583046962,5.929656803710377,-8.858519362062697
Stealing,delta_alignment_auc,5,Stealing062_x264,Stealing,1552,690,0.9768028855323792,0.9971867203712463,0.995166540145874,0.9621034860610962,99.94922492350112,99.92613189529267,0.99637770652771,0.9994243383407593,0.9963402152061462,0.9964078664779663,19.887353307105148,31.37931310218749,0.982045590877533,0.005242705345153809,0.9984625577926636,0.0012758374214172363,0.997385561466217,0.0022190213203430176,0.96976637840271,0.0076628923416137695,97.06546958539292,-2.8837553381082017,95.57584934914836,-4.350282546144314,0.9965593814849854,0.00018167495727539062,0.9978080987930298,-0.0016162395477294922,0.9968521595001221,0.0005119442939758301,0.9963250756263733,-8.279085159301758e-05,39.78311308382931,19.895759776724166,38.948088296310274,7.568775194122786
Stealing,delta_classifier_positive_mean,1,Stealing019_x264,Stealing,4896,240,0.7818924188613892,0.9881167411804199,0.9599151611328125,0.7727159857749939,80.2548682703322,15.627935996765085,0.9398738741874695,0.996086835861206,0.9886444211006165,0.9373598694801331,52.59163802978236,14.788176165773073,0.5773345232009888,-0.2045578956604004,0.9415637254714966,-0.04655301570892334,0.83844393491745,-0.12147122621536255,0.5638752579689026,-0.2088407278060913,84.73940435280642,4.4845360824742215,19.82986720280252,4.201931206037436,0.9799456596374512,0.04007178544998169,0.9924730062484741,-0.0036138296127319336,0.9841962456703186,-0.0044481754302978516,0.9797266721725464,0.04236680269241333,53.80870561282932,1.217067583046962,5.929656803710377,-8.858519362062697
Stealing,delta_classifier_positive_mean,2,Stealing036_x264,Stealing,2496,330,0.48478513956069946,0.9306153655052185,0.8370294570922852,0.43111908435821533,96.26654355186211,64.04410792253287,0.7403317093849182,0.8860145211219788,0.866243302822113,0.7211484909057617,98.49156383782423,81.6850798007631,0.4414416551589966,-0.04334348440170288,0.8275015354156494,-0.10311383008956909,0.7726319432258606,-0.06439751386642456,0.3909832537174225,-0.04013583064079285,97.72153669660595,1.4549931447438382,89.67011152578867,25.626003603255796,0.9172165989875793,0.17688488960266113,0.9327206015586853,0.04670608043670654,0.9164729118347168,0.05022960901260376,0.9173299074172974,0.19618141651153564,48.278631187218444,-50.21293265060579,12.45931599034755,-69.22576381041556
Stealing,delta_classifier_positive_mean,3,Stealing079_x264,Stealing,5840,1650,0.8969659805297852,0.9994423985481262,0.9903517365455627,0.8601910471916199,80.53550300137414,52.99064017985469,0.9892528057098389,0.9973735213279724,0.9949586391448975,0.9870060086250305,88.1898604180227,82.18056016275732,0.8089857697486877,-0.08798021078109741,0.9994151592254639,-2.7239322662353516e-05,0.9769066572189331,-0.013445079326629639,0.742859423160553,-0.1173316240310669,80.61511535401749,0.07961235264335187,57.0498260504933,4.059185870638615,0.9773191809654236,-0.011933624744415283,0.9885789155960083,-0.008794605731964111,0.9819011688232422,-0.013057470321655273,0.9755147099494934,-0.01149129867553711,85.13219064149851,-3.057669776524193,62.155488929650105,-20.025071233107212
Stealing,delta_classifier_positive_mean,4,Stealing058_x264,Stealing,4976,3090,0.9445491433143616,0.9999969005584717,0.9999619722366333,0.8537614941596985,98.8477523019215,99.2969326993603,0.9789743423461914,0.9996278285980225,0.9993952512741089,0.9455171823501587,98.29975256274301,98.95576548727017,0.934395432472229,-0.010153710842132568,0.9999926090240479,-4.291534423828125e-06,0.9998869299888611,-7.50422477722168e-05,0.8270949721336365,-0.02666652202606201,98.87136351312857,0.02361121120706855,99.33821582087633,0.041283121516030974,0.9931801557540894,0.01420581340789795,0.9979140758514404,-0.0017137527465820312,0.9970130920410156,-0.0023821592330932617,0.9869005084037781,0.041383326053619385,91.63205633744813,-6.6676962252948755,89.21948596565535,-9.736279521614819
Stealing,delta_classifier_positive_mean,5,Stealing062_x264,Stealing,1552,690,0.9768028855323792,0.9971867203712463,0.995166540145874,0.9621034860610962,99.94922492350112,99.92613189529267,0.99637770652771,0.9994243383407593,0.9963402152061462,0.9964078664779663,19.887353307105148,31.37931310218749,0.982045590877533,0.005242705345153809,0.9984625577926636,0.0012758374214172363,0.997385561466217,0.0022190213203430176,0.96976637840271,0.0076628923416137695,97.06546958539292,-2.8837553381082017,95.57584934914836,-4.350282546144314,0.9965593814849854,0.00018167495727539062,0.9978080987930298,-0.0016162395477294922,0.9968521595001221,0.0005119442939758301,0.9963250756263733,-8.279085159301758e-05,39.78311308382931,19.895759776724166,38.948088296310274,7.568775194122786
Stealing,delta_alignment_positive_mean,1,Stealing079_x264,Stealing,5840,1650,0.8969659805297852,0.9994423985481262,0.9903517365455627,0.8601910471916199,80.53550300137414,52.99064017985469,0.9892528057098389,0.9973735213279724,0.9949586391448975,0.9870060086250305,88.1898604180227,82.18056016275732,0.8089857697486877,-0.08798021078109741,0.9994151592254639,-2.7239322662353516e-05,0.9769066572189331,-0.013445079326629639,0.742859423160553,-0.1173316240310669,80.61511535401749,0.07961235264335187,57.0498260504933,4.059185870638615,0.9773191809654236,-0.011933624744415283,0.9885789155960083,-0.008794605731964111,0.9819011688232422,-0.013057470321655273,0.9755147099494934,-0.01149129867553711,85.13219064149851,-3.057669776524193,62.155488929650105,-20.025071233107212
Stealing,delta_alignment_positive_mean,2,Stealing019_x264,Stealing,4896,240,0.7818924188613892,0.9881167411804199,0.9599151611328125,0.7727159857749939,80.2548682703322,15.627935996765085,0.9398738741874695,0.996086835861206,0.9886444211006165,0.9373598694801331,52.59163802978236,14.788176165773073,0.5773345232009888,-0.2045578956604004,0.9415637254714966,-0.04655301570892334,0.83844393491745,-0.12147122621536255,0.5638752579689026,-0.2088407278060913,84.73940435280642,4.4845360824742215,19.82986720280252,4.201931206037436,0.9799456596374512,0.04007178544998169,0.9924730062484741,-0.0036138296127319336,0.9841962456703186,-0.0044481754302978516,0.9797266721725464,0.04236680269241333,53.80870561282932,1.217067583046962,5.929656803710377,-8.858519362062697
Stealing,delta_alignment_positive_mean,3,Stealing058_x264,Stealing,4976,3090,0.9445491433143616,0.9999969005584717,0.9999619722366333,0.8537614941596985,98.8477523019215,99.2969326993603,0.9789743423461914,0.9996278285980225,0.9993952512741089,0.9455171823501587,98.29975256274301,98.95576548727017,0.934395432472229,-0.010153710842132568,0.9999926090240479,-4.291534423828125e-06,0.9998869299888611,-7.50422477722168e-05,0.8270949721336365,-0.02666652202606201,98.87136351312857,0.02361121120706855,99.33821582087633,0.041283121516030974,0.9931801557540894,0.01420581340789795,0.9979140758514404,-0.0017137527465820312,0.9970130920410156,-0.0023821592330932617,0.9869005084037781,0.041383326053619385,91.63205633744813,-6.6676962252948755,89.21948596565535,-9.736279521614819
Stealing,delta_alignment_positive_mean,4,Stealing062_x264,Stealing,1552,690,0.9768028855323792,0.9971867203712463,0.995166540145874,0.9621034860610962,99.94922492350112,99.92613189529267,0.99637770652771,0.9994243383407593,0.9963402152061462,0.9964078664779663,19.887353307105148,31.37931310218749,0.982045590877533,0.005242705345153809,0.9984625577926636,0.0012758374214172363,0.997385561466217,0.0022190213203430176,0.96976637840271,0.0076628923416137695,97.06546958539292,-2.8837553381082017,95.57584934914836,-4.350282546144314,0.9965593814849854,0.00018167495727539062,0.9978080987930298,-0.0016162395477294922,0.9968521595001221,0.0005119442939758301,0.9963250756263733,-8.279085159301758e-05,39.78311308382931,19.895759776724166,38.948088296310274,7.568775194122786
Stealing,delta_alignment_positive_mean,5,Stealing036_x264,Stealing,2496,330,0.48478513956069946,0.9306153655052185,0.8370294570922852,0.43111908435821533,96.26654355186211,64.04410792253287,0.7403317093849182,0.8860145211219788,0.866243302822113,0.7211484909057617,98.49156383782423,81.6850798007631,0.4414416551589966,-0.04334348440170288,0.8275015354156494,-0.10311383008956909,0.7726319432258606,-0.06439751386642456,0.3909832537174225,-0.04013583064079285,97.72153669660595,1.4549931447438382,89.67011152578867,25.626003603255796,0.9172165989875793,0.17688488960266113,0.9327206015586853,0.04670608043670654,0.9164729118347168,0.05022960901260376,0.9173299074172974,0.19618141651153564,48.278631187218444,-50.21293265060579,12.45931599034755,-69.22576381041556
Vandalism,delta_classifier_auc,1,Vandalism036_x264,Vandalism,1440,330,0.9980108737945557,0.9998557567596436,0.999666154384613,0.99751877784729,82.5984165984166,57.258205950105335,0.995774507522583,0.9982473850250244,0.9971073865890503,0.9953780174255371,84.86104286104286,68.83652951411278,0.972338855266571,-0.02567201852798462,0.9991494417190552,-0.0007063150405883789,0.9891865849494934,-0.010479569435119629,0.9673302173614502,-0.030188560485839844,66.67267267267268,-15.92574392574393,46.205933959691016,-11.052271990414319,0.990024745464325,-0.005749762058258057,0.9938501715660095,-0.004397213459014893,0.9924066662788391,-0.004700720310211182,0.9893165230751038,-0.00606149435043335,90.81900081900083,5.957957957957973,84.15456074415675,15.318031230043971
Vandalism,delta_classifier_auc,2,Vandalism017_x264,Vandalism,1008,120,0.9990658164024353,0.9999685287475586,0.9999582767486572,0.9989452362060547,85.64564564564564,50.3084505541347,0.998262345790863,0.998886227607727,0.9987480044364929,0.9981967210769653,94.83483483483484,73.72751322751321,0.9948991537094116,-0.004166662693023682,0.9999005794525146,-6.794929504394531e-05,0.9998080134391785,-0.00015026330947875977,0.9942358136177063,-0.004709422588348389,80.24024024024024,-5.4054054054054035,28.066480278980276,-22.241970275154426,0.9942112565040588,-0.004051089286804199,0.9970865845680237,-0.0017996430397033691,0.995826780796051,-0.0029212236404418945,0.9939929246902466,-0.00420379638671875,71.17117117117118,-23.663663663663655,19.48609775957163,-54.24141546794158
Vandalism,delta_classifier_auc,3,Vandalism015_x264,Vandalism,2976,690,0.9840109348297119,0.9993346333503723,0.9983965158462524,0.9796688556671143,99.28702752735619,97.9011774720896,0.9960429072380066,0.9982289671897888,0.9973437190055847,0.9956501126289368,94.01435327830397,68.72910316963315,0.7379717230796814,-0.24603921175003052,0.9899460673332214,-0.009388566017150879,0.9616043567657471,-0.03679215908050537,0.6704710721969604,-0.3091977834701538,98.76970088883817,-0.5173266385180142,96.11794880141386,-1.78322867067574,0.9807350635528564,-0.015307843685150146,0.9937053322792053,-0.004523634910583496,0.9901804327964783,-0.007163286209106445,0.9778839945793152,-0.017766118049621582,99.82667021694752,5.812316938643548,99.50063451634713,30.771531346713985
Vandalism,delta_classifier_auc,4,Vandalism028_x264,Vandalism,4480,420,0.8682906031608582,0.9913813471794128,0.9556661248207092,0.8592516779899597,87.81749941355852,55.70923985579302,0.9788314700126648,0.9938700199127197,0.9876819252967834,0.9779158234596252,64.38986629134413,38.21983698069512,0.8711554408073425,0.002864837646484375,0.964028000831604,-0.027353346347808838,0.9426730871200562,-0.012993037700653076,0.8637570142745972,0.004505336284637451,95.04808820079757,7.230588787239043,50.52030426883971,-5.188935586953313,0.9856222867965698,0.006790816783905029,0.9918336272239685,-0.0020363926887512207,0.98799729347229,0.0003153681755065918,0.9853767156600952,0.007460892200469971,62.578935022284774,-1.8109312690593597,19.50485735407479,-18.71497962662033
Vandalism,delta_classifier_auc,5,Vandalism007_x264,Vandalism,1136,510,0.9358597993850708,0.9959834814071655,0.9418294429779053,0.9309963583946228,63.71170832550273,68.24150890661662,0.9924126267433167,0.9968969225883484,0.9946610331535339,0.9905809164047241,60.754870638351186,46.961837222905054,0.8582528829574585,-0.0776069164276123,0.9839212894439697,-0.0120621919631958,0.9252153038978577,-0.016614139080047607,0.8036989569664001,-0.12729740142822266,78.78656894067531,15.074860615172582,76.97830730284856,8.736798396231947,0.9928483366966248,0.00043570995330810547,0.9956735372543335,-0.0012233853340148926,0.9938563704490662,-0.0008046627044677734,0.992027223110199,0.0014463067054748535,57.09641044916369,-3.658460189187494,45.021520574503235,-1.9403166484018186
Vandalism,delta_alignment_auc,1,Vandalism017_x264,Vandalism,1008,120,0.9990658164024353,0.9999685287475586,0.9999582767486572,0.9989452362060547,85.64564564564564,50.3084505541347,0.998262345790863,0.998886227607727,0.9987480044364929,0.9981967210769653,94.83483483483484,73.72751322751321,0.9948991537094116,-0.004166662693023682,0.9999005794525146,-6.794929504394531e-05,0.9998080134391785,-0.00015026330947875977,0.9942358136177063,-0.004709422588348389,80.24024024024024,-5.4054054054054035,28.066480278980276,-22.241970275154426,0.9942112565040588,-0.004051089286804199,0.9970865845680237,-0.0017996430397033691,0.995826780796051,-0.0029212236404418945,0.9939929246902466,-0.00420379638671875,71.17117117117118,-23.663663663663655,19.48609775957163,-54.24141546794158
Vandalism,delta_alignment_auc,2,Vandalism007_x264,Vandalism,1136,510,0.9358597993850708,0.9959834814071655,0.9418294429779053,0.9309963583946228,63.71170832550273,68.24150890661662,0.9924126267433167,0.9968969225883484,0.9946610331535339,0.9905809164047241,60.754870638351186,46.961837222905054,0.8582528829574585,-0.0776069164276123,0.9839212894439697,-0.0120621919631958,0.9252153038978577,-0.016614139080047607,0.8036989569664001,-0.12729740142822266,78.78656894067531,15.074860615172582,76.97830730284856,8.736798396231947,0.9928483366966248,0.00043570995330810547,0.9956735372543335,-0.0012233853340148926,0.9938563704490662,-0.0008046627044677734,0.992027223110199,0.0014463067054748535,57.09641044916369,-3.658460189187494,45.021520574503235,-1.9403166484018186
Vandalism,delta_alignment_auc,3,Vandalism028_x264,Vandalism,4480,420,0.8682906031608582,0.9913813471794128,0.9556661248207092,0.8592516779899597,87.81749941355852,55.70923985579302,0.9788314700126648,0.9938700199127197,0.9876819252967834,0.9779158234596252,64.38986629134413,38.21983698069512,0.8711554408073425,0.002864837646484375,0.964028000831604,-0.027353346347808838,0.9426730871200562,-0.012993037700653076,0.8637570142745972,0.004505336284637451,95.04808820079757,7.230588787239043,50.52030426883971,-5.188935586953313,0.9856222867965698,0.006790816783905029,0.9918336272239685,-0.0020363926887512207,0.98799729347229,0.0003153681755065918,0.9853767156600952,0.007460892200469971,62.578935022284774,-1.8109312690593597,19.50485735407479,-18.71497962662033
Vandalism,delta_alignment_auc,4,Vandalism015_x264,Vandalism,2976,690,0.9840109348297119,0.9993346333503723,0.9983965158462524,0.9796688556671143,99.28702752735619,97.9011774720896,0.9960429072380066,0.9982289671897888,0.9973437190055847,0.9956501126289368,94.01435327830397,68.72910316963315,0.7379717230796814,-0.24603921175003052,0.9899460673332214,-0.009388566017150879,0.9616043567657471,-0.03679215908050537,0.6704710721969604,-0.3091977834701538,98.76970088883817,-0.5173266385180142,96.11794880141386,-1.78322867067574,0.9807350635528564,-0.015307843685150146,0.9937053322792053,-0.004523634910583496,0.9901804327964783,-0.007163286209106445,0.9778839945793152,-0.017766118049621582,99.82667021694752,5.812316938643548,99.50063451634713,30.771531346713985
Vandalism,delta_alignment_auc,5,Vandalism036_x264,Vandalism,1440,330,0.9980108737945557,0.9998557567596436,0.999666154384613,0.99751877784729,82.5984165984166,57.258205950105335,0.995774507522583,0.9982473850250244,0.9971073865890503,0.9953780174255371,84.86104286104286,68.83652951411278,0.972338855266571,-0.02567201852798462,0.9991494417190552,-0.0007063150405883789,0.9891865849494934,-0.010479569435119629,0.9673302173614502,-0.030188560485839844,66.67267267267268,-15.92574392574393,46.205933959691016,-11.052271990414319,0.990024745464325,-0.005749762058258057,0.9938501715660095,-0.004397213459014893,0.9924066662788391,-0.004700720310211182,0.9893165230751038,-0.00606149435043335,90.81900081900083,5.957957957957973,84.15456074415675,15.318031230043971
Vandalism,delta_classifier_positive_mean,1,Vandalism015_x264,Vandalism,2976,690,0.9840109348297119,0.9993346333503723,0.9983965158462524,0.9796688556671143,99.28702752735619,97.9011774720896,0.9960429072380066,0.9982289671897888,0.9973437190055847,0.9956501126289368,94.01435327830397,68.72910316963315,0.7379717230796814,-0.24603921175003052,0.9899460673332214,-0.009388566017150879,0.9616043567657471,-0.03679215908050537,0.6704710721969604,-0.3091977834701538,98.76970088883817,-0.5173266385180142,96.11794880141386,-1.78322867067574,0.9807350635528564,-0.015307843685150146,0.9937053322792053,-0.004523634910583496,0.9901804327964783,-0.007163286209106445,0.9778839945793152,-0.017766118049621582,99.82667021694752,5.812316938643548,99.50063451634713,30.771531346713985
Vandalism,delta_classifier_positive_mean,2,Vandalism007_x264,Vandalism,1136,510,0.9358597993850708,0.9959834814071655,0.9418294429779053,0.9309963583946228,63.71170832550273,68.24150890661662,0.9924126267433167,0.9968969225883484,0.9946610331535339,0.9905809164047241,60.754870638351186,46.961837222905054,0.8582528829574585,-0.0776069164276123,0.9839212894439697,-0.0120621919631958,0.9252153038978577,-0.016614139080047607,0.8036989569664001,-0.12729740142822266,78.78656894067531,15.074860615172582,76.97830730284856,8.736798396231947,0.9928483366966248,0.00043570995330810547,0.9956735372543335,-0.0012233853340148926,0.9938563704490662,-0.0008046627044677734,0.992027223110199,0.0014463067054748535,57.09641044916369,-3.658460189187494,45.021520574503235,-1.9403166484018186
Vandalism,delta_classifier_positive_mean,3,Vandalism028_x264,Vandalism,4480,420,0.8682906031608582,0.9913813471794128,0.9556661248207092,0.8592516779899597,87.81749941355852,55.70923985579302,0.9788314700126648,0.9938700199127197,0.9876819252967834,0.9779158234596252,64.38986629134413,38.21983698069512,0.8711554408073425,0.002864837646484375,0.964028000831604,-0.027353346347808838,0.9426730871200562,-0.012993037700653076,0.8637570142745972,0.004505336284637451,95.04808820079757,7.230588787239043,50.52030426883971,-5.188935586953313,0.9856222867965698,0.006790816783905029,0.9918336272239685,-0.0020363926887512207,0.98799729347229,0.0003153681755065918,0.9853767156600952,0.007460892200469971,62.578935022284774,-1.8109312690593597,19.50485735407479,-18.71497962662033
Vandalism,delta_classifier_positive_mean,4,Vandalism036_x264,Vandalism,1440,330,0.9980108737945557,0.9998557567596436,0.999666154384613,0.99751877784729,82.5984165984166,57.258205950105335,0.995774507522583,0.9982473850250244,0.9971073865890503,0.9953780174255371,84.86104286104286,68.83652951411278,0.972338855266571,-0.02567201852798462,0.9991494417190552,-0.0007063150405883789,0.9891865849494934,-0.010479569435119629,0.9673302173614502,-0.030188560485839844,66.67267267267268,-15.92574392574393,46.205933959691016,-11.052271990414319,0.990024745464325,-0.005749762058258057,0.9938501715660095,-0.004397213459014893,0.9924066662788391,-0.004700720310211182,0.9893165230751038,-0.00606149435043335,90.81900081900083,5.957957957957973,84.15456074415675,15.318031230043971
Vandalism,delta_classifier_positive_mean,5,Vandalism017_x264,Vandalism,1008,120,0.9990658164024353,0.9999685287475586,0.9999582767486572,0.9989452362060547,85.64564564564564,50.3084505541347,0.998262345790863,0.998886227607727,0.9987480044364929,0.9981967210769653,94.83483483483484,73.72751322751321,0.9948991537094116,-0.004166662693023682,0.9999005794525146,-6.794929504394531e-05,0.9998080134391785,-0.00015026330947875977,0.9942358136177063,-0.004709422588348389,80.24024024024024,-5.4054054054054035,28.066480278980276,-22.241970275154426,0.9942112565040588,-0.004051089286804199,0.9970865845680237,-0.0017996430397033691,0.995826780796051,-0.0029212236404418945,0.9939929246902466,-0.00420379638671875,71.17117117117118,-23.663663663663655,19.48609775957163,-54.24141546794158
Vandalism,delta_alignment_positive_mean,1,Vandalism015_x264,Vandalism,2976,690,0.9840109348297119,0.9993346333503723,0.9983965158462524,0.9796688556671143,99.28702752735619,97.9011774720896,0.9960429072380066,0.9982289671897888,0.9973437190055847,0.9956501126289368,94.01435327830397,68.72910316963315,0.7379717230796814,-0.24603921175003052,0.9899460673332214,-0.009388566017150879,0.9616043567657471,-0.03679215908050537,0.6704710721969604,-0.3091977834701538,98.76970088883817,-0.5173266385180142,96.11794880141386,-1.78322867067574,0.9807350635528564,-0.015307843685150146,0.9937053322792053,-0.004523634910583496,0.9901804327964783,-0.007163286209106445,0.9778839945793152,-0.017766118049621582,99.82667021694752,5.812316938643548,99.50063451634713,30.771531346713985
Vandalism,delta_alignment_positive_mean,2,Vandalism036_x264,Vandalism,1440,330,0.9980108737945557,0.9998557567596436,0.999666154384613,0.99751877784729,82.5984165984166,57.258205950105335,0.995774507522583,0.9982473850250244,0.9971073865890503,0.9953780174255371,84.86104286104286,68.83652951411278,0.972338855266571,-0.02567201852798462,0.9991494417190552,-0.0007063150405883789,0.9891865849494934,-0.010479569435119629,0.9673302173614502,-0.030188560485839844,66.67267267267268,-15.92574392574393,46.205933959691016,-11.052271990414319,0.990024745464325,-0.005749762058258057,0.9938501715660095,-0.004397213459014893,0.9924066662788391,-0.004700720310211182,0.9893165230751038,-0.00606149435043335,90.81900081900083,5.957957957957973,84.15456074415675,15.318031230043971
Vandalism,delta_alignment_positive_mean,3,Vandalism017_x264,Vandalism,1008,120,0.9990658164024353,0.9999685287475586,0.9999582767486572,0.9989452362060547,85.64564564564564,50.3084505541347,0.998262345790863,0.998886227607727,0.9987480044364929,0.9981967210769653,94.83483483483484,73.72751322751321,0.9948991537094116,-0.004166662693023682,0.9999005794525146,-6.794929504394531e-05,0.9998080134391785,-0.00015026330947875977,0.9942358136177063,-0.004709422588348389,80.24024024024024,-5.4054054054054035,28.066480278980276,-22.241970275154426,0.9942112565040588,-0.004051089286804199,0.9970865845680237,-0.0017996430397033691,0.995826780796051,-0.0029212236404418945,0.9939929246902466,-0.00420379638671875,71.17117117117118,-23.663663663663655,19.48609775957163,-54.24141546794158
Vandalism,delta_alignment_positive_mean,4,Vandalism007_x264,Vandalism,1136,510,0.9358597993850708,0.9959834814071655,0.9418294429779053,0.9309963583946228,63.71170832550273,68.24150890661662,0.9924126267433167,0.9968969225883484,0.9946610331535339,0.9905809164047241,60.754870638351186,46.961837222905054,0.8582528829574585,-0.0776069164276123,0.9839212894439697,-0.0120621919631958,0.9252153038978577,-0.016614139080047607,0.8036989569664001,-0.12729740142822266,78.78656894067531,15.074860615172582,76.97830730284856,8.736798396231947,0.9928483366966248,0.00043570995330810547,0.9956735372543335,-0.0012233853340148926,0.9938563704490662,-0.0008046627044677734,0.992027223110199,0.0014463067054748535,57.09641044916369,-3.658460189187494,45.021520574503235,-1.9403166484018186
Vandalism,delta_alignment_positive_mean,5,Vandalism028_x264,Vandalism,4480,420,0.8682906031608582,0.9913813471794128,0.9556661248207092,0.8592516779899597,87.81749941355852,55.70923985579302,0.9788314700126648,0.9938700199127197,0.9876819252967834,0.9779158234596252,64.38986629134413,38.21983698069512,0.8711554408073425,0.002864837646484375,0.964028000831604,-0.027353346347808838,0.9426730871200562,-0.012993037700653076,0.8637570142745972,0.004505336284637451,95.04808820079757,7.230588787239043,50.52030426883971,-5.188935586953313,0.9856222867965698,0.006790816783905029,0.9918336272239685,-0.0020363926887512207,0.98799729347229,0.0003153681755065918,0.9853767156600952,0.007460892200469971,62.578935022284774,-1.8109312690593597,19.50485735407479,-18.71497962662033
